approval_id,project_id,approval_type,submission_date,approval_date,approval_status,responsible_authority,delay_days
APP-0000001,LG-000001,Administrative Approval,2019-01-15,2019-05-14,Approved,State Cabinet,9
APP-0000002,LG-000001,Environmental Clearance,2018-12-18,2019-03-06,Approved,District Collectorate,5
APP-0000003,LG-000001,Land Acquisition Approval,2019-01-14,2019-02-13,Approved,District Collectorate,9
APP-0000004,LG-000001,Financial Approval,2018-12-20,2019-04-03,Approved,Finance Ministry,10
APP-0000005,LG-000001,Government Notification,2019-01-19,2019-03-17,Approved,State Cabinet,15
APP-0000006,LG-000001,Administrative Approval,2019-02-16,,Conditionally Approved,District Collectorate,114
APP-0000007,LG-000001,Environmental Clearance,2018-12-05,2019-02-03,Approved,State Cabinet,9
APP-0000008,LG-000001,Land Acquisition Approval,2018-12-19,,Submitted,Finance Ministry,61
APP-0000009,LG-000002,Administrative Approval,2018-11-23,2019-03-09,Approved,Finance Ministry,9
APP-0000010,LG-000002,Environmental Clearance,2018-11-17,,In Review,Finance Ministry,119
APP-0000011,LG-000002,Land Acquisition Approval,2018-12-06,,In Review,MoEFCC,86
APP-0000012,LG-000003,Administrative Approval,2019-01-05,2019-04-06,Approved,District Collectorate,9
APP-0000013,LG-000003,Environmental Clearance,2018-12-29,2019-02-06,Approved,State Cabinet,4
APP-0000014,LG-000003,Land Acquisition Approval,2019-03-11,2019-05-30,Approved,MoEFCC,11
APP-0000015,LG-000003,Financial Approval,2019-02-03,,Conditionally Approved,Finance Ministry,45
APP-0000016,LG-000003,Government Notification,2019-01-31,2019-05-27,Approved,Finance Ministry,8
APP-0000017,LG-000004,Administrative Approval,2024-06-18,2024-10-05,Approved,District Collectorate,10
APP-0000018,LG-000004,Environmental Clearance,2024-04-16,,In Review,District Collectorate,86
APP-0000019,LG-000004,Land Acquisition Approval,2024-05-02,,In Review,MoEFCC,94
APP-0000020,LG-000004,Financial Approval,2024-05-06,,Submitted,District Collectorate,37
APP-0000021,LG-000004,Government Notification,2024-05-03,,Submitted,Finance Ministry,108
APP-0000022,LG-000004,Administrative Approval,2024-05-26,,Conditionally Approved,MoEFCC,144
APP-0000023,LG-000004,Environmental Clearance,2024-05-24,2024-09-04,Approved,District Collectorate,6
APP-0000024,LG-000005,Administrative Approval,2021-10-21,2021-12-13,Approved,District Collectorate,9
APP-0000025,LG-000005,Environmental Clearance,2021-10-24,,Conditionally Approved,District Collectorate,67
APP-0000026,LG-000005,Land Acquisition Approval,2021-12-07,2022-03-01,Approved,Finance Ministry,5
APP-0000027,LG-000005,Financial Approval,2021-11-24,2022-02-07,Approved,District Collectorate,13
APP-0000028,LG-000005,Government Notification,2021-12-31,2022-02-06,Approved,Finance Ministry,2
APP-0000029,LG-000005,Administrative Approval,2021-11-26,2022-03-22,Approved,MoEFCC,5
APP-0000030,LG-000006,Administrative Approval,2018-12-01,,In Review,Finance Ministry,52
APP-0000031,LG-000006,Environmental Clearance,2018-12-08,,In Review,District Collectorate,116
APP-0000032,LG-000006,Land Acquisition Approval,2018-12-18,,Submitted,District Collectorate,65
APP-0000033,LG-000006,Financial Approval,2018-10-29,2019-01-05,Approved,State Cabinet,9
APP-0000034,LG-000006,Government Notification,2018-12-28,2019-03-08,Approved,District Collectorate,15
APP-0000035,LG-000006,Administrative Approval,2018-12-11,2019-02-14,Approved,MoEFCC,9
APP-0000036,LG-000006,Environmental Clearance,2018-12-13,2019-03-01,Approved,District Collectorate,12
APP-0000037,LG-000006,Land Acquisition Approval,2018-10-19,,In Review,MoEFCC,121
APP-0000038,LG-000007,Administrative Approval,2023-09-11,,Submitted,District Collectorate,100
APP-0000039,LG-000007,Environmental Clearance,2023-07-19,,Conditionally Approved,District Collectorate,113
APP-0000040,LG-000007,Land Acquisition Approval,2023-07-22,,Conditionally Approved,Finance Ministry,142
APP-0000041,LG-000007,Financial Approval,2023-08-11,,Conditionally Approved,District Collectorate,90
APP-0000042,LG-000007,Government Notification,2023-07-09,,In Review,State Cabinet,35
APP-0000043,LG-000007,Administrative Approval,2023-07-01,,Conditionally Approved,Finance Ministry,149
APP-0000044,LG-000007,Environmental Clearance,2023-07-20,,In Review,Finance Ministry,59
APP-0000045,LG-000008,Administrative Approval,2023-08-12,,Submitted,Finance Ministry,121
APP-0000046,LG-000008,Environmental Clearance,2023-08-30,,Conditionally Approved,Finance Ministry,91
APP-0000047,LG-000008,Land Acquisition Approval,2023-09-19,,Conditionally Approved,MoEFCC,83
APP-0000048,LG-000008,Financial Approval,2023-08-28,2023-12-04,Approved,MoEFCC,2
APP-0000049,LG-000008,Government Notification,2023-08-13,2023-10-27,Approved,MoEFCC,5
APP-0000050,LG-000009,Administrative Approval,2020-01-31,,In Review,State Cabinet,39
APP-0000051,LG-000009,Environmental Clearance,2020-04-03,2020-07-29,Approved,MoEFCC,14
APP-0000052,LG-000009,Land Acquisition Approval,2020-01-20,2020-03-05,Approved,State Cabinet,13
APP-0000053,LG-000009,Financial Approval,2020-03-20,,In Review,MoEFCC,41
APP-0000054,LG-000009,Government Notification,2020-02-01,2020-04-09,Approved,Finance Ministry,4
APP-0000055,LG-000009,Administrative Approval,2020-02-05,2020-05-31,Approved,MoEFCC,4
APP-0000056,LG-000009,Environmental Clearance,2020-03-26,2020-07-12,Approved,Finance Ministry,5
APP-0000057,LG-000009,Land Acquisition Approval,2020-03-03,2020-06-21,Approved,Finance Ministry,4
APP-0000058,LG-000010,Administrative Approval,2019-02-07,2019-05-29,Approved,MoEFCC,12
APP-0000059,LG-000010,Environmental Clearance,2019-04-11,2019-07-05,Approved,State Cabinet,4
APP-0000060,LG-000010,Land Acquisition Approval,2019-03-04,2019-05-13,Approved,District Collectorate,12
APP-0000061,LG-000010,Financial Approval,2019-03-07,2019-05-05,Approved,State Cabinet,2
APP-0000062,LG-000010,Government Notification,2019-02-12,2019-05-27,Approved,State Cabinet,3
APP-0000063,LG-000010,Administrative Approval,2019-02-08,2019-05-08,Approved,Finance Ministry,10
APP-0000064,LG-000010,Environmental Clearance,2019-02-10,2019-04-07,Approved,District Collectorate,14
APP-0000065,LG-000011,Administrative Approval,2021-01-14,2021-02-23,Approved,Finance Ministry,11
APP-0000066,LG-000011,Environmental Clearance,2020-12-31,,Submitted,Finance Ministry,137
APP-0000067,LG-000011,Land Acquisition Approval,2020-12-22,,Conditionally Approved,Finance Ministry,117
APP-0000068,LG-000011,Financial Approval,2020-12-29,2021-03-29,Approved,MoEFCC,9
APP-0000069,LG-000012,Administrative Approval,2020-04-07,,Submitted,MoEFCC,76
APP-0000070,LG-000012,Environmental Clearance,2020-03-11,2020-05-12,Approved,MoEFCC,1
APP-0000071,LG-000012,Land Acquisition Approval,2020-04-16,,Submitted,MoEFCC,36
APP-0000072,LG-000013,Administrative Approval,2023-11-29,2024-02-22,Approved,State Cabinet,15
APP-0000073,LG-000013,Environmental Clearance,2024-02-19,2024-04-05,Approved,Finance Ministry,3
APP-0000074,LG-000013,Land Acquisition Approval,2024-02-15,2024-04-26,Approved,Finance Ministry,12
APP-0000075,LG-000013,Financial Approval,2024-02-08,2024-04-09,Approved,Finance Ministry,8
APP-0000076,LG-000013,Government Notification,2024-01-05,2024-04-01,Approved,State Cabinet,4
APP-0000077,LG-000013,Administrative Approval,2024-01-14,2024-04-18,Approved,District Collectorate,9
APP-0000078,LG-000013,Environmental Clearance,2024-02-01,2024-03-27,Approved,District Collectorate,6
APP-0000079,LG-000014,Administrative Approval,2022-09-17,2022-11-21,Approved,State Cabinet,4
APP-0000080,LG-000014,Environmental Clearance,2022-07-30,2022-11-17,Approved,MoEFCC,2
APP-0000081,LG-000014,Land Acquisition Approval,2022-06-29,2022-10-17,Approved,Finance Ministry,0
APP-0000082,LG-000014,Financial Approval,2022-09-10,2022-10-14,Approved,Finance Ministry,8
APP-0000083,LG-000015,Administrative Approval,2020-01-12,2020-05-10,Approved,State Cabinet,7
APP-0000084,LG-000015,Environmental Clearance,2020-01-22,,Submitted,MoEFCC,113
APP-0000085,LG-000015,Land Acquisition Approval,2019-11-17,,In Review,Finance Ministry,129
APP-0000086,LG-000016,Administrative Approval,2023-05-18,2023-08-02,Approved,District Collectorate,13
APP-0000087,LG-000016,Environmental Clearance,2023-05-26,2023-06-25,Approved,District Collectorate,4
APP-0000088,LG-000016,Land Acquisition Approval,2023-06-12,2023-07-13,Approved,Finance Ministry,15
APP-0000089,LG-000016,Financial Approval,2023-06-14,,In Review,District Collectorate,132
APP-0000090,LG-000017,Administrative Approval,2020-11-05,2021-01-01,Approved,District Collectorate,12
APP-0000091,LG-000017,Environmental Clearance,2020-11-21,2021-02-16,Approved,MoEFCC,12
APP-0000092,LG-000017,Land Acquisition Approval,2020-10-10,2021-01-24,Approved,State Cabinet,0
APP-0000093,LG-000017,Financial Approval,2020-11-13,,Submitted,District Collectorate,57
APP-0000094,LG-000017,Government Notification,2020-10-08,2021-02-03,Approved,State Cabinet,8
APP-0000095,LG-000017,Administrative Approval,2020-10-18,,In Review,State Cabinet,49
APP-0000096,LG-000017,Environmental Clearance,2020-11-08,2021-02-20,Approved,State Cabinet,7
APP-0000097,LG-000018,Administrative Approval,2019-12-22,2020-02-05,Approved,District Collectorate,5
APP-0000098,LG-000018,Environmental Clearance,2019-11-02,2020-01-11,Approved,Finance Ministry,13
APP-0000099,LG-000018,Land Acquisition Approval,2019-11-22,,Conditionally Approved,District Collectorate,149
APP-0000100,LG-000018,Financial Approval,2019-11-03,2019-12-16,Approved,State Cabinet,4
APP-0000101,LG-000018,Government Notification,2019-10-18,2020-02-03,Approved,State Cabinet,8
APP-0000102,LG-000018,Administrative Approval,2019-12-30,,Conditionally Approved,District Collectorate,33
APP-0000103,LG-000018,Environmental Clearance,2019-10-25,2020-01-24,Approved,Finance Ministry,4
APP-0000104,LG-000019,Administrative Approval,2018-04-28,2018-08-17,Approved,MoEFCC,6
APP-0000105,LG-000019,Environmental Clearance,2018-06-04,2018-08-09,Approved,MoEFCC,8
APP-0000106,LG-000019,Land Acquisition Approval,2018-04-23,2018-08-01,Approved,MoEFCC,10
APP-0000107,LG-000019,Financial Approval,2018-03-29,2018-06-10,Approved,MoEFCC,12
APP-0000108,LG-000019,Government Notification,2018-04-06,2018-06-18,Approved,Finance Ministry,15
APP-0000109,LG-000020,Administrative Approval,2018-07-24,2018-08-23,Approved,MoEFCC,11
APP-0000110,LG-000020,Environmental Clearance,2018-06-20,2018-08-19,Approved,Finance Ministry,13
APP-0000111,LG-000020,Land Acquisition Approval,2018-08-03,2018-10-20,Approved,Finance Ministry,12
APP-0000112,LG-000020,Financial Approval,2018-07-09,2018-10-31,Approved,Finance Ministry,5
APP-0000113,LG-000020,Government Notification,2018-06-01,2018-08-19,Approved,Finance Ministry,11
APP-0000114,LG-000021,Administrative Approval,2023-09-10,2023-12-11,Approved,Finance Ministry,15
APP-0000115,LG-000021,Environmental Clearance,2023-08-02,2023-09-09,Approved,MoEFCC,7
APP-0000116,LG-000021,Land Acquisition Approval,2023-07-31,2023-10-30,Approved,District Collectorate,3
APP-0000117,LG-000021,Financial Approval,2023-07-24,2023-10-13,Approved,MoEFCC,1
APP-0000118,LG-000021,Government Notification,2023-07-28,2023-10-09,Approved,Finance Ministry,2
APP-0000119,LG-000021,Administrative Approval,2023-07-19,2023-09-09,Approved,Finance Ministry,1
APP-0000120,LG-000021,Environmental Clearance,2023-09-04,2024-01-01,Approved,MoEFCC,12
APP-0000121,LG-000022,Administrative Approval,2018-06-20,2018-09-20,Approved,Finance Ministry,3
APP-0000122,LG-000022,Environmental Clearance,2018-08-02,2018-11-08,Approved,Finance Ministry,9
APP-0000123,LG-000022,Land Acquisition Approval,2018-07-22,2018-11-15,Approved,State Cabinet,2
APP-0000124,LG-000023,Administrative Approval,2022-09-13,2022-11-03,Approved,District Collectorate,10
APP-0000125,LG-000023,Environmental Clearance,2022-11-27,2023-01-30,Approved,MoEFCC,11
APP-0000126,LG-000023,Land Acquisition Approval,2022-11-08,2022-12-26,Approved,State Cabinet,0
APP-0000127,LG-000023,Financial Approval,2022-11-06,2023-02-06,Approved,District Collectorate,13
APP-0000128,LG-000024,Administrative Approval,2020-10-28,,Conditionally Approved,District Collectorate,38
APP-0000129,LG-000024,Environmental Clearance,2020-08-28,,Submitted,District Collectorate,98
APP-0000130,LG-000024,Land Acquisition Approval,2020-08-18,,In Review,Finance Ministry,102
APP-0000131,LG-000024,Financial Approval,2020-09-17,,In Review,MoEFCC,105
APP-0000132,LG-000024,Government Notification,2020-09-23,,In Review,MoEFCC,71
APP-0000133,LG-000025,Administrative Approval,2021-09-24,2022-01-03,Approved,MoEFCC,7
APP-0000134,LG-000025,Environmental Clearance,2021-11-20,2022-03-19,Approved,MoEFCC,5
APP-0000135,LG-000025,Land Acquisition Approval,2021-11-12,2022-02-26,Approved,State Cabinet,8
APP-0000136,LG-000025,Financial Approval,2021-10-03,2021-11-23,Approved,MoEFCC,3
APP-0000137,LG-000026,Administrative Approval,2024-08-04,,Submitted,Finance Ministry,43
APP-0000138,LG-000026,Environmental Clearance,2024-08-07,2024-11-19,Approved,MoEFCC,9
APP-0000139,LG-000026,Land Acquisition Approval,2024-08-16,,Conditionally Approved,Finance Ministry,105
APP-0000140,LG-000026,Financial Approval,2024-07-14,2024-10-19,Approved,Finance Ministry,0
APP-0000141,LG-000026,Government Notification,2024-08-27,,Submitted,Finance Ministry,64
APP-0000142,LG-000026,Administrative Approval,2024-08-14,,Conditionally Approved,District Collectorate,150
APP-0000143,LG-000026,Environmental Clearance,2024-08-11,2024-09-12,Approved,District Collectorate,5
APP-0000144,LG-000027,Administrative Approval,2020-08-16,2020-09-25,Approved,MoEFCC,2
APP-0000145,LG-000027,Environmental Clearance,2020-08-16,2020-11-14,Approved,Finance Ministry,6
APP-0000146,LG-000027,Land Acquisition Approval,2020-07-02,2020-10-07,Approved,Finance Ministry,12
APP-0000147,LG-000027,Financial Approval,2020-07-26,2020-11-14,Approved,Finance Ministry,13
APP-0000148,LG-000027,Government Notification,2020-09-19,2020-12-20,Approved,State Cabinet,13
APP-0000149,LG-000027,Administrative Approval,2020-07-11,2020-10-11,Approved,State Cabinet,14
APP-0000150,LG-000027,Environmental Clearance,2020-09-21,2020-12-27,Approved,State Cabinet,3
APP-0000151,LG-000027,Land Acquisition Approval,2020-08-20,2020-10-09,Approved,MoEFCC,11
APP-0000152,LG-000028,Administrative Approval,2024-10-02,2024-11-03,Approved,District Collectorate,8
APP-0000153,LG-000028,Environmental Clearance,2024-10-25,,Conditionally Approved,District Collectorate,110
APP-0000154,LG-000028,Land Acquisition Approval,2024-10-29,2025-01-30,Approved,MoEFCC,11
APP-0000155,LG-000028,Financial Approval,2024-11-05,2025-03-05,Approved,MoEFCC,6
APP-0000156,LG-000028,Government Notification,2024-10-26,2025-02-14,Approved,MoEFCC,12
APP-0000157,LG-000028,Administrative Approval,2024-11-05,2025-02-06,Approved,State Cabinet,5
APP-0000158,LG-000029,Administrative Approval,2024-05-21,2024-08-22,Approved,District Collectorate,15
APP-0000159,LG-000029,Environmental Clearance,2024-05-28,2024-09-09,Approved,State Cabinet,1
APP-0000160,LG-000029,Land Acquisition Approval,2024-04-12,2024-07-08,Approved,Finance Ministry,7
APP-0000161,LG-000029,Financial Approval,2024-04-11,2024-06-28,Approved,District Collectorate,5
APP-0000162,LG-000029,Government Notification,2024-04-16,2024-06-02,Approved,District Collectorate,2
APP-0000163,LG-000030,Administrative Approval,2021-09-06,2021-12-25,Approved,State Cabinet,12
APP-0000164,LG-000030,Environmental Clearance,2021-10-06,2022-02-01,Approved,Finance Ministry,10
APP-0000165,LG-000030,Land Acquisition Approval,2021-09-02,2021-12-18,Approved,Finance Ministry,14
APP-0000166,LG-000030,Financial Approval,2021-10-29,2021-12-27,Approved,State Cabinet,0
APP-0000167,LG-000030,Government Notification,2021-08-27,2021-10-11,Approved,State Cabinet,9
APP-0000168,LG-000031,Administrative Approval,2022-01-27,2022-04-18,Approved,District Collectorate,2
APP-0000169,LG-000031,Environmental Clearance,2022-02-21,2022-05-22,Approved,Finance Ministry,3
APP-0000170,LG-000031,Land Acquisition Approval,2022-02-04,2022-03-24,Approved,State Cabinet,1
APP-0000171,LG-000031,Financial Approval,2022-03-02,2022-05-09,Approved,State Cabinet,14
APP-0000172,LG-000031,Government Notification,2022-02-24,2022-05-26,Approved,State Cabinet,7
APP-0000173,LG-000031,Administrative Approval,2022-01-25,,Conditionally Approved,MoEFCC,119
APP-0000174,LG-000032,Administrative Approval,2025-01-29,,Submitted,State Cabinet,47
APP-0000175,LG-000032,Environmental Clearance,2025-03-21,,Submitted,Finance Ministry,123
APP-0000176,LG-000032,Land Acquisition Approval,2025-01-14,,In Review,State Cabinet,78
APP-0000177,LG-000033,Administrative Approval,2019-06-30,,In Review,State Cabinet,54
APP-0000178,LG-000033,Environmental Clearance,2019-08-07,,Submitted,MoEFCC,41
APP-0000179,LG-000033,Land Acquisition Approval,2019-08-01,,In Review,State Cabinet,119
APP-0000180,LG-000034,Administrative Approval,2019-11-22,2020-03-18,Approved,MoEFCC,12
APP-0000181,LG-000034,Environmental Clearance,2019-12-18,2020-01-31,Approved,MoEFCC,7
APP-0000182,LG-000034,Land Acquisition Approval,2019-11-22,2020-03-09,Approved,MoEFCC,10
APP-0000183,LG-000034,Financial Approval,2019-12-02,2020-01-11,Approved,State Cabinet,1
APP-0000184,LG-000034,Government Notification,2019-11-08,2020-01-19,Approved,Finance Ministry,5
APP-0000185,LG-000034,Administrative Approval,2019-11-05,2020-03-01,Approved,District Collectorate,9
APP-0000186,LG-000034,Environmental Clearance,2019-11-30,2020-02-02,Approved,District Collectorate,15
APP-0000187,LG-000034,Land Acquisition Approval,2019-11-19,2019-12-28,Approved,State Cabinet,0
APP-0000188,LG-000035,Administrative Approval,2024-06-14,,Submitted,Finance Ministry,65
APP-0000189,LG-000035,Environmental Clearance,2024-06-02,,Conditionally Approved,Finance Ministry,87
APP-0000190,LG-000035,Land Acquisition Approval,2024-07-29,,In Review,MoEFCC,53
APP-0000191,LG-000035,Financial Approval,2024-06-03,2024-08-26,Approved,District Collectorate,10
APP-0000192,LG-000035,Government Notification,2024-06-13,,In Review,Finance Ministry,91
APP-0000193,LG-000035,Administrative Approval,2024-07-30,2024-09-18,Approved,District Collectorate,13
APP-0000194,LG-000035,Environmental Clearance,2024-08-19,,Submitted,State Cabinet,101
APP-0000195,LG-000035,Land Acquisition Approval,2024-06-01,2024-09-13,Approved,District Collectorate,4
APP-0000196,LG-000036,Administrative Approval,2022-04-29,2022-08-04,Approved,MoEFCC,6
APP-0000197,LG-000036,Environmental Clearance,2022-06-03,,Conditionally Approved,MoEFCC,143
APP-0000198,LG-000036,Land Acquisition Approval,2022-06-05,2022-08-27,Approved,District Collectorate,13
APP-0000199,LG-000036,Financial Approval,2022-05-03,,Submitted,Finance Ministry,132
APP-0000200,LG-000036,Government Notification,2022-05-26,,In Review,MoEFCC,83
APP-0000201,LG-000036,Administrative Approval,2022-04-08,,Conditionally Approved,Finance Ministry,71
APP-0000202,LG-000037,Administrative Approval,2020-06-18,,Conditionally Approved,District Collectorate,74
APP-0000203,LG-000037,Environmental Clearance,2020-07-30,,In Review,MoEFCC,88
APP-0000204,LG-000037,Land Acquisition Approval,2020-06-21,,In Review,Finance Ministry,144
APP-0000205,LG-000037,Financial Approval,2020-05-21,,Conditionally Approved,MoEFCC,123
APP-0000206,LG-000037,Government Notification,2020-05-25,2020-07-22,Approved,District Collectorate,4
APP-0000207,LG-000038,Administrative Approval,2018-04-13,2018-07-02,Approved,Finance Ministry,2
APP-0000208,LG-000038,Environmental Clearance,2018-03-08,2018-06-23,Approved,District Collectorate,5
APP-0000209,LG-000038,Land Acquisition Approval,2018-02-04,2018-05-20,Approved,Finance Ministry,11
APP-0000210,LG-000038,Financial Approval,2018-01-27,,Conditionally Approved,State Cabinet,50
APP-0000211,LG-000038,Government Notification,2018-01-31,2018-05-04,Approved,District Collectorate,15
APP-0000212,LG-000039,Administrative Approval,2022-11-14,2023-02-22,Approved,District Collectorate,12
APP-0000213,LG-000039,Environmental Clearance,2023-01-14,2023-04-27,Approved,State Cabinet,8
APP-0000214,LG-000039,Land Acquisition Approval,2022-12-25,2023-02-23,Approved,MoEFCC,4
APP-0000215,LG-000039,Financial Approval,2022-12-12,2023-02-15,Approved,State Cabinet,2
APP-0000216,LG-000039,Government Notification,2023-01-15,2023-04-28,Approved,MoEFCC,12
APP-0000217,LG-000039,Administrative Approval,2023-01-24,2023-03-29,Approved,MoEFCC,8
APP-0000218,LG-000039,Environmental Clearance,2022-11-22,2023-03-16,Approved,District Collectorate,10
APP-0000219,LG-000039,Land Acquisition Approval,2022-11-29,2022-12-31,Approved,MoEFCC,14
APP-0000220,LG-000040,Administrative Approval,2024-05-23,2024-09-20,Approved,Finance Ministry,3
APP-0000221,LG-000040,Environmental Clearance,2024-06-10,2024-07-21,Approved,District Collectorate,4
APP-0000222,LG-000040,Land Acquisition Approval,2024-07-10,,In Review,MoEFCC,132
APP-0000223,LG-000040,Financial Approval,2024-05-14,2024-07-24,Approved,District Collectorate,5
APP-0000224,LG-000040,Government Notification,2024-05-21,2024-08-24,Approved,District Collectorate,2
APP-0000225,LG-000040,Administrative Approval,2024-04-20,2024-08-18,Approved,State Cabinet,10
APP-0000226,LG-000041,Administrative Approval,2024-02-25,,In Review,State Cabinet,106
APP-0000227,LG-000041,Environmental Clearance,2024-02-21,,Conditionally Approved,State Cabinet,143
APP-0000228,LG-000041,Land Acquisition Approval,2024-03-28,2024-05-21,Approved,District Collectorate,8
APP-0000229,LG-000041,Financial Approval,2024-04-07,,In Review,Finance Ministry,77
APP-0000230,LG-000041,Government Notification,2024-03-16,,Conditionally Approved,State Cabinet,114
APP-0000231,LG-000042,Administrative Approval,2024-12-10,2025-03-08,Approved,State Cabinet,12
APP-0000232,LG-000042,Environmental Clearance,2025-01-19,,Submitted,State Cabinet,55
APP-0000233,LG-000042,Land Acquisition Approval,2024-12-30,,Submitted,State Cabinet,60
APP-0000234,LG-000042,Financial Approval,2025-01-16,,Submitted,District Collectorate,49
APP-0000235,LG-000042,Government Notification,2024-11-22,,In Review,Finance Ministry,42
APP-0000236,LG-000043,Administrative Approval,2022-04-24,,In Review,Finance Ministry,93
APP-0000237,LG-000043,Environmental Clearance,2022-03-23,2022-06-18,Approved,State Cabinet,5
APP-0000238,LG-000043,Land Acquisition Approval,2022-04-07,,Conditionally Approved,District Collectorate,136
APP-0000239,LG-000043,Financial Approval,2022-04-15,2022-08-10,Approved,Finance Ministry,3
APP-0000240,LG-000043,Government Notification,2022-04-30,2022-07-22,Approved,State Cabinet,13
APP-0000241,LG-000043,Administrative Approval,2022-05-07,,Submitted,MoEFCC,47
APP-0000242,LG-000043,Environmental Clearance,2022-05-02,,In Review,District Collectorate,32
APP-0000243,LG-000044,Administrative Approval,2020-07-20,2020-09-02,Approved,State Cabinet,14
APP-0000244,LG-000044,Environmental Clearance,2020-10-02,2021-01-18,Approved,MoEFCC,14
APP-0000245,LG-000044,Land Acquisition Approval,2020-08-20,2020-12-04,Approved,Finance Ministry,8
APP-0000246,LG-000044,Financial Approval,2020-10-07,2021-01-09,Approved,District Collectorate,15
APP-0000247,LG-000044,Government Notification,2020-10-09,2021-01-15,Approved,District Collectorate,7
APP-0000248,LG-000044,Administrative Approval,2020-08-23,2020-11-25,Approved,Finance Ministry,9
APP-0000249,LG-000044,Environmental Clearance,2020-08-02,2020-09-24,Approved,MoEFCC,15
APP-0000250,LG-000045,Administrative Approval,2023-07-11,2023-08-22,Approved,District Collectorate,11
APP-0000251,LG-000045,Environmental Clearance,2023-06-27,2023-09-20,Approved,State Cabinet,9
APP-0000252,LG-000045,Land Acquisition Approval,2023-08-16,,Conditionally Approved,Finance Ministry,133
APP-0000253,LG-000045,Financial Approval,2023-07-18,,In Review,District Collectorate,123
APP-0000254,LG-000045,Government Notification,2023-05-24,,Submitted,MoEFCC,52
APP-0000255,LG-000045,Administrative Approval,2023-06-04,2023-07-21,Approved,MoEFCC,15
APP-0000256,LG-000046,Administrative Approval,2024-04-10,,Submitted,State Cabinet,111
APP-0000257,LG-000046,Environmental Clearance,2024-04-09,2024-07-26,Approved,State Cabinet,13
APP-0000258,LG-000046,Land Acquisition Approval,2024-04-25,,In Review,Finance Ministry,67
APP-0000259,LG-000046,Financial Approval,2024-05-26,2024-08-24,Approved,District Collectorate,14
APP-0000260,LG-000046,Government Notification,2024-04-07,2024-06-14,Approved,MoEFCC,0
APP-0000261,LG-000047,Administrative Approval,2023-01-23,,In Review,Finance Ministry,93
APP-0000262,LG-000047,Environmental Clearance,2023-01-25,2023-03-17,Approved,Finance Ministry,0
APP-0000263,LG-000047,Land Acquisition Approval,2023-03-29,2023-06-11,Approved,State Cabinet,15
APP-0000264,LG-000047,Financial Approval,2023-01-25,2023-03-04,Approved,District Collectorate,8
APP-0000265,LG-000047,Government Notification,2023-01-20,2023-04-22,Approved,State Cabinet,13
APP-0000266,LG-000047,Administrative Approval,2023-03-08,,In Review,District Collectorate,69
APP-0000267,LG-000047,Environmental Clearance,2023-02-28,,Conditionally Approved,State Cabinet,82
APP-0000268,LG-000048,Administrative Approval,2022-09-22,2022-12-03,Approved,MoEFCC,14
APP-0000269,LG-000048,Environmental Clearance,2022-10-25,,Submitted,District Collectorate,107
APP-0000270,LG-000048,Land Acquisition Approval,2022-11-09,,Conditionally Approved,MoEFCC,70
APP-0000271,LG-000048,Financial Approval,2022-09-13,2022-12-04,Approved,State Cabinet,0
APP-0000272,LG-000049,Administrative Approval,2020-11-06,,Submitted,Finance Ministry,145
APP-0000273,LG-000049,Environmental Clearance,2020-12-22,,Conditionally Approved,District Collectorate,116
APP-0000274,LG-000049,Land Acquisition Approval,2021-02-01,,In Review,Finance Ministry,132
APP-0000275,LG-000049,Financial Approval,2020-12-26,2021-02-10,Approved,District Collectorate,11
APP-0000276,LG-000049,Government Notification,2021-01-13,,In Review,MoEFCC,64
APP-0000277,LG-000049,Administrative Approval,2020-12-31,2021-02-09,Approved,MoEFCC,10
APP-0000278,LG-000049,Environmental Clearance,2020-11-06,2020-12-19,Approved,MoEFCC,7
APP-0000279,LG-000050,Administrative Approval,2023-01-23,2023-03-18,Approved,State Cabinet,9
APP-0000280,LG-000050,Environmental Clearance,2023-02-03,,Submitted,District Collectorate,68
APP-0000281,LG-000050,Land Acquisition Approval,2023-01-12,,Submitted,Finance Ministry,33
APP-0000282,LG-000051,Administrative Approval,2019-05-31,2019-08-11,Approved,Finance Ministry,11
APP-0000283,LG-000051,Environmental Clearance,2019-06-25,2019-10-20,Approved,MoEFCC,5
APP-0000284,LG-000051,Land Acquisition Approval,2019-06-11,,Conditionally Approved,District Collectorate,48
APP-0000285,LG-000051,Financial Approval,2019-07-07,2019-08-26,Approved,State Cabinet,4
APP-0000286,LG-000051,Government Notification,2019-07-26,,In Review,MoEFCC,142
APP-0000287,LG-000051,Administrative Approval,2019-07-02,,Conditionally Approved,MoEFCC,43
APP-0000288,LG-000051,Environmental Clearance,2019-05-31,2019-09-23,Approved,State Cabinet,5
APP-0000289,LG-000052,Administrative Approval,2018-05-13,2018-07-25,Approved,District Collectorate,9
APP-0000290,LG-000052,Environmental Clearance,2018-04-23,2018-07-22,Approved,Finance Ministry,15
APP-0000291,LG-000052,Land Acquisition Approval,2018-06-11,2018-09-20,Approved,Finance Ministry,4
APP-0000292,LG-000052,Financial Approval,2018-04-27,,In Review,MoEFCC,73
APP-0000293,LG-000052,Government Notification,2018-04-16,2018-06-19,Approved,State Cabinet,9
APP-0000294,LG-000053,Administrative Approval,2021-11-17,2022-01-18,Approved,State Cabinet,14
APP-0000295,LG-000053,Environmental Clearance,2021-12-14,,In Review,State Cabinet,65
APP-0000296,LG-000053,Land Acquisition Approval,2021-12-06,2022-01-26,Approved,State Cabinet,2
APP-0000297,LG-000053,Financial Approval,2021-11-18,2022-03-01,Approved,District Collectorate,5
APP-0000298,LG-000053,Government Notification,2022-01-16,2022-04-10,Approved,State Cabinet,5
APP-0000299,LG-000054,Administrative Approval,2020-02-03,2020-05-07,Approved,Finance Ministry,11
APP-0000300,LG-000054,Environmental Clearance,2020-03-13,,In Review,MoEFCC,68
APP-0000301,LG-000054,Land Acquisition Approval,2020-02-22,,In Review,MoEFCC,148
APP-0000302,LG-000054,Financial Approval,2020-03-02,2020-04-08,Approved,Finance Ministry,13
APP-0000303,LG-000055,Administrative Approval,2018-07-16,2018-10-09,Approved,MoEFCC,1
APP-0000304,LG-000055,Environmental Clearance,2018-07-21,2018-10-28,Approved,MoEFCC,13
APP-0000305,LG-000055,Land Acquisition Approval,2018-08-19,2018-12-08,Approved,MoEFCC,9
APP-0000306,LG-000055,Financial Approval,2018-08-18,2018-10-14,Approved,MoEFCC,9
APP-0000307,LG-000055,Government Notification,2018-07-16,2018-10-03,Approved,State Cabinet,10
APP-0000308,LG-000055,Administrative Approval,2018-08-24,2018-09-24,Approved,MoEFCC,13
APP-0000309,LG-000056,Administrative Approval,2020-03-20,,In Review,Finance Ministry,30
APP-0000310,LG-000056,Environmental Clearance,2020-04-13,,Submitted,Finance Ministry,125
APP-0000311,LG-000056,Land Acquisition Approval,2020-04-21,,In Review,District Collectorate,44
APP-0000312,LG-000056,Financial Approval,2020-03-03,,Submitted,MoEFCC,84
APP-0000313,LG-000056,Government Notification,2020-04-14,2020-07-20,Approved,Finance Ministry,2
APP-0000314,LG-000056,Administrative Approval,2020-03-29,,Submitted,State Cabinet,87
APP-0000315,LG-000057,Administrative Approval,2024-10-28,2025-02-01,Approved,State Cabinet,2
APP-0000316,LG-000057,Environmental Clearance,2024-09-19,2024-11-24,Approved,District Collectorate,1
APP-0000317,LG-000057,Land Acquisition Approval,2024-10-15,2025-01-17,Approved,Finance Ministry,13
APP-0000318,LG-000057,Financial Approval,2024-08-31,,Submitted,District Collectorate,30
APP-0000319,LG-000057,Government Notification,2024-09-28,2025-01-17,Approved,MoEFCC,10
APP-0000320,LG-000057,Administrative Approval,2024-10-13,2024-12-17,Approved,Finance Ministry,4
APP-0000321,LG-000057,Environmental Clearance,2024-10-15,2024-12-14,Approved,State Cabinet,13
APP-0000322,LG-000058,Administrative Approval,2023-11-09,,Submitted,MoEFCC,62
APP-0000323,LG-000058,Environmental Clearance,2023-12-25,2024-03-01,Approved,Finance Ministry,4
APP-0000324,LG-000058,Land Acquisition Approval,2023-10-02,2024-01-20,Approved,District Collectorate,0
APP-0000325,LG-000058,Financial Approval,2023-10-27,,In Review,Finance Ministry,84
APP-0000326,LG-000058,Government Notification,2023-10-02,,Submitted,State Cabinet,44
APP-0000327,LG-000059,Administrative Approval,2022-01-22,,Conditionally Approved,MoEFCC,50
APP-0000328,LG-000059,Environmental Clearance,2021-12-15,,In Review,District Collectorate,60
APP-0000329,LG-000059,Land Acquisition Approval,2021-11-13,,Conditionally Approved,District Collectorate,103
APP-0000330,LG-000059,Financial Approval,2021-12-15,,Submitted,MoEFCC,87
APP-0000331,LG-000060,Administrative Approval,2019-01-09,2019-02-13,Approved,District Collectorate,0
APP-0000332,LG-000060,Environmental Clearance,2018-12-02,2019-03-24,Approved,District Collectorate,3
APP-0000333,LG-000060,Land Acquisition Approval,2018-11-24,,In Review,Finance Ministry,52
APP-0000334,LG-000060,Financial Approval,2019-01-01,2019-02-15,Approved,MoEFCC,15
APP-0000335,LG-000060,Government Notification,2019-01-29,2019-03-16,Approved,MoEFCC,15
APP-0000336,LG-000060,Administrative Approval,2018-12-17,,Submitted,District Collectorate,138
APP-0000337,LG-000061,Administrative Approval,2021-07-04,2021-09-28,Approved,State Cabinet,2
APP-0000338,LG-000061,Environmental Clearance,2021-06-18,2021-10-11,Approved,Finance Ministry,14
APP-0000339,LG-000061,Land Acquisition Approval,2021-06-25,2021-10-23,Approved,State Cabinet,10
APP-0000340,LG-000062,Administrative Approval,2021-05-09,2021-07-20,Approved,MoEFCC,2
APP-0000341,LG-000062,Environmental Clearance,2021-04-16,,Conditionally Approved,Finance Ministry,65
APP-0000342,LG-000062,Land Acquisition Approval,2021-04-18,,In Review,MoEFCC,52
APP-0000343,LG-000063,Administrative Approval,2023-05-26,2023-08-29,Approved,District Collectorate,15
APP-0000344,LG-000063,Environmental Clearance,2023-06-06,2023-08-29,Approved,Finance Ministry,4
APP-0000345,LG-000063,Land Acquisition Approval,2023-07-05,2023-10-28,Approved,MoEFCC,15
APP-0000346,LG-000063,Financial Approval,2023-06-19,,In Review,MoEFCC,59
APP-0000347,LG-000063,Government Notification,2023-06-18,2023-07-29,Approved,MoEFCC,13
APP-0000348,LG-000063,Administrative Approval,2023-06-30,2023-10-01,Approved,State Cabinet,7
APP-0000349,LG-000063,Environmental Clearance,2023-07-17,2023-11-12,Approved,District Collectorate,7
APP-0000350,LG-000063,Land Acquisition Approval,2023-07-03,2023-09-29,Approved,State Cabinet,12
APP-0000351,LG-000064,Administrative Approval,2024-11-08,2024-12-31,Approved,State Cabinet,3
APP-0000352,LG-000064,Environmental Clearance,2024-10-04,2024-12-30,Approved,Finance Ministry,13
APP-0000353,LG-000064,Land Acquisition Approval,2024-12-12,2025-02-19,Approved,State Cabinet,12
APP-0000354,LG-000064,Financial Approval,2024-10-25,2025-01-12,Approved,MoEFCC,0
APP-0000355,LG-000064,Government Notification,2024-09-25,2025-01-23,Approved,MoEFCC,3
APP-0000356,LG-000064,Administrative Approval,2024-11-01,2025-02-03,Approved,Finance Ministry,8
APP-0000357,LG-000064,Environmental Clearance,2024-09-22,,Conditionally Approved,MoEFCC,31
APP-0000358,LG-000064,Land Acquisition Approval,2024-11-14,2025-02-02,Approved,Finance Ministry,15
APP-0000359,LG-000065,Administrative Approval,2022-01-08,,Conditionally Approved,State Cabinet,84
APP-0000360,LG-000065,Environmental Clearance,2022-02-20,,Submitted,Finance Ministry,102
APP-0000361,LG-000065,Land Acquisition Approval,2022-02-22,,Conditionally Approved,State Cabinet,60
APP-0000362,LG-000065,Financial Approval,2022-01-07,2022-02-22,Approved,District Collectorate,13
APP-0000363,LG-000065,Government Notification,2022-03-04,2022-06-22,Approved,Finance Ministry,5
APP-0000364,LG-000066,Administrative Approval,2018-09-20,2018-12-23,Approved,District Collectorate,6
APP-0000365,LG-000066,Environmental Clearance,2018-09-04,,Submitted,District Collectorate,78
APP-0000366,LG-000066,Land Acquisition Approval,2018-10-03,2019-01-10,Approved,District Collectorate,1
APP-0000367,LG-000066,Financial Approval,2018-09-24,,In Review,District Collectorate,148
APP-0000368,LG-000066,Government Notification,2018-11-11,,In Review,District Collectorate,87
APP-0000369,LG-000067,Administrative Approval,2023-07-08,,Submitted,MoEFCC,108
APP-0000370,LG-000067,Environmental Clearance,2023-06-18,2023-08-29,Approved,District Collectorate,14
APP-0000371,LG-000067,Land Acquisition Approval,2023-07-24,,Conditionally Approved,District Collectorate,87
APP-0000372,LG-000067,Financial Approval,2023-07-24,2023-09-03,Approved,Finance Ministry,5
APP-0000373,LG-000067,Government Notification,2023-06-21,,Submitted,State Cabinet,59
APP-0000374,LG-000067,Administrative Approval,2023-07-05,2023-08-26,Approved,State Cabinet,0
APP-0000375,LG-000068,Administrative Approval,2021-04-02,2021-05-30,Approved,District Collectorate,6
APP-0000376,LG-000068,Environmental Clearance,2021-02-04,2021-04-11,Approved,State Cabinet,14
APP-0000377,LG-000068,Land Acquisition Approval,2021-02-20,2021-05-07,Approved,State Cabinet,7
APP-0000378,LG-000068,Financial Approval,2021-02-05,2021-04-01,Approved,State Cabinet,1
APP-0000379,LG-000068,Government Notification,2021-01-14,,In Review,Finance Ministry,138
APP-0000380,LG-000068,Administrative Approval,2021-02-25,,Conditionally Approved,District Collectorate,64
APP-0000381,LG-000068,Environmental Clearance,2021-03-05,2021-05-23,Approved,Finance Ministry,8
APP-0000382,LG-000069,Administrative Approval,2018-03-17,2018-05-13,Approved,State Cabinet,4
APP-0000383,LG-000069,Environmental Clearance,2018-03-11,2018-06-14,Approved,MoEFCC,0
APP-0000384,LG-000069,Land Acquisition Approval,2018-05-07,,Submitted,State Cabinet,74
APP-0000385,LG-000069,Financial Approval,2018-05-15,2018-09-02,Approved,State Cabinet,5
APP-0000386,LG-000070,Administrative Approval,2023-07-30,2023-10-20,Approved,State Cabinet,13
APP-0000387,LG-000070,Environmental Clearance,2023-07-24,2023-09-25,Approved,State Cabinet,9
APP-0000388,LG-000070,Land Acquisition Approval,2023-07-25,2023-09-02,Approved,MoEFCC,9
APP-0000389,LG-000070,Financial Approval,2023-08-05,2023-11-20,Approved,State Cabinet,7
APP-0000390,LG-000070,Government Notification,2023-09-14,2023-11-16,Approved,Finance Ministry,8
APP-0000391,LG-000070,Administrative Approval,2023-07-22,2023-09-24,Approved,District Collectorate,13
APP-0000392,LG-000071,Administrative Approval,2019-06-10,,Submitted,Finance Ministry,45
APP-0000393,LG-000071,Environmental Clearance,2019-07-29,,Conditionally Approved,Finance Ministry,74
APP-0000394,LG-000071,Land Acquisition Approval,2019-08-11,,Submitted,MoEFCC,88
APP-0000395,LG-000072,Administrative Approval,2018-04-01,2018-07-17,Approved,MoEFCC,4
APP-0000396,LG-000072,Environmental Clearance,2018-06-01,2018-09-04,Approved,District Collectorate,7
APP-0000397,LG-000072,Land Acquisition Approval,2018-03-30,2018-07-14,Approved,Finance Ministry,2
APP-0000398,LG-000072,Financial Approval,2018-04-17,2018-08-14,Approved,Finance Ministry,0
APP-0000399,LG-000073,Administrative Approval,2024-09-21,2024-11-25,Approved,Finance Ministry,10
APP-0000400,LG-000073,Environmental Clearance,2024-11-26,2025-02-15,Approved,State Cabinet,11
APP-0000401,LG-000073,Land Acquisition Approval,2024-10-24,2025-01-10,Approved,State Cabinet,4
APP-0000402,LG-000073,Financial Approval,2024-09-30,2024-12-13,Approved,Finance Ministry,13
APP-0000403,LG-000073,Government Notification,2024-10-03,2024-12-26,Approved,State Cabinet,5
APP-0000404,LG-000073,Administrative Approval,2024-10-09,,Submitted,State Cabinet,72
APP-0000405,LG-000073,Environmental Clearance,2024-10-13,2025-02-02,Approved,Finance Ministry,9
APP-0000406,LG-000074,Administrative Approval,2024-05-05,2024-06-14,Approved,District Collectorate,8
APP-0000407,LG-000074,Environmental Clearance,2024-05-16,,Submitted,State Cabinet,124
APP-0000408,LG-000074,Land Acquisition Approval,2024-03-17,2024-06-28,Approved,District Collectorate,1
APP-0000409,LG-000074,Financial Approval,2024-04-13,,In Review,Finance Ministry,148
APP-0000410,LG-000074,Government Notification,2024-05-17,2024-08-02,Approved,District Collectorate,2
APP-0000411,LG-000074,Administrative Approval,2024-05-07,2024-06-08,Approved,MoEFCC,14
APP-0000412,LG-000074,Environmental Clearance,2024-05-28,2024-07-13,Approved,MoEFCC,12
APP-0000413,LG-000075,Administrative Approval,2024-04-07,2024-05-19,Approved,State Cabinet,12
APP-0000414,LG-000075,Environmental Clearance,2024-02-25,2024-04-14,Approved,Finance Ministry,12
APP-0000415,LG-000075,Land Acquisition Approval,2024-05-17,2024-06-23,Approved,MoEFCC,4
APP-0000416,LG-000075,Financial Approval,2024-02-23,2024-04-23,Approved,Finance Ministry,12
APP-0000417,LG-000075,Government Notification,2024-03-07,,In Review,Finance Ministry,55
APP-0000418,LG-000076,Administrative Approval,2022-06-20,2022-10-13,Approved,MoEFCC,0
APP-0000419,LG-000076,Environmental Clearance,2022-07-12,,Submitted,Finance Ministry,65
APP-0000420,LG-000076,Land Acquisition Approval,2022-07-18,,In Review,District Collectorate,78
APP-0000421,LG-000077,Administrative Approval,2020-03-05,2020-06-18,Approved,MoEFCC,1
APP-0000422,LG-000077,Environmental Clearance,2019-12-31,2020-02-03,Approved,State Cabinet,0
APP-0000423,LG-000077,Land Acquisition Approval,2020-01-27,2020-04-26,Approved,State Cabinet,3
APP-0000424,LG-000078,Administrative Approval,2024-04-30,,Submitted,Finance Ministry,143
APP-0000425,LG-000078,Environmental Clearance,2024-03-31,2024-06-07,Approved,Finance Ministry,10
APP-0000426,LG-000078,Land Acquisition Approval,2024-05-18,,Submitted,State Cabinet,50
APP-0000427,LG-000078,Financial Approval,2024-04-05,,In Review,Finance Ministry,117
APP-0000428,LG-000079,Administrative Approval,2021-12-20,2022-04-11,Approved,State Cabinet,10
APP-0000429,LG-000079,Environmental Clearance,2021-12-25,2022-04-04,Approved,District Collectorate,9
APP-0000430,LG-000079,Land Acquisition Approval,2021-11-23,2022-01-25,Approved,MoEFCC,11
APP-0000431,LG-000079,Financial Approval,2021-12-24,2022-03-28,Approved,District Collectorate,13
APP-0000432,LG-000079,Government Notification,2021-10-28,2022-01-29,Approved,Finance Ministry,11
APP-0000433,LG-000079,Administrative Approval,2021-10-30,2022-02-06,Approved,MoEFCC,0
APP-0000434,LG-000080,Administrative Approval,2018-08-10,,In Review,Finance Ministry,65
APP-0000435,LG-000080,Environmental Clearance,2018-06-01,2018-08-23,Approved,Finance Ministry,1
APP-0000436,LG-000080,Land Acquisition Approval,2018-07-12,2018-09-30,Approved,State Cabinet,9
APP-0000437,LG-000080,Financial Approval,2018-08-16,2018-10-30,Approved,MoEFCC,0
APP-0000438,LG-000080,Government Notification,2018-07-30,2018-10-27,Approved,State Cabinet,5
APP-0000439,LG-000080,Administrative Approval,2018-06-21,2018-09-15,Approved,State Cabinet,13
APP-0000440,LG-000081,Administrative Approval,2021-12-25,2022-01-24,Approved,District Collectorate,13
APP-0000441,LG-000081,Environmental Clearance,2022-03-02,2022-05-22,Approved,State Cabinet,9
APP-0000442,LG-000081,Land Acquisition Approval,2021-12-17,2022-04-15,Approved,MoEFCC,7
APP-0000443,LG-000081,Financial Approval,2022-03-10,2022-05-20,Approved,MoEFCC,9
APP-0000444,LG-000081,Government Notification,2021-12-28,2022-04-09,Approved,Finance Ministry,13
APP-0000445,LG-000081,Administrative Approval,2021-12-17,2022-04-02,Approved,MoEFCC,5
APP-0000446,LG-000082,Administrative Approval,2025-01-13,,Submitted,District Collectorate,96
APP-0000447,LG-000082,Environmental Clearance,2025-02-27,2025-04-10,Approved,State Cabinet,10
APP-0000448,LG-000082,Land Acquisition Approval,2025-02-27,,Submitted,MoEFCC,127
APP-0000449,LG-000082,Financial Approval,2024-12-31,2025-03-22,Approved,MoEFCC,0
APP-0000450,LG-000083,Administrative Approval,2023-05-22,,Conditionally Approved,Finance Ministry,107
APP-0000451,LG-000083,Environmental Clearance,2023-03-26,2023-04-30,Approved,MoEFCC,3
APP-0000452,LG-000083,Land Acquisition Approval,2023-05-29,2023-09-24,Approved,State Cabinet,9
APP-0000453,LG-000083,Financial Approval,2023-03-31,,Conditionally Approved,State Cabinet,139
APP-0000454,LG-000083,Government Notification,2023-05-09,2023-06-20,Approved,District Collectorate,10
APP-0000455,LG-000083,Administrative Approval,2023-05-30,2023-07-05,Approved,State Cabinet,10
APP-0000456,LG-000084,Administrative Approval,2020-08-19,2020-12-07,Approved,Finance Ministry,14
APP-0000457,LG-000084,Environmental Clearance,2020-08-12,2020-10-28,Approved,MoEFCC,14
APP-0000458,LG-000084,Land Acquisition Approval,2020-06-26,2020-10-22,Approved,Finance Ministry,15
APP-0000459,LG-000084,Financial Approval,2020-06-14,2020-08-14,Approved,MoEFCC,0
APP-0000460,LG-000084,Government Notification,2020-08-14,2020-09-16,Approved,Finance Ministry,11
APP-0000461,LG-000084,Administrative Approval,2020-08-04,2020-09-27,Approved,Finance Ministry,4
APP-0000462,LG-000084,Environmental Clearance,2020-06-30,2020-08-16,Approved,Finance Ministry,6
APP-0000463,LG-000084,Land Acquisition Approval,2020-07-10,2020-09-01,Approved,District Collectorate,4
APP-0000464,LG-000085,Administrative Approval,2022-07-12,2022-11-01,Approved,MoEFCC,15
APP-0000465,LG-000085,Environmental Clearance,2022-07-28,2022-10-03,Approved,Finance Ministry,2
APP-0000466,LG-000085,Land Acquisition Approval,2022-08-21,,Conditionally Approved,State Cabinet,39
APP-0000467,LG-000085,Financial Approval,2022-09-13,2022-12-25,Approved,Finance Ministry,11
APP-0000468,LG-000086,Administrative Approval,2019-10-08,2019-11-25,Approved,District Collectorate,12
APP-0000469,LG-000086,Environmental Clearance,2019-11-01,2020-01-23,Approved,Finance Ministry,0
APP-0000470,LG-000086,Land Acquisition Approval,2019-10-08,2020-01-04,Approved,State Cabinet,4
APP-0000471,LG-000086,Financial Approval,2019-12-11,2020-03-07,Approved,State Cabinet,0
APP-0000472,LG-000086,Government Notification,2019-10-10,2020-02-03,Approved,MoEFCC,1
APP-0000473,LG-000086,Administrative Approval,2019-12-18,2020-03-11,Approved,District Collectorate,10
APP-0000474,LG-000086,Environmental Clearance,2019-11-27,2020-02-22,Approved,District Collectorate,1
APP-0000475,LG-000087,Administrative Approval,2020-01-10,2020-04-30,Approved,State Cabinet,7
APP-0000476,LG-000087,Environmental Clearance,2019-11-23,2020-02-15,Approved,MoEFCC,11
APP-0000477,LG-000087,Land Acquisition Approval,2020-02-01,2020-05-15,Approved,State Cabinet,12
APP-0000478,LG-000087,Financial Approval,2019-12-04,2020-01-27,Approved,Finance Ministry,13
APP-0000479,LG-000087,Government Notification,2020-01-16,2020-05-01,Approved,Finance Ministry,12
APP-0000480,LG-000087,Administrative Approval,2020-01-11,2020-02-19,Approved,State Cabinet,0
APP-0000481,LG-000087,Environmental Clearance,2019-12-30,2020-02-28,Approved,State Cabinet,8
APP-0000482,LG-000088,Administrative Approval,2019-03-04,2019-04-15,Approved,MoEFCC,1
APP-0000483,LG-000088,Environmental Clearance,2019-03-01,2019-05-02,Approved,State Cabinet,9
APP-0000484,LG-000088,Land Acquisition Approval,2019-03-15,2019-05-08,Approved,State Cabinet,7
APP-0000485,LG-000088,Financial Approval,2019-04-02,2019-06-19,Approved,State Cabinet,3
APP-0000486,LG-000088,Government Notification,2019-03-07,2019-06-21,Approved,District Collectorate,8
APP-0000487,LG-000088,Administrative Approval,2019-04-08,2019-06-19,Approved,State Cabinet,4
APP-0000488,LG-000089,Administrative Approval,2019-02-14,2019-05-08,Approved,MoEFCC,13
APP-0000489,LG-000089,Environmental Clearance,2019-03-18,2019-04-21,Approved,MoEFCC,2
APP-0000490,LG-000089,Land Acquisition Approval,2019-02-26,2019-04-12,Approved,District Collectorate,6
APP-0000491,LG-000090,Administrative Approval,2018-08-04,2018-09-04,Approved,District Collectorate,10
APP-0000492,LG-000090,Environmental Clearance,2018-08-23,2018-11-05,Approved,District Collectorate,15
APP-0000493,LG-000090,Land Acquisition Approval,2018-08-28,2018-12-25,Approved,District Collectorate,0
APP-0000494,LG-000090,Financial Approval,2018-07-07,2018-08-06,Approved,Finance Ministry,13
APP-0000495,LG-000090,Government Notification,2018-08-25,2018-12-21,Approved,District Collectorate,9
APP-0000496,LG-000090,Administrative Approval,2018-07-03,2018-10-10,Approved,MoEFCC,13
APP-0000497,LG-000090,Environmental Clearance,2018-08-01,,Submitted,District Collectorate,79
APP-0000498,LG-000090,Land Acquisition Approval,2018-08-06,2018-10-04,Approved,District Collectorate,14
APP-0000499,LG-000091,Administrative Approval,2018-07-03,2018-10-18,Approved,State Cabinet,9
APP-0000500,LG-000091,Environmental Clearance,2018-05-30,,Conditionally Approved,Finance Ministry,61
APP-0000501,LG-000091,Land Acquisition Approval,2018-07-10,2018-09-09,Approved,State Cabinet,4
APP-0000502,LG-000092,Administrative Approval,2019-11-26,,Submitted,District Collectorate,136
APP-0000503,LG-000092,Environmental Clearance,2019-11-07,,Conditionally Approved,District Collectorate,43
APP-0000504,LG-000092,Land Acquisition Approval,2019-12-18,2020-03-18,Approved,Finance Ministry,9
APP-0000505,LG-000092,Financial Approval,2019-11-23,,Submitted,MoEFCC,55
APP-0000506,LG-000092,Government Notification,2020-01-01,2020-02-13,Approved,District Collectorate,12
APP-0000507,LG-000092,Administrative Approval,2019-12-01,,Submitted,Finance Ministry,92
APP-0000508,LG-000092,Environmental Clearance,2019-12-23,,Submitted,MoEFCC,148
APP-0000509,LG-000093,Administrative Approval,2018-11-30,,In Review,District Collectorate,98
APP-0000510,LG-000093,Environmental Clearance,2018-10-28,2019-02-10,Approved,Finance Ministry,5
APP-0000511,LG-000093,Land Acquisition Approval,2018-12-19,,Submitted,MoEFCC,35
APP-0000512,LG-000093,Financial Approval,2018-12-22,2019-04-17,Approved,MoEFCC,4
APP-0000513,LG-000094,Administrative Approval,2023-11-25,,Conditionally Approved,State Cabinet,142
APP-0000514,LG-000094,Environmental Clearance,2024-01-05,2024-02-12,Approved,MoEFCC,12
APP-0000515,LG-000094,Land Acquisition Approval,2024-01-25,2024-05-07,Approved,Finance Ministry,0
APP-0000516,LG-000094,Financial Approval,2024-02-15,2024-04-29,Approved,State Cabinet,4
APP-0000517,LG-000095,Administrative Approval,2024-07-11,,In Review,MoEFCC,150
APP-0000518,LG-000095,Environmental Clearance,2024-08-10,,Conditionally Approved,State Cabinet,72
APP-0000519,LG-000095,Land Acquisition Approval,2024-07-18,2024-11-15,Approved,Finance Ministry,13
APP-0000520,LG-000095,Financial Approval,2024-07-31,2024-09-11,Approved,State Cabinet,5
APP-0000521,LG-000095,Government Notification,2024-08-06,2024-11-11,Approved,District Collectorate,1
APP-0000522,LG-000096,Administrative Approval,2020-07-08,,In Review,Finance Ministry,143
APP-0000523,LG-000096,Environmental Clearance,2020-06-22,,Submitted,State Cabinet,123
APP-0000524,LG-000096,Land Acquisition Approval,2020-05-31,,Conditionally Approved,MoEFCC,44
APP-0000525,LG-000097,Administrative Approval,2021-06-04,2021-07-12,Approved,State Cabinet,6
APP-0000526,LG-000097,Environmental Clearance,2021-07-02,2021-09-24,Approved,MoEFCC,14
APP-0000527,LG-000097,Land Acquisition Approval,2021-06-14,2021-07-29,Approved,State Cabinet,15
APP-0000528,LG-000097,Financial Approval,2021-07-13,2021-08-13,Approved,District Collectorate,5
APP-0000529,LG-000097,Government Notification,2021-04-30,2021-08-20,Approved,District Collectorate,5
APP-0000530,LG-000097,Administrative Approval,2021-04-26,2021-08-01,Approved,MoEFCC,7
APP-0000531,LG-000098,Administrative Approval,2019-03-26,,Conditionally Approved,MoEFCC,139
APP-0000532,LG-000098,Environmental Clearance,2019-02-20,2019-04-01,Approved,Finance Ministry,8
APP-0000533,LG-000098,Land Acquisition Approval,2019-01-06,,Submitted,District Collectorate,132
APP-0000534,LG-000098,Financial Approval,2019-02-22,,In Review,District Collectorate,91
APP-0000535,LG-000098,Government Notification,2019-02-18,2019-04-30,Approved,District Collectorate,0
APP-0000536,LG-000098,Administrative Approval,2019-01-05,2019-04-09,Approved,MoEFCC,13
APP-0000537,LG-000099,Administrative Approval,2023-11-08,,In Review,District Collectorate,88
APP-0000538,LG-000099,Environmental Clearance,2023-10-13,2023-11-12,Approved,District Collectorate,6
APP-0000539,LG-000099,Land Acquisition Approval,2023-11-21,,Submitted,State Cabinet,32
APP-0000540,LG-000099,Financial Approval,2023-10-03,2024-01-02,Approved,District Collectorate,7
APP-0000541,LG-000099,Government Notification,2023-09-15,,Conditionally Approved,Finance Ministry,117
APP-0000542,LG-000099,Administrative Approval,2023-10-27,,In Review,District Collectorate,91
APP-0000543,LG-000099,Environmental Clearance,2023-09-17,,Submitted,District Collectorate,147
APP-0000544,LG-000099,Land Acquisition Approval,2023-09-14,,Submitted,State Cabinet,31
APP-0000545,LG-000100,Administrative Approval,2018-04-10,,Conditionally Approved,Finance Ministry,95
APP-0000546,LG-000100,Environmental Clearance,2018-03-24,,Conditionally Approved,State Cabinet,146
APP-0000547,LG-000100,Land Acquisition Approval,2018-02-13,,Conditionally Approved,Finance Ministry,36
APP-0000548,LG-000100,Financial Approval,2018-04-27,,Submitted,MoEFCC,137
APP-0000549,LG-000101,Administrative Approval,2023-08-04,2023-11-04,Approved,District Collectorate,3
APP-0000550,LG-000101,Environmental Clearance,2023-07-09,2023-09-30,Approved,District Collectorate,0
APP-0000551,LG-000101,Land Acquisition Approval,2023-06-29,2023-09-17,Approved,Finance Ministry,1
APP-0000552,LG-000101,Financial Approval,2023-07-30,2023-10-19,Approved,Finance Ministry,4
APP-0000553,LG-000101,Government Notification,2023-06-15,,In Review,State Cabinet,125
APP-0000554,LG-000102,Administrative Approval,2021-06-01,2021-09-05,Approved,Finance Ministry,12
APP-0000555,LG-000102,Environmental Clearance,2021-07-27,,Submitted,State Cabinet,116
APP-0000556,LG-000102,Land Acquisition Approval,2021-06-08,2021-07-29,Approved,District Collectorate,2
APP-0000557,LG-000103,Administrative Approval,2024-02-22,2024-04-06,Approved,Finance Ministry,14
APP-0000558,LG-000103,Environmental Clearance,2024-03-02,2024-06-25,Approved,MoEFCC,13
APP-0000559,LG-000103,Land Acquisition Approval,2024-01-05,2024-03-03,Approved,District Collectorate,9
APP-0000560,LG-000103,Financial Approval,2024-03-27,2024-07-10,Approved,State Cabinet,14
APP-0000561,LG-000103,Government Notification,2024-01-14,2024-04-13,Approved,MoEFCC,7
APP-0000562,LG-000103,Administrative Approval,2024-02-02,2024-04-05,Approved,Finance Ministry,13
APP-0000563,LG-000104,Administrative Approval,2019-07-21,2019-11-17,Approved,District Collectorate,2
APP-0000564,LG-000104,Environmental Clearance,2019-06-08,2019-09-18,Approved,Finance Ministry,11
APP-0000565,LG-000104,Land Acquisition Approval,2019-06-10,2019-07-24,Approved,Finance Ministry,15
APP-0000566,LG-000104,Financial Approval,2019-06-27,2019-09-19,Approved,State Cabinet,0
APP-0000567,LG-000104,Government Notification,2019-06-12,2019-09-19,Approved,Finance Ministry,0
APP-0000568,LG-000104,Administrative Approval,2019-05-19,,Submitted,MoEFCC,119
APP-0000569,LG-000104,Environmental Clearance,2019-06-10,2019-08-18,Approved,MoEFCC,10
APP-0000570,LG-000105,Administrative Approval,2024-09-11,,Submitted,District Collectorate,124
APP-0000571,LG-000105,Environmental Clearance,2024-10-19,2024-12-18,Approved,District Collectorate,12
APP-0000572,LG-000105,Land Acquisition Approval,2024-08-22,,Submitted,MoEFCC,48
APP-0000573,LG-000105,Financial Approval,2024-11-02,,Conditionally Approved,Finance Ministry,37
APP-0000574,LG-000106,Administrative Approval,2023-01-04,,Conditionally Approved,District Collectorate,78
APP-0000575,LG-000106,Environmental Clearance,2022-12-06,2023-03-14,Approved,Finance Ministry,5
APP-0000576,LG-000106,Land Acquisition Approval,2022-12-16,2023-01-19,Approved,Finance Ministry,0
APP-0000577,LG-000106,Financial Approval,2022-11-04,2022-12-24,Approved,MoEFCC,0
APP-0000578,LG-000106,Government Notification,2023-01-10,2023-03-18,Approved,State Cabinet,14
APP-0000579,LG-000107,Administrative Approval,2018-04-12,2018-06-16,Approved,State Cabinet,2
APP-0000580,LG-000107,Environmental Clearance,2018-03-23,2018-05-06,Approved,District Collectorate,3
APP-0000581,LG-000107,Land Acquisition Approval,2018-03-16,2018-05-28,Approved,State Cabinet,2
APP-0000582,LG-000108,Administrative Approval,2019-08-14,2019-11-10,Approved,District Collectorate,6
APP-0000583,LG-000108,Environmental Clearance,2019-09-06,2019-12-24,Approved,State Cabinet,2
APP-0000584,LG-000108,Land Acquisition Approval,2019-08-16,2019-09-15,Approved,State Cabinet,1
APP-0000585,LG-000108,Financial Approval,2019-10-27,2020-02-01,Approved,Finance Ministry,9
APP-0000586,LG-000108,Government Notification,2019-10-17,2020-02-11,Approved,Finance Ministry,12
APP-0000587,LG-000108,Administrative Approval,2019-08-21,,Submitted,MoEFCC,39
APP-0000588,LG-000109,Administrative Approval,2024-12-19,2025-03-16,Approved,State Cabinet,4
APP-0000589,LG-000109,Environmental Clearance,2024-12-23,2025-02-10,Approved,MoEFCC,7
APP-0000590,LG-000109,Land Acquisition Approval,2025-02-21,2025-06-16,Approved,State Cabinet,8
APP-0000591,LG-000110,Administrative Approval,2020-11-21,2021-01-14,Approved,MoEFCC,10
APP-0000592,LG-000110,Environmental Clearance,2020-11-16,2021-02-16,Approved,Finance Ministry,6
APP-0000593,LG-000110,Land Acquisition Approval,2020-11-08,,Submitted,District Collectorate,55
APP-0000594,LG-000111,Administrative Approval,2024-10-09,2024-12-31,Approved,Finance Ministry,10
APP-0000595,LG-000111,Environmental Clearance,2024-09-09,,Submitted,MoEFCC,85
APP-0000596,LG-000111,Land Acquisition Approval,2024-07-30,2024-11-02,Approved,State Cabinet,14
APP-0000597,LG-000111,Financial Approval,2024-09-19,,In Review,MoEFCC,96
APP-0000598,LG-000111,Government Notification,2024-09-26,,Submitted,Finance Ministry,144
APP-0000599,LG-000111,Administrative Approval,2024-10-07,2025-02-04,Approved,District Collectorate,12
APP-0000600,LG-000111,Environmental Clearance,2024-07-27,,Submitted,State Cabinet,73
APP-0000601,LG-000111,Land Acquisition Approval,2024-09-13,,Conditionally Approved,Finance Ministry,150
APP-0000602,LG-000112,Administrative Approval,2024-12-01,2025-03-11,Approved,Finance Ministry,8
APP-0000603,LG-000112,Environmental Clearance,2024-12-11,,In Review,Finance Ministry,40
APP-0000604,LG-000112,Land Acquisition Approval,2024-12-11,2025-03-19,Approved,District Collectorate,1
APP-0000605,LG-000112,Financial Approval,2025-01-01,2025-04-20,Approved,Finance Ministry,5
APP-0000606,LG-000112,Government Notification,2025-01-14,2025-04-08,Approved,Finance Ministry,14
APP-0000607,LG-000112,Administrative Approval,2025-01-17,2025-03-23,Approved,District Collectorate,10
APP-0000608,LG-000113,Administrative Approval,2020-02-01,,Submitted,MoEFCC,150
APP-0000609,LG-000113,Environmental Clearance,2020-02-03,2020-04-04,Approved,MoEFCC,0
APP-0000610,LG-000113,Land Acquisition Approval,2020-02-05,2020-05-09,Approved,MoEFCC,15
APP-0000611,LG-000113,Financial Approval,2020-02-23,,Submitted,District Collectorate,61
APP-0000612,LG-000113,Government Notification,2020-02-29,,Submitted,MoEFCC,71
APP-0000613,LG-000114,Administrative Approval,2018-04-26,2018-06-21,Approved,MoEFCC,5
APP-0000614,LG-000114,Environmental Clearance,2018-05-13,2018-07-15,Approved,Finance Ministry,11
APP-0000615,LG-000114,Land Acquisition Approval,2018-04-15,2018-05-24,Approved,Finance Ministry,8
APP-0000616,LG-000115,Administrative Approval,2022-10-04,2022-12-15,Approved,MoEFCC,10
APP-0000617,LG-000115,Environmental Clearance,2022-09-11,2022-12-26,Approved,District Collectorate,11
APP-0000618,LG-000115,Land Acquisition Approval,2022-09-08,2022-11-26,Approved,District Collectorate,13
APP-0000619,LG-000115,Financial Approval,2022-09-09,,Submitted,Finance Ministry,124
APP-0000620,LG-000116,Administrative Approval,2021-09-20,2021-10-31,Approved,District Collectorate,13
APP-0000621,LG-000116,Environmental Clearance,2021-08-21,2021-10-24,Approved,Finance Ministry,14
APP-0000622,LG-000116,Land Acquisition Approval,2021-10-03,2021-11-18,Approved,State Cabinet,10
APP-0000623,LG-000117,Administrative Approval,2024-05-18,2024-06-29,Approved,District Collectorate,13
APP-0000624,LG-000117,Environmental Clearance,2024-06-01,2024-08-16,Approved,MoEFCC,3
APP-0000625,LG-000117,Land Acquisition Approval,2024-04-08,2024-07-09,Approved,District Collectorate,7
APP-0000626,LG-000118,Administrative Approval,2018-07-11,2018-10-23,Approved,MoEFCC,12
APP-0000627,LG-000118,Environmental Clearance,2018-09-09,2018-12-18,Approved,District Collectorate,1
APP-0000628,LG-000118,Land Acquisition Approval,2018-08-12,,Submitted,MoEFCC,41
APP-0000629,LG-000118,Financial Approval,2018-07-16,2018-09-11,Approved,MoEFCC,13
APP-0000630,LG-000118,Government Notification,2018-09-02,,In Review,MoEFCC,129
APP-0000631,LG-000118,Administrative Approval,2018-09-24,2018-10-25,Approved,District Collectorate,8
APP-0000632,LG-000118,Environmental Clearance,2018-08-19,2018-11-26,Approved,Finance Ministry,2
APP-0000633,LG-000119,Administrative Approval,2020-06-14,,Conditionally Approved,District Collectorate,90
APP-0000634,LG-000119,Environmental Clearance,2020-04-16,,Submitted,Finance Ministry,121
APP-0000635,LG-000119,Land Acquisition Approval,2020-05-31,2020-07-24,Approved,District Collectorate,3
APP-0000636,LG-000119,Financial Approval,2020-06-19,,Submitted,MoEFCC,42
APP-0000637,LG-000119,Government Notification,2020-05-21,2020-06-30,Approved,District Collectorate,8
APP-0000638,LG-000119,Administrative Approval,2020-04-18,,Submitted,Finance Ministry,31
APP-0000639,LG-000119,Environmental Clearance,2020-03-31,2020-06-05,Approved,State Cabinet,11
APP-0000640,LG-000119,Land Acquisition Approval,2020-06-04,2020-09-18,Approved,District Collectorate,12
APP-0000641,LG-000120,Administrative Approval,2024-12-12,2025-03-28,Approved,District Collectorate,2
APP-0000642,LG-000120,Environmental Clearance,2024-12-29,2025-04-09,Approved,District Collectorate,0
APP-0000643,LG-000120,Land Acquisition Approval,2024-12-23,2025-03-25,Approved,State Cabinet,4
APP-0000644,LG-000120,Financial Approval,2024-12-26,2025-01-26,Approved,Finance Ministry,15
APP-0000645,LG-000120,Government Notification,2024-12-15,2025-01-17,Approved,MoEFCC,1
APP-0000646,LG-000121,Administrative Approval,2021-08-01,2021-10-11,Approved,District Collectorate,14
APP-0000647,LG-000121,Environmental Clearance,2021-08-03,2021-11-01,Approved,District Collectorate,6
APP-0000648,LG-000121,Land Acquisition Approval,2021-07-02,2021-09-14,Approved,Finance Ministry,5
APP-0000649,LG-000121,Financial Approval,2021-07-04,2021-10-01,Approved,Finance Ministry,0
APP-0000650,LG-000121,Government Notification,2021-09-05,2021-11-29,Approved,MoEFCC,15
APP-0000651,LG-000122,Administrative Approval,2020-05-18,2020-07-29,Approved,District Collectorate,11
APP-0000652,LG-000122,Environmental Clearance,2020-07-20,2020-10-30,Approved,Finance Ministry,13
APP-0000653,LG-000122,Land Acquisition Approval,2020-06-13,2020-07-26,Approved,Finance Ministry,13
APP-0000654,LG-000122,Financial Approval,2020-05-27,2020-09-06,Approved,Finance Ministry,10
APP-0000655,LG-000122,Government Notification,2020-08-03,2020-09-17,Approved,District Collectorate,4
APP-0000656,LG-000122,Administrative Approval,2020-06-26,2020-09-07,Approved,State Cabinet,0
APP-0000657,LG-000123,Administrative Approval,2022-04-14,,Conditionally Approved,District Collectorate,41
APP-0000658,LG-000123,Environmental Clearance,2022-05-28,2022-06-29,Approved,Finance Ministry,10
APP-0000659,LG-000123,Land Acquisition Approval,2022-04-20,2022-06-19,Approved,District Collectorate,7
APP-0000660,LG-000123,Financial Approval,2022-05-13,,Conditionally Approved,District Collectorate,41
APP-0000661,LG-000124,Administrative Approval,2023-05-21,2023-09-08,Approved,MoEFCC,15
APP-0000662,LG-000124,Environmental Clearance,2023-06-19,2023-09-26,Approved,Finance Ministry,11
APP-0000663,LG-000124,Land Acquisition Approval,2023-06-29,,In Review,Finance Ministry,107
APP-0000664,LG-000124,Financial Approval,2023-06-09,,Conditionally Approved,Finance Ministry,42
APP-0000665,LG-000124,Government Notification,2023-05-23,2023-09-02,Approved,MoEFCC,7
APP-0000666,LG-000124,Administrative Approval,2023-07-21,,Submitted,District Collectorate,117
APP-0000667,LG-000124,Environmental Clearance,2023-06-08,2023-09-21,Approved,Finance Ministry,2
APP-0000668,LG-000124,Land Acquisition Approval,2023-07-09,2023-09-01,Approved,MoEFCC,7
APP-0000669,LG-000125,Administrative Approval,2020-10-01,2021-01-14,Approved,District Collectorate,15
APP-0000670,LG-000125,Environmental Clearance,2020-10-18,2020-12-22,Approved,MoEFCC,4
APP-0000671,LG-000125,Land Acquisition Approval,2020-07-31,,Conditionally Approved,MoEFCC,132
APP-0000672,LG-000125,Financial Approval,2020-10-03,2021-01-22,Approved,MoEFCC,13
APP-0000673,LG-000126,Administrative Approval,2024-05-17,2024-08-31,Approved,State Cabinet,15
APP-0000674,LG-000126,Environmental Clearance,2024-03-28,2024-05-14,Approved,District Collectorate,11
APP-0000675,LG-000126,Land Acquisition Approval,2024-03-15,2024-05-21,Approved,Finance Ministry,2
APP-0000676,LG-000126,Financial Approval,2024-05-16,2024-08-29,Approved,State Cabinet,6
APP-0000677,LG-000126,Government Notification,2024-04-23,2024-07-17,Approved,District Collectorate,7
APP-0000678,LG-000126,Administrative Approval,2024-05-20,2024-08-29,Approved,State Cabinet,3
APP-0000679,LG-000126,Environmental Clearance,2024-04-26,2024-07-13,Approved,State Cabinet,6
APP-0000680,LG-000126,Land Acquisition Approval,2024-04-19,2024-07-12,Approved,Finance Ministry,0
APP-0000681,LG-000127,Administrative Approval,2024-10-23,2025-02-07,Approved,State Cabinet,2
APP-0000682,LG-000127,Environmental Clearance,2024-12-24,,Conditionally Approved,State Cabinet,132
APP-0000683,LG-000127,Land Acquisition Approval,2024-10-12,,In Review,MoEFCC,58
APP-0000684,LG-000128,Administrative Approval,2023-03-11,,Conditionally Approved,District Collectorate,112
APP-0000685,LG-000128,Environmental Clearance,2023-01-26,,In Review,District Collectorate,138
APP-0000686,LG-000128,Land Acquisition Approval,2023-01-23,,Submitted,State Cabinet,47
APP-0000687,LG-000128,Financial Approval,2023-03-04,,Conditionally Approved,District Collectorate,59
APP-0000688,LG-000129,Administrative Approval,2023-07-16,2023-10-25,Approved,MoEFCC,6
APP-0000689,LG-000129,Environmental Clearance,2023-08-11,2023-09-13,Approved,MoEFCC,11
APP-0000690,LG-000129,Land Acquisition Approval,2023-07-31,2023-09-28,Approved,Finance Ministry,14
APP-0000691,LG-000130,Administrative Approval,2019-02-22,2019-06-15,Approved,State Cabinet,6
APP-0000692,LG-000130,Environmental Clearance,2019-02-16,2019-05-12,Approved,Finance Ministry,8
APP-0000693,LG-000130,Land Acquisition Approval,2019-01-28,2019-03-02,Approved,MoEFCC,15
APP-0000694,LG-000130,Financial Approval,2019-01-26,,In Review,Finance Ministry,64
APP-0000695,LG-000131,Administrative Approval,2018-10-03,2018-11-02,Approved,Finance Ministry,4
APP-0000696,LG-000131,Environmental Clearance,2018-10-01,2018-11-07,Approved,State Cabinet,10
APP-0000697,LG-000131,Land Acquisition Approval,2018-09-23,,Conditionally Approved,State Cabinet,88
APP-0000698,LG-000132,Administrative Approval,2021-03-27,2021-06-24,Approved,Finance Ministry,1
APP-0000699,LG-000132,Environmental Clearance,2021-05-05,2021-08-04,Approved,MoEFCC,3
APP-0000700,LG-000132,Land Acquisition Approval,2021-05-13,2021-07-06,Approved,State Cabinet,11
APP-0000701,LG-000132,Financial Approval,2021-03-02,,Conditionally Approved,MoEFCC,35
APP-0000702,LG-000132,Government Notification,2021-05-21,2021-09-09,Approved,District Collectorate,4
APP-0000703,LG-000132,Administrative Approval,2021-05-01,2021-07-24,Approved,Finance Ministry,15
APP-0000704,LG-000132,Environmental Clearance,2021-04-08,2021-06-24,Approved,MoEFCC,13
APP-0000705,LG-000133,Administrative Approval,2020-08-07,2020-10-20,Approved,State Cabinet,0
APP-0000706,LG-000133,Environmental Clearance,2020-08-05,2020-11-01,Approved,District Collectorate,15
APP-0000707,LG-000133,Land Acquisition Approval,2020-09-13,2021-01-10,Approved,MoEFCC,0
APP-0000708,LG-000134,Administrative Approval,2022-02-21,2022-06-02,Approved,State Cabinet,12
APP-0000709,LG-000134,Environmental Clearance,2022-03-18,2022-05-07,Approved,MoEFCC,8
APP-0000710,LG-000134,Land Acquisition Approval,2022-02-23,2022-06-10,Approved,District Collectorate,0
APP-0000711,LG-000134,Financial Approval,2022-03-19,2022-07-14,Approved,State Cabinet,2
APP-0000712,LG-000134,Government Notification,2022-03-07,2022-06-11,Approved,MoEFCC,3
APP-0000713,LG-000134,Administrative Approval,2022-01-12,,In Review,District Collectorate,135
APP-0000714,LG-000134,Environmental Clearance,2022-03-27,2022-07-23,Approved,Finance Ministry,12
APP-0000715,LG-000135,Administrative Approval,2023-11-21,2024-03-05,Approved,MoEFCC,12
APP-0000716,LG-000135,Environmental Clearance,2023-11-23,2024-03-08,Approved,State Cabinet,13
APP-0000717,LG-000135,Land Acquisition Approval,2024-01-16,2024-05-02,Approved,State Cabinet,3
APP-0000718,LG-000135,Financial Approval,2023-11-28,2024-02-28,Approved,Finance Ministry,1
APP-0000719,LG-000135,Government Notification,2024-01-02,,Submitted,District Collectorate,138
APP-0000720,LG-000135,Administrative Approval,2024-01-15,,Conditionally Approved,MoEFCC,31
APP-0000721,LG-000136,Administrative Approval,2023-09-23,,In Review,State Cabinet,36
APP-0000722,LG-000136,Environmental Clearance,2023-08-18,2023-12-12,Approved,MoEFCC,7
APP-0000723,LG-000136,Land Acquisition Approval,2023-09-26,2023-12-02,Approved,MoEFCC,9
APP-0000724,LG-000137,Administrative Approval,2020-07-06,2020-10-16,Approved,District Collectorate,14
APP-0000725,LG-000137,Environmental Clearance,2020-06-17,2020-10-14,Approved,Finance Ministry,12
APP-0000726,LG-000137,Land Acquisition Approval,2020-06-16,2020-09-15,Approved,State Cabinet,13
APP-0000727,LG-000137,Financial Approval,2020-04-17,2020-06-14,Approved,District Collectorate,1
APP-0000728,LG-000137,Government Notification,2020-04-27,2020-06-02,Approved,State Cabinet,8
APP-0000729,LG-000137,Administrative Approval,2020-05-26,2020-07-18,Approved,District Collectorate,5
APP-0000730,LG-000137,Environmental Clearance,2020-06-18,2020-09-10,Approved,State Cabinet,8
APP-0000731,LG-000137,Land Acquisition Approval,2020-05-07,,Submitted,Finance Ministry,47
APP-0000732,LG-000138,Administrative Approval,2023-01-06,2023-02-05,Approved,MoEFCC,14
APP-0000733,LG-000138,Environmental Clearance,2023-02-03,2023-03-05,Approved,Finance Ministry,11
APP-0000734,LG-000138,Land Acquisition Approval,2023-02-13,2023-05-16,Approved,State Cabinet,9
APP-0000735,LG-000138,Financial Approval,2023-02-04,2023-05-06,Approved,District Collectorate,1
APP-0000736,LG-000138,Government Notification,2022-12-24,2023-03-21,Approved,State Cabinet,6
APP-0000737,LG-000138,Administrative Approval,2022-11-30,2023-03-16,Approved,District Collectorate,0
APP-0000738,LG-000139,Administrative Approval,2023-05-07,2023-08-25,Approved,District Collectorate,9
APP-0000739,LG-000139,Environmental Clearance,2023-06-18,2023-08-17,Approved,State Cabinet,6
APP-0000740,LG-000139,Land Acquisition Approval,2023-06-01,2023-08-16,Approved,District Collectorate,4
APP-0000741,LG-000139,Financial Approval,2023-06-11,2023-08-23,Approved,District Collectorate,2
APP-0000742,LG-000139,Government Notification,2023-06-13,2023-09-18,Approved,Finance Ministry,4
APP-0000743,LG-000139,Administrative Approval,2023-05-25,2023-06-24,Approved,State Cabinet,6
APP-0000744,LG-000140,Administrative Approval,2018-09-09,2018-10-21,Approved,District Collectorate,8
APP-0000745,LG-000140,Environmental Clearance,2018-08-15,2018-12-07,Approved,MoEFCC,6
APP-0000746,LG-000140,Land Acquisition Approval,2018-09-18,2018-11-19,Approved,District Collectorate,14
APP-0000747,LG-000141,Administrative Approval,2023-06-30,2023-09-06,Approved,District Collectorate,14
APP-0000748,LG-000141,Environmental Clearance,2023-06-02,2023-07-27,Approved,Finance Ministry,14
APP-0000749,LG-000141,Land Acquisition Approval,2023-05-03,2023-08-16,Approved,Finance Ministry,1
APP-0000750,LG-000141,Financial Approval,2023-06-26,2023-10-11,Approved,District Collectorate,9
APP-0000751,LG-000141,Government Notification,2023-06-17,2023-08-29,Approved,Finance Ministry,15
APP-0000752,LG-000141,Administrative Approval,2023-05-28,2023-07-09,Approved,State Cabinet,1
APP-0000753,LG-000141,Environmental Clearance,2023-07-25,2023-10-06,Approved,State Cabinet,15
APP-0000754,LG-000142,Administrative Approval,2022-09-22,2022-10-28,Approved,Finance Ministry,9
APP-0000755,LG-000142,Environmental Clearance,2022-11-04,2023-02-07,Approved,MoEFCC,5
APP-0000756,LG-000142,Land Acquisition Approval,2022-12-02,2023-03-21,Approved,Finance Ministry,0
APP-0000757,LG-000142,Financial Approval,2022-12-03,2023-02-11,Approved,MoEFCC,11
APP-0000758,LG-000142,Government Notification,2022-11-29,2023-02-17,Approved,State Cabinet,2
APP-0000759,LG-000142,Administrative Approval,2022-10-08,,Conditionally Approved,Finance Ministry,141
APP-0000760,LG-000143,Administrative Approval,2021-07-21,2021-10-24,Approved,State Cabinet,3
APP-0000761,LG-000143,Environmental Clearance,2021-06-03,2021-09-14,Approved,MoEFCC,11
APP-0000762,LG-000143,Land Acquisition Approval,2021-07-09,2021-10-11,Approved,District Collectorate,12
APP-0000763,LG-000143,Financial Approval,2021-08-23,,In Review,MoEFCC,75
APP-0000764,LG-000143,Government Notification,2021-08-07,2021-12-05,Approved,State Cabinet,10
APP-0000765,LG-000143,Administrative Approval,2021-06-17,2021-08-14,Approved,Finance Ministry,0
APP-0000766,LG-000144,Administrative Approval,2025-01-26,,Submitted,MoEFCC,112
APP-0000767,LG-000144,Environmental Clearance,2024-12-09,2025-02-17,Approved,Finance Ministry,9
APP-0000768,LG-000144,Land Acquisition Approval,2024-11-30,2025-03-25,Approved,District Collectorate,15
APP-0000769,LG-000144,Financial Approval,2025-01-11,2025-04-07,Approved,MoEFCC,14
APP-0000770,LG-000145,Administrative Approval,2020-03-17,2020-06-08,Approved,State Cabinet,0
APP-0000771,LG-000145,Environmental Clearance,2020-01-25,,Conditionally Approved,District Collectorate,138
APP-0000772,LG-000145,Land Acquisition Approval,2020-01-26,,In Review,State Cabinet,40
APP-0000773,LG-000145,Financial Approval,2020-04-03,2020-07-09,Approved,State Cabinet,8
APP-0000774,LG-000146,Administrative Approval,2021-03-30,2021-07-12,Approved,Finance Ministry,7
APP-0000775,LG-000146,Environmental Clearance,2021-03-19,2021-06-29,Approved,Finance Ministry,15
APP-0000776,LG-000146,Land Acquisition Approval,2021-04-03,2021-06-14,Approved,MoEFCC,0
APP-0000777,LG-000146,Financial Approval,2021-04-26,2021-06-30,Approved,MoEFCC,11
APP-0000778,LG-000146,Government Notification,2021-03-26,2021-07-10,Approved,State Cabinet,12
APP-0000779,LG-000146,Administrative Approval,2021-04-17,2021-05-20,Approved,MoEFCC,2
APP-0000780,LG-000146,Environmental Clearance,2021-03-26,2021-07-24,Approved,State Cabinet,5
APP-0000781,LG-000147,Administrative Approval,2021-11-15,2022-01-18,Approved,Finance Ministry,13
APP-0000782,LG-000147,Environmental Clearance,2021-11-19,2022-03-06,Approved,MoEFCC,1
APP-0000783,LG-000147,Land Acquisition Approval,2021-08-26,2021-10-22,Approved,District Collectorate,0
APP-0000784,LG-000147,Financial Approval,2021-11-19,2022-02-27,Approved,Finance Ministry,13
APP-0000785,LG-000147,Government Notification,2021-11-10,2022-01-19,Approved,District Collectorate,3
APP-0000786,LG-000147,Administrative Approval,2021-08-23,2021-11-09,Approved,Finance Ministry,3
APP-0000787,LG-000147,Environmental Clearance,2021-08-28,2021-11-30,Approved,State Cabinet,14
APP-0000788,LG-000147,Land Acquisition Approval,2021-08-31,2021-10-01,Approved,Finance Ministry,3
APP-0000789,LG-000148,Administrative Approval,2022-11-14,2023-02-06,Approved,Finance Ministry,0
APP-0000790,LG-000148,Environmental Clearance,2022-12-05,,In Review,MoEFCC,75
APP-0000791,LG-000148,Land Acquisition Approval,2022-12-19,,Submitted,State Cabinet,82
APP-0000792,LG-000149,Administrative Approval,2020-01-28,,Submitted,State Cabinet,49
APP-0000793,LG-000149,Environmental Clearance,2020-03-21,2020-06-07,Approved,MoEFCC,15
APP-0000794,LG-000149,Land Acquisition Approval,2020-01-20,,In Review,Finance Ministry,125
APP-0000795,LG-000149,Financial Approval,2020-01-16,,Conditionally Approved,State Cabinet,51
APP-0000796,LG-000149,Government Notification,2020-02-29,2020-05-25,Approved,District Collectorate,14
APP-0000797,LG-000150,Administrative Approval,2018-10-16,2018-12-25,Approved,District Collectorate,1
APP-0000798,LG-000150,Environmental Clearance,2018-08-16,2018-10-12,Approved,MoEFCC,15
APP-0000799,LG-000150,Land Acquisition Approval,2018-08-26,2018-10-09,Approved,Finance Ministry,10
APP-0000800,LG-000150,Financial Approval,2018-10-26,2019-01-21,Approved,MoEFCC,8
APP-0000801,LG-000150,Government Notification,2018-11-03,2019-02-13,Approved,District Collectorate,0
APP-0000802,LG-000150,Administrative Approval,2018-11-08,2018-12-12,Approved,Finance Ministry,11
APP-0000803,LG-000150,Environmental Clearance,2018-10-28,2018-12-05,Approved,Finance Ministry,8
APP-0000804,LG-000150,Land Acquisition Approval,2018-09-04,2018-12-07,Approved,Finance Ministry,1
APP-0000805,LG-000151,Administrative Approval,2020-11-17,,Submitted,District Collectorate,123
APP-0000806,LG-000151,Environmental Clearance,2020-12-08,2021-03-18,Approved,District Collectorate,5
APP-0000807,LG-000151,Land Acquisition Approval,2020-12-11,2021-02-24,Approved,Finance Ministry,7
APP-0000808,LG-000151,Financial Approval,2020-10-15,2021-01-07,Approved,MoEFCC,9
APP-0000809,LG-000151,Government Notification,2020-11-17,2021-01-16,Approved,MoEFCC,6
APP-0000810,LG-000151,Administrative Approval,2020-12-03,2021-02-19,Approved,Finance Ministry,13
APP-0000811,LG-000151,Environmental Clearance,2021-01-02,2021-02-08,Approved,State Cabinet,12
APP-0000812,LG-000152,Administrative Approval,2023-09-25,,In Review,Finance Ministry,42
APP-0000813,LG-000152,Environmental Clearance,2023-11-09,,In Review,Finance Ministry,65
APP-0000814,LG-000152,Land Acquisition Approval,2023-11-19,,In Review,State Cabinet,127
APP-0000815,LG-000153,Administrative Approval,2024-03-02,2024-04-12,Approved,District Collectorate,12
APP-0000816,LG-000153,Environmental Clearance,2024-05-07,2024-06-21,Approved,District Collectorate,5
APP-0000817,LG-000153,Land Acquisition Approval,2024-04-12,2024-05-17,Approved,MoEFCC,7
APP-0000818,LG-000153,Financial Approval,2024-03-03,2024-06-11,Approved,MoEFCC,14
APP-0000819,LG-000153,Government Notification,2024-03-23,2024-06-06,Approved,MoEFCC,11
APP-0000820,LG-000154,Administrative Approval,2022-05-02,2022-06-13,Approved,MoEFCC,12
APP-0000821,LG-000154,Environmental Clearance,2022-04-08,2022-05-10,Approved,Finance Ministry,2
APP-0000822,LG-000154,Land Acquisition Approval,2022-05-16,2022-07-27,Approved,Finance Ministry,11
APP-0000823,LG-000154,Financial Approval,2022-02-25,,In Review,Finance Ministry,92
APP-0000824,LG-000154,Government Notification,2022-04-02,2022-06-04,Approved,District Collectorate,8
APP-0000825,LG-000154,Administrative Approval,2022-03-03,2022-05-07,Approved,District Collectorate,4
APP-0000826,LG-000154,Environmental Clearance,2022-03-10,2022-06-11,Approved,MoEFCC,0
APP-0000827,LG-000155,Administrative Approval,2023-02-12,2023-04-22,Approved,Finance Ministry,0
APP-0000828,LG-000155,Environmental Clearance,2023-01-27,2023-05-01,Approved,MoEFCC,10
APP-0000829,LG-000155,Land Acquisition Approval,2023-03-04,2023-05-13,Approved,State Cabinet,7
APP-0000830,LG-000155,Financial Approval,2023-01-08,2023-02-24,Approved,MoEFCC,11
APP-0000831,LG-000155,Government Notification,2023-02-16,2023-03-25,Approved,State Cabinet,3
APP-0000832,LG-000155,Administrative Approval,2023-02-18,2023-05-18,Approved,MoEFCC,2
APP-0000833,LG-000155,Environmental Clearance,2023-03-04,2023-06-02,Approved,MoEFCC,11
APP-0000834,LG-000156,Administrative Approval,2021-10-30,2022-02-25,Approved,State Cabinet,14
APP-0000835,LG-000156,Environmental Clearance,2021-11-08,,Submitted,MoEFCC,57
APP-0000836,LG-000156,Land Acquisition Approval,2021-12-14,2022-04-11,Approved,Finance Ministry,0
APP-0000837,LG-000156,Financial Approval,2021-12-19,2022-03-12,Approved,MoEFCC,9
APP-0000838,LG-000156,Government Notification,2021-10-30,2022-02-14,Approved,District Collectorate,15
APP-0000839,LG-000156,Administrative Approval,2021-10-18,2022-01-23,Approved,MoEFCC,15
APP-0000840,LG-000157,Administrative Approval,2025-01-17,2025-05-12,Approved,District Collectorate,13
APP-0000841,LG-000157,Environmental Clearance,2024-11-13,2025-03-09,Approved,MoEFCC,11
APP-0000842,LG-000157,Land Acquisition Approval,2024-12-06,2025-02-10,Approved,Finance Ministry,15
APP-0000843,LG-000157,Financial Approval,2025-01-21,2025-03-02,Approved,Finance Ministry,2
APP-0000844,LG-000157,Government Notification,2024-10-28,2025-01-13,Approved,State Cabinet,11
APP-0000845,LG-000157,Administrative Approval,2025-01-05,2025-04-08,Approved,District Collectorate,10
APP-0000846,LG-000157,Environmental Clearance,2025-01-11,2025-04-22,Approved,District Collectorate,15
APP-0000847,LG-000158,Administrative Approval,2019-12-10,2020-02-16,Approved,District Collectorate,15
APP-0000848,LG-000158,Environmental Clearance,2019-11-04,2020-02-20,Approved,MoEFCC,13
APP-0000849,LG-000158,Land Acquisition Approval,2019-11-14,2020-03-03,Approved,State Cabinet,1
APP-0000850,LG-000159,Administrative Approval,2020-05-06,2020-08-06,Approved,Finance Ministry,9
APP-0000851,LG-000159,Environmental Clearance,2020-04-28,2020-08-05,Approved,District Collectorate,4
APP-0000852,LG-000159,Land Acquisition Approval,2020-03-29,2020-07-16,Approved,Finance Ministry,12
APP-0000853,LG-000160,Administrative Approval,2023-09-29,2023-12-29,Approved,District Collectorate,13
APP-0000854,LG-000160,Environmental Clearance,2023-10-10,2023-11-09,Approved,State Cabinet,15
APP-0000855,LG-000160,Land Acquisition Approval,2023-09-13,2023-10-14,Approved,District Collectorate,13
APP-0000856,LG-000160,Financial Approval,2023-11-12,2024-01-22,Approved,District Collectorate,1
APP-0000857,LG-000160,Government Notification,2023-10-21,2023-12-27,Approved,Finance Ministry,1
APP-0000858,LG-000160,Administrative Approval,2023-11-10,2024-02-14,Approved,State Cabinet,12
APP-0000859,LG-000160,Environmental Clearance,2023-10-01,2024-01-05,Approved,State Cabinet,14
APP-0000860,LG-000161,Administrative Approval,2022-12-01,,In Review,MoEFCC,115
APP-0000861,LG-000161,Environmental Clearance,2022-11-12,,Submitted,State Cabinet,114
APP-0000862,LG-000161,Land Acquisition Approval,2022-10-03,,In Review,MoEFCC,55
APP-0000863,LG-000162,Administrative Approval,2024-06-23,2024-10-17,Approved,District Collectorate,4
APP-0000864,LG-000162,Environmental Clearance,2024-08-17,2024-09-17,Approved,State Cabinet,7
APP-0000865,LG-000162,Land Acquisition Approval,2024-08-16,2024-11-23,Approved,District Collectorate,13
APP-0000866,LG-000163,Administrative Approval,2018-11-22,2019-02-20,Approved,Finance Ministry,14
APP-0000867,LG-000163,Environmental Clearance,2018-09-20,2018-12-22,Approved,MoEFCC,9
APP-0000868,LG-000163,Land Acquisition Approval,2018-11-18,2019-03-16,Approved,MoEFCC,8
APP-0000869,LG-000163,Financial Approval,2018-09-19,2018-10-22,Approved,MoEFCC,7
APP-0000870,LG-000164,Administrative Approval,2021-03-31,2021-07-27,Approved,Finance Ministry,11
APP-0000871,LG-000164,Environmental Clearance,2021-05-25,2021-09-07,Approved,MoEFCC,2
APP-0000872,LG-000164,Land Acquisition Approval,2021-04-16,2021-08-12,Approved,Finance Ministry,12
APP-0000873,LG-000164,Financial Approval,2021-04-21,2021-07-06,Approved,Finance Ministry,8
APP-0000874,LG-000164,Government Notification,2021-03-12,2021-05-05,Approved,State Cabinet,8
APP-0000875,LG-000164,Administrative Approval,2021-05-02,,Submitted,State Cabinet,60
APP-0000876,LG-000164,Environmental Clearance,2021-05-29,2021-09-26,Approved,Finance Ministry,13
APP-0000877,LG-000164,Land Acquisition Approval,2021-04-27,2021-08-04,Approved,Finance Ministry,3
APP-0000878,LG-000165,Administrative Approval,2018-11-23,2019-03-12,Approved,MoEFCC,13
APP-0000879,LG-000165,Environmental Clearance,2018-10-07,2019-01-21,Approved,State Cabinet,5
APP-0000880,LG-000165,Land Acquisition Approval,2018-10-27,,In Review,District Collectorate,47
APP-0000881,LG-000165,Financial Approval,2018-10-04,2018-11-18,Approved,Finance Ministry,10
APP-0000882,LG-000165,Government Notification,2018-11-13,2019-01-16,Approved,Finance Ministry,4
APP-0000883,LG-000166,Administrative Approval,2020-01-18,,In Review,District Collectorate,135
APP-0000884,LG-000166,Environmental Clearance,2020-01-12,2020-04-14,Approved,State Cabinet,6
APP-0000885,LG-000166,Land Acquisition Approval,2019-11-10,,Conditionally Approved,District Collectorate,131
APP-0000886,LG-000166,Financial Approval,2019-12-09,,In Review,MoEFCC,60
APP-0000887,LG-000167,Administrative Approval,2020-09-15,2020-12-20,Approved,Finance Ministry,15
APP-0000888,LG-000167,Environmental Clearance,2020-09-05,2020-11-05,Approved,Finance Ministry,9
APP-0000889,LG-000167,Land Acquisition Approval,2020-07-07,,Conditionally Approved,MoEFCC,63
APP-0000890,LG-000168,Administrative Approval,2019-01-31,,Conditionally Approved,State Cabinet,144
APP-0000891,LG-000168,Environmental Clearance,2019-02-01,2019-05-21,Approved,District Collectorate,5
APP-0000892,LG-000168,Land Acquisition Approval,2018-12-24,2019-03-16,Approved,District Collectorate,6
APP-0000893,LG-000169,Administrative Approval,2021-03-26,2021-07-03,Approved,District Collectorate,0
APP-0000894,LG-000169,Environmental Clearance,2021-06-05,,Submitted,State Cabinet,63
APP-0000895,LG-000169,Land Acquisition Approval,2021-06-15,,In Review,District Collectorate,90
APP-0000896,LG-000169,Financial Approval,2021-06-05,,Conditionally Approved,Finance Ministry,69
APP-0000897,LG-000169,Government Notification,2021-05-08,2021-08-12,Approved,Finance Ministry,6
APP-0000898,LG-000169,Administrative Approval,2021-03-30,,Conditionally Approved,Finance Ministry,41
APP-0000899,LG-000170,Administrative Approval,2019-12-12,2020-02-16,Approved,Finance Ministry,1
APP-0000900,LG-000170,Environmental Clearance,2019-12-08,,In Review,Finance Ministry,57
APP-0000901,LG-000170,Land Acquisition Approval,2019-10-19,2019-11-18,Approved,MoEFCC,6
APP-0000902,LG-000170,Financial Approval,2020-01-01,,Conditionally Approved,Finance Ministry,36
APP-0000903,LG-000170,Government Notification,2019-11-11,2020-01-10,Approved,MoEFCC,12
APP-0000904,LG-000170,Administrative Approval,2019-10-27,,Submitted,MoEFCC,146
APP-0000905,LG-000170,Environmental Clearance,2019-11-22,,Conditionally Approved,Finance Ministry,50
APP-0000906,LG-000170,Land Acquisition Approval,2019-10-19,,Submitted,State Cabinet,84
APP-0000907,LG-000171,Administrative Approval,2023-06-03,2023-07-12,Approved,District Collectorate,0
APP-0000908,LG-000171,Environmental Clearance,2023-04-24,2023-06-20,Approved,District Collectorate,2
APP-0000909,LG-000171,Land Acquisition Approval,2023-05-13,2023-08-21,Approved,MoEFCC,10
APP-0000910,LG-000171,Financial Approval,2023-04-26,2023-07-20,Approved,District Collectorate,14
APP-0000911,LG-000171,Government Notification,2023-05-29,,Submitted,State Cabinet,63
APP-0000912,LG-000172,Administrative Approval,2018-11-11,2019-02-17,Approved,Finance Ministry,6
APP-0000913,LG-000172,Environmental Clearance,2018-12-05,2019-03-23,Approved,State Cabinet,0
APP-0000914,LG-000172,Land Acquisition Approval,2018-10-20,2018-11-30,Approved,Finance Ministry,14
APP-0000915,LG-000173,Administrative Approval,2020-09-27,2021-01-16,Approved,MoEFCC,12
APP-0000916,LG-000173,Environmental Clearance,2020-10-19,,In Review,State Cabinet,56
APP-0000917,LG-000173,Land Acquisition Approval,2020-09-15,,Submitted,Finance Ministry,62
APP-0000918,LG-000173,Financial Approval,2020-09-01,,In Review,MoEFCC,127
APP-0000919,LG-000173,Government Notification,2020-09-21,2020-11-09,Approved,Finance Ministry,10
APP-0000920,LG-000174,Administrative Approval,2022-07-28,2022-11-05,Approved,State Cabinet,6
APP-0000921,LG-000174,Environmental Clearance,2022-08-10,2022-09-29,Approved,District Collectorate,11
APP-0000922,LG-000174,Land Acquisition Approval,2022-06-21,2022-09-05,Approved,State Cabinet,7
APP-0000923,LG-000174,Financial Approval,2022-09-16,2022-11-07,Approved,MoEFCC,2
APP-0000924,LG-000174,Government Notification,2022-07-02,2022-09-08,Approved,Finance Ministry,12
APP-0000925,LG-000174,Administrative Approval,2022-07-31,2022-11-14,Approved,District Collectorate,2
APP-0000926,LG-000175,Administrative Approval,2021-07-20,2021-09-30,Approved,MoEFCC,12
APP-0000927,LG-000175,Environmental Clearance,2021-06-19,2021-08-12,Approved,State Cabinet,8
APP-0000928,LG-000175,Land Acquisition Approval,2021-07-31,,Conditionally Approved,State Cabinet,116
APP-0000929,LG-000176,Administrative Approval,2024-01-19,,Submitted,State Cabinet,32
APP-0000930,LG-000176,Environmental Clearance,2024-01-30,,In Review,Finance Ministry,52
APP-0000931,LG-000176,Land Acquisition Approval,2023-12-22,2024-04-13,Approved,District Collectorate,7
APP-0000932,LG-000176,Financial Approval,2023-11-30,,Conditionally Approved,Finance Ministry,72
APP-0000933,LG-000176,Government Notification,2024-01-17,2024-03-18,Approved,District Collectorate,3
APP-0000934,LG-000176,Administrative Approval,2023-12-28,2024-03-15,Approved,District Collectorate,4
APP-0000935,LG-000176,Environmental Clearance,2023-12-11,,Submitted,State Cabinet,143
APP-0000936,LG-000177,Administrative Approval,2024-02-17,2024-03-27,Approved,State Cabinet,15
APP-0000937,LG-000177,Environmental Clearance,2024-02-27,2024-04-30,Approved,State Cabinet,3
APP-0000938,LG-000177,Land Acquisition Approval,2024-04-14,,In Review,State Cabinet,105
APP-0000939,LG-000177,Financial Approval,2024-02-27,2024-06-09,Approved,Finance Ministry,11
APP-0000940,LG-000178,Administrative Approval,2024-07-27,2024-09-18,Approved,Finance Ministry,12
APP-0000941,LG-000178,Environmental Clearance,2024-09-12,,Submitted,Finance Ministry,39
APP-0000942,LG-000178,Land Acquisition Approval,2024-08-31,2024-10-23,Approved,State Cabinet,11
APP-0000943,LG-000178,Financial Approval,2024-09-22,2025-01-04,Approved,Finance Ministry,2
APP-0000944,LG-000178,Government Notification,2024-09-11,2024-10-28,Approved,State Cabinet,4
APP-0000945,LG-000178,Administrative Approval,2024-09-12,,In Review,District Collectorate,61
APP-0000946,LG-000178,Environmental Clearance,2024-07-06,2024-09-16,Approved,Finance Ministry,15
APP-0000947,LG-000178,Land Acquisition Approval,2024-07-08,2024-09-23,Approved,State Cabinet,15
APP-0000948,LG-000179,Administrative Approval,2021-08-03,2021-11-28,Approved,State Cabinet,8
APP-0000949,LG-000179,Environmental Clearance,2021-08-06,2021-10-28,Approved,Finance Ministry,4
APP-0000950,LG-000179,Land Acquisition Approval,2021-07-25,,In Review,District Collectorate,90
APP-0000951,LG-000179,Financial Approval,2021-09-28,2021-11-15,Approved,State Cabinet,5
APP-0000952,LG-000179,Government Notification,2021-07-12,2021-11-06,Approved,State Cabinet,9
APP-0000953,LG-000179,Administrative Approval,2021-09-20,,Conditionally Approved,Finance Ministry,131
APP-0000954,LG-000179,Environmental Clearance,2021-07-24,2021-09-03,Approved,State Cabinet,0
APP-0000955,LG-000179,Land Acquisition Approval,2021-08-01,2021-09-13,Approved,District Collectorate,14
APP-0000956,LG-000180,Administrative Approval,2021-09-15,,Conditionally Approved,MoEFCC,126
APP-0000957,LG-000180,Environmental Clearance,2021-10-30,2021-12-24,Approved,MoEFCC,13
APP-0000958,LG-000180,Land Acquisition Approval,2021-09-09,2021-12-30,Approved,State Cabinet,10
APP-0000959,LG-000181,Administrative Approval,2021-10-24,,Submitted,State Cabinet,139
APP-0000960,LG-000181,Environmental Clearance,2021-12-14,,In Review,State Cabinet,80
APP-0000961,LG-000181,Land Acquisition Approval,2021-10-17,2022-01-01,Approved,District Collectorate,11
APP-0000962,LG-000181,Financial Approval,2021-10-10,,Submitted,MoEFCC,117
APP-0000963,LG-000182,Administrative Approval,2021-08-05,2021-09-26,Approved,District Collectorate,10
APP-0000964,LG-000182,Environmental Clearance,2021-06-11,2021-08-19,Approved,District Collectorate,3
APP-0000965,LG-000182,Land Acquisition Approval,2021-06-22,2021-10-03,Approved,Finance Ministry,6
APP-0000966,LG-000183,Administrative Approval,2019-04-15,2019-07-28,Approved,Finance Ministry,8
APP-0000967,LG-000183,Environmental Clearance,2019-02-07,,In Review,State Cabinet,137
APP-0000968,LG-000183,Land Acquisition Approval,2019-04-14,2019-05-21,Approved,Finance Ministry,9
APP-0000969,LG-000183,Financial Approval,2019-02-21,2019-05-01,Approved,MoEFCC,4
APP-0000970,LG-000183,Government Notification,2019-03-18,2019-06-08,Approved,District Collectorate,7
APP-0000971,LG-000184,Administrative Approval,2021-06-03,2021-09-01,Approved,MoEFCC,11
APP-0000972,LG-000184,Environmental Clearance,2021-05-20,2021-06-21,Approved,Finance Ministry,6
APP-0000973,LG-000184,Land Acquisition Approval,2021-07-08,2021-09-20,Approved,District Collectorate,15
APP-0000974,LG-000184,Financial Approval,2021-06-16,2021-09-14,Approved,District Collectorate,7
APP-0000975,LG-000184,Government Notification,2021-07-13,2021-08-23,Approved,District Collectorate,8
APP-0000976,LG-000184,Administrative Approval,2021-07-20,,In Review,MoEFCC,59
APP-0000977,LG-000185,Administrative Approval,2024-02-20,,Submitted,Finance Ministry,106
APP-0000978,LG-000185,Environmental Clearance,2023-12-29,,Submitted,District Collectorate,46
APP-0000979,LG-000185,Land Acquisition Approval,2024-03-11,2024-05-30,Approved,MoEFCC,12
APP-0000980,LG-000185,Financial Approval,2024-02-29,,Submitted,District Collectorate,30
APP-0000981,LG-000185,Government Notification,2024-01-22,2024-02-26,Approved,Finance Ministry,0
APP-0000982,LG-000185,Administrative Approval,2023-12-29,2024-02-09,Approved,State Cabinet,0
APP-0000983,LG-000186,Administrative Approval,2020-07-19,,Submitted,Finance Ministry,46
APP-0000984,LG-000186,Environmental Clearance,2020-07-12,2020-11-04,Approved,District Collectorate,11
APP-0000985,LG-000186,Land Acquisition Approval,2020-08-12,2020-09-30,Approved,State Cabinet,0
APP-0000986,LG-000186,Financial Approval,2020-08-24,2020-09-23,Approved,State Cabinet,3
APP-0000987,LG-000186,Government Notification,2020-06-25,2020-09-22,Approved,MoEFCC,12
APP-0000988,LG-000186,Administrative Approval,2020-08-13,,In Review,Finance Ministry,116
APP-0000989,LG-000187,Administrative Approval,2022-11-08,2023-01-27,Approved,District Collectorate,10
APP-0000990,LG-000187,Environmental Clearance,2022-11-05,,In Review,State Cabinet,135
APP-0000991,LG-000187,Land Acquisition Approval,2022-10-25,,Submitted,District Collectorate,41
APP-0000992,LG-000187,Financial Approval,2022-11-16,2023-03-16,Approved,District Collectorate,10
APP-0000993,LG-000187,Government Notification,2022-10-02,,Conditionally Approved,State Cabinet,137
APP-0000994,LG-000187,Administrative Approval,2022-10-11,,In Review,MoEFCC,121
APP-0000995,LG-000187,Environmental Clearance,2022-10-30,2023-01-20,Approved,State Cabinet,7
APP-0000996,LG-000188,Administrative Approval,2022-08-20,,Submitted,Finance Ministry,99
APP-0000997,LG-000188,Environmental Clearance,2022-07-07,2022-10-24,Approved,State Cabinet,13
APP-0000998,LG-000188,Land Acquisition Approval,2022-08-04,,In Review,Finance Ministry,67
APP-0000999,LG-000188,Financial Approval,2022-07-28,,In Review,State Cabinet,41
APP-0001000,LG-000188,Government Notification,2022-07-09,2022-10-29,Approved,District Collectorate,7
APP-0001001,LG-000189,Administrative Approval,2021-12-28,,Submitted,Finance Ministry,51
APP-0001002,LG-000189,Environmental Clearance,2021-12-20,2022-02-08,Approved,District Collectorate,8
APP-0001003,LG-000189,Land Acquisition Approval,2021-11-20,,Conditionally Approved,District Collectorate,138
APP-0001004,LG-000189,Financial Approval,2021-11-02,,Submitted,Finance Ministry,58
APP-0001005,LG-000189,Government Notification,2021-12-11,2022-01-15,Approved,District Collectorate,13
APP-0001006,LG-000189,Administrative Approval,2021-12-01,2022-02-12,Approved,MoEFCC,9
APP-0001007,LG-000190,Administrative Approval,2021-12-06,,Conditionally Approved,Finance Ministry,126
APP-0001008,LG-000190,Environmental Clearance,2021-10-17,,Conditionally Approved,District Collectorate,92
APP-0001009,LG-000190,Land Acquisition Approval,2021-10-23,,In Review,District Collectorate,131
APP-0001010,LG-000190,Financial Approval,2021-10-19,2021-12-25,Approved,MoEFCC,12
APP-0001011,LG-000190,Government Notification,2021-09-26,,Conditionally Approved,Finance Ministry,147
APP-0001012,LG-000191,Administrative Approval,2020-05-18,2020-08-26,Approved,Finance Ministry,12
APP-0001013,LG-000191,Environmental Clearance,2020-06-04,,Conditionally Approved,MoEFCC,72
APP-0001014,LG-000191,Land Acquisition Approval,2020-04-01,,In Review,District Collectorate,146
APP-0001015,LG-000191,Financial Approval,2020-06-25,2020-10-02,Approved,District Collectorate,3
APP-0001016,LG-000191,Government Notification,2020-05-27,2020-07-02,Approved,District Collectorate,2
APP-0001017,LG-000192,Administrative Approval,2024-01-30,2024-04-19,Approved,MoEFCC,13
APP-0001018,LG-000192,Environmental Clearance,2024-02-06,,In Review,MoEFCC,60
APP-0001019,LG-000192,Land Acquisition Approval,2024-01-19,2024-03-28,Approved,Finance Ministry,4
APP-0001020,LG-000193,Administrative Approval,2019-10-02,,In Review,MoEFCC,127
APP-0001021,LG-000193,Environmental Clearance,2019-08-03,,Conditionally Approved,State Cabinet,68
APP-0001022,LG-000193,Land Acquisition Approval,2019-08-02,2019-11-30,Approved,State Cabinet,12
APP-0001023,LG-000194,Administrative Approval,2021-03-16,2021-04-26,Approved,State Cabinet,15
APP-0001024,LG-000194,Environmental Clearance,2021-02-01,2021-04-13,Approved,State Cabinet,7
APP-0001025,LG-000194,Land Acquisition Approval,2021-02-26,,Submitted,State Cabinet,148
APP-0001026,LG-000194,Financial Approval,2021-03-12,2021-06-23,Approved,District Collectorate,13
APP-0001027,LG-000195,Administrative Approval,2022-10-08,,Conditionally Approved,State Cabinet,90
APP-0001028,LG-000195,Environmental Clearance,2022-10-03,2022-12-30,Approved,Finance Ministry,5
APP-0001029,LG-000195,Land Acquisition Approval,2022-10-04,2022-12-22,Approved,State Cabinet,14
APP-0001030,LG-000195,Financial Approval,2022-08-26,,Conditionally Approved,District Collectorate,100
APP-0001031,LG-000195,Government Notification,2022-08-18,,In Review,Finance Ministry,133
APP-0001032,LG-000195,Administrative Approval,2022-09-06,,In Review,District Collectorate,117
APP-0001033,LG-000195,Environmental Clearance,2022-09-29,,In Review,State Cabinet,64
APP-0001034,LG-000196,Administrative Approval,2019-11-11,,Conditionally Approved,State Cabinet,41
APP-0001035,LG-000196,Environmental Clearance,2019-11-12,,Submitted,Finance Ministry,86
APP-0001036,LG-000196,Land Acquisition Approval,2019-10-12,,Submitted,MoEFCC,79
APP-0001037,LG-000197,Administrative Approval,2019-07-18,2019-11-04,Approved,District Collectorate,3
APP-0001038,LG-000197,Environmental Clearance,2019-07-29,2019-11-16,Approved,MoEFCC,14
APP-0001039,LG-000197,Land Acquisition Approval,2019-09-18,2019-10-30,Approved,District Collectorate,4
APP-0001040,LG-000197,Financial Approval,2019-08-05,2019-10-30,Approved,MoEFCC,15
APP-0001041,LG-000197,Government Notification,2019-08-10,,Conditionally Approved,Finance Ministry,132
APP-0001042,LG-000197,Administrative Approval,2019-08-07,2019-09-11,Approved,Finance Ministry,10
APP-0001043,LG-000197,Environmental Clearance,2019-07-15,2019-10-21,Approved,Finance Ministry,2
APP-0001044,LG-000197,Land Acquisition Approval,2019-08-20,2019-12-03,Approved,MoEFCC,11
APP-0001045,LG-000198,Administrative Approval,2024-02-13,2024-03-16,Approved,MoEFCC,6
APP-0001046,LG-000198,Environmental Clearance,2024-04-11,2024-06-02,Approved,Finance Ministry,15
APP-0001047,LG-000198,Land Acquisition Approval,2024-04-16,2024-05-23,Approved,Finance Ministry,13
APP-0001048,LG-000198,Financial Approval,2024-03-31,2024-06-05,Approved,MoEFCC,5
APP-0001049,LG-000198,Government Notification,2024-03-17,2024-04-19,Approved,Finance Ministry,10
APP-0001050,LG-000198,Administrative Approval,2024-04-12,2024-07-02,Approved,State Cabinet,5
APP-0001051,LG-000198,Environmental Clearance,2024-02-12,2024-04-15,Approved,District Collectorate,13
APP-0001052,LG-000198,Land Acquisition Approval,2024-02-15,2024-05-06,Approved,MoEFCC,10
APP-0001053,LG-000199,Administrative Approval,2024-10-16,2024-12-29,Approved,State Cabinet,1
APP-0001054,LG-000199,Environmental Clearance,2024-09-20,2025-01-05,Approved,Finance Ministry,4
APP-0001055,LG-000199,Land Acquisition Approval,2024-08-28,,Conditionally Approved,State Cabinet,30
APP-0001056,LG-000199,Financial Approval,2024-08-19,,In Review,State Cabinet,134
APP-0001057,LG-000200,Administrative Approval,2019-12-19,2020-02-04,Approved,MoEFCC,13
APP-0001058,LG-000200,Environmental Clearance,2019-12-11,2020-01-25,Approved,District Collectorate,15
APP-0001059,LG-000200,Land Acquisition Approval,2019-12-27,2020-03-21,Approved,District Collectorate,6
APP-0001060,LG-000200,Financial Approval,2019-11-15,2020-02-28,Approved,District Collectorate,12
APP-0001061,LG-000200,Government Notification,2019-12-30,2020-02-20,Approved,Finance Ministry,0
APP-0001062,LG-000201,Administrative Approval,2022-11-17,,In Review,Finance Ministry,99
APP-0001063,LG-000201,Environmental Clearance,2022-10-29,,Conditionally Approved,State Cabinet,86
APP-0001064,LG-000201,Land Acquisition Approval,2022-10-04,2023-01-22,Approved,Finance Ministry,10
APP-0001065,LG-000202,Administrative Approval,2021-10-27,,In Review,District Collectorate,61
APP-0001066,LG-000202,Environmental Clearance,2021-11-25,2022-03-04,Approved,State Cabinet,14
APP-0001067,LG-000202,Land Acquisition Approval,2021-11-09,2022-03-08,Approved,District Collectorate,0
APP-0001068,LG-000202,Financial Approval,2021-12-28,,In Review,District Collectorate,43
APP-0001069,LG-000202,Government Notification,2021-11-27,2022-01-07,Approved,State Cabinet,13
APP-0001070,LG-000203,Administrative Approval,2022-04-05,2022-08-03,Approved,District Collectorate,12
APP-0001071,LG-000203,Environmental Clearance,2022-06-15,,Submitted,State Cabinet,90
APP-0001072,LG-000203,Land Acquisition Approval,2022-04-20,,In Review,District Collectorate,84
APP-0001073,LG-000203,Financial Approval,2022-05-31,,Submitted,State Cabinet,41
APP-0001074,LG-000203,Government Notification,2022-05-18,2022-06-19,Approved,MoEFCC,0
APP-0001075,LG-000203,Administrative Approval,2022-06-02,,Submitted,MoEFCC,135
APP-0001076,LG-000203,Environmental Clearance,2022-03-22,2022-05-22,Approved,State Cabinet,5
APP-0001077,LG-000203,Land Acquisition Approval,2022-04-26,2022-06-25,Approved,Finance Ministry,5
APP-0001078,LG-000204,Administrative Approval,2022-01-26,2022-04-23,Approved,MoEFCC,0
APP-0001079,LG-000204,Environmental Clearance,2022-03-19,2022-06-27,Approved,State Cabinet,4
APP-0001080,LG-000204,Land Acquisition Approval,2022-01-18,2022-03-05,Approved,MoEFCC,1
APP-0001081,LG-000204,Financial Approval,2022-01-14,2022-05-11,Approved,MoEFCC,7
APP-0001082,LG-000204,Government Notification,2022-01-28,2022-04-19,Approved,District Collectorate,15
APP-0001083,LG-000204,Administrative Approval,2021-12-26,2022-02-06,Approved,State Cabinet,11
APP-0001084,LG-000204,Environmental Clearance,2022-01-22,,Submitted,Finance Ministry,73
APP-0001085,LG-000204,Land Acquisition Approval,2022-01-30,2022-03-29,Approved,Finance Ministry,10
APP-0001086,LG-000205,Administrative Approval,2018-11-21,,In Review,State Cabinet,89
APP-0001087,LG-000205,Environmental Clearance,2019-01-17,2019-02-27,Approved,State Cabinet,8
APP-0001088,LG-000205,Land Acquisition Approval,2018-12-17,2019-03-18,Approved,State Cabinet,2
APP-0001089,LG-000205,Financial Approval,2018-11-24,2019-01-03,Approved,State Cabinet,8
APP-0001090,LG-000205,Government Notification,2019-01-06,,In Review,District Collectorate,130
APP-0001091,LG-000206,Administrative Approval,2023-02-02,,Conditionally Approved,District Collectorate,143
APP-0001092,LG-000206,Environmental Clearance,2023-02-05,2023-05-25,Approved,MoEFCC,9
APP-0001093,LG-000206,Land Acquisition Approval,2023-03-27,2023-05-25,Approved,Finance Ministry,14
APP-0001094,LG-000206,Financial Approval,2023-04-11,2023-05-21,Approved,District Collectorate,1
APP-0001095,LG-000207,Administrative Approval,2019-08-18,,Submitted,MoEFCC,95
APP-0001096,LG-000207,Environmental Clearance,2019-08-11,,Submitted,MoEFCC,149
APP-0001097,LG-000207,Land Acquisition Approval,2019-07-07,2019-10-02,Approved,State Cabinet,10
APP-0001098,LG-000207,Financial Approval,2019-06-17,2019-08-30,Approved,District Collectorate,11
APP-0001099,LG-000207,Government Notification,2019-07-09,,Submitted,MoEFCC,91
APP-0001100,LG-000207,Administrative Approval,2019-06-13,2019-09-17,Approved,District Collectorate,15
APP-0001101,LG-000207,Environmental Clearance,2019-07-09,,Submitted,District Collectorate,114
APP-0001102,LG-000208,Administrative Approval,2025-01-02,,Submitted,District Collectorate,119
APP-0001103,LG-000208,Environmental Clearance,2024-12-31,2025-03-13,Approved,District Collectorate,14
APP-0001104,LG-000208,Land Acquisition Approval,2024-11-18,2025-02-24,Approved,District Collectorate,7
APP-0001105,LG-000208,Financial Approval,2025-02-07,2025-05-03,Approved,MoEFCC,15
APP-0001106,LG-000208,Government Notification,2025-01-04,2025-03-26,Approved,State Cabinet,5
APP-0001107,LG-000209,Administrative Approval,2018-03-03,2018-04-17,Approved,State Cabinet,5
APP-0001108,LG-000209,Environmental Clearance,2018-03-20,2018-05-23,Approved,District Collectorate,9
APP-0001109,LG-000209,Land Acquisition Approval,2018-02-28,2018-04-30,Approved,Finance Ministry,0
APP-0001110,LG-000209,Financial Approval,2018-04-02,2018-05-18,Approved,District Collectorate,10
APP-0001111,LG-000210,Administrative Approval,2019-03-31,2019-07-16,Approved,State Cabinet,9
APP-0001112,LG-000210,Environmental Clearance,2019-04-27,,Submitted,State Cabinet,49
APP-0001113,LG-000210,Land Acquisition Approval,2019-05-25,,Submitted,State Cabinet,77
APP-0001114,LG-000211,Administrative Approval,2018-08-21,2018-10-10,Approved,District Collectorate,4
APP-0001115,LG-000211,Environmental Clearance,2018-05-31,2018-07-26,Approved,State Cabinet,9
APP-0001116,LG-000211,Land Acquisition Approval,2018-07-21,2018-11-15,Approved,State Cabinet,4
APP-0001117,LG-000211,Financial Approval,2018-05-24,,In Review,Finance Ministry,62
APP-0001118,LG-000212,Administrative Approval,2020-11-21,2021-02-03,Approved,District Collectorate,8
APP-0001119,LG-000212,Environmental Clearance,2020-11-21,,Submitted,State Cabinet,46
APP-0001120,LG-000212,Land Acquisition Approval,2020-11-09,2021-01-26,Approved,State Cabinet,0
APP-0001121,LG-000212,Financial Approval,2020-09-26,,Submitted,Finance Ministry,84
APP-0001122,LG-000212,Government Notification,2020-11-15,,Submitted,State Cabinet,87
APP-0001123,LG-000212,Administrative Approval,2020-10-20,,In Review,MoEFCC,74
APP-0001124,LG-000213,Administrative Approval,2021-06-21,,Submitted,Finance Ministry,113
APP-0001125,LG-000213,Environmental Clearance,2021-04-21,,Submitted,State Cabinet,125
APP-0001126,LG-000213,Land Acquisition Approval,2021-06-01,,In Review,MoEFCC,58
APP-0001127,LG-000213,Financial Approval,2021-06-28,,Submitted,MoEFCC,34
APP-0001128,LG-000213,Government Notification,2021-05-27,2021-09-08,Approved,District Collectorate,5
APP-0001129,LG-000214,Administrative Approval,2022-05-25,,Conditionally Approved,MoEFCC,44
APP-0001130,LG-000214,Environmental Clearance,2022-04-16,,Conditionally Approved,District Collectorate,107
APP-0001131,LG-000214,Land Acquisition Approval,2022-07-08,2022-10-20,Approved,State Cabinet,5
APP-0001132,LG-000214,Financial Approval,2022-05-15,,Conditionally Approved,District Collectorate,92
APP-0001133,LG-000214,Government Notification,2022-07-10,,Conditionally Approved,State Cabinet,56
APP-0001134,LG-000214,Administrative Approval,2022-04-20,,Submitted,MoEFCC,117
APP-0001135,LG-000214,Environmental Clearance,2022-04-15,,Submitted,State Cabinet,48
APP-0001136,LG-000214,Land Acquisition Approval,2022-07-07,2022-10-31,Approved,District Collectorate,15
APP-0001137,LG-000215,Administrative Approval,2021-07-01,,Submitted,MoEFCC,35
APP-0001138,LG-000215,Environmental Clearance,2021-06-09,,In Review,State Cabinet,105
APP-0001139,LG-000215,Land Acquisition Approval,2021-06-11,,In Review,Finance Ministry,135
APP-0001140,LG-000215,Financial Approval,2021-05-16,2021-09-06,Approved,MoEFCC,13
APP-0001141,LG-000215,Government Notification,2021-05-19,2021-08-28,Approved,MoEFCC,7
APP-0001142,LG-000216,Administrative Approval,2020-08-12,2020-10-05,Approved,Finance Ministry,7
APP-0001143,LG-000216,Environmental Clearance,2020-07-06,2020-09-15,Approved,District Collectorate,10
APP-0001144,LG-000216,Land Acquisition Approval,2020-09-25,2020-12-01,Approved,District Collectorate,3
APP-0001145,LG-000216,Financial Approval,2020-07-13,2020-11-02,Approved,Finance Ministry,11
APP-0001146,LG-000217,Administrative Approval,2022-02-11,2022-03-28,Approved,District Collectorate,5
APP-0001147,LG-000217,Environmental Clearance,2022-01-27,2022-04-20,Approved,District Collectorate,13
APP-0001148,LG-000217,Land Acquisition Approval,2021-12-10,2022-03-20,Approved,State Cabinet,0
APP-0001149,LG-000217,Financial Approval,2022-02-14,,Submitted,State Cabinet,145
APP-0001150,LG-000217,Government Notification,2022-03-01,,In Review,MoEFCC,85
APP-0001151,LG-000217,Administrative Approval,2022-03-04,,Submitted,District Collectorate,90
APP-0001152,LG-000217,Environmental Clearance,2022-02-14,,In Review,Finance Ministry,53
APP-0001153,LG-000217,Land Acquisition Approval,2022-01-19,2022-02-24,Approved,State Cabinet,9
APP-0001154,LG-000218,Administrative Approval,2022-05-25,2022-09-17,Approved,District Collectorate,3
APP-0001155,LG-000218,Environmental Clearance,2022-06-01,2022-09-09,Approved,State Cabinet,4
APP-0001156,LG-000218,Land Acquisition Approval,2022-08-11,2022-09-15,Approved,State Cabinet,4
APP-0001157,LG-000218,Financial Approval,2022-06-03,2022-07-29,Approved,MoEFCC,14
APP-0001158,LG-000218,Government Notification,2022-06-26,2022-10-23,Approved,State Cabinet,1
APP-0001159,LG-000218,Administrative Approval,2022-08-15,2022-11-05,Approved,Finance Ministry,0
APP-0001160,LG-000218,Environmental Clearance,2022-06-15,2022-08-08,Approved,Finance Ministry,1
APP-0001161,LG-000218,Land Acquisition Approval,2022-06-11,2022-08-04,Approved,District Collectorate,8
APP-0001162,LG-000219,Administrative Approval,2022-07-13,,Conditionally Approved,State Cabinet,121
APP-0001163,LG-000219,Environmental Clearance,2022-07-28,,Submitted,State Cabinet,61
APP-0001164,LG-000219,Land Acquisition Approval,2022-05-29,,Submitted,Finance Ministry,148
APP-0001165,LG-000219,Financial Approval,2022-05-21,,Conditionally Approved,District Collectorate,108
APP-0001166,LG-000220,Administrative Approval,2023-02-09,2023-04-27,Approved,MoEFCC,15
APP-0001167,LG-000220,Environmental Clearance,2023-02-10,,In Review,Finance Ministry,99
APP-0001168,LG-000220,Land Acquisition Approval,2023-03-12,2023-04-16,Approved,State Cabinet,5
APP-0001169,LG-000220,Financial Approval,2023-03-28,2023-05-08,Approved,Finance Ministry,8
APP-0001170,LG-000221,Administrative Approval,2019-05-07,2019-07-13,Approved,Finance Ministry,2
APP-0001171,LG-000221,Environmental Clearance,2019-05-10,2019-08-10,Approved,District Collectorate,3
APP-0001172,LG-000221,Land Acquisition Approval,2019-04-10,,Conditionally Approved,Finance Ministry,118
APP-0001173,LG-000221,Financial Approval,2019-05-19,2019-08-27,Approved,State Cabinet,10
APP-0001174,LG-000221,Government Notification,2019-04-11,,In Review,Finance Ministry,77
APP-0001175,LG-000221,Administrative Approval,2019-07-02,2019-09-21,Approved,State Cabinet,10
APP-0001176,LG-000221,Environmental Clearance,2019-04-24,2019-06-09,Approved,MoEFCC,1
APP-0001177,LG-000221,Land Acquisition Approval,2019-05-24,2019-08-06,Approved,Finance Ministry,15
APP-0001178,LG-000222,Administrative Approval,2019-03-28,2019-05-29,Approved,District Collectorate,2
APP-0001179,LG-000222,Environmental Clearance,2019-02-19,2019-06-15,Approved,State Cabinet,2
APP-0001180,LG-000222,Land Acquisition Approval,2019-02-17,,Submitted,State Cabinet,40
APP-0001181,LG-000222,Financial Approval,2019-04-04,,Conditionally Approved,Finance Ministry,99
APP-0001182,LG-000223,Administrative Approval,2020-07-11,2020-10-03,Approved,Finance Ministry,10
APP-0001183,LG-000223,Environmental Clearance,2020-06-29,2020-09-13,Approved,State Cabinet,6
APP-0001184,LG-000223,Land Acquisition Approval,2020-07-29,2020-09-23,Approved,Finance Ministry,8
APP-0001185,LG-000224,Administrative Approval,2021-12-07,2022-03-23,Approved,Finance Ministry,10
APP-0001186,LG-000224,Environmental Clearance,2022-01-31,2022-04-30,Approved,District Collectorate,14
APP-0001187,LG-000224,Land Acquisition Approval,2021-12-20,,Submitted,State Cabinet,50
APP-0001188,LG-000224,Financial Approval,2021-12-10,,Submitted,District Collectorate,126
APP-0001189,LG-000224,Government Notification,2021-11-20,,Submitted,District Collectorate,142
APP-0001190,LG-000225,Administrative Approval,2022-09-19,2022-11-24,Approved,District Collectorate,7
APP-0001191,LG-000225,Environmental Clearance,2022-07-24,2022-09-14,Approved,MoEFCC,11
APP-0001192,LG-000225,Land Acquisition Approval,2022-07-08,2022-09-19,Approved,District Collectorate,7
APP-0001193,LG-000225,Financial Approval,2022-09-01,2022-11-22,Approved,MoEFCC,4
APP-0001194,LG-000225,Government Notification,2022-07-01,2022-08-28,Approved,State Cabinet,1
APP-0001195,LG-000225,Administrative Approval,2022-06-28,,Conditionally Approved,State Cabinet,107
APP-0001196,LG-000226,Administrative Approval,2023-06-17,,Conditionally Approved,District Collectorate,132
APP-0001197,LG-000226,Environmental Clearance,2023-05-04,2023-06-15,Approved,District Collectorate,12
APP-0001198,LG-000226,Land Acquisition Approval,2023-04-02,2023-06-08,Approved,MoEFCC,3
APP-0001199,LG-000226,Financial Approval,2023-05-04,2023-06-04,Approved,District Collectorate,0
APP-0001200,LG-000227,Administrative Approval,2023-02-18,,Submitted,State Cabinet,51
APP-0001201,LG-000227,Environmental Clearance,2023-02-06,2023-04-28,Approved,State Cabinet,8
APP-0001202,LG-000227,Land Acquisition Approval,2023-02-27,,In Review,Finance Ministry,65
APP-0001203,LG-000227,Financial Approval,2023-01-27,2023-05-26,Approved,District Collectorate,15
APP-0001204,LG-000227,Government Notification,2023-02-02,,Conditionally Approved,District Collectorate,99
APP-0001205,LG-000227,Administrative Approval,2023-01-22,2023-04-14,Approved,MoEFCC,13
APP-0001206,LG-000228,Administrative Approval,2021-07-03,2021-09-18,Approved,State Cabinet,3
APP-0001207,LG-000228,Environmental Clearance,2021-07-24,2021-08-27,Approved,District Collectorate,4
APP-0001208,LG-000228,Land Acquisition Approval,2021-06-21,2021-08-09,Approved,District Collectorate,1
APP-0001209,LG-000228,Financial Approval,2021-08-12,2021-10-05,Approved,State Cabinet,3
APP-0001210,LG-000228,Government Notification,2021-08-27,2021-11-11,Approved,District Collectorate,10
APP-0001211,LG-000229,Administrative Approval,2020-12-18,2021-03-27,Approved,Finance Ministry,13
APP-0001212,LG-000229,Environmental Clearance,2020-11-11,2021-02-09,Approved,MoEFCC,9
APP-0001213,LG-000229,Land Acquisition Approval,2020-12-15,2021-04-06,Approved,District Collectorate,13
APP-0001214,LG-000230,Administrative Approval,2020-08-23,2020-11-13,Approved,District Collectorate,10
APP-0001215,LG-000230,Environmental Clearance,2020-07-09,2020-10-12,Approved,Finance Ministry,15
APP-0001216,LG-000230,Land Acquisition Approval,2020-07-01,2020-09-28,Approved,Finance Ministry,8
APP-0001217,LG-000231,Administrative Approval,2018-07-12,2018-10-28,Approved,MoEFCC,2
APP-0001218,LG-000231,Environmental Clearance,2018-07-21,,Conditionally Approved,MoEFCC,121
APP-0001219,LG-000231,Land Acquisition Approval,2018-08-13,2018-10-10,Approved,MoEFCC,15
APP-0001220,LG-000231,Financial Approval,2018-05-31,,In Review,MoEFCC,88
APP-0001221,LG-000232,Administrative Approval,2023-08-04,2023-10-13,Approved,Finance Ministry,4
APP-0001222,LG-000232,Environmental Clearance,2023-08-07,2023-11-10,Approved,Finance Ministry,13
APP-0001223,LG-000232,Land Acquisition Approval,2023-08-03,2023-10-27,Approved,Finance Ministry,7
APP-0001224,LG-000232,Financial Approval,2023-08-13,2023-09-20,Approved,District Collectorate,13
APP-0001225,LG-000232,Government Notification,2023-10-04,2023-12-13,Approved,Finance Ministry,8
APP-0001226,LG-000232,Administrative Approval,2023-08-06,2023-09-22,Approved,MoEFCC,10
APP-0001227,LG-000233,Administrative Approval,2019-06-24,2019-10-06,Approved,Finance Ministry,5
APP-0001228,LG-000233,Environmental Clearance,2019-06-24,2019-10-05,Approved,Finance Ministry,1
APP-0001229,LG-000233,Land Acquisition Approval,2019-08-07,2019-09-24,Approved,District Collectorate,4
APP-0001230,LG-000233,Financial Approval,2019-08-30,2019-10-03,Approved,District Collectorate,2
APP-0001231,LG-000233,Government Notification,2019-08-19,2019-11-30,Approved,Finance Ministry,6
APP-0001232,LG-000234,Administrative Approval,2019-12-24,2020-03-05,Approved,District Collectorate,11
APP-0001233,LG-000234,Environmental Clearance,2019-12-26,2020-03-21,Approved,Finance Ministry,7
APP-0001234,LG-000234,Land Acquisition Approval,2020-02-01,2020-03-04,Approved,MoEFCC,8
APP-0001235,LG-000234,Financial Approval,2020-01-07,2020-03-20,Approved,MoEFCC,13
APP-0001236,LG-000234,Government Notification,2020-01-02,2020-02-25,Approved,State Cabinet,4
APP-0001237,LG-000234,Administrative Approval,2020-01-22,2020-02-25,Approved,State Cabinet,12
APP-0001238,LG-000234,Environmental Clearance,2019-12-22,2020-03-19,Approved,District Collectorate,14
APP-0001239,LG-000234,Land Acquisition Approval,2020-01-18,2020-04-21,Approved,MoEFCC,9
APP-0001240,LG-000235,Administrative Approval,2025-01-25,2025-04-28,Approved,District Collectorate,7
APP-0001241,LG-000235,Environmental Clearance,2024-12-24,,Submitted,District Collectorate,121
APP-0001242,LG-000235,Land Acquisition Approval,2025-03-09,,Submitted,MoEFCC,36
APP-0001243,LG-000236,Administrative Approval,2023-11-10,2024-02-03,Approved,District Collectorate,12
APP-0001244,LG-000236,Environmental Clearance,2023-12-14,2024-04-02,Approved,State Cabinet,13
APP-0001245,LG-000236,Land Acquisition Approval,2023-10-28,,Conditionally Approved,State Cabinet,67
APP-0001246,LG-000236,Financial Approval,2023-11-22,2023-12-27,Approved,District Collectorate,2
APP-0001247,LG-000237,Administrative Approval,2020-01-05,2020-05-02,Approved,District Collectorate,5
APP-0001248,LG-000237,Environmental Clearance,2020-02-03,2020-05-20,Approved,Finance Ministry,11
APP-0001249,LG-000237,Land Acquisition Approval,2020-01-28,,Submitted,State Cabinet,137
APP-0001250,LG-000238,Administrative Approval,2024-01-01,,In Review,District Collectorate,144
APP-0001251,LG-000238,Environmental Clearance,2024-01-12,2024-05-05,Approved,State Cabinet,13
APP-0001252,LG-000238,Land Acquisition Approval,2024-03-14,,Submitted,District Collectorate,142
APP-0001253,LG-000238,Financial Approval,2024-01-31,2024-05-03,Approved,Finance Ministry,11
APP-0001254,LG-000238,Government Notification,2024-01-29,,Conditionally Approved,District Collectorate,117
APP-0001255,LG-000238,Administrative Approval,2024-02-18,,In Review,Finance Ministry,84
APP-0001256,LG-000238,Environmental Clearance,2024-03-07,,Submitted,MoEFCC,36
APP-0001257,LG-000239,Administrative Approval,2024-08-24,2024-12-01,Approved,District Collectorate,14
APP-0001258,LG-000239,Environmental Clearance,2024-10-02,2024-12-18,Approved,MoEFCC,9
APP-0001259,LG-000239,Land Acquisition Approval,2024-09-16,2024-12-25,Approved,State Cabinet,9
APP-0001260,LG-000239,Financial Approval,2024-07-13,2024-09-27,Approved,State Cabinet,8
APP-0001261,LG-000240,Administrative Approval,2023-04-14,2023-06-08,Approved,MoEFCC,13
APP-0001262,LG-000240,Environmental Clearance,2023-05-08,,Submitted,District Collectorate,122
APP-0001263,LG-000240,Land Acquisition Approval,2023-05-21,2023-07-05,Approved,MoEFCC,8
APP-0001264,LG-000240,Financial Approval,2023-03-09,2023-04-20,Approved,Finance Ministry,15
APP-0001265,LG-000241,Administrative Approval,2021-01-15,2021-04-24,Approved,State Cabinet,3
APP-0001266,LG-000241,Environmental Clearance,2021-02-07,2021-05-09,Approved,MoEFCC,6
APP-0001267,LG-000241,Land Acquisition Approval,2021-01-16,2021-03-08,Approved,State Cabinet,2
APP-0001268,LG-000242,Administrative Approval,2021-11-16,,In Review,Finance Ministry,45
APP-0001269,LG-000242,Environmental Clearance,2021-09-27,,In Review,District Collectorate,97
APP-0001270,LG-000242,Land Acquisition Approval,2021-10-01,,Submitted,State Cabinet,40
APP-0001271,LG-000243,Administrative Approval,2018-07-12,2018-10-25,Approved,District Collectorate,9
APP-0001272,LG-000243,Environmental Clearance,2018-07-23,,Conditionally Approved,Finance Ministry,56
APP-0001273,LG-000243,Land Acquisition Approval,2018-07-06,,In Review,State Cabinet,92
APP-0001274,LG-000243,Financial Approval,2018-05-28,2018-08-08,Approved,MoEFCC,14
APP-0001275,LG-000243,Government Notification,2018-07-19,2018-10-03,Approved,Finance Ministry,8
APP-0001276,LG-000243,Administrative Approval,2018-07-15,,Submitted,Finance Ministry,88
APP-0001277,LG-000244,Administrative Approval,2019-03-30,2019-06-16,Approved,State Cabinet,1
APP-0001278,LG-000244,Environmental Clearance,2019-03-23,,Conditionally Approved,District Collectorate,87
APP-0001279,LG-000244,Land Acquisition Approval,2019-04-17,,Conditionally Approved,District Collectorate,143
APP-0001280,LG-000244,Financial Approval,2019-05-06,2019-08-31,Approved,MoEFCC,8
APP-0001281,LG-000244,Government Notification,2019-04-27,2019-08-14,Approved,MoEFCC,2
APP-0001282,LG-000244,Administrative Approval,2019-05-12,2019-06-29,Approved,State Cabinet,9
APP-0001283,LG-000244,Environmental Clearance,2019-04-04,,Submitted,Finance Ministry,106
APP-0001284,LG-000244,Land Acquisition Approval,2019-03-28,2019-07-13,Approved,District Collectorate,15
APP-0001285,LG-000245,Administrative Approval,2022-12-21,2023-03-08,Approved,District Collectorate,1
APP-0001286,LG-000245,Environmental Clearance,2022-12-02,2023-02-03,Approved,MoEFCC,7
APP-0001287,LG-000245,Land Acquisition Approval,2022-12-26,2023-04-20,Approved,State Cabinet,9
APP-0001288,LG-000245,Financial Approval,2022-12-16,,Submitted,MoEFCC,80
APP-0001289,LG-000246,Administrative Approval,2024-09-13,2024-11-12,Approved,MoEFCC,6
APP-0001290,LG-000246,Environmental Clearance,2024-07-18,2024-09-27,Approved,State Cabinet,9
APP-0001291,LG-000246,Land Acquisition Approval,2024-09-16,2024-10-21,Approved,State Cabinet,12
APP-0001292,LG-000246,Financial Approval,2024-06-25,2024-09-15,Approved,State Cabinet,1
APP-0001293,LG-000246,Government Notification,2024-09-14,2025-01-02,Approved,MoEFCC,15
APP-0001294,LG-000247,Administrative Approval,2018-06-24,,Conditionally Approved,State Cabinet,149
APP-0001295,LG-000247,Environmental Clearance,2018-05-28,2018-07-01,Approved,State Cabinet,10
APP-0001296,LG-000247,Land Acquisition Approval,2018-08-08,2018-10-16,Approved,State Cabinet,7
APP-0001297,LG-000247,Financial Approval,2018-07-30,2018-11-19,Approved,State Cabinet,2
APP-0001298,LG-000247,Government Notification,2018-08-10,2018-11-20,Approved,Finance Ministry,6
APP-0001299,LG-000247,Administrative Approval,2018-08-23,2018-11-26,Approved,State Cabinet,8
APP-0001300,LG-000247,Environmental Clearance,2018-06-04,,In Review,MoEFCC,103
APP-0001301,LG-000247,Land Acquisition Approval,2018-06-28,2018-10-03,Approved,Finance Ministry,14
APP-0001302,LG-000248,Administrative Approval,2021-06-25,2021-09-01,Approved,District Collectorate,12
APP-0001303,LG-000248,Environmental Clearance,2021-05-13,2021-08-08,Approved,State Cabinet,11
APP-0001304,LG-000248,Land Acquisition Approval,2021-04-06,,Submitted,State Cabinet,149
APP-0001305,LG-000248,Financial Approval,2021-05-20,2021-08-29,Approved,District Collectorate,14
APP-0001306,LG-000248,Government Notification,2021-04-21,2021-07-16,Approved,District Collectorate,2
APP-0001307,LG-000249,Administrative Approval,2019-09-15,2020-01-06,Approved,Finance Ministry,0
APP-0001308,LG-000249,Environmental Clearance,2019-07-17,2019-08-29,Approved,Finance Ministry,13
APP-0001309,LG-000249,Land Acquisition Approval,2019-07-24,2019-11-03,Approved,District Collectorate,4
APP-0001310,LG-000250,Administrative Approval,2023-09-26,2024-01-07,Approved,MoEFCC,5
APP-0001311,LG-000250,Environmental Clearance,2023-08-15,2023-09-29,Approved,District Collectorate,12
APP-0001312,LG-000250,Land Acquisition Approval,2023-07-29,2023-09-04,Approved,State Cabinet,9
APP-0001313,LG-000250,Financial Approval,2023-08-28,2023-11-07,Approved,MoEFCC,2
APP-0001314,LG-000250,Government Notification,2023-08-31,,Conditionally Approved,State Cabinet,52
APP-0001315,LG-000250,Administrative Approval,2023-07-27,2023-10-07,Approved,Finance Ministry,13
APP-0001316,LG-000251,Administrative Approval,2020-07-15,,Conditionally Approved,State Cabinet,113
APP-0001317,LG-000251,Environmental Clearance,2020-07-21,2020-08-30,Approved,District Collectorate,2
APP-0001318,LG-000251,Land Acquisition Approval,2020-07-06,,In Review,MoEFCC,131
APP-0001319,LG-000251,Financial Approval,2020-09-10,,Submitted,District Collectorate,85
APP-0001320,LG-000251,Government Notification,2020-07-16,2020-08-18,Approved,District Collectorate,11
APP-0001321,LG-000251,Administrative Approval,2020-06-26,2020-09-15,Approved,District Collectorate,13
APP-0001322,LG-000251,Environmental Clearance,2020-07-01,,Submitted,State Cabinet,79
APP-0001323,LG-000251,Land Acquisition Approval,2020-08-16,,In Review,State Cabinet,127
APP-0001324,LG-000252,Administrative Approval,2020-07-14,2020-10-01,Approved,Finance Ministry,8
APP-0001325,LG-000252,Environmental Clearance,2020-07-09,,Conditionally Approved,District Collectorate,117
APP-0001326,LG-000252,Land Acquisition Approval,2020-06-21,2020-10-18,Approved,MoEFCC,4
APP-0001327,LG-000252,Financial Approval,2020-06-12,,Conditionally Approved,District Collectorate,97
APP-0001328,LG-000253,Administrative Approval,2021-06-05,,In Review,Finance Ministry,50
APP-0001329,LG-000253,Environmental Clearance,2021-05-19,2021-06-19,Approved,District Collectorate,14
APP-0001330,LG-000253,Land Acquisition Approval,2021-05-12,2021-08-20,Approved,State Cabinet,12
APP-0001331,LG-000254,Administrative Approval,2020-03-07,2020-05-07,Approved,Finance Ministry,0
APP-0001332,LG-000254,Environmental Clearance,2020-01-11,2020-02-23,Approved,MoEFCC,12
APP-0001333,LG-000254,Land Acquisition Approval,2020-03-07,2020-04-09,Approved,MoEFCC,9
APP-0001334,LG-000254,Financial Approval,2020-01-09,2020-03-02,Approved,State Cabinet,2
APP-0001335,LG-000254,Government Notification,2020-02-14,,Conditionally Approved,MoEFCC,115
APP-0001336,LG-000255,Administrative Approval,2023-07-23,,Conditionally Approved,District Collectorate,117
APP-0001337,LG-000255,Environmental Clearance,2023-07-25,,Conditionally Approved,Finance Ministry,72
APP-0001338,LG-000255,Land Acquisition Approval,2023-09-18,2023-11-04,Approved,MoEFCC,9
APP-0001339,LG-000255,Financial Approval,2023-07-19,2023-09-20,Approved,District Collectorate,1
APP-0001340,LG-000255,Government Notification,2023-08-31,2023-11-28,Approved,District Collectorate,0
APP-0001341,LG-000255,Administrative Approval,2023-09-08,2023-10-19,Approved,MoEFCC,6
APP-0001342,LG-000255,Environmental Clearance,2023-08-31,2023-10-28,Approved,State Cabinet,4
APP-0001343,LG-000256,Administrative Approval,2020-09-01,,In Review,MoEFCC,94
APP-0001344,LG-000256,Environmental Clearance,2020-06-29,2020-08-17,Approved,District Collectorate,9
APP-0001345,LG-000256,Land Acquisition Approval,2020-06-27,,In Review,State Cabinet,150
APP-0001346,LG-000256,Financial Approval,2020-08-11,,Submitted,MoEFCC,126
APP-0001347,LG-000256,Government Notification,2020-09-24,2021-01-15,Approved,Finance Ministry,10
APP-0001348,LG-000257,Administrative Approval,2022-11-10,2023-02-05,Approved,State Cabinet,0
APP-0001349,LG-000257,Environmental Clearance,2022-10-30,2023-02-20,Approved,Finance Ministry,4
APP-0001350,LG-000257,Land Acquisition Approval,2022-10-18,2023-02-11,Approved,MoEFCC,13
APP-0001351,LG-000257,Financial Approval,2022-10-18,2022-12-04,Approved,Finance Ministry,1
APP-0001352,LG-000258,Administrative Approval,2018-10-14,2019-01-25,Approved,Finance Ministry,13
APP-0001353,LG-000258,Environmental Clearance,2018-10-27,2018-12-06,Approved,District Collectorate,6
APP-0001354,LG-000258,Land Acquisition Approval,2018-09-28,2019-01-24,Approved,Finance Ministry,8
APP-0001355,LG-000258,Financial Approval,2018-10-25,2019-01-11,Approved,State Cabinet,5
APP-0001356,LG-000258,Government Notification,2018-10-19,2019-01-29,Approved,Finance Ministry,12
APP-0001357,LG-000258,Administrative Approval,2018-11-24,2019-03-04,Approved,MoEFCC,13
APP-0001358,LG-000259,Administrative Approval,2024-11-24,,In Review,State Cabinet,93
APP-0001359,LG-000259,Environmental Clearance,2024-10-07,2024-11-14,Approved,District Collectorate,6
APP-0001360,LG-000259,Land Acquisition Approval,2024-11-06,2025-02-13,Approved,State Cabinet,11
APP-0001361,LG-000259,Financial Approval,2024-11-12,2025-01-05,Approved,Finance Ministry,10
APP-0001362,LG-000259,Government Notification,2024-09-22,2024-11-05,Approved,MoEFCC,11
APP-0001363,LG-000259,Administrative Approval,2024-11-04,2025-02-13,Approved,State Cabinet,12
APP-0001364,LG-000260,Administrative Approval,2019-01-30,2019-04-13,Approved,State Cabinet,5
APP-0001365,LG-000260,Environmental Clearance,2019-01-09,2019-04-20,Approved,State Cabinet,14
APP-0001366,LG-000260,Land Acquisition Approval,2018-12-17,,In Review,MoEFCC,88
APP-0001367,LG-000261,Administrative Approval,2023-11-23,2024-02-27,Approved,District Collectorate,0
APP-0001368,LG-000261,Environmental Clearance,2023-10-01,2024-01-12,Approved,Finance Ministry,1
APP-0001369,LG-000261,Land Acquisition Approval,2023-11-19,,In Review,District Collectorate,60
APP-0001370,LG-000261,Financial Approval,2023-10-29,,Submitted,Finance Ministry,105
APP-0001371,LG-000262,Administrative Approval,2023-10-16,2023-11-18,Approved,Finance Ministry,11
APP-0001372,LG-000262,Environmental Clearance,2023-11-14,2024-02-02,Approved,MoEFCC,8
APP-0001373,LG-000262,Land Acquisition Approval,2023-11-06,2023-12-24,Approved,Finance Ministry,5
APP-0001374,LG-000262,Financial Approval,2023-09-03,2023-10-23,Approved,Finance Ministry,5
APP-0001375,LG-000262,Government Notification,2023-09-24,,Conditionally Approved,Finance Ministry,102
APP-0001376,LG-000262,Administrative Approval,2023-11-01,2023-12-23,Approved,District Collectorate,11
APP-0001377,LG-000262,Environmental Clearance,2023-08-29,2023-10-30,Approved,Finance Ministry,2
APP-0001378,LG-000263,Administrative Approval,2021-08-10,,Conditionally Approved,Finance Ministry,66
APP-0001379,LG-000263,Environmental Clearance,2021-09-17,,In Review,Finance Ministry,64
APP-0001380,LG-000263,Land Acquisition Approval,2021-07-27,2021-09-19,Approved,Finance Ministry,4
APP-0001381,LG-000263,Financial Approval,2021-08-25,,Conditionally Approved,Finance Ministry,86
APP-0001382,LG-000263,Government Notification,2021-10-11,2022-02-08,Approved,Finance Ministry,12
APP-0001383,LG-000263,Administrative Approval,2021-10-09,,Submitted,MoEFCC,150
APP-0001384,LG-000263,Environmental Clearance,2021-07-30,2021-10-06,Approved,Finance Ministry,14
APP-0001385,LG-000264,Administrative Approval,2024-09-30,2024-12-26,Approved,State Cabinet,5
APP-0001386,LG-000264,Environmental Clearance,2024-10-21,2024-11-26,Approved,State Cabinet,2
APP-0001387,LG-000264,Land Acquisition Approval,2024-09-24,2024-12-22,Approved,District Collectorate,11
APP-0001388,LG-000264,Financial Approval,2024-10-23,2025-02-10,Approved,State Cabinet,12
APP-0001389,LG-000264,Government Notification,2024-09-23,2025-01-19,Approved,State Cabinet,2
APP-0001390,LG-000264,Administrative Approval,2024-10-02,,In Review,Finance Ministry,33
APP-0001391,LG-000264,Environmental Clearance,2024-09-06,2024-10-12,Approved,Finance Ministry,3
APP-0001392,LG-000265,Administrative Approval,2020-08-17,,Conditionally Approved,District Collectorate,92
APP-0001393,LG-000265,Environmental Clearance,2020-08-26,2020-10-03,Approved,State Cabinet,0
APP-0001394,LG-000265,Land Acquisition Approval,2020-10-27,2021-02-14,Approved,MoEFCC,8
APP-0001395,LG-000265,Financial Approval,2020-10-28,2021-02-08,Approved,District Collectorate,13
APP-0001396,LG-000265,Government Notification,2020-10-08,2021-01-17,Approved,Finance Ministry,11
APP-0001397,LG-000266,Administrative Approval,2020-01-02,2020-04-11,Approved,Finance Ministry,9
APP-0001398,LG-000266,Environmental Clearance,2020-02-12,2020-05-11,Approved,District Collectorate,1
APP-0001399,LG-000266,Land Acquisition Approval,2020-02-10,2020-04-15,Approved,MoEFCC,12
APP-0001400,LG-000266,Financial Approval,2020-01-24,2020-03-22,Approved,MoEFCC,12
APP-0001401,LG-000266,Government Notification,2020-01-20,2020-03-26,Approved,Finance Ministry,9
APP-0001402,LG-000266,Administrative Approval,2020-02-23,,Conditionally Approved,Finance Ministry,119
APP-0001403,LG-000267,Administrative Approval,2024-10-09,,In Review,Finance Ministry,113
APP-0001404,LG-000267,Environmental Clearance,2024-11-17,2025-01-05,Approved,MoEFCC,2
APP-0001405,LG-000267,Land Acquisition Approval,2024-10-31,,In Review,District Collectorate,50
APP-0001406,LG-000267,Financial Approval,2024-10-13,2025-01-01,Approved,MoEFCC,0
APP-0001407,LG-000268,Administrative Approval,2023-02-17,2023-04-16,Approved,District Collectorate,12
APP-0001408,LG-000268,Environmental Clearance,2023-02-01,2023-05-22,Approved,MoEFCC,13
APP-0001409,LG-000268,Land Acquisition Approval,2022-12-14,2023-01-17,Approved,State Cabinet,7
APP-0001410,LG-000268,Financial Approval,2023-02-17,2023-04-06,Approved,State Cabinet,6
APP-0001411,LG-000268,Government Notification,2023-01-05,,Submitted,District Collectorate,88
APP-0001412,LG-000268,Administrative Approval,2023-01-23,2023-03-11,Approved,MoEFCC,14
APP-0001413,LG-000268,Environmental Clearance,2023-01-24,2023-05-15,Approved,MoEFCC,10
APP-0001414,LG-000269,Administrative Approval,2024-08-13,2024-09-23,Approved,District Collectorate,3
APP-0001415,LG-000269,Environmental Clearance,2024-07-10,2024-10-16,Approved,District Collectorate,0
APP-0001416,LG-000269,Land Acquisition Approval,2024-06-24,2024-10-01,Approved,District Collectorate,9
APP-0001417,LG-000269,Financial Approval,2024-06-11,2024-07-18,Approved,District Collectorate,5
APP-0001418,LG-000269,Government Notification,2024-07-16,2024-10-12,Approved,District Collectorate,4
APP-0001419,LG-000269,Administrative Approval,2024-08-03,2024-09-16,Approved,MoEFCC,6
APP-0001420,LG-000269,Environmental Clearance,2024-06-27,2024-07-30,Approved,Finance Ministry,7
APP-0001421,LG-000269,Land Acquisition Approval,2024-07-06,2024-09-18,Approved,MoEFCC,9
APP-0001422,LG-000270,Administrative Approval,2023-03-24,2023-06-21,Approved,District Collectorate,14
APP-0001423,LG-000270,Environmental Clearance,2023-02-28,,In Review,District Collectorate,55
APP-0001424,LG-000270,Land Acquisition Approval,2023-04-25,2023-06-14,Approved,District Collectorate,8
APP-0001425,LG-000270,Financial Approval,2023-03-15,2023-05-29,Approved,Finance Ministry,0
APP-0001426,LG-000270,Government Notification,2023-04-01,2023-06-09,Approved,MoEFCC,14
APP-0001427,LG-000271,Administrative Approval,2018-05-17,2018-07-05,Approved,District Collectorate,14
APP-0001428,LG-000271,Environmental Clearance,2018-04-16,2018-05-22,Approved,State Cabinet,1
APP-0001429,LG-000271,Land Acquisition Approval,2018-06-14,2018-09-02,Approved,MoEFCC,3
APP-0001430,LG-000271,Financial Approval,2018-04-13,,Submitted,MoEFCC,145
APP-0001431,LG-000271,Government Notification,2018-04-08,,In Review,District Collectorate,32
APP-0001432,LG-000271,Administrative Approval,2018-05-29,,Conditionally Approved,Finance Ministry,132
APP-0001433,LG-000271,Environmental Clearance,2018-04-25,,Conditionally Approved,District Collectorate,36
APP-0001434,LG-000272,Administrative Approval,2020-06-26,,Submitted,State Cabinet,64
APP-0001435,LG-000272,Environmental Clearance,2020-05-17,2020-07-19,Approved,District Collectorate,12
APP-0001436,LG-000272,Land Acquisition Approval,2020-06-11,2020-09-23,Approved,State Cabinet,6
APP-0001437,LG-000273,Administrative Approval,2021-07-03,2021-08-29,Approved,MoEFCC,10
APP-0001438,LG-000273,Environmental Clearance,2021-06-11,,In Review,State Cabinet,88
APP-0001439,LG-000273,Land Acquisition Approval,2021-05-17,2021-07-03,Approved,Finance Ministry,1
APP-0001440,LG-000273,Financial Approval,2021-06-04,,Submitted,Finance Ministry,68
APP-0001441,LG-000273,Government Notification,2021-06-03,2021-09-16,Approved,MoEFCC,13
APP-0001442,LG-000274,Administrative Approval,2023-09-02,2023-10-23,Approved,State Cabinet,13
APP-0001443,LG-000274,Environmental Clearance,2023-08-06,2023-09-18,Approved,MoEFCC,7
APP-0001444,LG-000274,Land Acquisition Approval,2023-08-25,2023-10-15,Approved,Finance Ministry,14
APP-0001445,LG-000274,Financial Approval,2023-07-28,,In Review,State Cabinet,119
APP-0001446,LG-000274,Government Notification,2023-09-27,2023-10-28,Approved,Finance Ministry,7
APP-0001447,LG-000275,Administrative Approval,2022-09-29,2022-11-03,Approved,State Cabinet,3
APP-0001448,LG-000275,Environmental Clearance,2022-09-18,2022-10-19,Approved,MoEFCC,6
APP-0001449,LG-000275,Land Acquisition Approval,2022-10-23,2023-02-11,Approved,District Collectorate,15
APP-0001450,LG-000276,Administrative Approval,2024-11-16,2025-01-03,Approved,MoEFCC,5
APP-0001451,LG-000276,Environmental Clearance,2024-11-02,2024-12-21,Approved,District Collectorate,10
APP-0001452,LG-000276,Land Acquisition Approval,2024-09-08,2024-11-25,Approved,MoEFCC,12
APP-0001453,LG-000276,Financial Approval,2024-10-29,2024-12-21,Approved,State Cabinet,14
APP-0001454,LG-000276,Government Notification,2024-11-14,2025-01-06,Approved,State Cabinet,3
APP-0001455,LG-000277,Administrative Approval,2021-01-16,2021-03-27,Approved,District Collectorate,13
APP-0001456,LG-000277,Environmental Clearance,2020-12-27,2021-03-30,Approved,State Cabinet,13
APP-0001457,LG-000277,Land Acquisition Approval,2021-01-14,2021-03-25,Approved,District Collectorate,8
APP-0001458,LG-000277,Financial Approval,2021-01-01,2021-02-19,Approved,District Collectorate,1
APP-0001459,LG-000277,Government Notification,2020-10-23,,Submitted,MoEFCC,79
APP-0001460,LG-000278,Administrative Approval,2022-06-14,,Conditionally Approved,Finance Ministry,126
APP-0001461,LG-000278,Environmental Clearance,2022-04-28,2022-08-08,Approved,State Cabinet,8
APP-0001462,LG-000278,Land Acquisition Approval,2022-04-22,,In Review,Finance Ministry,98
APP-0001463,LG-000278,Financial Approval,2022-06-22,,Conditionally Approved,MoEFCC,148
APP-0001464,LG-000278,Government Notification,2022-05-09,2022-06-26,Approved,State Cabinet,11
APP-0001465,LG-000278,Administrative Approval,2022-06-12,,In Review,State Cabinet,49
APP-0001466,LG-000278,Environmental Clearance,2022-04-21,,Conditionally Approved,MoEFCC,66
APP-0001467,LG-000278,Land Acquisition Approval,2022-05-18,,In Review,District Collectorate,43
APP-0001468,LG-000279,Administrative Approval,2020-01-13,,Conditionally Approved,Finance Ministry,93
APP-0001469,LG-000279,Environmental Clearance,2019-11-03,2019-12-15,Approved,MoEFCC,8
APP-0001470,LG-000279,Land Acquisition Approval,2020-01-21,2020-04-17,Approved,State Cabinet,0
APP-0001471,LG-000279,Financial Approval,2019-12-03,2020-03-01,Approved,MoEFCC,0
APP-0001472,LG-000279,Government Notification,2019-12-29,,Submitted,District Collectorate,91
APP-0001473,LG-000279,Administrative Approval,2020-01-20,2020-03-26,Approved,State Cabinet,12
APP-0001474,LG-000279,Environmental Clearance,2019-11-12,2020-01-25,Approved,Finance Ministry,1
APP-0001475,LG-000279,Land Acquisition Approval,2019-11-28,2020-01-18,Approved,State Cabinet,2
APP-0001476,LG-000280,Administrative Approval,2018-01-24,2018-03-04,Approved,State Cabinet,11
APP-0001477,LG-000280,Environmental Clearance,2018-04-10,2018-07-02,Approved,District Collectorate,7
APP-0001478,LG-000280,Land Acquisition Approval,2018-02-28,,Conditionally Approved,Finance Ministry,85
APP-0001479,LG-000280,Financial Approval,2018-03-29,2018-06-09,Approved,MoEFCC,7
APP-0001480,LG-000280,Government Notification,2018-02-25,2018-05-15,Approved,District Collectorate,14
APP-0001481,LG-000280,Administrative Approval,2018-04-13,2018-08-08,Approved,Finance Ministry,2
APP-0001482,LG-000281,Administrative Approval,2019-10-20,2020-01-06,Approved,District Collectorate,7
APP-0001483,LG-000281,Environmental Clearance,2019-10-21,2019-12-31,Approved,District Collectorate,13
APP-0001484,LG-000281,Land Acquisition Approval,2019-10-23,2020-01-21,Approved,District Collectorate,6
APP-0001485,LG-000281,Financial Approval,2019-08-18,2019-10-19,Approved,State Cabinet,12
APP-0001486,LG-000281,Government Notification,2019-10-23,2019-12-01,Approved,Finance Ministry,6
APP-0001487,LG-000281,Administrative Approval,2019-08-17,2019-11-15,Approved,State Cabinet,0
APP-0001488,LG-000281,Environmental Clearance,2019-11-07,2019-12-13,Approved,District Collectorate,2
APP-0001489,LG-000282,Administrative Approval,2023-08-21,,Submitted,MoEFCC,89
APP-0001490,LG-000282,Environmental Clearance,2023-07-09,2023-08-23,Approved,MoEFCC,7
APP-0001491,LG-000282,Land Acquisition Approval,2023-08-12,,Submitted,State Cabinet,104
APP-0001492,LG-000282,Financial Approval,2023-07-30,2023-11-01,Approved,State Cabinet,12
APP-0001493,LG-000282,Government Notification,2023-08-06,,In Review,State Cabinet,51
APP-0001494,LG-000282,Administrative Approval,2023-08-22,2023-12-13,Approved,State Cabinet,12
APP-0001495,LG-000283,Administrative Approval,2024-06-03,2024-08-03,Approved,State Cabinet,2
APP-0001496,LG-000283,Environmental Clearance,2024-07-24,2024-10-26,Approved,MoEFCC,10
APP-0001497,LG-000283,Land Acquisition Approval,2024-05-26,2024-08-19,Approved,District Collectorate,0
APP-0001498,LG-000283,Financial Approval,2024-06-18,,Submitted,MoEFCC,142
APP-0001499,LG-000283,Government Notification,2024-08-06,2024-09-22,Approved,Finance Ministry,11
APP-0001500,LG-000283,Administrative Approval,2024-06-18,2024-10-02,Approved,Finance Ministry,8
APP-0001501,LG-000283,Environmental Clearance,2024-07-05,2024-09-12,Approved,District Collectorate,12
APP-0001502,LG-000284,Administrative Approval,2019-02-23,2019-06-12,Approved,District Collectorate,6
APP-0001503,LG-000284,Environmental Clearance,2019-03-11,2019-05-04,Approved,District Collectorate,15
APP-0001504,LG-000284,Land Acquisition Approval,2019-03-03,2019-06-28,Approved,Finance Ministry,12
APP-0001505,LG-000284,Financial Approval,2019-02-15,2019-03-27,Approved,District Collectorate,9
APP-0001506,LG-000284,Government Notification,2019-02-07,2019-04-06,Approved,State Cabinet,5
APP-0001507,LG-000284,Administrative Approval,2019-01-20,,Conditionally Approved,MoEFCC,95
APP-0001508,LG-000284,Environmental Clearance,2019-02-06,2019-05-09,Approved,State Cabinet,8
APP-0001509,LG-000285,Administrative Approval,2022-10-25,,Conditionally Approved,MoEFCC,140
APP-0001510,LG-000285,Environmental Clearance,2022-12-28,2023-02-09,Approved,Finance Ministry,8
APP-0001511,LG-000285,Land Acquisition Approval,2022-11-04,2022-12-21,Approved,State Cabinet,14
APP-0001512,LG-000285,Financial Approval,2022-10-29,,Conditionally Approved,District Collectorate,133
APP-0001513,LG-000285,Government Notification,2022-12-14,2023-04-01,Approved,MoEFCC,0
APP-0001514,LG-000285,Administrative Approval,2022-11-22,2022-12-31,Approved,District Collectorate,14
APP-0001515,LG-000286,Administrative Approval,2023-05-12,,In Review,MoEFCC,122
APP-0001516,LG-000286,Environmental Clearance,2023-03-22,,Conditionally Approved,Finance Ministry,100
APP-0001517,LG-000286,Land Acquisition Approval,2023-05-19,,Conditionally Approved,District Collectorate,131
APP-0001518,LG-000287,Administrative Approval,2021-09-15,,Conditionally Approved,Finance Ministry,113
APP-0001519,LG-000287,Environmental Clearance,2021-10-08,2021-11-28,Approved,District Collectorate,11
APP-0001520,LG-000287,Land Acquisition Approval,2021-09-21,,Submitted,MoEFCC,120
APP-0001521,LG-000287,Financial Approval,2021-08-22,2021-11-02,Approved,MoEFCC,6
APP-0001522,LG-000287,Government Notification,2021-08-05,,In Review,State Cabinet,138
APP-0001523,LG-000287,Administrative Approval,2021-07-20,2021-10-22,Approved,Finance Ministry,10
APP-0001524,LG-000287,Environmental Clearance,2021-08-24,,In Review,MoEFCC,60
APP-0001525,LG-000288,Administrative Approval,2018-03-03,2018-05-31,Approved,State Cabinet,15
APP-0001526,LG-000288,Environmental Clearance,2018-04-21,,Conditionally Approved,MoEFCC,106
APP-0001527,LG-000288,Land Acquisition Approval,2018-04-06,,Conditionally Approved,District Collectorate,31
APP-0001528,LG-000288,Financial Approval,2018-05-15,,Submitted,State Cabinet,31
APP-0001529,LG-000288,Government Notification,2018-03-26,,Conditionally Approved,State Cabinet,64
APP-0001530,LG-000289,Administrative Approval,2024-04-01,2024-07-28,Approved,Finance Ministry,13
APP-0001531,LG-000289,Environmental Clearance,2024-04-15,,Conditionally Approved,District Collectorate,142
APP-0001532,LG-000289,Land Acquisition Approval,2024-03-05,,Conditionally Approved,District Collectorate,143
APP-0001533,LG-000289,Financial Approval,2024-03-07,,Conditionally Approved,MoEFCC,135
APP-0001534,LG-000289,Government Notification,2024-04-26,,Conditionally Approved,State Cabinet,111
APP-0001535,LG-000290,Administrative Approval,2018-12-13,2019-04-09,Approved,MoEFCC,0
APP-0001536,LG-000290,Environmental Clearance,2018-11-06,2018-12-20,Approved,Finance Ministry,9
APP-0001537,LG-000290,Land Acquisition Approval,2018-11-03,2019-02-11,Approved,MoEFCC,9
APP-0001538,LG-000291,Administrative Approval,2021-03-06,2021-06-22,Approved,State Cabinet,5
APP-0001539,LG-000291,Environmental Clearance,2021-05-23,2021-09-16,Approved,District Collectorate,6
APP-0001540,LG-000291,Land Acquisition Approval,2021-04-26,,Conditionally Approved,State Cabinet,87
APP-0001541,LG-000291,Financial Approval,2021-04-20,2021-06-26,Approved,District Collectorate,7
APP-0001542,LG-000291,Government Notification,2021-04-09,2021-07-25,Approved,Finance Ministry,10
APP-0001543,LG-000292,Administrative Approval,2024-08-16,2024-09-26,Approved,MoEFCC,14
APP-0001544,LG-000292,Environmental Clearance,2024-10-21,2024-12-26,Approved,District Collectorate,9
APP-0001545,LG-000292,Land Acquisition Approval,2024-10-02,,Submitted,District Collectorate,56
APP-0001546,LG-000292,Financial Approval,2024-08-18,,Conditionally Approved,Finance Ministry,33
APP-0001547,LG-000292,Government Notification,2024-08-19,2024-11-29,Approved,District Collectorate,3
APP-0001548,LG-000292,Administrative Approval,2024-08-31,2024-10-09,Approved,Finance Ministry,1
APP-0001549,LG-000292,Environmental Clearance,2024-10-06,,In Review,Finance Ministry,141
APP-0001550,LG-000292,Land Acquisition Approval,2024-10-04,2024-11-26,Approved,MoEFCC,10
APP-0001551,LG-000293,Administrative Approval,2019-07-20,2019-08-28,Approved,District Collectorate,6
APP-0001552,LG-000293,Environmental Clearance,2019-06-02,,In Review,District Collectorate,103
APP-0001553,LG-000293,Land Acquisition Approval,2019-05-26,2019-08-29,Approved,MoEFCC,14
APP-0001554,LG-000293,Financial Approval,2019-07-28,,Submitted,MoEFCC,106
APP-0001555,LG-000293,Government Notification,2019-08-11,,Submitted,Finance Ministry,145
APP-0001556,LG-000293,Administrative Approval,2019-07-11,,In Review,District Collectorate,62
APP-0001557,LG-000293,Environmental Clearance,2019-08-20,,Submitted,Finance Ministry,114
APP-0001558,LG-000293,Land Acquisition Approval,2019-06-04,2019-08-29,Approved,MoEFCC,1
APP-0001559,LG-000294,Administrative Approval,2023-11-16,,Conditionally Approved,State Cabinet,34
APP-0001560,LG-000294,Environmental Clearance,2024-01-29,2024-05-07,Approved,Finance Ministry,1
APP-0001561,LG-000294,Land Acquisition Approval,2023-12-10,2024-02-21,Approved,State Cabinet,14
APP-0001562,LG-000294,Financial Approval,2024-01-21,,Submitted,Finance Ministry,40
APP-0001563,LG-000294,Government Notification,2023-12-17,2024-01-31,Approved,District Collectorate,10
APP-0001564,LG-000294,Administrative Approval,2023-12-29,2024-03-26,Approved,State Cabinet,7
APP-0001565,LG-000294,Environmental Clearance,2023-12-31,2024-02-05,Approved,State Cabinet,14
APP-0001566,LG-000294,Land Acquisition Approval,2023-12-31,2024-04-10,Approved,Finance Ministry,15
APP-0001567,LG-000295,Administrative Approval,2019-07-10,,Submitted,Finance Ministry,41
APP-0001568,LG-000295,Environmental Clearance,2019-07-04,2019-10-06,Approved,Finance Ministry,9
APP-0001569,LG-000295,Land Acquisition Approval,2019-06-24,2019-08-26,Approved,Finance Ministry,7
APP-0001570,LG-000295,Financial Approval,2019-08-15,2019-10-23,Approved,MoEFCC,11
APP-0001571,LG-000295,Government Notification,2019-07-31,,Submitted,District Collectorate,150
APP-0001572,LG-000296,Administrative Approval,2018-02-25,2018-04-02,Approved,District Collectorate,12
APP-0001573,LG-000296,Environmental Clearance,2018-03-10,2018-07-03,Approved,State Cabinet,0
APP-0001574,LG-000296,Land Acquisition Approval,2018-03-05,2018-04-27,Approved,Finance Ministry,1
APP-0001575,LG-000296,Financial Approval,2018-04-29,2018-07-03,Approved,MoEFCC,0
APP-0001576,LG-000296,Government Notification,2018-02-25,2018-06-20,Approved,District Collectorate,4
APP-0001577,LG-000296,Administrative Approval,2018-05-20,,Submitted,MoEFCC,133
APP-0001578,LG-000296,Environmental Clearance,2018-05-08,2018-07-20,Approved,MoEFCC,6
APP-0001579,LG-000297,Administrative Approval,2023-07-13,,Conditionally Approved,Finance Ministry,56
APP-0001580,LG-000297,Environmental Clearance,2023-07-26,,In Review,MoEFCC,107
APP-0001581,LG-000297,Land Acquisition Approval,2023-06-28,2023-08-19,Approved,District Collectorate,12
APP-0001582,LG-000297,Financial Approval,2023-07-05,,Submitted,District Collectorate,64
APP-0001583,LG-000297,Government Notification,2023-08-30,,Conditionally Approved,District Collectorate,108
APP-0001584,LG-000297,Administrative Approval,2023-08-02,,Conditionally Approved,District Collectorate,73
APP-0001585,LG-000297,Environmental Clearance,2023-08-07,2023-11-24,Approved,MoEFCC,7
APP-0001586,LG-000297,Land Acquisition Approval,2023-06-22,2023-08-06,Approved,Finance Ministry,5
APP-0001587,LG-000298,Administrative Approval,2020-02-07,,In Review,State Cabinet,101
APP-0001588,LG-000298,Environmental Clearance,2020-01-08,2020-03-14,Approved,Finance Ministry,0
APP-0001589,LG-000298,Land Acquisition Approval,2020-01-17,2020-03-28,Approved,District Collectorate,13
APP-0001590,LG-000298,Financial Approval,2020-01-05,2020-02-21,Approved,District Collectorate,2
APP-0001591,LG-000298,Government Notification,2020-01-14,2020-03-20,Approved,Finance Ministry,10
APP-0001592,LG-000298,Administrative Approval,2020-01-03,2020-03-08,Approved,District Collectorate,13
APP-0001593,LG-000299,Administrative Approval,2024-12-03,,Conditionally Approved,MoEFCC,132
APP-0001594,LG-000299,Environmental Clearance,2025-02-10,,Submitted,State Cabinet,119
APP-0001595,LG-000299,Land Acquisition Approval,2025-01-02,2025-04-03,Approved,District Collectorate,4
APP-0001596,LG-000299,Financial Approval,2025-01-09,,Submitted,State Cabinet,127
APP-0001597,LG-000299,Government Notification,2024-12-24,,Conditionally Approved,District Collectorate,123
APP-0001598,LG-000299,Administrative Approval,2024-11-16,,Conditionally Approved,District Collectorate,148
APP-0001599,LG-000299,Environmental Clearance,2024-12-10,,Conditionally Approved,District Collectorate,149
APP-0001600,LG-000300,Administrative Approval,2023-03-14,2023-06-26,Approved,MoEFCC,14
APP-0001601,LG-000300,Environmental Clearance,2023-03-26,2023-07-01,Approved,District Collectorate,8
APP-0001602,LG-000300,Land Acquisition Approval,2023-04-16,2023-07-07,Approved,Finance Ministry,14
APP-0001603,LG-000300,Financial Approval,2023-05-25,2023-07-30,Approved,State Cabinet,3
APP-0001604,LG-000300,Government Notification,2023-05-25,,Conditionally Approved,State Cabinet,150
APP-0001605,LG-000300,Administrative Approval,2023-05-18,2023-07-13,Approved,State Cabinet,5
APP-0001606,LG-000301,Administrative Approval,2024-02-25,2024-05-24,Approved,District Collectorate,11
APP-0001607,LG-000301,Environmental Clearance,2024-05-09,2024-08-13,Approved,Finance Ministry,0
APP-0001608,LG-000301,Land Acquisition Approval,2024-02-23,2024-05-23,Approved,Finance Ministry,9
APP-0001609,LG-000301,Financial Approval,2024-03-15,2024-06-03,Approved,District Collectorate,13
APP-0001610,LG-000302,Administrative Approval,2019-11-09,2020-02-03,Approved,Finance Ministry,4
APP-0001611,LG-000302,Environmental Clearance,2019-11-23,2020-03-19,Approved,Finance Ministry,6
APP-0001612,LG-000302,Land Acquisition Approval,2019-11-04,2019-12-11,Approved,District Collectorate,9
APP-0001613,LG-000302,Financial Approval,2019-10-22,2020-01-07,Approved,MoEFCC,11
APP-0001614,LG-000302,Government Notification,2019-11-24,,Conditionally Approved,State Cabinet,99
APP-0001615,LG-000302,Administrative Approval,2019-12-09,2020-04-05,Approved,MoEFCC,10
APP-0001616,LG-000303,Administrative Approval,2020-09-27,2020-11-05,Approved,MoEFCC,6
APP-0001617,LG-000303,Environmental Clearance,2020-11-05,2021-01-31,Approved,Finance Ministry,12
APP-0001618,LG-000303,Land Acquisition Approval,2020-10-30,2020-12-08,Approved,MoEFCC,0
APP-0001619,LG-000303,Financial Approval,2020-11-26,2021-01-20,Approved,MoEFCC,5
APP-0001620,LG-000303,Government Notification,2020-10-27,2020-12-19,Approved,Finance Ministry,11
APP-0001621,LG-000304,Administrative Approval,2018-03-07,,Submitted,Finance Ministry,90
APP-0001622,LG-000304,Environmental Clearance,2018-04-19,,Conditionally Approved,State Cabinet,66
APP-0001623,LG-000304,Land Acquisition Approval,2018-03-30,2018-05-15,Approved,MoEFCC,8
APP-0001624,LG-000304,Financial Approval,2018-05-28,2018-08-05,Approved,Finance Ministry,1
APP-0001625,LG-000304,Government Notification,2018-05-15,,In Review,MoEFCC,107
APP-0001626,LG-000304,Administrative Approval,2018-05-06,2018-06-19,Approved,District Collectorate,13
APP-0001627,LG-000305,Administrative Approval,2022-09-06,,Conditionally Approved,Finance Ministry,69
APP-0001628,LG-000305,Environmental Clearance,2022-09-23,2022-12-05,Approved,MoEFCC,4
APP-0001629,LG-000305,Land Acquisition Approval,2022-11-05,,Conditionally Approved,Finance Ministry,34
APP-0001630,LG-000305,Financial Approval,2022-10-02,2022-11-19,Approved,Finance Ministry,15
APP-0001631,LG-000305,Government Notification,2022-10-23,,Conditionally Approved,District Collectorate,101
APP-0001632,LG-000305,Administrative Approval,2022-09-27,,Submitted,MoEFCC,66
APP-0001633,LG-000306,Administrative Approval,2022-11-09,2023-01-11,Approved,District Collectorate,3
APP-0001634,LG-000306,Environmental Clearance,2022-10-26,2023-01-13,Approved,State Cabinet,3
APP-0001635,LG-000306,Land Acquisition Approval,2022-11-21,2023-01-15,Approved,MoEFCC,13
APP-0001636,LG-000306,Financial Approval,2022-10-28,2023-01-26,Approved,Finance Ministry,5
APP-0001637,LG-000306,Government Notification,2022-10-13,2022-11-25,Approved,Finance Ministry,15
APP-0001638,LG-000306,Administrative Approval,2022-10-18,2023-02-12,Approved,MoEFCC,8
APP-0001639,LG-000307,Administrative Approval,2020-02-15,2020-04-28,Approved,District Collectorate,1
APP-0001640,LG-000307,Environmental Clearance,2020-01-23,,In Review,Finance Ministry,43
APP-0001641,LG-000307,Land Acquisition Approval,2019-12-11,2020-03-12,Approved,District Collectorate,3
APP-0001642,LG-000307,Financial Approval,2020-02-02,,Conditionally Approved,Finance Ministry,70
APP-0001643,LG-000307,Government Notification,2020-01-01,2020-02-01,Approved,MoEFCC,13
APP-0001644,LG-000308,Administrative Approval,2018-12-12,2019-03-06,Approved,State Cabinet,14
APP-0001645,LG-000308,Environmental Clearance,2018-11-09,2018-12-15,Approved,MoEFCC,0
APP-0001646,LG-000308,Land Acquisition Approval,2019-01-24,2019-04-12,Approved,Finance Ministry,11
APP-0001647,LG-000308,Financial Approval,2019-01-05,2019-02-27,Approved,Finance Ministry,5
APP-0001648,LG-000309,Administrative Approval,2021-11-21,,Submitted,District Collectorate,120
APP-0001649,LG-000309,Environmental Clearance,2022-01-31,,In Review,District Collectorate,57
APP-0001650,LG-000309,Land Acquisition Approval,2021-12-17,,Submitted,District Collectorate,132
APP-0001651,LG-000310,Administrative Approval,2019-12-19,,In Review,State Cabinet,106
APP-0001652,LG-000310,Environmental Clearance,2020-01-01,,Conditionally Approved,MoEFCC,30
APP-0001653,LG-000310,Land Acquisition Approval,2020-01-04,2020-02-13,Approved,MoEFCC,0
APP-0001654,LG-000310,Financial Approval,2020-01-17,,Submitted,MoEFCC,142
APP-0001655,LG-000311,Administrative Approval,2022-03-31,,In Review,MoEFCC,61
APP-0001656,LG-000311,Environmental Clearance,2022-04-28,2022-07-31,Approved,State Cabinet,7
APP-0001657,LG-000311,Land Acquisition Approval,2022-05-22,2022-07-19,Approved,Finance Ministry,2
APP-0001658,LG-000311,Financial Approval,2022-05-15,2022-07-13,Approved,District Collectorate,13
APP-0001659,LG-000311,Government Notification,2022-05-30,2022-07-29,Approved,District Collectorate,6
APP-0001660,LG-000312,Administrative Approval,2022-05-22,,Conditionally Approved,State Cabinet,48
APP-0001661,LG-000312,Environmental Clearance,2022-05-05,2022-07-16,Approved,District Collectorate,13
APP-0001662,LG-000312,Land Acquisition Approval,2022-05-06,,In Review,State Cabinet,135
APP-0001663,LG-000312,Financial Approval,2022-04-27,2022-08-24,Approved,Finance Ministry,4
APP-0001664,LG-000313,Administrative Approval,2022-07-23,2022-10-15,Approved,Finance Ministry,3
APP-0001665,LG-000313,Environmental Clearance,2022-07-02,2022-08-23,Approved,District Collectorate,13
APP-0001666,LG-000313,Land Acquisition Approval,2022-07-30,2022-11-02,Approved,District Collectorate,14
APP-0001667,LG-000313,Financial Approval,2022-07-29,2022-11-19,Approved,MoEFCC,4
APP-0001668,LG-000313,Government Notification,2022-07-24,2022-10-12,Approved,Finance Ministry,12
APP-0001669,LG-000313,Administrative Approval,2022-06-07,2022-07-21,Approved,MoEFCC,10
APP-0001670,LG-000313,Environmental Clearance,2022-08-12,2022-11-14,Approved,District Collectorate,2
APP-0001671,LG-000313,Land Acquisition Approval,2022-07-12,2022-09-24,Approved,MoEFCC,1
APP-0001672,LG-000314,Administrative Approval,2019-07-11,,Submitted,State Cabinet,114
APP-0001673,LG-000314,Environmental Clearance,2019-06-12,,Conditionally Approved,MoEFCC,30
APP-0001674,LG-000314,Land Acquisition Approval,2019-05-29,2019-07-20,Approved,MoEFCC,0
APP-0001675,LG-000314,Financial Approval,2019-07-01,2019-10-18,Approved,State Cabinet,2
APP-0001676,LG-000314,Government Notification,2019-06-06,,In Review,State Cabinet,111
APP-0001677,LG-000314,Administrative Approval,2019-05-06,,In Review,State Cabinet,88
APP-0001678,LG-000315,Administrative Approval,2024-10-17,2024-12-30,Approved,State Cabinet,1
APP-0001679,LG-000315,Environmental Clearance,2024-11-12,2025-02-21,Approved,State Cabinet,2
APP-0001680,LG-000315,Land Acquisition Approval,2024-12-28,2025-03-07,Approved,Finance Ministry,9
APP-0001681,LG-000315,Financial Approval,2024-12-21,2025-04-07,Approved,District Collectorate,11
APP-0001682,LG-000316,Administrative Approval,2018-07-07,2018-08-31,Approved,State Cabinet,8
APP-0001683,LG-000316,Environmental Clearance,2018-08-28,2018-11-27,Approved,Finance Ministry,9
APP-0001684,LG-000316,Land Acquisition Approval,2018-08-28,2018-11-14,Approved,District Collectorate,10
APP-0001685,LG-000316,Financial Approval,2018-07-15,,Conditionally Approved,Finance Ministry,98
APP-0001686,LG-000317,Administrative Approval,2020-11-21,2021-03-18,Approved,Finance Ministry,15
APP-0001687,LG-000317,Environmental Clearance,2020-10-15,2020-11-29,Approved,MoEFCC,9
APP-0001688,LG-000317,Land Acquisition Approval,2020-12-12,2021-01-24,Approved,State Cabinet,1
APP-0001689,LG-000318,Administrative Approval,2023-09-28,2023-12-01,Approved,District Collectorate,8
APP-0001690,LG-000318,Environmental Clearance,2023-11-14,2024-03-03,Approved,State Cabinet,1
APP-0001691,LG-000318,Land Acquisition Approval,2023-11-06,2024-01-29,Approved,MoEFCC,3
APP-0001692,LG-000319,Administrative Approval,2023-09-09,2023-12-07,Approved,Finance Ministry,13
APP-0001693,LG-000319,Environmental Clearance,2023-09-01,2023-10-01,Approved,State Cabinet,6
APP-0001694,LG-000319,Land Acquisition Approval,2023-08-20,2023-11-18,Approved,Finance Ministry,11
APP-0001695,LG-000319,Financial Approval,2023-10-10,,In Review,Finance Ministry,79
APP-0001696,LG-000319,Government Notification,2023-10-02,2024-01-09,Approved,MoEFCC,7
APP-0001697,LG-000319,Administrative Approval,2023-09-02,2023-12-22,Approved,State Cabinet,2
APP-0001698,LG-000320,Administrative Approval,2021-07-19,2021-09-25,Approved,District Collectorate,5
APP-0001699,LG-000320,Environmental Clearance,2021-08-06,2021-11-05,Approved,District Collectorate,7
APP-0001700,LG-000320,Land Acquisition Approval,2021-07-30,2021-11-06,Approved,Finance Ministry,15
APP-0001701,LG-000321,Administrative Approval,2020-07-07,2020-10-26,Approved,District Collectorate,3
APP-0001702,LG-000321,Environmental Clearance,2020-05-25,2020-08-08,Approved,District Collectorate,10
APP-0001703,LG-000321,Land Acquisition Approval,2020-07-15,2020-09-17,Approved,District Collectorate,2
APP-0001704,LG-000321,Financial Approval,2020-06-28,2020-09-24,Approved,Finance Ministry,9
APP-0001705,LG-000321,Government Notification,2020-06-14,2020-09-23,Approved,District Collectorate,14
APP-0001706,LG-000321,Administrative Approval,2020-07-17,2020-08-25,Approved,State Cabinet,12
APP-0001707,LG-000321,Environmental Clearance,2020-06-22,2020-08-25,Approved,Finance Ministry,15
APP-0001708,LG-000322,Administrative Approval,2020-01-11,2020-03-29,Approved,State Cabinet,3
APP-0001709,LG-000322,Environmental Clearance,2019-12-11,,Submitted,District Collectorate,51
APP-0001710,LG-000322,Land Acquisition Approval,2020-02-05,,Submitted,State Cabinet,148
APP-0001711,LG-000323,Administrative Approval,2020-08-17,,Conditionally Approved,State Cabinet,82
APP-0001712,LG-000323,Environmental Clearance,2020-07-31,,Submitted,Finance Ministry,103
APP-0001713,LG-000323,Land Acquisition Approval,2020-06-27,2020-09-19,Approved,MoEFCC,13
APP-0001714,LG-000324,Administrative Approval,2021-11-15,,Conditionally Approved,District Collectorate,116
APP-0001715,LG-000324,Environmental Clearance,2021-10-30,2022-01-31,Approved,MoEFCC,12
APP-0001716,LG-000324,Land Acquisition Approval,2021-09-21,2021-11-26,Approved,MoEFCC,9
APP-0001717,LG-000324,Financial Approval,2021-09-08,,In Review,State Cabinet,54
APP-0001718,LG-000324,Government Notification,2021-09-05,,In Review,MoEFCC,97
APP-0001719,LG-000325,Administrative Approval,2022-02-04,2022-05-24,Approved,District Collectorate,2
APP-0001720,LG-000325,Environmental Clearance,2022-02-13,2022-03-19,Approved,MoEFCC,3
APP-0001721,LG-000325,Land Acquisition Approval,2022-02-12,2022-04-12,Approved,District Collectorate,11
APP-0001722,LG-000325,Financial Approval,2022-01-19,2022-02-27,Approved,Finance Ministry,0
APP-0001723,LG-000325,Government Notification,2021-12-04,2022-01-23,Approved,Finance Ministry,3
APP-0001724,LG-000325,Administrative Approval,2022-01-29,2022-04-01,Approved,State Cabinet,12
APP-0001725,LG-000325,Environmental Clearance,2022-01-06,2022-02-07,Approved,MoEFCC,5
APP-0001726,LG-000326,Administrative Approval,2021-12-07,,Submitted,Finance Ministry,100
APP-0001727,LG-000326,Environmental Clearance,2022-02-09,,Submitted,District Collectorate,113
APP-0001728,LG-000326,Land Acquisition Approval,2021-11-29,,Submitted,Finance Ministry,127
APP-0001729,LG-000326,Financial Approval,2021-11-23,,In Review,Finance Ministry,76
APP-0001730,LG-000327,Administrative Approval,2022-10-18,,Submitted,Finance Ministry,67
APP-0001731,LG-000327,Environmental Clearance,2022-11-10,,Conditionally Approved,District Collectorate,131
APP-0001732,LG-000327,Land Acquisition Approval,2022-08-28,2022-11-15,Approved,MoEFCC,5
APP-0001733,LG-000327,Financial Approval,2022-10-09,,In Review,Finance Ministry,87
APP-0001734,LG-000327,Government Notification,2022-10-13,,In Review,State Cabinet,72
APP-0001735,LG-000328,Administrative Approval,2019-10-12,2019-11-20,Approved,District Collectorate,6
APP-0001736,LG-000328,Environmental Clearance,2019-12-30,,Conditionally Approved,District Collectorate,126
APP-0001737,LG-000328,Land Acquisition Approval,2019-11-17,,In Review,District Collectorate,114
APP-0001738,LG-000328,Financial Approval,2019-10-06,2020-01-24,Approved,District Collectorate,14
APP-0001739,LG-000328,Government Notification,2019-12-27,2020-04-13,Approved,MoEFCC,0
APP-0001740,LG-000328,Administrative Approval,2019-10-12,,Conditionally Approved,District Collectorate,43
APP-0001741,LG-000329,Administrative Approval,2022-06-05,2022-07-12,Approved,State Cabinet,6
APP-0001742,LG-000329,Environmental Clearance,2022-07-11,2022-09-24,Approved,State Cabinet,12
APP-0001743,LG-000329,Land Acquisition Approval,2022-06-11,2022-08-16,Approved,District Collectorate,1
APP-0001744,LG-000329,Financial Approval,2022-07-16,2022-09-27,Approved,MoEFCC,10
APP-0001745,LG-000329,Government Notification,2022-05-26,2022-09-09,Approved,Finance Ministry,11
APP-0001746,LG-000329,Administrative Approval,2022-05-05,2022-08-30,Approved,MoEFCC,5
APP-0001747,LG-000329,Environmental Clearance,2022-06-05,2022-08-15,Approved,MoEFCC,13
APP-0001748,LG-000329,Land Acquisition Approval,2022-05-29,,In Review,Finance Ministry,40
APP-0001749,LG-000330,Administrative Approval,2020-11-03,2021-02-16,Approved,State Cabinet,12
APP-0001750,LG-000330,Environmental Clearance,2020-10-19,2020-12-21,Approved,State Cabinet,15
APP-0001751,LG-000330,Land Acquisition Approval,2020-11-14,2021-02-13,Approved,Finance Ministry,1
APP-0001752,LG-000330,Financial Approval,2020-10-14,2021-01-10,Approved,Finance Ministry,0
APP-0001753,LG-000330,Government Notification,2020-10-21,2020-12-14,Approved,Finance Ministry,2
APP-0001754,LG-000331,Administrative Approval,2021-05-18,2021-09-06,Approved,District Collectorate,0
APP-0001755,LG-000331,Environmental Clearance,2021-05-20,2021-08-02,Approved,State Cabinet,9
APP-0001756,LG-000331,Land Acquisition Approval,2021-05-23,2021-09-03,Approved,State Cabinet,2
APP-0001757,LG-000331,Financial Approval,2021-07-01,2021-08-04,Approved,Finance Ministry,15
APP-0001758,LG-000331,Government Notification,2021-05-18,,In Review,District Collectorate,43
APP-0001759,LG-000332,Administrative Approval,2019-04-09,2019-06-26,Approved,MoEFCC,12
APP-0001760,LG-000332,Environmental Clearance,2019-05-02,2019-06-06,Approved,District Collectorate,9
APP-0001761,LG-000332,Land Acquisition Approval,2019-02-24,2019-06-05,Approved,MoEFCC,11
APP-0001762,LG-000333,Administrative Approval,2018-12-30,,Submitted,MoEFCC,90
APP-0001763,LG-000333,Environmental Clearance,2019-02-19,,Conditionally Approved,State Cabinet,139
APP-0001764,LG-000333,Land Acquisition Approval,2019-01-14,,Submitted,MoEFCC,85
APP-0001765,LG-000333,Financial Approval,2019-01-19,,In Review,MoEFCC,53
APP-0001766,LG-000333,Government Notification,2019-03-21,2019-05-06,Approved,State Cabinet,15
APP-0001767,LG-000334,Administrative Approval,2019-06-22,,Conditionally Approved,MoEFCC,60
APP-0001768,LG-000334,Environmental Clearance,2019-05-20,2019-07-23,Approved,District Collectorate,13
APP-0001769,LG-000334,Land Acquisition Approval,2019-04-09,2019-06-03,Approved,District Collectorate,4
APP-0001770,LG-000334,Financial Approval,2019-07-05,,Submitted,Finance Ministry,33
APP-0001771,LG-000334,Government Notification,2019-04-07,2019-05-12,Approved,District Collectorate,10
APP-0001772,LG-000334,Administrative Approval,2019-06-26,,Conditionally Approved,State Cabinet,69
APP-0001773,LG-000334,Environmental Clearance,2019-06-05,2019-08-26,Approved,District Collectorate,7
APP-0001774,LG-000334,Land Acquisition Approval,2019-06-25,,Conditionally Approved,Finance Ministry,108
APP-0001775,LG-000335,Administrative Approval,2023-01-01,2023-03-05,Approved,Finance Ministry,8
APP-0001776,LG-000335,Environmental Clearance,2022-12-07,2023-02-13,Approved,Finance Ministry,4
APP-0001777,LG-000335,Land Acquisition Approval,2022-12-12,,In Review,MoEFCC,57
APP-0001778,LG-000335,Financial Approval,2022-12-06,,Submitted,District Collectorate,46
APP-0001779,LG-000335,Government Notification,2023-01-22,,In Review,MoEFCC,79
APP-0001780,LG-000335,Administrative Approval,2022-10-29,,Submitted,MoEFCC,66
APP-0001781,LG-000335,Environmental Clearance,2022-12-14,,In Review,District Collectorate,109
APP-0001782,LG-000336,Administrative Approval,2020-02-03,,Conditionally Approved,District Collectorate,138
APP-0001783,LG-000336,Environmental Clearance,2020-01-31,,In Review,Finance Ministry,56
APP-0001784,LG-000336,Land Acquisition Approval,2019-12-04,,Conditionally Approved,State Cabinet,57
APP-0001785,LG-000336,Financial Approval,2020-02-04,,Submitted,MoEFCC,69
APP-0001786,LG-000336,Government Notification,2019-12-12,2020-03-01,Approved,Finance Ministry,1
APP-0001787,LG-000336,Administrative Approval,2020-02-04,,In Review,MoEFCC,89
APP-0001788,LG-000336,Environmental Clearance,2019-12-24,2020-03-12,Approved,State Cabinet,2
APP-0001789,LG-000337,Administrative Approval,2025-01-12,2025-05-02,Approved,District Collectorate,10
APP-0001790,LG-000337,Environmental Clearance,2024-12-15,,Conditionally Approved,MoEFCC,63
APP-0001791,LG-000337,Land Acquisition Approval,2024-11-23,,Conditionally Approved,Finance Ministry,46
APP-0001792,LG-000337,Financial Approval,2024-12-11,,Conditionally Approved,MoEFCC,120
APP-0001793,LG-000337,Government Notification,2025-01-08,2025-03-19,Approved,State Cabinet,12
APP-0001794,LG-000337,Administrative Approval,2024-11-05,2025-02-11,Approved,District Collectorate,6
APP-0001795,LG-000337,Environmental Clearance,2024-11-16,2025-02-11,Approved,Finance Ministry,12
APP-0001796,LG-000338,Administrative Approval,2020-08-24,2020-12-14,Approved,District Collectorate,8
APP-0001797,LG-000338,Environmental Clearance,2020-09-11,,Submitted,District Collectorate,141
APP-0001798,LG-000338,Land Acquisition Approval,2020-08-12,2020-11-15,Approved,State Cabinet,1
APP-0001799,LG-000338,Financial Approval,2020-08-05,2020-11-05,Approved,State Cabinet,0
APP-0001800,LG-000338,Government Notification,2020-08-27,2020-12-17,Approved,State Cabinet,14
APP-0001801,LG-000339,Administrative Approval,2022-05-06,2022-06-16,Approved,MoEFCC,6
APP-0001802,LG-000339,Environmental Clearance,2022-04-20,2022-08-06,Approved,State Cabinet,0
APP-0001803,LG-000339,Land Acquisition Approval,2022-04-06,2022-08-03,Approved,State Cabinet,15
APP-0001804,LG-000339,Financial Approval,2022-04-06,2022-06-21,Approved,State Cabinet,13
APP-0001805,LG-000339,Government Notification,2022-05-17,2022-07-30,Approved,District Collectorate,15
APP-0001806,LG-000339,Administrative Approval,2022-06-23,,In Review,Finance Ministry,102
APP-0001807,LG-000339,Environmental Clearance,2022-05-06,2022-06-13,Approved,Finance Ministry,1
APP-0001808,LG-000340,Administrative Approval,2018-06-18,2018-07-20,Approved,State Cabinet,10
APP-0001809,LG-000340,Environmental Clearance,2018-06-27,2018-09-23,Approved,District Collectorate,15
APP-0001810,LG-000340,Land Acquisition Approval,2018-05-02,,Conditionally Approved,Finance Ministry,65
APP-0001811,LG-000341,Administrative Approval,2018-11-12,2019-03-12,Approved,MoEFCC,4
APP-0001812,LG-000341,Environmental Clearance,2018-11-09,,In Review,MoEFCC,43
APP-0001813,LG-000341,Land Acquisition Approval,2019-01-05,,Submitted,District Collectorate,131
APP-0001814,LG-000341,Financial Approval,2018-11-12,,Submitted,District Collectorate,128
APP-0001815,LG-000341,Government Notification,2018-12-15,2019-03-08,Approved,State Cabinet,8
APP-0001816,LG-000341,Administrative Approval,2018-10-08,2019-02-03,Approved,State Cabinet,13
APP-0001817,LG-000341,Environmental Clearance,2018-11-02,2018-12-04,Approved,State Cabinet,1
APP-0001818,LG-000341,Land Acquisition Approval,2018-12-01,2019-03-16,Approved,MoEFCC,14
APP-0001819,LG-000342,Administrative Approval,2020-06-13,,Conditionally Approved,State Cabinet,140
APP-0001820,LG-000342,Environmental Clearance,2020-05-28,2020-06-29,Approved,State Cabinet,10
APP-0001821,LG-000342,Land Acquisition Approval,2020-05-27,2020-08-09,Approved,District Collectorate,14
APP-0001822,LG-000343,Administrative Approval,2018-07-19,2018-09-08,Approved,State Cabinet,8
APP-0001823,LG-000343,Environmental Clearance,2018-08-26,,Conditionally Approved,Finance Ministry,139
APP-0001824,LG-000343,Land Acquisition Approval,2018-09-16,2018-10-29,Approved,State Cabinet,0
APP-0001825,LG-000344,Administrative Approval,2019-02-27,2019-05-07,Approved,Finance Ministry,1
APP-0001826,LG-000344,Environmental Clearance,2019-01-17,,Conditionally Approved,State Cabinet,79
APP-0001827,LG-000344,Land Acquisition Approval,2019-01-06,2019-05-02,Approved,District Collectorate,12
APP-0001828,LG-000344,Financial Approval,2019-03-09,2019-06-04,Approved,District Collectorate,3
APP-0001829,LG-000344,Government Notification,2019-01-29,2019-04-21,Approved,MoEFCC,1
APP-0001830,LG-000344,Administrative Approval,2019-03-12,2019-05-30,Approved,MoEFCC,14
APP-0001831,LG-000345,Administrative Approval,2020-08-24,2020-11-05,Approved,District Collectorate,7
APP-0001832,LG-000345,Environmental Clearance,2020-10-08,,Submitted,Finance Ministry,103
APP-0001833,LG-000345,Land Acquisition Approval,2020-09-07,2020-11-09,Approved,MoEFCC,14
APP-0001834,LG-000346,Administrative Approval,2020-11-17,2021-02-21,Approved,Finance Ministry,6
APP-0001835,LG-000346,Environmental Clearance,2021-01-11,2021-04-10,Approved,State Cabinet,8
APP-0001836,LG-000346,Land Acquisition Approval,2020-12-28,2021-03-02,Approved,District Collectorate,5
APP-0001837,LG-000347,Administrative Approval,2025-01-17,,Submitted,MoEFCC,70
APP-0001838,LG-000347,Environmental Clearance,2025-01-21,,In Review,State Cabinet,63
APP-0001839,LG-000347,Land Acquisition Approval,2025-01-23,2025-05-22,Approved,MoEFCC,10
APP-0001840,LG-000347,Financial Approval,2025-03-16,2025-05-09,Approved,Finance Ministry,14
APP-0001841,LG-000347,Government Notification,2025-01-20,,In Review,MoEFCC,142
APP-0001842,LG-000347,Administrative Approval,2025-02-20,,Conditionally Approved,Finance Ministry,94
APP-0001843,LG-000348,Administrative Approval,2020-07-21,2020-09-05,Approved,MoEFCC,9
APP-0001844,LG-000348,Environmental Clearance,2020-09-18,2020-12-30,Approved,Finance Ministry,8
APP-0001845,LG-000348,Land Acquisition Approval,2020-09-26,2021-01-19,Approved,Finance Ministry,8
APP-0001846,LG-000348,Financial Approval,2020-07-29,2020-10-18,Approved,District Collectorate,13
APP-0001847,LG-000349,Administrative Approval,2022-11-27,2023-03-21,Approved,State Cabinet,4
APP-0001848,LG-000349,Environmental Clearance,2022-12-08,2023-03-25,Approved,MoEFCC,1
APP-0001849,LG-000349,Land Acquisition Approval,2022-11-01,2023-01-02,Approved,Finance Ministry,15
APP-0001850,LG-000349,Financial Approval,2022-12-22,2023-04-14,Approved,District Collectorate,8
APP-0001851,LG-000349,Government Notification,2023-01-17,2023-04-12,Approved,Finance Ministry,0
APP-0001852,LG-000349,Administrative Approval,2022-11-30,,Conditionally Approved,MoEFCC,103
APP-0001853,LG-000349,Environmental Clearance,2023-01-13,2023-03-05,Approved,State Cabinet,6
APP-0001854,LG-000349,Land Acquisition Approval,2022-12-19,2023-02-01,Approved,District Collectorate,8
APP-0001855,LG-000350,Administrative Approval,2024-02-26,2024-05-22,Approved,State Cabinet,15
APP-0001856,LG-000350,Environmental Clearance,2023-12-24,2024-04-02,Approved,State Cabinet,8
APP-0001857,LG-000350,Land Acquisition Approval,2023-12-31,2024-04-07,Approved,MoEFCC,6
APP-0001858,LG-000351,Administrative Approval,2022-12-08,2023-04-06,Approved,MoEFCC,14
APP-0001859,LG-000351,Environmental Clearance,2022-12-18,2023-03-01,Approved,District Collectorate,13
APP-0001860,LG-000351,Land Acquisition Approval,2023-01-27,2023-03-17,Approved,MoEFCC,13
APP-0001861,LG-000351,Financial Approval,2022-12-14,2023-03-15,Approved,District Collectorate,4
APP-0001862,LG-000352,Administrative Approval,2022-01-06,,Submitted,State Cabinet,122
APP-0001863,LG-000352,Environmental Clearance,2022-01-09,2022-02-26,Approved,MoEFCC,14
APP-0001864,LG-000352,Land Acquisition Approval,2021-10-19,2022-02-01,Approved,Finance Ministry,15
APP-0001865,LG-000352,Financial Approval,2021-12-15,2022-02-26,Approved,MoEFCC,7
APP-0001866,LG-000352,Government Notification,2021-10-29,,Submitted,State Cabinet,51
APP-0001867,LG-000352,Administrative Approval,2021-11-22,2022-03-09,Approved,State Cabinet,7
APP-0001868,LG-000353,Administrative Approval,2022-04-22,,In Review,MoEFCC,124
APP-0001869,LG-000353,Environmental Clearance,2022-05-17,2022-09-09,Approved,District Collectorate,12
APP-0001870,LG-000353,Land Acquisition Approval,2022-04-26,,In Review,District Collectorate,113
APP-0001871,LG-000353,Financial Approval,2022-05-20,2022-06-23,Approved,State Cabinet,3
APP-0001872,LG-000353,Government Notification,2022-05-31,,Submitted,District Collectorate,88
APP-0001873,LG-000353,Administrative Approval,2022-06-24,2022-08-05,Approved,MoEFCC,0
APP-0001874,LG-000354,Administrative Approval,2020-10-06,2021-01-24,Approved,MoEFCC,6
APP-0001875,LG-000354,Environmental Clearance,2020-10-29,2020-11-28,Approved,District Collectorate,0
APP-0001876,LG-000354,Land Acquisition Approval,2020-10-02,2021-01-18,Approved,Finance Ministry,8
APP-0001877,LG-000354,Financial Approval,2020-12-11,2021-01-12,Approved,District Collectorate,9
APP-0001878,LG-000355,Administrative Approval,2021-04-08,,In Review,MoEFCC,39
APP-0001879,LG-000355,Environmental Clearance,2021-05-20,,Conditionally Approved,District Collectorate,124
APP-0001880,LG-000355,Land Acquisition Approval,2021-05-22,,In Review,Finance Ministry,149
APP-0001881,LG-000355,Financial Approval,2021-05-28,,Submitted,District Collectorate,51
APP-0001882,LG-000356,Administrative Approval,2021-08-09,,Submitted,District Collectorate,52
APP-0001883,LG-000356,Environmental Clearance,2021-07-20,,Submitted,Finance Ministry,58
APP-0001884,LG-000356,Land Acquisition Approval,2021-07-14,2021-10-30,Approved,MoEFCC,1
APP-0001885,LG-000356,Financial Approval,2021-08-07,,Submitted,State Cabinet,65
APP-0001886,LG-000357,Administrative Approval,2019-06-19,2019-09-18,Approved,State Cabinet,2
APP-0001887,LG-000357,Environmental Clearance,2019-06-13,2019-07-28,Approved,MoEFCC,15
APP-0001888,LG-000357,Land Acquisition Approval,2019-05-01,2019-07-23,Approved,District Collectorate,7
APP-0001889,LG-000358,Administrative Approval,2023-12-07,2024-01-25,Approved,MoEFCC,9
APP-0001890,LG-000358,Environmental Clearance,2024-01-13,,In Review,District Collectorate,118
APP-0001891,LG-000358,Land Acquisition Approval,2023-12-13,,Conditionally Approved,Finance Ministry,114
APP-0001892,LG-000358,Financial Approval,2023-12-26,,In Review,Finance Ministry,112
APP-0001893,LG-000358,Government Notification,2023-12-14,,Submitted,State Cabinet,102
APP-0001894,LG-000358,Administrative Approval,2023-11-07,,In Review,State Cabinet,54
APP-0001895,LG-000358,Environmental Clearance,2023-12-17,,Submitted,MoEFCC,141
APP-0001896,LG-000359,Administrative Approval,2022-11-08,,In Review,MoEFCC,128
APP-0001897,LG-000359,Environmental Clearance,2022-11-18,2023-02-12,Approved,MoEFCC,2
APP-0001898,LG-000359,Land Acquisition Approval,2022-11-21,2023-01-13,Approved,State Cabinet,8
APP-0001899,LG-000359,Financial Approval,2022-09-21,2022-11-05,Approved,District Collectorate,5
APP-0001900,LG-000359,Government Notification,2022-12-17,2023-02-02,Approved,Finance Ministry,0
APP-0001901,LG-000360,Administrative Approval,2022-12-24,2023-02-23,Approved,District Collectorate,3
APP-0001902,LG-000360,Environmental Clearance,2023-01-23,,Conditionally Approved,Finance Ministry,139
APP-0001903,LG-000360,Land Acquisition Approval,2023-01-17,2023-03-22,Approved,MoEFCC,5
APP-0001904,LG-000360,Financial Approval,2023-01-26,2023-03-19,Approved,MoEFCC,2
APP-0001905,LG-000360,Government Notification,2022-11-25,2023-03-15,Approved,MoEFCC,14
APP-0001906,LG-000360,Administrative Approval,2022-11-20,2023-02-15,Approved,State Cabinet,0
APP-0001907,LG-000360,Environmental Clearance,2023-01-13,2023-02-26,Approved,State Cabinet,10
APP-0001908,LG-000360,Land Acquisition Approval,2022-12-08,2023-03-05,Approved,State Cabinet,3
APP-0001909,LG-000361,Administrative Approval,2022-01-22,2022-04-27,Approved,MoEFCC,13
APP-0001910,LG-000361,Environmental Clearance,2022-02-02,2022-04-08,Approved,State Cabinet,14
APP-0001911,LG-000361,Land Acquisition Approval,2021-11-23,2022-02-15,Approved,MoEFCC,0
APP-0001912,LG-000362,Administrative Approval,2020-08-26,,Conditionally Approved,State Cabinet,85
APP-0001913,LG-000362,Environmental Clearance,2020-06-23,,Submitted,State Cabinet,112
APP-0001914,LG-000362,Land Acquisition Approval,2020-08-20,2020-10-10,Approved,District Collectorate,8
APP-0001915,LG-000363,Administrative Approval,2020-06-30,2020-09-14,Approved,MoEFCC,2
APP-0001916,LG-000363,Environmental Clearance,2020-05-16,,Conditionally Approved,State Cabinet,106
APP-0001917,LG-000363,Land Acquisition Approval,2020-07-09,,Conditionally Approved,District Collectorate,87
APP-0001918,LG-000363,Financial Approval,2020-07-03,2020-10-05,Approved,Finance Ministry,8
APP-0001919,LG-000363,Government Notification,2020-05-11,2020-08-21,Approved,Finance Ministry,14
APP-0001920,LG-000363,Administrative Approval,2020-05-11,,Submitted,District Collectorate,133
APP-0001921,LG-000363,Environmental Clearance,2020-07-28,,Conditionally Approved,District Collectorate,78
APP-0001922,LG-000364,Administrative Approval,2018-10-29,,In Review,State Cabinet,113
APP-0001923,LG-000364,Environmental Clearance,2018-10-06,,In Review,District Collectorate,129
APP-0001924,LG-000364,Land Acquisition Approval,2018-11-07,,Submitted,State Cabinet,36
APP-0001925,LG-000364,Financial Approval,2018-10-04,,In Review,Finance Ministry,67
APP-0001926,LG-000364,Government Notification,2018-10-16,,Submitted,State Cabinet,58
APP-0001927,LG-000365,Administrative Approval,2019-01-16,2019-05-08,Approved,State Cabinet,8
APP-0001928,LG-000365,Environmental Clearance,2019-02-14,,In Review,State Cabinet,68
APP-0001929,LG-000365,Land Acquisition Approval,2019-01-06,,Conditionally Approved,Finance Ministry,137
APP-0001930,LG-000366,Administrative Approval,2020-05-31,2020-09-07,Approved,MoEFCC,10
APP-0001931,LG-000366,Environmental Clearance,2020-04-18,2020-06-22,Approved,MoEFCC,8
APP-0001932,LG-000366,Land Acquisition Approval,2020-05-18,2020-06-21,Approved,Finance Ministry,12
APP-0001933,LG-000366,Financial Approval,2020-06-01,2020-07-06,Approved,State Cabinet,7
APP-0001934,LG-000367,Administrative Approval,2020-06-22,,In Review,MoEFCC,35
APP-0001935,LG-000367,Environmental Clearance,2020-07-13,2020-10-19,Approved,MoEFCC,15
APP-0001936,LG-000367,Land Acquisition Approval,2020-08-09,,In Review,MoEFCC,118
APP-0001937,LG-000367,Financial Approval,2020-07-24,2020-09-08,Approved,State Cabinet,5
APP-0001938,LG-000367,Government Notification,2020-07-31,2020-09-05,Approved,State Cabinet,1
APP-0001939,LG-000367,Administrative Approval,2020-07-25,,In Review,District Collectorate,103
APP-0001940,LG-000367,Environmental Clearance,2020-07-01,2020-08-28,Approved,District Collectorate,5
APP-0001941,LG-000368,Administrative Approval,2019-12-17,,Conditionally Approved,State Cabinet,147
APP-0001942,LG-000368,Environmental Clearance,2019-12-03,2020-02-10,Approved,District Collectorate,5
APP-0001943,LG-000368,Land Acquisition Approval,2020-01-11,2020-03-26,Approved,Finance Ministry,6
APP-0001944,LG-000369,Administrative Approval,2023-07-13,2023-08-31,Approved,District Collectorate,9
APP-0001945,LG-000369,Environmental Clearance,2023-09-22,,In Review,MoEFCC,93
APP-0001946,LG-000369,Land Acquisition Approval,2023-08-12,,In Review,Finance Ministry,147
APP-0001947,LG-000369,Financial Approval,2023-09-05,,Conditionally Approved,MoEFCC,113
APP-0001948,LG-000369,Government Notification,2023-07-27,,In Review,State Cabinet,45
APP-0001949,LG-000369,Administrative Approval,2023-08-06,,Submitted,State Cabinet,51
APP-0001950,LG-000370,Administrative Approval,2019-01-20,2019-03-08,Approved,State Cabinet,2
APP-0001951,LG-000370,Environmental Clearance,2019-02-05,2019-04-01,Approved,District Collectorate,0
APP-0001952,LG-000370,Land Acquisition Approval,2018-12-18,,Conditionally Approved,State Cabinet,118
APP-0001953,LG-000370,Financial Approval,2018-11-27,2019-01-07,Approved,MoEFCC,4
APP-0001954,LG-000370,Government Notification,2019-01-07,,Submitted,MoEFCC,34
APP-0001955,LG-000370,Administrative Approval,2019-01-22,2019-05-05,Approved,State Cabinet,5
APP-0001956,LG-000370,Environmental Clearance,2019-01-03,2019-03-28,Approved,District Collectorate,13
APP-0001957,LG-000371,Administrative Approval,2024-12-13,,Conditionally Approved,Finance Ministry,114
APP-0001958,LG-000371,Environmental Clearance,2024-11-09,2024-12-15,Approved,MoEFCC,0
APP-0001959,LG-000371,Land Acquisition Approval,2024-12-23,2025-04-07,Approved,Finance Ministry,14
APP-0001960,LG-000372,Administrative Approval,2021-04-15,2021-06-02,Approved,State Cabinet,15
APP-0001961,LG-000372,Environmental Clearance,2021-06-16,,In Review,District Collectorate,103
APP-0001962,LG-000372,Land Acquisition Approval,2021-04-10,,In Review,State Cabinet,123
APP-0001963,LG-000372,Financial Approval,2021-06-03,,Submitted,MoEFCC,37
APP-0001964,LG-000372,Government Notification,2021-04-20,,In Review,MoEFCC,37
APP-0001965,LG-000372,Administrative Approval,2021-05-19,,Conditionally Approved,State Cabinet,43
APP-0001966,LG-000372,Environmental Clearance,2021-04-05,,In Review,District Collectorate,100
APP-0001967,LG-000372,Land Acquisition Approval,2021-04-29,2021-07-29,Approved,State Cabinet,0
APP-0001968,LG-000373,Administrative Approval,2024-03-01,,Conditionally Approved,District Collectorate,58
APP-0001969,LG-000373,Environmental Clearance,2024-01-02,,Submitted,Finance Ministry,52
APP-0001970,LG-000373,Land Acquisition Approval,2024-01-04,,In Review,State Cabinet,125
APP-0001971,LG-000373,Financial Approval,2024-02-16,2024-03-29,Approved,MoEFCC,10
APP-0001972,LG-000373,Government Notification,2024-02-11,2024-06-10,Approved,Finance Ministry,8
APP-0001973,LG-000373,Administrative Approval,2024-01-03,,Submitted,State Cabinet,115
APP-0001974,LG-000373,Environmental Clearance,2024-02-08,2024-03-12,Approved,MoEFCC,5
APP-0001975,LG-000373,Land Acquisition Approval,2023-12-07,,In Review,MoEFCC,100
APP-0001976,LG-000374,Administrative Approval,2023-10-20,2023-11-25,Approved,State Cabinet,5
APP-0001977,LG-000374,Environmental Clearance,2023-12-08,2024-01-19,Approved,State Cabinet,6
APP-0001978,LG-000374,Land Acquisition Approval,2023-11-29,,Conditionally Approved,MoEFCC,99
APP-0001979,LG-000374,Financial Approval,2023-12-13,2024-02-12,Approved,State Cabinet,5
APP-0001980,LG-000374,Government Notification,2023-12-25,,Submitted,MoEFCC,97
APP-0001981,LG-000374,Administrative Approval,2023-11-07,2023-12-12,Approved,MoEFCC,6
APP-0001982,LG-000374,Environmental Clearance,2023-11-24,2024-03-05,Approved,State Cabinet,8
APP-0001983,LG-000374,Land Acquisition Approval,2023-12-03,2024-03-27,Approved,District Collectorate,2
APP-0001984,LG-000375,Administrative Approval,2024-05-28,,Conditionally Approved,MoEFCC,150
APP-0001985,LG-000375,Environmental Clearance,2024-03-10,2024-06-22,Approved,State Cabinet,2
APP-0001986,LG-000375,Land Acquisition Approval,2024-03-19,,Submitted,MoEFCC,39
APP-0001987,LG-000375,Financial Approval,2024-03-22,2024-04-27,Approved,Finance Ministry,8
APP-0001988,LG-000375,Government Notification,2024-05-30,,In Review,MoEFCC,122
APP-0001989,LG-000375,Administrative Approval,2024-03-04,,Conditionally Approved,MoEFCC,150
APP-0001990,LG-000375,Environmental Clearance,2024-05-06,,Submitted,State Cabinet,140
APP-0001991,LG-000375,Land Acquisition Approval,2024-04-18,2024-05-21,Approved,State Cabinet,11
APP-0001992,LG-000376,Administrative Approval,2019-07-29,2019-10-29,Approved,State Cabinet,14
APP-0001993,LG-000376,Environmental Clearance,2019-08-01,2019-11-22,Approved,State Cabinet,7
APP-0001994,LG-000376,Land Acquisition Approval,2019-08-06,2019-09-20,Approved,Finance Ministry,5
APP-0001995,LG-000376,Financial Approval,2019-07-20,2019-09-18,Approved,Finance Ministry,2
APP-0001996,LG-000376,Government Notification,2019-08-14,2019-09-18,Approved,Finance Ministry,2
APP-0001997,LG-000376,Administrative Approval,2019-05-26,2019-09-05,Approved,MoEFCC,2
APP-0001998,LG-000376,Environmental Clearance,2019-07-08,2019-11-04,Approved,District Collectorate,15
APP-0001999,LG-000376,Land Acquisition Approval,2019-06-29,2019-10-07,Approved,Finance Ministry,1
APP-0002000,LG-000377,Administrative Approval,2024-12-10,,Submitted,District Collectorate,146
APP-0002001,LG-000377,Environmental Clearance,2024-12-26,,Submitted,MoEFCC,40
APP-0002002,LG-000377,Land Acquisition Approval,2024-10-23,,Submitted,MoEFCC,74
APP-0002003,LG-000377,Financial Approval,2024-12-04,2025-02-24,Approved,District Collectorate,15
APP-0002004,LG-000377,Government Notification,2024-12-27,2025-03-21,Approved,State Cabinet,2
APP-0002005,LG-000377,Administrative Approval,2024-10-12,,In Review,State Cabinet,95
APP-0002006,LG-000378,Administrative Approval,2023-03-31,2023-05-19,Approved,District Collectorate,2
APP-0002007,LG-000378,Environmental Clearance,2023-01-25,,Conditionally Approved,State Cabinet,144
APP-0002008,LG-000378,Land Acquisition Approval,2023-04-02,,In Review,Finance Ministry,47
APP-0002009,LG-000378,Financial Approval,2023-02-11,,Submitted,MoEFCC,87
APP-0002010,LG-000378,Government Notification,2023-03-27,,In Review,Finance Ministry,146
APP-0002011,LG-000378,Administrative Approval,2023-03-05,,In Review,MoEFCC,87
APP-0002012,LG-000379,Administrative Approval,2020-11-19,2021-01-21,Approved,MoEFCC,11
APP-0002013,LG-000379,Environmental Clearance,2020-09-10,2020-11-23,Approved,District Collectorate,7
APP-0002014,LG-000379,Land Acquisition Approval,2020-10-03,2020-12-23,Approved,Finance Ministry,12
APP-0002015,LG-000379,Financial Approval,2020-09-18,2020-12-27,Approved,MoEFCC,2
APP-0002016,LG-000379,Government Notification,2020-12-01,2021-03-14,Approved,MoEFCC,2
APP-0002017,LG-000380,Administrative Approval,2022-06-11,2022-07-18,Approved,Finance Ministry,2
APP-0002018,LG-000380,Environmental Clearance,2022-04-06,2022-05-23,Approved,State Cabinet,5
APP-0002019,LG-000380,Land Acquisition Approval,2022-06-07,2022-09-21,Approved,MoEFCC,14
APP-0002020,LG-000381,Administrative Approval,2025-03-01,2025-04-14,Approved,State Cabinet,15
APP-0002021,LG-000381,Environmental Clearance,2025-01-29,2025-05-07,Approved,State Cabinet,7
APP-0002022,LG-000381,Land Acquisition Approval,2025-02-18,2025-04-01,Approved,District Collectorate,2
APP-0002023,LG-000382,Administrative Approval,2018-12-19,2019-02-14,Approved,District Collectorate,1
APP-0002024,LG-000382,Environmental Clearance,2019-02-13,2019-03-23,Approved,MoEFCC,1
APP-0002025,LG-000382,Land Acquisition Approval,2019-02-04,2019-03-20,Approved,District Collectorate,9
APP-0002026,LG-000382,Financial Approval,2019-02-01,2019-03-23,Approved,MoEFCC,6
APP-0002027,LG-000383,Administrative Approval,2019-02-12,2019-06-02,Approved,Finance Ministry,0
APP-0002028,LG-000383,Environmental Clearance,2019-04-02,2019-07-29,Approved,Finance Ministry,10
APP-0002029,LG-000383,Land Acquisition Approval,2019-03-11,,Conditionally Approved,District Collectorate,133
APP-0002030,LG-000384,Administrative Approval,2018-06-19,,Submitted,MoEFCC,86
APP-0002031,LG-000384,Environmental Clearance,2018-05-04,,Conditionally Approved,District Collectorate,101
APP-0002032,LG-000384,Land Acquisition Approval,2018-07-10,,Conditionally Approved,District Collectorate,137
APP-0002033,LG-000384,Financial Approval,2018-05-13,2018-09-09,Approved,Finance Ministry,6
APP-0002034,LG-000384,Government Notification,2018-05-18,2018-06-24,Approved,State Cabinet,4
APP-0002035,LG-000384,Administrative Approval,2018-06-17,,Conditionally Approved,MoEFCC,146
APP-0002036,LG-000384,Environmental Clearance,2018-06-17,2018-10-06,Approved,State Cabinet,9
APP-0002037,LG-000384,Land Acquisition Approval,2018-06-20,,Conditionally Approved,MoEFCC,117
APP-0002038,LG-000385,Administrative Approval,2021-05-18,2021-08-18,Approved,Finance Ministry,14
APP-0002039,LG-000385,Environmental Clearance,2021-04-08,,In Review,District Collectorate,112
APP-0002040,LG-000385,Land Acquisition Approval,2021-05-07,,Submitted,Finance Ministry,92
APP-0002041,LG-000386,Administrative Approval,2025-01-10,2025-03-18,Approved,State Cabinet,6
APP-0002042,LG-000386,Environmental Clearance,2024-12-25,2025-04-02,Approved,Finance Ministry,0
APP-0002043,LG-000386,Land Acquisition Approval,2024-12-07,2025-04-04,Approved,Finance Ministry,1
APP-0002044,LG-000386,Financial Approval,2024-12-29,,Conditionally Approved,State Cabinet,64
APP-0002045,LG-000386,Government Notification,2024-11-18,2024-12-29,Approved,State Cabinet,15
APP-0002046,LG-000387,Administrative Approval,2020-04-02,2020-07-08,Approved,State Cabinet,8
APP-0002047,LG-000387,Environmental Clearance,2020-03-04,2020-06-30,Approved,District Collectorate,13
APP-0002048,LG-000387,Land Acquisition Approval,2020-01-07,2020-02-15,Approved,District Collectorate,4
APP-0002049,LG-000387,Financial Approval,2020-02-16,,In Review,MoEFCC,73
APP-0002050,LG-000387,Government Notification,2020-03-02,2020-06-22,Approved,Finance Ministry,10
APP-0002051,LG-000387,Administrative Approval,2020-02-14,,Conditionally Approved,MoEFCC,75
APP-0002052,LG-000387,Environmental Clearance,2020-02-14,2020-06-03,Approved,MoEFCC,13
APP-0002053,LG-000388,Administrative Approval,2023-09-18,,Submitted,District Collectorate,41
APP-0002054,LG-000388,Environmental Clearance,2023-08-28,2023-11-01,Approved,Finance Ministry,1
APP-0002055,LG-000388,Land Acquisition Approval,2023-09-08,2024-01-05,Approved,Finance Ministry,1
APP-0002056,LG-000389,Administrative Approval,2022-05-10,2022-08-07,Approved,Finance Ministry,1
APP-0002057,LG-000389,Environmental Clearance,2022-06-28,2022-10-08,Approved,District Collectorate,7
APP-0002058,LG-000389,Land Acquisition Approval,2022-04-16,2022-07-14,Approved,Finance Ministry,0
APP-0002059,LG-000389,Financial Approval,2022-05-23,2022-07-13,Approved,District Collectorate,10
APP-0002060,LG-000390,Administrative Approval,2023-04-28,2023-07-01,Approved,MoEFCC,8
APP-0002061,LG-000390,Environmental Clearance,2023-05-14,,Submitted,Finance Ministry,83
APP-0002062,LG-000390,Land Acquisition Approval,2023-02-19,,Submitted,State Cabinet,119
APP-0002063,LG-000390,Financial Approval,2023-04-18,,Submitted,State Cabinet,141
APP-0002064,LG-000390,Government Notification,2023-03-27,,Conditionally Approved,State Cabinet,145
APP-0002065,LG-000390,Administrative Approval,2023-02-24,2023-05-28,Approved,Finance Ministry,5
APP-0002066,LG-000390,Environmental Clearance,2023-02-14,,Submitted,State Cabinet,61
APP-0002067,LG-000390,Land Acquisition Approval,2023-04-20,,Conditionally Approved,State Cabinet,32
APP-0002068,LG-000391,Administrative Approval,2020-12-22,2021-02-02,Approved,State Cabinet,0
APP-0002069,LG-000391,Environmental Clearance,2020-12-13,,In Review,District Collectorate,41
APP-0002070,LG-000391,Land Acquisition Approval,2021-02-02,2021-04-02,Approved,MoEFCC,15
APP-0002071,LG-000391,Financial Approval,2021-02-06,2021-05-18,Approved,Finance Ministry,8
APP-0002072,LG-000391,Government Notification,2021-01-25,2021-03-19,Approved,State Cabinet,15
APP-0002073,LG-000391,Administrative Approval,2020-12-08,2021-03-29,Approved,District Collectorate,4
APP-0002074,LG-000391,Environmental Clearance,2020-12-03,2021-02-13,Approved,State Cabinet,7
APP-0002075,LG-000392,Administrative Approval,2018-10-26,,In Review,Finance Ministry,69
APP-0002076,LG-000392,Environmental Clearance,2018-09-10,,Conditionally Approved,District Collectorate,55
APP-0002077,LG-000392,Land Acquisition Approval,2018-09-29,2018-12-20,Approved,District Collectorate,0
APP-0002078,LG-000392,Financial Approval,2018-08-30,,Submitted,MoEFCC,77
APP-0002079,LG-000392,Government Notification,2018-08-23,,Conditionally Approved,State Cabinet,62
APP-0002080,LG-000392,Administrative Approval,2018-08-21,,Conditionally Approved,District Collectorate,127
APP-0002081,LG-000393,Administrative Approval,2021-10-08,2022-01-17,Approved,State Cabinet,14
APP-0002082,LG-000393,Environmental Clearance,2021-08-01,2021-10-05,Approved,Finance Ministry,6
APP-0002083,LG-000393,Land Acquisition Approval,2021-10-22,2022-01-09,Approved,MoEFCC,3
APP-0002084,LG-000393,Financial Approval,2021-08-28,2021-11-01,Approved,MoEFCC,15
APP-0002085,LG-000394,Administrative Approval,2022-01-29,2022-03-31,Approved,Finance Ministry,1
APP-0002086,LG-000394,Environmental Clearance,2022-02-21,2022-06-20,Approved,MoEFCC,0
APP-0002087,LG-000394,Land Acquisition Approval,2022-02-07,2022-05-13,Approved,Finance Ministry,10
APP-0002088,LG-000394,Financial Approval,2022-02-17,2022-05-26,Approved,MoEFCC,6
APP-0002089,LG-000394,Government Notification,2022-02-15,2022-05-01,Approved,District Collectorate,9
APP-0002090,LG-000394,Administrative Approval,2022-02-28,2022-04-26,Approved,State Cabinet,3
APP-0002091,LG-000394,Environmental Clearance,2022-02-26,2022-04-30,Approved,District Collectorate,5
APP-0002092,LG-000394,Land Acquisition Approval,2022-01-02,2022-03-14,Approved,MoEFCC,15
APP-0002093,LG-000395,Administrative Approval,2023-12-08,2024-03-24,Approved,State Cabinet,2
APP-0002094,LG-000395,Environmental Clearance,2023-11-10,,Submitted,State Cabinet,59
APP-0002095,LG-000395,Land Acquisition Approval,2023-11-04,2023-12-10,Approved,State Cabinet,4
APP-0002096,LG-000395,Financial Approval,2023-09-24,,In Review,MoEFCC,92
APP-0002097,LG-000395,Government Notification,2023-09-22,,Submitted,State Cabinet,83
APP-0002098,LG-000395,Administrative Approval,2023-10-17,2023-11-27,Approved,Finance Ministry,4
APP-0002099,LG-000395,Environmental Clearance,2023-11-19,2024-01-29,Approved,Finance Ministry,7
APP-0002100,LG-000396,Administrative Approval,2022-11-14,,In Review,State Cabinet,125
APP-0002101,LG-000396,Environmental Clearance,2022-10-15,,Conditionally Approved,Finance Ministry,145
APP-0002102,LG-000396,Land Acquisition Approval,2022-11-03,,In Review,District Collectorate,124
APP-0002103,LG-000396,Financial Approval,2022-12-15,2023-03-24,Approved,Finance Ministry,8
APP-0002104,LG-000396,Government Notification,2022-12-10,,Conditionally Approved,MoEFCC,105
APP-0002105,LG-000396,Administrative Approval,2022-11-12,,Conditionally Approved,State Cabinet,110
APP-0002106,LG-000397,Administrative Approval,2022-01-14,,In Review,District Collectorate,107
APP-0002107,LG-000397,Environmental Clearance,2021-11-29,2022-03-13,Approved,Finance Ministry,10
APP-0002108,LG-000397,Land Acquisition Approval,2021-10-26,2021-12-22,Approved,State Cabinet,14
APP-0002109,LG-000398,Administrative Approval,2024-12-23,,Submitted,Finance Ministry,70
APP-0002110,LG-000398,Environmental Clearance,2024-12-29,,Conditionally Approved,Finance Ministry,116
APP-0002111,LG-000398,Land Acquisition Approval,2025-02-10,2025-04-19,Approved,State Cabinet,11
APP-0002112,LG-000398,Financial Approval,2025-01-13,2025-02-15,Approved,MoEFCC,10
APP-0002113,LG-000398,Government Notification,2024-12-19,2025-01-21,Approved,District Collectorate,3
APP-0002114,LG-000398,Administrative Approval,2025-01-08,2025-03-28,Approved,District Collectorate,7
APP-0002115,LG-000399,Administrative Approval,2023-02-09,2023-05-27,Approved,State Cabinet,15
APP-0002116,LG-000399,Environmental Clearance,2023-03-25,2023-07-04,Approved,District Collectorate,4
APP-0002117,LG-000399,Land Acquisition Approval,2023-04-29,2023-06-11,Approved,Finance Ministry,13
APP-0002118,LG-000399,Financial Approval,2023-02-23,2023-05-28,Approved,State Cabinet,2
APP-0002119,LG-000399,Government Notification,2023-04-27,2023-07-08,Approved,District Collectorate,7
APP-0002120,LG-000399,Administrative Approval,2023-04-07,2023-06-17,Approved,District Collectorate,14
APP-0002121,LG-000399,Environmental Clearance,2023-02-25,2023-05-22,Approved,MoEFCC,11
APP-0002122,LG-000400,Administrative Approval,2024-07-01,2024-09-06,Approved,State Cabinet,11
APP-0002123,LG-000400,Environmental Clearance,2024-07-05,2024-10-24,Approved,District Collectorate,3
APP-0002124,LG-000400,Land Acquisition Approval,2024-08-29,2024-10-04,Approved,District Collectorate,2
APP-0002125,LG-000401,Administrative Approval,2018-05-25,,Conditionally Approved,Finance Ministry,138
APP-0002126,LG-000401,Environmental Clearance,2018-04-11,,Submitted,MoEFCC,107
APP-0002127,LG-000401,Land Acquisition Approval,2018-05-10,2018-06-09,Approved,State Cabinet,7
APP-0002128,LG-000401,Financial Approval,2018-05-22,,In Review,District Collectorate,60
APP-0002129,LG-000401,Government Notification,2018-04-26,,Submitted,MoEFCC,102
APP-0002130,LG-000401,Administrative Approval,2018-04-15,2018-06-21,Approved,MoEFCC,3
APP-0002131,LG-000402,Administrative Approval,2024-07-03,,In Review,State Cabinet,57
APP-0002132,LG-000402,Environmental Clearance,2024-05-16,2024-08-08,Approved,MoEFCC,3
APP-0002133,LG-000402,Land Acquisition Approval,2024-05-22,,Conditionally Approved,Finance Ministry,118
APP-0002134,LG-000402,Financial Approval,2024-06-25,,Submitted,District Collectorate,109
APP-0002135,LG-000402,Government Notification,2024-07-12,,In Review,District Collectorate,91
APP-0002136,LG-000403,Administrative Approval,2024-02-28,2024-05-31,Approved,State Cabinet,10
APP-0002137,LG-000403,Environmental Clearance,2024-05-05,2024-06-05,Approved,Finance Ministry,8
APP-0002138,LG-000403,Land Acquisition Approval,2024-03-28,2024-07-04,Approved,State Cabinet,13
APP-0002139,LG-000403,Financial Approval,2024-04-27,2024-06-19,Approved,Finance Ministry,9
APP-0002140,LG-000403,Government Notification,2024-05-08,2024-08-25,Approved,State Cabinet,15
APP-0002141,LG-000403,Administrative Approval,2024-02-18,2024-05-25,Approved,District Collectorate,2
APP-0002142,LG-000403,Environmental Clearance,2024-04-13,2024-07-16,Approved,State Cabinet,9
APP-0002143,LG-000404,Administrative Approval,2021-08-10,2021-11-08,Approved,MoEFCC,5
APP-0002144,LG-000404,Environmental Clearance,2021-07-21,,In Review,State Cabinet,144
APP-0002145,LG-000404,Land Acquisition Approval,2021-07-13,,Conditionally Approved,State Cabinet,49
APP-0002146,LG-000404,Financial Approval,2021-06-13,,Conditionally Approved,Finance Ministry,94
APP-0002147,LG-000405,Administrative Approval,2022-01-22,,In Review,Finance Ministry,79
APP-0002148,LG-000405,Environmental Clearance,2021-12-14,2022-02-02,Approved,District Collectorate,9
APP-0002149,LG-000405,Land Acquisition Approval,2022-01-04,,In Review,State Cabinet,84
APP-0002150,LG-000405,Financial Approval,2021-11-29,,Conditionally Approved,MoEFCC,58
APP-0002151,LG-000405,Government Notification,2022-02-21,2022-04-17,Approved,MoEFCC,4
APP-0002152,LG-000405,Administrative Approval,2021-12-31,,Submitted,District Collectorate,60
APP-0002153,LG-000405,Environmental Clearance,2022-01-09,2022-03-11,Approved,District Collectorate,15
APP-0002154,LG-000405,Land Acquisition Approval,2021-11-28,,Submitted,MoEFCC,138
APP-0002155,LG-000406,Administrative Approval,2021-12-23,2022-03-08,Approved,State Cabinet,9
APP-0002156,LG-000406,Environmental Clearance,2021-11-26,2021-12-27,Approved,Finance Ministry,13
APP-0002157,LG-000406,Land Acquisition Approval,2022-02-07,2022-04-10,Approved,State Cabinet,7
APP-0002158,LG-000407,Administrative Approval,2021-06-07,2021-08-31,Approved,State Cabinet,14
APP-0002159,LG-000407,Environmental Clearance,2021-07-26,2021-11-09,Approved,MoEFCC,8
APP-0002160,LG-000407,Land Acquisition Approval,2021-08-19,2021-10-27,Approved,Finance Ministry,6
APP-0002161,LG-000408,Administrative Approval,2021-11-05,2022-02-07,Approved,Finance Ministry,13
APP-0002162,LG-000408,Environmental Clearance,2021-10-26,2022-02-01,Approved,Finance Ministry,5
APP-0002163,LG-000408,Land Acquisition Approval,2021-09-13,2022-01-07,Approved,State Cabinet,1
APP-0002164,LG-000409,Administrative Approval,2022-08-01,2022-11-10,Approved,State Cabinet,6
APP-0002165,LG-000409,Environmental Clearance,2022-09-24,2023-01-06,Approved,Finance Ministry,6
APP-0002166,LG-000409,Land Acquisition Approval,2022-07-30,2022-10-20,Approved,Finance Ministry,8
APP-0002167,LG-000409,Financial Approval,2022-08-06,2022-09-09,Approved,State Cabinet,6
APP-0002168,LG-000410,Administrative Approval,2019-03-07,2019-06-01,Approved,Finance Ministry,9
APP-0002169,LG-000410,Environmental Clearance,2019-03-31,2019-05-31,Approved,State Cabinet,0
APP-0002170,LG-000410,Land Acquisition Approval,2019-02-27,2019-05-27,Approved,State Cabinet,4
APP-0002171,LG-000411,Administrative Approval,2025-03-09,2025-06-01,Approved,District Collectorate,12
APP-0002172,LG-000411,Environmental Clearance,2025-03-25,2025-07-06,Approved,District Collectorate,10
APP-0002173,LG-000411,Land Acquisition Approval,2025-03-01,2025-05-28,Approved,MoEFCC,11
APP-0002174,LG-000411,Financial Approval,2025-02-09,2025-03-30,Approved,Finance Ministry,13
APP-0002175,LG-000412,Administrative Approval,2019-03-30,2019-05-21,Approved,State Cabinet,12
APP-0002176,LG-000412,Environmental Clearance,2019-03-22,2019-05-09,Approved,District Collectorate,7
APP-0002177,LG-000412,Land Acquisition Approval,2019-03-06,2019-04-29,Approved,Finance Ministry,6
APP-0002178,LG-000412,Financial Approval,2019-02-08,2019-04-19,Approved,MoEFCC,15
APP-0002179,LG-000412,Government Notification,2019-02-14,2019-04-17,Approved,District Collectorate,2
APP-0002180,LG-000412,Administrative Approval,2019-01-22,2019-03-10,Approved,MoEFCC,13
APP-0002181,LG-000413,Administrative Approval,2022-07-15,2022-08-30,Approved,State Cabinet,12
APP-0002182,LG-000413,Environmental Clearance,2022-07-19,2022-11-05,Approved,MoEFCC,5
APP-0002183,LG-000413,Land Acquisition Approval,2022-05-25,,Submitted,MoEFCC,137
APP-0002184,LG-000414,Administrative Approval,2023-03-18,2023-06-08,Approved,MoEFCC,14
APP-0002185,LG-000414,Environmental Clearance,2023-01-25,2023-05-15,Approved,MoEFCC,2
APP-0002186,LG-000414,Land Acquisition Approval,2023-03-25,2023-06-06,Approved,State Cabinet,0
APP-0002187,LG-000414,Financial Approval,2023-02-05,2023-05-13,Approved,District Collectorate,6
APP-0002188,LG-000415,Administrative Approval,2020-08-20,2020-12-13,Approved,District Collectorate,8
APP-0002189,LG-000415,Environmental Clearance,2020-09-17,,Conditionally Approved,Finance Ministry,80
APP-0002190,LG-000415,Land Acquisition Approval,2020-09-15,2020-10-15,Approved,State Cabinet,14
APP-0002191,LG-000416,Administrative Approval,2025-03-10,2025-05-10,Approved,State Cabinet,7
APP-0002192,LG-000416,Environmental Clearance,2025-03-26,2025-06-20,Approved,Finance Ministry,12
APP-0002193,LG-000416,Land Acquisition Approval,2025-02-13,2025-03-26,Approved,State Cabinet,13
APP-0002194,LG-000417,Administrative Approval,2020-01-24,2020-04-03,Approved,State Cabinet,4
APP-0002195,LG-000417,Environmental Clearance,2020-01-18,,In Review,MoEFCC,81
APP-0002196,LG-000417,Land Acquisition Approval,2020-03-15,2020-07-12,Approved,District Collectorate,3
APP-0002197,LG-000417,Financial Approval,2020-01-09,2020-04-10,Approved,State Cabinet,14
APP-0002198,LG-000417,Government Notification,2020-02-22,2020-03-23,Approved,Finance Ministry,4
APP-0002199,LG-000417,Administrative Approval,2020-01-19,,In Review,District Collectorate,139
APP-0002200,LG-000417,Environmental Clearance,2020-01-31,2020-03-05,Approved,District Collectorate,7
APP-0002201,LG-000418,Administrative Approval,2022-08-04,,In Review,State Cabinet,146
APP-0002202,LG-000418,Environmental Clearance,2022-07-18,,In Review,District Collectorate,108
APP-0002203,LG-000418,Land Acquisition Approval,2022-08-21,,In Review,District Collectorate,90
APP-0002204,LG-000418,Financial Approval,2022-08-14,2022-10-25,Approved,Finance Ministry,14
APP-0002205,LG-000418,Government Notification,2022-09-12,2022-11-12,Approved,District Collectorate,8
APP-0002206,LG-000418,Administrative Approval,2022-07-31,2022-10-18,Approved,District Collectorate,15
APP-0002207,LG-000419,Administrative Approval,2022-12-27,2023-01-28,Approved,MoEFCC,4
APP-0002208,LG-000419,Environmental Clearance,2023-02-20,2023-04-01,Approved,State Cabinet,0
APP-0002209,LG-000419,Land Acquisition Approval,2023-02-09,2023-06-03,Approved,Finance Ministry,12
APP-0002210,LG-000419,Financial Approval,2023-03-04,2023-06-19,Approved,MoEFCC,11
APP-0002211,LG-000419,Government Notification,2023-01-15,2023-04-23,Approved,MoEFCC,4
APP-0002212,LG-000419,Administrative Approval,2022-12-17,2023-02-24,Approved,State Cabinet,9
APP-0002213,LG-000420,Administrative Approval,2018-10-29,2019-01-21,Approved,Finance Ministry,8
APP-0002214,LG-000420,Environmental Clearance,2018-10-08,2018-11-10,Approved,MoEFCC,5
APP-0002215,LG-000420,Land Acquisition Approval,2018-11-21,,Conditionally Approved,District Collectorate,137
APP-0002216,LG-000421,Administrative Approval,2024-10-21,2024-12-22,Approved,State Cabinet,2
APP-0002217,LG-000421,Environmental Clearance,2024-11-15,2025-01-17,Approved,Finance Ministry,7
APP-0002218,LG-000421,Land Acquisition Approval,2024-11-01,2024-12-23,Approved,District Collectorate,12
APP-0002219,LG-000421,Financial Approval,2024-10-28,,Conditionally Approved,State Cabinet,147
APP-0002220,LG-000422,Administrative Approval,2022-12-16,2023-01-24,Approved,Finance Ministry,9
APP-0002221,LG-000422,Environmental Clearance,2022-10-30,2023-01-08,Approved,State Cabinet,11
APP-0002222,LG-000422,Land Acquisition Approval,2022-10-20,2022-12-12,Approved,District Collectorate,14
APP-0002223,LG-000422,Financial Approval,2022-10-20,2022-12-10,Approved,State Cabinet,9
APP-0002224,LG-000422,Government Notification,2022-12-24,2023-02-23,Approved,MoEFCC,4
APP-0002225,LG-000423,Administrative Approval,2023-04-17,2023-07-22,Approved,MoEFCC,13
APP-0002226,LG-000423,Environmental Clearance,2023-04-29,2023-07-09,Approved,Finance Ministry,15
APP-0002227,LG-000423,Land Acquisition Approval,2023-06-02,2023-07-04,Approved,State Cabinet,9
APP-0002228,LG-000423,Financial Approval,2023-05-08,,Submitted,MoEFCC,134
APP-0002229,LG-000424,Administrative Approval,2019-05-15,2019-09-12,Approved,State Cabinet,14
APP-0002230,LG-000424,Environmental Clearance,2019-06-22,2019-07-23,Approved,State Cabinet,3
APP-0002231,LG-000424,Land Acquisition Approval,2019-05-24,2019-08-31,Approved,State Cabinet,11
APP-0002232,LG-000424,Financial Approval,2019-04-16,2019-06-06,Approved,State Cabinet,11
APP-0002233,LG-000425,Administrative Approval,2022-01-09,2022-03-02,Approved,Finance Ministry,6
APP-0002234,LG-000425,Environmental Clearance,2022-02-02,2022-03-25,Approved,Finance Ministry,14
APP-0002235,LG-000425,Land Acquisition Approval,2022-03-06,2022-05-15,Approved,MoEFCC,15
APP-0002236,LG-000425,Financial Approval,2022-02-11,2022-04-21,Approved,State Cabinet,2
APP-0002237,LG-000426,Administrative Approval,2022-10-07,2023-01-30,Approved,State Cabinet,14
APP-0002238,LG-000426,Environmental Clearance,2022-10-06,2022-11-19,Approved,MoEFCC,8
APP-0002239,LG-000426,Land Acquisition Approval,2022-10-10,2022-11-28,Approved,MoEFCC,8
APP-0002240,LG-000426,Financial Approval,2022-11-01,2022-12-21,Approved,MoEFCC,8
APP-0002241,LG-000426,Government Notification,2022-10-04,2022-12-14,Approved,District Collectorate,3
APP-0002242,LG-000426,Administrative Approval,2022-09-11,2022-11-08,Approved,District Collectorate,9
APP-0002243,LG-000426,Environmental Clearance,2022-10-13,2022-11-26,Approved,District Collectorate,7
APP-0002244,LG-000427,Administrative Approval,2023-11-22,,In Review,State Cabinet,49
APP-0002245,LG-000427,Environmental Clearance,2023-12-12,,Submitted,District Collectorate,60
APP-0002246,LG-000427,Land Acquisition Approval,2023-11-07,2024-01-16,Approved,State Cabinet,13
APP-0002247,LG-000427,Financial Approval,2023-12-26,2024-02-18,Approved,State Cabinet,4
APP-0002248,LG-000427,Government Notification,2023-11-10,2023-12-11,Approved,Finance Ministry,12
APP-0002249,LG-000428,Administrative Approval,2022-10-15,,Conditionally Approved,Finance Ministry,128
APP-0002250,LG-000428,Environmental Clearance,2022-10-06,,Submitted,State Cabinet,35
APP-0002251,LG-000428,Land Acquisition Approval,2022-10-02,,Submitted,Finance Ministry,99
APP-0002252,LG-000429,Administrative Approval,2018-06-16,,Conditionally Approved,District Collectorate,113
APP-0002253,LG-000429,Environmental Clearance,2018-06-07,2018-08-10,Approved,MoEFCC,0
APP-0002254,LG-000429,Land Acquisition Approval,2018-05-21,,Submitted,MoEFCC,65
APP-0002255,LG-000429,Financial Approval,2018-03-21,2018-04-26,Approved,Finance Ministry,8
APP-0002256,LG-000429,Government Notification,2018-06-10,,Conditionally Approved,MoEFCC,44
APP-0002257,LG-000430,Administrative Approval,2021-12-07,,In Review,MoEFCC,130
APP-0002258,LG-000430,Environmental Clearance,2021-12-20,2022-04-03,Approved,District Collectorate,1
APP-0002259,LG-000430,Land Acquisition Approval,2021-12-21,,In Review,Finance Ministry,56
APP-0002260,LG-000431,Administrative Approval,2023-02-04,2023-04-23,Approved,Finance Ministry,14
APP-0002261,LG-000431,Environmental Clearance,2022-11-20,2023-03-01,Approved,MoEFCC,12
APP-0002262,LG-000431,Land Acquisition Approval,2022-11-26,2023-01-03,Approved,Finance Ministry,0
APP-0002263,LG-000432,Administrative Approval,2024-12-26,2025-03-28,Approved,District Collectorate,4
APP-0002264,LG-000432,Environmental Clearance,2024-10-10,2025-02-04,Approved,District Collectorate,12
APP-0002265,LG-000432,Land Acquisition Approval,2025-01-01,2025-03-16,Approved,Finance Ministry,12
APP-0002266,LG-000432,Financial Approval,2024-10-21,2025-02-01,Approved,State Cabinet,2
APP-0002267,LG-000433,Administrative Approval,2018-09-09,2018-10-21,Approved,District Collectorate,10
APP-0002268,LG-000433,Environmental Clearance,2018-09-15,,Submitted,State Cabinet,144
APP-0002269,LG-000433,Land Acquisition Approval,2018-10-09,2018-11-25,Approved,State Cabinet,7
APP-0002270,LG-000433,Financial Approval,2018-07-31,2018-11-10,Approved,Finance Ministry,4
APP-0002271,LG-000434,Administrative Approval,2021-12-22,2022-03-18,Approved,State Cabinet,14
APP-0002272,LG-000434,Environmental Clearance,2021-12-09,2022-03-18,Approved,MoEFCC,7
APP-0002273,LG-000434,Land Acquisition Approval,2021-12-27,,Conditionally Approved,MoEFCC,138
APP-0002274,LG-000434,Financial Approval,2022-01-14,,In Review,MoEFCC,106
APP-0002275,LG-000434,Government Notification,2021-11-17,2022-01-05,Approved,District Collectorate,1
APP-0002276,LG-000434,Administrative Approval,2022-01-05,2022-04-20,Approved,Finance Ministry,10
APP-0002277,LG-000435,Administrative Approval,2019-10-14,2020-01-13,Approved,State Cabinet,10
APP-0002278,LG-000435,Environmental Clearance,2019-09-01,2019-11-13,Approved,Finance Ministry,12
APP-0002279,LG-000435,Land Acquisition Approval,2019-11-03,2020-02-17,Approved,MoEFCC,0
APP-0002280,LG-000435,Financial Approval,2019-08-21,2019-11-21,Approved,Finance Ministry,9
APP-0002281,LG-000435,Government Notification,2019-10-23,2020-01-16,Approved,Finance Ministry,7
APP-0002282,LG-000435,Administrative Approval,2019-09-25,2020-01-17,Approved,District Collectorate,5
APP-0002283,LG-000436,Administrative Approval,2024-04-09,2024-05-11,Approved,Finance Ministry,13
APP-0002284,LG-000436,Environmental Clearance,2024-04-17,2024-05-31,Approved,District Collectorate,13
APP-0002285,LG-000436,Land Acquisition Approval,2024-05-10,2024-08-18,Approved,MoEFCC,13
APP-0002286,LG-000436,Financial Approval,2024-03-28,2024-07-05,Approved,MoEFCC,10
APP-0002287,LG-000436,Government Notification,2024-05-17,2024-07-19,Approved,MoEFCC,4
APP-0002288,LG-000437,Administrative Approval,2022-08-30,2022-12-02,Approved,MoEFCC,12
APP-0002289,LG-000437,Environmental Clearance,2022-09-01,2022-12-02,Approved,State Cabinet,9
APP-0002290,LG-000437,Land Acquisition Approval,2022-11-02,2022-12-13,Approved,Finance Ministry,2
APP-0002291,LG-000437,Financial Approval,2022-09-05,2022-11-30,Approved,Finance Ministry,3
APP-0002292,LG-000437,Government Notification,2022-11-04,2023-01-08,Approved,District Collectorate,1
APP-0002293,LG-000437,Administrative Approval,2022-09-23,2022-12-05,Approved,MoEFCC,10
APP-0002294,LG-000437,Environmental Clearance,2022-10-19,2022-12-08,Approved,Finance Ministry,3
APP-0002295,LG-000438,Administrative Approval,2021-07-26,2021-11-14,Approved,District Collectorate,0
APP-0002296,LG-000438,Environmental Clearance,2021-06-18,2021-10-02,Approved,District Collectorate,13
APP-0002297,LG-000438,Land Acquisition Approval,2021-08-15,,In Review,District Collectorate,39
APP-0002298,LG-000438,Financial Approval,2021-06-02,2021-08-21,Approved,MoEFCC,4
APP-0002299,LG-000438,Government Notification,2021-07-31,,Conditionally Approved,District Collectorate,61
APP-0002300,LG-000438,Administrative Approval,2021-06-25,,Conditionally Approved,MoEFCC,79
APP-0002301,LG-000438,Environmental Clearance,2021-07-18,2021-11-11,Approved,State Cabinet,8
APP-0002302,LG-000438,Land Acquisition Approval,2021-07-27,2021-10-27,Approved,MoEFCC,12
APP-0002303,LG-000439,Administrative Approval,2021-07-05,2021-08-07,Approved,MoEFCC,13
APP-0002304,LG-000439,Environmental Clearance,2021-06-27,2021-09-25,Approved,State Cabinet,4
APP-0002305,LG-000439,Land Acquisition Approval,2021-06-08,2021-09-03,Approved,Finance Ministry,2
APP-0002306,LG-000439,Financial Approval,2021-06-15,2021-09-28,Approved,MoEFCC,6
APP-0002307,LG-000439,Government Notification,2021-07-11,2021-08-11,Approved,Finance Ministry,12
APP-0002308,LG-000439,Administrative Approval,2021-07-09,2021-10-19,Approved,District Collectorate,4
APP-0002309,LG-000439,Environmental Clearance,2021-08-15,2021-11-03,Approved,Finance Ministry,13
APP-0002310,LG-000439,Land Acquisition Approval,2021-06-21,2021-10-03,Approved,MoEFCC,0
APP-0002311,LG-000440,Administrative Approval,2019-12-02,2020-01-12,Approved,State Cabinet,3
APP-0002312,LG-000440,Environmental Clearance,2019-11-26,2020-01-08,Approved,District Collectorate,8
APP-0002313,LG-000440,Land Acquisition Approval,2019-12-04,2020-01-30,Approved,MoEFCC,0
APP-0002314,LG-000440,Financial Approval,2019-12-16,2020-03-22,Approved,State Cabinet,12
APP-0002315,LG-000440,Government Notification,2020-01-30,2020-04-18,Approved,District Collectorate,3
APP-0002316,LG-000440,Administrative Approval,2020-01-11,2020-04-26,Approved,District Collectorate,1
APP-0002317,LG-000441,Administrative Approval,2024-12-11,2025-02-23,Approved,MoEFCC,5
APP-0002318,LG-000441,Environmental Clearance,2024-10-04,2025-01-12,Approved,State Cabinet,5
APP-0002319,LG-000441,Land Acquisition Approval,2024-11-18,,Submitted,MoEFCC,104
APP-0002320,LG-000441,Financial Approval,2024-10-31,2025-02-27,Approved,District Collectorate,8
APP-0002321,LG-000442,Administrative Approval,2021-10-19,,Submitted,MoEFCC,70
APP-0002322,LG-000442,Environmental Clearance,2021-11-17,2021-12-26,Approved,State Cabinet,8
APP-0002323,LG-000442,Land Acquisition Approval,2021-09-09,,Submitted,State Cabinet,78
APP-0002324,LG-000442,Financial Approval,2021-10-16,,Submitted,MoEFCC,71
APP-0002325,LG-000443,Administrative Approval,2023-12-24,,Submitted,District Collectorate,52
APP-0002326,LG-000443,Environmental Clearance,2024-01-13,,Submitted,Finance Ministry,82
APP-0002327,LG-000443,Land Acquisition Approval,2024-02-11,2024-05-30,Approved,District Collectorate,2
APP-0002328,LG-000444,Administrative Approval,2023-12-14,,Submitted,District Collectorate,63
APP-0002329,LG-000444,Environmental Clearance,2024-01-01,2024-02-26,Approved,State Cabinet,3
APP-0002330,LG-000444,Land Acquisition Approval,2024-01-29,,Submitted,State Cabinet,33
APP-0002331,LG-000444,Financial Approval,2024-02-02,2024-05-05,Approved,State Cabinet,9
APP-0002332,LG-000444,Government Notification,2023-11-23,2024-03-11,Approved,State Cabinet,8
APP-0002333,LG-000444,Administrative Approval,2023-11-26,2024-02-08,Approved,MoEFCC,6
APP-0002334,LG-000444,Environmental Clearance,2024-01-03,2024-03-04,Approved,MoEFCC,0
APP-0002335,LG-000445,Administrative Approval,2023-06-08,,Submitted,District Collectorate,33
APP-0002336,LG-000445,Environmental Clearance,2023-08-15,2023-09-25,Approved,District Collectorate,14
APP-0002337,LG-000445,Land Acquisition Approval,2023-06-23,,Conditionally Approved,District Collectorate,136
APP-0002338,LG-000445,Financial Approval,2023-08-04,,In Review,District Collectorate,145
APP-0002339,LG-000446,Administrative Approval,2024-05-03,,In Review,State Cabinet,87
APP-0002340,LG-000446,Environmental Clearance,2024-04-08,2024-06-15,Approved,MoEFCC,14
APP-0002341,LG-000446,Land Acquisition Approval,2024-04-12,,Submitted,State Cabinet,67
APP-0002342,LG-000446,Financial Approval,2024-06-07,,In Review,District Collectorate,39
APP-0002343,LG-000446,Government Notification,2024-06-04,2024-09-15,Approved,District Collectorate,9
APP-0002344,LG-000446,Administrative Approval,2024-06-25,,Submitted,MoEFCC,48
APP-0002345,LG-000446,Environmental Clearance,2024-05-09,,Conditionally Approved,MoEFCC,132
APP-0002346,LG-000446,Land Acquisition Approval,2024-06-13,,In Review,District Collectorate,77
APP-0002347,LG-000447,Administrative Approval,2018-04-02,,In Review,MoEFCC,91
APP-0002348,LG-000447,Environmental Clearance,2018-04-26,,In Review,State Cabinet,102
APP-0002349,LG-000447,Land Acquisition Approval,2018-04-04,2018-07-29,Approved,MoEFCC,13
APP-0002350,LG-000447,Financial Approval,2018-05-09,2018-07-11,Approved,MoEFCC,7
APP-0002351,LG-000447,Government Notification,2018-05-07,2018-07-05,Approved,Finance Ministry,9
APP-0002352,LG-000447,Administrative Approval,2018-04-22,,Submitted,MoEFCC,149
APP-0002353,LG-000448,Administrative Approval,2020-04-17,,Submitted,Finance Ministry,104
APP-0002354,LG-000448,Environmental Clearance,2020-04-30,2020-06-05,Approved,Finance Ministry,13
APP-0002355,LG-000448,Land Acquisition Approval,2020-05-23,2020-06-25,Approved,MoEFCC,3
APP-0002356,LG-000448,Financial Approval,2020-05-15,2020-08-21,Approved,State Cabinet,11
APP-0002357,LG-000448,Government Notification,2020-03-19,2020-04-20,Approved,District Collectorate,2
APP-0002358,LG-000448,Administrative Approval,2020-06-09,2020-08-29,Approved,Finance Ministry,6
APP-0002359,LG-000448,Environmental Clearance,2020-04-30,2020-08-15,Approved,MoEFCC,11
APP-0002360,LG-000449,Administrative Approval,2018-05-02,2018-07-07,Approved,State Cabinet,2
APP-0002361,LG-000449,Environmental Clearance,2018-04-03,,Conditionally Approved,State Cabinet,138
APP-0002362,LG-000449,Land Acquisition Approval,2018-04-07,,Conditionally Approved,MoEFCC,87
APP-0002363,LG-000450,Administrative Approval,2021-03-03,,Submitted,Finance Ministry,58
APP-0002364,LG-000450,Environmental Clearance,2021-04-02,2021-06-15,Approved,State Cabinet,6
APP-0002365,LG-000450,Land Acquisition Approval,2021-02-27,,In Review,District Collectorate,30
APP-0002366,LG-000450,Financial Approval,2021-02-07,,Conditionally Approved,MoEFCC,34
APP-0002367,LG-000450,Government Notification,2021-02-04,,Conditionally Approved,Finance Ministry,57
APP-0002368,LG-000451,Administrative Approval,2020-06-25,,Submitted,State Cabinet,61
APP-0002369,LG-000451,Environmental Clearance,2020-06-12,,Submitted,State Cabinet,32
APP-0002370,LG-000451,Land Acquisition Approval,2020-06-25,,Conditionally Approved,District Collectorate,64
APP-0002371,LG-000451,Financial Approval,2020-05-13,,Conditionally Approved,Finance Ministry,63
APP-0002372,LG-000452,Administrative Approval,2019-07-19,2019-10-24,Approved,MoEFCC,4
APP-0002373,LG-000452,Environmental Clearance,2019-09-01,2019-12-17,Approved,State Cabinet,5
APP-0002374,LG-000452,Land Acquisition Approval,2019-07-27,2019-09-10,Approved,MoEFCC,8
APP-0002375,LG-000452,Financial Approval,2019-07-11,2019-10-13,Approved,Finance Ministry,2
APP-0002376,LG-000452,Government Notification,2019-07-02,2019-10-05,Approved,MoEFCC,7
APP-0002377,LG-000452,Administrative Approval,2019-06-10,,Conditionally Approved,District Collectorate,144
APP-0002378,LG-000453,Administrative Approval,2025-02-08,2025-03-11,Approved,MoEFCC,13
APP-0002379,LG-000453,Environmental Clearance,2025-01-30,,Submitted,MoEFCC,146
APP-0002380,LG-000453,Land Acquisition Approval,2025-02-09,2025-04-27,Approved,State Cabinet,3
APP-0002381,LG-000453,Financial Approval,2025-03-16,2025-06-09,Approved,Finance Ministry,9
APP-0002382,LG-000453,Government Notification,2025-01-15,2025-02-17,Approved,MoEFCC,11
APP-0002383,LG-000453,Administrative Approval,2025-02-20,2025-04-19,Approved,State Cabinet,5
APP-0002384,LG-000453,Environmental Clearance,2025-02-11,2025-05-16,Approved,MoEFCC,5
APP-0002385,LG-000453,Land Acquisition Approval,2025-01-03,2025-02-05,Approved,State Cabinet,2
APP-0002386,LG-000454,Administrative Approval,2019-12-29,,Conditionally Approved,Finance Ministry,149
APP-0002387,LG-000454,Environmental Clearance,2019-12-02,2020-01-02,Approved,MoEFCC,10
APP-0002388,LG-000454,Land Acquisition Approval,2019-12-26,2020-04-22,Approved,State Cabinet,12
APP-0002389,LG-000454,Financial Approval,2019-12-09,2020-04-04,Approved,State Cabinet,6
APP-0002390,LG-000454,Government Notification,2019-11-21,2020-02-23,Approved,State Cabinet,6
APP-0002391,LG-000455,Administrative Approval,2019-08-31,2019-10-05,Approved,District Collectorate,11
APP-0002392,LG-000455,Environmental Clearance,2019-08-07,,Conditionally Approved,District Collectorate,48
APP-0002393,LG-000455,Land Acquisition Approval,2019-09-30,2020-01-16,Approved,MoEFCC,0
APP-0002394,LG-000456,Administrative Approval,2023-01-08,2023-04-25,Approved,Finance Ministry,11
APP-0002395,LG-000456,Environmental Clearance,2022-12-15,2023-04-01,Approved,State Cabinet,15
APP-0002396,LG-000456,Land Acquisition Approval,2023-01-02,2023-03-27,Approved,State Cabinet,4
APP-0002397,LG-000457,Administrative Approval,2021-07-07,2021-10-05,Approved,District Collectorate,3
APP-0002398,LG-000457,Environmental Clearance,2021-05-19,,In Review,MoEFCC,68
APP-0002399,LG-000457,Land Acquisition Approval,2021-07-06,2021-09-10,Approved,MoEFCC,14
APP-0002400,LG-000457,Financial Approval,2021-06-09,,Conditionally Approved,Finance Ministry,121
APP-0002401,LG-000457,Government Notification,2021-07-24,,Submitted,District Collectorate,38
APP-0002402,LG-000457,Administrative Approval,2021-07-31,,Conditionally Approved,Finance Ministry,139
APP-0002403,LG-000458,Administrative Approval,2019-01-05,2019-04-26,Approved,MoEFCC,3
APP-0002404,LG-000458,Environmental Clearance,2019-01-09,2019-03-09,Approved,MoEFCC,8
APP-0002405,LG-000458,Land Acquisition Approval,2019-01-23,2019-04-18,Approved,District Collectorate,15
APP-0002406,LG-000458,Financial Approval,2019-02-28,,Submitted,Finance Ministry,150
APP-0002407,LG-000458,Government Notification,2019-01-03,2019-03-01,Approved,State Cabinet,4
APP-0002408,LG-000458,Administrative Approval,2019-02-05,2019-05-16,Approved,Finance Ministry,10
APP-0002409,LG-000459,Administrative Approval,2025-01-20,2025-03-08,Approved,State Cabinet,14
APP-0002410,LG-000459,Environmental Clearance,2024-12-10,,Conditionally Approved,MoEFCC,99
APP-0002411,LG-000459,Land Acquisition Approval,2024-12-24,,Submitted,District Collectorate,38
APP-0002412,LG-000460,Administrative Approval,2022-09-23,2023-01-10,Approved,District Collectorate,1
APP-0002413,LG-000460,Environmental Clearance,2022-11-12,2023-01-21,Approved,District Collectorate,15
APP-0002414,LG-000460,Land Acquisition Approval,2022-10-04,2022-11-21,Approved,Finance Ministry,11
APP-0002415,LG-000461,Administrative Approval,2019-09-30,2020-01-22,Approved,Finance Ministry,14
APP-0002416,LG-000461,Environmental Clearance,2019-10-13,2019-11-25,Approved,MoEFCC,10
APP-0002417,LG-000461,Land Acquisition Approval,2019-08-05,2019-09-17,Approved,District Collectorate,4
APP-0002418,LG-000461,Financial Approval,2019-09-22,,Conditionally Approved,District Collectorate,46
APP-0002419,LG-000461,Government Notification,2019-09-13,2019-11-01,Approved,Finance Ministry,3
APP-0002420,LG-000461,Administrative Approval,2019-10-17,2020-01-30,Approved,Finance Ministry,1
APP-0002421,LG-000462,Administrative Approval,2019-11-02,,In Review,District Collectorate,107
APP-0002422,LG-000462,Environmental Clearance,2019-10-16,2020-01-14,Approved,Finance Ministry,13
APP-0002423,LG-000462,Land Acquisition Approval,2019-10-01,2020-01-05,Approved,Finance Ministry,13
APP-0002424,LG-000462,Financial Approval,2019-10-04,2019-12-24,Approved,MoEFCC,10
APP-0002425,LG-000462,Government Notification,2019-12-07,2020-03-12,Approved,Finance Ministry,10
APP-0002426,LG-000462,Administrative Approval,2019-11-21,2020-02-08,Approved,District Collectorate,4
APP-0002427,LG-000462,Environmental Clearance,2019-09-23,2019-11-16,Approved,MoEFCC,9
APP-0002428,LG-000463,Administrative Approval,2021-10-04,,Submitted,State Cabinet,87
APP-0002429,LG-000463,Environmental Clearance,2021-09-20,2021-11-24,Approved,MoEFCC,12
APP-0002430,LG-000463,Land Acquisition Approval,2021-09-02,2021-12-25,Approved,District Collectorate,15
APP-0002431,LG-000463,Financial Approval,2021-11-01,2022-01-02,Approved,Finance Ministry,3
APP-0002432,LG-000463,Government Notification,2021-10-14,,Submitted,District Collectorate,82
APP-0002433,LG-000463,Administrative Approval,2021-09-26,,In Review,MoEFCC,78
APP-0002434,LG-000463,Environmental Clearance,2021-10-03,,Conditionally Approved,State Cabinet,150
APP-0002435,LG-000463,Land Acquisition Approval,2021-09-19,2021-11-12,Approved,State Cabinet,5
APP-0002436,LG-000464,Administrative Approval,2023-01-08,2023-05-03,Approved,District Collectorate,14
APP-0002437,LG-000464,Environmental Clearance,2023-01-19,2023-05-16,Approved,District Collectorate,2
APP-0002438,LG-000464,Land Acquisition Approval,2022-12-08,,In Review,State Cabinet,93
APP-0002439,LG-000464,Financial Approval,2022-12-01,2023-03-11,Approved,State Cabinet,11
APP-0002440,LG-000464,Government Notification,2022-11-14,2022-12-15,Approved,State Cabinet,0
APP-0002441,LG-000464,Administrative Approval,2022-12-01,2023-03-22,Approved,State Cabinet,7
APP-0002442,LG-000465,Administrative Approval,2020-07-27,,Conditionally Approved,District Collectorate,86
APP-0002443,LG-000465,Environmental Clearance,2020-10-23,,Submitted,District Collectorate,90
APP-0002444,LG-000465,Land Acquisition Approval,2020-08-23,2020-11-20,Approved,Finance Ministry,3
APP-0002445,LG-000465,Financial Approval,2020-08-03,,In Review,District Collectorate,43
APP-0002446,LG-000465,Government Notification,2020-09-30,2021-01-01,Approved,State Cabinet,9
APP-0002447,LG-000465,Administrative Approval,2020-09-24,,In Review,District Collectorate,73
APP-0002448,LG-000465,Environmental Clearance,2020-08-07,2020-11-30,Approved,District Collectorate,12
APP-0002449,LG-000465,Land Acquisition Approval,2020-09-01,,Submitted,State Cabinet,74
APP-0002450,LG-000466,Administrative Approval,2023-08-20,2023-11-28,Approved,State Cabinet,5
APP-0002451,LG-000466,Environmental Clearance,2023-06-06,2023-08-26,Approved,MoEFCC,15
APP-0002452,LG-000466,Land Acquisition Approval,2023-06-30,2023-10-19,Approved,District Collectorate,9
APP-0002453,LG-000466,Financial Approval,2023-05-29,2023-07-31,Approved,Finance Ministry,11
APP-0002454,LG-000467,Administrative Approval,2023-09-23,2024-01-11,Approved,Finance Ministry,0
APP-0002455,LG-000467,Environmental Clearance,2023-10-29,2024-02-02,Approved,MoEFCC,11
APP-0002456,LG-000467,Land Acquisition Approval,2023-08-31,,Submitted,MoEFCC,107
APP-0002457,LG-000467,Financial Approval,2023-10-23,2023-12-22,Approved,State Cabinet,4
APP-0002458,LG-000468,Administrative Approval,2023-05-12,,In Review,MoEFCC,138
APP-0002459,LG-000468,Environmental Clearance,2023-05-16,2023-08-28,Approved,District Collectorate,15
APP-0002460,LG-000468,Land Acquisition Approval,2023-06-01,2023-09-03,Approved,State Cabinet,5
APP-0002461,LG-000469,Administrative Approval,2020-10-12,,In Review,Finance Ministry,104
APP-0002462,LG-000469,Environmental Clearance,2020-10-06,,In Review,MoEFCC,108
APP-0002463,LG-000469,Land Acquisition Approval,2020-11-23,,In Review,Finance Ministry,134
APP-0002464,LG-000469,Financial Approval,2020-11-27,,Conditionally Approved,Finance Ministry,80
APP-0002465,LG-000469,Government Notification,2020-12-11,,Conditionally Approved,District Collectorate,31
APP-0002466,LG-000469,Administrative Approval,2020-10-29,2020-12-10,Approved,State Cabinet,12
APP-0002467,LG-000470,Administrative Approval,2020-07-29,,Conditionally Approved,MoEFCC,113
APP-0002468,LG-000470,Environmental Clearance,2020-07-02,2020-10-05,Approved,MoEFCC,0
APP-0002469,LG-000470,Land Acquisition Approval,2020-07-11,2020-08-16,Approved,MoEFCC,4
APP-0002470,LG-000470,Financial Approval,2020-08-02,2020-09-28,Approved,MoEFCC,2
APP-0002471,LG-000470,Government Notification,2020-08-01,2020-09-08,Approved,MoEFCC,0
APP-0002472,LG-000470,Administrative Approval,2020-07-15,2020-11-08,Approved,District Collectorate,9
APP-0002473,LG-000470,Environmental Clearance,2020-07-28,2020-09-28,Approved,State Cabinet,9
APP-0002474,LG-000470,Land Acquisition Approval,2020-07-04,2020-08-27,Approved,District Collectorate,4
APP-0002475,LG-000471,Administrative Approval,2019-02-03,2019-03-29,Approved,State Cabinet,8
APP-0002476,LG-000471,Environmental Clearance,2019-03-04,,In Review,MoEFCC,133
APP-0002477,LG-000471,Land Acquisition Approval,2019-01-26,2019-04-02,Approved,MoEFCC,7
APP-0002478,LG-000471,Financial Approval,2019-01-16,,Submitted,Finance Ministry,128
APP-0002479,LG-000472,Administrative Approval,2021-12-21,2022-01-29,Approved,District Collectorate,12
APP-0002480,LG-000472,Environmental Clearance,2021-12-31,,Conditionally Approved,State Cabinet,50
APP-0002481,LG-000472,Land Acquisition Approval,2022-01-16,2022-02-20,Approved,State Cabinet,8
APP-0002482,LG-000472,Financial Approval,2022-01-15,2022-05-05,Approved,District Collectorate,0
APP-0002483,LG-000472,Government Notification,2022-02-07,2022-04-16,Approved,Finance Ministry,7
APP-0002484,LG-000472,Administrative Approval,2022-02-09,2022-06-06,Approved,Finance Ministry,4
APP-0002485,LG-000472,Environmental Clearance,2022-01-22,2022-04-09,Approved,MoEFCC,15
APP-0002486,LG-000473,Administrative Approval,2019-06-27,2019-09-16,Approved,Finance Ministry,14
APP-0002487,LG-000473,Environmental Clearance,2019-05-22,,Conditionally Approved,MoEFCC,74
APP-0002488,LG-000473,Land Acquisition Approval,2019-06-27,2019-10-13,Approved,Finance Ministry,2
APP-0002489,LG-000473,Financial Approval,2019-06-30,,In Review,District Collectorate,51
APP-0002490,LG-000473,Government Notification,2019-04-11,2019-06-05,Approved,Finance Ministry,6
APP-0002491,LG-000473,Administrative Approval,2019-06-06,2019-08-13,Approved,District Collectorate,14
APP-0002492,LG-000473,Environmental Clearance,2019-05-27,,Submitted,Finance Ministry,57
APP-0002493,LG-000474,Administrative Approval,2024-12-04,2025-02-01,Approved,District Collectorate,15
APP-0002494,LG-000474,Environmental Clearance,2024-12-04,,Conditionally Approved,State Cabinet,47
APP-0002495,LG-000474,Land Acquisition Approval,2025-01-16,2025-04-08,Approved,District Collectorate,10
APP-0002496,LG-000475,Administrative Approval,2020-11-14,2021-01-15,Approved,District Collectorate,9
APP-0002497,LG-000475,Environmental Clearance,2020-12-26,2021-04-06,Approved,MoEFCC,10
APP-0002498,LG-000475,Land Acquisition Approval,2020-12-19,2021-02-02,Approved,State Cabinet,4
APP-0002499,LG-000475,Financial Approval,2020-11-20,,Conditionally Approved,District Collectorate,97
APP-0002500,LG-000475,Government Notification,2020-12-02,,Conditionally Approved,State Cabinet,61
APP-0002501,LG-000475,Administrative Approval,2020-10-31,2021-02-26,Approved,State Cabinet,6
APP-0002502,LG-000476,Administrative Approval,2021-01-08,2021-03-22,Approved,District Collectorate,5
APP-0002503,LG-000476,Environmental Clearance,2021-02-10,2021-03-13,Approved,District Collectorate,7
APP-0002504,LG-000476,Land Acquisition Approval,2021-02-12,2021-05-13,Approved,State Cabinet,10
APP-0002505,LG-000476,Financial Approval,2021-01-07,2021-04-28,Approved,State Cabinet,15
APP-0002506,LG-000476,Government Notification,2020-11-17,2021-01-02,Approved,MoEFCC,11
APP-0002507,LG-000476,Administrative Approval,2020-11-25,2021-03-02,Approved,MoEFCC,1
APP-0002508,LG-000476,Environmental Clearance,2020-11-18,2021-01-06,Approved,MoEFCC,9
APP-0002509,LG-000476,Land Acquisition Approval,2021-01-24,2021-05-20,Approved,Finance Ministry,9
APP-0002510,LG-000477,Administrative Approval,2018-09-05,2018-12-02,Approved,MoEFCC,10
APP-0002511,LG-000477,Environmental Clearance,2018-07-26,,In Review,District Collectorate,68
APP-0002512,LG-000477,Land Acquisition Approval,2018-09-30,2018-11-11,Approved,District Collectorate,2
APP-0002513,LG-000477,Financial Approval,2018-08-21,,Conditionally Approved,District Collectorate,88
APP-0002514,LG-000477,Government Notification,2018-10-03,2018-11-04,Approved,District Collectorate,5
APP-0002515,LG-000477,Administrative Approval,2018-10-08,2018-12-15,Approved,District Collectorate,13
APP-0002516,LG-000478,Administrative Approval,2022-02-25,2022-06-25,Approved,State Cabinet,13
APP-0002517,LG-000478,Environmental Clearance,2022-01-16,2022-02-18,Approved,Finance Ministry,8
APP-0002518,LG-000478,Land Acquisition Approval,2022-02-28,2022-06-01,Approved,District Collectorate,10
APP-0002519,LG-000478,Financial Approval,2022-03-04,2022-06-20,Approved,State Cabinet,0
APP-0002520,LG-000478,Government Notification,2022-03-03,2022-05-07,Approved,MoEFCC,8
APP-0002521,LG-000479,Administrative Approval,2018-05-16,2018-08-17,Approved,District Collectorate,6
APP-0002522,LG-000479,Environmental Clearance,2018-03-24,2018-07-21,Approved,MoEFCC,11
APP-0002523,LG-000479,Land Acquisition Approval,2018-03-07,,Submitted,Finance Ministry,64
APP-0002524,LG-000479,Financial Approval,2018-05-05,,Submitted,State Cabinet,132
APP-0002525,LG-000479,Government Notification,2018-05-16,,In Review,MoEFCC,57
APP-0002526,LG-000479,Administrative Approval,2018-05-10,2018-07-10,Approved,Finance Ministry,4
APP-0002527,LG-000479,Environmental Clearance,2018-04-14,,In Review,State Cabinet,119
APP-0002528,LG-000480,Administrative Approval,2019-04-07,,Submitted,Finance Ministry,144
APP-0002529,LG-000480,Environmental Clearance,2019-05-20,2019-08-10,Approved,MoEFCC,1
APP-0002530,LG-000480,Land Acquisition Approval,2019-05-04,2019-07-29,Approved,Finance Ministry,13
APP-0002531,LG-000481,Administrative Approval,2020-02-06,2020-05-07,Approved,Finance Ministry,2
APP-0002532,LG-000481,Environmental Clearance,2020-01-17,,Conditionally Approved,State Cabinet,97
APP-0002533,LG-000481,Land Acquisition Approval,2020-02-29,2020-06-12,Approved,MoEFCC,3
APP-0002534,LG-000481,Financial Approval,2020-04-13,,In Review,MoEFCC,141
APP-0002535,LG-000481,Government Notification,2020-04-11,2020-07-09,Approved,State Cabinet,1
APP-0002536,LG-000482,Administrative Approval,2019-04-25,,Conditionally Approved,District Collectorate,97
APP-0002537,LG-000482,Environmental Clearance,2019-05-07,2019-08-14,Approved,State Cabinet,2
APP-0002538,LG-000482,Land Acquisition Approval,2019-06-02,,In Review,District Collectorate,81
APP-0002539,LG-000482,Financial Approval,2019-05-15,2019-07-29,Approved,State Cabinet,12
APP-0002540,LG-000482,Government Notification,2019-03-20,,Conditionally Approved,MoEFCC,96
APP-0002541,LG-000482,Administrative Approval,2019-05-23,,Submitted,MoEFCC,92
APP-0002542,LG-000483,Administrative Approval,2023-01-06,,Submitted,District Collectorate,72
APP-0002543,LG-000483,Environmental Clearance,2023-01-24,,Submitted,State Cabinet,140
APP-0002544,LG-000483,Land Acquisition Approval,2023-01-20,,Submitted,District Collectorate,150
APP-0002545,LG-000483,Financial Approval,2023-01-02,2023-02-19,Approved,Finance Ministry,10
APP-0002546,LG-000483,Government Notification,2022-12-11,,Submitted,State Cabinet,48
APP-0002547,LG-000484,Administrative Approval,2021-02-06,,In Review,MoEFCC,82
APP-0002548,LG-000484,Environmental Clearance,2021-02-05,2021-06-04,Approved,District Collectorate,15
APP-0002549,LG-000484,Land Acquisition Approval,2021-01-22,2021-05-17,Approved,State Cabinet,9
APP-0002550,LG-000484,Financial Approval,2021-03-06,,In Review,State Cabinet,118
APP-0002551,LG-000484,Government Notification,2021-02-01,,Submitted,State Cabinet,48
APP-0002552,LG-000484,Administrative Approval,2021-01-21,2021-03-02,Approved,District Collectorate,5
APP-0002553,LG-000485,Administrative Approval,2018-08-28,,Submitted,MoEFCC,38
APP-0002554,LG-000485,Environmental Clearance,2018-08-28,2018-11-06,Approved,State Cabinet,11
APP-0002555,LG-000485,Land Acquisition Approval,2018-07-25,2018-10-01,Approved,MoEFCC,12
APP-0002556,LG-000485,Financial Approval,2018-07-26,2018-11-18,Approved,District Collectorate,1
APP-0002557,LG-000485,Government Notification,2018-08-05,2018-12-02,Approved,State Cabinet,3
APP-0002558,LG-000485,Administrative Approval,2018-07-25,2018-10-23,Approved,District Collectorate,12
APP-0002559,LG-000486,Administrative Approval,2019-06-05,,In Review,MoEFCC,90
APP-0002560,LG-000486,Environmental Clearance,2019-05-01,,In Review,District Collectorate,104
APP-0002561,LG-000486,Land Acquisition Approval,2019-05-17,,In Review,MoEFCC,57
APP-0002562,LG-000486,Financial Approval,2019-04-13,,Conditionally Approved,MoEFCC,129
APP-0002563,LG-000486,Government Notification,2019-05-06,2019-08-24,Approved,Finance Ministry,7
APP-0002564,LG-000487,Administrative Approval,2021-05-03,,In Review,District Collectorate,75
APP-0002565,LG-000487,Environmental Clearance,2021-03-30,2021-05-17,Approved,State Cabinet,13
APP-0002566,LG-000487,Land Acquisition Approval,2021-03-12,,Conditionally Approved,State Cabinet,85
APP-0002567,LG-000487,Financial Approval,2021-06-09,,Conditionally Approved,MoEFCC,121
APP-0002568,LG-000487,Government Notification,2021-05-02,,Conditionally Approved,Finance Ministry,91
APP-0002569,LG-000487,Administrative Approval,2021-06-08,,Submitted,State Cabinet,62
APP-0002570,LG-000487,Environmental Clearance,2021-03-20,,In Review,Finance Ministry,85
APP-0002571,LG-000488,Administrative Approval,2019-08-31,,Submitted,State Cabinet,43
APP-0002572,LG-000488,Environmental Clearance,2019-09-01,2019-11-24,Approved,State Cabinet,13
APP-0002573,LG-000488,Land Acquisition Approval,2019-08-29,2019-12-06,Approved,Finance Ministry,7
APP-0002574,LG-000488,Financial Approval,2019-07-17,2019-09-22,Approved,State Cabinet,7
APP-0002575,LG-000489,Administrative Approval,2024-06-02,,In Review,Finance Ministry,112
APP-0002576,LG-000489,Environmental Clearance,2024-06-30,2024-10-13,Approved,District Collectorate,9
APP-0002577,LG-000489,Land Acquisition Approval,2024-05-21,2024-09-17,Approved,District Collectorate,6
APP-0002578,LG-000489,Financial Approval,2024-06-28,2024-09-13,Approved,Finance Ministry,7
APP-0002579,LG-000489,Government Notification,2024-07-13,2024-10-27,Approved,District Collectorate,12
APP-0002580,LG-000489,Administrative Approval,2024-05-18,,Conditionally Approved,District Collectorate,122
APP-0002581,LG-000489,Environmental Clearance,2024-04-26,2024-07-10,Approved,District Collectorate,13
APP-0002582,LG-000489,Land Acquisition Approval,2024-05-05,2024-06-04,Approved,District Collectorate,1
APP-0002583,LG-000490,Administrative Approval,2020-05-24,2020-08-08,Approved,MoEFCC,15
APP-0002584,LG-000490,Environmental Clearance,2020-05-20,,Submitted,MoEFCC,33
APP-0002585,LG-000490,Land Acquisition Approval,2020-05-12,2020-07-14,Approved,State Cabinet,7
APP-0002586,LG-000490,Financial Approval,2020-05-07,2020-06-10,Approved,Finance Ministry,13
APP-0002587,LG-000490,Government Notification,2020-05-12,2020-07-23,Approved,State Cabinet,9
APP-0002588,LG-000491,Administrative Approval,2021-10-14,2021-12-30,Approved,State Cabinet,12
APP-0002589,LG-000491,Environmental Clearance,2021-09-14,,Conditionally Approved,MoEFCC,49
APP-0002590,LG-000491,Land Acquisition Approval,2021-09-23,2022-01-14,Approved,District Collectorate,9
APP-0002591,LG-000492,Administrative Approval,2022-10-12,2023-01-11,Approved,State Cabinet,15
APP-0002592,LG-000492,Environmental Clearance,2022-09-14,2022-11-18,Approved,District Collectorate,15
APP-0002593,LG-000492,Land Acquisition Approval,2022-10-11,,Conditionally Approved,State Cabinet,125
APP-0002594,LG-000492,Financial Approval,2022-11-03,,In Review,Finance Ministry,92
APP-0002595,LG-000492,Government Notification,2022-10-30,2022-12-08,Approved,State Cabinet,15
APP-0002596,LG-000492,Administrative Approval,2022-11-03,2023-01-29,Approved,MoEFCC,11
APP-0002597,LG-000492,Environmental Clearance,2022-09-09,2022-11-06,Approved,State Cabinet,12
APP-0002598,LG-000492,Land Acquisition Approval,2022-11-04,2023-01-14,Approved,MoEFCC,15
APP-0002599,LG-000493,Administrative Approval,2018-06-23,2018-08-16,Approved,Finance Ministry,9
APP-0002600,LG-000493,Environmental Clearance,2018-06-04,2018-07-29,Approved,District Collectorate,8
APP-0002601,LG-000493,Land Acquisition Approval,2018-08-14,2018-10-24,Approved,State Cabinet,14
APP-0002602,LG-000493,Financial Approval,2018-05-29,2018-07-10,Approved,MoEFCC,6
APP-0002603,LG-000494,Administrative Approval,2022-04-29,2022-08-08,Approved,Finance Ministry,3
APP-0002604,LG-000494,Environmental Clearance,2022-04-09,2022-08-06,Approved,Finance Ministry,13
APP-0002605,LG-000494,Land Acquisition Approval,2022-05-28,2022-09-13,Approved,State Cabinet,7
APP-0002606,LG-000494,Financial Approval,2022-05-17,2022-07-02,Approved,MoEFCC,8
APP-0002607,LG-000494,Government Notification,2022-05-08,2022-06-15,Approved,State Cabinet,1
APP-0002608,LG-000494,Administrative Approval,2022-04-17,2022-08-14,Approved,State Cabinet,11
APP-0002609,LG-000494,Environmental Clearance,2022-04-17,2022-06-18,Approved,District Collectorate,12
APP-0002610,LG-000495,Administrative Approval,2020-08-30,2020-10-24,Approved,State Cabinet,3
APP-0002611,LG-000495,Environmental Clearance,2020-08-31,2020-11-14,Approved,MoEFCC,3
APP-0002612,LG-000495,Land Acquisition Approval,2020-07-10,2020-10-31,Approved,District Collectorate,6
APP-0002613,LG-000495,Financial Approval,2020-08-28,2020-10-12,Approved,Finance Ministry,6
APP-0002614,LG-000495,Government Notification,2020-07-14,2020-09-02,Approved,MoEFCC,6
APP-0002615,LG-000496,Administrative Approval,2020-04-13,,In Review,MoEFCC,124
APP-0002616,LG-000496,Environmental Clearance,2020-06-06,,In Review,District Collectorate,46
APP-0002617,LG-000496,Land Acquisition Approval,2020-06-12,2020-09-01,Approved,District Collectorate,0
APP-0002618,LG-000496,Financial Approval,2020-03-29,,In Review,MoEFCC,78
APP-0002619,LG-000497,Administrative Approval,2023-07-19,2023-09-18,Approved,MoEFCC,1
APP-0002620,LG-000497,Environmental Clearance,2023-06-05,2023-09-25,Approved,State Cabinet,7
APP-0002621,LG-000497,Land Acquisition Approval,2023-08-21,2023-10-02,Approved,District Collectorate,1
APP-0002622,LG-000498,Administrative Approval,2023-02-21,2023-05-05,Approved,District Collectorate,11
APP-0002623,LG-000498,Environmental Clearance,2023-04-05,2023-07-03,Approved,MoEFCC,8
APP-0002624,LG-000498,Land Acquisition Approval,2023-04-24,2023-06-27,Approved,District Collectorate,1
APP-0002625,LG-000498,Financial Approval,2023-04-18,2023-05-27,Approved,Finance Ministry,8
APP-0002626,LG-000499,Administrative Approval,2021-04-02,2021-05-19,Approved,Finance Ministry,7
APP-0002627,LG-000499,Environmental Clearance,2021-05-03,2021-08-20,Approved,MoEFCC,0
APP-0002628,LG-000499,Land Acquisition Approval,2021-04-04,2021-06-18,Approved,District Collectorate,10
APP-0002629,LG-000499,Financial Approval,2021-05-22,2021-08-21,Approved,Finance Ministry,9
APP-0002630,LG-000499,Government Notification,2021-05-08,2021-07-06,Approved,District Collectorate,0
APP-0002631,LG-000500,Administrative Approval,2022-06-29,2022-10-17,Approved,Finance Ministry,8
APP-0002632,LG-000500,Environmental Clearance,2022-06-23,,Submitted,MoEFCC,45
APP-0002633,LG-000500,Land Acquisition Approval,2022-06-13,,In Review,Finance Ministry,105
APP-0002634,LG-000500,Financial Approval,2022-08-13,,Conditionally Approved,District Collectorate,82
APP-0002635,LG-000500,Government Notification,2022-08-13,,Conditionally Approved,MoEFCC,41
APP-0002636,LG-000501,Administrative Approval,2020-06-13,2020-10-03,Approved,State Cabinet,8
APP-0002637,LG-000501,Environmental Clearance,2020-06-07,,Submitted,District Collectorate,31
APP-0002638,LG-000501,Land Acquisition Approval,2020-04-24,2020-08-12,Approved,State Cabinet,8
APP-0002639,LG-000501,Financial Approval,2020-05-13,,In Review,MoEFCC,88
APP-0002640,LG-000502,Administrative Approval,2018-03-15,,Conditionally Approved,District Collectorate,49
APP-0002641,LG-000502,Environmental Clearance,2018-02-19,,Submitted,Finance Ministry,122
APP-0002642,LG-000502,Land Acquisition Approval,2018-04-04,2018-07-08,Approved,District Collectorate,8
APP-0002643,LG-000503,Administrative Approval,2024-03-28,2024-07-07,Approved,State Cabinet,9
APP-0002644,LG-000503,Environmental Clearance,2024-02-20,2024-05-28,Approved,District Collectorate,1
APP-0002645,LG-000503,Land Acquisition Approval,2024-03-29,2024-06-01,Approved,MoEFCC,3
APP-0002646,LG-000504,Administrative Approval,2019-01-09,,In Review,MoEFCC,102
APP-0002647,LG-000504,Environmental Clearance,2019-01-01,2019-03-19,Approved,State Cabinet,1
APP-0002648,LG-000504,Land Acquisition Approval,2019-03-07,,Conditionally Approved,District Collectorate,82
APP-0002649,LG-000504,Financial Approval,2018-12-07,2019-02-15,Approved,District Collectorate,1
APP-0002650,LG-000505,Administrative Approval,2019-12-24,,Submitted,Finance Ministry,34
APP-0002651,LG-000505,Environmental Clearance,2019-12-22,,Conditionally Approved,Finance Ministry,105
APP-0002652,LG-000505,Land Acquisition Approval,2019-12-06,2020-03-30,Approved,State Cabinet,2
APP-0002653,LG-000506,Administrative Approval,2024-07-09,,In Review,Finance Ministry,50
APP-0002654,LG-000506,Environmental Clearance,2024-07-28,,In Review,State Cabinet,99
APP-0002655,LG-000506,Land Acquisition Approval,2024-06-16,,Submitted,Finance Ministry,53
APP-0002656,LG-000506,Financial Approval,2024-06-22,2024-08-05,Approved,State Cabinet,7
APP-0002657,LG-000506,Government Notification,2024-07-21,,Submitted,State Cabinet,132
APP-0002658,LG-000506,Administrative Approval,2024-07-16,2024-11-12,Approved,District Collectorate,10
APP-0002659,LG-000507,Administrative Approval,2023-06-18,,Conditionally Approved,District Collectorate,121
APP-0002660,LG-000507,Environmental Clearance,2023-06-04,,Submitted,District Collectorate,148
APP-0002661,LG-000507,Land Acquisition Approval,2023-06-05,2023-08-23,Approved,District Collectorate,9
APP-0002662,LG-000507,Financial Approval,2023-07-25,2023-09-29,Approved,State Cabinet,6
APP-0002663,LG-000507,Government Notification,2023-07-14,,Submitted,MoEFCC,114
APP-0002664,LG-000507,Administrative Approval,2023-08-03,,In Review,District Collectorate,50
APP-0002665,LG-000507,Environmental Clearance,2023-07-14,2023-09-13,Approved,District Collectorate,9
APP-0002666,LG-000507,Land Acquisition Approval,2023-08-12,,Conditionally Approved,MoEFCC,65
APP-0002667,LG-000508,Administrative Approval,2023-06-02,2023-08-09,Approved,District Collectorate,6
APP-0002668,LG-000508,Environmental Clearance,2023-07-16,2023-09-02,Approved,Finance Ministry,11
APP-0002669,LG-000508,Land Acquisition Approval,2023-05-25,2023-09-11,Approved,MoEFCC,9
APP-0002670,LG-000508,Financial Approval,2023-06-16,2023-09-18,Approved,Finance Ministry,13
APP-0002671,LG-000509,Administrative Approval,2022-09-04,2022-12-17,Approved,Finance Ministry,10
APP-0002672,LG-000509,Environmental Clearance,2022-10-10,2023-01-01,Approved,MoEFCC,2
APP-0002673,LG-000509,Land Acquisition Approval,2022-11-02,,Conditionally Approved,Finance Ministry,146
APP-0002674,LG-000509,Financial Approval,2022-10-19,,Conditionally Approved,Finance Ministry,61
APP-0002675,LG-000510,Administrative Approval,2019-02-02,2019-05-17,Approved,District Collectorate,11
APP-0002676,LG-000510,Environmental Clearance,2019-01-29,2019-03-28,Approved,MoEFCC,5
APP-0002677,LG-000510,Land Acquisition Approval,2018-12-16,2019-02-20,Approved,Finance Ministry,4
APP-0002678,LG-000510,Financial Approval,2019-02-11,2019-04-25,Approved,State Cabinet,11
APP-0002679,LG-000511,Administrative Approval,2024-05-16,2024-06-25,Approved,Finance Ministry,6
APP-0002680,LG-000511,Environmental Clearance,2024-07-14,,Conditionally Approved,District Collectorate,107
APP-0002681,LG-000511,Land Acquisition Approval,2024-06-29,,Conditionally Approved,Finance Ministry,69
APP-0002682,LG-000511,Financial Approval,2024-07-26,,Submitted,MoEFCC,114
APP-0002683,LG-000512,Administrative Approval,2021-08-04,2021-09-26,Approved,District Collectorate,1
APP-0002684,LG-000512,Environmental Clearance,2021-09-17,2021-12-07,Approved,State Cabinet,15
APP-0002685,LG-000512,Land Acquisition Approval,2021-07-15,2021-09-23,Approved,MoEFCC,6
APP-0002686,LG-000512,Financial Approval,2021-09-06,2021-12-06,Approved,MoEFCC,0
APP-0002687,LG-000512,Government Notification,2021-09-05,,Conditionally Approved,MoEFCC,53
APP-0002688,LG-000512,Administrative Approval,2021-07-20,2021-08-29,Approved,MoEFCC,5
APP-0002689,LG-000512,Environmental Clearance,2021-08-23,2021-11-11,Approved,District Collectorate,6
APP-0002690,LG-000513,Administrative Approval,2024-09-17,2024-11-12,Approved,MoEFCC,0
APP-0002691,LG-000513,Environmental Clearance,2024-11-15,,Submitted,District Collectorate,137
APP-0002692,LG-000513,Land Acquisition Approval,2024-09-12,2024-12-25,Approved,State Cabinet,3
APP-0002693,LG-000513,Financial Approval,2024-10-01,2024-11-03,Approved,State Cabinet,1
APP-0002694,LG-000513,Government Notification,2024-09-03,2024-10-05,Approved,District Collectorate,8
APP-0002695,LG-000513,Administrative Approval,2024-11-27,2025-01-27,Approved,Finance Ministry,0
APP-0002696,LG-000513,Environmental Clearance,2024-10-04,2024-11-04,Approved,State Cabinet,13
APP-0002697,LG-000513,Land Acquisition Approval,2024-08-31,2024-11-28,Approved,District Collectorate,7
APP-0002698,LG-000514,Administrative Approval,2018-08-12,,In Review,State Cabinet,148
APP-0002699,LG-000514,Environmental Clearance,2018-06-30,2018-10-14,Approved,District Collectorate,8
APP-0002700,LG-000514,Land Acquisition Approval,2018-06-25,2018-09-01,Approved,State Cabinet,13
APP-0002701,LG-000514,Financial Approval,2018-07-26,,In Review,Finance Ministry,40
APP-0002702,LG-000514,Government Notification,2018-05-26,2018-07-31,Approved,MoEFCC,7
APP-0002703,LG-000514,Administrative Approval,2018-06-17,2018-09-20,Approved,State Cabinet,11
APP-0002704,LG-000514,Environmental Clearance,2018-07-27,2018-10-28,Approved,State Cabinet,5
APP-0002705,LG-000515,Administrative Approval,2022-12-03,2023-02-11,Approved,District Collectorate,2
APP-0002706,LG-000515,Environmental Clearance,2022-11-13,2022-12-21,Approved,District Collectorate,11
APP-0002707,LG-000515,Land Acquisition Approval,2022-11-26,2023-02-06,Approved,Finance Ministry,8
APP-0002708,LG-000515,Financial Approval,2022-10-22,2022-11-29,Approved,MoEFCC,13
APP-0002709,LG-000515,Government Notification,2022-12-10,,Conditionally Approved,Finance Ministry,90
APP-0002710,LG-000515,Administrative Approval,2022-12-08,2023-02-26,Approved,MoEFCC,14
APP-0002711,LG-000515,Environmental Clearance,2022-12-18,2023-02-25,Approved,MoEFCC,7
APP-0002712,LG-000516,Administrative Approval,2022-04-25,,In Review,State Cabinet,83
APP-0002713,LG-000516,Environmental Clearance,2022-04-08,2022-05-13,Approved,State Cabinet,13
APP-0002714,LG-000516,Land Acquisition Approval,2022-04-25,2022-07-04,Approved,State Cabinet,0
APP-0002715,LG-000516,Financial Approval,2022-03-06,2022-07-03,Approved,State Cabinet,0
APP-0002716,LG-000516,Government Notification,2022-05-09,2022-06-21,Approved,Finance Ministry,0
APP-0002717,LG-000516,Administrative Approval,2022-03-20,,Conditionally Approved,State Cabinet,114
APP-0002718,LG-000516,Environmental Clearance,2022-06-01,2022-09-25,Approved,Finance Ministry,7
APP-0002719,LG-000516,Land Acquisition Approval,2022-05-18,,Submitted,District Collectorate,91
APP-0002720,LG-000517,Administrative Approval,2018-05-01,,In Review,State Cabinet,110
APP-0002721,LG-000517,Environmental Clearance,2018-05-29,,Conditionally Approved,Finance Ministry,46
APP-0002722,LG-000517,Land Acquisition Approval,2018-05-30,2018-08-18,Approved,District Collectorate,6
APP-0002723,LG-000517,Financial Approval,2018-05-15,,In Review,MoEFCC,54
APP-0002724,LG-000517,Government Notification,2018-04-08,2018-06-16,Approved,Finance Ministry,11
APP-0002725,LG-000517,Administrative Approval,2018-05-19,,In Review,District Collectorate,86
APP-0002726,LG-000517,Environmental Clearance,2018-04-13,,In Review,Finance Ministry,34
APP-0002727,LG-000518,Administrative Approval,2024-06-22,2024-08-17,Approved,State Cabinet,0
APP-0002728,LG-000518,Environmental Clearance,2024-08-27,,In Review,State Cabinet,79
APP-0002729,LG-000518,Land Acquisition Approval,2024-06-06,2024-08-07,Approved,Finance Ministry,14
APP-0002730,LG-000518,Financial Approval,2024-07-18,2024-09-23,Approved,District Collectorate,3
APP-0002731,LG-000518,Government Notification,2024-08-16,2024-10-10,Approved,MoEFCC,11
APP-0002732,LG-000518,Administrative Approval,2024-06-27,,Conditionally Approved,MoEFCC,62
APP-0002733,LG-000518,Environmental Clearance,2024-06-06,2024-09-10,Approved,State Cabinet,7
APP-0002734,LG-000518,Land Acquisition Approval,2024-07-13,2024-09-19,Approved,MoEFCC,0
APP-0002735,LG-000519,Administrative Approval,2019-10-10,2019-11-27,Approved,Finance Ministry,14
APP-0002736,LG-000519,Environmental Clearance,2019-11-01,2019-12-17,Approved,State Cabinet,11
APP-0002737,LG-000519,Land Acquisition Approval,2019-09-23,,In Review,State Cabinet,73
APP-0002738,LG-000519,Financial Approval,2019-09-30,2019-12-18,Approved,MoEFCC,1
APP-0002739,LG-000519,Government Notification,2019-11-04,2020-01-16,Approved,MoEFCC,0
APP-0002740,LG-000519,Administrative Approval,2019-09-12,2019-10-29,Approved,State Cabinet,15
APP-0002741,LG-000519,Environmental Clearance,2019-10-05,2020-01-11,Approved,Finance Ministry,5
APP-0002742,LG-000519,Land Acquisition Approval,2019-10-09,2020-01-26,Approved,State Cabinet,8
APP-0002743,LG-000520,Administrative Approval,2020-04-15,,Conditionally Approved,MoEFCC,49
APP-0002744,LG-000520,Environmental Clearance,2020-05-14,,Conditionally Approved,Finance Ministry,127
APP-0002745,LG-000520,Land Acquisition Approval,2020-05-01,,In Review,MoEFCC,70
APP-0002746,LG-000520,Financial Approval,2020-04-18,,Submitted,District Collectorate,110
APP-0002747,LG-000521,Administrative Approval,2020-03-29,,Conditionally Approved,State Cabinet,108
APP-0002748,LG-000521,Environmental Clearance,2020-02-28,,Submitted,Finance Ministry,97
APP-0002749,LG-000521,Land Acquisition Approval,2020-01-28,,In Review,Finance Ministry,140
APP-0002750,LG-000521,Financial Approval,2020-02-16,2020-04-22,Approved,MoEFCC,13
APP-0002751,LG-000522,Administrative Approval,2019-01-13,2019-03-04,Approved,District Collectorate,14
APP-0002752,LG-000522,Environmental Clearance,2019-02-07,2019-04-11,Approved,District Collectorate,7
APP-0002753,LG-000522,Land Acquisition Approval,2019-01-03,2019-04-24,Approved,Finance Ministry,4
APP-0002754,LG-000522,Financial Approval,2019-03-24,2019-07-22,Approved,District Collectorate,5
APP-0002755,LG-000522,Government Notification,2019-01-07,2019-03-13,Approved,State Cabinet,13
APP-0002756,LG-000522,Administrative Approval,2019-03-22,2019-05-23,Approved,State Cabinet,0
APP-0002757,LG-000522,Environmental Clearance,2019-01-09,2019-04-09,Approved,MoEFCC,0
APP-0002758,LG-000523,Administrative Approval,2019-04-07,2019-06-21,Approved,MoEFCC,7
APP-0002759,LG-000523,Environmental Clearance,2019-02-28,2019-04-09,Approved,State Cabinet,11
APP-0002760,LG-000523,Land Acquisition Approval,2019-03-01,2019-04-08,Approved,State Cabinet,1
APP-0002761,LG-000523,Financial Approval,2019-05-03,2019-07-26,Approved,District Collectorate,14
APP-0002762,LG-000523,Government Notification,2019-03-14,2019-07-05,Approved,Finance Ministry,5
APP-0002763,LG-000524,Administrative Approval,2022-03-04,,Conditionally Approved,MoEFCC,103
APP-0002764,LG-000524,Environmental Clearance,2022-05-13,2022-08-12,Approved,State Cabinet,4
APP-0002765,LG-000524,Land Acquisition Approval,2022-03-18,,In Review,Finance Ministry,55
APP-0002766,LG-000525,Administrative Approval,2022-09-26,,In Review,Finance Ministry,147
APP-0002767,LG-000525,Environmental Clearance,2022-11-18,2023-01-18,Approved,State Cabinet,5
APP-0002768,LG-000525,Land Acquisition Approval,2022-09-05,,In Review,District Collectorate,87
APP-0002769,LG-000526,Administrative Approval,2024-10-07,,In Review,State Cabinet,108
APP-0002770,LG-000526,Environmental Clearance,2024-09-06,2024-12-08,Approved,Finance Ministry,7
APP-0002771,LG-000526,Land Acquisition Approval,2024-10-10,,Submitted,State Cabinet,121
APP-0002772,LG-000526,Financial Approval,2024-10-02,2025-01-10,Approved,MoEFCC,12
APP-0002773,LG-000526,Government Notification,2024-10-05,,Submitted,State Cabinet,119
APP-0002774,LG-000527,Administrative Approval,2020-10-05,2020-12-30,Approved,District Collectorate,3
APP-0002775,LG-000527,Environmental Clearance,2020-08-29,,Conditionally Approved,State Cabinet,137
APP-0002776,LG-000527,Land Acquisition Approval,2020-08-16,2020-11-24,Approved,District Collectorate,14
APP-0002777,LG-000527,Financial Approval,2020-11-05,2021-01-03,Approved,District Collectorate,1
APP-0002778,LG-000527,Government Notification,2020-08-17,2020-10-21,Approved,MoEFCC,13
APP-0002779,LG-000527,Administrative Approval,2020-08-23,2020-12-18,Approved,District Collectorate,12
APP-0002780,LG-000527,Environmental Clearance,2020-09-08,2020-12-22,Approved,State Cabinet,11
APP-0002781,LG-000527,Land Acquisition Approval,2020-09-18,2020-12-18,Approved,Finance Ministry,1
APP-0002782,LG-000528,Administrative Approval,2023-11-24,,Conditionally Approved,MoEFCC,30
APP-0002783,LG-000528,Environmental Clearance,2024-01-02,2024-02-25,Approved,MoEFCC,13
APP-0002784,LG-000528,Land Acquisition Approval,2024-02-14,2024-05-02,Approved,State Cabinet,3
APP-0002785,LG-000529,Administrative Approval,2024-10-21,2024-11-22,Approved,District Collectorate,15
APP-0002786,LG-000529,Environmental Clearance,2024-10-06,2024-11-17,Approved,District Collectorate,14
APP-0002787,LG-000529,Land Acquisition Approval,2024-08-25,2024-12-06,Approved,District Collectorate,3
APP-0002788,LG-000529,Financial Approval,2024-08-28,2024-10-05,Approved,District Collectorate,10
APP-0002789,LG-000529,Government Notification,2024-09-20,2024-10-27,Approved,MoEFCC,4
APP-0002790,LG-000529,Administrative Approval,2024-09-28,2024-11-21,Approved,District Collectorate,10
APP-0002791,LG-000529,Environmental Clearance,2024-09-25,,Submitted,Finance Ministry,125
APP-0002792,LG-000530,Administrative Approval,2020-08-16,2020-09-17,Approved,Finance Ministry,3
APP-0002793,LG-000530,Environmental Clearance,2020-06-24,,In Review,Finance Ministry,100
APP-0002794,LG-000530,Land Acquisition Approval,2020-07-30,,Conditionally Approved,State Cabinet,112
APP-0002795,LG-000530,Financial Approval,2020-08-03,,Conditionally Approved,State Cabinet,150
APP-0002796,LG-000531,Administrative Approval,2022-10-22,,In Review,Finance Ministry,118
APP-0002797,LG-000531,Environmental Clearance,2022-10-26,,Conditionally Approved,District Collectorate,79
APP-0002798,LG-000531,Land Acquisition Approval,2022-12-17,2023-02-28,Approved,Finance Ministry,12
APP-0002799,LG-000531,Financial Approval,2022-10-25,,In Review,MoEFCC,100
APP-0002800,LG-000531,Government Notification,2022-10-18,,In Review,District Collectorate,37
APP-0002801,LG-000532,Administrative Approval,2021-08-19,,In Review,MoEFCC,138
APP-0002802,LG-000532,Environmental Clearance,2021-07-08,,Conditionally Approved,Finance Ministry,99
APP-0002803,LG-000532,Land Acquisition Approval,2021-09-30,,Conditionally Approved,MoEFCC,89
APP-0002804,LG-000533,Administrative Approval,2024-06-17,2024-07-29,Approved,District Collectorate,11
APP-0002805,LG-000533,Environmental Clearance,2024-06-05,2024-08-02,Approved,MoEFCC,0
APP-0002806,LG-000533,Land Acquisition Approval,2024-04-07,,In Review,Finance Ministry,85
APP-0002807,LG-000534,Administrative Approval,2023-03-11,,Conditionally Approved,Finance Ministry,72
APP-0002808,LG-000534,Environmental Clearance,2023-01-26,,In Review,District Collectorate,61
APP-0002809,LG-000534,Land Acquisition Approval,2023-03-07,,Submitted,State Cabinet,88
APP-0002810,LG-000534,Financial Approval,2023-02-28,,Conditionally Approved,Finance Ministry,147
APP-0002811,LG-000534,Government Notification,2023-01-31,,In Review,MoEFCC,116
APP-0002812,LG-000534,Administrative Approval,2023-02-08,,Conditionally Approved,State Cabinet,94
APP-0002813,LG-000534,Environmental Clearance,2023-01-24,,Submitted,State Cabinet,49
APP-0002814,LG-000535,Administrative Approval,2025-01-17,,Submitted,District Collectorate,90
APP-0002815,LG-000535,Environmental Clearance,2025-03-17,2025-05-21,Approved,District Collectorate,14
APP-0002816,LG-000535,Land Acquisition Approval,2025-01-11,,Submitted,Finance Ministry,106
APP-0002817,LG-000536,Administrative Approval,2023-02-10,,Conditionally Approved,MoEFCC,124
APP-0002818,LG-000536,Environmental Clearance,2023-01-17,2023-02-17,Approved,State Cabinet,9
APP-0002819,LG-000536,Land Acquisition Approval,2023-02-18,2023-04-14,Approved,Finance Ministry,14
APP-0002820,LG-000536,Financial Approval,2023-02-24,2023-05-23,Approved,District Collectorate,2
APP-0002821,LG-000536,Government Notification,2023-03-06,,Conditionally Approved,District Collectorate,51
APP-0002822,LG-000536,Administrative Approval,2023-01-31,2023-03-02,Approved,State Cabinet,5
APP-0002823,LG-000536,Environmental Clearance,2023-02-20,2023-05-01,Approved,State Cabinet,0
APP-0002824,LG-000536,Land Acquisition Approval,2023-04-09,2023-06-03,Approved,Finance Ministry,4
APP-0002825,LG-000537,Administrative Approval,2023-05-28,2023-07-31,Approved,MoEFCC,4
APP-0002826,LG-000537,Environmental Clearance,2023-07-18,,Conditionally Approved,MoEFCC,34
APP-0002827,LG-000537,Land Acquisition Approval,2023-06-12,2023-07-22,Approved,District Collectorate,12
APP-0002828,LG-000537,Financial Approval,2023-05-25,2023-07-10,Approved,Finance Ministry,15
APP-0002829,LG-000538,Administrative Approval,2020-04-28,,Conditionally Approved,MoEFCC,43
APP-0002830,LG-000538,Environmental Clearance,2020-05-09,,Submitted,MoEFCC,42
APP-0002831,LG-000538,Land Acquisition Approval,2020-04-29,,Conditionally Approved,District Collectorate,101
APP-0002832,LG-000538,Financial Approval,2020-03-03,2020-06-11,Approved,State Cabinet,12
APP-0002833,LG-000538,Government Notification,2020-03-13,2020-05-14,Approved,State Cabinet,13
APP-0002834,LG-000538,Administrative Approval,2020-05-05,2020-08-27,Approved,State Cabinet,1
APP-0002835,LG-000539,Administrative Approval,2024-11-29,2025-03-24,Approved,MoEFCC,8
APP-0002836,LG-000539,Environmental Clearance,2025-02-19,2025-04-27,Approved,District Collectorate,13
APP-0002837,LG-000539,Land Acquisition Approval,2024-12-04,2025-03-22,Approved,MoEFCC,12
APP-0002838,LG-000539,Financial Approval,2025-02-09,2025-03-14,Approved,Finance Ministry,2
APP-0002839,LG-000539,Government Notification,2025-02-08,2025-04-06,Approved,Finance Ministry,8
APP-0002840,LG-000539,Administrative Approval,2024-12-16,,Submitted,Finance Ministry,51
APP-0002841,LG-000539,Environmental Clearance,2025-02-23,2025-04-06,Approved,District Collectorate,13
APP-0002842,LG-000540,Administrative Approval,2019-03-24,2019-06-18,Approved,Finance Ministry,9
APP-0002843,LG-000540,Environmental Clearance,2019-03-15,,Conditionally Approved,State Cabinet,122
APP-0002844,LG-000540,Land Acquisition Approval,2019-01-16,2019-03-10,Approved,District Collectorate,2
APP-0002845,LG-000540,Financial Approval,2019-01-19,2019-03-29,Approved,District Collectorate,15
APP-0002846,LG-000541,Administrative Approval,2022-12-17,,In Review,District Collectorate,111
APP-0002847,LG-000541,Environmental Clearance,2022-12-25,2023-02-15,Approved,District Collectorate,0
APP-0002848,LG-000541,Land Acquisition Approval,2023-01-25,2023-03-11,Approved,State Cabinet,4
APP-0002849,LG-000541,Financial Approval,2023-01-03,2023-04-07,Approved,MoEFCC,0
APP-0002850,LG-000541,Government Notification,2023-01-17,2023-03-09,Approved,Finance Ministry,4
APP-0002851,LG-000542,Administrative Approval,2020-12-28,2021-02-17,Approved,State Cabinet,9
APP-0002852,LG-000542,Environmental Clearance,2020-11-17,2021-01-06,Approved,MoEFCC,4
APP-0002853,LG-000542,Land Acquisition Approval,2020-10-23,,In Review,District Collectorate,103
APP-0002854,LG-000542,Financial Approval,2020-12-11,,Submitted,District Collectorate,110
APP-0002855,LG-000542,Government Notification,2020-12-05,,Conditionally Approved,MoEFCC,59
APP-0002856,LG-000542,Administrative Approval,2020-10-19,,Submitted,District Collectorate,39
APP-0002857,LG-000543,Administrative Approval,2018-06-24,2018-09-23,Approved,MoEFCC,7
APP-0002858,LG-000543,Environmental Clearance,2018-07-02,2018-10-01,Approved,MoEFCC,14
APP-0002859,LG-000543,Land Acquisition Approval,2018-06-24,,Submitted,Finance Ministry,33
APP-0002860,LG-000544,Administrative Approval,2019-10-24,,In Review,MoEFCC,47
APP-0002861,LG-000544,Environmental Clearance,2019-09-14,,Submitted,MoEFCC,74
APP-0002862,LG-000544,Land Acquisition Approval,2019-09-11,2019-12-28,Approved,District Collectorate,12
APP-0002863,LG-000544,Financial Approval,2019-11-03,2020-01-05,Approved,Finance Ministry,11
APP-0002864,LG-000544,Government Notification,2019-11-20,2020-01-08,Approved,MoEFCC,6
APP-0002865,LG-000544,Administrative Approval,2019-09-14,2019-12-21,Approved,District Collectorate,2
APP-0002866,LG-000545,Administrative Approval,2019-02-12,,Submitted,Finance Ministry,66
APP-0002867,LG-000545,Environmental Clearance,2019-05-01,2019-07-08,Approved,Finance Ministry,6
APP-0002868,LG-000545,Land Acquisition Approval,2019-02-15,,In Review,District Collectorate,47
APP-0002869,LG-000545,Financial Approval,2019-03-10,2019-04-30,Approved,MoEFCC,11
APP-0002870,LG-000545,Government Notification,2019-04-25,,Submitted,District Collectorate,105
APP-0002871,LG-000545,Administrative Approval,2019-04-26,,In Review,State Cabinet,93
APP-0002872,LG-000546,Administrative Approval,2022-11-24,,In Review,MoEFCC,63
APP-0002873,LG-000546,Environmental Clearance,2023-01-12,,Conditionally Approved,State Cabinet,69
APP-0002874,LG-000546,Land Acquisition Approval,2022-12-27,,In Review,State Cabinet,140
APP-0002875,LG-000547,Administrative Approval,2019-04-11,,In Review,State Cabinet,67
APP-0002876,LG-000547,Environmental Clearance,2019-04-27,2019-07-28,Approved,District Collectorate,1
APP-0002877,LG-000547,Land Acquisition Approval,2019-03-11,,Conditionally Approved,District Collectorate,79
APP-0002878,LG-000547,Financial Approval,2019-04-28,2019-06-14,Approved,State Cabinet,6
APP-0002879,LG-000547,Government Notification,2019-03-17,,In Review,District Collectorate,61
APP-0002880,LG-000548,Administrative Approval,2021-07-19,2021-10-30,Approved,State Cabinet,12
APP-0002881,LG-000548,Environmental Clearance,2021-07-20,2021-11-12,Approved,MoEFCC,15
APP-0002882,LG-000548,Land Acquisition Approval,2021-05-14,2021-08-08,Approved,MoEFCC,3
APP-0002883,LG-000548,Financial Approval,2021-06-19,2021-10-17,Approved,State Cabinet,15
APP-0002884,LG-000548,Government Notification,2021-07-13,2021-10-02,Approved,State Cabinet,1
APP-0002885,LG-000548,Administrative Approval,2021-05-25,,In Review,Finance Ministry,67
APP-0002886,LG-000548,Environmental Clearance,2021-05-14,2021-08-12,Approved,Finance Ministry,5
APP-0002887,LG-000548,Land Acquisition Approval,2021-05-05,2021-06-05,Approved,Finance Ministry,2
APP-0002888,LG-000549,Administrative Approval,2019-08-21,2019-11-09,Approved,Finance Ministry,1
APP-0002889,LG-000549,Environmental Clearance,2019-08-20,2019-10-29,Approved,District Collectorate,10
APP-0002890,LG-000549,Land Acquisition Approval,2019-07-29,2019-10-19,Approved,MoEFCC,8
APP-0002891,LG-000550,Administrative Approval,2021-10-26,2022-01-12,Approved,MoEFCC,1
APP-0002892,LG-000550,Environmental Clearance,2021-08-12,2021-11-21,Approved,Finance Ministry,14
APP-0002893,LG-000550,Land Acquisition Approval,2021-09-22,2021-11-11,Approved,MoEFCC,8
APP-0002894,LG-000550,Financial Approval,2021-10-21,2021-12-29,Approved,State Cabinet,4
APP-0002895,LG-000550,Government Notification,2021-08-12,2021-11-10,Approved,District Collectorate,2
APP-0002896,LG-000550,Administrative Approval,2021-10-08,2022-01-11,Approved,Finance Ministry,2
APP-0002897,LG-000551,Administrative Approval,2019-11-27,,In Review,State Cabinet,88
APP-0002898,LG-000551,Environmental Clearance,2019-10-17,2019-11-28,Approved,District Collectorate,7
APP-0002899,LG-000551,Land Acquisition Approval,2019-11-13,,In Review,District Collectorate,133
APP-0002900,LG-000552,Administrative Approval,2023-10-23,,Submitted,District Collectorate,112
APP-0002901,LG-000552,Environmental Clearance,2023-08-19,,In Review,District Collectorate,55
APP-0002902,LG-000552,Land Acquisition Approval,2023-10-23,,Conditionally Approved,District Collectorate,64
APP-0002903,LG-000552,Financial Approval,2023-11-01,2024-01-06,Approved,State Cabinet,10
APP-0002904,LG-000552,Government Notification,2023-10-03,2023-11-17,Approved,District Collectorate,8
APP-0002905,LG-000553,Administrative Approval,2019-11-09,,Conditionally Approved,Finance Ministry,57
APP-0002906,LG-000553,Environmental Clearance,2019-10-08,,Submitted,Finance Ministry,144
APP-0002907,LG-000553,Land Acquisition Approval,2019-10-24,2019-12-15,Approved,District Collectorate,14
APP-0002908,LG-000553,Financial Approval,2019-11-20,,Submitted,MoEFCC,68
APP-0002909,LG-000553,Government Notification,2019-10-21,2020-02-01,Approved,District Collectorate,0
APP-0002910,LG-000554,Administrative Approval,2021-05-24,,Submitted,State Cabinet,102
APP-0002911,LG-000554,Environmental Clearance,2021-05-18,,Conditionally Approved,MoEFCC,39
APP-0002912,LG-000554,Land Acquisition Approval,2021-06-07,,In Review,District Collectorate,148
APP-0002913,LG-000554,Financial Approval,2021-06-07,2021-09-11,Approved,District Collectorate,0
APP-0002914,LG-000554,Government Notification,2021-04-12,,Conditionally Approved,MoEFCC,123
APP-0002915,LG-000554,Administrative Approval,2021-03-21,,Submitted,State Cabinet,37
APP-0002916,LG-000554,Environmental Clearance,2021-03-22,,In Review,Finance Ministry,40
APP-0002917,LG-000554,Land Acquisition Approval,2021-05-20,2021-09-17,Approved,Finance Ministry,2
APP-0002918,LG-000555,Administrative Approval,2018-10-13,,Conditionally Approved,Finance Ministry,116
APP-0002919,LG-000555,Environmental Clearance,2018-08-02,,Submitted,District Collectorate,45
APP-0002920,LG-000555,Land Acquisition Approval,2018-07-25,,In Review,MoEFCC,42
APP-0002921,LG-000555,Financial Approval,2018-08-22,,In Review,Finance Ministry,38
APP-0002922,LG-000555,Government Notification,2018-10-13,,In Review,District Collectorate,133
APP-0002923,LG-000555,Administrative Approval,2018-07-24,,In Review,MoEFCC,56
APP-0002924,LG-000555,Environmental Clearance,2018-07-28,,Submitted,MoEFCC,54
APP-0002925,LG-000556,Administrative Approval,2020-07-12,,In Review,State Cabinet,93
APP-0002926,LG-000556,Environmental Clearance,2020-06-27,2020-08-03,Approved,District Collectorate,5
APP-0002927,LG-000556,Land Acquisition Approval,2020-08-12,2020-12-04,Approved,District Collectorate,14
APP-0002928,LG-000557,Administrative Approval,2021-02-07,2021-04-15,Approved,District Collectorate,4
APP-0002929,LG-000557,Environmental Clearance,2021-01-02,,In Review,MoEFCC,42
APP-0002930,LG-000557,Land Acquisition Approval,2021-03-13,2021-04-27,Approved,District Collectorate,4
APP-0002931,LG-000557,Financial Approval,2020-12-25,2021-03-16,Approved,State Cabinet,0
APP-0002932,LG-000557,Government Notification,2021-02-28,2021-04-25,Approved,Finance Ministry,9
APP-0002933,LG-000558,Administrative Approval,2021-07-10,,In Review,MoEFCC,40
APP-0002934,LG-000558,Environmental Clearance,2021-08-07,,Conditionally Approved,District Collectorate,88
APP-0002935,LG-000558,Land Acquisition Approval,2021-07-26,2021-08-27,Approved,Finance Ministry,12
APP-0002936,LG-000558,Financial Approval,2021-07-07,,Submitted,Finance Ministry,128
APP-0002937,LG-000559,Administrative Approval,2024-10-29,2024-12-05,Approved,MoEFCC,8
APP-0002938,LG-000559,Environmental Clearance,2024-10-15,2025-01-10,Approved,District Collectorate,9
APP-0002939,LG-000559,Land Acquisition Approval,2024-12-19,2025-03-05,Approved,Finance Ministry,1
APP-0002940,LG-000559,Financial Approval,2024-11-26,2025-02-03,Approved,District Collectorate,9
APP-0002941,LG-000559,Government Notification,2024-10-19,2024-12-21,Approved,MoEFCC,10
APP-0002942,LG-000560,Administrative Approval,2022-06-05,2022-07-24,Approved,MoEFCC,3
APP-0002943,LG-000560,Environmental Clearance,2022-06-22,2022-08-12,Approved,MoEFCC,10
APP-0002944,LG-000560,Land Acquisition Approval,2022-07-04,2022-08-28,Approved,MoEFCC,4
APP-0002945,LG-000560,Financial Approval,2022-08-23,2022-10-16,Approved,MoEFCC,6
APP-0002946,LG-000560,Government Notification,2022-08-04,2022-10-21,Approved,Finance Ministry,13
APP-0002947,LG-000560,Administrative Approval,2022-07-29,,Conditionally Approved,State Cabinet,47
APP-0002948,LG-000560,Environmental Clearance,2022-07-05,2022-10-18,Approved,State Cabinet,7
APP-0002949,LG-000561,Administrative Approval,2023-09-30,,In Review,MoEFCC,123
APP-0002950,LG-000561,Environmental Clearance,2023-09-28,2023-11-28,Approved,MoEFCC,12
APP-0002951,LG-000561,Land Acquisition Approval,2023-08-22,,Submitted,MoEFCC,102
APP-0002952,LG-000561,Financial Approval,2023-08-16,,In Review,State Cabinet,79
APP-0002953,LG-000562,Administrative Approval,2022-10-13,2022-12-18,Approved,Finance Ministry,9
APP-0002954,LG-000562,Environmental Clearance,2022-10-27,2022-11-30,Approved,District Collectorate,3
APP-0002955,LG-000562,Land Acquisition Approval,2022-09-19,2022-12-18,Approved,MoEFCC,9
APP-0002956,LG-000562,Financial Approval,2022-10-16,2023-01-25,Approved,MoEFCC,0
APP-0002957,LG-000562,Government Notification,2022-10-22,,Conditionally Approved,State Cabinet,112
APP-0002958,LG-000563,Administrative Approval,2021-09-10,,In Review,MoEFCC,143
APP-0002959,LG-000563,Environmental Clearance,2021-10-05,,Conditionally Approved,State Cabinet,84
APP-0002960,LG-000563,Land Acquisition Approval,2021-08-11,,Submitted,District Collectorate,105
APP-0002961,LG-000564,Administrative Approval,2024-08-10,,In Review,State Cabinet,63
APP-0002962,LG-000564,Environmental Clearance,2024-09-19,,Conditionally Approved,Finance Ministry,115
APP-0002963,LG-000564,Land Acquisition Approval,2024-09-16,2025-01-12,Approved,Finance Ministry,3
APP-0002964,LG-000564,Financial Approval,2024-08-31,2024-12-08,Approved,District Collectorate,0
APP-0002965,LG-000564,Government Notification,2024-09-18,2024-12-03,Approved,District Collectorate,7
APP-0002966,LG-000564,Administrative Approval,2024-09-04,2024-10-17,Approved,State Cabinet,5
APP-0002967,LG-000564,Environmental Clearance,2024-10-24,2025-02-08,Approved,Finance Ministry,0
APP-0002968,LG-000564,Land Acquisition Approval,2024-08-03,2024-11-24,Approved,District Collectorate,6
APP-0002969,LG-000565,Administrative Approval,2022-07-09,2022-08-13,Approved,District Collectorate,14
APP-0002970,LG-000565,Environmental Clearance,2022-08-20,2022-11-06,Approved,MoEFCC,5
APP-0002971,LG-000565,Land Acquisition Approval,2022-07-31,,Conditionally Approved,District Collectorate,105
APP-0002972,LG-000565,Financial Approval,2022-08-06,2022-11-29,Approved,Finance Ministry,3
APP-0002973,LG-000565,Government Notification,2022-08-15,2022-12-01,Approved,District Collectorate,12
APP-0002974,LG-000565,Administrative Approval,2022-09-01,2022-12-25,Approved,Finance Ministry,11
APP-0002975,LG-000565,Environmental Clearance,2022-07-11,2022-10-26,Approved,MoEFCC,4
APP-0002976,LG-000566,Administrative Approval,2023-04-16,2023-08-09,Approved,MoEFCC,8
APP-0002977,LG-000566,Environmental Clearance,2023-05-12,2023-06-24,Approved,Finance Ministry,6
APP-0002978,LG-000566,Land Acquisition Approval,2023-04-18,2023-08-11,Approved,MoEFCC,13
APP-0002979,LG-000566,Financial Approval,2023-03-18,2023-07-02,Approved,MoEFCC,13
APP-0002980,LG-000566,Government Notification,2023-04-23,2023-06-04,Approved,State Cabinet,10
APP-0002981,LG-000566,Administrative Approval,2023-03-13,2023-05-04,Approved,Finance Ministry,10
APP-0002982,LG-000566,Environmental Clearance,2023-03-22,2023-05-24,Approved,Finance Ministry,15
APP-0002983,LG-000567,Administrative Approval,2023-07-28,2023-11-09,Approved,District Collectorate,12
APP-0002984,LG-000567,Environmental Clearance,2023-05-30,2023-08-05,Approved,State Cabinet,6
APP-0002985,LG-000567,Land Acquisition Approval,2023-08-05,2023-09-26,Approved,State Cabinet,13
APP-0002986,LG-000567,Financial Approval,2023-07-02,2023-08-09,Approved,State Cabinet,4
APP-0002987,LG-000568,Administrative Approval,2024-01-15,,In Review,Finance Ministry,147
APP-0002988,LG-000568,Environmental Clearance,2024-01-07,,In Review,MoEFCC,73
APP-0002989,LG-000568,Land Acquisition Approval,2024-01-16,,Conditionally Approved,Finance Ministry,132
APP-0002990,LG-000569,Administrative Approval,2021-12-24,2022-03-19,Approved,District Collectorate,4
APP-0002991,LG-000569,Environmental Clearance,2021-11-23,,Submitted,MoEFCC,126
APP-0002992,LG-000569,Land Acquisition Approval,2021-11-27,,Submitted,Finance Ministry,72
APP-0002993,LG-000569,Financial Approval,2021-10-05,,Conditionally Approved,State Cabinet,96
APP-0002994,LG-000570,Administrative Approval,2022-09-26,,Submitted,State Cabinet,132
APP-0002995,LG-000570,Environmental Clearance,2022-10-10,2023-01-26,Approved,MoEFCC,0
APP-0002996,LG-000570,Land Acquisition Approval,2022-10-27,,Conditionally Approved,MoEFCC,74
APP-0002997,LG-000570,Financial Approval,2022-09-12,,Submitted,Finance Ministry,98
APP-0002998,LG-000570,Government Notification,2022-10-01,,Conditionally Approved,State Cabinet,106
APP-0002999,LG-000570,Administrative Approval,2022-08-09,,Conditionally Approved,MoEFCC,79
APP-0003000,LG-000571,Administrative Approval,2018-06-25,2018-10-10,Approved,District Collectorate,15
APP-0003001,LG-000571,Environmental Clearance,2018-07-29,2018-09-05,Approved,Finance Ministry,12
APP-0003002,LG-000571,Land Acquisition Approval,2018-07-09,,Conditionally Approved,State Cabinet,75
APP-0003003,LG-000572,Administrative Approval,2024-07-03,2024-09-17,Approved,MoEFCC,6
APP-0003004,LG-000572,Environmental Clearance,2024-06-11,2024-08-26,Approved,Finance Ministry,15
APP-0003005,LG-000572,Land Acquisition Approval,2024-08-07,2024-10-23,Approved,MoEFCC,6
APP-0003006,LG-000573,Administrative Approval,2018-05-05,2018-08-26,Approved,District Collectorate,4
APP-0003007,LG-000573,Environmental Clearance,2018-07-23,2018-09-20,Approved,MoEFCC,12
APP-0003008,LG-000573,Land Acquisition Approval,2018-06-25,,Submitted,Finance Ministry,80
APP-0003009,LG-000573,Financial Approval,2018-05-23,2018-08-21,Approved,State Cabinet,15
APP-0003010,LG-000574,Administrative Approval,2024-06-27,2024-08-02,Approved,MoEFCC,3
APP-0003011,LG-000574,Environmental Clearance,2024-07-03,2024-08-10,Approved,District Collectorate,4
APP-0003012,LG-000574,Land Acquisition Approval,2024-06-26,2024-09-28,Approved,Finance Ministry,6
APP-0003013,LG-000574,Financial Approval,2024-08-11,2024-11-21,Approved,Finance Ministry,13
APP-0003014,LG-000574,Government Notification,2024-07-10,2024-10-30,Approved,State Cabinet,4
APP-0003015,LG-000574,Administrative Approval,2024-09-07,2024-10-19,Approved,MoEFCC,10
APP-0003016,LG-000575,Administrative Approval,2019-04-23,2019-08-07,Approved,Finance Ministry,8
APP-0003017,LG-000575,Environmental Clearance,2019-04-18,2019-06-09,Approved,State Cabinet,14
APP-0003018,LG-000575,Land Acquisition Approval,2019-04-15,2019-06-18,Approved,MoEFCC,2
APP-0003019,LG-000576,Administrative Approval,2018-09-13,,Submitted,State Cabinet,31
APP-0003020,LG-000576,Environmental Clearance,2018-08-23,,In Review,MoEFCC,143
APP-0003021,LG-000576,Land Acquisition Approval,2018-09-18,2018-11-09,Approved,State Cabinet,3
APP-0003022,LG-000577,Administrative Approval,2023-11-28,2024-01-04,Approved,District Collectorate,2
APP-0003023,LG-000577,Environmental Clearance,2023-11-05,,In Review,District Collectorate,140
APP-0003024,LG-000577,Land Acquisition Approval,2023-10-25,2023-12-06,Approved,State Cabinet,14
APP-0003025,LG-000577,Financial Approval,2023-12-03,2024-01-06,Approved,Finance Ministry,5
APP-0003026,LG-000577,Government Notification,2023-11-10,2024-03-09,Approved,District Collectorate,10
APP-0003027,LG-000577,Administrative Approval,2023-10-07,2023-12-15,Approved,District Collectorate,1
APP-0003028,LG-000578,Administrative Approval,2020-07-13,2020-09-03,Approved,MoEFCC,14
APP-0003029,LG-000578,Environmental Clearance,2020-06-12,2020-09-13,Approved,State Cabinet,5
APP-0003030,LG-000578,Land Acquisition Approval,2020-08-26,,Submitted,State Cabinet,74
APP-0003031,LG-000578,Financial Approval,2020-06-12,2020-08-17,Approved,Finance Ministry,7
APP-0003032,LG-000578,Government Notification,2020-08-29,2020-12-22,Approved,State Cabinet,4
APP-0003033,LG-000578,Administrative Approval,2020-08-27,2020-12-18,Approved,District Collectorate,7
APP-0003034,LG-000579,Administrative Approval,2021-11-20,2022-02-07,Approved,Finance Ministry,7
APP-0003035,LG-000579,Environmental Clearance,2022-01-23,2022-03-31,Approved,Finance Ministry,6
APP-0003036,LG-000579,Land Acquisition Approval,2021-12-30,2022-02-21,Approved,District Collectorate,3
APP-0003037,LG-000580,Administrative Approval,2023-07-04,,Conditionally Approved,MoEFCC,35
APP-0003038,LG-000580,Environmental Clearance,2023-09-11,,Submitted,Finance Ministry,148
APP-0003039,LG-000580,Land Acquisition Approval,2023-07-09,,Conditionally Approved,MoEFCC,142
APP-0003040,LG-000580,Financial Approval,2023-09-13,2023-12-25,Approved,Finance Ministry,14
APP-0003041,LG-000580,Government Notification,2023-09-03,,Conditionally Approved,State Cabinet,63
APP-0003042,LG-000580,Administrative Approval,2023-09-07,,Conditionally Approved,Finance Ministry,73
APP-0003043,LG-000581,Administrative Approval,2019-05-12,,In Review,Finance Ministry,46
APP-0003044,LG-000581,Environmental Clearance,2019-04-18,2019-06-16,Approved,MoEFCC,6
APP-0003045,LG-000581,Land Acquisition Approval,2019-06-08,,Conditionally Approved,Finance Ministry,149
APP-0003046,LG-000581,Financial Approval,2019-05-29,,Conditionally Approved,District Collectorate,107
APP-0003047,LG-000581,Government Notification,2019-06-23,,In Review,State Cabinet,49
APP-0003048,LG-000581,Administrative Approval,2019-06-28,,Submitted,Finance Ministry,97
APP-0003049,LG-000581,Environmental Clearance,2019-06-10,2019-09-13,Approved,District Collectorate,3
APP-0003050,LG-000581,Land Acquisition Approval,2019-07-06,,In Review,District Collectorate,34
APP-0003051,LG-000582,Administrative Approval,2018-10-10,2018-12-14,Approved,District Collectorate,15
APP-0003052,LG-000582,Environmental Clearance,2018-08-10,,In Review,State Cabinet,125
APP-0003053,LG-000582,Land Acquisition Approval,2018-09-22,2018-11-02,Approved,Finance Ministry,1
APP-0003054,LG-000583,Administrative Approval,2024-05-31,,Submitted,District Collectorate,124
APP-0003055,LG-000583,Environmental Clearance,2024-05-18,2024-07-31,Approved,State Cabinet,15
APP-0003056,LG-000583,Land Acquisition Approval,2024-05-17,2024-09-14,Approved,Finance Ministry,9
APP-0003057,LG-000583,Financial Approval,2024-06-05,2024-09-11,Approved,MoEFCC,4
APP-0003058,LG-000584,Administrative Approval,2019-11-20,2019-12-22,Approved,District Collectorate,9
APP-0003059,LG-000584,Environmental Clearance,2020-01-15,2020-02-18,Approved,District Collectorate,9
APP-0003060,LG-000584,Land Acquisition Approval,2019-12-04,,In Review,MoEFCC,84
APP-0003061,LG-000584,Financial Approval,2020-02-11,2020-06-01,Approved,Finance Ministry,9
APP-0003062,LG-000585,Administrative Approval,2018-07-16,,Conditionally Approved,District Collectorate,51
APP-0003063,LG-000585,Environmental Clearance,2018-07-25,2018-10-10,Approved,MoEFCC,0
APP-0003064,LG-000585,Land Acquisition Approval,2018-06-29,2018-08-02,Approved,MoEFCC,4
APP-0003065,LG-000585,Financial Approval,2018-07-09,,In Review,District Collectorate,91
APP-0003066,LG-000585,Government Notification,2018-07-20,,In Review,MoEFCC,33
APP-0003067,LG-000585,Administrative Approval,2018-08-07,2018-11-11,Approved,State Cabinet,3
APP-0003068,LG-000585,Environmental Clearance,2018-06-09,,In Review,State Cabinet,92
APP-0003069,LG-000585,Land Acquisition Approval,2018-08-14,,Submitted,Finance Ministry,56
APP-0003070,LG-000586,Administrative Approval,2023-10-20,2024-01-01,Approved,MoEFCC,5
APP-0003071,LG-000586,Environmental Clearance,2023-08-07,,Submitted,District Collectorate,148
APP-0003072,LG-000586,Land Acquisition Approval,2023-09-08,2023-10-29,Approved,MoEFCC,5
APP-0003073,LG-000586,Financial Approval,2023-09-08,2023-12-03,Approved,District Collectorate,5
APP-0003074,LG-000586,Government Notification,2023-09-26,2024-01-03,Approved,District Collectorate,15
APP-0003075,LG-000586,Administrative Approval,2023-10-04,2023-12-02,Approved,State Cabinet,15
APP-0003076,LG-000587,Administrative Approval,2023-03-18,,In Review,State Cabinet,144
APP-0003077,LG-000587,Environmental Clearance,2023-04-18,,Submitted,State Cabinet,32
APP-0003078,LG-000587,Land Acquisition Approval,2023-03-06,2023-06-26,Approved,MoEFCC,11
APP-0003079,LG-000587,Financial Approval,2023-03-13,,Submitted,MoEFCC,50
APP-0003080,LG-000588,Administrative Approval,2022-07-24,2022-10-06,Approved,MoEFCC,6
APP-0003081,LG-000588,Environmental Clearance,2022-07-05,2022-10-27,Approved,Finance Ministry,4
APP-0003082,LG-000588,Land Acquisition Approval,2022-08-19,2022-09-26,Approved,Finance Ministry,8
APP-0003083,LG-000588,Financial Approval,2022-09-23,2022-12-14,Approved,State Cabinet,4
APP-0003084,LG-000588,Government Notification,2022-09-20,2023-01-18,Approved,District Collectorate,15
APP-0003085,LG-000588,Administrative Approval,2022-09-18,2022-11-05,Approved,District Collectorate,8
APP-0003086,LG-000588,Environmental Clearance,2022-07-31,2022-09-28,Approved,District Collectorate,2
APP-0003087,LG-000588,Land Acquisition Approval,2022-08-10,2022-12-04,Approved,District Collectorate,9
APP-0003088,LG-000589,Administrative Approval,2022-01-06,2022-02-19,Approved,State Cabinet,13
APP-0003089,LG-000589,Environmental Clearance,2022-01-02,,In Review,State Cabinet,69
APP-0003090,LG-000589,Land Acquisition Approval,2022-01-15,,Conditionally Approved,Finance Ministry,84
APP-0003091,LG-000589,Financial Approval,2022-01-05,,Submitted,District Collectorate,142
APP-0003092,LG-000589,Government Notification,2021-12-28,2022-04-09,Approved,Finance Ministry,2
APP-0003093,LG-000589,Administrative Approval,2021-11-29,,In Review,District Collectorate,101
APP-0003094,LG-000589,Environmental Clearance,2022-01-21,,Submitted,MoEFCC,40
APP-0003095,LG-000590,Administrative Approval,2022-07-08,2022-08-14,Approved,MoEFCC,0
APP-0003096,LG-000590,Environmental Clearance,2022-08-09,2022-09-10,Approved,MoEFCC,5
APP-0003097,LG-000590,Land Acquisition Approval,2022-08-17,,Submitted,Finance Ministry,52
APP-0003098,LG-000590,Financial Approval,2022-08-14,,Submitted,Finance Ministry,130
APP-0003099,LG-000590,Government Notification,2022-08-24,2022-12-09,Approved,Finance Ministry,3
APP-0003100,LG-000590,Administrative Approval,2022-09-01,2022-11-21,Approved,Finance Ministry,8
APP-0003101,LG-000590,Environmental Clearance,2022-07-25,2022-10-03,Approved,District Collectorate,4
APP-0003102,LG-000591,Administrative Approval,2021-07-03,,Submitted,MoEFCC,140
APP-0003103,LG-000591,Environmental Clearance,2021-05-17,,In Review,MoEFCC,96
APP-0003104,LG-000591,Land Acquisition Approval,2021-05-28,,Conditionally Approved,MoEFCC,146
APP-0003105,LG-000591,Financial Approval,2021-07-03,,Submitted,MoEFCC,103
APP-0003106,LG-000592,Administrative Approval,2018-06-25,2018-09-07,Approved,State Cabinet,14
APP-0003107,LG-000592,Environmental Clearance,2018-08-21,2018-09-20,Approved,Finance Ministry,14
APP-0003108,LG-000592,Land Acquisition Approval,2018-07-26,2018-10-31,Approved,MoEFCC,15
APP-0003109,LG-000593,Administrative Approval,2019-05-20,2019-08-03,Approved,District Collectorate,7
APP-0003110,LG-000593,Environmental Clearance,2019-05-24,,In Review,MoEFCC,149
APP-0003111,LG-000593,Land Acquisition Approval,2019-05-12,,Submitted,District Collectorate,61
APP-0003112,LG-000593,Financial Approval,2019-06-05,2019-08-09,Approved,State Cabinet,8
APP-0003113,LG-000593,Government Notification,2019-04-20,2019-08-02,Approved,State Cabinet,15
APP-0003114,LG-000593,Administrative Approval,2019-05-20,2019-07-19,Approved,District Collectorate,3
APP-0003115,LG-000594,Administrative Approval,2024-11-28,,Conditionally Approved,State Cabinet,116
APP-0003116,LG-000594,Environmental Clearance,2024-10-07,2025-01-15,Approved,MoEFCC,1
APP-0003117,LG-000594,Land Acquisition Approval,2024-09-28,2024-11-21,Approved,District Collectorate,10
APP-0003118,LG-000594,Financial Approval,2024-12-01,2025-01-20,Approved,District Collectorate,5
APP-0003119,LG-000594,Government Notification,2024-11-26,,Submitted,MoEFCC,77
APP-0003120,LG-000594,Administrative Approval,2024-10-22,2024-12-18,Approved,District Collectorate,5
APP-0003121,LG-000594,Environmental Clearance,2024-10-27,2024-11-26,Approved,MoEFCC,8
APP-0003122,LG-000595,Administrative Approval,2020-03-11,,Submitted,District Collectorate,69
APP-0003123,LG-000595,Environmental Clearance,2020-04-18,,Submitted,District Collectorate,62
APP-0003124,LG-000595,Land Acquisition Approval,2020-02-14,,Conditionally Approved,State Cabinet,72
APP-0003125,LG-000595,Financial Approval,2020-02-19,,Conditionally Approved,State Cabinet,133
APP-0003126,LG-000595,Government Notification,2020-02-01,,Submitted,Finance Ministry,150
APP-0003127,LG-000595,Administrative Approval,2020-03-07,,In Review,State Cabinet,36
APP-0003128,LG-000596,Administrative Approval,2021-07-11,2021-09-11,Approved,MoEFCC,0
APP-0003129,LG-000596,Environmental Clearance,2021-05-29,2021-09-25,Approved,State Cabinet,8
APP-0003130,LG-000596,Land Acquisition Approval,2021-06-09,2021-09-23,Approved,MoEFCC,12
APP-0003131,LG-000596,Financial Approval,2021-07-08,,Submitted,Finance Ministry,75
APP-0003132,LG-000596,Government Notification,2021-06-27,2021-09-07,Approved,MoEFCC,14
APP-0003133,LG-000596,Administrative Approval,2021-05-25,,In Review,Finance Ministry,98
APP-0003134,LG-000597,Administrative Approval,2025-03-24,,Conditionally Approved,District Collectorate,148
APP-0003135,LG-000597,Environmental Clearance,2025-01-26,2025-03-02,Approved,Finance Ministry,1
APP-0003136,LG-000597,Land Acquisition Approval,2025-01-17,2025-05-12,Approved,Finance Ministry,5
APP-0003137,LG-000598,Administrative Approval,2019-12-28,,Conditionally Approved,State Cabinet,133
APP-0003138,LG-000598,Environmental Clearance,2019-11-30,,In Review,MoEFCC,41
APP-0003139,LG-000598,Land Acquisition Approval,2020-01-02,,In Review,State Cabinet,43
APP-0003140,LG-000598,Financial Approval,2019-12-17,,In Review,Finance Ministry,77
APP-0003141,LG-000599,Administrative Approval,2018-07-14,2018-09-16,Approved,State Cabinet,13
APP-0003142,LG-000599,Environmental Clearance,2018-09-08,2018-12-09,Approved,MoEFCC,2
APP-0003143,LG-000599,Land Acquisition Approval,2018-08-06,2018-11-10,Approved,District Collectorate,12
APP-0003144,LG-000599,Financial Approval,2018-09-06,2018-12-17,Approved,State Cabinet,9
APP-0003145,LG-000599,Government Notification,2018-07-11,2018-10-31,Approved,District Collectorate,3
APP-0003146,LG-000600,Administrative Approval,2023-06-13,,Submitted,Finance Ministry,67
APP-0003147,LG-000600,Environmental Clearance,2023-07-17,,In Review,District Collectorate,122
APP-0003148,LG-000600,Land Acquisition Approval,2023-07-04,2023-10-26,Approved,MoEFCC,6
APP-0003149,LG-000600,Financial Approval,2023-08-04,,In Review,State Cabinet,146
APP-0003150,LG-000600,Government Notification,2023-07-27,,Submitted,State Cabinet,95
APP-0003151,LG-000600,Administrative Approval,2023-07-30,2023-10-05,Approved,MoEFCC,7
APP-0003152,LG-000601,Administrative Approval,2019-02-18,2019-05-09,Approved,Finance Ministry,8
APP-0003153,LG-000601,Environmental Clearance,2018-12-23,2019-03-19,Approved,District Collectorate,6
APP-0003154,LG-000601,Land Acquisition Approval,2019-01-15,2019-03-25,Approved,MoEFCC,0
APP-0003155,LG-000601,Financial Approval,2019-03-03,,Conditionally Approved,Finance Ministry,148
APP-0003156,LG-000601,Government Notification,2018-12-16,2019-01-16,Approved,State Cabinet,0
APP-0003157,LG-000602,Administrative Approval,2018-12-24,2019-04-15,Approved,Finance Ministry,2
APP-0003158,LG-000602,Environmental Clearance,2019-01-25,,Submitted,MoEFCC,131
APP-0003159,LG-000602,Land Acquisition Approval,2018-12-20,2019-03-31,Approved,State Cabinet,14
APP-0003160,LG-000602,Financial Approval,2019-01-15,2019-04-21,Approved,District Collectorate,10
APP-0003161,LG-000602,Government Notification,2019-01-02,,In Review,District Collectorate,52
APP-0003162,LG-000602,Administrative Approval,2018-12-06,2019-03-03,Approved,District Collectorate,13
APP-0003163,LG-000602,Environmental Clearance,2018-12-22,2019-04-19,Approved,State Cabinet,11
APP-0003164,LG-000602,Land Acquisition Approval,2019-01-06,,In Review,MoEFCC,113
APP-0003165,LG-000603,Administrative Approval,2022-02-16,2022-03-22,Approved,State Cabinet,7
APP-0003166,LG-000603,Environmental Clearance,2022-02-08,2022-06-02,Approved,Finance Ministry,13
APP-0003167,LG-000603,Land Acquisition Approval,2022-03-15,2022-06-08,Approved,Finance Ministry,9
APP-0003168,LG-000604,Administrative Approval,2022-09-30,,Conditionally Approved,District Collectorate,55
APP-0003169,LG-000604,Environmental Clearance,2022-12-05,,Submitted,State Cabinet,97
APP-0003170,LG-000604,Land Acquisition Approval,2022-10-18,2022-12-10,Approved,State Cabinet,12
APP-0003171,LG-000604,Financial Approval,2022-10-07,,Conditionally Approved,District Collectorate,128
APP-0003172,LG-000604,Government Notification,2022-11-07,2023-01-07,Approved,District Collectorate,15
APP-0003173,LG-000605,Administrative Approval,2020-05-25,,In Review,State Cabinet,57
APP-0003174,LG-000605,Environmental Clearance,2020-03-12,2020-06-01,Approved,MoEFCC,11
APP-0003175,LG-000605,Land Acquisition Approval,2020-04-17,2020-07-23,Approved,MoEFCC,14
APP-0003176,LG-000606,Administrative Approval,2024-12-23,2025-02-17,Approved,District Collectorate,8
APP-0003177,LG-000606,Environmental Clearance,2024-10-23,2024-12-18,Approved,District Collectorate,2
APP-0003178,LG-000606,Land Acquisition Approval,2025-01-09,2025-02-20,Approved,State Cabinet,3
APP-0003179,LG-000606,Financial Approval,2024-10-31,2025-01-12,Approved,MoEFCC,4
APP-0003180,LG-000606,Government Notification,2024-10-29,2024-11-30,Approved,Finance Ministry,9
APP-0003181,LG-000606,Administrative Approval,2024-10-14,2024-11-30,Approved,State Cabinet,8
APP-0003182,LG-000606,Environmental Clearance,2024-11-01,2025-01-07,Approved,Finance Ministry,15
APP-0003183,LG-000606,Land Acquisition Approval,2024-12-30,,In Review,District Collectorate,67
APP-0003184,LG-000607,Administrative Approval,2021-11-16,,Submitted,MoEFCC,131
APP-0003185,LG-000607,Environmental Clearance,2021-11-12,,In Review,State Cabinet,149
APP-0003186,LG-000607,Land Acquisition Approval,2021-11-17,,Submitted,MoEFCC,62
APP-0003187,LG-000607,Financial Approval,2022-01-20,,Submitted,District Collectorate,103
APP-0003188,LG-000607,Government Notification,2022-01-04,2022-02-23,Approved,Finance Ministry,10
APP-0003189,LG-000607,Administrative Approval,2021-11-10,,Conditionally Approved,Finance Ministry,107
APP-0003190,LG-000608,Administrative Approval,2022-08-12,,Conditionally Approved,MoEFCC,134
APP-0003191,LG-000608,Environmental Clearance,2022-07-01,,Conditionally Approved,State Cabinet,79
APP-0003192,LG-000608,Land Acquisition Approval,2022-08-23,2022-09-27,Approved,Finance Ministry,0
APP-0003193,LG-000609,Administrative Approval,2021-05-12,2021-06-20,Approved,Finance Ministry,10
APP-0003194,LG-000609,Environmental Clearance,2021-06-26,2021-08-14,Approved,State Cabinet,2
APP-0003195,LG-000609,Land Acquisition Approval,2021-05-28,,Conditionally Approved,State Cabinet,81
APP-0003196,LG-000609,Financial Approval,2021-05-02,2021-07-26,Approved,MoEFCC,15
APP-0003197,LG-000609,Government Notification,2021-05-03,,In Review,MoEFCC,46
APP-0003198,LG-000609,Administrative Approval,2021-06-05,2021-09-27,Approved,State Cabinet,12
APP-0003199,LG-000609,Environmental Clearance,2021-04-28,2021-08-16,Approved,Finance Ministry,4
APP-0003200,LG-000609,Land Acquisition Approval,2021-05-18,2021-07-11,Approved,State Cabinet,4
APP-0003201,LG-000610,Administrative Approval,2022-05-09,2022-07-21,Approved,State Cabinet,7
APP-0003202,LG-000610,Environmental Clearance,2022-05-01,2022-08-29,Approved,MoEFCC,15
APP-0003203,LG-000610,Land Acquisition Approval,2022-05-04,2022-08-19,Approved,MoEFCC,10
APP-0003204,LG-000610,Financial Approval,2022-04-28,,Submitted,State Cabinet,138
APP-0003205,LG-000610,Government Notification,2022-04-08,,In Review,State Cabinet,141
APP-0003206,LG-000611,Administrative Approval,2019-04-21,2019-06-09,Approved,District Collectorate,15
APP-0003207,LG-000611,Environmental Clearance,2019-05-03,2019-06-28,Approved,District Collectorate,0
APP-0003208,LG-000611,Land Acquisition Approval,2019-05-09,2019-08-05,Approved,Finance Ministry,5
APP-0003209,LG-000611,Financial Approval,2019-06-02,2019-07-08,Approved,Finance Ministry,6
APP-0003210,LG-000611,Government Notification,2019-05-12,2019-06-21,Approved,MoEFCC,5
APP-0003211,LG-000612,Administrative Approval,2022-11-09,2023-02-20,Approved,District Collectorate,0
APP-0003212,LG-000612,Environmental Clearance,2022-11-07,2023-02-09,Approved,Finance Ministry,9
APP-0003213,LG-000612,Land Acquisition Approval,2022-11-23,,Submitted,MoEFCC,32
APP-0003214,LG-000612,Financial Approval,2022-09-09,2022-10-27,Approved,MoEFCC,7
APP-0003215,LG-000612,Government Notification,2022-11-20,2023-02-25,Approved,MoEFCC,3
APP-0003216,LG-000612,Administrative Approval,2022-09-01,2022-12-03,Approved,Finance Ministry,14
APP-0003217,LG-000612,Environmental Clearance,2022-09-08,2022-11-27,Approved,MoEFCC,7
APP-0003218,LG-000613,Administrative Approval,2020-05-17,,Submitted,Finance Ministry,92
APP-0003219,LG-000613,Environmental Clearance,2020-06-09,2020-08-09,Approved,MoEFCC,3
APP-0003220,LG-000613,Land Acquisition Approval,2020-04-23,2020-07-04,Approved,Finance Ministry,6
APP-0003221,LG-000613,Financial Approval,2020-04-08,,In Review,Finance Ministry,109
APP-0003222,LG-000614,Administrative Approval,2020-01-18,,In Review,District Collectorate,36
APP-0003223,LG-000614,Environmental Clearance,2019-11-18,,Conditionally Approved,District Collectorate,128
APP-0003224,LG-000614,Land Acquisition Approval,2020-01-20,2020-04-15,Approved,MoEFCC,8
APP-0003225,LG-000614,Financial Approval,2019-11-24,,Conditionally Approved,MoEFCC,66
APP-0003226,LG-000614,Government Notification,2020-01-22,2020-04-11,Approved,State Cabinet,7
APP-0003227,LG-000614,Administrative Approval,2020-01-12,,In Review,District Collectorate,40
APP-0003228,LG-000614,Environmental Clearance,2020-01-17,2020-04-19,Approved,Finance Ministry,9
APP-0003229,LG-000615,Administrative Approval,2019-11-04,2020-01-18,Approved,District Collectorate,11
APP-0003230,LG-000615,Environmental Clearance,2019-10-04,2019-11-04,Approved,State Cabinet,6
APP-0003231,LG-000615,Land Acquisition Approval,2019-11-15,,Submitted,Finance Ministry,91
APP-0003232,LG-000615,Financial Approval,2019-09-30,2019-12-10,Approved,State Cabinet,13
APP-0003233,LG-000615,Government Notification,2019-09-22,2019-11-21,Approved,State Cabinet,14
APP-0003234,LG-000615,Administrative Approval,2019-11-19,2020-01-29,Approved,Finance Ministry,12
APP-0003235,LG-000616,Administrative Approval,2020-07-05,,Conditionally Approved,State Cabinet,139
APP-0003236,LG-000616,Environmental Clearance,2020-06-22,,Submitted,District Collectorate,56
APP-0003237,LG-000616,Land Acquisition Approval,2020-07-09,,Submitted,MoEFCC,68
APP-0003238,LG-000616,Financial Approval,2020-06-19,,Conditionally Approved,Finance Ministry,135
APP-0003239,LG-000616,Government Notification,2020-06-30,2020-08-16,Approved,State Cabinet,11
APP-0003240,LG-000616,Administrative Approval,2020-08-29,,Submitted,District Collectorate,70
APP-0003241,LG-000617,Administrative Approval,2021-11-20,2022-02-15,Approved,MoEFCC,11
APP-0003242,LG-000617,Environmental Clearance,2021-09-28,2021-12-07,Approved,District Collectorate,2
APP-0003243,LG-000617,Land Acquisition Approval,2021-09-15,2021-12-29,Approved,MoEFCC,13
APP-0003244,LG-000617,Financial Approval,2021-10-02,2022-01-03,Approved,District Collectorate,11
APP-0003245,LG-000617,Government Notification,2021-10-18,2022-02-10,Approved,State Cabinet,14
APP-0003246,LG-000617,Administrative Approval,2021-10-30,,In Review,MoEFCC,108
APP-0003247,LG-000618,Administrative Approval,2023-06-23,2023-09-26,Approved,State Cabinet,14
APP-0003248,LG-000618,Environmental Clearance,2023-06-03,,In Review,District Collectorate,77
APP-0003249,LG-000618,Land Acquisition Approval,2023-06-09,2023-07-31,Approved,State Cabinet,5
APP-0003250,LG-000618,Financial Approval,2023-07-05,,Submitted,State Cabinet,86
APP-0003251,LG-000619,Administrative Approval,2023-05-07,,In Review,MoEFCC,51
APP-0003252,LG-000619,Environmental Clearance,2023-05-28,,In Review,District Collectorate,102
APP-0003253,LG-000619,Land Acquisition Approval,2023-04-26,2023-07-13,Approved,Finance Ministry,12
APP-0003254,LG-000619,Financial Approval,2023-03-28,2023-06-11,Approved,MoEFCC,14
APP-0003255,LG-000619,Government Notification,2023-04-10,2023-06-26,Approved,State Cabinet,14
APP-0003256,LG-000619,Administrative Approval,2023-05-10,,Conditionally Approved,State Cabinet,76
APP-0003257,LG-000619,Environmental Clearance,2023-06-08,2023-08-10,Approved,District Collectorate,15
APP-0003258,LG-000620,Administrative Approval,2024-09-03,2024-11-08,Approved,MoEFCC,14
APP-0003259,LG-000620,Environmental Clearance,2024-11-20,,In Review,Finance Ministry,101
APP-0003260,LG-000620,Land Acquisition Approval,2024-09-07,,Conditionally Approved,MoEFCC,148
APP-0003261,LG-000620,Financial Approval,2024-11-28,2025-02-17,Approved,District Collectorate,6
APP-0003262,LG-000620,Government Notification,2024-10-21,2025-01-30,Approved,MoEFCC,4
APP-0003263,LG-000621,Administrative Approval,2023-04-20,2023-07-17,Approved,Finance Ministry,2
APP-0003264,LG-000621,Environmental Clearance,2023-05-03,2023-06-24,Approved,District Collectorate,6
APP-0003265,LG-000621,Land Acquisition Approval,2023-06-06,2023-09-12,Approved,State Cabinet,14
APP-0003266,LG-000621,Financial Approval,2023-06-21,,In Review,Finance Ministry,53
APP-0003267,LG-000622,Administrative Approval,2023-01-22,,Submitted,District Collectorate,135
APP-0003268,LG-000622,Environmental Clearance,2022-11-26,2023-03-05,Approved,State Cabinet,9
APP-0003269,LG-000622,Land Acquisition Approval,2022-12-10,2023-03-17,Approved,State Cabinet,10
APP-0003270,LG-000623,Administrative Approval,2019-09-02,2019-10-08,Approved,Finance Ministry,10
APP-0003271,LG-000623,Environmental Clearance,2019-06-28,2019-09-08,Approved,State Cabinet,2
APP-0003272,LG-000623,Land Acquisition Approval,2019-06-29,2019-10-05,Approved,State Cabinet,15
APP-0003273,LG-000623,Financial Approval,2019-07-07,2019-09-05,Approved,MoEFCC,4
APP-0003274,LG-000624,Administrative Approval,2019-09-29,,Submitted,District Collectorate,56
APP-0003275,LG-000624,Environmental Clearance,2019-10-21,,In Review,Finance Ministry,144
APP-0003276,LG-000624,Land Acquisition Approval,2019-11-24,,Conditionally Approved,District Collectorate,145
APP-0003277,LG-000624,Financial Approval,2019-11-05,2020-02-05,Approved,State Cabinet,7
APP-0003278,LG-000624,Government Notification,2019-10-06,,Conditionally Approved,MoEFCC,74
APP-0003279,LG-000625,Administrative Approval,2024-03-03,2024-07-01,Approved,District Collectorate,3
APP-0003280,LG-000625,Environmental Clearance,2024-03-13,2024-04-14,Approved,MoEFCC,14
APP-0003281,LG-000625,Land Acquisition Approval,2024-04-24,2024-08-18,Approved,MoEFCC,14
APP-0003282,LG-000625,Financial Approval,2024-03-25,2024-07-18,Approved,MoEFCC,7
APP-0003283,LG-000625,Government Notification,2024-03-11,2024-05-22,Approved,State Cabinet,0
APP-0003284,LG-000626,Administrative Approval,2020-08-04,,In Review,State Cabinet,87
APP-0003285,LG-000626,Environmental Clearance,2020-08-01,,Submitted,MoEFCC,49
APP-0003286,LG-000626,Land Acquisition Approval,2020-09-24,,In Review,State Cabinet,46
APP-0003287,LG-000626,Financial Approval,2020-07-10,2020-09-07,Approved,State Cabinet,4
APP-0003288,LG-000626,Government Notification,2020-08-08,,Submitted,State Cabinet,59
APP-0003289,LG-000627,Administrative Approval,2018-11-14,2019-02-26,Approved,Finance Ministry,0
APP-0003290,LG-000627,Environmental Clearance,2018-12-08,,Submitted,District Collectorate,50
APP-0003291,LG-000627,Land Acquisition Approval,2019-01-23,,In Review,State Cabinet,126
APP-0003292,LG-000627,Financial Approval,2018-11-29,2019-03-09,Approved,District Collectorate,11
APP-0003293,LG-000627,Government Notification,2018-11-09,2019-01-02,Approved,District Collectorate,11
APP-0003294,LG-000627,Administrative Approval,2019-01-26,,Conditionally Approved,MoEFCC,120
APP-0003295,LG-000627,Environmental Clearance,2018-11-18,2018-12-22,Approved,Finance Ministry,13
APP-0003296,LG-000628,Administrative Approval,2020-04-23,,Conditionally Approved,State Cabinet,39
APP-0003297,LG-000628,Environmental Clearance,2020-02-25,,Conditionally Approved,MoEFCC,47
APP-0003298,LG-000628,Land Acquisition Approval,2020-03-24,,In Review,District Collectorate,80
APP-0003299,LG-000628,Financial Approval,2020-03-08,2020-04-17,Approved,MoEFCC,13
APP-0003300,LG-000628,Government Notification,2020-02-10,,Submitted,District Collectorate,73
APP-0003301,LG-000628,Administrative Approval,2020-03-26,2020-07-01,Approved,MoEFCC,12
APP-0003302,LG-000628,Environmental Clearance,2020-02-18,,In Review,Finance Ministry,59
APP-0003303,LG-000629,Administrative Approval,2018-09-04,,In Review,Finance Ministry,147
APP-0003304,LG-000629,Environmental Clearance,2018-08-17,,In Review,Finance Ministry,32
APP-0003305,LG-000629,Land Acquisition Approval,2018-09-29,2018-10-30,Approved,State Cabinet,7
APP-0003306,LG-000629,Financial Approval,2018-07-30,2018-10-16,Approved,District Collectorate,11
APP-0003307,LG-000629,Government Notification,2018-09-27,,Conditionally Approved,State Cabinet,92
APP-0003308,LG-000630,Administrative Approval,2019-04-01,,Conditionally Approved,MoEFCC,101
APP-0003309,LG-000630,Environmental Clearance,2019-03-08,2019-05-22,Approved,District Collectorate,7
APP-0003310,LG-000630,Land Acquisition Approval,2019-01-23,,Submitted,Finance Ministry,119
APP-0003311,LG-000630,Financial Approval,2019-04-05,2019-06-12,Approved,State Cabinet,13
APP-0003312,LG-000630,Government Notification,2019-04-05,2019-08-03,Approved,State Cabinet,0
APP-0003313,LG-000631,Administrative Approval,2019-02-06,2019-05-12,Approved,MoEFCC,13
APP-0003314,LG-000631,Environmental Clearance,2019-01-30,2019-05-28,Approved,MoEFCC,11
APP-0003315,LG-000631,Land Acquisition Approval,2018-12-25,2019-02-19,Approved,District Collectorate,0
APP-0003316,LG-000632,Administrative Approval,2024-02-27,2024-06-11,Approved,State Cabinet,4
APP-0003317,LG-000632,Environmental Clearance,2024-02-28,2024-05-01,Approved,District Collectorate,7
APP-0003318,LG-000632,Land Acquisition Approval,2024-04-09,,Submitted,MoEFCC,74
APP-0003319,LG-000632,Financial Approval,2024-05-14,2024-07-11,Approved,MoEFCC,1
APP-0003320,LG-000633,Administrative Approval,2024-06-15,2024-08-21,Approved,MoEFCC,1
APP-0003321,LG-000633,Environmental Clearance,2024-08-23,,Submitted,District Collectorate,45
APP-0003322,LG-000633,Land Acquisition Approval,2024-08-13,2024-11-02,Approved,State Cabinet,15
APP-0003323,LG-000633,Financial Approval,2024-08-15,,Conditionally Approved,MoEFCC,109
APP-0003324,LG-000633,Government Notification,2024-06-16,,Conditionally Approved,District Collectorate,59
APP-0003325,LG-000633,Administrative Approval,2024-07-07,2024-10-24,Approved,Finance Ministry,0
APP-0003326,LG-000634,Administrative Approval,2024-04-02,2024-06-16,Approved,Finance Ministry,3
APP-0003327,LG-000634,Environmental Clearance,2024-03-18,2024-07-11,Approved,MoEFCC,5
APP-0003328,LG-000634,Land Acquisition Approval,2024-04-21,2024-06-27,Approved,State Cabinet,3
APP-0003329,LG-000634,Financial Approval,2024-03-28,2024-06-18,Approved,State Cabinet,13
APP-0003330,LG-000634,Government Notification,2024-04-30,2024-07-01,Approved,State Cabinet,4
APP-0003331,LG-000634,Administrative Approval,2024-04-30,2024-07-18,Approved,State Cabinet,12
APP-0003332,LG-000634,Environmental Clearance,2024-03-30,,Conditionally Approved,State Cabinet,46
APP-0003333,LG-000634,Land Acquisition Approval,2024-04-29,2024-06-02,Approved,State Cabinet,13
APP-0003334,LG-000635,Administrative Approval,2019-03-27,2019-05-18,Approved,District Collectorate,7
APP-0003335,LG-000635,Environmental Clearance,2019-04-09,,Conditionally Approved,Finance Ministry,120
APP-0003336,LG-000635,Land Acquisition Approval,2019-04-03,,Conditionally Approved,State Cabinet,129
APP-0003337,LG-000635,Financial Approval,2019-03-29,,Conditionally Approved,MoEFCC,73
APP-0003338,LG-000636,Administrative Approval,2025-03-03,2025-04-08,Approved,MoEFCC,1
APP-0003339,LG-000636,Environmental Clearance,2025-01-31,2025-04-16,Approved,District Collectorate,10
APP-0003340,LG-000636,Land Acquisition Approval,2024-12-21,2025-02-07,Approved,Finance Ministry,1
APP-0003341,LG-000636,Financial Approval,2025-02-12,,In Review,Finance Ministry,104
APP-0003342,LG-000636,Government Notification,2025-02-19,,Submitted,MoEFCC,41
APP-0003343,LG-000636,Administrative Approval,2025-02-23,2025-06-16,Approved,Finance Ministry,10
APP-0003344,LG-000636,Environmental Clearance,2025-01-29,2025-03-16,Approved,State Cabinet,10
APP-0003345,LG-000637,Administrative Approval,2022-04-02,2022-05-12,Approved,District Collectorate,6
APP-0003346,LG-000637,Environmental Clearance,2022-06-07,2022-09-10,Approved,MoEFCC,4
APP-0003347,LG-000637,Land Acquisition Approval,2022-04-02,2022-07-08,Approved,State Cabinet,10
APP-0003348,LG-000637,Financial Approval,2022-05-25,2022-08-26,Approved,MoEFCC,15
APP-0003349,LG-000637,Government Notification,2022-06-16,2022-09-21,Approved,MoEFCC,12
APP-0003350,LG-000637,Administrative Approval,2022-04-14,2022-07-18,Approved,State Cabinet,12
APP-0003351,LG-000638,Administrative Approval,2024-01-31,2024-05-18,Approved,District Collectorate,12
APP-0003352,LG-000638,Environmental Clearance,2024-03-31,2024-07-07,Approved,District Collectorate,10
APP-0003353,LG-000638,Land Acquisition Approval,2024-01-01,,Submitted,Finance Ministry,65
APP-0003354,LG-000638,Financial Approval,2024-01-18,,In Review,MoEFCC,47
APP-0003355,LG-000638,Government Notification,2024-01-13,2024-02-18,Approved,District Collectorate,5
APP-0003356,LG-000638,Administrative Approval,2024-02-29,,Submitted,State Cabinet,102
APP-0003357,LG-000638,Environmental Clearance,2024-02-15,2024-06-09,Approved,State Cabinet,8
APP-0003358,LG-000639,Administrative Approval,2022-05-06,2022-06-26,Approved,State Cabinet,5
APP-0003359,LG-000639,Environmental Clearance,2022-04-14,2022-07-07,Approved,District Collectorate,14
APP-0003360,LG-000639,Land Acquisition Approval,2022-05-23,2022-08-09,Approved,State Cabinet,13
APP-0003361,LG-000639,Financial Approval,2022-03-31,2022-07-25,Approved,District Collectorate,12
APP-0003362,LG-000639,Government Notification,2022-05-06,2022-07-18,Approved,District Collectorate,12
APP-0003363,LG-000640,Administrative Approval,2020-05-18,2020-09-09,Approved,Finance Ministry,10
APP-0003364,LG-000640,Environmental Clearance,2020-06-16,2020-08-15,Approved,Finance Ministry,1
APP-0003365,LG-000640,Land Acquisition Approval,2020-06-19,2020-09-14,Approved,District Collectorate,10
APP-0003366,LG-000640,Financial Approval,2020-06-05,2020-07-13,Approved,Finance Ministry,3
APP-0003367,LG-000640,Government Notification,2020-07-10,2020-09-27,Approved,State Cabinet,15
APP-0003368,LG-000640,Administrative Approval,2020-06-30,2020-09-30,Approved,Finance Ministry,2
APP-0003369,LG-000641,Administrative Approval,2024-06-28,2024-08-21,Approved,State Cabinet,11
APP-0003370,LG-000641,Environmental Clearance,2024-07-09,,In Review,State Cabinet,64
APP-0003371,LG-000641,Land Acquisition Approval,2024-07-03,,Conditionally Approved,MoEFCC,132
APP-0003372,LG-000641,Financial Approval,2024-04-17,,Submitted,District Collectorate,132
APP-0003373,LG-000641,Government Notification,2024-06-02,,Conditionally Approved,Finance Ministry,70
APP-0003374,LG-000641,Administrative Approval,2024-06-19,2024-09-25,Approved,District Collectorate,1
APP-0003375,LG-000641,Environmental Clearance,2024-05-18,,In Review,District Collectorate,35
APP-0003376,LG-000642,Administrative Approval,2022-09-15,2022-11-15,Approved,District Collectorate,0
APP-0003377,LG-000642,Environmental Clearance,2022-08-24,2022-11-18,Approved,Finance Ministry,5
APP-0003378,LG-000642,Land Acquisition Approval,2022-08-04,2022-10-03,Approved,State Cabinet,14
APP-0003379,LG-000642,Financial Approval,2022-08-25,2022-12-11,Approved,MoEFCC,5
APP-0003380,LG-000642,Government Notification,2022-08-12,2022-09-16,Approved,District Collectorate,3
APP-0003381,LG-000642,Administrative Approval,2022-07-31,2022-10-17,Approved,District Collectorate,1
APP-0003382,LG-000642,Environmental Clearance,2022-07-26,2022-11-16,Approved,District Collectorate,2
APP-0003383,LG-000642,Land Acquisition Approval,2022-09-04,2022-10-31,Approved,MoEFCC,7
APP-0003384,LG-000643,Administrative Approval,2021-03-01,,In Review,State Cabinet,63
APP-0003385,LG-000643,Environmental Clearance,2021-03-09,,In Review,State Cabinet,65
APP-0003386,LG-000643,Land Acquisition Approval,2021-04-24,,Conditionally Approved,District Collectorate,38
APP-0003387,LG-000643,Financial Approval,2021-04-03,,Conditionally Approved,MoEFCC,63
APP-0003388,LG-000644,Administrative Approval,2024-11-25,2025-01-28,Approved,State Cabinet,6
APP-0003389,LG-000644,Environmental Clearance,2024-11-23,2025-02-27,Approved,State Cabinet,14
APP-0003390,LG-000644,Land Acquisition Approval,2024-11-21,2025-02-15,Approved,District Collectorate,0
APP-0003391,LG-000645,Administrative Approval,2022-05-08,2022-07-19,Approved,Finance Ministry,11
APP-0003392,LG-000645,Environmental Clearance,2022-05-11,2022-07-03,Approved,Finance Ministry,11
APP-0003393,LG-000645,Land Acquisition Approval,2022-06-07,,Conditionally Approved,State Cabinet,95
APP-0003394,LG-000646,Administrative Approval,2023-12-02,,In Review,District Collectorate,49
APP-0003395,LG-000646,Environmental Clearance,2023-12-14,,In Review,District Collectorate,134
APP-0003396,LG-000646,Land Acquisition Approval,2023-11-23,,In Review,Finance Ministry,78
APP-0003397,LG-000646,Financial Approval,2024-01-27,,In Review,MoEFCC,147
APP-0003398,LG-000647,Administrative Approval,2023-12-17,2024-02-27,Approved,State Cabinet,14
APP-0003399,LG-000647,Environmental Clearance,2024-01-19,2024-03-01,Approved,District Collectorate,14
APP-0003400,LG-000647,Land Acquisition Approval,2023-12-13,2024-03-10,Approved,District Collectorate,2
APP-0003401,LG-000647,Financial Approval,2024-01-25,2024-04-17,Approved,District Collectorate,13
APP-0003402,LG-000647,Government Notification,2024-01-23,2024-03-12,Approved,Finance Ministry,1
APP-0003403,LG-000647,Administrative Approval,2023-12-07,,Conditionally Approved,State Cabinet,68
APP-0003404,LG-000647,Environmental Clearance,2024-02-09,,In Review,MoEFCC,77
APP-0003405,LG-000647,Land Acquisition Approval,2024-02-27,2024-05-27,Approved,State Cabinet,4
APP-0003406,LG-000648,Administrative Approval,2020-12-07,2021-01-06,Approved,Finance Ministry,10
APP-0003407,LG-000648,Environmental Clearance,2020-11-13,2021-01-24,Approved,State Cabinet,6
APP-0003408,LG-000648,Land Acquisition Approval,2020-12-12,2021-04-04,Approved,District Collectorate,4
APP-0003409,LG-000648,Financial Approval,2020-11-16,2020-12-19,Approved,Finance Ministry,6
APP-0003410,LG-000648,Government Notification,2020-12-08,2021-01-27,Approved,Finance Ministry,14
APP-0003411,LG-000649,Administrative Approval,2020-11-26,2021-03-06,Approved,Finance Ministry,11
APP-0003412,LG-000649,Environmental Clearance,2020-12-10,,In Review,Finance Ministry,128
APP-0003413,LG-000649,Land Acquisition Approval,2020-12-02,,Submitted,District Collectorate,76
APP-0003414,LG-000649,Financial Approval,2020-12-11,2021-03-18,Approved,MoEFCC,6
APP-0003415,LG-000649,Government Notification,2020-12-13,2021-02-19,Approved,State Cabinet,15
APP-0003416,LG-000649,Administrative Approval,2021-01-25,,Submitted,District Collectorate,54
APP-0003417,LG-000650,Administrative Approval,2018-01-30,,Submitted,Finance Ministry,41
APP-0003418,LG-000650,Environmental Clearance,2018-03-23,2018-07-15,Approved,Finance Ministry,2
APP-0003419,LG-000650,Land Acquisition Approval,2018-01-29,,Conditionally Approved,District Collectorate,148
APP-0003420,LG-000650,Financial Approval,2018-02-28,2018-04-05,Approved,State Cabinet,6
APP-0003421,LG-000651,Administrative Approval,2018-09-23,2019-01-21,Approved,MoEFCC,7
APP-0003422,LG-000651,Environmental Clearance,2018-09-18,,Conditionally Approved,District Collectorate,118
APP-0003423,LG-000651,Land Acquisition Approval,2018-09-23,,Conditionally Approved,State Cabinet,68
APP-0003424,LG-000651,Financial Approval,2018-09-11,,Submitted,MoEFCC,97
APP-0003425,LG-000652,Administrative Approval,2018-02-15,2018-04-07,Approved,State Cabinet,5
APP-0003426,LG-000652,Environmental Clearance,2018-02-16,,Conditionally Approved,Finance Ministry,65
APP-0003427,LG-000652,Land Acquisition Approval,2018-02-15,,Conditionally Approved,District Collectorate,46
APP-0003428,LG-000652,Financial Approval,2018-03-24,2018-06-25,Approved,Finance Ministry,0
APP-0003429,LG-000652,Government Notification,2018-03-22,2018-07-03,Approved,State Cabinet,15
APP-0003430,LG-000652,Administrative Approval,2018-01-15,2018-03-28,Approved,MoEFCC,10
APP-0003431,LG-000652,Environmental Clearance,2018-02-15,2018-05-21,Approved,Finance Ministry,0
APP-0003432,LG-000653,Administrative Approval,2020-03-08,2020-04-16,Approved,MoEFCC,10
APP-0003433,LG-000653,Environmental Clearance,2020-01-27,,Conditionally Approved,Finance Ministry,143
APP-0003434,LG-000653,Land Acquisition Approval,2020-01-18,,In Review,Finance Ministry,133
APP-0003435,LG-000653,Financial Approval,2020-02-17,,Submitted,State Cabinet,80
APP-0003436,LG-000653,Government Notification,2020-04-02,,Conditionally Approved,Finance Ministry,60
APP-0003437,LG-000653,Administrative Approval,2020-01-08,,Submitted,Finance Ministry,68
APP-0003438,LG-000653,Environmental Clearance,2020-03-09,,Submitted,State Cabinet,123
APP-0003439,LG-000654,Administrative Approval,2021-12-09,,Submitted,District Collectorate,136
APP-0003440,LG-000654,Environmental Clearance,2022-01-19,,In Review,District Collectorate,68
APP-0003441,LG-000654,Land Acquisition Approval,2021-12-16,,In Review,MoEFCC,100
APP-0003442,LG-000654,Financial Approval,2021-12-19,2022-02-18,Approved,MoEFCC,8
APP-0003443,LG-000655,Administrative Approval,2023-09-22,2023-12-21,Approved,MoEFCC,11
APP-0003444,LG-000655,Environmental Clearance,2023-09-21,2023-12-28,Approved,District Collectorate,9
APP-0003445,LG-000655,Land Acquisition Approval,2023-08-26,2023-12-14,Approved,District Collectorate,0
APP-0003446,LG-000655,Financial Approval,2023-09-24,2023-10-29,Approved,District Collectorate,7
APP-0003447,LG-000656,Administrative Approval,2018-09-22,2018-11-29,Approved,State Cabinet,13
APP-0003448,LG-000656,Environmental Clearance,2018-10-14,2018-11-15,Approved,District Collectorate,12
APP-0003449,LG-000656,Land Acquisition Approval,2018-10-07,2019-01-09,Approved,Finance Ministry,9
APP-0003450,LG-000656,Financial Approval,2018-12-06,2019-02-17,Approved,District Collectorate,14
APP-0003451,LG-000656,Government Notification,2018-10-13,2019-01-10,Approved,State Cabinet,8
APP-0003452,LG-000656,Administrative Approval,2018-09-28,2019-01-10,Approved,Finance Ministry,15
APP-0003453,LG-000657,Administrative Approval,2021-01-07,2021-04-11,Approved,Finance Ministry,6
APP-0003454,LG-000657,Environmental Clearance,2021-01-11,2021-02-12,Approved,State Cabinet,10
APP-0003455,LG-000657,Land Acquisition Approval,2020-11-09,2020-12-28,Approved,District Collectorate,9
APP-0003456,LG-000657,Financial Approval,2021-01-25,2021-05-04,Approved,Finance Ministry,1
APP-0003457,LG-000657,Government Notification,2020-11-14,2021-02-18,Approved,District Collectorate,1
APP-0003458,LG-000657,Administrative Approval,2020-12-29,2021-03-04,Approved,Finance Ministry,0
APP-0003459,LG-000658,Administrative Approval,2021-11-08,2022-02-19,Approved,District Collectorate,15
APP-0003460,LG-000658,Environmental Clearance,2021-10-14,2022-01-24,Approved,District Collectorate,7
APP-0003461,LG-000658,Land Acquisition Approval,2021-11-19,2022-01-26,Approved,Finance Ministry,9
APP-0003462,LG-000658,Financial Approval,2021-10-03,,Submitted,Finance Ministry,136
APP-0003463,LG-000658,Government Notification,2021-10-29,2021-12-07,Approved,Finance Ministry,5
APP-0003464,LG-000658,Administrative Approval,2021-11-07,2022-01-03,Approved,State Cabinet,7
APP-0003465,LG-000659,Administrative Approval,2022-06-23,2022-10-09,Approved,District Collectorate,14
APP-0003466,LG-000659,Environmental Clearance,2022-07-19,2022-11-08,Approved,MoEFCC,4
APP-0003467,LG-000659,Land Acquisition Approval,2022-08-02,2022-09-28,Approved,District Collectorate,9
APP-0003468,LG-000660,Administrative Approval,2019-03-23,,In Review,Finance Ministry,40
APP-0003469,LG-000660,Environmental Clearance,2019-04-15,,In Review,State Cabinet,126
APP-0003470,LG-000660,Land Acquisition Approval,2019-04-30,,Submitted,District Collectorate,71
APP-0003471,LG-000660,Financial Approval,2019-03-07,2019-06-06,Approved,MoEFCC,0
APP-0003472,LG-000660,Government Notification,2019-03-02,,Conditionally Approved,State Cabinet,77
APP-0003473,LG-000660,Administrative Approval,2019-04-21,,Conditionally Approved,State Cabinet,109
APP-0003474,LG-000660,Environmental Clearance,2019-04-12,2019-07-30,Approved,MoEFCC,1
APP-0003475,LG-000660,Land Acquisition Approval,2019-04-23,,Conditionally Approved,Finance Ministry,33
APP-0003476,LG-000661,Administrative Approval,2019-12-28,2020-03-29,Approved,State Cabinet,7
APP-0003477,LG-000661,Environmental Clearance,2020-02-25,2020-04-06,Approved,Finance Ministry,7
APP-0003478,LG-000661,Land Acquisition Approval,2020-03-21,2020-06-23,Approved,District Collectorate,9
APP-0003479,LG-000661,Financial Approval,2020-02-22,2020-06-09,Approved,State Cabinet,11
APP-0003480,LG-000662,Administrative Approval,2021-04-08,,Conditionally Approved,MoEFCC,148
APP-0003481,LG-000662,Environmental Clearance,2021-05-27,2021-06-30,Approved,State Cabinet,10
APP-0003482,LG-000662,Land Acquisition Approval,2021-03-13,,Submitted,MoEFCC,36
APP-0003483,LG-000662,Financial Approval,2021-04-15,2021-06-12,Approved,District Collectorate,14
APP-0003484,LG-000662,Government Notification,2021-03-29,2021-06-07,Approved,Finance Ministry,4
APP-0003485,LG-000662,Administrative Approval,2021-04-16,,In Review,State Cabinet,39
APP-0003486,LG-000662,Environmental Clearance,2021-04-13,2021-05-31,Approved,MoEFCC,0
APP-0003487,LG-000662,Land Acquisition Approval,2021-05-24,,In Review,MoEFCC,133
APP-0003488,LG-000663,Administrative Approval,2021-03-23,,In Review,State Cabinet,120
APP-0003489,LG-000663,Environmental Clearance,2021-05-26,2021-08-28,Approved,MoEFCC,1
APP-0003490,LG-000663,Land Acquisition Approval,2021-04-16,,Submitted,District Collectorate,95
APP-0003491,LG-000663,Financial Approval,2021-03-26,2021-07-08,Approved,MoEFCC,4
APP-0003492,LG-000663,Government Notification,2021-03-15,2021-05-15,Approved,Finance Ministry,1
APP-0003493,LG-000664,Administrative Approval,2024-01-06,2024-03-19,Approved,District Collectorate,2
APP-0003494,LG-000664,Environmental Clearance,2024-01-15,2024-02-29,Approved,State Cabinet,9
APP-0003495,LG-000664,Land Acquisition Approval,2024-02-14,,Conditionally Approved,State Cabinet,87
APP-0003496,LG-000664,Financial Approval,2023-12-18,2024-03-18,Approved,District Collectorate,5
APP-0003497,LG-000664,Government Notification,2024-01-22,2024-04-25,Approved,MoEFCC,5
APP-0003498,LG-000664,Administrative Approval,2023-12-14,2024-01-20,Approved,District Collectorate,11
APP-0003499,LG-000665,Administrative Approval,2019-02-01,2019-03-29,Approved,State Cabinet,6
APP-0003500,LG-000665,Environmental Clearance,2019-03-17,2019-05-30,Approved,Finance Ministry,0
APP-0003501,LG-000665,Land Acquisition Approval,2019-01-20,2019-03-27,Approved,State Cabinet,2
APP-0003502,LG-000665,Financial Approval,2019-01-09,2019-02-19,Approved,State Cabinet,9
APP-0003503,LG-000666,Administrative Approval,2018-02-01,,In Review,State Cabinet,47
APP-0003504,LG-000666,Environmental Clearance,2018-03-25,,Submitted,District Collectorate,37
APP-0003505,LG-000666,Land Acquisition Approval,2018-02-11,2018-05-03,Approved,State Cabinet,15
APP-0003506,LG-000666,Financial Approval,2018-02-25,,Conditionally Approved,State Cabinet,128
APP-0003507,LG-000666,Government Notification,2018-04-09,,Conditionally Approved,State Cabinet,107
APP-0003508,LG-000666,Administrative Approval,2018-04-14,2018-06-27,Approved,State Cabinet,8
APP-0003509,LG-000667,Administrative Approval,2021-07-02,2021-10-01,Approved,State Cabinet,11
APP-0003510,LG-000667,Environmental Clearance,2021-08-09,2021-11-07,Approved,MoEFCC,10
APP-0003511,LG-000667,Land Acquisition Approval,2021-08-04,2021-10-23,Approved,MoEFCC,3
APP-0003512,LG-000668,Administrative Approval,2021-05-26,2021-09-18,Approved,District Collectorate,9
APP-0003513,LG-000668,Environmental Clearance,2021-06-24,2021-07-29,Approved,District Collectorate,13
APP-0003514,LG-000668,Land Acquisition Approval,2021-07-12,2021-08-25,Approved,Finance Ministry,4
APP-0003515,LG-000668,Financial Approval,2021-05-24,,Submitted,MoEFCC,90
APP-0003516,LG-000668,Government Notification,2021-06-12,2021-10-01,Approved,District Collectorate,4
APP-0003517,LG-000668,Administrative Approval,2021-06-16,2021-08-06,Approved,MoEFCC,4
APP-0003518,LG-000668,Environmental Clearance,2021-07-07,,Submitted,State Cabinet,122
APP-0003519,LG-000669,Administrative Approval,2024-04-05,2024-06-05,Approved,MoEFCC,11
APP-0003520,LG-000669,Environmental Clearance,2024-04-12,2024-07-04,Approved,State Cabinet,4
APP-0003521,LG-000669,Land Acquisition Approval,2024-05-20,2024-06-28,Approved,State Cabinet,9
APP-0003522,LG-000669,Financial Approval,2024-03-29,2024-06-27,Approved,District Collectorate,4
APP-0003523,LG-000670,Administrative Approval,2021-12-04,2022-03-02,Approved,District Collectorate,1
APP-0003524,LG-000670,Environmental Clearance,2021-12-31,2022-03-18,Approved,MoEFCC,4
APP-0003525,LG-000670,Land Acquisition Approval,2022-01-21,2022-03-08,Approved,Finance Ministry,13
APP-0003526,LG-000670,Financial Approval,2021-12-18,2022-02-05,Approved,State Cabinet,1
APP-0003527,LG-000671,Administrative Approval,2022-06-02,2022-09-19,Approved,Finance Ministry,14
APP-0003528,LG-000671,Environmental Clearance,2022-07-14,2022-08-26,Approved,State Cabinet,9
APP-0003529,LG-000671,Land Acquisition Approval,2022-06-26,2022-09-27,Approved,District Collectorate,7
APP-0003530,LG-000671,Financial Approval,2022-05-19,2022-07-31,Approved,State Cabinet,10
APP-0003531,LG-000672,Administrative Approval,2020-08-28,,Conditionally Approved,Finance Ministry,146
APP-0003532,LG-000672,Environmental Clearance,2020-11-10,,Submitted,State Cabinet,116
APP-0003533,LG-000672,Land Acquisition Approval,2020-10-16,2021-01-01,Approved,Finance Ministry,6
APP-0003534,LG-000672,Financial Approval,2020-10-04,,Conditionally Approved,District Collectorate,127
APP-0003535,LG-000672,Government Notification,2020-10-25,,In Review,Finance Ministry,126
APP-0003536,LG-000672,Administrative Approval,2020-11-04,2021-01-03,Approved,Finance Ministry,5
APP-0003537,LG-000673,Administrative Approval,2021-01-14,2021-03-12,Approved,MoEFCC,11
APP-0003538,LG-000673,Environmental Clearance,2021-03-11,,Submitted,District Collectorate,135
APP-0003539,LG-000673,Land Acquisition Approval,2021-03-11,,In Review,District Collectorate,42
APP-0003540,LG-000674,Administrative Approval,2023-12-20,,Conditionally Approved,Finance Ministry,115
APP-0003541,LG-000674,Environmental Clearance,2023-11-17,2024-01-07,Approved,State Cabinet,10
APP-0003542,LG-000674,Land Acquisition Approval,2023-12-07,2024-02-19,Approved,Finance Ministry,9
APP-0003543,LG-000674,Financial Approval,2023-11-05,2023-12-23,Approved,State Cabinet,11
APP-0003544,LG-000674,Government Notification,2023-12-22,2024-04-15,Approved,Finance Ministry,11
APP-0003545,LG-000674,Administrative Approval,2023-12-15,,In Review,State Cabinet,88
APP-0003546,LG-000674,Environmental Clearance,2023-11-24,2024-02-17,Approved,District Collectorate,8
APP-0003547,LG-000675,Administrative Approval,2018-12-19,2019-04-06,Approved,MoEFCC,4
APP-0003548,LG-000675,Environmental Clearance,2019-02-15,2019-06-15,Approved,District Collectorate,0
APP-0003549,LG-000675,Land Acquisition Approval,2019-02-08,,In Review,Finance Ministry,76
APP-0003550,LG-000675,Financial Approval,2018-12-28,,In Review,District Collectorate,92
APP-0003551,LG-000675,Government Notification,2019-01-22,,Conditionally Approved,MoEFCC,132
APP-0003552,LG-000676,Administrative Approval,2018-12-04,2019-01-04,Approved,State Cabinet,12
APP-0003553,LG-000676,Environmental Clearance,2018-10-21,2018-12-30,Approved,MoEFCC,8
APP-0003554,LG-000676,Land Acquisition Approval,2018-10-09,2018-11-30,Approved,State Cabinet,5
APP-0003555,LG-000676,Financial Approval,2018-10-05,2018-11-25,Approved,State Cabinet,14
APP-0003556,LG-000676,Government Notification,2018-11-14,,Submitted,MoEFCC,51
APP-0003557,LG-000676,Administrative Approval,2018-10-14,2019-01-14,Approved,MoEFCC,13
APP-0003558,LG-000677,Administrative Approval,2024-06-16,2024-09-25,Approved,MoEFCC,13
APP-0003559,LG-000677,Environmental Clearance,2024-06-21,2024-08-19,Approved,MoEFCC,10
APP-0003560,LG-000677,Land Acquisition Approval,2024-06-05,2024-08-05,Approved,State Cabinet,12
APP-0003561,LG-000678,Administrative Approval,2023-08-17,2023-11-16,Approved,State Cabinet,10
APP-0003562,LG-000678,Environmental Clearance,2023-06-13,2023-07-26,Approved,State Cabinet,2
APP-0003563,LG-000678,Land Acquisition Approval,2023-06-17,2023-08-21,Approved,Finance Ministry,11
APP-0003564,LG-000678,Financial Approval,2023-08-14,2023-09-23,Approved,District Collectorate,11
APP-0003565,LG-000679,Administrative Approval,2024-02-17,2024-05-10,Approved,District Collectorate,2
APP-0003566,LG-000679,Environmental Clearance,2024-01-23,,Submitted,District Collectorate,46
APP-0003567,LG-000679,Land Acquisition Approval,2024-01-21,2024-03-25,Approved,Finance Ministry,8
APP-0003568,LG-000679,Financial Approval,2024-01-05,2024-04-29,Approved,MoEFCC,4
APP-0003569,LG-000680,Administrative Approval,2018-10-23,2019-01-10,Approved,Finance Ministry,0
APP-0003570,LG-000680,Environmental Clearance,2018-10-29,2018-12-19,Approved,State Cabinet,6
APP-0003571,LG-000680,Land Acquisition Approval,2018-08-26,,In Review,State Cabinet,75
APP-0003572,LG-000681,Administrative Approval,2018-09-25,2018-12-29,Approved,MoEFCC,8
APP-0003573,LG-000681,Environmental Clearance,2018-09-28,2019-01-15,Approved,District Collectorate,0
APP-0003574,LG-000681,Land Acquisition Approval,2018-10-21,,Conditionally Approved,MoEFCC,124
APP-0003575,LG-000682,Administrative Approval,2018-10-16,2019-02-02,Approved,Finance Ministry,0
APP-0003576,LG-000682,Environmental Clearance,2018-10-20,2019-01-20,Approved,District Collectorate,8
APP-0003577,LG-000682,Land Acquisition Approval,2018-12-11,2019-02-17,Approved,District Collectorate,6
APP-0003578,LG-000682,Financial Approval,2018-10-13,2019-01-27,Approved,District Collectorate,4
APP-0003579,LG-000682,Government Notification,2018-11-06,2019-01-19,Approved,State Cabinet,4
APP-0003580,LG-000682,Administrative Approval,2018-11-08,2019-02-03,Approved,MoEFCC,14
APP-0003581,LG-000682,Environmental Clearance,2018-10-04,2018-11-25,Approved,Finance Ministry,6
APP-0003582,LG-000682,Land Acquisition Approval,2018-09-27,2018-12-03,Approved,State Cabinet,1
APP-0003583,LG-000683,Administrative Approval,2023-08-30,2023-11-08,Approved,Finance Ministry,8
APP-0003584,LG-000683,Environmental Clearance,2023-07-12,,In Review,MoEFCC,89
APP-0003585,LG-000683,Land Acquisition Approval,2023-08-06,,In Review,State Cabinet,38
APP-0003586,LG-000684,Administrative Approval,2023-02-01,2023-04-29,Approved,District Collectorate,10
APP-0003587,LG-000684,Environmental Clearance,2023-03-31,2023-06-26,Approved,District Collectorate,11
APP-0003588,LG-000684,Land Acquisition Approval,2023-04-01,2023-05-21,Approved,MoEFCC,1
APP-0003589,LG-000685,Administrative Approval,2024-08-17,2024-10-15,Approved,State Cabinet,7
APP-0003590,LG-000685,Environmental Clearance,2024-09-02,2024-11-10,Approved,District Collectorate,8
APP-0003591,LG-000685,Land Acquisition Approval,2024-07-14,2024-08-19,Approved,Finance Ministry,5
APP-0003592,LG-000685,Financial Approval,2024-07-25,2024-09-25,Approved,MoEFCC,8
APP-0003593,LG-000685,Government Notification,2024-07-29,2024-09-04,Approved,Finance Ministry,6
APP-0003594,LG-000685,Administrative Approval,2024-08-13,2024-11-01,Approved,State Cabinet,6
APP-0003595,LG-000685,Environmental Clearance,2024-06-30,,In Review,MoEFCC,108
APP-0003596,LG-000685,Land Acquisition Approval,2024-08-23,2024-11-17,Approved,District Collectorate,7
APP-0003597,LG-000686,Administrative Approval,2020-03-15,2020-06-07,Approved,Finance Ministry,15
APP-0003598,LG-000686,Environmental Clearance,2020-03-26,,Conditionally Approved,District Collectorate,76
APP-0003599,LG-000686,Land Acquisition Approval,2020-04-21,,Conditionally Approved,District Collectorate,67
APP-0003600,LG-000686,Financial Approval,2020-05-07,2020-08-19,Approved,District Collectorate,1
APP-0003601,LG-000686,Government Notification,2020-02-22,,In Review,MoEFCC,88
APP-0003602,LG-000686,Administrative Approval,2020-03-30,,Submitted,Finance Ministry,86
APP-0003603,LG-000686,Environmental Clearance,2020-05-14,2020-07-17,Approved,MoEFCC,1
APP-0003604,LG-000687,Administrative Approval,2023-06-05,2023-09-17,Approved,State Cabinet,9
APP-0003605,LG-000687,Environmental Clearance,2023-05-14,2023-08-28,Approved,State Cabinet,8
APP-0003606,LG-000687,Land Acquisition Approval,2023-05-21,2023-07-11,Approved,MoEFCC,11
APP-0003607,LG-000687,Financial Approval,2023-06-14,2023-10-06,Approved,MoEFCC,6
APP-0003608,LG-000687,Government Notification,2023-04-22,2023-06-28,Approved,District Collectorate,14
APP-0003609,LG-000687,Administrative Approval,2023-03-28,,Conditionally Approved,State Cabinet,128
APP-0003610,LG-000688,Administrative Approval,2022-06-08,,Submitted,State Cabinet,123
APP-0003611,LG-000688,Environmental Clearance,2022-07-28,,Submitted,State Cabinet,103
APP-0003612,LG-000688,Land Acquisition Approval,2022-06-25,,Submitted,State Cabinet,64
APP-0003613,LG-000688,Financial Approval,2022-06-29,2022-10-18,Approved,District Collectorate,9
APP-0003614,LG-000688,Government Notification,2022-06-15,,Conditionally Approved,MoEFCC,95
APP-0003615,LG-000688,Administrative Approval,2022-05-29,,Conditionally Approved,MoEFCC,129
APP-0003616,LG-000689,Administrative Approval,2024-04-09,2024-06-18,Approved,MoEFCC,7
APP-0003617,LG-000689,Environmental Clearance,2024-04-20,2024-06-01,Approved,MoEFCC,1
APP-0003618,LG-000689,Land Acquisition Approval,2024-04-21,2024-05-31,Approved,State Cabinet,14
APP-0003619,LG-000689,Financial Approval,2024-03-09,2024-06-26,Approved,MoEFCC,0
APP-0003620,LG-000689,Government Notification,2024-04-25,2024-05-28,Approved,District Collectorate,10
APP-0003621,LG-000689,Administrative Approval,2024-05-11,2024-08-17,Approved,District Collectorate,11
APP-0003622,LG-000690,Administrative Approval,2020-12-26,2021-02-20,Approved,MoEFCC,1
APP-0003623,LG-000690,Environmental Clearance,2020-10-02,2020-11-28,Approved,Finance Ministry,11
APP-0003624,LG-000690,Land Acquisition Approval,2020-10-28,2021-01-25,Approved,District Collectorate,1
APP-0003625,LG-000691,Administrative Approval,2023-09-10,2023-10-20,Approved,Finance Ministry,13
APP-0003626,LG-000691,Environmental Clearance,2023-08-21,2023-09-24,Approved,Finance Ministry,0
APP-0003627,LG-000691,Land Acquisition Approval,2023-08-29,2023-11-15,Approved,State Cabinet,11
APP-0003628,LG-000691,Financial Approval,2023-08-14,,Submitted,State Cabinet,111
APP-0003629,LG-000692,Administrative Approval,2021-02-06,,Conditionally Approved,State Cabinet,61
APP-0003630,LG-000692,Environmental Clearance,2020-12-31,,Conditionally Approved,District Collectorate,115
APP-0003631,LG-000692,Land Acquisition Approval,2020-12-09,2021-03-26,Approved,Finance Ministry,4
APP-0003632,LG-000693,Administrative Approval,2021-07-07,,Conditionally Approved,District Collectorate,64
APP-0003633,LG-000693,Environmental Clearance,2021-06-18,2021-10-06,Approved,MoEFCC,9
APP-0003634,LG-000693,Land Acquisition Approval,2021-07-06,2021-10-26,Approved,State Cabinet,1
APP-0003635,LG-000693,Financial Approval,2021-06-05,2021-09-06,Approved,State Cabinet,12
APP-0003636,LG-000693,Government Notification,2021-06-12,2021-07-24,Approved,Finance Ministry,11
APP-0003637,LG-000693,Administrative Approval,2021-06-10,,In Review,District Collectorate,59
APP-0003638,LG-000693,Environmental Clearance,2021-08-21,2021-09-22,Approved,MoEFCC,1
APP-0003639,LG-000693,Land Acquisition Approval,2021-08-30,2021-11-26,Approved,District Collectorate,11
APP-0003640,LG-000694,Administrative Approval,2020-09-23,2020-10-31,Approved,Finance Ministry,8
APP-0003641,LG-000694,Environmental Clearance,2020-10-20,2020-12-24,Approved,State Cabinet,2
APP-0003642,LG-000694,Land Acquisition Approval,2020-10-05,2021-01-01,Approved,Finance Ministry,10
APP-0003643,LG-000695,Administrative Approval,2018-12-01,2019-02-20,Approved,Finance Ministry,7
APP-0003644,LG-000695,Environmental Clearance,2018-11-20,2019-03-07,Approved,Finance Ministry,11
APP-0003645,LG-000695,Land Acquisition Approval,2018-11-06,,Conditionally Approved,Finance Ministry,120
APP-0003646,LG-000695,Financial Approval,2018-10-06,2018-11-13,Approved,Finance Ministry,7
APP-0003647,LG-000696,Administrative Approval,2020-01-13,2020-03-30,Approved,State Cabinet,10
APP-0003648,LG-000696,Environmental Clearance,2019-12-17,2020-03-10,Approved,District Collectorate,12
APP-0003649,LG-000696,Land Acquisition Approval,2020-03-09,2020-06-24,Approved,State Cabinet,11
APP-0003650,LG-000696,Financial Approval,2020-02-09,2020-04-25,Approved,MoEFCC,9
APP-0003651,LG-000696,Government Notification,2020-01-30,2020-05-09,Approved,Finance Ministry,2
APP-0003652,LG-000696,Administrative Approval,2019-12-15,2020-03-02,Approved,MoEFCC,12
APP-0003653,LG-000697,Administrative Approval,2024-11-16,2025-02-03,Approved,MoEFCC,0
APP-0003654,LG-000697,Environmental Clearance,2024-10-25,2025-01-26,Approved,District Collectorate,12
APP-0003655,LG-000697,Land Acquisition Approval,2024-10-17,2024-12-14,Approved,Finance Ministry,8
APP-0003656,LG-000697,Financial Approval,2024-10-16,2025-02-01,Approved,District Collectorate,12
APP-0003657,LG-000697,Government Notification,2024-11-11,2025-03-01,Approved,MoEFCC,7
APP-0003658,LG-000697,Administrative Approval,2024-12-19,2025-03-01,Approved,District Collectorate,1
APP-0003659,LG-000697,Environmental Clearance,2024-11-04,2024-12-29,Approved,Finance Ministry,9
APP-0003660,LG-000698,Administrative Approval,2022-06-06,2022-09-19,Approved,Finance Ministry,8
APP-0003661,LG-000698,Environmental Clearance,2022-05-01,,Conditionally Approved,State Cabinet,113
APP-0003662,LG-000698,Land Acquisition Approval,2022-03-15,2022-06-19,Approved,Finance Ministry,0
APP-0003663,LG-000698,Financial Approval,2022-04-20,2022-06-04,Approved,Finance Ministry,13
APP-0003664,LG-000698,Government Notification,2022-04-23,2022-06-04,Approved,State Cabinet,6
APP-0003665,LG-000698,Administrative Approval,2022-03-26,2022-07-19,Approved,State Cabinet,14
APP-0003666,LG-000698,Environmental Clearance,2022-04-01,2022-07-14,Approved,Finance Ministry,13
APP-0003667,LG-000698,Land Acquisition Approval,2022-06-02,2022-08-08,Approved,Finance Ministry,14
APP-0003668,LG-000699,Administrative Approval,2023-03-07,2023-06-27,Approved,State Cabinet,1
APP-0003669,LG-000699,Environmental Clearance,2023-03-01,2023-06-27,Approved,District Collectorate,9
APP-0003670,LG-000699,Land Acquisition Approval,2023-04-04,2023-07-23,Approved,State Cabinet,1
APP-0003671,LG-000699,Financial Approval,2023-04-25,2023-08-18,Approved,MoEFCC,10
APP-0003672,LG-000699,Government Notification,2023-02-10,,Conditionally Approved,Finance Ministry,124
APP-0003673,LG-000699,Administrative Approval,2023-03-18,2023-07-05,Approved,State Cabinet,8
APP-0003674,LG-000700,Administrative Approval,2024-01-21,2024-02-23,Approved,MoEFCC,4
APP-0003675,LG-000700,Environmental Clearance,2024-02-26,2024-03-28,Approved,District Collectorate,13
APP-0003676,LG-000700,Land Acquisition Approval,2024-02-03,,Submitted,MoEFCC,95
APP-0003677,LG-000701,Administrative Approval,2019-06-28,2019-08-24,Approved,Finance Ministry,4
APP-0003678,LG-000701,Environmental Clearance,2019-04-17,2019-05-27,Approved,District Collectorate,6
APP-0003679,LG-000701,Land Acquisition Approval,2019-05-21,2019-08-04,Approved,District Collectorate,5
APP-0003680,LG-000701,Financial Approval,2019-05-25,2019-09-01,Approved,Finance Ministry,6
APP-0003681,LG-000701,Government Notification,2019-06-08,2019-07-09,Approved,MoEFCC,14
APP-0003682,LG-000702,Administrative Approval,2021-01-06,,Conditionally Approved,Finance Ministry,105
APP-0003683,LG-000702,Environmental Clearance,2021-01-25,2021-02-28,Approved,MoEFCC,1
APP-0003684,LG-000702,Land Acquisition Approval,2021-01-14,2021-03-13,Approved,MoEFCC,10
APP-0003685,LG-000702,Financial Approval,2021-01-22,,Conditionally Approved,MoEFCC,129
APP-0003686,LG-000702,Government Notification,2020-11-15,2021-01-23,Approved,State Cabinet,8
APP-0003687,LG-000702,Administrative Approval,2021-02-06,2021-06-03,Approved,State Cabinet,0
APP-0003688,LG-000702,Environmental Clearance,2020-12-19,2021-04-13,Approved,State Cabinet,4
APP-0003689,LG-000703,Administrative Approval,2021-09-05,2021-11-26,Approved,State Cabinet,13
APP-0003690,LG-000703,Environmental Clearance,2021-09-23,,In Review,Finance Ministry,77
APP-0003691,LG-000703,Land Acquisition Approval,2021-09-02,,Conditionally Approved,Finance Ministry,59
APP-0003692,LG-000703,Financial Approval,2021-09-28,,Conditionally Approved,MoEFCC,140
APP-0003693,LG-000703,Government Notification,2021-09-13,2021-12-02,Approved,District Collectorate,4
APP-0003694,LG-000703,Administrative Approval,2021-09-28,,In Review,Finance Ministry,37
APP-0003695,LG-000703,Environmental Clearance,2021-08-25,,Submitted,MoEFCC,101
APP-0003696,LG-000703,Land Acquisition Approval,2021-10-08,,In Review,MoEFCC,89
APP-0003697,LG-000704,Administrative Approval,2020-08-05,2020-10-20,Approved,Finance Ministry,15
APP-0003698,LG-000704,Environmental Clearance,2020-07-02,2020-09-09,Approved,State Cabinet,0
APP-0003699,LG-000704,Land Acquisition Approval,2020-08-10,2020-11-01,Approved,District Collectorate,15
APP-0003700,LG-000704,Financial Approval,2020-09-14,,Conditionally Approved,Finance Ministry,105
APP-0003701,LG-000704,Government Notification,2020-07-07,2020-10-20,Approved,Finance Ministry,5
APP-0003702,LG-000704,Administrative Approval,2020-07-17,,Conditionally Approved,Finance Ministry,34
APP-0003703,LG-000704,Environmental Clearance,2020-08-04,,In Review,State Cabinet,73
APP-0003704,LG-000704,Land Acquisition Approval,2020-08-04,2020-10-10,Approved,State Cabinet,10
APP-0003705,LG-000705,Administrative Approval,2018-07-08,,Conditionally Approved,District Collectorate,70
APP-0003706,LG-000705,Environmental Clearance,2018-06-06,,Conditionally Approved,MoEFCC,33
APP-0003707,LG-000705,Land Acquisition Approval,2018-06-20,,In Review,District Collectorate,77
APP-0003708,LG-000705,Financial Approval,2018-07-18,2018-11-10,Approved,State Cabinet,13
APP-0003709,LG-000706,Administrative Approval,2025-02-01,2025-03-18,Approved,District Collectorate,1
APP-0003710,LG-000706,Environmental Clearance,2024-11-29,,Submitted,MoEFCC,104
APP-0003711,LG-000706,Land Acquisition Approval,2024-11-27,,Conditionally Approved,Finance Ministry,41
APP-0003712,LG-000706,Financial Approval,2024-11-21,2025-01-28,Approved,State Cabinet,14
APP-0003713,LG-000706,Government Notification,2024-11-25,,Submitted,District Collectorate,149
APP-0003714,LG-000707,Administrative Approval,2023-01-12,,Conditionally Approved,Finance Ministry,89
APP-0003715,LG-000707,Environmental Clearance,2023-02-13,2023-05-27,Approved,Finance Ministry,6
APP-0003716,LG-000707,Land Acquisition Approval,2023-03-20,,In Review,Finance Ministry,141
APP-0003717,LG-000707,Financial Approval,2023-03-04,2023-04-26,Approved,State Cabinet,10
APP-0003718,LG-000707,Government Notification,2023-01-08,2023-02-18,Approved,Finance Ministry,14
APP-0003719,LG-000708,Administrative Approval,2021-12-21,2022-02-16,Approved,MoEFCC,12
APP-0003720,LG-000708,Environmental Clearance,2022-01-18,2022-03-17,Approved,MoEFCC,4
APP-0003721,LG-000708,Land Acquisition Approval,2021-12-30,2022-03-12,Approved,District Collectorate,3
APP-0003722,LG-000709,Administrative Approval,2018-09-12,2018-12-30,Approved,MoEFCC,15
APP-0003723,LG-000709,Environmental Clearance,2018-08-29,2018-12-15,Approved,MoEFCC,9
APP-0003724,LG-000709,Land Acquisition Approval,2018-08-30,2018-10-12,Approved,State Cabinet,12
APP-0003725,LG-000709,Financial Approval,2018-09-23,2019-01-09,Approved,MoEFCC,5
APP-0003726,LG-000710,Administrative Approval,2018-04-04,,Conditionally Approved,State Cabinet,91
APP-0003727,LG-000710,Environmental Clearance,2018-04-06,2018-06-21,Approved,MoEFCC,6
APP-0003728,LG-000710,Land Acquisition Approval,2018-03-05,2018-04-17,Approved,MoEFCC,5
APP-0003729,LG-000710,Financial Approval,2018-03-23,2018-07-02,Approved,MoEFCC,0
APP-0003730,LG-000710,Government Notification,2018-03-13,,Submitted,State Cabinet,61
APP-0003731,LG-000711,Administrative Approval,2019-08-25,2019-10-21,Approved,MoEFCC,13
APP-0003732,LG-000711,Environmental Clearance,2019-10-13,2019-12-08,Approved,State Cabinet,1
APP-0003733,LG-000711,Land Acquisition Approval,2019-08-31,2019-11-14,Approved,District Collectorate,12
APP-0003734,LG-000711,Financial Approval,2019-10-09,2019-12-29,Approved,District Collectorate,10
APP-0003735,LG-000711,Government Notification,2019-08-17,2019-09-21,Approved,Finance Ministry,14
APP-0003736,LG-000712,Administrative Approval,2019-04-12,,Conditionally Approved,State Cabinet,131
APP-0003737,LG-000712,Environmental Clearance,2019-04-07,2019-08-03,Approved,State Cabinet,3
APP-0003738,LG-000712,Land Acquisition Approval,2019-05-14,2019-07-23,Approved,District Collectorate,3
APP-0003739,LG-000712,Financial Approval,2019-05-03,,In Review,MoEFCC,138
APP-0003740,LG-000713,Administrative Approval,2023-10-23,,Submitted,State Cabinet,63
APP-0003741,LG-000713,Environmental Clearance,2023-08-20,,Conditionally Approved,MoEFCC,109
APP-0003742,LG-000713,Land Acquisition Approval,2023-10-05,,Submitted,District Collectorate,72
APP-0003743,LG-000713,Financial Approval,2023-09-16,2023-12-24,Approved,Finance Ministry,6
APP-0003744,LG-000713,Government Notification,2023-09-04,,In Review,Finance Ministry,131
APP-0003745,LG-000713,Administrative Approval,2023-10-11,,Conditionally Approved,State Cabinet,79
APP-0003746,LG-000713,Environmental Clearance,2023-09-25,,In Review,District Collectorate,90
APP-0003747,LG-000713,Land Acquisition Approval,2023-10-18,,Submitted,Finance Ministry,82
APP-0003748,LG-000714,Administrative Approval,2023-02-04,2023-05-02,Approved,Finance Ministry,12
APP-0003749,LG-000714,Environmental Clearance,2023-01-29,,Conditionally Approved,MoEFCC,41
APP-0003750,LG-000714,Land Acquisition Approval,2023-01-21,,Conditionally Approved,Finance Ministry,37
APP-0003751,LG-000714,Financial Approval,2023-03-11,2023-07-08,Approved,Finance Ministry,7
APP-0003752,LG-000714,Government Notification,2023-02-12,2023-03-16,Approved,Finance Ministry,3
APP-0003753,LG-000714,Administrative Approval,2022-12-26,2023-02-20,Approved,District Collectorate,14
APP-0003754,LG-000714,Environmental Clearance,2023-01-05,2023-03-03,Approved,MoEFCC,7
APP-0003755,LG-000714,Land Acquisition Approval,2023-02-08,2023-03-14,Approved,MoEFCC,12
APP-0003756,LG-000715,Administrative Approval,2020-05-08,,Conditionally Approved,State Cabinet,125
APP-0003757,LG-000715,Environmental Clearance,2020-05-22,,Submitted,Finance Ministry,104
APP-0003758,LG-000715,Land Acquisition Approval,2020-04-16,,In Review,District Collectorate,56
APP-0003759,LG-000715,Financial Approval,2020-04-06,2020-06-14,Approved,Finance Ministry,13
APP-0003760,LG-000715,Government Notification,2020-03-27,2020-06-29,Approved,State Cabinet,2
APP-0003761,LG-000716,Administrative Approval,2019-02-17,2019-04-21,Approved,District Collectorate,9
APP-0003762,LG-000716,Environmental Clearance,2019-01-21,,Submitted,Finance Ministry,147
APP-0003763,LG-000716,Land Acquisition Approval,2019-03-31,2019-07-23,Approved,District Collectorate,1
APP-0003764,LG-000716,Financial Approval,2019-03-23,,In Review,Finance Ministry,51
APP-0003765,LG-000717,Administrative Approval,2018-03-27,2018-06-26,Approved,Finance Ministry,14
APP-0003766,LG-000717,Environmental Clearance,2018-04-30,2018-07-03,Approved,State Cabinet,1
APP-0003767,LG-000717,Land Acquisition Approval,2018-03-24,2018-07-18,Approved,Finance Ministry,14
APP-0003768,LG-000717,Financial Approval,2018-02-17,,Submitted,State Cabinet,100
APP-0003769,LG-000717,Government Notification,2018-04-13,2018-05-21,Approved,MoEFCC,14
APP-0003770,LG-000717,Administrative Approval,2018-04-02,,In Review,Finance Ministry,60
APP-0003771,LG-000717,Environmental Clearance,2018-03-30,2018-06-12,Approved,State Cabinet,5
APP-0003772,LG-000718,Administrative Approval,2018-07-23,,Conditionally Approved,Finance Ministry,136
APP-0003773,LG-000718,Environmental Clearance,2018-07-13,2018-09-07,Approved,District Collectorate,2
APP-0003774,LG-000718,Land Acquisition Approval,2018-08-01,,Conditionally Approved,District Collectorate,149
APP-0003775,LG-000718,Financial Approval,2018-07-31,,Conditionally Approved,State Cabinet,79
APP-0003776,LG-000718,Government Notification,2018-07-14,2018-09-14,Approved,District Collectorate,10
APP-0003777,LG-000719,Administrative Approval,2021-06-26,,Conditionally Approved,State Cabinet,43
APP-0003778,LG-000719,Environmental Clearance,2021-06-24,2021-10-22,Approved,State Cabinet,5
APP-0003779,LG-000719,Land Acquisition Approval,2021-07-17,,Submitted,State Cabinet,60
APP-0003780,LG-000719,Financial Approval,2021-06-09,2021-10-01,Approved,District Collectorate,7
APP-0003781,LG-000720,Administrative Approval,2024-07-16,,In Review,District Collectorate,57
APP-0003782,LG-000720,Environmental Clearance,2024-07-16,,Submitted,Finance Ministry,74
APP-0003783,LG-000720,Land Acquisition Approval,2024-08-26,2024-10-24,Approved,State Cabinet,13
APP-0003784,LG-000720,Financial Approval,2024-06-01,,Conditionally Approved,State Cabinet,59
APP-0003785,LG-000721,Administrative Approval,2025-01-01,,In Review,MoEFCC,133
APP-0003786,LG-000721,Environmental Clearance,2025-01-09,2025-03-21,Approved,MoEFCC,12
APP-0003787,LG-000721,Land Acquisition Approval,2024-10-31,,In Review,State Cabinet,117
APP-0003788,LG-000721,Financial Approval,2024-12-28,2025-03-27,Approved,Finance Ministry,3
APP-0003789,LG-000721,Government Notification,2024-12-12,2025-02-03,Approved,Finance Ministry,14
APP-0003790,LG-000721,Administrative Approval,2024-11-05,2024-12-07,Approved,District Collectorate,8
APP-0003791,LG-000721,Environmental Clearance,2025-01-11,2025-03-22,Approved,MoEFCC,7
APP-0003792,LG-000722,Administrative Approval,2023-10-05,,In Review,District Collectorate,64
APP-0003793,LG-000722,Environmental Clearance,2023-08-06,2023-10-31,Approved,MoEFCC,0
APP-0003794,LG-000722,Land Acquisition Approval,2023-10-08,,In Review,Finance Ministry,97
APP-0003795,LG-000722,Financial Approval,2023-09-05,2023-10-16,Approved,State Cabinet,10
APP-0003796,LG-000722,Government Notification,2023-10-04,,In Review,MoEFCC,109
APP-0003797,LG-000722,Administrative Approval,2023-07-27,2023-11-07,Approved,Finance Ministry,5
APP-0003798,LG-000722,Environmental Clearance,2023-08-17,2023-09-22,Approved,State Cabinet,1
APP-0003799,LG-000723,Administrative Approval,2018-12-10,2019-03-28,Approved,District Collectorate,3
APP-0003800,LG-000723,Environmental Clearance,2019-02-26,2019-05-06,Approved,Finance Ministry,14
APP-0003801,LG-000723,Land Acquisition Approval,2019-01-06,,Conditionally Approved,Finance Ministry,95
APP-0003802,LG-000723,Financial Approval,2019-01-12,2019-05-08,Approved,Finance Ministry,1
APP-0003803,LG-000723,Government Notification,2019-02-02,2019-03-25,Approved,Finance Ministry,7
APP-0003804,LG-000723,Administrative Approval,2018-12-09,2019-03-23,Approved,Finance Ministry,9
APP-0003805,LG-000723,Environmental Clearance,2018-12-19,2019-03-04,Approved,MoEFCC,9
APP-0003806,LG-000724,Administrative Approval,2022-08-16,2022-10-02,Approved,State Cabinet,3
APP-0003807,LG-000724,Environmental Clearance,2022-08-08,2022-09-27,Approved,District Collectorate,3
APP-0003808,LG-000724,Land Acquisition Approval,2022-08-04,2022-11-07,Approved,Finance Ministry,10
APP-0003809,LG-000724,Financial Approval,2022-06-23,2022-10-16,Approved,State Cabinet,4
APP-0003810,LG-000724,Government Notification,2022-07-22,2022-10-12,Approved,State Cabinet,6
APP-0003811,LG-000724,Administrative Approval,2022-06-10,2022-08-29,Approved,Finance Ministry,15
APP-0003812,LG-000724,Environmental Clearance,2022-06-12,2022-09-20,Approved,Finance Ministry,2
APP-0003813,LG-000725,Administrative Approval,2021-06-01,2021-07-21,Approved,MoEFCC,14
APP-0003814,LG-000725,Environmental Clearance,2021-07-23,2021-08-29,Approved,MoEFCC,13
APP-0003815,LG-000725,Land Acquisition Approval,2021-07-20,,Conditionally Approved,District Collectorate,103
APP-0003816,LG-000725,Financial Approval,2021-07-28,,In Review,Finance Ministry,111
APP-0003817,LG-000725,Government Notification,2021-07-28,,Conditionally Approved,District Collectorate,42
APP-0003818,LG-000725,Administrative Approval,2021-08-02,,In Review,Finance Ministry,56
APP-0003819,LG-000726,Administrative Approval,2020-06-07,2020-09-25,Approved,State Cabinet,8
APP-0003820,LG-000726,Environmental Clearance,2020-05-28,2020-07-06,Approved,State Cabinet,7
APP-0003821,LG-000726,Land Acquisition Approval,2020-08-01,2020-10-02,Approved,MoEFCC,12
APP-0003822,LG-000726,Financial Approval,2020-06-21,2020-08-21,Approved,Finance Ministry,8
APP-0003823,LG-000726,Government Notification,2020-07-25,,Submitted,District Collectorate,127
APP-0003824,LG-000726,Administrative Approval,2020-06-05,2020-07-19,Approved,Finance Ministry,14
APP-0003825,LG-000727,Administrative Approval,2022-02-21,,In Review,MoEFCC,81
APP-0003826,LG-000727,Environmental Clearance,2022-04-11,2022-07-29,Approved,State Cabinet,14
APP-0003827,LG-000727,Land Acquisition Approval,2022-03-18,2022-05-28,Approved,MoEFCC,11
APP-0003828,LG-000727,Financial Approval,2022-03-06,2022-06-20,Approved,State Cabinet,2
APP-0003829,LG-000727,Government Notification,2022-04-13,,Submitted,MoEFCC,113
APP-0003830,LG-000727,Administrative Approval,2022-04-09,,In Review,Finance Ministry,144
APP-0003831,LG-000728,Administrative Approval,2020-09-22,2020-12-30,Approved,State Cabinet,10
APP-0003832,LG-000728,Environmental Clearance,2020-07-30,2020-09-24,Approved,State Cabinet,7
APP-0003833,LG-000728,Land Acquisition Approval,2020-08-17,2020-10-01,Approved,MoEFCC,2
APP-0003834,LG-000728,Financial Approval,2020-09-26,2021-01-18,Approved,District Collectorate,15
APP-0003835,LG-000728,Government Notification,2020-09-01,2020-10-04,Approved,Finance Ministry,14
APP-0003836,LG-000729,Administrative Approval,2019-02-02,2019-04-20,Approved,Finance Ministry,11
APP-0003837,LG-000729,Environmental Clearance,2019-01-07,2019-04-22,Approved,District Collectorate,8
APP-0003838,LG-000729,Land Acquisition Approval,2019-02-17,2019-05-31,Approved,State Cabinet,9
APP-0003839,LG-000729,Financial Approval,2019-02-22,2019-04-24,Approved,Finance Ministry,6
APP-0003840,LG-000730,Administrative Approval,2021-12-11,2022-02-04,Approved,District Collectorate,14
APP-0003841,LG-000730,Environmental Clearance,2021-12-31,2022-02-09,Approved,Finance Ministry,2
APP-0003842,LG-000730,Land Acquisition Approval,2022-01-27,2022-02-27,Approved,District Collectorate,3
APP-0003843,LG-000730,Financial Approval,2022-01-09,2022-04-26,Approved,District Collectorate,10
APP-0003844,LG-000730,Government Notification,2022-01-06,2022-03-04,Approved,Finance Ministry,0
APP-0003845,LG-000731,Administrative Approval,2022-03-30,2022-06-04,Approved,District Collectorate,11
APP-0003846,LG-000731,Environmental Clearance,2022-03-23,2022-05-02,Approved,MoEFCC,7
APP-0003847,LG-000731,Land Acquisition Approval,2022-05-06,2022-07-10,Approved,MoEFCC,3
APP-0003848,LG-000731,Financial Approval,2022-04-24,,Conditionally Approved,MoEFCC,55
APP-0003849,LG-000731,Government Notification,2022-05-23,,In Review,MoEFCC,118
APP-0003850,LG-000732,Administrative Approval,2019-06-25,2019-08-22,Approved,Finance Ministry,14
APP-0003851,LG-000732,Environmental Clearance,2019-05-21,,Conditionally Approved,Finance Ministry,108
APP-0003852,LG-000732,Land Acquisition Approval,2019-06-24,2019-10-11,Approved,District Collectorate,1
APP-0003853,LG-000732,Financial Approval,2019-05-07,2019-07-06,Approved,Finance Ministry,13
APP-0003854,LG-000732,Government Notification,2019-04-08,2019-05-13,Approved,District Collectorate,6
APP-0003855,LG-000732,Administrative Approval,2019-04-04,2019-05-24,Approved,District Collectorate,9
APP-0003856,LG-000732,Environmental Clearance,2019-06-21,2019-07-29,Approved,Finance Ministry,5
APP-0003857,LG-000732,Land Acquisition Approval,2019-06-10,2019-09-12,Approved,State Cabinet,15
APP-0003858,LG-000733,Administrative Approval,2023-04-19,,Conditionally Approved,MoEFCC,137
APP-0003859,LG-000733,Environmental Clearance,2023-05-19,,In Review,Finance Ministry,140
APP-0003860,LG-000733,Land Acquisition Approval,2023-06-19,,Conditionally Approved,MoEFCC,120
APP-0003861,LG-000733,Financial Approval,2023-05-22,,Submitted,State Cabinet,119
APP-0003862,LG-000733,Government Notification,2023-06-26,2023-09-09,Approved,State Cabinet,3
APP-0003863,LG-000734,Administrative Approval,2022-10-13,,In Review,Finance Ministry,140
APP-0003864,LG-000734,Environmental Clearance,2022-11-05,2023-02-18,Approved,State Cabinet,9
APP-0003865,LG-000734,Land Acquisition Approval,2022-10-13,,Conditionally Approved,Finance Ministry,115
APP-0003866,LG-000734,Financial Approval,2022-10-15,2023-02-03,Approved,Finance Ministry,4
APP-0003867,LG-000735,Administrative Approval,2023-12-02,2024-03-29,Approved,Finance Ministry,3
APP-0003868,LG-000735,Environmental Clearance,2023-10-17,2024-02-11,Approved,State Cabinet,1
APP-0003869,LG-000735,Land Acquisition Approval,2023-10-19,,Submitted,District Collectorate,79
APP-0003870,LG-000736,Administrative Approval,2019-11-16,2020-01-19,Approved,Finance Ministry,1
APP-0003871,LG-000736,Environmental Clearance,2019-08-26,2019-11-10,Approved,MoEFCC,12
APP-0003872,LG-000736,Land Acquisition Approval,2019-09-21,,Submitted,District Collectorate,100
APP-0003873,LG-000736,Financial Approval,2019-11-24,2020-01-31,Approved,MoEFCC,14
APP-0003874,LG-000736,Government Notification,2019-10-30,2019-12-13,Approved,District Collectorate,2
APP-0003875,LG-000736,Administrative Approval,2019-09-09,2019-11-12,Approved,Finance Ministry,12
APP-0003876,LG-000736,Environmental Clearance,2019-09-17,2019-11-16,Approved,MoEFCC,13
APP-0003877,LG-000737,Administrative Approval,2019-10-02,2020-01-14,Approved,Finance Ministry,3
APP-0003878,LG-000737,Environmental Clearance,2019-10-30,,Conditionally Approved,District Collectorate,60
APP-0003879,LG-000737,Land Acquisition Approval,2019-10-09,2019-12-31,Approved,Finance Ministry,0
APP-0003880,LG-000737,Financial Approval,2019-11-18,2020-01-31,Approved,State Cabinet,10
APP-0003881,LG-000737,Government Notification,2019-10-13,2019-12-14,Approved,State Cabinet,1
APP-0003882,LG-000738,Administrative Approval,2023-03-27,,Submitted,Finance Ministry,117
APP-0003883,LG-000738,Environmental Clearance,2023-01-31,,Submitted,Finance Ministry,45
APP-0003884,LG-000738,Land Acquisition Approval,2023-03-26,,Submitted,District Collectorate,95
APP-0003885,LG-000738,Financial Approval,2023-01-25,2023-03-30,Approved,District Collectorate,13
APP-0003886,LG-000738,Government Notification,2023-03-03,,Submitted,MoEFCC,53
APP-0003887,LG-000738,Administrative Approval,2023-03-27,,Conditionally Approved,State Cabinet,80
APP-0003888,LG-000738,Environmental Clearance,2023-04-03,2023-07-19,Approved,State Cabinet,6
APP-0003889,LG-000739,Administrative Approval,2019-11-27,,Submitted,District Collectorate,121
APP-0003890,LG-000739,Environmental Clearance,2019-11-08,,Conditionally Approved,Finance Ministry,50
APP-0003891,LG-000739,Land Acquisition Approval,2019-10-07,2020-01-03,Approved,Finance Ministry,7
APP-0003892,LG-000739,Financial Approval,2019-11-10,2020-01-04,Approved,District Collectorate,14
APP-0003893,LG-000739,Government Notification,2019-12-30,2020-02-29,Approved,Finance Ministry,14
APP-0003894,LG-000739,Administrative Approval,2019-12-08,,Conditionally Approved,District Collectorate,68
APP-0003895,LG-000739,Environmental Clearance,2019-10-09,,Conditionally Approved,Finance Ministry,44
APP-0003896,LG-000739,Land Acquisition Approval,2019-11-09,2020-01-03,Approved,MoEFCC,12
APP-0003897,LG-000740,Administrative Approval,2022-05-19,,In Review,State Cabinet,91
APP-0003898,LG-000740,Environmental Clearance,2022-03-29,2022-07-23,Approved,MoEFCC,11
APP-0003899,LG-000740,Land Acquisition Approval,2022-05-26,,Conditionally Approved,Finance Ministry,97
APP-0003900,LG-000740,Financial Approval,2022-04-30,2022-06-16,Approved,MoEFCC,5
APP-0003901,LG-000740,Government Notification,2022-03-28,2022-05-13,Approved,District Collectorate,1
APP-0003902,LG-000741,Administrative Approval,2023-03-05,2023-07-02,Approved,State Cabinet,7
APP-0003903,LG-000741,Environmental Clearance,2023-02-18,,Submitted,MoEFCC,133
APP-0003904,LG-000741,Land Acquisition Approval,2023-01-10,,In Review,MoEFCC,150
APP-0003905,LG-000742,Administrative Approval,2018-09-03,,Conditionally Approved,District Collectorate,129
APP-0003906,LG-000742,Environmental Clearance,2018-11-13,2019-01-13,Approved,State Cabinet,3
APP-0003907,LG-000742,Land Acquisition Approval,2018-08-26,2018-09-25,Approved,State Cabinet,13
APP-0003908,LG-000742,Financial Approval,2018-11-12,2019-02-17,Approved,District Collectorate,9
APP-0003909,LG-000742,Government Notification,2018-09-15,2018-12-08,Approved,MoEFCC,11
APP-0003910,LG-000743,Administrative Approval,2021-06-16,2021-07-16,Approved,Finance Ministry,9
APP-0003911,LG-000743,Environmental Clearance,2021-07-30,2021-10-21,Approved,State Cabinet,8
APP-0003912,LG-000743,Land Acquisition Approval,2021-08-02,2021-09-03,Approved,Finance Ministry,10
APP-0003913,LG-000744,Administrative Approval,2021-08-25,,Conditionally Approved,District Collectorate,56
APP-0003914,LG-000744,Environmental Clearance,2021-07-09,,Conditionally Approved,Finance Ministry,102
APP-0003915,LG-000744,Land Acquisition Approval,2021-09-07,,In Review,Finance Ministry,127
APP-0003916,LG-000744,Financial Approval,2021-09-21,,Submitted,District Collectorate,94
APP-0003917,LG-000744,Government Notification,2021-07-06,2021-09-24,Approved,State Cabinet,4
APP-0003918,LG-000744,Administrative Approval,2021-06-25,2021-08-05,Approved,MoEFCC,3
APP-0003919,LG-000744,Environmental Clearance,2021-08-08,,Conditionally Approved,State Cabinet,114
APP-0003920,LG-000744,Land Acquisition Approval,2021-08-18,2021-10-07,Approved,Finance Ministry,1
APP-0003921,LG-000745,Administrative Approval,2018-03-09,2018-07-03,Approved,District Collectorate,7
APP-0003922,LG-000745,Environmental Clearance,2018-04-13,2018-06-01,Approved,Finance Ministry,8
APP-0003923,LG-000745,Land Acquisition Approval,2018-01-25,2018-05-14,Approved,Finance Ministry,1
APP-0003924,LG-000746,Administrative Approval,2020-09-14,2020-10-21,Approved,MoEFCC,7
APP-0003925,LG-000746,Environmental Clearance,2020-09-11,,Submitted,District Collectorate,109
APP-0003926,LG-000746,Land Acquisition Approval,2020-09-13,2020-11-24,Approved,District Collectorate,10
APP-0003927,LG-000746,Financial Approval,2020-09-25,2020-11-02,Approved,Finance Ministry,3
APP-0003928,LG-000746,Government Notification,2020-07-27,,Conditionally Approved,Finance Ministry,77
APP-0003929,LG-000746,Administrative Approval,2020-08-29,,In Review,State Cabinet,54
APP-0003930,LG-000746,Environmental Clearance,2020-08-08,,Conditionally Approved,Finance Ministry,78
APP-0003931,LG-000746,Land Acquisition Approval,2020-08-16,,Conditionally Approved,State Cabinet,148
APP-0003932,LG-000747,Administrative Approval,2023-01-07,,In Review,District Collectorate,59
APP-0003933,LG-000747,Environmental Clearance,2023-01-10,2023-04-24,Approved,MoEFCC,14
APP-0003934,LG-000747,Land Acquisition Approval,2022-11-24,2022-12-31,Approved,Finance Ministry,14
APP-0003935,LG-000747,Financial Approval,2022-11-01,2022-12-01,Approved,State Cabinet,15
APP-0003936,LG-000747,Government Notification,2022-12-10,2023-03-23,Approved,MoEFCC,4
APP-0003937,LG-000747,Administrative Approval,2022-11-09,2023-02-11,Approved,District Collectorate,13
APP-0003938,LG-000747,Environmental Clearance,2023-01-14,2023-03-19,Approved,District Collectorate,15
APP-0003939,LG-000747,Land Acquisition Approval,2022-10-29,,In Review,District Collectorate,122
APP-0003940,LG-000748,Administrative Approval,2024-05-13,2024-08-09,Approved,MoEFCC,7
APP-0003941,LG-000748,Environmental Clearance,2024-05-24,,In Review,District Collectorate,150
APP-0003942,LG-000748,Land Acquisition Approval,2024-05-31,2024-09-08,Approved,State Cabinet,9
APP-0003943,LG-000748,Financial Approval,2024-05-17,,Conditionally Approved,State Cabinet,94
APP-0003944,LG-000748,Government Notification,2024-05-15,2024-09-03,Approved,MoEFCC,5
APP-0003945,LG-000748,Administrative Approval,2024-07-27,,Submitted,District Collectorate,100
APP-0003946,LG-000749,Administrative Approval,2020-08-13,,Submitted,District Collectorate,138
APP-0003947,LG-000749,Environmental Clearance,2020-07-26,,Submitted,Finance Ministry,99
APP-0003948,LG-000749,Land Acquisition Approval,2020-07-23,2020-11-16,Approved,District Collectorate,0
APP-0003949,LG-000749,Financial Approval,2020-06-26,2020-09-24,Approved,State Cabinet,0
APP-0003950,LG-000749,Government Notification,2020-08-09,2020-10-29,Approved,Finance Ministry,4
APP-0003951,LG-000749,Administrative Approval,2020-07-25,2020-08-30,Approved,MoEFCC,2
APP-0003952,LG-000749,Environmental Clearance,2020-08-19,2020-10-30,Approved,MoEFCC,0
APP-0003953,LG-000749,Land Acquisition Approval,2020-07-18,2020-09-21,Approved,District Collectorate,2
APP-0003954,LG-000750,Administrative Approval,2020-03-06,,Submitted,Finance Ministry,143
APP-0003955,LG-000750,Environmental Clearance,2020-03-08,2020-05-16,Approved,State Cabinet,9
APP-0003956,LG-000750,Land Acquisition Approval,2020-01-19,2020-04-20,Approved,State Cabinet,13
APP-0003957,LG-000750,Financial Approval,2020-02-14,2020-03-23,Approved,State Cabinet,15
APP-0003958,LG-000751,Administrative Approval,2023-01-25,2023-04-16,Approved,District Collectorate,2
APP-0003959,LG-000751,Environmental Clearance,2023-01-26,2023-03-05,Approved,MoEFCC,8
APP-0003960,LG-000751,Land Acquisition Approval,2023-01-29,2023-03-14,Approved,District Collectorate,3
APP-0003961,LG-000751,Financial Approval,2023-01-29,2023-04-16,Approved,Finance Ministry,2
APP-0003962,LG-000751,Government Notification,2023-02-21,,Submitted,Finance Ministry,139
APP-0003963,LG-000751,Administrative Approval,2023-03-17,2023-05-21,Approved,Finance Ministry,5
APP-0003964,LG-000752,Administrative Approval,2019-07-30,,In Review,State Cabinet,123
APP-0003965,LG-000752,Environmental Clearance,2019-07-05,,Submitted,District Collectorate,78
APP-0003966,LG-000752,Land Acquisition Approval,2019-06-02,2019-08-23,Approved,State Cabinet,10
APP-0003967,LG-000752,Financial Approval,2019-07-05,2019-08-20,Approved,Finance Ministry,0
APP-0003968,LG-000752,Government Notification,2019-08-24,2019-12-12,Approved,State Cabinet,6
APP-0003969,LG-000752,Administrative Approval,2019-06-18,,Conditionally Approved,Finance Ministry,64
APP-0003970,LG-000753,Administrative Approval,2019-01-09,2019-04-08,Approved,MoEFCC,8
APP-0003971,LG-000753,Environmental Clearance,2019-01-03,,In Review,Finance Ministry,74
APP-0003972,LG-000753,Land Acquisition Approval,2018-12-04,2019-02-01,Approved,Finance Ministry,5
APP-0003973,LG-000753,Financial Approval,2019-01-09,2019-02-23,Approved,MoEFCC,7
APP-0003974,LG-000753,Government Notification,2019-01-16,,Submitted,MoEFCC,75
APP-0003975,LG-000753,Administrative Approval,2019-02-12,,Conditionally Approved,State Cabinet,66
APP-0003976,LG-000753,Environmental Clearance,2018-11-28,,Submitted,District Collectorate,78
APP-0003977,LG-000754,Administrative Approval,2019-08-25,2019-10-23,Approved,State Cabinet,9
APP-0003978,LG-000754,Environmental Clearance,2019-10-02,,Conditionally Approved,State Cabinet,51
APP-0003979,LG-000754,Land Acquisition Approval,2019-11-02,2020-02-03,Approved,MoEFCC,9
APP-0003980,LG-000754,Financial Approval,2019-10-16,2020-01-28,Approved,District Collectorate,6
APP-0003981,LG-000754,Government Notification,2019-09-16,2020-01-02,Approved,State Cabinet,6
APP-0003982,LG-000754,Administrative Approval,2019-10-18,2019-12-26,Approved,District Collectorate,5
APP-0003983,LG-000754,Environmental Clearance,2019-09-01,2019-11-11,Approved,Finance Ministry,3
APP-0003984,LG-000755,Administrative Approval,2020-07-25,2020-10-11,Approved,State Cabinet,0
APP-0003985,LG-000755,Environmental Clearance,2020-07-24,2020-10-24,Approved,MoEFCC,10
APP-0003986,LG-000755,Land Acquisition Approval,2020-08-07,,In Review,MoEFCC,68
APP-0003987,LG-000755,Financial Approval,2020-07-29,,Conditionally Approved,State Cabinet,135
APP-0003988,LG-000755,Government Notification,2020-09-26,,Conditionally Approved,District Collectorate,127
APP-0003989,LG-000755,Administrative Approval,2020-07-12,,In Review,MoEFCC,111
APP-0003990,LG-000756,Administrative Approval,2022-06-07,2022-08-13,Approved,State Cabinet,5
APP-0003991,LG-000756,Environmental Clearance,2022-06-11,2022-09-28,Approved,State Cabinet,5
APP-0003992,LG-000756,Land Acquisition Approval,2022-07-06,2022-08-30,Approved,District Collectorate,3
APP-0003993,LG-000756,Financial Approval,2022-07-18,2022-10-11,Approved,State Cabinet,0
APP-0003994,LG-000756,Government Notification,2022-06-22,,Submitted,Finance Ministry,52
APP-0003995,LG-000756,Administrative Approval,2022-06-04,2022-07-14,Approved,State Cabinet,6
APP-0003996,LG-000756,Environmental Clearance,2022-06-04,,Submitted,Finance Ministry,49
APP-0003997,LG-000756,Land Acquisition Approval,2022-07-20,,Submitted,MoEFCC,31
APP-0003998,LG-000757,Administrative Approval,2020-12-04,2021-02-25,Approved,State Cabinet,8
APP-0003999,LG-000757,Environmental Clearance,2020-10-25,,Conditionally Approved,Finance Ministry,43
APP-0004000,LG-000757,Land Acquisition Approval,2020-11-21,,In Review,District Collectorate,49
APP-0004001,LG-000757,Financial Approval,2020-12-16,,In Review,Finance Ministry,121
APP-0004002,LG-000757,Government Notification,2020-12-23,,Conditionally Approved,District Collectorate,96
APP-0004003,LG-000757,Administrative Approval,2020-10-27,2021-01-12,Approved,State Cabinet,5
APP-0004004,LG-000758,Administrative Approval,2022-04-15,,In Review,State Cabinet,34
APP-0004005,LG-000758,Environmental Clearance,2022-05-05,2022-07-20,Approved,MoEFCC,5
APP-0004006,LG-000758,Land Acquisition Approval,2022-03-23,2022-06-29,Approved,State Cabinet,8
APP-0004007,LG-000758,Financial Approval,2022-04-28,2022-05-29,Approved,MoEFCC,7
APP-0004008,LG-000758,Government Notification,2022-02-28,2022-05-30,Approved,State Cabinet,7
APP-0004009,LG-000758,Administrative Approval,2022-04-03,2022-07-24,Approved,State Cabinet,11
APP-0004010,LG-000758,Environmental Clearance,2022-02-22,2022-04-05,Approved,District Collectorate,6
APP-0004011,LG-000759,Administrative Approval,2018-11-22,2019-03-08,Approved,MoEFCC,4
APP-0004012,LG-000759,Environmental Clearance,2018-11-09,2019-02-04,Approved,District Collectorate,2
APP-0004013,LG-000759,Land Acquisition Approval,2018-11-24,,Conditionally Approved,District Collectorate,31
APP-0004014,LG-000759,Financial Approval,2018-11-18,2019-01-08,Approved,State Cabinet,3
APP-0004015,LG-000759,Government Notification,2018-11-07,2019-02-11,Approved,District Collectorate,7
APP-0004016,LG-000759,Administrative Approval,2018-10-22,,Conditionally Approved,State Cabinet,44
APP-0004017,LG-000759,Environmental Clearance,2018-09-09,2018-11-02,Approved,Finance Ministry,15
APP-0004018,LG-000759,Land Acquisition Approval,2018-09-21,2018-12-07,Approved,MoEFCC,12
APP-0004019,LG-000760,Administrative Approval,2021-11-06,,In Review,District Collectorate,92
APP-0004020,LG-000760,Environmental Clearance,2021-10-09,,Submitted,Finance Ministry,141
APP-0004021,LG-000760,Land Acquisition Approval,2021-12-17,,In Review,State Cabinet,68
APP-0004022,LG-000760,Financial Approval,2021-11-25,,Conditionally Approved,State Cabinet,121
APP-0004023,LG-000760,Government Notification,2021-10-21,,Submitted,District Collectorate,103
APP-0004024,LG-000761,Administrative Approval,2023-01-16,2023-02-26,Approved,District Collectorate,0
APP-0004025,LG-000761,Environmental Clearance,2022-10-28,2022-12-15,Approved,State Cabinet,13
APP-0004026,LG-000761,Land Acquisition Approval,2022-10-28,,Submitted,State Cabinet,122
APP-0004027,LG-000761,Financial Approval,2022-12-10,2023-02-08,Approved,Finance Ministry,7
APP-0004028,LG-000761,Government Notification,2022-12-17,,Submitted,District Collectorate,57
APP-0004029,LG-000761,Administrative Approval,2022-11-28,,Conditionally Approved,MoEFCC,87
APP-0004030,LG-000762,Administrative Approval,2022-10-26,2022-12-02,Approved,District Collectorate,7
APP-0004031,LG-000762,Environmental Clearance,2022-10-14,2022-12-12,Approved,MoEFCC,1
APP-0004032,LG-000762,Land Acquisition Approval,2022-10-21,,Conditionally Approved,MoEFCC,145
APP-0004033,LG-000762,Financial Approval,2022-12-19,2023-03-29,Approved,MoEFCC,11
APP-0004034,LG-000762,Government Notification,2022-12-19,,Submitted,District Collectorate,141
APP-0004035,LG-000763,Administrative Approval,2018-09-29,2019-01-21,Approved,Finance Ministry,0
APP-0004036,LG-000763,Environmental Clearance,2018-08-15,,In Review,Finance Ministry,46
APP-0004037,LG-000763,Land Acquisition Approval,2018-08-28,2018-10-02,Approved,District Collectorate,8
APP-0004038,LG-000763,Financial Approval,2018-09-19,,Submitted,State Cabinet,42
APP-0004039,LG-000763,Government Notification,2018-09-16,,Submitted,MoEFCC,144
APP-0004040,LG-000763,Administrative Approval,2018-09-25,,Conditionally Approved,District Collectorate,76
APP-0004041,LG-000763,Environmental Clearance,2018-10-13,,In Review,MoEFCC,143
APP-0004042,LG-000764,Administrative Approval,2022-06-20,2022-09-02,Approved,District Collectorate,15
APP-0004043,LG-000764,Environmental Clearance,2022-06-10,2022-08-17,Approved,District Collectorate,9
APP-0004044,LG-000764,Land Acquisition Approval,2022-07-08,,Conditionally Approved,Finance Ministry,94
APP-0004045,LG-000764,Financial Approval,2022-07-31,2022-09-13,Approved,Finance Ministry,2
APP-0004046,LG-000765,Administrative Approval,2024-07-12,,In Review,Finance Ministry,72
APP-0004047,LG-000765,Environmental Clearance,2024-09-02,,In Review,District Collectorate,34
APP-0004048,LG-000765,Land Acquisition Approval,2024-09-20,,Conditionally Approved,District Collectorate,70
APP-0004049,LG-000765,Financial Approval,2024-08-02,2024-11-17,Approved,MoEFCC,2
APP-0004050,LG-000765,Government Notification,2024-09-26,,Submitted,Finance Ministry,111
APP-0004051,LG-000765,Administrative Approval,2024-08-06,2024-09-23,Approved,State Cabinet,13
APP-0004052,LG-000765,Environmental Clearance,2024-07-20,,Submitted,District Collectorate,102
APP-0004053,LG-000766,Administrative Approval,2019-05-09,2019-08-09,Approved,Finance Ministry,3
APP-0004054,LG-000766,Environmental Clearance,2019-07-20,2019-10-05,Approved,State Cabinet,10
APP-0004055,LG-000766,Land Acquisition Approval,2019-07-20,2019-09-16,Approved,State Cabinet,14
APP-0004056,LG-000767,Administrative Approval,2021-12-05,,Submitted,MoEFCC,120
APP-0004057,LG-000767,Environmental Clearance,2021-12-11,2022-02-05,Approved,Finance Ministry,15
APP-0004058,LG-000767,Land Acquisition Approval,2021-10-16,,Conditionally Approved,State Cabinet,69
APP-0004059,LG-000767,Financial Approval,2021-12-17,,Submitted,District Collectorate,125
APP-0004060,LG-000767,Government Notification,2021-12-03,2022-03-15,Approved,MoEFCC,11
APP-0004061,LG-000768,Administrative Approval,2023-12-04,2024-02-02,Approved,District Collectorate,2
APP-0004062,LG-000768,Environmental Clearance,2023-11-10,2024-01-31,Approved,State Cabinet,14
APP-0004063,LG-000768,Land Acquisition Approval,2023-11-03,,Conditionally Approved,Finance Ministry,56
APP-0004064,LG-000768,Financial Approval,2023-11-08,2024-02-06,Approved,Finance Ministry,7
APP-0004065,LG-000768,Government Notification,2023-12-31,2024-03-09,Approved,District Collectorate,3
APP-0004066,LG-000769,Administrative Approval,2023-07-19,,Submitted,Finance Ministry,134
APP-0004067,LG-000769,Environmental Clearance,2023-08-17,2023-09-16,Approved,Finance Ministry,12
APP-0004068,LG-000769,Land Acquisition Approval,2023-06-01,2023-09-25,Approved,MoEFCC,3
APP-0004069,LG-000769,Financial Approval,2023-05-27,2023-07-15,Approved,Finance Ministry,11
APP-0004070,LG-000769,Government Notification,2023-07-13,2023-10-10,Approved,District Collectorate,5
APP-0004071,LG-000769,Administrative Approval,2023-05-30,2023-08-12,Approved,State Cabinet,1
APP-0004072,LG-000770,Administrative Approval,2023-12-09,2024-02-19,Approved,MoEFCC,11
APP-0004073,LG-000770,Environmental Clearance,2023-10-04,2023-12-20,Approved,District Collectorate,6
APP-0004074,LG-000770,Land Acquisition Approval,2023-09-22,2023-12-30,Approved,District Collectorate,4
APP-0004075,LG-000770,Financial Approval,2023-11-01,,Conditionally Approved,MoEFCC,70
APP-0004076,LG-000770,Government Notification,2023-12-04,2024-02-25,Approved,Finance Ministry,0
APP-0004077,LG-000770,Administrative Approval,2023-11-28,2024-01-02,Approved,MoEFCC,6
APP-0004078,LG-000771,Administrative Approval,2021-02-07,2021-05-03,Approved,State Cabinet,12
APP-0004079,LG-000771,Environmental Clearance,2021-02-23,2021-06-03,Approved,State Cabinet,4
APP-0004080,LG-000771,Land Acquisition Approval,2021-01-23,2021-03-14,Approved,District Collectorate,6
APP-0004081,LG-000772,Administrative Approval,2020-05-07,2020-07-17,Approved,MoEFCC,8
APP-0004082,LG-000772,Environmental Clearance,2020-05-13,,Conditionally Approved,MoEFCC,37
APP-0004083,LG-000772,Land Acquisition Approval,2020-06-15,2020-07-18,Approved,State Cabinet,2
APP-0004084,LG-000772,Financial Approval,2020-05-27,,Conditionally Approved,District Collectorate,40
APP-0004085,LG-000772,Government Notification,2020-06-25,,Submitted,MoEFCC,118
APP-0004086,LG-000772,Administrative Approval,2020-06-24,2020-09-30,Approved,Finance Ministry,11
APP-0004087,LG-000772,Environmental Clearance,2020-05-28,2020-08-26,Approved,Finance Ministry,9
APP-0004088,LG-000773,Administrative Approval,2021-09-26,2022-01-15,Approved,Finance Ministry,8
APP-0004089,LG-000773,Environmental Clearance,2021-10-23,2022-02-02,Approved,State Cabinet,5
APP-0004090,LG-000773,Land Acquisition Approval,2021-09-26,,In Review,MoEFCC,72
APP-0004091,LG-000773,Financial Approval,2021-09-20,,Submitted,District Collectorate,30
APP-0004092,LG-000773,Government Notification,2021-10-13,,In Review,District Collectorate,46
APP-0004093,LG-000773,Administrative Approval,2021-11-27,,In Review,MoEFCC,56
APP-0004094,LG-000774,Administrative Approval,2019-10-14,2019-11-14,Approved,MoEFCC,8
APP-0004095,LG-000774,Environmental Clearance,2019-11-01,,Submitted,State Cabinet,61
APP-0004096,LG-000774,Land Acquisition Approval,2019-11-01,,In Review,State Cabinet,41
APP-0004097,LG-000774,Financial Approval,2019-08-22,2019-10-26,Approved,MoEFCC,2
APP-0004098,LG-000774,Government Notification,2019-11-03,2019-12-15,Approved,MoEFCC,10
APP-0004099,LG-000774,Administrative Approval,2019-10-02,,In Review,District Collectorate,50
APP-0004100,LG-000774,Environmental Clearance,2019-08-27,,Submitted,District Collectorate,126
APP-0004101,LG-000775,Administrative Approval,2021-01-15,2021-03-18,Approved,Finance Ministry,4
APP-0004102,LG-000775,Environmental Clearance,2020-12-31,,Submitted,Finance Ministry,92
APP-0004103,LG-000775,Land Acquisition Approval,2021-03-17,2021-05-16,Approved,District Collectorate,2
APP-0004104,LG-000775,Financial Approval,2021-01-02,,Conditionally Approved,District Collectorate,69
APP-0004105,LG-000775,Government Notification,2021-01-01,,In Review,State Cabinet,85
APP-0004106,LG-000776,Administrative Approval,2023-06-23,2023-07-23,Approved,District Collectorate,7
APP-0004107,LG-000776,Environmental Clearance,2023-07-19,2023-09-02,Approved,State Cabinet,1
APP-0004108,LG-000776,Land Acquisition Approval,2023-06-24,2023-09-28,Approved,State Cabinet,5
APP-0004109,LG-000776,Financial Approval,2023-08-30,2023-10-25,Approved,Finance Ministry,12
APP-0004110,LG-000776,Government Notification,2023-09-10,,In Review,MoEFCC,36
APP-0004111,LG-000776,Administrative Approval,2023-07-12,2023-08-11,Approved,State Cabinet,12
APP-0004112,LG-000776,Environmental Clearance,2023-08-19,2023-10-15,Approved,District Collectorate,10
APP-0004113,LG-000776,Land Acquisition Approval,2023-06-23,2023-08-30,Approved,District Collectorate,7
APP-0004114,LG-000777,Administrative Approval,2019-09-01,2019-10-08,Approved,District Collectorate,15
APP-0004115,LG-000777,Environmental Clearance,2019-09-14,2019-12-18,Approved,Finance Ministry,9
APP-0004116,LG-000777,Land Acquisition Approval,2019-08-04,2019-09-10,Approved,MoEFCC,6
APP-0004117,LG-000777,Financial Approval,2019-08-14,,Conditionally Approved,State Cabinet,64
APP-0004118,LG-000777,Government Notification,2019-09-03,,Submitted,Finance Ministry,140
APP-0004119,LG-000777,Administrative Approval,2019-09-25,,Conditionally Approved,District Collectorate,41
APP-0004120,LG-000777,Environmental Clearance,2019-07-08,,In Review,District Collectorate,43
APP-0004121,LG-000778,Administrative Approval,2024-10-07,2025-01-18,Approved,State Cabinet,4
APP-0004122,LG-000778,Environmental Clearance,2024-10-30,2025-01-01,Approved,MoEFCC,11
APP-0004123,LG-000778,Land Acquisition Approval,2024-12-09,2025-03-19,Approved,Finance Ministry,15
APP-0004124,LG-000778,Financial Approval,2024-09-30,2024-11-23,Approved,MoEFCC,12
APP-0004125,LG-000779,Administrative Approval,2019-05-27,2019-09-16,Approved,State Cabinet,6
APP-0004126,LG-000779,Environmental Clearance,2019-04-26,2019-08-12,Approved,State Cabinet,11
APP-0004127,LG-000779,Land Acquisition Approval,2019-05-18,2019-07-14,Approved,Finance Ministry,13
APP-0004128,LG-000779,Financial Approval,2019-03-20,2019-06-16,Approved,State Cabinet,0
APP-0004129,LG-000779,Government Notification,2019-05-27,2019-08-04,Approved,District Collectorate,13
APP-0004130,LG-000779,Administrative Approval,2019-05-14,2019-08-08,Approved,District Collectorate,12
APP-0004131,LG-000779,Environmental Clearance,2019-05-01,2019-07-21,Approved,District Collectorate,12
APP-0004132,LG-000780,Administrative Approval,2020-07-01,2020-10-22,Approved,State Cabinet,14
APP-0004133,LG-000780,Environmental Clearance,2020-07-14,2020-10-16,Approved,Finance Ministry,4
APP-0004134,LG-000780,Land Acquisition Approval,2020-06-21,2020-08-26,Approved,Finance Ministry,12
APP-0004135,LG-000780,Financial Approval,2020-07-04,2020-08-08,Approved,Finance Ministry,4
APP-0004136,LG-000780,Government Notification,2020-08-16,,In Review,MoEFCC,116
APP-0004137,LG-000780,Administrative Approval,2020-07-07,2020-09-28,Approved,MoEFCC,4
APP-0004138,LG-000781,Administrative Approval,2024-05-09,2024-06-16,Approved,Finance Ministry,7
APP-0004139,LG-000781,Environmental Clearance,2024-06-15,2024-07-16,Approved,State Cabinet,15
APP-0004140,LG-000781,Land Acquisition Approval,2024-06-06,2024-09-09,Approved,District Collectorate,12
APP-0004141,LG-000781,Financial Approval,2024-06-28,2024-09-04,Approved,MoEFCC,15
APP-0004142,LG-000781,Government Notification,2024-07-12,2024-09-17,Approved,State Cabinet,2
APP-0004143,LG-000781,Administrative Approval,2024-06-05,2024-09-15,Approved,MoEFCC,10
APP-0004144,LG-000781,Environmental Clearance,2024-06-09,2024-07-31,Approved,State Cabinet,1
APP-0004145,LG-000781,Land Acquisition Approval,2024-06-22,2024-07-28,Approved,Finance Ministry,15
APP-0004146,LG-000782,Administrative Approval,2022-06-07,2022-09-24,Approved,Finance Ministry,2
APP-0004147,LG-000782,Environmental Clearance,2022-06-11,2022-09-25,Approved,District Collectorate,10
APP-0004148,LG-000782,Land Acquisition Approval,2022-06-14,2022-08-08,Approved,MoEFCC,4
APP-0004149,LG-000783,Administrative Approval,2024-11-12,,In Review,District Collectorate,52
APP-0004150,LG-000783,Environmental Clearance,2025-01-20,,Conditionally Approved,State Cabinet,72
APP-0004151,LG-000783,Land Acquisition Approval,2024-11-04,,Submitted,Finance Ministry,60
APP-0004152,LG-000783,Financial Approval,2024-12-27,,Conditionally Approved,State Cabinet,144
APP-0004153,LG-000783,Government Notification,2024-12-18,,In Review,State Cabinet,97
APP-0004154,LG-000783,Administrative Approval,2024-11-10,2024-12-12,Approved,Finance Ministry,8
APP-0004155,LG-000783,Environmental Clearance,2024-11-13,,Submitted,District Collectorate,70
APP-0004156,LG-000784,Administrative Approval,2019-11-17,,Submitted,Finance Ministry,38
APP-0004157,LG-000784,Environmental Clearance,2019-11-19,,Conditionally Approved,State Cabinet,119
APP-0004158,LG-000784,Land Acquisition Approval,2019-09-26,,In Review,MoEFCC,61
APP-0004159,LG-000785,Administrative Approval,2019-01-07,,In Review,MoEFCC,37
APP-0004160,LG-000785,Environmental Clearance,2019-01-14,,In Review,District Collectorate,74
APP-0004161,LG-000785,Land Acquisition Approval,2019-01-01,2019-01-31,Approved,District Collectorate,12
APP-0004162,LG-000785,Financial Approval,2018-12-17,,Submitted,Finance Ministry,63
APP-0004163,LG-000785,Government Notification,2019-01-08,,Conditionally Approved,MoEFCC,57
APP-0004164,LG-000785,Administrative Approval,2019-03-02,,Submitted,MoEFCC,40
APP-0004165,LG-000785,Environmental Clearance,2018-12-26,2019-03-23,Approved,District Collectorate,13
APP-0004166,LG-000786,Administrative Approval,2022-03-19,2022-05-22,Approved,MoEFCC,12
APP-0004167,LG-000786,Environmental Clearance,2022-03-25,2022-05-11,Approved,MoEFCC,0
APP-0004168,LG-000786,Land Acquisition Approval,2022-04-15,2022-05-23,Approved,MoEFCC,15
APP-0004169,LG-000787,Administrative Approval,2018-11-04,,Submitted,Finance Ministry,52
APP-0004170,LG-000787,Environmental Clearance,2018-11-24,,Submitted,Finance Ministry,31
APP-0004171,LG-000787,Land Acquisition Approval,2018-12-13,2019-02-07,Approved,MoEFCC,1
APP-0004172,LG-000788,Administrative Approval,2020-11-19,2020-12-27,Approved,District Collectorate,0
APP-0004173,LG-000788,Environmental Clearance,2020-11-08,,In Review,District Collectorate,145
APP-0004174,LG-000788,Land Acquisition Approval,2020-10-20,,In Review,State Cabinet,89
APP-0004175,LG-000788,Financial Approval,2020-10-27,2020-12-12,Approved,Finance Ministry,0
APP-0004176,LG-000788,Government Notification,2020-12-07,,Conditionally Approved,District Collectorate,33
APP-0004177,LG-000788,Administrative Approval,2020-11-02,,Conditionally Approved,State Cabinet,109
APP-0004178,LG-000788,Environmental Clearance,2020-11-19,,Submitted,State Cabinet,91
APP-0004179,LG-000788,Land Acquisition Approval,2020-10-28,2020-12-12,Approved,District Collectorate,15
APP-0004180,LG-000789,Administrative Approval,2018-02-24,,Conditionally Approved,Finance Ministry,102
APP-0004181,LG-000789,Environmental Clearance,2018-01-29,,Submitted,District Collectorate,107
APP-0004182,LG-000789,Land Acquisition Approval,2018-03-19,2018-04-22,Approved,State Cabinet,8
APP-0004183,LG-000789,Financial Approval,2018-03-01,,In Review,State Cabinet,100
APP-0004184,LG-000789,Government Notification,2018-04-06,,Conditionally Approved,Finance Ministry,62
APP-0004185,LG-000789,Administrative Approval,2018-02-17,2018-06-15,Approved,Finance Ministry,10
APP-0004186,LG-000789,Environmental Clearance,2018-04-09,,In Review,District Collectorate,129
APP-0004187,LG-000790,Administrative Approval,2024-09-26,2024-11-24,Approved,Finance Ministry,8
APP-0004188,LG-000790,Environmental Clearance,2024-09-30,,Submitted,District Collectorate,126
APP-0004189,LG-000790,Land Acquisition Approval,2024-12-14,,Submitted,State Cabinet,58
APP-0004190,LG-000790,Financial Approval,2024-12-11,2025-01-12,Approved,MoEFCC,15
APP-0004191,LG-000790,Government Notification,2024-11-15,,Submitted,MoEFCC,150
APP-0004192,LG-000790,Administrative Approval,2024-12-01,2025-03-21,Approved,State Cabinet,0
APP-0004193,LG-000790,Environmental Clearance,2024-09-19,,Conditionally Approved,District Collectorate,87
APP-0004194,LG-000790,Land Acquisition Approval,2024-11-16,,Submitted,District Collectorate,97
APP-0004195,LG-000791,Administrative Approval,2025-01-13,,Conditionally Approved,Finance Ministry,59
APP-0004196,LG-000791,Environmental Clearance,2025-01-08,,Conditionally Approved,MoEFCC,137
APP-0004197,LG-000791,Land Acquisition Approval,2024-12-21,2025-04-02,Approved,State Cabinet,2
APP-0004198,LG-000792,Administrative Approval,2022-11-26,,In Review,State Cabinet,48
APP-0004199,LG-000792,Environmental Clearance,2022-11-09,,In Review,State Cabinet,119
APP-0004200,LG-000792,Land Acquisition Approval,2023-01-17,2023-05-07,Approved,District Collectorate,6
APP-0004201,LG-000792,Financial Approval,2022-12-02,2023-03-06,Approved,Finance Ministry,15
APP-0004202,LG-000792,Government Notification,2022-12-25,,Conditionally Approved,MoEFCC,106
APP-0004203,LG-000793,Administrative Approval,2021-05-27,,Conditionally Approved,District Collectorate,98
APP-0004204,LG-000793,Environmental Clearance,2021-05-12,2021-08-10,Approved,Finance Ministry,0
APP-0004205,LG-000793,Land Acquisition Approval,2021-04-27,,Conditionally Approved,MoEFCC,96
APP-0004206,LG-000794,Administrative Approval,2024-09-08,2024-10-22,Approved,District Collectorate,10
APP-0004207,LG-000794,Environmental Clearance,2024-07-05,2024-08-20,Approved,District Collectorate,3
APP-0004208,LG-000794,Land Acquisition Approval,2024-07-30,2024-09-27,Approved,State Cabinet,3
APP-0004209,LG-000794,Financial Approval,2024-06-29,2024-08-21,Approved,District Collectorate,3
APP-0004210,LG-000794,Government Notification,2024-07-10,2024-11-04,Approved,MoEFCC,12
APP-0004211,LG-000794,Administrative Approval,2024-07-07,2024-09-16,Approved,Finance Ministry,1
APP-0004212,LG-000794,Environmental Clearance,2024-09-15,2024-10-15,Approved,MoEFCC,1
APP-0004213,LG-000794,Land Acquisition Approval,2024-06-30,2024-09-25,Approved,State Cabinet,2
APP-0004214,LG-000795,Administrative Approval,2022-09-21,2023-01-07,Approved,MoEFCC,0
APP-0004215,LG-000795,Environmental Clearance,2022-10-05,2023-01-12,Approved,MoEFCC,2
APP-0004216,LG-000795,Land Acquisition Approval,2022-10-05,,Conditionally Approved,State Cabinet,112
APP-0004217,LG-000795,Financial Approval,2022-11-19,,Conditionally Approved,Finance Ministry,32
APP-0004218,LG-000796,Administrative Approval,2019-04-20,,In Review,State Cabinet,89
APP-0004219,LG-000796,Environmental Clearance,2019-05-22,2019-09-10,Approved,Finance Ministry,12
APP-0004220,LG-000796,Land Acquisition Approval,2019-04-23,,Submitted,MoEFCC,114
APP-0004221,LG-000796,Financial Approval,2019-04-28,2019-05-31,Approved,State Cabinet,15
APP-0004222,LG-000796,Government Notification,2019-06-22,2019-08-12,Approved,District Collectorate,11
APP-0004223,LG-000796,Administrative Approval,2019-06-04,,Conditionally Approved,District Collectorate,71
APP-0004224,LG-000796,Environmental Clearance,2019-07-14,,Conditionally Approved,Finance Ministry,114
APP-0004225,LG-000797,Administrative Approval,2022-10-05,,In Review,Finance Ministry,50
APP-0004226,LG-000797,Environmental Clearance,2022-10-11,,Conditionally Approved,State Cabinet,60
APP-0004227,LG-000797,Land Acquisition Approval,2022-09-25,,In Review,Finance Ministry,149
APP-0004228,LG-000797,Financial Approval,2022-07-30,,Submitted,MoEFCC,69
APP-0004229,LG-000798,Administrative Approval,2020-09-04,2020-11-03,Approved,District Collectorate,5
APP-0004230,LG-000798,Environmental Clearance,2020-10-03,2021-01-12,Approved,Finance Ministry,8
APP-0004231,LG-000798,Land Acquisition Approval,2020-09-17,2021-01-07,Approved,Finance Ministry,6
APP-0004232,LG-000799,Administrative Approval,2023-02-21,2023-04-23,Approved,State Cabinet,13
APP-0004233,LG-000799,Environmental Clearance,2023-01-31,2023-03-12,Approved,District Collectorate,14
APP-0004234,LG-000799,Land Acquisition Approval,2022-12-18,,In Review,Finance Ministry,102
APP-0004235,LG-000799,Financial Approval,2022-12-13,2023-01-17,Approved,Finance Ministry,10
APP-0004236,LG-000800,Administrative Approval,2018-11-08,2018-12-12,Approved,District Collectorate,11
APP-0004237,LG-000800,Environmental Clearance,2018-10-05,2018-12-26,Approved,Finance Ministry,12
APP-0004238,LG-000800,Land Acquisition Approval,2018-10-29,2019-02-16,Approved,Finance Ministry,1
APP-0004239,LG-000800,Financial Approval,2018-09-26,2018-12-21,Approved,MoEFCC,1
APP-0004240,LG-000800,Government Notification,2018-11-20,2019-03-04,Approved,District Collectorate,7
APP-0004241,LG-000801,Administrative Approval,2022-01-25,2022-05-22,Approved,District Collectorate,3
APP-0004242,LG-000801,Environmental Clearance,2022-01-15,,Conditionally Approved,State Cabinet,69
APP-0004243,LG-000801,Land Acquisition Approval,2022-03-14,,In Review,State Cabinet,51
APP-0004244,LG-000802,Administrative Approval,2019-04-02,,Conditionally Approved,State Cabinet,51
APP-0004245,LG-000802,Environmental Clearance,2019-05-16,,Submitted,MoEFCC,38
APP-0004246,LG-000802,Land Acquisition Approval,2019-04-13,2019-07-11,Approved,Finance Ministry,0
APP-0004247,LG-000802,Financial Approval,2019-03-21,2019-05-04,Approved,Finance Ministry,8
APP-0004248,LG-000802,Government Notification,2019-03-25,2019-05-21,Approved,Finance Ministry,13
APP-0004249,LG-000802,Administrative Approval,2019-03-05,2019-06-12,Approved,MoEFCC,14
APP-0004250,LG-000802,Environmental Clearance,2019-04-19,2019-07-27,Approved,MoEFCC,6
APP-0004251,LG-000803,Administrative Approval,2018-12-08,2019-02-03,Approved,Finance Ministry,6
APP-0004252,LG-000803,Environmental Clearance,2018-12-10,,In Review,State Cabinet,141
APP-0004253,LG-000803,Land Acquisition Approval,2019-01-06,,Conditionally Approved,Finance Ministry,38
APP-0004254,LG-000803,Financial Approval,2018-12-17,,In Review,State Cabinet,55
APP-0004255,LG-000803,Government Notification,2019-01-25,2019-04-22,Approved,Finance Ministry,8
APP-0004256,LG-000803,Administrative Approval,2019-01-21,,Submitted,State Cabinet,113
APP-0004257,LG-000803,Environmental Clearance,2019-01-04,2019-04-25,Approved,Finance Ministry,5
APP-0004258,LG-000803,Land Acquisition Approval,2018-12-20,,In Review,District Collectorate,42
APP-0004259,LG-000804,Administrative Approval,2023-03-17,2023-07-14,Approved,MoEFCC,13
APP-0004260,LG-000804,Environmental Clearance,2023-01-14,2023-02-18,Approved,Finance Ministry,13
APP-0004261,LG-000804,Land Acquisition Approval,2023-01-12,2023-03-06,Approved,MoEFCC,9
APP-0004262,LG-000805,Administrative Approval,2018-12-09,2019-02-23,Approved,State Cabinet,10
APP-0004263,LG-000805,Environmental Clearance,2019-01-28,2019-04-24,Approved,Finance Ministry,3
APP-0004264,LG-000805,Land Acquisition Approval,2018-12-03,2019-01-27,Approved,District Collectorate,14
APP-0004265,LG-000805,Financial Approval,2019-01-27,2019-03-06,Approved,District Collectorate,10
APP-0004266,LG-000805,Government Notification,2019-01-16,,Conditionally Approved,MoEFCC,49
APP-0004267,LG-000806,Administrative Approval,2021-06-05,2021-07-18,Approved,MoEFCC,12
APP-0004268,LG-000806,Environmental Clearance,2021-04-30,2021-08-01,Approved,Finance Ministry,2
APP-0004269,LG-000806,Land Acquisition Approval,2021-04-16,2021-07-30,Approved,State Cabinet,0
APP-0004270,LG-000806,Financial Approval,2021-06-16,,In Review,Finance Ministry,75
APP-0004271,LG-000807,Administrative Approval,2024-12-04,2025-02-24,Approved,State Cabinet,4
APP-0004272,LG-000807,Environmental Clearance,2024-12-31,2025-04-12,Approved,State Cabinet,13
APP-0004273,LG-000807,Land Acquisition Approval,2024-12-12,,In Review,MoEFCC,109
APP-0004274,LG-000808,Administrative Approval,2022-03-04,2022-04-19,Approved,State Cabinet,15
APP-0004275,LG-000808,Environmental Clearance,2022-05-02,2022-06-05,Approved,State Cabinet,1
APP-0004276,LG-000808,Land Acquisition Approval,2022-03-27,,In Review,MoEFCC,110
APP-0004277,LG-000808,Financial Approval,2022-04-14,2022-05-18,Approved,State Cabinet,9
APP-0004278,LG-000808,Government Notification,2022-02-14,2022-06-11,Approved,District Collectorate,14
APP-0004279,LG-000809,Administrative Approval,2020-09-25,,In Review,District Collectorate,57
APP-0004280,LG-000809,Environmental Clearance,2020-09-24,2020-10-28,Approved,MoEFCC,12
APP-0004281,LG-000809,Land Acquisition Approval,2020-10-09,,Conditionally Approved,MoEFCC,60
APP-0004282,LG-000809,Financial Approval,2020-10-18,,Conditionally Approved,MoEFCC,103
APP-0004283,LG-000810,Administrative Approval,2021-03-27,2021-05-14,Approved,Finance Ministry,7
APP-0004284,LG-000810,Environmental Clearance,2021-03-14,2021-05-09,Approved,State Cabinet,4
APP-0004285,LG-000810,Land Acquisition Approval,2021-05-09,2021-07-10,Approved,MoEFCC,1
APP-0004286,LG-000810,Financial Approval,2021-06-03,2021-08-11,Approved,MoEFCC,7
APP-0004287,LG-000810,Government Notification,2021-03-27,2021-05-04,Approved,Finance Ministry,13
APP-0004288,LG-000810,Administrative Approval,2021-05-19,2021-07-04,Approved,MoEFCC,9
APP-0004289,LG-000810,Environmental Clearance,2021-04-03,2021-06-12,Approved,Finance Ministry,5
APP-0004290,LG-000810,Land Acquisition Approval,2021-03-16,2021-05-04,Approved,State Cabinet,8
APP-0004291,LG-000811,Administrative Approval,2020-04-06,,Submitted,MoEFCC,62
APP-0004292,LG-000811,Environmental Clearance,2020-03-24,,Submitted,MoEFCC,48
APP-0004293,LG-000811,Land Acquisition Approval,2020-04-15,,Submitted,MoEFCC,64
APP-0004294,LG-000811,Financial Approval,2020-04-19,,Conditionally Approved,Finance Ministry,36
APP-0004295,LG-000811,Government Notification,2020-03-12,,Conditionally Approved,MoEFCC,87
APP-0004296,LG-000811,Administrative Approval,2020-02-16,,Conditionally Approved,State Cabinet,72
APP-0004297,LG-000812,Administrative Approval,2018-04-28,2018-07-13,Approved,MoEFCC,5
APP-0004298,LG-000812,Environmental Clearance,2018-06-13,2018-08-13,Approved,MoEFCC,14
APP-0004299,LG-000812,Land Acquisition Approval,2018-06-14,2018-09-05,Approved,District Collectorate,4
APP-0004300,LG-000813,Administrative Approval,2021-08-19,,Conditionally Approved,Finance Ministry,88
APP-0004301,LG-000813,Environmental Clearance,2021-10-22,,Submitted,State Cabinet,136
APP-0004302,LG-000813,Land Acquisition Approval,2021-09-30,,In Review,District Collectorate,120
APP-0004303,LG-000813,Financial Approval,2021-10-02,,In Review,District Collectorate,51
APP-0004304,LG-000813,Government Notification,2021-08-21,,In Review,Finance Ministry,30
APP-0004305,LG-000813,Administrative Approval,2021-09-26,2021-12-17,Approved,State Cabinet,15
APP-0004306,LG-000814,Administrative Approval,2025-02-08,2025-05-04,Approved,District Collectorate,11
APP-0004307,LG-000814,Environmental Clearance,2024-12-06,2025-03-14,Approved,MoEFCC,10
APP-0004308,LG-000814,Land Acquisition Approval,2025-02-01,2025-03-22,Approved,MoEFCC,0
APP-0004309,LG-000815,Administrative Approval,2018-02-14,2018-04-14,Approved,Finance Ministry,10
APP-0004310,LG-000815,Environmental Clearance,2018-03-24,2018-04-27,Approved,District Collectorate,14
APP-0004311,LG-000815,Land Acquisition Approval,2018-03-14,2018-06-20,Approved,District Collectorate,12
APP-0004312,LG-000815,Financial Approval,2018-01-19,2018-04-15,Approved,District Collectorate,12
APP-0004313,LG-000815,Government Notification,2018-03-20,2018-06-10,Approved,State Cabinet,0
APP-0004314,LG-000815,Administrative Approval,2018-03-06,,In Review,District Collectorate,132
APP-0004315,LG-000815,Environmental Clearance,2018-02-02,2018-04-05,Approved,MoEFCC,14
APP-0004316,LG-000815,Land Acquisition Approval,2018-03-16,2018-07-11,Approved,State Cabinet,15
APP-0004317,LG-000816,Administrative Approval,2022-12-28,2023-03-18,Approved,Finance Ministry,13
APP-0004318,LG-000816,Environmental Clearance,2022-12-20,,Conditionally Approved,Finance Ministry,141
APP-0004319,LG-000816,Land Acquisition Approval,2022-12-04,,Conditionally Approved,Finance Ministry,101
APP-0004320,LG-000816,Financial Approval,2022-11-25,2023-02-26,Approved,State Cabinet,15
APP-0004321,LG-000816,Government Notification,2023-01-23,,Conditionally Approved,MoEFCC,46
APP-0004322,LG-000816,Administrative Approval,2023-01-11,,In Review,MoEFCC,126
APP-0004323,LG-000817,Administrative Approval,2022-09-22,,In Review,Finance Ministry,139
APP-0004324,LG-000817,Environmental Clearance,2022-08-19,2022-12-04,Approved,State Cabinet,9
APP-0004325,LG-000817,Land Acquisition Approval,2022-08-12,2022-10-11,Approved,State Cabinet,2
APP-0004326,LG-000817,Financial Approval,2022-08-29,,In Review,State Cabinet,121
APP-0004327,LG-000817,Government Notification,2022-08-10,2022-09-15,Approved,State Cabinet,13
APP-0004328,LG-000817,Administrative Approval,2022-08-30,,Submitted,District Collectorate,139
APP-0004329,LG-000817,Environmental Clearance,2022-09-25,,Conditionally Approved,MoEFCC,105
APP-0004330,LG-000817,Land Acquisition Approval,2022-08-27,,In Review,MoEFCC,125
APP-0004331,LG-000818,Administrative Approval,2022-10-25,,In Review,State Cabinet,120
APP-0004332,LG-000818,Environmental Clearance,2022-12-16,,Submitted,State Cabinet,89
APP-0004333,LG-000818,Land Acquisition Approval,2022-11-16,,In Review,State Cabinet,66
APP-0004334,LG-000818,Financial Approval,2022-11-07,,Conditionally Approved,State Cabinet,89
APP-0004335,LG-000818,Government Notification,2023-01-04,2023-04-19,Approved,District Collectorate,0
APP-0004336,LG-000818,Administrative Approval,2022-10-27,2023-01-22,Approved,State Cabinet,12
APP-0004337,LG-000818,Environmental Clearance,2022-11-27,2022-12-31,Approved,Finance Ministry,8
APP-0004338,LG-000819,Administrative Approval,2023-03-20,2023-04-25,Approved,MoEFCC,7
APP-0004339,LG-000819,Environmental Clearance,2023-06-04,2023-07-19,Approved,MoEFCC,15
APP-0004340,LG-000819,Land Acquisition Approval,2023-04-17,2023-07-19,Approved,MoEFCC,15
APP-0004341,LG-000820,Administrative Approval,2020-06-08,2020-08-22,Approved,Finance Ministry,9
APP-0004342,LG-000820,Environmental Clearance,2020-04-05,2020-06-29,Approved,Finance Ministry,5
APP-0004343,LG-000820,Land Acquisition Approval,2020-06-08,2020-08-08,Approved,Finance Ministry,13
APP-0004344,LG-000820,Financial Approval,2020-05-03,2020-08-22,Approved,State Cabinet,12
APP-0004345,LG-000820,Government Notification,2020-05-24,2020-09-01,Approved,State Cabinet,4
APP-0004346,LG-000821,Administrative Approval,2018-06-24,,Conditionally Approved,District Collectorate,115
APP-0004347,LG-000821,Environmental Clearance,2018-06-17,2018-09-02,Approved,Finance Ministry,14
APP-0004348,LG-000821,Land Acquisition Approval,2018-05-04,,In Review,Finance Ministry,137
APP-0004349,LG-000821,Financial Approval,2018-04-13,2018-07-28,Approved,State Cabinet,12
APP-0004350,LG-000821,Government Notification,2018-04-01,2018-05-15,Approved,District Collectorate,10
APP-0004351,LG-000822,Administrative Approval,2021-09-15,2021-12-30,Approved,State Cabinet,13
APP-0004352,LG-000822,Environmental Clearance,2021-07-30,2021-11-07,Approved,District Collectorate,6
APP-0004353,LG-000822,Land Acquisition Approval,2021-07-31,2021-09-10,Approved,MoEFCC,2
APP-0004354,LG-000822,Financial Approval,2021-07-19,2021-09-04,Approved,Finance Ministry,3
APP-0004355,LG-000822,Government Notification,2021-09-19,2022-01-09,Approved,Finance Ministry,3
APP-0004356,LG-000823,Administrative Approval,2021-09-26,2021-12-02,Approved,District Collectorate,4
APP-0004357,LG-000823,Environmental Clearance,2021-09-10,2021-12-19,Approved,Finance Ministry,12
APP-0004358,LG-000823,Land Acquisition Approval,2021-08-13,2021-10-31,Approved,State Cabinet,0
APP-0004359,LG-000823,Financial Approval,2021-09-09,2022-01-07,Approved,State Cabinet,9
APP-0004360,LG-000824,Administrative Approval,2021-06-21,2021-08-18,Approved,District Collectorate,12
APP-0004361,LG-000824,Environmental Clearance,2021-08-11,2021-12-02,Approved,District Collectorate,15
APP-0004362,LG-000824,Land Acquisition Approval,2021-07-26,2021-10-12,Approved,MoEFCC,5
APP-0004363,LG-000824,Financial Approval,2021-08-04,2021-12-01,Approved,Finance Ministry,6
APP-0004364,LG-000824,Government Notification,2021-08-16,2021-10-09,Approved,MoEFCC,10
APP-0004365,LG-000825,Administrative Approval,2022-11-12,2023-01-08,Approved,Finance Ministry,1
APP-0004366,LG-000825,Environmental Clearance,2022-09-22,2022-11-25,Approved,District Collectorate,15
APP-0004367,LG-000825,Land Acquisition Approval,2022-10-14,2022-12-14,Approved,District Collectorate,6
APP-0004368,LG-000825,Financial Approval,2022-09-17,2022-12-11,Approved,State Cabinet,1
APP-0004369,LG-000825,Government Notification,2022-09-21,2023-01-05,Approved,Finance Ministry,15
APP-0004370,LG-000825,Administrative Approval,2022-10-29,,Conditionally Approved,Finance Ministry,43
APP-0004371,LG-000825,Environmental Clearance,2022-09-17,2022-12-25,Approved,MoEFCC,2
APP-0004372,LG-000826,Administrative Approval,2023-02-15,2023-04-02,Approved,MoEFCC,6
APP-0004373,LG-000826,Environmental Clearance,2023-01-24,,Conditionally Approved,State Cabinet,53
APP-0004374,LG-000826,Land Acquisition Approval,2023-02-09,2023-05-09,Approved,State Cabinet,15
APP-0004375,LG-000826,Financial Approval,2023-01-24,2023-04-22,Approved,MoEFCC,5
APP-0004376,LG-000826,Government Notification,2023-04-07,2023-07-27,Approved,State Cabinet,13
APP-0004377,LG-000826,Administrative Approval,2023-03-20,2023-04-21,Approved,Finance Ministry,8
APP-0004378,LG-000826,Environmental Clearance,2023-04-09,,In Review,State Cabinet,44
APP-0004379,LG-000826,Land Acquisition Approval,2023-02-05,2023-05-12,Approved,State Cabinet,7
APP-0004380,LG-000827,Administrative Approval,2021-05-26,2021-07-24,Approved,Finance Ministry,6
APP-0004381,LG-000827,Environmental Clearance,2021-07-04,2021-09-26,Approved,Finance Ministry,15
APP-0004382,LG-000827,Land Acquisition Approval,2021-06-17,2021-08-23,Approved,State Cabinet,9
APP-0004383,LG-000827,Financial Approval,2021-06-26,2021-10-13,Approved,Finance Ministry,12
APP-0004384,LG-000827,Government Notification,2021-05-20,2021-09-04,Approved,District Collectorate,13
APP-0004385,LG-000827,Administrative Approval,2021-06-03,,In Review,State Cabinet,82
APP-0004386,LG-000827,Environmental Clearance,2021-08-01,,Submitted,State Cabinet,115
APP-0004387,LG-000827,Land Acquisition Approval,2021-06-18,2021-08-25,Approved,MoEFCC,12
APP-0004388,LG-000828,Administrative Approval,2024-05-12,2024-08-06,Approved,Finance Ministry,11
APP-0004389,LG-000828,Environmental Clearance,2024-07-08,,In Review,Finance Ministry,125
APP-0004390,LG-000828,Land Acquisition Approval,2024-05-20,2024-08-18,Approved,MoEFCC,0
APP-0004391,LG-000829,Administrative Approval,2018-11-02,2019-02-11,Approved,Finance Ministry,3
APP-0004392,LG-000829,Environmental Clearance,2018-12-23,2019-04-13,Approved,District Collectorate,2
APP-0004393,LG-000829,Land Acquisition Approval,2018-12-09,,Conditionally Approved,MoEFCC,121
APP-0004394,LG-000830,Administrative Approval,2021-02-19,2021-04-07,Approved,District Collectorate,4
APP-0004395,LG-000830,Environmental Clearance,2021-01-03,,In Review,MoEFCC,143
APP-0004396,LG-000830,Land Acquisition Approval,2021-03-13,,Conditionally Approved,MoEFCC,108
APP-0004397,LG-000830,Financial Approval,2021-03-24,2021-05-06,Approved,State Cabinet,9
APP-0004398,LG-000830,Government Notification,2021-01-02,,Submitted,MoEFCC,30
APP-0004399,LG-000830,Administrative Approval,2021-02-18,2021-06-04,Approved,MoEFCC,0
APP-0004400,LG-000831,Administrative Approval,2021-09-04,,In Review,District Collectorate,101
APP-0004401,LG-000831,Environmental Clearance,2021-06-25,2021-09-29,Approved,District Collectorate,3
APP-0004402,LG-000831,Land Acquisition Approval,2021-07-06,2021-10-23,Approved,MoEFCC,5
APP-0004403,LG-000831,Financial Approval,2021-07-26,2021-09-21,Approved,MoEFCC,1
APP-0004404,LG-000832,Administrative Approval,2023-01-11,,Conditionally Approved,State Cabinet,61
APP-0004405,LG-000832,Environmental Clearance,2022-12-18,2023-02-18,Approved,Finance Ministry,15
APP-0004406,LG-000832,Land Acquisition Approval,2023-01-05,2023-02-27,Approved,Finance Ministry,11
APP-0004407,LG-000832,Financial Approval,2023-02-15,,Submitted,Finance Ministry,115
APP-0004408,LG-000833,Administrative Approval,2025-01-07,,Conditionally Approved,MoEFCC,33
APP-0004409,LG-000833,Environmental Clearance,2024-11-11,2024-12-30,Approved,MoEFCC,3
APP-0004410,LG-000833,Land Acquisition Approval,2025-01-12,,Submitted,MoEFCC,90
APP-0004411,LG-000833,Financial Approval,2024-12-16,2025-01-21,Approved,District Collectorate,10
APP-0004412,LG-000833,Government Notification,2025-01-08,2025-02-09,Approved,MoEFCC,10
APP-0004413,LG-000833,Administrative Approval,2025-02-01,2025-04-16,Approved,State Cabinet,5
APP-0004414,LG-000833,Environmental Clearance,2025-01-07,,In Review,MoEFCC,136
APP-0004415,LG-000833,Land Acquisition Approval,2024-12-03,2025-02-23,Approved,MoEFCC,14
APP-0004416,LG-000834,Administrative Approval,2022-02-01,2022-05-28,Approved,State Cabinet,3
APP-0004417,LG-000834,Environmental Clearance,2022-01-08,2022-04-25,Approved,Finance Ministry,14
APP-0004418,LG-000834,Land Acquisition Approval,2022-02-16,,In Review,MoEFCC,82
APP-0004419,LG-000835,Administrative Approval,2024-07-09,2024-10-27,Approved,State Cabinet,13
APP-0004420,LG-000835,Environmental Clearance,2024-06-20,2024-08-27,Approved,District Collectorate,1
APP-0004421,LG-000835,Land Acquisition Approval,2024-05-21,2024-06-27,Approved,Finance Ministry,15
APP-0004422,LG-000835,Financial Approval,2024-06-18,2024-09-15,Approved,MoEFCC,9
APP-0004423,LG-000835,Government Notification,2024-08-14,2024-11-12,Approved,State Cabinet,14
APP-0004424,LG-000835,Administrative Approval,2024-07-05,2024-08-31,Approved,Finance Ministry,5
APP-0004425,LG-000835,Environmental Clearance,2024-06-03,2024-09-13,Approved,Finance Ministry,1
APP-0004426,LG-000836,Administrative Approval,2020-04-13,2020-08-04,Approved,MoEFCC,8
APP-0004427,LG-000836,Environmental Clearance,2020-05-26,2020-08-11,Approved,District Collectorate,13
APP-0004428,LG-000836,Land Acquisition Approval,2020-05-11,2020-06-13,Approved,Finance Ministry,6
APP-0004429,LG-000836,Financial Approval,2020-05-15,2020-09-04,Approved,State Cabinet,2
APP-0004430,LG-000836,Government Notification,2020-06-02,2020-08-06,Approved,MoEFCC,5
APP-0004431,LG-000836,Administrative Approval,2020-05-12,2020-07-23,Approved,MoEFCC,6
APP-0004432,LG-000836,Environmental Clearance,2020-04-20,,Submitted,Finance Ministry,135
APP-0004433,LG-000837,Administrative Approval,2018-04-07,2018-07-06,Approved,District Collectorate,13
APP-0004434,LG-000837,Environmental Clearance,2018-03-18,2018-05-23,Approved,District Collectorate,4
APP-0004435,LG-000837,Land Acquisition Approval,2018-04-27,2018-08-11,Approved,Finance Ministry,15
APP-0004436,LG-000837,Financial Approval,2018-05-28,2018-08-14,Approved,MoEFCC,11
APP-0004437,LG-000837,Government Notification,2018-04-28,,In Review,State Cabinet,126
APP-0004438,LG-000837,Administrative Approval,2018-05-28,2018-07-31,Approved,District Collectorate,4
APP-0004439,LG-000837,Environmental Clearance,2018-04-20,,Submitted,MoEFCC,98
APP-0004440,LG-000837,Land Acquisition Approval,2018-05-18,2018-06-28,Approved,Finance Ministry,14
APP-0004441,LG-000838,Administrative Approval,2022-06-27,2022-10-17,Approved,District Collectorate,2
APP-0004442,LG-000838,Environmental Clearance,2022-04-18,,Conditionally Approved,Finance Ministry,59
APP-0004443,LG-000838,Land Acquisition Approval,2022-05-30,2022-07-17,Approved,State Cabinet,5
APP-0004444,LG-000838,Financial Approval,2022-04-24,2022-06-06,Approved,MoEFCC,3
APP-0004445,LG-000838,Government Notification,2022-05-31,,In Review,Finance Ministry,142
APP-0004446,LG-000838,Administrative Approval,2022-05-09,2022-07-08,Approved,MoEFCC,5
APP-0004447,LG-000839,Administrative Approval,2020-06-15,2020-08-13,Approved,State Cabinet,1
APP-0004448,LG-000839,Environmental Clearance,2020-08-23,2020-10-22,Approved,Finance Ministry,0
APP-0004449,LG-000839,Land Acquisition Approval,2020-07-18,2020-08-27,Approved,District Collectorate,8
APP-0004450,LG-000839,Financial Approval,2020-08-09,2020-09-10,Approved,District Collectorate,12
APP-0004451,LG-000839,Government Notification,2020-07-31,2020-09-01,Approved,State Cabinet,3
APP-0004452,LG-000839,Administrative Approval,2020-08-06,2020-10-22,Approved,Finance Ministry,6
APP-0004453,LG-000839,Environmental Clearance,2020-06-13,2020-07-28,Approved,State Cabinet,13
APP-0004454,LG-000840,Administrative Approval,2019-12-30,,Submitted,MoEFCC,127
APP-0004455,LG-000840,Environmental Clearance,2020-01-06,,Submitted,District Collectorate,107
APP-0004456,LG-000840,Land Acquisition Approval,2020-03-01,2020-04-13,Approved,Finance Ministry,4
APP-0004457,LG-000840,Financial Approval,2020-02-19,2020-05-19,Approved,District Collectorate,3
APP-0004458,LG-000841,Administrative Approval,2018-04-26,2018-06-26,Approved,MoEFCC,2
APP-0004459,LG-000841,Environmental Clearance,2018-06-12,2018-08-11,Approved,Finance Ministry,7
APP-0004460,LG-000841,Land Acquisition Approval,2018-05-20,2018-09-03,Approved,Finance Ministry,9
APP-0004461,LG-000841,Financial Approval,2018-04-19,,Submitted,District Collectorate,32
APP-0004462,LG-000842,Administrative Approval,2020-05-18,,Conditionally Approved,District Collectorate,57
APP-0004463,LG-000842,Environmental Clearance,2020-04-24,2020-07-03,Approved,State Cabinet,2
APP-0004464,LG-000842,Land Acquisition Approval,2020-06-04,,Conditionally Approved,State Cabinet,90
APP-0004465,LG-000842,Financial Approval,2020-05-16,2020-08-05,Approved,MoEFCC,15
APP-0004466,LG-000842,Government Notification,2020-05-19,2020-07-24,Approved,MoEFCC,3
APP-0004467,LG-000842,Administrative Approval,2020-05-16,,In Review,MoEFCC,46
APP-0004468,LG-000842,Environmental Clearance,2020-04-14,2020-05-16,Approved,Finance Ministry,1
APP-0004469,LG-000842,Land Acquisition Approval,2020-05-24,2020-09-08,Approved,District Collectorate,14
APP-0004470,LG-000843,Administrative Approval,2021-02-20,,Submitted,State Cabinet,116
APP-0004471,LG-000843,Environmental Clearance,2021-02-20,2021-05-13,Approved,Finance Ministry,5
APP-0004472,LG-000843,Land Acquisition Approval,2021-03-08,,Submitted,MoEFCC,79
APP-0004473,LG-000843,Financial Approval,2021-03-02,2021-06-12,Approved,State Cabinet,8
APP-0004474,LG-000844,Administrative Approval,2022-12-12,,Conditionally Approved,State Cabinet,80
APP-0004475,LG-000844,Environmental Clearance,2022-12-08,,Submitted,District Collectorate,99
APP-0004476,LG-000844,Land Acquisition Approval,2022-11-28,,Conditionally Approved,State Cabinet,142
APP-0004477,LG-000845,Administrative Approval,2024-03-16,2024-05-26,Approved,State Cabinet,13
APP-0004478,LG-000845,Environmental Clearance,2024-02-28,,Conditionally Approved,District Collectorate,86
APP-0004479,LG-000845,Land Acquisition Approval,2024-04-10,,Conditionally Approved,Finance Ministry,90
APP-0004480,LG-000845,Financial Approval,2024-05-03,2024-06-30,Approved,District Collectorate,9
APP-0004481,LG-000845,Government Notification,2024-05-04,2024-08-28,Approved,State Cabinet,13
APP-0004482,LG-000845,Administrative Approval,2024-03-27,,Submitted,District Collectorate,146
APP-0004483,LG-000845,Environmental Clearance,2024-03-19,,Submitted,State Cabinet,69
APP-0004484,LG-000845,Land Acquisition Approval,2024-02-27,,Conditionally Approved,District Collectorate,127
APP-0004485,LG-000846,Administrative Approval,2018-06-01,2018-07-19,Approved,District Collectorate,5
APP-0004486,LG-000846,Environmental Clearance,2018-05-23,2018-07-27,Approved,Finance Ministry,12
APP-0004487,LG-000846,Land Acquisition Approval,2018-07-26,,Submitted,District Collectorate,105
APP-0004488,LG-000846,Financial Approval,2018-05-16,2018-07-26,Approved,Finance Ministry,7
APP-0004489,LG-000846,Government Notification,2018-07-09,,Submitted,Finance Ministry,57
APP-0004490,LG-000846,Administrative Approval,2018-08-05,2018-10-26,Approved,District Collectorate,11
APP-0004491,LG-000847,Administrative Approval,2023-07-20,2023-09-15,Approved,Finance Ministry,6
APP-0004492,LG-000847,Environmental Clearance,2023-08-18,2023-10-09,Approved,State Cabinet,10
APP-0004493,LG-000847,Land Acquisition Approval,2023-08-14,2023-09-23,Approved,District Collectorate,3
APP-0004494,LG-000847,Financial Approval,2023-07-15,,In Review,Finance Ministry,84
APP-0004495,LG-000847,Government Notification,2023-09-02,2023-12-05,Approved,State Cabinet,6
APP-0004496,LG-000847,Administrative Approval,2023-08-02,2023-10-31,Approved,State Cabinet,12
APP-0004497,LG-000847,Environmental Clearance,2023-09-27,2024-01-10,Approved,MoEFCC,11
APP-0004498,LG-000848,Administrative Approval,2018-08-18,2018-10-20,Approved,Finance Ministry,6
APP-0004499,LG-000848,Environmental Clearance,2018-06-20,2018-10-15,Approved,District Collectorate,11
APP-0004500,LG-000848,Land Acquisition Approval,2018-07-31,2018-11-16,Approved,District Collectorate,6
APP-0004501,LG-000848,Financial Approval,2018-08-06,,In Review,Finance Ministry,70
APP-0004502,LG-000849,Administrative Approval,2022-09-05,2022-11-01,Approved,District Collectorate,9
APP-0004503,LG-000849,Environmental Clearance,2022-08-03,2022-10-05,Approved,MoEFCC,1
APP-0004504,LG-000849,Land Acquisition Approval,2022-08-02,,In Review,MoEFCC,53
APP-0004505,LG-000850,Administrative Approval,2023-03-30,,Conditionally Approved,MoEFCC,137
APP-0004506,LG-000850,Environmental Clearance,2023-04-30,2023-07-10,Approved,State Cabinet,8
APP-0004507,LG-000850,Land Acquisition Approval,2023-05-21,,In Review,MoEFCC,115
APP-0004508,LG-000850,Financial Approval,2023-04-15,2023-05-15,Approved,MoEFCC,3
APP-0004509,LG-000850,Government Notification,2023-04-14,2023-08-07,Approved,State Cabinet,0
APP-0004510,LG-000850,Administrative Approval,2023-05-21,,In Review,Finance Ministry,101
APP-0004511,LG-000850,Environmental Clearance,2023-05-20,2023-08-15,Approved,State Cabinet,2
APP-0004512,LG-000851,Administrative Approval,2019-01-01,,In Review,State Cabinet,107
APP-0004513,LG-000851,Environmental Clearance,2018-12-08,,Submitted,MoEFCC,113
APP-0004514,LG-000851,Land Acquisition Approval,2018-11-21,,In Review,Finance Ministry,62
APP-0004515,LG-000851,Financial Approval,2019-01-02,,Conditionally Approved,Finance Ministry,53
APP-0004516,LG-000851,Government Notification,2018-11-27,,In Review,Finance Ministry,133
APP-0004517,LG-000851,Administrative Approval,2019-01-10,,Submitted,MoEFCC,132
APP-0004518,LG-000852,Administrative Approval,2024-08-02,,Conditionally Approved,Finance Ministry,59
APP-0004519,LG-000852,Environmental Clearance,2024-10-17,,Submitted,State Cabinet,73
APP-0004520,LG-000852,Land Acquisition Approval,2024-07-27,,In Review,MoEFCC,82
APP-0004521,LG-000853,Administrative Approval,2021-03-30,,Submitted,Finance Ministry,132
APP-0004522,LG-000853,Environmental Clearance,2021-05-29,,In Review,Finance Ministry,50
APP-0004523,LG-000853,Land Acquisition Approval,2021-04-22,,Conditionally Approved,Finance Ministry,140
APP-0004524,LG-000853,Financial Approval,2021-03-09,2021-07-07,Approved,MoEFCC,9
APP-0004525,LG-000853,Government Notification,2021-05-29,,Submitted,State Cabinet,114
APP-0004526,LG-000854,Administrative Approval,2018-12-03,2019-02-01,Approved,MoEFCC,11
APP-0004527,LG-000854,Environmental Clearance,2018-10-06,,Conditionally Approved,MoEFCC,50
APP-0004528,LG-000854,Land Acquisition Approval,2018-10-17,,Submitted,State Cabinet,76
APP-0004529,LG-000854,Financial Approval,2018-11-07,,Submitted,MoEFCC,66
APP-0004530,LG-000854,Government Notification,2018-12-05,,In Review,State Cabinet,145
APP-0004531,LG-000854,Administrative Approval,2018-11-14,,Submitted,Finance Ministry,127
APP-0004532,LG-000854,Environmental Clearance,2018-12-12,,In Review,Finance Ministry,125
APP-0004533,LG-000854,Land Acquisition Approval,2018-11-18,2019-01-21,Approved,State Cabinet,4
APP-0004534,LG-000855,Administrative Approval,2019-11-28,2020-01-12,Approved,District Collectorate,3
APP-0004535,LG-000855,Environmental Clearance,2020-01-31,,In Review,Finance Ministry,103
APP-0004536,LG-000855,Land Acquisition Approval,2019-11-21,2020-03-06,Approved,Finance Ministry,2
APP-0004537,LG-000856,Administrative Approval,2023-05-18,,In Review,District Collectorate,119
APP-0004538,LG-000856,Environmental Clearance,2023-05-03,2023-08-21,Approved,MoEFCC,1
APP-0004539,LG-000856,Land Acquisition Approval,2023-05-28,2023-08-06,Approved,District Collectorate,7
APP-0004540,LG-000856,Financial Approval,2023-06-19,2023-07-20,Approved,Finance Ministry,1
APP-0004541,LG-000856,Government Notification,2023-04-25,2023-07-07,Approved,District Collectorate,13
APP-0004542,LG-000856,Administrative Approval,2023-07-02,2023-09-16,Approved,MoEFCC,5
APP-0004543,LG-000857,Administrative Approval,2020-03-16,2020-05-06,Approved,Finance Ministry,4
APP-0004544,LG-000857,Environmental Clearance,2020-04-11,2020-07-26,Approved,State Cabinet,11
APP-0004545,LG-000857,Land Acquisition Approval,2020-03-31,,In Review,State Cabinet,30
APP-0004546,LG-000857,Financial Approval,2020-04-21,2020-05-27,Approved,State Cabinet,12
APP-0004547,LG-000858,Administrative Approval,2025-03-06,2025-05-24,Approved,Finance Ministry,13
APP-0004548,LG-000858,Environmental Clearance,2025-02-21,2025-06-21,Approved,District Collectorate,15
APP-0004549,LG-000858,Land Acquisition Approval,2025-03-10,2025-07-06,Approved,MoEFCC,2
APP-0004550,LG-000858,Financial Approval,2025-01-07,,In Review,Finance Ministry,150
APP-0004551,LG-000859,Administrative Approval,2021-02-23,2021-04-13,Approved,State Cabinet,5
APP-0004552,LG-000859,Environmental Clearance,2021-02-15,2021-03-20,Approved,District Collectorate,3
APP-0004553,LG-000859,Land Acquisition Approval,2021-01-11,2021-03-03,Approved,MoEFCC,4
APP-0004554,LG-000859,Financial Approval,2021-03-29,2021-07-24,Approved,District Collectorate,15
APP-0004555,LG-000859,Government Notification,2021-03-18,2021-07-09,Approved,MoEFCC,5
APP-0004556,LG-000860,Administrative Approval,2023-10-18,2023-11-28,Approved,MoEFCC,11
APP-0004557,LG-000860,Environmental Clearance,2023-10-22,2024-01-07,Approved,State Cabinet,1
APP-0004558,LG-000860,Land Acquisition Approval,2023-10-19,2024-01-29,Approved,MoEFCC,3
APP-0004559,LG-000860,Financial Approval,2023-08-19,,Submitted,Finance Ministry,101
APP-0004560,LG-000860,Government Notification,2023-10-06,2024-01-17,Approved,MoEFCC,5
APP-0004561,LG-000860,Administrative Approval,2023-09-01,,In Review,State Cabinet,65
APP-0004562,LG-000861,Administrative Approval,2018-07-19,2018-09-22,Approved,District Collectorate,11
APP-0004563,LG-000861,Environmental Clearance,2018-05-08,2018-08-18,Approved,Finance Ministry,7
APP-0004564,LG-000861,Land Acquisition Approval,2018-07-12,2018-08-29,Approved,MoEFCC,15
APP-0004565,LG-000861,Financial Approval,2018-07-16,2018-08-15,Approved,District Collectorate,1
APP-0004566,LG-000861,Government Notification,2018-07-01,2018-10-17,Approved,MoEFCC,14
APP-0004567,LG-000861,Administrative Approval,2018-07-10,2018-09-23,Approved,MoEFCC,1
APP-0004568,LG-000861,Environmental Clearance,2018-07-02,2018-09-01,Approved,State Cabinet,14
APP-0004569,LG-000861,Land Acquisition Approval,2018-07-29,2018-10-02,Approved,District Collectorate,4
APP-0004570,LG-000862,Administrative Approval,2024-04-23,,Submitted,State Cabinet,70
APP-0004571,LG-000862,Environmental Clearance,2024-03-24,,Conditionally Approved,State Cabinet,82
APP-0004572,LG-000862,Land Acquisition Approval,2024-05-04,,Conditionally Approved,District Collectorate,51
APP-0004573,LG-000862,Financial Approval,2024-03-12,,In Review,MoEFCC,119
APP-0004574,LG-000862,Government Notification,2024-04-11,2024-07-21,Approved,District Collectorate,9
APP-0004575,LG-000862,Administrative Approval,2024-05-09,2024-07-14,Approved,Finance Ministry,14
APP-0004576,LG-000862,Environmental Clearance,2024-04-18,,Conditionally Approved,State Cabinet,96
APP-0004577,LG-000862,Land Acquisition Approval,2024-05-17,2024-06-30,Approved,District Collectorate,7
APP-0004578,LG-000863,Administrative Approval,2024-02-03,2024-04-20,Approved,District Collectorate,11
APP-0004579,LG-000863,Environmental Clearance,2024-03-02,2024-05-28,Approved,State Cabinet,8
APP-0004580,LG-000863,Land Acquisition Approval,2024-01-31,2024-04-26,Approved,State Cabinet,15
APP-0004581,LG-000864,Administrative Approval,2021-01-21,,Conditionally Approved,Finance Ministry,129
APP-0004582,LG-000864,Environmental Clearance,2020-12-30,2021-03-29,Approved,MoEFCC,9
APP-0004583,LG-000864,Land Acquisition Approval,2021-01-03,2021-04-18,Approved,District Collectorate,15
APP-0004584,LG-000864,Financial Approval,2021-01-16,,Submitted,State Cabinet,87
APP-0004585,LG-000864,Government Notification,2021-02-22,,Submitted,Finance Ministry,118
APP-0004586,LG-000864,Administrative Approval,2021-01-10,2021-04-03,Approved,District Collectorate,0
APP-0004587,LG-000864,Environmental Clearance,2020-12-23,,In Review,State Cabinet,51
APP-0004588,LG-000864,Land Acquisition Approval,2021-01-17,2021-03-21,Approved,District Collectorate,8
APP-0004589,LG-000865,Administrative Approval,2023-11-29,2024-01-08,Approved,Finance Ministry,6
APP-0004590,LG-000865,Environmental Clearance,2023-09-13,2023-11-09,Approved,MoEFCC,2
APP-0004591,LG-000865,Land Acquisition Approval,2023-10-28,2023-12-21,Approved,MoEFCC,7
APP-0004592,LG-000865,Financial Approval,2023-10-07,2024-01-05,Approved,MoEFCC,1
APP-0004593,LG-000865,Government Notification,2023-11-18,2024-01-31,Approved,State Cabinet,2
APP-0004594,LG-000865,Administrative Approval,2023-10-05,2023-12-02,Approved,District Collectorate,3
APP-0004595,LG-000865,Environmental Clearance,2023-10-07,,Conditionally Approved,MoEFCC,122
APP-0004596,LG-000866,Administrative Approval,2024-11-04,2024-12-21,Approved,District Collectorate,8
APP-0004597,LG-000866,Environmental Clearance,2024-11-16,2025-01-26,Approved,Finance Ministry,6
APP-0004598,LG-000866,Land Acquisition Approval,2024-09-14,2024-12-11,Approved,MoEFCC,6
APP-0004599,LG-000866,Financial Approval,2024-09-24,2024-11-16,Approved,Finance Ministry,6
APP-0004600,LG-000866,Government Notification,2024-11-15,2024-12-28,Approved,Finance Ministry,5
APP-0004601,LG-000866,Administrative Approval,2024-09-17,2024-12-19,Approved,State Cabinet,4
APP-0004602,LG-000867,Administrative Approval,2019-09-25,,Conditionally Approved,MoEFCC,124
APP-0004603,LG-000867,Environmental Clearance,2019-07-11,2019-08-14,Approved,MoEFCC,8
APP-0004604,LG-000867,Land Acquisition Approval,2019-08-12,2019-09-11,Approved,Finance Ministry,0
APP-0004605,LG-000867,Financial Approval,2019-07-15,2019-09-02,Approved,State Cabinet,7
APP-0004606,LG-000867,Government Notification,2019-08-03,2019-11-13,Approved,District Collectorate,0
APP-0004607,LG-000867,Administrative Approval,2019-08-08,2019-11-26,Approved,State Cabinet,5
APP-0004608,LG-000867,Environmental Clearance,2019-10-04,2019-11-29,Approved,MoEFCC,8
APP-0004609,LG-000868,Administrative Approval,2024-04-06,,Conditionally Approved,State Cabinet,82
APP-0004610,LG-000868,Environmental Clearance,2024-04-19,2024-07-09,Approved,Finance Ministry,10
APP-0004611,LG-000868,Land Acquisition Approval,2024-03-06,,In Review,District Collectorate,107
APP-0004612,LG-000868,Financial Approval,2024-02-25,,Submitted,State Cabinet,121
APP-0004613,LG-000869,Administrative Approval,2018-08-18,,Conditionally Approved,Finance Ministry,144
APP-0004614,LG-000869,Environmental Clearance,2018-10-14,2019-01-16,Approved,State Cabinet,2
APP-0004615,LG-000869,Land Acquisition Approval,2018-09-18,2019-01-01,Approved,State Cabinet,1
APP-0004616,LG-000869,Financial Approval,2018-10-01,2018-12-20,Approved,State Cabinet,15
APP-0004617,LG-000869,Government Notification,2018-10-30,,Submitted,Finance Ministry,76
APP-0004618,LG-000869,Administrative Approval,2018-10-28,,Submitted,State Cabinet,82
APP-0004619,LG-000869,Environmental Clearance,2018-10-27,2018-12-30,Approved,Finance Ministry,1
APP-0004620,LG-000869,Land Acquisition Approval,2018-09-07,2018-11-01,Approved,State Cabinet,13
APP-0004621,LG-000870,Administrative Approval,2022-04-15,,Conditionally Approved,Finance Ministry,34
APP-0004622,LG-000870,Environmental Clearance,2022-02-19,2022-05-15,Approved,State Cabinet,8
APP-0004623,LG-000870,Land Acquisition Approval,2022-04-23,2022-06-08,Approved,MoEFCC,13
APP-0004624,LG-000870,Financial Approval,2022-04-21,2022-08-10,Approved,State Cabinet,0
APP-0004625,LG-000870,Government Notification,2022-03-07,2022-04-14,Approved,State Cabinet,7
APP-0004626,LG-000870,Administrative Approval,2022-02-14,,In Review,Finance Ministry,83
APP-0004627,LG-000871,Administrative Approval,2023-10-23,2024-01-31,Approved,Finance Ministry,11
APP-0004628,LG-000871,Environmental Clearance,2023-11-18,2024-02-11,Approved,MoEFCC,12
APP-0004629,LG-000871,Land Acquisition Approval,2023-10-17,,In Review,MoEFCC,117
APP-0004630,LG-000871,Financial Approval,2023-08-24,,In Review,District Collectorate,114
APP-0004631,LG-000872,Administrative Approval,2018-04-08,2018-06-06,Approved,MoEFCC,9
APP-0004632,LG-000872,Environmental Clearance,2018-05-11,2018-08-29,Approved,State Cabinet,5
APP-0004633,LG-000872,Land Acquisition Approval,2018-05-20,2018-06-30,Approved,MoEFCC,1
APP-0004634,LG-000872,Financial Approval,2018-04-24,,Submitted,Finance Ministry,146
APP-0004635,LG-000872,Government Notification,2018-05-27,2018-09-06,Approved,District Collectorate,5
APP-0004636,LG-000872,Administrative Approval,2018-04-22,2018-06-27,Approved,District Collectorate,1
APP-0004637,LG-000873,Administrative Approval,2022-09-02,2022-11-06,Approved,MoEFCC,11
APP-0004638,LG-000873,Environmental Clearance,2022-07-14,2022-08-27,Approved,Finance Ministry,6
APP-0004639,LG-000873,Land Acquisition Approval,2022-09-08,2022-10-17,Approved,Finance Ministry,2
APP-0004640,LG-000873,Financial Approval,2022-08-03,2022-09-08,Approved,District Collectorate,3
APP-0004641,LG-000873,Government Notification,2022-08-02,2022-10-23,Approved,MoEFCC,5
APP-0004642,LG-000873,Administrative Approval,2022-06-26,2022-09-03,Approved,MoEFCC,12
APP-0004643,LG-000873,Environmental Clearance,2022-07-09,2022-09-11,Approved,MoEFCC,0
APP-0004644,LG-000874,Administrative Approval,2020-02-17,2020-06-11,Approved,District Collectorate,7
APP-0004645,LG-000874,Environmental Clearance,2020-03-11,2020-06-23,Approved,District Collectorate,9
APP-0004646,LG-000874,Land Acquisition Approval,2020-02-24,2020-04-21,Approved,MoEFCC,11
APP-0004647,LG-000874,Financial Approval,2020-02-20,2020-04-02,Approved,MoEFCC,3
APP-0004648,LG-000874,Government Notification,2020-03-20,2020-06-17,Approved,State Cabinet,14
APP-0004649,LG-000874,Administrative Approval,2020-01-14,2020-04-17,Approved,State Cabinet,6
APP-0004650,LG-000875,Administrative Approval,2019-12-08,2020-04-01,Approved,Finance Ministry,5
APP-0004651,LG-000875,Environmental Clearance,2020-02-06,,Submitted,MoEFCC,118
APP-0004652,LG-000875,Land Acquisition Approval,2019-12-29,2020-04-10,Approved,State Cabinet,8
APP-0004653,LG-000875,Financial Approval,2020-01-03,,In Review,MoEFCC,68
APP-0004654,LG-000875,Government Notification,2020-02-14,2020-03-16,Approved,Finance Ministry,9
APP-0004655,LG-000875,Administrative Approval,2019-12-18,2020-02-16,Approved,MoEFCC,1
APP-0004656,LG-000875,Environmental Clearance,2020-01-26,,Conditionally Approved,State Cabinet,84
APP-0004657,LG-000876,Administrative Approval,2018-03-02,2018-06-30,Approved,MoEFCC,11
APP-0004658,LG-000876,Environmental Clearance,2018-03-11,2018-06-30,Approved,Finance Ministry,15
APP-0004659,LG-000876,Land Acquisition Approval,2018-02-28,2018-05-01,Approved,State Cabinet,4
APP-0004660,LG-000876,Financial Approval,2018-02-05,2018-05-03,Approved,District Collectorate,15
APP-0004661,LG-000876,Government Notification,2018-04-06,2018-05-31,Approved,MoEFCC,13
APP-0004662,LG-000876,Administrative Approval,2018-04-28,,In Review,MoEFCC,56
APP-0004663,LG-000877,Administrative Approval,2018-11-18,2019-03-04,Approved,MoEFCC,3
APP-0004664,LG-000877,Environmental Clearance,2018-12-18,2019-03-03,Approved,State Cabinet,10
APP-0004665,LG-000877,Land Acquisition Approval,2018-12-24,2019-02-14,Approved,State Cabinet,11
APP-0004666,LG-000878,Administrative Approval,2020-08-24,2020-11-08,Approved,MoEFCC,6
APP-0004667,LG-000878,Environmental Clearance,2020-09-09,2020-11-09,Approved,State Cabinet,5
APP-0004668,LG-000878,Land Acquisition Approval,2020-09-18,2020-12-28,Approved,Finance Ministry,9
APP-0004669,LG-000878,Financial Approval,2020-06-29,2020-09-18,Approved,State Cabinet,5
APP-0004670,LG-000878,Government Notification,2020-09-19,2020-10-25,Approved,State Cabinet,4
APP-0004671,LG-000879,Administrative Approval,2018-11-21,,Submitted,District Collectorate,71
APP-0004672,LG-000879,Environmental Clearance,2018-09-01,,In Review,State Cabinet,101
APP-0004673,LG-000879,Land Acquisition Approval,2018-11-05,,Submitted,Finance Ministry,137
APP-0004674,LG-000879,Financial Approval,2018-10-24,,Submitted,State Cabinet,84
APP-0004675,LG-000880,Administrative Approval,2023-01-11,2023-03-18,Approved,State Cabinet,1
APP-0004676,LG-000880,Environmental Clearance,2022-12-04,2023-02-22,Approved,State Cabinet,4
APP-0004677,LG-000880,Land Acquisition Approval,2023-02-01,2023-03-03,Approved,District Collectorate,3
APP-0004678,LG-000880,Financial Approval,2023-01-29,2023-03-01,Approved,State Cabinet,10
APP-0004679,LG-000880,Government Notification,2023-01-10,2023-05-10,Approved,District Collectorate,9
APP-0004680,LG-000880,Administrative Approval,2022-12-01,2023-02-10,Approved,District Collectorate,2
APP-0004681,LG-000880,Environmental Clearance,2023-02-08,2023-05-30,Approved,District Collectorate,0
APP-0004682,LG-000880,Land Acquisition Approval,2022-12-02,2023-03-27,Approved,Finance Ministry,11
APP-0004683,LG-000881,Administrative Approval,2021-05-08,,Conditionally Approved,MoEFCC,38
APP-0004684,LG-000881,Environmental Clearance,2021-05-01,2021-06-20,Approved,District Collectorate,10
APP-0004685,LG-000881,Land Acquisition Approval,2021-04-19,2021-07-06,Approved,State Cabinet,5
APP-0004686,LG-000881,Financial Approval,2021-07-08,,Submitted,Finance Ministry,138
APP-0004687,LG-000881,Government Notification,2021-06-19,2021-09-17,Approved,District Collectorate,12
APP-0004688,LG-000881,Administrative Approval,2021-05-25,2021-09-03,Approved,MoEFCC,15
APP-0004689,LG-000882,Administrative Approval,2021-05-29,2021-08-09,Approved,State Cabinet,0
APP-0004690,LG-000882,Environmental Clearance,2021-07-16,,Submitted,State Cabinet,80
APP-0004691,LG-000882,Land Acquisition Approval,2021-07-20,2021-08-27,Approved,District Collectorate,14
APP-0004692,LG-000882,Financial Approval,2021-07-06,2021-09-14,Approved,State Cabinet,0
APP-0004693,LG-000882,Government Notification,2021-07-19,2021-09-05,Approved,District Collectorate,2
APP-0004694,LG-000882,Administrative Approval,2021-06-17,2021-08-12,Approved,Finance Ministry,14
APP-0004695,LG-000883,Administrative Approval,2024-11-17,2025-01-22,Approved,Finance Ministry,12
APP-0004696,LG-000883,Environmental Clearance,2024-11-25,2025-01-25,Approved,Finance Ministry,4
APP-0004697,LG-000883,Land Acquisition Approval,2024-12-12,2025-03-14,Approved,State Cabinet,14
APP-0004698,LG-000883,Financial Approval,2025-02-03,2025-05-17,Approved,Finance Ministry,14
APP-0004699,LG-000883,Government Notification,2025-01-28,2025-04-09,Approved,MoEFCC,10
APP-0004700,LG-000883,Administrative Approval,2025-01-31,2025-05-03,Approved,MoEFCC,5
APP-0004701,LG-000883,Environmental Clearance,2024-12-30,2025-02-12,Approved,State Cabinet,11
APP-0004702,LG-000884,Administrative Approval,2023-10-21,2023-12-17,Approved,Finance Ministry,13
APP-0004703,LG-000884,Environmental Clearance,2023-09-21,2023-11-08,Approved,Finance Ministry,14
APP-0004704,LG-000884,Land Acquisition Approval,2023-08-05,2023-11-02,Approved,State Cabinet,12
APP-0004705,LG-000884,Financial Approval,2023-08-21,2023-10-14,Approved,Finance Ministry,15
APP-0004706,LG-000885,Administrative Approval,2023-10-24,2024-02-20,Approved,Finance Ministry,8
APP-0004707,LG-000885,Environmental Clearance,2023-12-22,2024-03-31,Approved,State Cabinet,0
APP-0004708,LG-000885,Land Acquisition Approval,2023-12-02,2024-01-05,Approved,Finance Ministry,10
APP-0004709,LG-000885,Financial Approval,2023-12-11,2024-03-01,Approved,State Cabinet,14
APP-0004710,LG-000885,Government Notification,2023-12-01,2024-01-16,Approved,State Cabinet,6
APP-0004711,LG-000885,Administrative Approval,2023-11-21,2024-01-19,Approved,MoEFCC,9
APP-0004712,LG-000886,Administrative Approval,2018-04-18,2018-06-22,Approved,MoEFCC,7
APP-0004713,LG-000886,Environmental Clearance,2018-03-30,2018-07-08,Approved,MoEFCC,0
APP-0004714,LG-000886,Land Acquisition Approval,2018-02-25,2018-04-15,Approved,MoEFCC,14
APP-0004715,LG-000887,Administrative Approval,2020-09-05,2020-11-29,Approved,State Cabinet,3
APP-0004716,LG-000887,Environmental Clearance,2020-09-20,2020-10-30,Approved,MoEFCC,9
APP-0004717,LG-000887,Land Acquisition Approval,2020-09-20,2020-11-07,Approved,District Collectorate,15
APP-0004718,LG-000887,Financial Approval,2020-08-17,2020-11-15,Approved,District Collectorate,1
APP-0004719,LG-000887,Government Notification,2020-09-02,2020-10-29,Approved,Finance Ministry,1
APP-0004720,LG-000887,Administrative Approval,2020-07-31,2020-09-18,Approved,MoEFCC,5
APP-0004721,LG-000887,Environmental Clearance,2020-08-11,2020-12-03,Approved,District Collectorate,8
APP-0004722,LG-000888,Administrative Approval,2021-12-04,2022-03-26,Approved,District Collectorate,3
APP-0004723,LG-000888,Environmental Clearance,2021-10-27,2022-02-04,Approved,Finance Ministry,0
APP-0004724,LG-000888,Land Acquisition Approval,2021-10-02,2021-12-26,Approved,District Collectorate,6
APP-0004725,LG-000888,Financial Approval,2021-10-05,2021-11-07,Approved,Finance Ministry,10
APP-0004726,LG-000888,Government Notification,2021-11-15,2021-12-17,Approved,Finance Ministry,11
APP-0004727,LG-000888,Administrative Approval,2021-09-27,2022-01-05,Approved,District Collectorate,12
APP-0004728,LG-000889,Administrative Approval,2018-05-28,2018-07-24,Approved,State Cabinet,10
APP-0004729,LG-000889,Environmental Clearance,2018-07-20,2018-10-13,Approved,MoEFCC,6
APP-0004730,LG-000889,Land Acquisition Approval,2018-07-18,2018-10-23,Approved,State Cabinet,4
APP-0004731,LG-000889,Financial Approval,2018-07-17,,Submitted,MoEFCC,96
APP-0004732,LG-000889,Government Notification,2018-05-02,2018-08-24,Approved,District Collectorate,5
APP-0004733,LG-000889,Administrative Approval,2018-05-27,2018-08-05,Approved,Finance Ministry,11
APP-0004734,LG-000889,Environmental Clearance,2018-06-27,2018-09-11,Approved,State Cabinet,0
APP-0004735,LG-000889,Land Acquisition Approval,2018-05-05,2018-06-07,Approved,MoEFCC,5
APP-0004736,LG-000890,Administrative Approval,2019-03-31,2019-07-23,Approved,State Cabinet,5
APP-0004737,LG-000890,Environmental Clearance,2019-06-23,2019-08-13,Approved,Finance Ministry,12
APP-0004738,LG-000890,Land Acquisition Approval,2019-06-07,2019-09-12,Approved,District Collectorate,13
APP-0004739,LG-000890,Financial Approval,2019-04-17,2019-08-07,Approved,Finance Ministry,0
APP-0004740,LG-000890,Government Notification,2019-06-15,2019-08-01,Approved,Finance Ministry,11
APP-0004741,LG-000891,Administrative Approval,2018-07-01,,Conditionally Approved,MoEFCC,100
APP-0004742,LG-000891,Environmental Clearance,2018-08-08,2018-09-08,Approved,District Collectorate,15
APP-0004743,LG-000891,Land Acquisition Approval,2018-08-09,2018-11-11,Approved,District Collectorate,9
APP-0004744,LG-000891,Financial Approval,2018-07-06,2018-09-21,Approved,State Cabinet,13
APP-0004745,LG-000891,Government Notification,2018-07-28,2018-08-29,Approved,Finance Ministry,6
APP-0004746,LG-000892,Administrative Approval,2019-02-17,2019-05-22,Approved,MoEFCC,1
APP-0004747,LG-000892,Environmental Clearance,2018-12-03,2019-01-11,Approved,MoEFCC,15
APP-0004748,LG-000892,Land Acquisition Approval,2019-01-19,2019-04-24,Approved,State Cabinet,13
APP-0004749,LG-000892,Financial Approval,2019-02-04,,In Review,Finance Ministry,114
APP-0004750,LG-000893,Administrative Approval,2021-05-31,,In Review,Finance Ministry,141
APP-0004751,LG-000893,Environmental Clearance,2021-04-29,2021-08-11,Approved,State Cabinet,15
APP-0004752,LG-000893,Land Acquisition Approval,2021-04-26,,In Review,MoEFCC,77
APP-0004753,LG-000893,Financial Approval,2021-07-06,2021-10-14,Approved,State Cabinet,1
APP-0004754,LG-000894,Administrative Approval,2020-02-21,2020-06-14,Approved,Finance Ministry,12
APP-0004755,LG-000894,Environmental Clearance,2019-11-30,2020-03-05,Approved,MoEFCC,9
APP-0004756,LG-000894,Land Acquisition Approval,2019-12-09,2020-01-15,Approved,State Cabinet,8
APP-0004757,LG-000894,Financial Approval,2020-02-17,2020-04-16,Approved,District Collectorate,13
APP-0004758,LG-000895,Administrative Approval,2021-06-19,2021-08-25,Approved,State Cabinet,1
APP-0004759,LG-000895,Environmental Clearance,2021-06-06,,In Review,District Collectorate,149
APP-0004760,LG-000895,Land Acquisition Approval,2021-06-16,,Submitted,District Collectorate,133
APP-0004761,LG-000895,Financial Approval,2021-03-25,2021-07-08,Approved,MoEFCC,5
APP-0004762,LG-000895,Government Notification,2021-05-16,,In Review,State Cabinet,95
APP-0004763,LG-000895,Administrative Approval,2021-04-24,,Conditionally Approved,State Cabinet,117
APP-0004764,LG-000895,Environmental Clearance,2021-03-24,,In Review,State Cabinet,104
APP-0004765,LG-000895,Land Acquisition Approval,2021-05-13,,Conditionally Approved,District Collectorate,99
APP-0004766,LG-000896,Administrative Approval,2023-01-20,,Conditionally Approved,Finance Ministry,43
APP-0004767,LG-000896,Environmental Clearance,2023-03-25,,Conditionally Approved,Finance Ministry,141
APP-0004768,LG-000896,Land Acquisition Approval,2023-04-02,2023-06-02,Approved,MoEFCC,4
APP-0004769,LG-000896,Financial Approval,2023-02-15,,Submitted,MoEFCC,77
APP-0004770,LG-000897,Administrative Approval,2024-04-16,2024-06-10,Approved,Finance Ministry,3
APP-0004771,LG-000897,Environmental Clearance,2024-05-22,2024-08-28,Approved,Finance Ministry,15
APP-0004772,LG-000897,Land Acquisition Approval,2024-03-04,2024-05-09,Approved,District Collectorate,9
APP-0004773,LG-000897,Financial Approval,2024-05-21,2024-09-01,Approved,Finance Ministry,2
APP-0004774,LG-000897,Government Notification,2024-05-14,2024-06-30,Approved,Finance Ministry,9
APP-0004775,LG-000898,Administrative Approval,2024-11-04,2024-12-17,Approved,State Cabinet,10
APP-0004776,LG-000898,Environmental Clearance,2024-11-18,,Submitted,District Collectorate,41
APP-0004777,LG-000898,Land Acquisition Approval,2024-11-23,2025-03-16,Approved,MoEFCC,13
APP-0004778,LG-000898,Financial Approval,2024-11-23,2025-03-17,Approved,District Collectorate,1
APP-0004779,LG-000898,Government Notification,2024-12-21,2025-03-12,Approved,District Collectorate,3
APP-0004780,LG-000898,Administrative Approval,2024-10-24,2025-01-31,Approved,Finance Ministry,13
APP-0004781,LG-000898,Environmental Clearance,2024-12-13,2025-01-31,Approved,Finance Ministry,0
APP-0004782,LG-000899,Administrative Approval,2021-07-21,2021-10-27,Approved,Finance Ministry,11
APP-0004783,LG-000899,Environmental Clearance,2021-06-22,2021-08-29,Approved,District Collectorate,12
APP-0004784,LG-000899,Land Acquisition Approval,2021-08-01,2021-09-28,Approved,Finance Ministry,15
APP-0004785,LG-000899,Financial Approval,2021-06-10,,Conditionally Approved,District Collectorate,100
APP-0004786,LG-000899,Government Notification,2021-07-27,2021-11-08,Approved,State Cabinet,6
APP-0004787,LG-000899,Administrative Approval,2021-06-17,2021-07-18,Approved,MoEFCC,14
APP-0004788,LG-000899,Environmental Clearance,2021-08-10,,In Review,State Cabinet,110
APP-0004789,LG-000900,Administrative Approval,2019-12-06,,Conditionally Approved,State Cabinet,92
APP-0004790,LG-000900,Environmental Clearance,2020-01-07,,Conditionally Approved,Finance Ministry,83
APP-0004791,LG-000900,Land Acquisition Approval,2019-11-08,,In Review,District Collectorate,64
APP-0004792,LG-000900,Financial Approval,2019-10-25,,In Review,Finance Ministry,146
APP-0004793,LG-000900,Government Notification,2020-01-02,,Conditionally Approved,MoEFCC,89
APP-0004794,LG-000900,Administrative Approval,2019-10-23,,Submitted,Finance Ministry,56
APP-0004795,LG-000900,Environmental Clearance,2020-01-06,,In Review,State Cabinet,110
APP-0004796,LG-000900,Land Acquisition Approval,2019-10-25,,In Review,District Collectorate,67
APP-0004797,LG-000901,Administrative Approval,2020-08-21,2020-12-08,Approved,District Collectorate,3
APP-0004798,LG-000901,Environmental Clearance,2020-09-10,2020-11-28,Approved,Finance Ministry,8
APP-0004799,LG-000901,Land Acquisition Approval,2020-06-27,2020-10-08,Approved,Finance Ministry,10
APP-0004800,LG-000902,Administrative Approval,2021-01-17,2021-05-06,Approved,State Cabinet,7
APP-0004801,LG-000902,Environmental Clearance,2021-03-16,2021-06-02,Approved,MoEFCC,11
APP-0004802,LG-000902,Land Acquisition Approval,2021-02-16,2021-04-03,Approved,District Collectorate,2
APP-0004803,LG-000902,Financial Approval,2021-02-06,2021-05-05,Approved,MoEFCC,7
APP-0004804,LG-000902,Government Notification,2021-03-04,2021-04-03,Approved,MoEFCC,12
APP-0004805,LG-000902,Administrative Approval,2021-01-31,,Conditionally Approved,Finance Ministry,137
APP-0004806,LG-000903,Administrative Approval,2019-07-21,,Submitted,State Cabinet,55
APP-0004807,LG-000903,Environmental Clearance,2019-07-22,2019-08-22,Approved,District Collectorate,6
APP-0004808,LG-000903,Land Acquisition Approval,2019-07-25,2019-11-06,Approved,State Cabinet,7
APP-0004809,LG-000903,Financial Approval,2019-07-11,2019-09-22,Approved,State Cabinet,6
APP-0004810,LG-000903,Government Notification,2019-08-16,2019-12-14,Approved,District Collectorate,7
APP-0004811,LG-000903,Administrative Approval,2019-08-10,,Conditionally Approved,MoEFCC,94
APP-0004812,LG-000903,Environmental Clearance,2019-08-29,,Conditionally Approved,Finance Ministry,113
APP-0004813,LG-000904,Administrative Approval,2021-05-25,2021-08-30,Approved,Finance Ministry,13
APP-0004814,LG-000904,Environmental Clearance,2021-07-19,2021-08-18,Approved,Finance Ministry,7
APP-0004815,LG-000904,Land Acquisition Approval,2021-06-15,2021-08-12,Approved,District Collectorate,4
APP-0004816,LG-000904,Financial Approval,2021-07-20,2021-10-01,Approved,MoEFCC,4
APP-0004817,LG-000904,Government Notification,2021-08-02,2021-10-04,Approved,District Collectorate,13
APP-0004818,LG-000904,Administrative Approval,2021-06-17,2021-08-16,Approved,District Collectorate,11
APP-0004819,LG-000904,Environmental Clearance,2021-07-21,2021-10-29,Approved,MoEFCC,6
APP-0004820,LG-000904,Land Acquisition Approval,2021-07-30,2021-11-13,Approved,MoEFCC,1
APP-0004821,LG-000905,Administrative Approval,2021-04-02,,In Review,Finance Ministry,81
APP-0004822,LG-000905,Environmental Clearance,2021-04-16,2021-07-08,Approved,State Cabinet,0
APP-0004823,LG-000905,Land Acquisition Approval,2021-05-27,2021-08-06,Approved,District Collectorate,13
APP-0004824,LG-000905,Financial Approval,2021-04-03,,In Review,Finance Ministry,65
APP-0004825,LG-000906,Administrative Approval,2023-07-21,,Submitted,Finance Ministry,83
APP-0004826,LG-000906,Environmental Clearance,2023-07-12,2023-10-11,Approved,MoEFCC,13
APP-0004827,LG-000906,Land Acquisition Approval,2023-05-31,,Submitted,Finance Ministry,30
APP-0004828,LG-000906,Financial Approval,2023-05-29,,Submitted,MoEFCC,35
APP-0004829,LG-000906,Government Notification,2023-07-24,2023-11-05,Approved,State Cabinet,3
APP-0004830,LG-000907,Administrative Approval,2024-02-21,2024-05-09,Approved,MoEFCC,14
APP-0004831,LG-000907,Environmental Clearance,2024-02-24,2024-05-10,Approved,Finance Ministry,8
APP-0004832,LG-000907,Land Acquisition Approval,2024-02-27,2024-04-08,Approved,State Cabinet,10
APP-0004833,LG-000907,Financial Approval,2024-03-18,2024-06-27,Approved,State Cabinet,1
APP-0004834,LG-000907,Government Notification,2024-03-11,2024-05-11,Approved,Finance Ministry,11
APP-0004835,LG-000907,Administrative Approval,2024-03-01,2024-04-12,Approved,Finance Ministry,7
APP-0004836,LG-000907,Environmental Clearance,2024-02-28,2024-05-30,Approved,District Collectorate,5
APP-0004837,LG-000907,Land Acquisition Approval,2024-03-03,2024-04-16,Approved,District Collectorate,4
APP-0004838,LG-000908,Administrative Approval,2023-03-15,2023-04-25,Approved,District Collectorate,11
APP-0004839,LG-000908,Environmental Clearance,2023-02-13,2023-03-20,Approved,District Collectorate,6
APP-0004840,LG-000908,Land Acquisition Approval,2023-03-29,2023-05-06,Approved,MoEFCC,8
APP-0004841,LG-000908,Financial Approval,2023-01-21,2023-04-24,Approved,State Cabinet,3
APP-0004842,LG-000908,Government Notification,2023-01-03,2023-04-25,Approved,MoEFCC,0
APP-0004843,LG-000908,Administrative Approval,2023-02-07,2023-04-16,Approved,MoEFCC,9
APP-0004844,LG-000908,Environmental Clearance,2023-02-23,2023-04-26,Approved,District Collectorate,4
APP-0004845,LG-000908,Land Acquisition Approval,2023-02-20,2023-04-26,Approved,MoEFCC,10
APP-0004846,LG-000909,Administrative Approval,2024-08-12,2024-11-17,Approved,MoEFCC,12
APP-0004847,LG-000909,Environmental Clearance,2024-07-11,2024-08-18,Approved,Finance Ministry,1
APP-0004848,LG-000909,Land Acquisition Approval,2024-07-29,,Conditionally Approved,State Cabinet,59
APP-0004849,LG-000909,Financial Approval,2024-07-14,,In Review,MoEFCC,66
APP-0004850,LG-000909,Government Notification,2024-09-04,2024-10-24,Approved,State Cabinet,8
APP-0004851,LG-000910,Administrative Approval,2018-04-19,2018-07-21,Approved,State Cabinet,13
APP-0004852,LG-000910,Environmental Clearance,2018-02-27,,Conditionally Approved,Finance Ministry,124
APP-0004853,LG-000910,Land Acquisition Approval,2018-03-14,,In Review,MoEFCC,35
APP-0004854,LG-000910,Financial Approval,2018-03-09,2018-04-10,Approved,District Collectorate,4
APP-0004855,LG-000910,Government Notification,2018-03-08,,Conditionally Approved,State Cabinet,140
APP-0004856,LG-000911,Administrative Approval,2020-01-24,,Submitted,State Cabinet,44
APP-0004857,LG-000911,Environmental Clearance,2020-02-23,,Submitted,District Collectorate,39
APP-0004858,LG-000911,Land Acquisition Approval,2020-01-09,,Submitted,State Cabinet,116
APP-0004859,LG-000911,Financial Approval,2020-01-05,,Submitted,State Cabinet,77
APP-0004860,LG-000911,Government Notification,2020-01-11,,Conditionally Approved,Finance Ministry,122
APP-0004861,LG-000911,Administrative Approval,2019-12-31,2020-02-01,Approved,MoEFCC,6
APP-0004862,LG-000912,Administrative Approval,2021-08-17,,Conditionally Approved,District Collectorate,68
APP-0004863,LG-000912,Environmental Clearance,2021-11-06,2022-01-11,Approved,MoEFCC,9
APP-0004864,LG-000912,Land Acquisition Approval,2021-08-27,,In Review,MoEFCC,30
APP-0004865,LG-000912,Financial Approval,2021-08-15,2021-11-29,Approved,District Collectorate,5
APP-0004866,LG-000912,Government Notification,2021-10-04,2022-01-30,Approved,District Collectorate,15
APP-0004867,LG-000912,Administrative Approval,2021-09-08,,In Review,District Collectorate,34
APP-0004868,LG-000912,Environmental Clearance,2021-08-23,2021-10-06,Approved,District Collectorate,5
APP-0004869,LG-000913,Administrative Approval,2023-10-22,2024-01-27,Approved,Finance Ministry,4
APP-0004870,LG-000913,Environmental Clearance,2023-10-17,2024-01-04,Approved,State Cabinet,8
APP-0004871,LG-000913,Land Acquisition Approval,2023-11-21,2024-01-31,Approved,MoEFCC,3
APP-0004872,LG-000913,Financial Approval,2023-09-06,2023-12-05,Approved,State Cabinet,7
APP-0004873,LG-000913,Government Notification,2023-10-24,2023-12-30,Approved,State Cabinet,8
APP-0004874,LG-000913,Administrative Approval,2023-11-22,2024-02-23,Approved,Finance Ministry,5
APP-0004875,LG-000913,Environmental Clearance,2023-11-25,2024-03-11,Approved,MoEFCC,7
APP-0004876,LG-000914,Administrative Approval,2024-09-18,2024-11-28,Approved,MoEFCC,13
APP-0004877,LG-000914,Environmental Clearance,2024-09-25,2024-12-01,Approved,MoEFCC,8
APP-0004878,LG-000914,Land Acquisition Approval,2024-07-18,2024-10-26,Approved,State Cabinet,13
APP-0004879,LG-000914,Financial Approval,2024-09-18,2024-11-25,Approved,District Collectorate,14
APP-0004880,LG-000914,Government Notification,2024-07-28,2024-10-23,Approved,State Cabinet,0
APP-0004881,LG-000914,Administrative Approval,2024-09-27,2024-12-31,Approved,MoEFCC,10
APP-0004882,LG-000914,Environmental Clearance,2024-08-15,2024-09-29,Approved,Finance Ministry,12
APP-0004883,LG-000914,Land Acquisition Approval,2024-08-23,2024-12-06,Approved,Finance Ministry,1
APP-0004884,LG-000915,Administrative Approval,2018-12-09,2019-01-29,Approved,State Cabinet,6
APP-0004885,LG-000915,Environmental Clearance,2018-12-29,,In Review,State Cabinet,33
APP-0004886,LG-000915,Land Acquisition Approval,2018-12-11,,In Review,District Collectorate,41
APP-0004887,LG-000915,Financial Approval,2018-12-24,,Conditionally Approved,MoEFCC,78
APP-0004888,LG-000915,Government Notification,2018-10-08,,Submitted,District Collectorate,121
APP-0004889,LG-000915,Administrative Approval,2018-10-29,,In Review,State Cabinet,55
APP-0004890,LG-000915,Environmental Clearance,2018-10-17,,Submitted,Finance Ministry,134
APP-0004891,LG-000916,Administrative Approval,2020-09-27,2020-12-09,Approved,District Collectorate,12
APP-0004892,LG-000916,Environmental Clearance,2020-09-29,2020-11-03,Approved,MoEFCC,5
APP-0004893,LG-000916,Land Acquisition Approval,2020-09-01,2020-12-10,Approved,Finance Ministry,10
APP-0004894,LG-000916,Financial Approval,2020-08-22,2020-10-29,Approved,MoEFCC,4
APP-0004895,LG-000916,Government Notification,2020-09-04,,Conditionally Approved,District Collectorate,54
APP-0004896,LG-000916,Administrative Approval,2020-10-04,2020-12-17,Approved,District Collectorate,12
APP-0004897,LG-000916,Environmental Clearance,2020-07-24,2020-10-11,Approved,State Cabinet,7
APP-0004898,LG-000916,Land Acquisition Approval,2020-09-25,2020-11-29,Approved,Finance Ministry,14
APP-0004899,LG-000917,Administrative Approval,2020-12-15,2021-03-14,Approved,MoEFCC,1
APP-0004900,LG-000917,Environmental Clearance,2020-10-28,2020-12-19,Approved,Finance Ministry,9
APP-0004901,LG-000917,Land Acquisition Approval,2020-12-15,,Submitted,MoEFCC,120
APP-0004902,LG-000917,Financial Approval,2020-10-28,2020-12-28,Approved,MoEFCC,11
APP-0004903,LG-000917,Government Notification,2020-11-24,2021-01-28,Approved,District Collectorate,14
APP-0004904,LG-000917,Administrative Approval,2020-12-16,2021-02-23,Approved,State Cabinet,3
APP-0004905,LG-000917,Environmental Clearance,2021-01-14,2021-04-25,Approved,MoEFCC,15
APP-0004906,LG-000918,Administrative Approval,2019-05-19,2019-08-29,Approved,Finance Ministry,15
APP-0004907,LG-000918,Environmental Clearance,2019-05-27,2019-07-03,Approved,Finance Ministry,2
APP-0004908,LG-000918,Land Acquisition Approval,2019-07-29,2019-10-15,Approved,MoEFCC,5
APP-0004909,LG-000918,Financial Approval,2019-07-17,2019-10-09,Approved,State Cabinet,14
APP-0004910,LG-000918,Government Notification,2019-07-06,,In Review,Finance Ministry,92
APP-0004911,LG-000918,Administrative Approval,2019-07-02,,Conditionally Approved,District Collectorate,147
APP-0004912,LG-000918,Environmental Clearance,2019-06-25,2019-09-17,Approved,District Collectorate,11
APP-0004913,LG-000919,Administrative Approval,2018-05-10,2018-08-15,Approved,Finance Ministry,2
APP-0004914,LG-000919,Environmental Clearance,2018-06-02,,Submitted,MoEFCC,143
APP-0004915,LG-000919,Land Acquisition Approval,2018-07-09,,Submitted,Finance Ministry,38
APP-0004916,LG-000919,Financial Approval,2018-05-30,2018-07-31,Approved,Finance Ministry,6
APP-0004917,LG-000920,Administrative Approval,2018-07-04,2018-09-18,Approved,Finance Ministry,14
APP-0004918,LG-000920,Environmental Clearance,2018-05-13,,Submitted,Finance Ministry,143
APP-0004919,LG-000920,Land Acquisition Approval,2018-06-03,2018-07-21,Approved,Finance Ministry,10
APP-0004920,LG-000920,Financial Approval,2018-07-10,2018-10-10,Approved,MoEFCC,9
APP-0004921,LG-000920,Government Notification,2018-05-16,2018-07-02,Approved,District Collectorate,0
APP-0004922,LG-000920,Administrative Approval,2018-07-24,2018-10-02,Approved,State Cabinet,6
APP-0004923,LG-000920,Environmental Clearance,2018-05-15,2018-07-18,Approved,Finance Ministry,0
APP-0004924,LG-000920,Land Acquisition Approval,2018-05-29,,Conditionally Approved,District Collectorate,111
APP-0004925,LG-000921,Administrative Approval,2022-12-01,2023-03-26,Approved,Finance Ministry,9
APP-0004926,LG-000921,Environmental Clearance,2022-12-29,2023-04-28,Approved,District Collectorate,1
APP-0004927,LG-000921,Land Acquisition Approval,2022-10-27,2023-01-11,Approved,District Collectorate,2
APP-0004928,LG-000921,Financial Approval,2022-12-24,2023-03-31,Approved,Finance Ministry,3
APP-0004929,LG-000921,Government Notification,2022-10-23,2023-02-13,Approved,State Cabinet,9
APP-0004930,LG-000921,Administrative Approval,2022-12-05,,Submitted,District Collectorate,119
APP-0004931,LG-000921,Environmental Clearance,2022-10-09,,Submitted,District Collectorate,54
APP-0004932,LG-000921,Land Acquisition Approval,2022-10-28,2023-02-11,Approved,District Collectorate,4
APP-0004933,LG-000922,Administrative Approval,2018-11-28,2019-02-24,Approved,MoEFCC,12
APP-0004934,LG-000922,Environmental Clearance,2018-12-25,2019-04-10,Approved,District Collectorate,3
APP-0004935,LG-000922,Land Acquisition Approval,2018-10-29,,In Review,State Cabinet,66
APP-0004936,LG-000923,Administrative Approval,2018-07-21,2018-11-04,Approved,Finance Ministry,12
APP-0004937,LG-000923,Environmental Clearance,2018-07-20,,Conditionally Approved,State Cabinet,109
APP-0004938,LG-000923,Land Acquisition Approval,2018-05-20,2018-07-19,Approved,Finance Ministry,8
APP-0004939,LG-000924,Administrative Approval,2022-03-05,2022-04-20,Approved,Finance Ministry,13
APP-0004940,LG-000924,Environmental Clearance,2022-03-19,,Conditionally Approved,Finance Ministry,94
APP-0004941,LG-000924,Land Acquisition Approval,2022-02-28,2022-06-12,Approved,MoEFCC,10
APP-0004942,LG-000924,Financial Approval,2022-03-09,,Conditionally Approved,Finance Ministry,112
APP-0004943,LG-000925,Administrative Approval,2019-07-18,2019-10-14,Approved,Finance Ministry,5
APP-0004944,LG-000925,Environmental Clearance,2019-09-22,2019-12-29,Approved,Finance Ministry,0
APP-0004945,LG-000925,Land Acquisition Approval,2019-07-09,2019-08-12,Approved,MoEFCC,0
APP-0004946,LG-000925,Financial Approval,2019-08-07,2019-10-27,Approved,Finance Ministry,2
APP-0004947,LG-000925,Government Notification,2019-08-29,2019-12-07,Approved,State Cabinet,15
APP-0004948,LG-000926,Administrative Approval,2022-02-20,2022-06-09,Approved,State Cabinet,3
APP-0004949,LG-000926,Environmental Clearance,2022-02-22,2022-04-03,Approved,MoEFCC,10
APP-0004950,LG-000926,Land Acquisition Approval,2022-03-26,2022-05-15,Approved,State Cabinet,1
APP-0004951,LG-000927,Administrative Approval,2019-01-05,,Submitted,State Cabinet,92
APP-0004952,LG-000927,Environmental Clearance,2018-12-24,2019-03-29,Approved,Finance Ministry,4
APP-0004953,LG-000927,Land Acquisition Approval,2018-12-04,2019-04-02,Approved,MoEFCC,11
APP-0004954,LG-000927,Financial Approval,2018-11-12,2019-02-17,Approved,District Collectorate,13
APP-0004955,LG-000928,Administrative Approval,2018-05-06,,Conditionally Approved,MoEFCC,82
APP-0004956,LG-000928,Environmental Clearance,2018-04-22,,In Review,District Collectorate,34
APP-0004957,LG-000928,Land Acquisition Approval,2018-06-05,,Submitted,MoEFCC,147
APP-0004958,LG-000929,Administrative Approval,2018-05-31,2018-08-22,Approved,State Cabinet,2
APP-0004959,LG-000929,Environmental Clearance,2018-03-27,2018-06-06,Approved,MoEFCC,8
APP-0004960,LG-000929,Land Acquisition Approval,2018-05-22,2018-08-17,Approved,MoEFCC,7
APP-0004961,LG-000929,Financial Approval,2018-05-17,2018-06-25,Approved,MoEFCC,9
APP-0004962,LG-000929,Government Notification,2018-04-13,2018-06-21,Approved,Finance Ministry,13
APP-0004963,LG-000930,Administrative Approval,2022-02-02,2022-04-09,Approved,District Collectorate,6
APP-0004964,LG-000930,Environmental Clearance,2022-03-09,2022-07-04,Approved,District Collectorate,6
APP-0004965,LG-000930,Land Acquisition Approval,2022-01-26,,In Review,MoEFCC,131
APP-0004966,LG-000930,Financial Approval,2022-04-08,2022-06-17,Approved,District Collectorate,5
APP-0004967,LG-000930,Government Notification,2022-01-20,2022-03-08,Approved,Finance Ministry,9
APP-0004968,LG-000930,Administrative Approval,2022-04-02,,Submitted,MoEFCC,117
APP-0004969,LG-000930,Environmental Clearance,2022-04-17,2022-06-09,Approved,State Cabinet,5
APP-0004970,LG-000930,Land Acquisition Approval,2022-02-26,2022-06-02,Approved,Finance Ministry,15
APP-0004971,LG-000931,Administrative Approval,2022-08-25,2022-11-04,Approved,Finance Ministry,15
APP-0004972,LG-000931,Environmental Clearance,2022-08-18,2022-10-07,Approved,District Collectorate,7
APP-0004973,LG-000931,Land Acquisition Approval,2022-08-17,2022-11-19,Approved,State Cabinet,3
APP-0004974,LG-000932,Administrative Approval,2024-04-13,2024-05-29,Approved,MoEFCC,12
APP-0004975,LG-000932,Environmental Clearance,2024-02-10,2024-04-20,Approved,District Collectorate,11
APP-0004976,LG-000932,Land Acquisition Approval,2024-02-01,2024-03-16,Approved,District Collectorate,11
APP-0004977,LG-000933,Administrative Approval,2021-12-17,2022-03-10,Approved,District Collectorate,14
APP-0004978,LG-000933,Environmental Clearance,2021-12-25,2022-02-13,Approved,State Cabinet,2
APP-0004979,LG-000933,Land Acquisition Approval,2022-01-22,2022-04-24,Approved,State Cabinet,2
APP-0004980,LG-000933,Financial Approval,2022-01-29,2022-05-01,Approved,State Cabinet,14
APP-0004981,LG-000933,Government Notification,2022-01-23,2022-05-19,Approved,MoEFCC,1
APP-0004982,LG-000933,Administrative Approval,2022-01-08,2022-04-17,Approved,District Collectorate,8
APP-0004983,LG-000933,Environmental Clearance,2022-01-02,,Submitted,State Cabinet,63
APP-0004984,LG-000934,Administrative Approval,2024-05-28,2024-06-28,Approved,District Collectorate,5
APP-0004985,LG-000934,Environmental Clearance,2024-04-30,2024-07-14,Approved,District Collectorate,9
APP-0004986,LG-000934,Land Acquisition Approval,2024-06-10,2024-10-07,Approved,State Cabinet,14
APP-0004987,LG-000934,Financial Approval,2024-05-21,2024-07-14,Approved,State Cabinet,0
APP-0004988,LG-000935,Administrative Approval,2024-01-02,2024-04-03,Approved,Finance Ministry,5
APP-0004989,LG-000935,Environmental Clearance,2024-01-11,2024-03-14,Approved,MoEFCC,15
APP-0004990,LG-000935,Land Acquisition Approval,2024-01-12,2024-03-26,Approved,State Cabinet,8
APP-0004991,LG-000935,Financial Approval,2024-02-21,,Conditionally Approved,District Collectorate,138
APP-0004992,LG-000935,Government Notification,2024-03-13,2024-06-03,Approved,State Cabinet,2
APP-0004993,LG-000936,Administrative Approval,2019-03-11,,In Review,Finance Ministry,70
APP-0004994,LG-000936,Environmental Clearance,2018-12-21,2019-04-13,Approved,District Collectorate,9
APP-0004995,LG-000936,Land Acquisition Approval,2018-12-17,,In Review,State Cabinet,148
APP-0004996,LG-000937,Administrative Approval,2024-07-21,2024-11-18,Approved,District Collectorate,8
APP-0004997,LG-000937,Environmental Clearance,2024-09-12,2024-12-09,Approved,State Cabinet,7
APP-0004998,LG-000937,Land Acquisition Approval,2024-09-06,2025-01-01,Approved,MoEFCC,8
APP-0004999,LG-000937,Financial Approval,2024-08-08,2024-09-19,Approved,District Collectorate,2
APP-0005000,LG-000937,Government Notification,2024-07-26,2024-09-30,Approved,District Collectorate,6
APP-0005001,LG-000937,Administrative Approval,2024-09-22,2024-12-15,Approved,Finance Ministry,10
APP-0005002,LG-000938,Administrative Approval,2024-03-17,2024-06-24,Approved,Finance Ministry,11
APP-0005003,LG-000938,Environmental Clearance,2024-03-31,2024-05-19,Approved,Finance Ministry,7
APP-0005004,LG-000938,Land Acquisition Approval,2024-05-25,2024-09-22,Approved,MoEFCC,12
APP-0005005,LG-000938,Financial Approval,2024-04-19,,Submitted,State Cabinet,67
APP-0005006,LG-000938,Government Notification,2024-03-23,2024-07-10,Approved,District Collectorate,7
APP-0005007,LG-000938,Administrative Approval,2024-05-28,2024-07-11,Approved,MoEFCC,15
APP-0005008,LG-000938,Environmental Clearance,2024-04-15,2024-05-30,Approved,MoEFCC,3
APP-0005009,LG-000938,Land Acquisition Approval,2024-03-18,2024-07-14,Approved,District Collectorate,1
APP-0005010,LG-000939,Administrative Approval,2023-02-15,2023-04-26,Approved,District Collectorate,5
APP-0005011,LG-000939,Environmental Clearance,2023-03-29,2023-05-20,Approved,Finance Ministry,11
APP-0005012,LG-000939,Land Acquisition Approval,2023-02-16,2023-04-29,Approved,MoEFCC,13
APP-0005013,LG-000939,Financial Approval,2023-02-12,2023-04-11,Approved,Finance Ministry,13
APP-0005014,LG-000939,Government Notification,2023-02-02,2023-04-01,Approved,District Collectorate,1
APP-0005015,LG-000940,Administrative Approval,2024-03-03,2024-04-23,Approved,State Cabinet,3
APP-0005016,LG-000940,Environmental Clearance,2024-04-27,,Submitted,Finance Ministry,140
APP-0005017,LG-000940,Land Acquisition Approval,2024-02-13,,Submitted,Finance Ministry,97
APP-0005018,LG-000940,Financial Approval,2024-03-07,2024-05-13,Approved,District Collectorate,3
APP-0005019,LG-000940,Government Notification,2024-04-04,2024-06-20,Approved,MoEFCC,1
APP-0005020,LG-000940,Administrative Approval,2024-02-18,2024-05-21,Approved,State Cabinet,14
APP-0005021,LG-000940,Environmental Clearance,2024-02-06,2024-04-24,Approved,State Cabinet,10
APP-0005022,LG-000940,Land Acquisition Approval,2024-02-10,2024-05-12,Approved,MoEFCC,2
APP-0005023,LG-000941,Administrative Approval,2022-04-23,,In Review,MoEFCC,116
APP-0005024,LG-000941,Environmental Clearance,2022-04-19,2022-07-02,Approved,District Collectorate,1
APP-0005025,LG-000941,Land Acquisition Approval,2022-03-30,2022-07-05,Approved,State Cabinet,8
APP-0005026,LG-000941,Financial Approval,2022-04-29,,In Review,District Collectorate,95
APP-0005027,LG-000941,Government Notification,2022-03-12,,In Review,State Cabinet,49
APP-0005028,LG-000941,Administrative Approval,2022-05-10,2022-08-16,Approved,State Cabinet,13
APP-0005029,LG-000941,Environmental Clearance,2022-05-20,,Conditionally Approved,MoEFCC,47
APP-0005030,LG-000941,Land Acquisition Approval,2022-03-11,,Conditionally Approved,State Cabinet,36
APP-0005031,LG-000942,Administrative Approval,2020-01-08,2020-04-18,Approved,District Collectorate,8
APP-0005032,LG-000942,Environmental Clearance,2020-01-21,,Conditionally Approved,District Collectorate,63
APP-0005033,LG-000942,Land Acquisition Approval,2020-02-06,,Conditionally Approved,State Cabinet,121
APP-0005034,LG-000942,Financial Approval,2020-02-05,,Conditionally Approved,Finance Ministry,37
APP-0005035,LG-000942,Government Notification,2020-02-08,2020-03-12,Approved,MoEFCC,10
APP-0005036,LG-000942,Administrative Approval,2020-01-18,,In Review,MoEFCC,90
APP-0005037,LG-000942,Environmental Clearance,2020-02-07,,Conditionally Approved,MoEFCC,93
APP-0005038,LG-000942,Land Acquisition Approval,2020-02-05,,Submitted,MoEFCC,124
APP-0005039,LG-000943,Administrative Approval,2021-10-22,,Submitted,MoEFCC,86
APP-0005040,LG-000943,Environmental Clearance,2021-11-20,,Conditionally Approved,State Cabinet,83
APP-0005041,LG-000943,Land Acquisition Approval,2021-10-05,2022-01-18,Approved,MoEFCC,2
APP-0005042,LG-000943,Financial Approval,2021-12-05,,Conditionally Approved,State Cabinet,35
APP-0005043,LG-000943,Government Notification,2021-10-30,2022-01-12,Approved,State Cabinet,9
APP-0005044,LG-000944,Administrative Approval,2020-11-18,,Conditionally Approved,MoEFCC,33
APP-0005045,LG-000944,Environmental Clearance,2021-02-12,2021-04-09,Approved,District Collectorate,4
APP-0005046,LG-000944,Land Acquisition Approval,2020-12-21,,Submitted,MoEFCC,78
APP-0005047,LG-000944,Financial Approval,2020-12-15,2021-02-24,Approved,District Collectorate,2
APP-0005048,LG-000945,Administrative Approval,2019-01-07,2019-02-07,Approved,State Cabinet,11
APP-0005049,LG-000945,Environmental Clearance,2018-10-29,2019-02-16,Approved,District Collectorate,2
APP-0005050,LG-000945,Land Acquisition Approval,2018-12-07,2019-03-13,Approved,District Collectorate,0
APP-0005051,LG-000945,Financial Approval,2018-11-19,,Submitted,State Cabinet,101
APP-0005052,LG-000945,Government Notification,2018-11-07,2018-12-12,Approved,District Collectorate,2
APP-0005053,LG-000946,Administrative Approval,2024-03-19,2024-04-22,Approved,District Collectorate,3
APP-0005054,LG-000946,Environmental Clearance,2024-03-24,2024-07-10,Approved,MoEFCC,12
APP-0005055,LG-000946,Land Acquisition Approval,2024-03-21,,Conditionally Approved,State Cabinet,49
APP-0005056,LG-000946,Financial Approval,2024-04-22,2024-08-01,Approved,State Cabinet,9
APP-0005057,LG-000946,Government Notification,2024-04-02,,Submitted,District Collectorate,108
APP-0005058,LG-000946,Administrative Approval,2024-01-31,,Submitted,MoEFCC,143
APP-0005059,LG-000946,Environmental Clearance,2024-03-25,2024-06-30,Approved,State Cabinet,12
APP-0005060,LG-000946,Land Acquisition Approval,2024-04-08,,Submitted,Finance Ministry,143
APP-0005061,LG-000947,Administrative Approval,2023-08-26,2023-10-06,Approved,MoEFCC,11
APP-0005062,LG-000947,Environmental Clearance,2023-09-02,2023-11-24,Approved,Finance Ministry,8
APP-0005063,LG-000947,Land Acquisition Approval,2023-10-04,2024-01-01,Approved,MoEFCC,3
APP-0005064,LG-000947,Financial Approval,2023-09-24,,Submitted,District Collectorate,86
APP-0005065,LG-000947,Government Notification,2023-10-11,,In Review,MoEFCC,111
APP-0005066,LG-000947,Administrative Approval,2023-11-09,,In Review,District Collectorate,85
APP-0005067,LG-000947,Environmental Clearance,2023-10-08,,In Review,District Collectorate,127
APP-0005068,LG-000948,Administrative Approval,2025-03-18,2025-07-05,Approved,MoEFCC,7
APP-0005069,LG-000948,Environmental Clearance,2025-02-23,,In Review,MoEFCC,137
APP-0005070,LG-000948,Land Acquisition Approval,2025-01-09,2025-03-22,Approved,MoEFCC,15
APP-0005071,LG-000948,Financial Approval,2025-03-25,,In Review,Finance Ministry,100
APP-0005072,LG-000949,Administrative Approval,2024-04-10,2024-05-27,Approved,Finance Ministry,12
APP-0005073,LG-000949,Environmental Clearance,2024-03-03,2024-06-27,Approved,District Collectorate,1
APP-0005074,LG-000949,Land Acquisition Approval,2024-03-04,2024-05-29,Approved,Finance Ministry,9
APP-0005075,LG-000949,Financial Approval,2024-03-22,2024-05-19,Approved,District Collectorate,12
APP-0005076,LG-000949,Government Notification,2024-05-16,,In Review,State Cabinet,52
APP-0005077,LG-000950,Administrative Approval,2019-07-24,2019-11-02,Approved,MoEFCC,6
APP-0005078,LG-000950,Environmental Clearance,2019-06-14,,Conditionally Approved,District Collectorate,69
APP-0005079,LG-000950,Land Acquisition Approval,2019-08-01,2019-09-18,Approved,District Collectorate,10
APP-0005080,LG-000950,Financial Approval,2019-07-10,2019-09-13,Approved,Finance Ministry,14
APP-0005081,LG-000950,Government Notification,2019-08-24,2019-11-23,Approved,Finance Ministry,8
APP-0005082,LG-000950,Administrative Approval,2019-08-01,2019-08-31,Approved,MoEFCC,11
APP-0005083,LG-000950,Environmental Clearance,2019-07-15,2019-10-13,Approved,Finance Ministry,14
APP-0005084,LG-000950,Land Acquisition Approval,2019-08-16,,In Review,District Collectorate,93
APP-0005085,LG-000951,Administrative Approval,2020-02-21,,In Review,District Collectorate,33
APP-0005086,LG-000951,Environmental Clearance,2020-02-25,2020-06-10,Approved,Finance Ministry,14
APP-0005087,LG-000951,Land Acquisition Approval,2020-02-22,,Conditionally Approved,Finance Ministry,127
APP-0005088,LG-000951,Financial Approval,2020-02-26,,Submitted,Finance Ministry,113
APP-0005089,LG-000951,Government Notification,2020-03-02,,Submitted,State Cabinet,50
APP-0005090,LG-000952,Administrative Approval,2019-10-06,,Conditionally Approved,MoEFCC,106
APP-0005091,LG-000952,Environmental Clearance,2019-10-02,2020-01-23,Approved,MoEFCC,2
APP-0005092,LG-000952,Land Acquisition Approval,2019-10-14,2019-12-03,Approved,District Collectorate,8
APP-0005093,LG-000953,Administrative Approval,2022-05-16,2022-09-08,Approved,District Collectorate,13
APP-0005094,LG-000953,Environmental Clearance,2022-04-26,2022-07-06,Approved,MoEFCC,11
APP-0005095,LG-000953,Land Acquisition Approval,2022-05-09,2022-08-14,Approved,District Collectorate,14
APP-0005096,LG-000954,Administrative Approval,2018-07-26,,In Review,MoEFCC,111
APP-0005097,LG-000954,Environmental Clearance,2018-09-22,,Submitted,Finance Ministry,145
APP-0005098,LG-000954,Land Acquisition Approval,2018-09-18,2019-01-13,Approved,State Cabinet,8
APP-0005099,LG-000954,Financial Approval,2018-09-16,2018-12-12,Approved,Finance Ministry,3
APP-0005100,LG-000954,Government Notification,2018-07-05,,In Review,MoEFCC,39
APP-0005101,LG-000954,Administrative Approval,2018-09-04,,In Review,MoEFCC,104
APP-0005102,LG-000954,Environmental Clearance,2018-09-13,2018-12-09,Approved,District Collectorate,13
APP-0005103,LG-000954,Land Acquisition Approval,2018-08-10,,In Review,State Cabinet,55
APP-0005104,LG-000955,Administrative Approval,2020-08-21,,Conditionally Approved,MoEFCC,67
APP-0005105,LG-000955,Environmental Clearance,2020-07-14,,Conditionally Approved,District Collectorate,120
APP-0005106,LG-000955,Land Acquisition Approval,2020-07-11,2020-09-20,Approved,Finance Ministry,6
APP-0005107,LG-000956,Administrative Approval,2022-02-18,2022-03-27,Approved,District Collectorate,4
APP-0005108,LG-000956,Environmental Clearance,2022-01-13,2022-03-30,Approved,State Cabinet,14
APP-0005109,LG-000956,Land Acquisition Approval,2022-01-27,2022-05-17,Approved,Finance Ministry,14
APP-0005110,LG-000956,Financial Approval,2022-02-09,2022-03-28,Approved,District Collectorate,5
APP-0005111,LG-000956,Government Notification,2022-03-20,2022-06-12,Approved,Finance Ministry,12
APP-0005112,LG-000956,Administrative Approval,2022-01-26,2022-04-30,Approved,State Cabinet,9
APP-0005113,LG-000956,Environmental Clearance,2022-02-02,2022-05-04,Approved,District Collectorate,7
APP-0005114,LG-000957,Administrative Approval,2022-11-30,2023-01-09,Approved,State Cabinet,4
APP-0005115,LG-000957,Environmental Clearance,2022-11-08,2023-02-21,Approved,MoEFCC,9
APP-0005116,LG-000957,Land Acquisition Approval,2022-12-12,2023-03-17,Approved,State Cabinet,9
APP-0005117,LG-000957,Financial Approval,2022-11-25,2023-01-27,Approved,Finance Ministry,9
APP-0005118,LG-000957,Government Notification,2022-10-23,,Conditionally Approved,Finance Ministry,140
APP-0005119,LG-000957,Administrative Approval,2022-11-07,2023-02-17,Approved,State Cabinet,3
APP-0005120,LG-000957,Environmental Clearance,2022-11-18,2023-02-09,Approved,Finance Ministry,5
APP-0005121,LG-000958,Administrative Approval,2019-03-15,,Conditionally Approved,Finance Ministry,127
APP-0005122,LG-000958,Environmental Clearance,2019-01-22,2019-04-03,Approved,State Cabinet,9
APP-0005123,LG-000958,Land Acquisition Approval,2019-03-04,2019-04-10,Approved,Finance Ministry,7
APP-0005124,LG-000958,Financial Approval,2019-01-12,2019-04-03,Approved,MoEFCC,7
APP-0005125,LG-000958,Government Notification,2018-12-30,2019-02-14,Approved,MoEFCC,7
APP-0005126,LG-000958,Administrative Approval,2019-03-17,2019-05-15,Approved,MoEFCC,5
APP-0005127,LG-000958,Environmental Clearance,2019-03-06,2019-05-14,Approved,State Cabinet,8
APP-0005128,LG-000959,Administrative Approval,2018-06-11,,In Review,State Cabinet,76
APP-0005129,LG-000959,Environmental Clearance,2018-06-10,2018-07-17,Approved,State Cabinet,5
APP-0005130,LG-000959,Land Acquisition Approval,2018-06-29,,In Review,State Cabinet,84
APP-0005131,LG-000959,Financial Approval,2018-05-16,2018-06-18,Approved,State Cabinet,15
APP-0005132,LG-000959,Government Notification,2018-06-04,,Conditionally Approved,MoEFCC,149
APP-0005133,LG-000959,Administrative Approval,2018-05-02,2018-06-06,Approved,District Collectorate,11
APP-0005134,LG-000959,Environmental Clearance,2018-05-12,2018-07-02,Approved,State Cabinet,0
APP-0005135,LG-000959,Land Acquisition Approval,2018-05-30,2018-08-26,Approved,Finance Ministry,5
APP-0005136,LG-000960,Administrative Approval,2023-10-27,2024-01-25,Approved,State Cabinet,1
APP-0005137,LG-000960,Environmental Clearance,2023-11-05,,Submitted,District Collectorate,92
APP-0005138,LG-000960,Land Acquisition Approval,2023-09-28,,Submitted,District Collectorate,55
APP-0005139,LG-000960,Financial Approval,2023-10-07,,Submitted,MoEFCC,86
APP-0005140,LG-000960,Government Notification,2023-08-31,2023-12-28,Approved,District Collectorate,15
APP-0005141,LG-000961,Administrative Approval,2022-04-13,2022-07-05,Approved,State Cabinet,3
APP-0005142,LG-000961,Environmental Clearance,2022-05-27,2022-07-12,Approved,State Cabinet,5
APP-0005143,LG-000961,Land Acquisition Approval,2022-04-15,2022-05-19,Approved,Finance Ministry,12
APP-0005144,LG-000961,Financial Approval,2022-03-20,2022-07-14,Approved,Finance Ministry,13
APP-0005145,LG-000961,Government Notification,2022-03-23,2022-07-06,Approved,Finance Ministry,13
APP-0005146,LG-000962,Administrative Approval,2020-04-25,2020-06-25,Approved,Finance Ministry,1
APP-0005147,LG-000962,Environmental Clearance,2020-04-28,2020-08-12,Approved,MoEFCC,6
APP-0005148,LG-000962,Land Acquisition Approval,2020-06-23,2020-10-04,Approved,MoEFCC,10
APP-0005149,LG-000962,Financial Approval,2020-06-30,2020-08-24,Approved,State Cabinet,7
APP-0005150,LG-000962,Government Notification,2020-06-30,2020-10-02,Approved,District Collectorate,2
APP-0005151,LG-000962,Administrative Approval,2020-06-10,2020-09-19,Approved,District Collectorate,15
APP-0005152,LG-000962,Environmental Clearance,2020-04-23,2020-08-06,Approved,District Collectorate,8
APP-0005153,LG-000962,Land Acquisition Approval,2020-06-16,2020-09-26,Approved,District Collectorate,10
APP-0005154,LG-000963,Administrative Approval,2021-09-30,2021-11-01,Approved,MoEFCC,4
APP-0005155,LG-000963,Environmental Clearance,2021-09-23,,Conditionally Approved,MoEFCC,66
APP-0005156,LG-000963,Land Acquisition Approval,2021-10-22,,Conditionally Approved,Finance Ministry,126
APP-0005157,LG-000963,Financial Approval,2021-12-12,,Conditionally Approved,Finance Ministry,48
APP-0005158,LG-000964,Administrative Approval,2019-02-07,,Submitted,District Collectorate,96
APP-0005159,LG-000964,Environmental Clearance,2019-04-14,,Submitted,State Cabinet,54
APP-0005160,LG-000964,Land Acquisition Approval,2019-02-08,,In Review,Finance Ministry,125
APP-0005161,LG-000964,Financial Approval,2019-04-11,,Submitted,Finance Ministry,107
APP-0005162,LG-000965,Administrative Approval,2023-07-26,2023-09-24,Approved,Finance Ministry,6
APP-0005163,LG-000965,Environmental Clearance,2023-08-24,2023-11-14,Approved,MoEFCC,14
APP-0005164,LG-000965,Land Acquisition Approval,2023-08-20,2023-10-16,Approved,State Cabinet,3
APP-0005165,LG-000966,Administrative Approval,2018-12-12,2019-02-04,Approved,State Cabinet,7
APP-0005166,LG-000966,Environmental Clearance,2018-12-18,,Conditionally Approved,Finance Ministry,31
APP-0005167,LG-000966,Land Acquisition Approval,2018-11-18,,Submitted,MoEFCC,87
APP-0005168,LG-000966,Financial Approval,2018-10-27,,Conditionally Approved,Finance Ministry,100
APP-0005169,LG-000966,Government Notification,2018-10-24,2019-01-23,Approved,State Cabinet,15
APP-0005170,LG-000966,Administrative Approval,2018-10-14,2019-01-19,Approved,Finance Ministry,5
APP-0005171,LG-000967,Administrative Approval,2019-10-23,2019-12-12,Approved,District Collectorate,11
APP-0005172,LG-000967,Environmental Clearance,2019-11-08,2020-02-15,Approved,Finance Ministry,4
APP-0005173,LG-000967,Land Acquisition Approval,2020-01-09,,Submitted,MoEFCC,43
APP-0005174,LG-000967,Financial Approval,2020-01-09,2020-05-06,Approved,MoEFCC,12
APP-0005175,LG-000967,Government Notification,2019-11-17,2020-02-26,Approved,District Collectorate,7
APP-0005176,LG-000967,Administrative Approval,2019-10-30,2020-01-23,Approved,MoEFCC,6
APP-0005177,LG-000968,Administrative Approval,2021-09-03,,In Review,MoEFCC,88
APP-0005178,LG-000968,Environmental Clearance,2021-08-09,,Conditionally Approved,State Cabinet,144
APP-0005179,LG-000968,Land Acquisition Approval,2021-07-20,2021-11-03,Approved,State Cabinet,10
APP-0005180,LG-000968,Financial Approval,2021-09-23,2022-01-09,Approved,State Cabinet,8
APP-0005181,LG-000968,Government Notification,2021-09-28,,In Review,MoEFCC,133
APP-0005182,LG-000968,Administrative Approval,2021-07-20,2021-09-02,Approved,MoEFCC,12
APP-0005183,LG-000969,Administrative Approval,2020-07-07,,In Review,District Collectorate,132
APP-0005184,LG-000969,Environmental Clearance,2020-05-26,2020-07-02,Approved,Finance Ministry,10
APP-0005185,LG-000969,Land Acquisition Approval,2020-06-09,,In Review,MoEFCC,150
APP-0005186,LG-000969,Financial Approval,2020-05-15,,In Review,Finance Ministry,60
APP-0005187,LG-000969,Government Notification,2020-06-16,,Submitted,MoEFCC,59
APP-0005188,LG-000969,Administrative Approval,2020-06-18,,Submitted,State Cabinet,51
APP-0005189,LG-000969,Environmental Clearance,2020-07-16,2020-11-12,Approved,MoEFCC,9
APP-0005190,LG-000969,Land Acquisition Approval,2020-05-11,,Conditionally Approved,District Collectorate,37
APP-0005191,LG-000970,Administrative Approval,2022-02-08,2022-05-05,Approved,MoEFCC,12
APP-0005192,LG-000970,Environmental Clearance,2022-01-02,2022-04-18,Approved,MoEFCC,8
APP-0005193,LG-000970,Land Acquisition Approval,2022-01-29,2022-05-22,Approved,MoEFCC,14
APP-0005194,LG-000971,Administrative Approval,2018-08-31,,In Review,District Collectorate,55
APP-0005195,LG-000971,Environmental Clearance,2018-08-08,,Submitted,MoEFCC,44
APP-0005196,LG-000971,Land Acquisition Approval,2018-06-21,2018-09-11,Approved,District Collectorate,4
APP-0005197,LG-000971,Financial Approval,2018-08-08,2018-09-07,Approved,MoEFCC,11
APP-0005198,LG-000972,Administrative Approval,2021-10-08,,Submitted,State Cabinet,119
APP-0005199,LG-000972,Environmental Clearance,2021-09-26,,In Review,State Cabinet,115
APP-0005200,LG-000972,Land Acquisition Approval,2021-08-28,,Submitted,MoEFCC,45
APP-0005201,LG-000973,Administrative Approval,2018-11-11,2019-03-04,Approved,State Cabinet,8
APP-0005202,LG-000973,Environmental Clearance,2018-12-16,2019-02-23,Approved,District Collectorate,2
APP-0005203,LG-000973,Land Acquisition Approval,2018-12-28,2019-04-20,Approved,District Collectorate,10
APP-0005204,LG-000973,Financial Approval,2018-11-04,2018-12-16,Approved,Finance Ministry,14
APP-0005205,LG-000973,Government Notification,2018-10-29,2019-02-18,Approved,District Collectorate,2
APP-0005206,LG-000973,Administrative Approval,2018-11-10,2018-12-24,Approved,MoEFCC,0
APP-0005207,LG-000973,Environmental Clearance,2018-11-28,2019-01-18,Approved,MoEFCC,1
APP-0005208,LG-000973,Land Acquisition Approval,2018-10-16,2019-01-17,Approved,State Cabinet,1
APP-0005209,LG-000974,Administrative Approval,2019-09-17,2019-11-04,Approved,MoEFCC,11
APP-0005210,LG-000974,Environmental Clearance,2019-08-01,2019-09-13,Approved,MoEFCC,7
APP-0005211,LG-000974,Land Acquisition Approval,2019-08-27,2019-12-16,Approved,District Collectorate,3
APP-0005212,LG-000974,Financial Approval,2019-09-09,2019-11-27,Approved,MoEFCC,4
APP-0005213,LG-000974,Government Notification,2019-10-15,2020-02-04,Approved,Finance Ministry,7
APP-0005214,LG-000974,Administrative Approval,2019-08-05,2019-10-08,Approved,State Cabinet,12
APP-0005215,LG-000974,Environmental Clearance,2019-07-24,,Conditionally Approved,District Collectorate,130
APP-0005216,LG-000975,Administrative Approval,2019-10-23,2019-12-02,Approved,District Collectorate,12
APP-0005217,LG-000975,Environmental Clearance,2020-01-12,2020-04-11,Approved,MoEFCC,11
APP-0005218,LG-000975,Land Acquisition Approval,2019-11-18,2020-02-02,Approved,Finance Ministry,13
APP-0005219,LG-000975,Financial Approval,2019-12-31,2020-02-06,Approved,State Cabinet,13
APP-0005220,LG-000975,Government Notification,2019-11-22,2020-01-13,Approved,State Cabinet,9
APP-0005221,LG-000975,Administrative Approval,2019-12-27,2020-02-16,Approved,MoEFCC,12
APP-0005222,LG-000976,Administrative Approval,2023-05-22,2023-08-26,Approved,MoEFCC,15
APP-0005223,LG-000976,Environmental Clearance,2023-06-04,2023-07-18,Approved,Finance Ministry,7
APP-0005224,LG-000976,Land Acquisition Approval,2023-06-10,2023-09-17,Approved,State Cabinet,11
APP-0005225,LG-000977,Administrative Approval,2020-12-27,2021-01-29,Approved,MoEFCC,14
APP-0005226,LG-000977,Environmental Clearance,2020-11-19,2021-03-12,Approved,District Collectorate,1
APP-0005227,LG-000977,Land Acquisition Approval,2020-10-15,,In Review,Finance Ministry,146
APP-0005228,LG-000978,Administrative Approval,2020-08-15,2020-10-01,Approved,MoEFCC,10
APP-0005229,LG-000978,Environmental Clearance,2020-08-18,2020-10-23,Approved,Finance Ministry,10
APP-0005230,LG-000978,Land Acquisition Approval,2020-07-03,2020-08-09,Approved,MoEFCC,0
APP-0005231,LG-000978,Financial Approval,2020-07-18,2020-09-15,Approved,State Cabinet,4
APP-0005232,LG-000979,Administrative Approval,2023-04-11,2023-06-12,Approved,MoEFCC,1
APP-0005233,LG-000979,Environmental Clearance,2023-05-02,2023-07-08,Approved,State Cabinet,8
APP-0005234,LG-000979,Land Acquisition Approval,2023-04-16,2023-06-17,Approved,MoEFCC,9
APP-0005235,LG-000979,Financial Approval,2023-04-30,2023-07-25,Approved,MoEFCC,7
APP-0005236,LG-000979,Government Notification,2023-04-09,2023-06-21,Approved,State Cabinet,9
APP-0005237,LG-000980,Administrative Approval,2024-09-15,2024-10-19,Approved,State Cabinet,8
APP-0005238,LG-000980,Environmental Clearance,2024-10-31,2025-01-22,Approved,State Cabinet,3
APP-0005239,LG-000980,Land Acquisition Approval,2024-10-17,2024-12-31,Approved,MoEFCC,4
APP-0005240,LG-000980,Financial Approval,2024-09-02,2024-10-13,Approved,District Collectorate,13
APP-0005241,LG-000981,Administrative Approval,2023-08-16,2023-10-13,Approved,District Collectorate,0
APP-0005242,LG-000981,Environmental Clearance,2023-08-05,,Conditionally Approved,MoEFCC,122
APP-0005243,LG-000981,Land Acquisition Approval,2023-08-03,,Submitted,State Cabinet,77
APP-0005244,LG-000981,Financial Approval,2023-07-30,2023-09-03,Approved,State Cabinet,14
APP-0005245,LG-000982,Administrative Approval,2023-02-08,2023-03-14,Approved,State Cabinet,11
APP-0005246,LG-000982,Environmental Clearance,2023-03-06,2023-06-02,Approved,MoEFCC,15
APP-0005247,LG-000982,Land Acquisition Approval,2023-03-10,2023-04-22,Approved,District Collectorate,8
APP-0005248,LG-000982,Financial Approval,2023-01-28,2023-04-15,Approved,MoEFCC,4
APP-0005249,LG-000982,Government Notification,2023-03-07,2023-05-01,Approved,Finance Ministry,13
APP-0005250,LG-000982,Administrative Approval,2023-02-25,2023-04-17,Approved,State Cabinet,3
APP-0005251,LG-000983,Administrative Approval,2021-01-15,2021-03-25,Approved,Finance Ministry,15
APP-0005252,LG-000983,Environmental Clearance,2020-12-22,2021-02-06,Approved,MoEFCC,7
APP-0005253,LG-000983,Land Acquisition Approval,2021-01-13,,Submitted,State Cabinet,76
APP-0005254,LG-000983,Financial Approval,2020-12-27,2021-03-05,Approved,District Collectorate,1
APP-0005255,LG-000983,Government Notification,2020-12-21,2021-03-25,Approved,District Collectorate,1
APP-0005256,LG-000983,Administrative Approval,2020-12-23,,In Review,Finance Ministry,79
APP-0005257,LG-000983,Environmental Clearance,2020-10-25,2021-02-14,Approved,Finance Ministry,0
APP-0005258,LG-000984,Administrative Approval,2024-12-02,2025-03-16,Approved,District Collectorate,11
APP-0005259,LG-000984,Environmental Clearance,2024-09-22,2024-12-25,Approved,MoEFCC,15
APP-0005260,LG-000984,Land Acquisition Approval,2024-10-01,2024-12-06,Approved,State Cabinet,14
APP-0005261,LG-000984,Financial Approval,2024-11-16,2025-02-05,Approved,MoEFCC,15
APP-0005262,LG-000984,Government Notification,2024-11-16,2024-12-18,Approved,State Cabinet,13
APP-0005263,LG-000984,Administrative Approval,2024-10-28,2025-02-05,Approved,District Collectorate,15
APP-0005264,LG-000984,Environmental Clearance,2024-11-01,,In Review,Finance Ministry,57
APP-0005265,LG-000984,Land Acquisition Approval,2024-10-01,2025-01-25,Approved,District Collectorate,7
APP-0005266,LG-000985,Administrative Approval,2023-10-02,2023-11-21,Approved,Finance Ministry,3
APP-0005267,LG-000985,Environmental Clearance,2023-11-15,2024-01-14,Approved,Finance Ministry,7
APP-0005268,LG-000985,Land Acquisition Approval,2023-10-15,2024-01-13,Approved,Finance Ministry,1
APP-0005269,LG-000985,Financial Approval,2023-08-28,2023-12-12,Approved,District Collectorate,7
APP-0005270,LG-000985,Government Notification,2023-11-21,2024-01-07,Approved,MoEFCC,7
APP-0005271,LG-000985,Administrative Approval,2023-11-20,,In Review,Finance Ministry,131
APP-0005272,LG-000986,Administrative Approval,2018-08-06,2018-10-28,Approved,District Collectorate,5
APP-0005273,LG-000986,Environmental Clearance,2018-07-03,2018-09-17,Approved,State Cabinet,5
APP-0005274,LG-000986,Land Acquisition Approval,2018-08-12,2018-10-19,Approved,State Cabinet,8
APP-0005275,LG-000986,Financial Approval,2018-08-15,2018-09-14,Approved,MoEFCC,3
APP-0005276,LG-000986,Government Notification,2018-08-11,,Submitted,Finance Ministry,81
APP-0005277,LG-000986,Administrative Approval,2018-05-25,2018-07-25,Approved,MoEFCC,5
APP-0005278,LG-000987,Administrative Approval,2021-04-28,2021-05-30,Approved,District Collectorate,5
APP-0005279,LG-000987,Environmental Clearance,2021-03-28,2021-07-04,Approved,MoEFCC,3
APP-0005280,LG-000987,Land Acquisition Approval,2021-05-04,,Conditionally Approved,State Cabinet,66
APP-0005281,LG-000987,Financial Approval,2021-04-25,2021-07-11,Approved,State Cabinet,14
APP-0005282,LG-000987,Government Notification,2021-05-05,2021-06-28,Approved,District Collectorate,12
APP-0005283,LG-000987,Administrative Approval,2021-04-30,2021-08-07,Approved,MoEFCC,0
APP-0005284,LG-000988,Administrative Approval,2023-05-30,,In Review,State Cabinet,67
APP-0005285,LG-000988,Environmental Clearance,2023-05-30,2023-07-17,Approved,Finance Ministry,2
APP-0005286,LG-000988,Land Acquisition Approval,2023-05-04,2023-08-04,Approved,District Collectorate,3
APP-0005287,LG-000988,Financial Approval,2023-06-06,2023-08-21,Approved,State Cabinet,13
APP-0005288,LG-000988,Government Notification,2023-06-08,2023-09-08,Approved,State Cabinet,5
APP-0005289,LG-000988,Administrative Approval,2023-06-24,2023-08-08,Approved,District Collectorate,1
APP-0005290,LG-000988,Environmental Clearance,2023-07-04,2023-09-13,Approved,District Collectorate,5
APP-0005291,LG-000988,Land Acquisition Approval,2023-07-10,2023-08-20,Approved,District Collectorate,10
APP-0005292,LG-000989,Administrative Approval,2023-04-05,2023-07-24,Approved,State Cabinet,3
APP-0005293,LG-000989,Environmental Clearance,2023-04-12,,Submitted,MoEFCC,68
APP-0005294,LG-000989,Land Acquisition Approval,2023-01-22,2023-03-03,Approved,Finance Ministry,3
APP-0005295,LG-000989,Financial Approval,2023-04-09,,Conditionally Approved,State Cabinet,120
APP-0005296,LG-000989,Government Notification,2023-02-15,2023-04-25,Approved,District Collectorate,13
APP-0005297,LG-000989,Administrative Approval,2023-01-24,2023-04-08,Approved,District Collectorate,13
APP-0005298,LG-000990,Administrative Approval,2022-07-01,2022-09-29,Approved,State Cabinet,15
APP-0005299,LG-000990,Environmental Clearance,2022-06-11,2022-07-17,Approved,Finance Ministry,5
APP-0005300,LG-000990,Land Acquisition Approval,2022-05-14,,Submitted,District Collectorate,125
APP-0005301,LG-000990,Financial Approval,2022-08-10,,In Review,Finance Ministry,106
APP-0005302,LG-000990,Government Notification,2022-06-03,2022-08-06,Approved,State Cabinet,1
APP-0005303,LG-000990,Administrative Approval,2022-07-08,,Conditionally Approved,State Cabinet,124
APP-0005304,LG-000990,Environmental Clearance,2022-06-07,2022-08-23,Approved,Finance Ministry,1
APP-0005305,LG-000990,Land Acquisition Approval,2022-05-18,2022-07-03,Approved,MoEFCC,5
APP-0005306,LG-000991,Administrative Approval,2021-12-22,2022-02-06,Approved,District Collectorate,7
APP-0005307,LG-000991,Environmental Clearance,2021-10-16,2021-11-26,Approved,District Collectorate,6
APP-0005308,LG-000991,Land Acquisition Approval,2021-10-29,,Conditionally Approved,State Cabinet,35
APP-0005309,LG-000991,Financial Approval,2021-11-08,2022-01-12,Approved,State Cabinet,1
APP-0005310,LG-000991,Government Notification,2022-01-14,2022-03-29,Approved,MoEFCC,11
APP-0005311,LG-000991,Administrative Approval,2021-11-29,2022-02-03,Approved,Finance Ministry,8
APP-0005312,LG-000991,Environmental Clearance,2021-12-31,2022-04-07,Approved,District Collectorate,11
APP-0005313,LG-000992,Administrative Approval,2020-03-01,2020-05-28,Approved,State Cabinet,11
APP-0005314,LG-000992,Environmental Clearance,2020-04-18,2020-07-18,Approved,District Collectorate,9
APP-0005315,LG-000992,Land Acquisition Approval,2020-05-09,2020-07-14,Approved,State Cabinet,11
APP-0005316,LG-000992,Financial Approval,2020-03-19,,Conditionally Approved,MoEFCC,71
APP-0005317,LG-000993,Administrative Approval,2021-11-15,2022-01-17,Approved,State Cabinet,15
APP-0005318,LG-000993,Environmental Clearance,2021-11-08,2022-01-02,Approved,District Collectorate,9
APP-0005319,LG-000993,Land Acquisition Approval,2021-11-09,2021-12-19,Approved,Finance Ministry,7
APP-0005320,LG-000993,Financial Approval,2021-10-08,2021-12-08,Approved,Finance Ministry,0
APP-0005321,LG-000993,Government Notification,2021-12-02,2022-02-27,Approved,State Cabinet,0
APP-0005322,LG-000993,Administrative Approval,2021-12-07,2022-02-09,Approved,Finance Ministry,5
APP-0005323,LG-000994,Administrative Approval,2022-10-23,2022-12-14,Approved,MoEFCC,1
APP-0005324,LG-000994,Environmental Clearance,2022-09-17,,Conditionally Approved,State Cabinet,40
APP-0005325,LG-000994,Land Acquisition Approval,2022-09-04,,Submitted,MoEFCC,109
APP-0005326,LG-000994,Financial Approval,2022-10-22,2022-12-03,Approved,MoEFCC,3
APP-0005327,LG-000994,Government Notification,2022-10-07,,Submitted,Finance Ministry,40
APP-0005328,LG-000994,Administrative Approval,2022-08-31,2022-12-13,Approved,District Collectorate,9
APP-0005329,LG-000995,Administrative Approval,2018-06-04,2018-09-11,Approved,State Cabinet,4
APP-0005330,LG-000995,Environmental Clearance,2018-06-19,2018-09-20,Approved,District Collectorate,14
APP-0005331,LG-000995,Land Acquisition Approval,2018-06-16,2018-09-06,Approved,State Cabinet,9
APP-0005332,LG-000995,Financial Approval,2018-05-16,2018-07-26,Approved,Finance Ministry,11
APP-0005333,LG-000995,Government Notification,2018-06-15,2018-08-18,Approved,District Collectorate,2
APP-0005334,LG-000996,Administrative Approval,2023-10-03,,In Review,District Collectorate,131
APP-0005335,LG-000996,Environmental Clearance,2023-10-12,,In Review,District Collectorate,101
APP-0005336,LG-000996,Land Acquisition Approval,2023-07-25,,Submitted,MoEFCC,122
APP-0005337,LG-000996,Financial Approval,2023-07-22,,Submitted,District Collectorate,51
APP-0005338,LG-000996,Government Notification,2023-08-12,2023-11-21,Approved,MoEFCC,7
APP-0005339,LG-000996,Administrative Approval,2023-09-02,,Submitted,District Collectorate,95
APP-0005340,LG-000997,Administrative Approval,2021-12-14,2022-03-04,Approved,District Collectorate,2
APP-0005341,LG-000997,Environmental Clearance,2021-10-28,2022-01-15,Approved,District Collectorate,11
APP-0005342,LG-000997,Land Acquisition Approval,2022-01-15,2022-04-19,Approved,MoEFCC,4
APP-0005343,LG-000997,Financial Approval,2021-11-25,2022-03-16,Approved,MoEFCC,15
APP-0005344,LG-000997,Government Notification,2022-01-06,,In Review,District Collectorate,82
APP-0005345,LG-000997,Administrative Approval,2021-11-02,2022-01-06,Approved,District Collectorate,5
APP-0005346,LG-000998,Administrative Approval,2019-04-06,2019-05-07,Approved,District Collectorate,15
APP-0005347,LG-000998,Environmental Clearance,2019-03-18,2019-05-08,Approved,Finance Ministry,0
APP-0005348,LG-000998,Land Acquisition Approval,2019-04-29,2019-06-20,Approved,State Cabinet,0
APP-0005349,LG-000998,Financial Approval,2019-03-16,2019-06-25,Approved,District Collectorate,5
APP-0005350,LG-000999,Administrative Approval,2024-03-16,2024-04-28,Approved,Finance Ministry,7
APP-0005351,LG-000999,Environmental Clearance,2024-01-03,2024-04-23,Approved,Finance Ministry,6
APP-0005352,LG-000999,Land Acquisition Approval,2024-01-10,2024-03-13,Approved,District Collectorate,2
APP-0005353,LG-000999,Financial Approval,2024-03-24,,Conditionally Approved,Finance Ministry,107
APP-0005354,LG-000999,Government Notification,2024-03-27,,Submitted,Finance Ministry,66
APP-0005355,LG-000999,Administrative Approval,2024-01-09,,Submitted,MoEFCC,47
APP-0005356,LG-001000,Administrative Approval,2021-05-04,,In Review,District Collectorate,139
APP-0005357,LG-001000,Environmental Clearance,2021-02-20,2021-05-29,Approved,Finance Ministry,0
APP-0005358,LG-001000,Land Acquisition Approval,2021-04-21,2021-07-03,Approved,Finance Ministry,11
APP-0005359,LG-001000,Financial Approval,2021-04-13,2021-06-12,Approved,State Cabinet,9
APP-0005360,LG-001000,Government Notification,2021-04-30,2021-07-30,Approved,State Cabinet,6
APP-0005361,LG-001000,Administrative Approval,2021-05-13,2021-08-05,Approved,District Collectorate,13
APP-0005362,LG-001001,Administrative Approval,2024-01-14,,Submitted,MoEFCC,31
APP-0005363,LG-001001,Environmental Clearance,2023-12-24,,In Review,State Cabinet,81
APP-0005364,LG-001001,Land Acquisition Approval,2024-03-17,,Conditionally Approved,MoEFCC,85
APP-0005365,LG-001001,Financial Approval,2024-01-11,,Conditionally Approved,Finance Ministry,61
APP-0005366,LG-001001,Government Notification,2024-02-18,2024-05-07,Approved,State Cabinet,14
APP-0005367,LG-001002,Administrative Approval,2022-07-15,2022-08-23,Approved,Finance Ministry,2
APP-0005368,LG-001002,Environmental Clearance,2022-06-01,,Conditionally Approved,MoEFCC,137
APP-0005369,LG-001002,Land Acquisition Approval,2022-06-21,,In Review,State Cabinet,102
APP-0005370,LG-001002,Financial Approval,2022-06-20,2022-09-12,Approved,District Collectorate,2
APP-0005371,LG-001002,Government Notification,2022-07-26,2022-09-25,Approved,Finance Ministry,11
APP-0005372,LG-001002,Administrative Approval,2022-08-15,2022-10-09,Approved,Finance Ministry,0
APP-0005373,LG-001003,Administrative Approval,2024-01-06,2024-03-18,Approved,District Collectorate,15
APP-0005374,LG-001003,Environmental Clearance,2024-01-09,2024-02-17,Approved,District Collectorate,3
APP-0005375,LG-001003,Land Acquisition Approval,2024-02-06,2024-05-27,Approved,Finance Ministry,2
APP-0005376,LG-001003,Financial Approval,2024-01-22,2024-02-24,Approved,State Cabinet,5
APP-0005377,LG-001003,Government Notification,2023-12-22,,In Review,MoEFCC,119
APP-0005378,LG-001003,Administrative Approval,2023-11-16,2024-01-19,Approved,District Collectorate,11
APP-0005379,LG-001003,Environmental Clearance,2024-01-06,2024-03-29,Approved,State Cabinet,7
APP-0005380,LG-001003,Land Acquisition Approval,2023-12-07,2024-03-17,Approved,District Collectorate,10
APP-0005381,LG-001004,Administrative Approval,2020-07-28,,Conditionally Approved,State Cabinet,76
APP-0005382,LG-001004,Environmental Clearance,2020-06-08,,In Review,District Collectorate,126
APP-0005383,LG-001004,Land Acquisition Approval,2020-06-14,2020-08-21,Approved,District Collectorate,10
APP-0005384,LG-001004,Financial Approval,2020-08-14,,Conditionally Approved,MoEFCC,48
APP-0005385,LG-001004,Government Notification,2020-09-03,2020-10-05,Approved,State Cabinet,1
APP-0005386,LG-001004,Administrative Approval,2020-08-15,,Conditionally Approved,Finance Ministry,87
APP-0005387,LG-001004,Environmental Clearance,2020-08-08,2020-10-29,Approved,District Collectorate,15
APP-0005388,LG-001004,Land Acquisition Approval,2020-06-14,2020-09-09,Approved,State Cabinet,14
APP-0005389,LG-001005,Administrative Approval,2021-05-13,2021-07-26,Approved,District Collectorate,4
APP-0005390,LG-001005,Environmental Clearance,2021-07-24,2021-11-06,Approved,MoEFCC,0
APP-0005391,LG-001005,Land Acquisition Approval,2021-05-26,2021-08-27,Approved,District Collectorate,3
APP-0005392,LG-001005,Financial Approval,2021-06-10,2021-07-11,Approved,District Collectorate,2
APP-0005393,LG-001005,Government Notification,2021-07-18,2021-11-06,Approved,District Collectorate,4
APP-0005394,LG-001006,Administrative Approval,2024-02-06,2024-05-31,Approved,District Collectorate,6
APP-0005395,LG-001006,Environmental Clearance,2024-02-19,2024-05-26,Approved,MoEFCC,10
APP-0005396,LG-001006,Land Acquisition Approval,2024-02-04,,In Review,Finance Ministry,67
APP-0005397,LG-001006,Financial Approval,2024-01-14,2024-03-30,Approved,Finance Ministry,7
APP-0005398,LG-001006,Government Notification,2024-02-19,2024-03-26,Approved,Finance Ministry,14
APP-0005399,LG-001006,Administrative Approval,2024-03-01,2024-05-17,Approved,State Cabinet,14
APP-0005400,LG-001007,Administrative Approval,2021-12-01,,Submitted,District Collectorate,54
APP-0005401,LG-001007,Environmental Clearance,2021-09-29,,Conditionally Approved,District Collectorate,107
APP-0005402,LG-001007,Land Acquisition Approval,2021-10-30,2021-12-29,Approved,District Collectorate,5
APP-0005403,LG-001007,Financial Approval,2021-09-28,,Conditionally Approved,District Collectorate,148
APP-0005404,LG-001007,Government Notification,2021-10-25,,In Review,MoEFCC,131
APP-0005405,LG-001007,Administrative Approval,2021-12-25,,Conditionally Approved,District Collectorate,60
APP-0005406,LG-001007,Environmental Clearance,2021-11-24,,Submitted,District Collectorate,69
APP-0005407,LG-001008,Administrative Approval,2019-10-20,2019-12-12,Approved,Finance Ministry,15
APP-0005408,LG-001008,Environmental Clearance,2020-01-08,2020-04-15,Approved,District Collectorate,2
APP-0005409,LG-001008,Land Acquisition Approval,2019-10-28,,In Review,District Collectorate,131
APP-0005410,LG-001008,Financial Approval,2020-01-11,2020-03-10,Approved,MoEFCC,3
APP-0005411,LG-001008,Government Notification,2020-01-04,2020-03-18,Approved,State Cabinet,6
APP-0005412,LG-001008,Administrative Approval,2019-11-04,2020-01-21,Approved,MoEFCC,10
APP-0005413,LG-001008,Environmental Clearance,2019-12-11,,In Review,District Collectorate,131
APP-0005414,LG-001009,Administrative Approval,2020-09-25,2020-10-27,Approved,Finance Ministry,14
APP-0005415,LG-001009,Environmental Clearance,2020-10-19,2021-01-24,Approved,MoEFCC,6
APP-0005416,LG-001009,Land Acquisition Approval,2020-10-29,2020-12-03,Approved,Finance Ministry,9
APP-0005417,LG-001009,Financial Approval,2020-09-06,2020-11-03,Approved,Finance Ministry,15
APP-0005418,LG-001009,Government Notification,2020-10-09,2020-12-19,Approved,MoEFCC,5
APP-0005419,LG-001009,Administrative Approval,2020-11-08,2021-02-28,Approved,District Collectorate,11
APP-0005420,LG-001009,Environmental Clearance,2020-09-20,,Conditionally Approved,Finance Ministry,148
APP-0005421,LG-001009,Land Acquisition Approval,2020-09-09,2020-11-01,Approved,District Collectorate,7
APP-0005422,LG-001010,Administrative Approval,2022-10-13,2022-12-27,Approved,District Collectorate,14
APP-0005423,LG-001010,Environmental Clearance,2022-09-28,,Submitted,MoEFCC,134
APP-0005424,LG-001010,Land Acquisition Approval,2022-08-12,,Submitted,Finance Ministry,144
APP-0005425,LG-001011,Administrative Approval,2024-04-15,2024-08-02,Approved,State Cabinet,5
APP-0005426,LG-001011,Environmental Clearance,2024-02-22,,In Review,State Cabinet,32
APP-0005427,LG-001011,Land Acquisition Approval,2024-03-16,2024-05-14,Approved,Finance Ministry,11
APP-0005428,LG-001011,Financial Approval,2024-02-09,2024-05-29,Approved,State Cabinet,14
APP-0005429,LG-001011,Government Notification,2024-02-24,,Submitted,MoEFCC,43
APP-0005430,LG-001011,Administrative Approval,2024-03-05,,Submitted,State Cabinet,85
APP-0005431,LG-001012,Administrative Approval,2019-08-25,2019-11-19,Approved,State Cabinet,8
APP-0005432,LG-001012,Environmental Clearance,2019-09-06,2020-01-02,Approved,District Collectorate,11
APP-0005433,LG-001012,Land Acquisition Approval,2019-10-10,2019-12-11,Approved,MoEFCC,4
APP-0005434,LG-001012,Financial Approval,2019-09-02,2019-11-30,Approved,MoEFCC,13
APP-0005435,LG-001013,Administrative Approval,2021-03-08,2021-04-27,Approved,District Collectorate,4
APP-0005436,LG-001013,Environmental Clearance,2020-12-29,,Submitted,MoEFCC,110
APP-0005437,LG-001013,Land Acquisition Approval,2021-02-14,2021-03-31,Approved,Finance Ministry,2
APP-0005438,LG-001013,Financial Approval,2021-02-18,2021-03-23,Approved,MoEFCC,4
APP-0005439,LG-001014,Administrative Approval,2024-10-22,,In Review,District Collectorate,99
APP-0005440,LG-001014,Environmental Clearance,2024-12-16,2025-02-14,Approved,Finance Ministry,9
APP-0005441,LG-001014,Land Acquisition Approval,2024-10-26,2025-02-03,Approved,Finance Ministry,2
APP-0005442,LG-001014,Financial Approval,2024-10-24,,Submitted,Finance Ministry,88
APP-0005443,LG-001014,Government Notification,2024-11-09,,Conditionally Approved,Finance Ministry,145
APP-0005444,LG-001014,Administrative Approval,2024-12-20,2025-02-27,Approved,Finance Ministry,12
APP-0005445,LG-001014,Environmental Clearance,2024-11-20,,In Review,Finance Ministry,130
APP-0005446,LG-001015,Administrative Approval,2023-11-15,2024-01-04,Approved,MoEFCC,2
APP-0005447,LG-001015,Environmental Clearance,2023-09-24,2023-10-30,Approved,Finance Ministry,1
APP-0005448,LG-001015,Land Acquisition Approval,2023-10-05,,In Review,State Cabinet,88
APP-0005449,LG-001015,Financial Approval,2023-09-07,,In Review,Finance Ministry,47
APP-0005450,LG-001015,Government Notification,2023-10-03,,Submitted,State Cabinet,73
APP-0005451,LG-001015,Administrative Approval,2023-09-27,,In Review,District Collectorate,110
APP-0005452,LG-001015,Environmental Clearance,2023-10-01,2023-11-15,Approved,District Collectorate,1
APP-0005453,LG-001015,Land Acquisition Approval,2023-09-30,,In Review,District Collectorate,123
APP-0005454,LG-001016,Administrative Approval,2022-09-26,,In Review,District Collectorate,73
APP-0005455,LG-001016,Environmental Clearance,2022-10-02,2022-11-11,Approved,State Cabinet,3
APP-0005456,LG-001016,Land Acquisition Approval,2022-10-05,2022-12-31,Approved,District Collectorate,7
APP-0005457,LG-001016,Financial Approval,2022-09-18,,In Review,MoEFCC,46
APP-0005458,LG-001016,Government Notification,2022-10-02,,Submitted,State Cabinet,30
APP-0005459,LG-001016,Administrative Approval,2022-07-28,2022-09-26,Approved,Finance Ministry,8
APP-0005460,LG-001016,Environmental Clearance,2022-07-11,,Conditionally Approved,Finance Ministry,49
APP-0005461,LG-001017,Administrative Approval,2024-04-15,2024-07-30,Approved,MoEFCC,1
APP-0005462,LG-001017,Environmental Clearance,2024-03-08,2024-05-19,Approved,State Cabinet,2
APP-0005463,LG-001017,Land Acquisition Approval,2024-03-11,2024-06-01,Approved,District Collectorate,13
APP-0005464,LG-001017,Financial Approval,2024-04-18,2024-07-20,Approved,MoEFCC,12
APP-0005465,LG-001017,Government Notification,2024-03-03,,Submitted,Finance Ministry,75
APP-0005466,LG-001018,Administrative Approval,2020-07-06,,Submitted,Finance Ministry,37
APP-0005467,LG-001018,Environmental Clearance,2020-06-23,,In Review,State Cabinet,35
APP-0005468,LG-001018,Land Acquisition Approval,2020-07-09,,Submitted,MoEFCC,118
APP-0005469,LG-001018,Financial Approval,2020-08-04,,Submitted,State Cabinet,95
APP-0005470,LG-001018,Government Notification,2020-07-21,,Conditionally Approved,Finance Ministry,34
APP-0005471,LG-001018,Administrative Approval,2020-06-13,,Conditionally Approved,State Cabinet,52
APP-0005472,LG-001018,Environmental Clearance,2020-07-23,2020-10-07,Approved,District Collectorate,0
APP-0005473,LG-001018,Land Acquisition Approval,2020-07-10,2020-10-01,Approved,State Cabinet,12
APP-0005474,LG-001019,Administrative Approval,2023-09-08,2023-12-17,Approved,District Collectorate,10
APP-0005475,LG-001019,Environmental Clearance,2023-07-25,2023-09-12,Approved,District Collectorate,2
APP-0005476,LG-001019,Land Acquisition Approval,2023-07-21,,In Review,District Collectorate,46
APP-0005477,LG-001019,Financial Approval,2023-08-23,,Conditionally Approved,District Collectorate,67
APP-0005478,LG-001019,Government Notification,2023-09-06,2023-12-04,Approved,Finance Ministry,6
APP-0005479,LG-001019,Administrative Approval,2023-07-24,2023-09-10,Approved,Finance Ministry,12
APP-0005480,LG-001020,Administrative Approval,2025-02-06,,In Review,District Collectorate,107
APP-0005481,LG-001020,Environmental Clearance,2025-02-26,2025-04-06,Approved,MoEFCC,7
APP-0005482,LG-001020,Land Acquisition Approval,2025-01-14,,Conditionally Approved,District Collectorate,141
APP-0005483,LG-001020,Financial Approval,2025-01-14,2025-03-10,Approved,District Collectorate,11
APP-0005484,LG-001020,Government Notification,2025-01-04,2025-02-05,Approved,State Cabinet,5
APP-0005485,LG-001020,Administrative Approval,2025-01-21,2025-04-02,Approved,State Cabinet,11
APP-0005486,LG-001020,Environmental Clearance,2025-01-14,,In Review,District Collectorate,99
APP-0005487,LG-001021,Administrative Approval,2023-04-27,2023-06-20,Approved,Finance Ministry,0
APP-0005488,LG-001021,Environmental Clearance,2023-04-13,,Conditionally Approved,State Cabinet,143
APP-0005489,LG-001021,Land Acquisition Approval,2023-03-28,,Submitted,MoEFCC,149
APP-0005490,LG-001021,Financial Approval,2023-04-03,2023-06-16,Approved,Finance Ministry,8
APP-0005491,LG-001021,Government Notification,2023-04-26,2023-06-18,Approved,Finance Ministry,2
APP-0005492,LG-001021,Administrative Approval,2023-04-27,,Conditionally Approved,MoEFCC,135
APP-0005493,LG-001021,Environmental Clearance,2023-04-17,2023-06-30,Approved,District Collectorate,7
APP-0005494,LG-001022,Administrative Approval,2020-06-26,2020-08-20,Approved,State Cabinet,3
APP-0005495,LG-001022,Environmental Clearance,2020-06-14,2020-09-17,Approved,District Collectorate,0
APP-0005496,LG-001022,Land Acquisition Approval,2020-06-21,2020-07-27,Approved,Finance Ministry,0
APP-0005497,LG-001022,Financial Approval,2020-07-10,2020-11-04,Approved,District Collectorate,14
APP-0005498,LG-001022,Government Notification,2020-07-03,2020-09-09,Approved,Finance Ministry,8
APP-0005499,LG-001023,Administrative Approval,2019-02-08,,In Review,State Cabinet,112
APP-0005500,LG-001023,Environmental Clearance,2019-02-28,,In Review,District Collectorate,68
APP-0005501,LG-001023,Land Acquisition Approval,2019-03-17,2019-05-26,Approved,MoEFCC,14
APP-0005502,LG-001023,Financial Approval,2019-01-16,,In Review,Finance Ministry,116
APP-0005503,LG-001024,Administrative Approval,2024-01-22,2024-05-14,Approved,MoEFCC,14
APP-0005504,LG-001024,Environmental Clearance,2023-12-28,2024-03-12,Approved,State Cabinet,11
APP-0005505,LG-001024,Land Acquisition Approval,2024-02-11,2024-03-15,Approved,MoEFCC,14
APP-0005506,LG-001024,Financial Approval,2024-01-05,2024-04-01,Approved,District Collectorate,2
APP-0005507,LG-001024,Government Notification,2024-03-21,2024-07-19,Approved,Finance Ministry,0
APP-0005508,LG-001024,Administrative Approval,2024-01-28,2024-03-03,Approved,State Cabinet,13
APP-0005509,LG-001025,Administrative Approval,2018-08-12,,Submitted,Finance Ministry,108
APP-0005510,LG-001025,Environmental Clearance,2018-05-31,,Submitted,State Cabinet,110
APP-0005511,LG-001025,Land Acquisition Approval,2018-07-17,,Submitted,Finance Ministry,37
APP-0005512,LG-001025,Financial Approval,2018-07-14,,Conditionally Approved,MoEFCC,46
APP-0005513,LG-001026,Administrative Approval,2022-05-10,2022-09-07,Approved,MoEFCC,3
APP-0005514,LG-001026,Environmental Clearance,2022-06-17,,In Review,District Collectorate,89
APP-0005515,LG-001026,Land Acquisition Approval,2022-07-18,2022-09-17,Approved,Finance Ministry,9
APP-0005516,LG-001026,Financial Approval,2022-07-19,,Conditionally Approved,District Collectorate,57
APP-0005517,LG-001026,Government Notification,2022-07-19,2022-09-13,Approved,MoEFCC,7
APP-0005518,LG-001027,Administrative Approval,2019-01-29,2019-04-30,Approved,State Cabinet,1
APP-0005519,LG-001027,Environmental Clearance,2019-01-30,2019-05-21,Approved,State Cabinet,4
APP-0005520,LG-001027,Land Acquisition Approval,2018-12-23,2019-01-30,Approved,MoEFCC,4
APP-0005521,LG-001028,Administrative Approval,2020-05-05,2020-07-19,Approved,Finance Ministry,11
APP-0005522,LG-001028,Environmental Clearance,2020-07-20,,In Review,Finance Ministry,110
APP-0005523,LG-001028,Land Acquisition Approval,2020-06-08,2020-07-29,Approved,State Cabinet,14
APP-0005524,LG-001028,Financial Approval,2020-06-12,2020-10-02,Approved,State Cabinet,3
APP-0005525,LG-001028,Government Notification,2020-05-03,2020-08-18,Approved,State Cabinet,15
APP-0005526,LG-001029,Administrative Approval,2021-02-14,,Conditionally Approved,MoEFCC,75
APP-0005527,LG-001029,Environmental Clearance,2021-02-24,2021-05-10,Approved,Finance Ministry,6
APP-0005528,LG-001029,Land Acquisition Approval,2021-02-21,2021-05-15,Approved,Finance Ministry,11
APP-0005529,LG-001029,Financial Approval,2021-02-18,2021-05-19,Approved,State Cabinet,12
APP-0005530,LG-001029,Government Notification,2021-01-03,,Conditionally Approved,MoEFCC,123
APP-0005531,LG-001029,Administrative Approval,2021-01-09,2021-04-17,Approved,State Cabinet,11
APP-0005532,LG-001030,Administrative Approval,2020-07-29,2020-11-08,Approved,State Cabinet,9
APP-0005533,LG-001030,Environmental Clearance,2020-07-08,2020-10-26,Approved,Finance Ministry,9
APP-0005534,LG-001030,Land Acquisition Approval,2020-05-29,2020-07-09,Approved,District Collectorate,2
APP-0005535,LG-001030,Financial Approval,2020-07-24,2020-11-15,Approved,Finance Ministry,8
APP-0005536,LG-001031,Administrative Approval,2022-04-08,2022-05-28,Approved,MoEFCC,13
APP-0005537,LG-001031,Environmental Clearance,2022-02-23,2022-05-11,Approved,Finance Ministry,1
APP-0005538,LG-001031,Land Acquisition Approval,2022-02-08,,Submitted,Finance Ministry,140
APP-0005539,LG-001031,Financial Approval,2022-03-15,2022-05-11,Approved,MoEFCC,2
APP-0005540,LG-001031,Government Notification,2022-05-01,2022-08-18,Approved,District Collectorate,14
APP-0005541,LG-001031,Administrative Approval,2022-03-13,2022-04-20,Approved,District Collectorate,0
APP-0005542,LG-001031,Environmental Clearance,2022-02-15,,In Review,Finance Ministry,148
APP-0005543,LG-001032,Administrative Approval,2020-11-05,2021-02-19,Approved,MoEFCC,12
APP-0005544,LG-001032,Environmental Clearance,2020-11-06,2021-01-29,Approved,MoEFCC,4
APP-0005545,LG-001032,Land Acquisition Approval,2020-11-02,2021-02-18,Approved,District Collectorate,5
APP-0005546,LG-001032,Financial Approval,2020-09-21,2021-01-07,Approved,MoEFCC,6
APP-0005547,LG-001032,Government Notification,2020-09-18,,Submitted,MoEFCC,139
APP-0005548,LG-001032,Administrative Approval,2020-09-12,2020-10-19,Approved,Finance Ministry,10
APP-0005549,LG-001032,Environmental Clearance,2020-10-12,,In Review,District Collectorate,65
APP-0005550,LG-001033,Administrative Approval,2020-07-22,2020-10-10,Approved,Finance Ministry,9
APP-0005551,LG-001033,Environmental Clearance,2020-08-27,2020-10-10,Approved,Finance Ministry,11
APP-0005552,LG-001033,Land Acquisition Approval,2020-08-25,2020-12-09,Approved,State Cabinet,0
APP-0005553,LG-001033,Financial Approval,2020-08-30,2020-11-11,Approved,District Collectorate,2
APP-0005554,LG-001033,Government Notification,2020-08-30,2020-10-21,Approved,State Cabinet,2
APP-0005555,LG-001033,Administrative Approval,2020-08-14,2020-12-03,Approved,Finance Ministry,0
APP-0005556,LG-001033,Environmental Clearance,2020-07-29,,Conditionally Approved,District Collectorate,51
APP-0005557,LG-001033,Land Acquisition Approval,2020-07-02,2020-08-27,Approved,Finance Ministry,9
APP-0005558,LG-001034,Administrative Approval,2023-01-22,2023-05-16,Approved,Finance Ministry,4
APP-0005559,LG-001034,Environmental Clearance,2023-01-06,2023-04-30,Approved,MoEFCC,4
APP-0005560,LG-001034,Land Acquisition Approval,2023-01-23,,In Review,District Collectorate,38
APP-0005561,LG-001034,Financial Approval,2023-01-15,2023-03-17,Approved,Finance Ministry,9
APP-0005562,LG-001034,Government Notification,2022-12-16,2023-03-02,Approved,State Cabinet,3
APP-0005563,LG-001035,Administrative Approval,2023-08-18,2023-11-15,Approved,MoEFCC,9
APP-0005564,LG-001035,Environmental Clearance,2023-09-09,2023-12-24,Approved,District Collectorate,14
APP-0005565,LG-001035,Land Acquisition Approval,2023-08-15,2023-12-13,Approved,Finance Ministry,9
APP-0005566,LG-001035,Financial Approval,2023-09-21,2024-01-14,Approved,Finance Ministry,4
APP-0005567,LG-001035,Government Notification,2023-07-30,2023-09-09,Approved,District Collectorate,3
APP-0005568,LG-001035,Administrative Approval,2023-09-28,2023-11-19,Approved,Finance Ministry,7
APP-0005569,LG-001035,Environmental Clearance,2023-09-21,2023-12-11,Approved,MoEFCC,6
APP-0005570,LG-001036,Administrative Approval,2020-07-08,2020-10-09,Approved,Finance Ministry,1
APP-0005571,LG-001036,Environmental Clearance,2020-08-28,2020-11-13,Approved,State Cabinet,4
APP-0005572,LG-001036,Land Acquisition Approval,2020-08-29,2020-12-09,Approved,State Cabinet,8
APP-0005573,LG-001036,Financial Approval,2020-09-18,2020-11-09,Approved,MoEFCC,7
APP-0005574,LG-001036,Government Notification,2020-07-21,2020-11-04,Approved,MoEFCC,15
APP-0005575,LG-001037,Administrative Approval,2018-07-03,,In Review,State Cabinet,77
APP-0005576,LG-001037,Environmental Clearance,2018-05-20,2018-06-30,Approved,Finance Ministry,8
APP-0005577,LG-001037,Land Acquisition Approval,2018-06-24,2018-09-05,Approved,MoEFCC,10
APP-0005578,LG-001038,Administrative Approval,2022-09-06,2022-11-13,Approved,MoEFCC,1
APP-0005579,LG-001038,Environmental Clearance,2022-08-17,2022-10-03,Approved,District Collectorate,14
APP-0005580,LG-001038,Land Acquisition Approval,2022-07-16,2022-08-31,Approved,District Collectorate,1
APP-0005581,LG-001039,Administrative Approval,2024-07-22,2024-11-01,Approved,State Cabinet,0
APP-0005582,LG-001039,Environmental Clearance,2024-06-26,2024-07-26,Approved,District Collectorate,0
APP-0005583,LG-001039,Land Acquisition Approval,2024-07-21,2024-11-10,Approved,MoEFCC,3
APP-0005584,LG-001039,Financial Approval,2024-06-29,2024-09-26,Approved,State Cabinet,10
APP-0005585,LG-001040,Administrative Approval,2024-07-25,2024-09-27,Approved,District Collectorate,8
APP-0005586,LG-001040,Environmental Clearance,2024-07-16,2024-10-11,Approved,MoEFCC,3
APP-0005587,LG-001040,Land Acquisition Approval,2024-08-01,2024-10-09,Approved,District Collectorate,4
APP-0005588,LG-001040,Financial Approval,2024-06-18,2024-08-12,Approved,District Collectorate,0
APP-0005589,LG-001040,Government Notification,2024-06-21,2024-08-29,Approved,MoEFCC,5
APP-0005590,LG-001041,Administrative Approval,2022-04-11,,In Review,State Cabinet,84
APP-0005591,LG-001041,Environmental Clearance,2022-05-23,2022-08-04,Approved,District Collectorate,12
APP-0005592,LG-001041,Land Acquisition Approval,2022-06-11,,Conditionally Approved,State Cabinet,39
APP-0005593,LG-001042,Administrative Approval,2023-05-07,2023-06-23,Approved,District Collectorate,4
APP-0005594,LG-001042,Environmental Clearance,2023-04-24,2023-06-23,Approved,State Cabinet,4
APP-0005595,LG-001042,Land Acquisition Approval,2023-04-20,2023-05-23,Approved,Finance Ministry,13
APP-0005596,LG-001042,Financial Approval,2023-02-07,2023-04-20,Approved,MoEFCC,10
APP-0005597,LG-001042,Government Notification,2023-04-04,2023-07-15,Approved,Finance Ministry,5
APP-0005598,LG-001042,Administrative Approval,2023-04-03,2023-07-31,Approved,Finance Ministry,8
APP-0005599,LG-001043,Administrative Approval,2019-06-06,2019-08-30,Approved,District Collectorate,3
APP-0005600,LG-001043,Environmental Clearance,2019-06-10,2019-08-27,Approved,Finance Ministry,12
APP-0005601,LG-001043,Land Acquisition Approval,2019-06-04,2019-09-03,Approved,Finance Ministry,6
APP-0005602,LG-001043,Financial Approval,2019-06-23,2019-07-24,Approved,MoEFCC,11
APP-0005603,LG-001043,Government Notification,2019-04-23,2019-07-24,Approved,MoEFCC,14
APP-0005604,LG-001043,Administrative Approval,2019-05-01,2019-08-23,Approved,MoEFCC,14
APP-0005605,LG-001044,Administrative Approval,2021-07-25,2021-09-10,Approved,District Collectorate,0
APP-0005606,LG-001044,Environmental Clearance,2021-07-29,2021-10-19,Approved,Finance Ministry,5
APP-0005607,LG-001044,Land Acquisition Approval,2021-07-25,2021-10-28,Approved,State Cabinet,4
APP-0005608,LG-001044,Financial Approval,2021-09-21,2022-01-08,Approved,District Collectorate,15
APP-0005609,LG-001044,Government Notification,2021-08-16,2021-11-26,Approved,Finance Ministry,9
APP-0005610,LG-001045,Administrative Approval,2022-10-25,2023-01-25,Approved,District Collectorate,2
APP-0005611,LG-001045,Environmental Clearance,2022-09-28,,Conditionally Approved,Finance Ministry,103
APP-0005612,LG-001045,Land Acquisition Approval,2022-08-18,,In Review,Finance Ministry,123
APP-0005613,LG-001045,Financial Approval,2022-10-18,,Conditionally Approved,District Collectorate,78
APP-0005614,LG-001045,Government Notification,2022-08-25,,Submitted,MoEFCC,99
APP-0005615,LG-001046,Administrative Approval,2019-08-31,2019-12-09,Approved,District Collectorate,13
APP-0005616,LG-001046,Environmental Clearance,2019-09-27,2019-11-26,Approved,MoEFCC,12
APP-0005617,LG-001046,Land Acquisition Approval,2019-10-01,2019-12-09,Approved,MoEFCC,15
APP-0005618,LG-001047,Administrative Approval,2019-10-26,,Submitted,MoEFCC,89
APP-0005619,LG-001047,Environmental Clearance,2019-11-28,2020-03-17,Approved,MoEFCC,9
APP-0005620,LG-001047,Land Acquisition Approval,2020-01-16,2020-03-03,Approved,State Cabinet,10
APP-0005621,LG-001047,Financial Approval,2019-11-02,,Submitted,Finance Ministry,62
APP-0005622,LG-001047,Government Notification,2020-01-13,,Submitted,Finance Ministry,57
APP-0005623,LG-001048,Administrative Approval,2020-07-16,,In Review,Finance Ministry,101
APP-0005624,LG-001048,Environmental Clearance,2020-09-01,2020-12-03,Approved,Finance Ministry,4
APP-0005625,LG-001048,Land Acquisition Approval,2020-07-02,2020-09-14,Approved,District Collectorate,8
APP-0005626,LG-001048,Financial Approval,2020-08-29,2020-10-08,Approved,Finance Ministry,6
APP-0005627,LG-001048,Government Notification,2020-08-06,2020-12-04,Approved,District Collectorate,8
APP-0005628,LG-001048,Administrative Approval,2020-09-01,,Submitted,District Collectorate,68
APP-0005629,LG-001049,Administrative Approval,2019-05-13,2019-06-15,Approved,MoEFCC,10
APP-0005630,LG-001049,Environmental Clearance,2019-04-20,2019-08-14,Approved,MoEFCC,6
APP-0005631,LG-001049,Land Acquisition Approval,2019-03-28,2019-06-12,Approved,Finance Ministry,3
APP-0005632,LG-001049,Financial Approval,2019-05-10,2019-08-22,Approved,MoEFCC,14
APP-0005633,LG-001049,Government Notification,2019-02-28,2019-06-28,Approved,MoEFCC,6
APP-0005634,LG-001049,Administrative Approval,2019-04-16,2019-07-07,Approved,State Cabinet,11
APP-0005635,LG-001049,Environmental Clearance,2019-04-24,,Conditionally Approved,District Collectorate,150
APP-0005636,LG-001049,Land Acquisition Approval,2019-04-10,,Submitted,District Collectorate,138
APP-0005637,LG-001050,Administrative Approval,2022-09-21,2023-01-11,Approved,State Cabinet,2
APP-0005638,LG-001050,Environmental Clearance,2022-11-07,,In Review,District Collectorate,99
APP-0005639,LG-001050,Land Acquisition Approval,2022-09-30,2022-12-31,Approved,MoEFCC,5
APP-0005640,LG-001051,Administrative Approval,2019-12-20,2020-04-08,Approved,District Collectorate,10
APP-0005641,LG-001051,Environmental Clearance,2019-10-02,,In Review,State Cabinet,133
APP-0005642,LG-001051,Land Acquisition Approval,2019-11-10,2020-03-06,Approved,MoEFCC,9
APP-0005643,LG-001051,Financial Approval,2019-11-25,,Conditionally Approved,State Cabinet,142
APP-0005644,LG-001051,Government Notification,2019-10-03,,Conditionally Approved,State Cabinet,96
APP-0005645,LG-001051,Administrative Approval,2019-11-21,,Submitted,District Collectorate,114
APP-0005646,LG-001051,Environmental Clearance,2019-11-14,,Conditionally Approved,MoEFCC,82
APP-0005647,LG-001052,Administrative Approval,2024-07-13,2024-10-06,Approved,District Collectorate,12
APP-0005648,LG-001052,Environmental Clearance,2024-07-09,,Submitted,District Collectorate,79
APP-0005649,LG-001052,Land Acquisition Approval,2024-04-27,,In Review,District Collectorate,54
APP-0005650,LG-001053,Administrative Approval,2023-01-28,2023-05-27,Approved,District Collectorate,15
APP-0005651,LG-001053,Environmental Clearance,2023-01-13,2023-04-29,Approved,Finance Ministry,9
APP-0005652,LG-001053,Land Acquisition Approval,2022-12-30,2023-04-23,Approved,District Collectorate,14
APP-0005653,LG-001053,Financial Approval,2022-12-29,2023-04-27,Approved,MoEFCC,1
APP-0005654,LG-001053,Government Notification,2023-02-21,2023-04-22,Approved,Finance Ministry,8
APP-0005655,LG-001054,Administrative Approval,2024-01-06,2024-03-31,Approved,MoEFCC,11
APP-0005656,LG-001054,Environmental Clearance,2024-01-18,,Submitted,District Collectorate,74
APP-0005657,LG-001054,Land Acquisition Approval,2024-02-13,2024-05-11,Approved,MoEFCC,3
APP-0005658,LG-001054,Financial Approval,2024-01-09,,Submitted,District Collectorate,143
APP-0005659,LG-001055,Administrative Approval,2023-07-21,2023-10-05,Approved,State Cabinet,13
APP-0005660,LG-001055,Environmental Clearance,2023-08-10,,Submitted,Finance Ministry,41
APP-0005661,LG-001055,Land Acquisition Approval,2023-07-09,2023-08-16,Approved,MoEFCC,14
APP-0005662,LG-001055,Financial Approval,2023-06-29,2023-10-12,Approved,State Cabinet,0
APP-0005663,LG-001055,Government Notification,2023-06-30,2023-08-04,Approved,State Cabinet,11
APP-0005664,LG-001055,Administrative Approval,2023-06-20,2023-09-10,Approved,MoEFCC,9
APP-0005665,LG-001055,Environmental Clearance,2023-06-23,2023-08-01,Approved,State Cabinet,0
APP-0005666,LG-001055,Land Acquisition Approval,2023-09-04,,In Review,District Collectorate,42
APP-0005667,LG-001056,Administrative Approval,2021-12-24,2022-02-06,Approved,MoEFCC,8
APP-0005668,LG-001056,Environmental Clearance,2022-01-06,2022-03-06,Approved,District Collectorate,2
APP-0005669,LG-001056,Land Acquisition Approval,2022-02-12,2022-04-25,Approved,Finance Ministry,15
APP-0005670,LG-001057,Administrative Approval,2023-01-27,2023-04-04,Approved,District Collectorate,0
APP-0005671,LG-001057,Environmental Clearance,2023-02-21,2023-05-30,Approved,State Cabinet,2
APP-0005672,LG-001057,Land Acquisition Approval,2022-12-18,2023-02-02,Approved,Finance Ministry,0
APP-0005673,LG-001058,Administrative Approval,2018-10-29,2018-12-15,Approved,State Cabinet,13
APP-0005674,LG-001058,Environmental Clearance,2018-11-09,,In Review,Finance Ministry,38
APP-0005675,LG-001058,Land Acquisition Approval,2018-10-17,2019-01-17,Approved,Finance Ministry,7
APP-0005676,LG-001058,Financial Approval,2018-11-15,,Submitted,MoEFCC,129
APP-0005677,LG-001059,Administrative Approval,2022-05-16,,Submitted,MoEFCC,39
APP-0005678,LG-001059,Environmental Clearance,2022-03-17,,In Review,Finance Ministry,109
APP-0005679,LG-001059,Land Acquisition Approval,2022-03-09,,Conditionally Approved,MoEFCC,133
APP-0005680,LG-001059,Financial Approval,2022-04-15,2022-07-14,Approved,State Cabinet,0
APP-0005681,LG-001059,Government Notification,2022-04-03,2022-05-16,Approved,State Cabinet,9
APP-0005682,LG-001060,Administrative Approval,2018-08-22,2018-12-18,Approved,District Collectorate,2
APP-0005683,LG-001060,Environmental Clearance,2018-07-12,2018-09-14,Approved,District Collectorate,10
APP-0005684,LG-001060,Land Acquisition Approval,2018-07-14,2018-09-17,Approved,Finance Ministry,8
APP-0005685,LG-001060,Financial Approval,2018-07-22,2018-10-29,Approved,State Cabinet,2
APP-0005686,LG-001060,Government Notification,2018-06-18,2018-08-18,Approved,State Cabinet,10
APP-0005687,LG-001060,Administrative Approval,2018-08-14,2018-10-12,Approved,MoEFCC,2
APP-0005688,LG-001060,Environmental Clearance,2018-07-29,2018-11-03,Approved,District Collectorate,10
APP-0005689,LG-001060,Land Acquisition Approval,2018-07-24,2018-08-28,Approved,District Collectorate,10
APP-0005690,LG-001061,Administrative Approval,2023-03-13,2023-04-13,Approved,Finance Ministry,7
APP-0005691,LG-001061,Environmental Clearance,2023-03-02,2023-04-11,Approved,District Collectorate,12
APP-0005692,LG-001061,Land Acquisition Approval,2023-03-22,2023-07-09,Approved,District Collectorate,5
APP-0005693,LG-001061,Financial Approval,2023-04-08,2023-05-21,Approved,Finance Ministry,10
APP-0005694,LG-001061,Government Notification,2023-04-07,2023-07-16,Approved,MoEFCC,10
APP-0005695,LG-001061,Administrative Approval,2023-03-25,2023-05-04,Approved,District Collectorate,3
APP-0005696,LG-001061,Environmental Clearance,2023-02-01,2023-05-31,Approved,Finance Ministry,8
APP-0005697,LG-001061,Land Acquisition Approval,2023-03-08,2023-04-21,Approved,State Cabinet,2
APP-0005698,LG-001062,Administrative Approval,2024-07-28,2024-10-12,Approved,MoEFCC,2
APP-0005699,LG-001062,Environmental Clearance,2024-06-05,2024-07-27,Approved,District Collectorate,13
APP-0005700,LG-001062,Land Acquisition Approval,2024-07-22,2024-11-18,Approved,District Collectorate,2
APP-0005701,LG-001062,Financial Approval,2024-05-09,2024-08-29,Approved,District Collectorate,9
APP-0005702,LG-001062,Government Notification,2024-05-14,2024-08-11,Approved,State Cabinet,9
APP-0005703,LG-001062,Administrative Approval,2024-05-24,2024-08-10,Approved,State Cabinet,0
APP-0005704,LG-001063,Administrative Approval,2021-08-28,2021-12-16,Approved,District Collectorate,7
APP-0005705,LG-001063,Environmental Clearance,2021-09-23,,Conditionally Approved,State Cabinet,80
APP-0005706,LG-001063,Land Acquisition Approval,2021-07-18,2021-10-27,Approved,District Collectorate,10
APP-0005707,LG-001064,Administrative Approval,2022-11-08,,Submitted,District Collectorate,111
APP-0005708,LG-001064,Environmental Clearance,2022-10-20,,Submitted,Finance Ministry,133
APP-0005709,LG-001064,Land Acquisition Approval,2022-10-14,2023-01-09,Approved,State Cabinet,14
APP-0005710,LG-001065,Administrative Approval,2018-03-20,2018-05-03,Approved,District Collectorate,1
APP-0005711,LG-001065,Environmental Clearance,2018-02-12,2018-05-20,Approved,Finance Ministry,14
APP-0005712,LG-001065,Land Acquisition Approval,2018-02-28,2018-04-09,Approved,MoEFCC,12
APP-0005713,LG-001065,Financial Approval,2018-02-18,,Submitted,MoEFCC,55
APP-0005714,LG-001066,Administrative Approval,2024-01-12,2024-05-03,Approved,State Cabinet,5
APP-0005715,LG-001066,Environmental Clearance,2024-02-03,2024-03-26,Approved,MoEFCC,0
APP-0005716,LG-001066,Land Acquisition Approval,2024-01-21,,Conditionally Approved,State Cabinet,130
APP-0005717,LG-001066,Financial Approval,2023-12-05,2024-03-10,Approved,MoEFCC,13
APP-0005718,LG-001066,Government Notification,2024-01-05,2024-03-21,Approved,Finance Ministry,10
APP-0005719,LG-001067,Administrative Approval,2020-03-10,2020-04-23,Approved,District Collectorate,11
APP-0005720,LG-001067,Environmental Clearance,2020-03-15,2020-05-21,Approved,MoEFCC,1
APP-0005721,LG-001067,Land Acquisition Approval,2020-03-09,2020-04-16,Approved,Finance Ministry,11
APP-0005722,LG-001067,Financial Approval,2020-04-03,2020-06-01,Approved,District Collectorate,0
APP-0005723,LG-001067,Government Notification,2020-04-01,2020-05-19,Approved,MoEFCC,4
APP-0005724,LG-001067,Administrative Approval,2020-03-01,2020-05-30,Approved,MoEFCC,13
APP-0005725,LG-001068,Administrative Approval,2019-09-11,2019-12-31,Approved,District Collectorate,14
APP-0005726,LG-001068,Environmental Clearance,2019-10-26,2020-02-11,Approved,Finance Ministry,3
APP-0005727,LG-001068,Land Acquisition Approval,2019-10-24,2020-01-03,Approved,District Collectorate,7
APP-0005728,LG-001068,Financial Approval,2019-10-08,2019-12-14,Approved,MoEFCC,1
APP-0005729,LG-001069,Administrative Approval,2019-05-09,2019-09-01,Approved,District Collectorate,7
APP-0005730,LG-001069,Environmental Clearance,2019-07-18,,Submitted,MoEFCC,111
APP-0005731,LG-001069,Land Acquisition Approval,2019-05-16,,Conditionally Approved,District Collectorate,134
APP-0005732,LG-001069,Financial Approval,2019-07-07,,In Review,District Collectorate,49
APP-0005733,LG-001069,Government Notification,2019-06-12,2019-09-17,Approved,Finance Ministry,10
APP-0005734,LG-001069,Administrative Approval,2019-06-20,,Conditionally Approved,State Cabinet,91
APP-0005735,LG-001070,Administrative Approval,2019-09-05,2019-10-15,Approved,Finance Ministry,2
APP-0005736,LG-001070,Environmental Clearance,2019-11-01,2020-01-03,Approved,Finance Ministry,6
APP-0005737,LG-001070,Land Acquisition Approval,2019-11-26,,Conditionally Approved,MoEFCC,120
APP-0005738,LG-001070,Financial Approval,2019-10-24,,Submitted,MoEFCC,99
APP-0005739,LG-001070,Government Notification,2019-11-03,,Submitted,State Cabinet,58
APP-0005740,LG-001070,Administrative Approval,2019-09-09,,In Review,District Collectorate,96
APP-0005741,LG-001071,Administrative Approval,2023-04-11,2023-06-15,Approved,Finance Ministry,10
APP-0005742,LG-001071,Environmental Clearance,2023-01-25,2023-04-07,Approved,Finance Ministry,6
APP-0005743,LG-001071,Land Acquisition Approval,2023-03-22,2023-05-02,Approved,MoEFCC,9
APP-0005744,LG-001072,Administrative Approval,2020-12-26,,In Review,District Collectorate,133
APP-0005745,LG-001072,Environmental Clearance,2020-12-16,,Conditionally Approved,MoEFCC,40
APP-0005746,LG-001072,Land Acquisition Approval,2020-12-20,,In Review,District Collectorate,59
APP-0005747,LG-001072,Financial Approval,2020-10-21,,Conditionally Approved,State Cabinet,85
APP-0005748,LG-001072,Government Notification,2020-11-20,,Submitted,State Cabinet,122
APP-0005749,LG-001072,Administrative Approval,2021-01-16,,In Review,District Collectorate,108
APP-0005750,LG-001073,Administrative Approval,2024-09-03,2024-10-10,Approved,District Collectorate,7
APP-0005751,LG-001073,Environmental Clearance,2024-11-01,2025-01-27,Approved,District Collectorate,2
APP-0005752,LG-001073,Land Acquisition Approval,2024-11-04,2025-01-31,Approved,Finance Ministry,13
APP-0005753,LG-001073,Financial Approval,2024-11-08,2025-02-08,Approved,District Collectorate,6
APP-0005754,LG-001073,Government Notification,2024-11-03,,In Review,MoEFCC,88
APP-0005755,LG-001074,Administrative Approval,2018-11-15,,Submitted,Finance Ministry,90
APP-0005756,LG-001074,Environmental Clearance,2018-10-06,2018-12-22,Approved,District Collectorate,2
APP-0005757,LG-001074,Land Acquisition Approval,2018-11-17,2019-01-12,Approved,District Collectorate,15
APP-0005758,LG-001074,Financial Approval,2018-12-29,2019-02-20,Approved,District Collectorate,8
APP-0005759,LG-001074,Government Notification,2018-12-15,,Submitted,MoEFCC,97
APP-0005760,LG-001075,Administrative Approval,2023-01-04,2023-04-22,Approved,Finance Ministry,10
APP-0005761,LG-001075,Environmental Clearance,2022-12-29,2023-03-08,Approved,MoEFCC,3
APP-0005762,LG-001075,Land Acquisition Approval,2023-02-11,2023-04-11,Approved,MoEFCC,0
APP-0005763,LG-001076,Administrative Approval,2021-05-18,2021-09-06,Approved,State Cabinet,3
APP-0005764,LG-001076,Environmental Clearance,2021-05-30,2021-07-25,Approved,District Collectorate,13
APP-0005765,LG-001076,Land Acquisition Approval,2021-04-24,2021-07-18,Approved,District Collectorate,6
APP-0005766,LG-001076,Financial Approval,2021-05-24,,Submitted,Finance Ministry,70
APP-0005767,LG-001076,Government Notification,2021-06-15,2021-07-22,Approved,District Collectorate,9
APP-0005768,LG-001077,Administrative Approval,2018-08-12,2018-09-22,Approved,District Collectorate,3
APP-0005769,LG-001077,Environmental Clearance,2018-08-09,2018-11-22,Approved,District Collectorate,14
APP-0005770,LG-001077,Land Acquisition Approval,2018-08-21,,In Review,MoEFCC,50
APP-0005771,LG-001077,Financial Approval,2018-08-21,2018-09-30,Approved,State Cabinet,2
APP-0005772,LG-001077,Government Notification,2018-07-30,2018-09-30,Approved,State Cabinet,12
APP-0005773,LG-001077,Administrative Approval,2018-07-11,,Submitted,State Cabinet,57
APP-0005774,LG-001078,Administrative Approval,2020-05-05,2020-07-07,Approved,District Collectorate,13
APP-0005775,LG-001078,Environmental Clearance,2020-05-09,2020-06-27,Approved,State Cabinet,6
APP-0005776,LG-001078,Land Acquisition Approval,2020-06-28,2020-07-28,Approved,State Cabinet,8
APP-0005777,LG-001078,Financial Approval,2020-06-12,2020-08-30,Approved,Finance Ministry,14
APP-0005778,LG-001079,Administrative Approval,2021-05-15,,Submitted,MoEFCC,64
APP-0005779,LG-001079,Environmental Clearance,2021-05-29,2021-08-17,Approved,State Cabinet,10
APP-0005780,LG-001079,Land Acquisition Approval,2021-07-04,2021-10-15,Approved,District Collectorate,12
APP-0005781,LG-001080,Administrative Approval,2018-09-18,2018-11-10,Approved,MoEFCC,3
APP-0005782,LG-001080,Environmental Clearance,2018-09-26,,Submitted,MoEFCC,91
APP-0005783,LG-001080,Land Acquisition Approval,2018-07-22,2018-10-31,Approved,State Cabinet,6
APP-0005784,LG-001080,Financial Approval,2018-09-22,,Conditionally Approved,State Cabinet,123
APP-0005785,LG-001080,Government Notification,2018-09-16,2018-11-21,Approved,MoEFCC,14
APP-0005786,LG-001081,Administrative Approval,2024-09-07,,Submitted,State Cabinet,142
APP-0005787,LG-001081,Environmental Clearance,2024-11-25,,Submitted,State Cabinet,54
APP-0005788,LG-001081,Land Acquisition Approval,2024-11-20,2025-01-25,Approved,MoEFCC,10
APP-0005789,LG-001082,Administrative Approval,2024-07-04,2024-10-10,Approved,Finance Ministry,1
APP-0005790,LG-001082,Environmental Clearance,2024-06-13,2024-09-23,Approved,Finance Ministry,3
APP-0005791,LG-001082,Land Acquisition Approval,2024-05-15,2024-07-18,Approved,State Cabinet,1
APP-0005792,LG-001082,Financial Approval,2024-07-16,2024-09-21,Approved,MoEFCC,15
APP-0005793,LG-001082,Government Notification,2024-05-08,,Submitted,State Cabinet,39
APP-0005794,LG-001083,Administrative Approval,2023-07-05,,Conditionally Approved,MoEFCC,32
APP-0005795,LG-001083,Environmental Clearance,2023-07-01,2023-10-29,Approved,MoEFCC,0
APP-0005796,LG-001083,Land Acquisition Approval,2023-06-28,2023-08-19,Approved,MoEFCC,11
APP-0005797,LG-001083,Financial Approval,2023-07-06,2023-09-15,Approved,Finance Ministry,6
APP-0005798,LG-001083,Government Notification,2023-05-12,2023-07-20,Approved,Finance Ministry,5
APP-0005799,LG-001083,Administrative Approval,2023-05-13,2023-09-06,Approved,State Cabinet,12
APP-0005800,LG-001084,Administrative Approval,2024-02-26,,Submitted,State Cabinet,97
APP-0005801,LG-001084,Environmental Clearance,2024-02-20,,In Review,Finance Ministry,100
APP-0005802,LG-001084,Land Acquisition Approval,2024-02-02,2024-03-23,Approved,MoEFCC,6
APP-0005803,LG-001084,Financial Approval,2024-01-15,,Submitted,State Cabinet,82
APP-0005804,LG-001084,Government Notification,2024-03-19,,Submitted,District Collectorate,72
APP-0005805,LG-001085,Administrative Approval,2024-07-23,,Conditionally Approved,District Collectorate,124
APP-0005806,LG-001085,Environmental Clearance,2024-09-04,2024-12-16,Approved,District Collectorate,14
APP-0005807,LG-001085,Land Acquisition Approval,2024-08-25,2024-09-29,Approved,Finance Ministry,8
APP-0005808,LG-001085,Financial Approval,2024-07-24,,In Review,Finance Ministry,138
APP-0005809,LG-001085,Government Notification,2024-08-17,2024-11-17,Approved,Finance Ministry,6
APP-0005810,LG-001085,Administrative Approval,2024-09-11,2024-10-13,Approved,District Collectorate,12
APP-0005811,LG-001085,Environmental Clearance,2024-08-31,2024-12-17,Approved,Finance Ministry,6
APP-0005812,LG-001086,Administrative Approval,2021-05-15,2021-07-03,Approved,State Cabinet,13
APP-0005813,LG-001086,Environmental Clearance,2021-05-31,,Submitted,MoEFCC,128
APP-0005814,LG-001086,Land Acquisition Approval,2021-07-09,,Conditionally Approved,MoEFCC,64
APP-0005815,LG-001086,Financial Approval,2021-05-08,,Conditionally Approved,Finance Ministry,74
APP-0005816,LG-001087,Administrative Approval,2023-02-15,,Conditionally Approved,District Collectorate,82
APP-0005817,LG-001087,Environmental Clearance,2023-01-25,,Conditionally Approved,District Collectorate,92
APP-0005818,LG-001087,Land Acquisition Approval,2023-02-14,,Conditionally Approved,District Collectorate,77
APP-0005819,LG-001087,Financial Approval,2023-01-10,,Submitted,Finance Ministry,56
APP-0005820,LG-001087,Government Notification,2023-01-25,,Conditionally Approved,District Collectorate,71
APP-0005821,LG-001088,Administrative Approval,2023-08-21,,In Review,MoEFCC,68
APP-0005822,LG-001088,Environmental Clearance,2023-09-19,2023-12-02,Approved,District Collectorate,15
APP-0005823,LG-001088,Land Acquisition Approval,2023-09-19,,Submitted,District Collectorate,146
APP-0005824,LG-001088,Financial Approval,2023-07-27,2023-11-14,Approved,District Collectorate,1
APP-0005825,LG-001088,Government Notification,2023-07-20,,Conditionally Approved,MoEFCC,141
APP-0005826,LG-001089,Administrative Approval,2024-12-19,2025-02-18,Approved,State Cabinet,11
APP-0005827,LG-001089,Environmental Clearance,2024-12-28,2025-04-10,Approved,District Collectorate,1
APP-0005828,LG-001089,Land Acquisition Approval,2024-12-08,2025-03-21,Approved,District Collectorate,3
APP-0005829,LG-001089,Financial Approval,2024-11-03,,Submitted,Finance Ministry,137
APP-0005830,LG-001090,Administrative Approval,2019-09-06,,Submitted,MoEFCC,105
APP-0005831,LG-001090,Environmental Clearance,2019-08-23,,In Review,MoEFCC,46
APP-0005832,LG-001090,Land Acquisition Approval,2019-09-13,2020-01-07,Approved,MoEFCC,10
APP-0005833,LG-001090,Financial Approval,2019-09-28,2019-11-13,Approved,State Cabinet,2
APP-0005834,LG-001090,Government Notification,2019-08-05,,Conditionally Approved,Finance Ministry,104
APP-0005835,LG-001090,Administrative Approval,2019-09-12,2019-11-28,Approved,Finance Ministry,0
APP-0005836,LG-001091,Administrative Approval,2020-11-26,2021-02-23,Approved,MoEFCC,6
APP-0005837,LG-001091,Environmental Clearance,2020-11-30,2021-03-25,Approved,MoEFCC,0
APP-0005838,LG-001091,Land Acquisition Approval,2020-12-18,2021-02-13,Approved,State Cabinet,1
APP-0005839,LG-001091,Financial Approval,2020-12-06,2021-02-07,Approved,District Collectorate,7
APP-0005840,LG-001091,Government Notification,2020-11-16,2021-02-05,Approved,State Cabinet,12
APP-0005841,LG-001091,Administrative Approval,2020-11-06,2020-12-12,Approved,District Collectorate,9
APP-0005842,LG-001091,Environmental Clearance,2020-12-07,2021-02-14,Approved,State Cabinet,0
APP-0005843,LG-001092,Administrative Approval,2020-10-02,2021-01-23,Approved,State Cabinet,1
APP-0005844,LG-001092,Environmental Clearance,2020-11-08,2021-03-01,Approved,District Collectorate,12
APP-0005845,LG-001092,Land Acquisition Approval,2020-10-15,2021-01-27,Approved,State Cabinet,1
APP-0005846,LG-001092,Financial Approval,2020-11-14,,Submitted,District Collectorate,46
APP-0005847,LG-001093,Administrative Approval,2020-10-15,,Conditionally Approved,Finance Ministry,90
APP-0005848,LG-001093,Environmental Clearance,2020-12-17,,In Review,State Cabinet,48
APP-0005849,LG-001093,Land Acquisition Approval,2020-12-17,,In Review,District Collectorate,124
APP-0005850,LG-001093,Financial Approval,2020-11-27,,Conditionally Approved,State Cabinet,87
APP-0005851,LG-001093,Government Notification,2020-12-02,2021-03-12,Approved,District Collectorate,5
APP-0005852,LG-001093,Administrative Approval,2020-10-28,2020-12-03,Approved,State Cabinet,15
APP-0005853,LG-001094,Administrative Approval,2022-01-18,2022-03-10,Approved,State Cabinet,14
APP-0005854,LG-001094,Environmental Clearance,2022-02-02,,Conditionally Approved,Finance Ministry,40
APP-0005855,LG-001094,Land Acquisition Approval,2022-01-23,,In Review,District Collectorate,51
APP-0005856,LG-001094,Financial Approval,2022-03-21,2022-05-10,Approved,State Cabinet,5
APP-0005857,LG-001094,Government Notification,2022-04-02,2022-06-23,Approved,Finance Ministry,13
APP-0005858,LG-001094,Administrative Approval,2022-02-09,2022-05-26,Approved,MoEFCC,4
APP-0005859,LG-001094,Environmental Clearance,2022-02-12,2022-05-22,Approved,Finance Ministry,7
APP-0005860,LG-001094,Land Acquisition Approval,2022-02-22,2022-04-15,Approved,State Cabinet,7
APP-0005861,LG-001095,Administrative Approval,2022-05-04,,Submitted,MoEFCC,134
APP-0005862,LG-001095,Environmental Clearance,2022-07-18,,Conditionally Approved,Finance Ministry,100
APP-0005863,LG-001095,Land Acquisition Approval,2022-06-12,,In Review,MoEFCC,108
APP-0005864,LG-001095,Financial Approval,2022-07-11,,Submitted,State Cabinet,121
APP-0005865,LG-001095,Government Notification,2022-06-29,,In Review,State Cabinet,51
APP-0005866,LG-001095,Administrative Approval,2022-06-18,,Conditionally Approved,Finance Ministry,59
APP-0005867,LG-001095,Environmental Clearance,2022-06-23,2022-09-13,Approved,Finance Ministry,2
APP-0005868,LG-001095,Land Acquisition Approval,2022-04-30,,In Review,Finance Ministry,88
APP-0005869,LG-001096,Administrative Approval,2023-11-25,2024-01-02,Approved,State Cabinet,10
APP-0005870,LG-001096,Environmental Clearance,2023-12-06,,In Review,State Cabinet,68
APP-0005871,LG-001096,Land Acquisition Approval,2024-02-08,,Conditionally Approved,Finance Ministry,45
APP-0005872,LG-001097,Administrative Approval,2018-10-31,2019-02-22,Approved,State Cabinet,7
APP-0005873,LG-001097,Environmental Clearance,2018-11-05,2018-12-31,Approved,MoEFCC,14
APP-0005874,LG-001097,Land Acquisition Approval,2018-12-26,2019-01-31,Approved,Finance Ministry,2
APP-0005875,LG-001097,Financial Approval,2018-10-27,,Conditionally Approved,MoEFCC,31
APP-0005876,LG-001097,Government Notification,2018-10-22,,Conditionally Approved,District Collectorate,44
APP-0005877,LG-001097,Administrative Approval,2018-12-23,2019-01-25,Approved,District Collectorate,8
APP-0005878,LG-001097,Environmental Clearance,2018-12-01,,Submitted,Finance Ministry,59
APP-0005879,LG-001097,Land Acquisition Approval,2019-01-02,,In Review,State Cabinet,91
APP-0005880,LG-001098,Administrative Approval,2024-01-28,2024-03-02,Approved,MoEFCC,14
APP-0005881,LG-001098,Environmental Clearance,2024-02-18,2024-04-14,Approved,MoEFCC,9
APP-0005882,LG-001098,Land Acquisition Approval,2024-02-25,,In Review,State Cabinet,58
APP-0005883,LG-001098,Financial Approval,2024-01-27,2024-03-17,Approved,MoEFCC,11
APP-0005884,LG-001098,Government Notification,2024-01-28,2024-04-03,Approved,MoEFCC,7
APP-0005885,LG-001098,Administrative Approval,2024-01-26,,In Review,Finance Ministry,134
APP-0005886,LG-001098,Environmental Clearance,2024-01-18,2024-04-12,Approved,MoEFCC,15
APP-0005887,LG-001098,Land Acquisition Approval,2023-12-29,2024-03-13,Approved,Finance Ministry,12
APP-0005888,LG-001099,Administrative Approval,2023-07-12,,Conditionally Approved,Finance Ministry,33
APP-0005889,LG-001099,Environmental Clearance,2023-07-07,,In Review,District Collectorate,46
APP-0005890,LG-001099,Land Acquisition Approval,2023-06-26,2023-09-05,Approved,MoEFCC,13
APP-0005891,LG-001099,Financial Approval,2023-05-04,,In Review,District Collectorate,66
APP-0005892,LG-001099,Government Notification,2023-05-21,2023-06-29,Approved,Finance Ministry,6
APP-0005893,LG-001099,Administrative Approval,2023-07-06,2023-08-24,Approved,State Cabinet,12
APP-0005894,LG-001100,Administrative Approval,2018-05-08,2018-08-30,Approved,Finance Ministry,14
APP-0005895,LG-001100,Environmental Clearance,2018-03-04,,In Review,MoEFCC,80
APP-0005896,LG-001100,Land Acquisition Approval,2018-03-23,2018-07-18,Approved,MoEFCC,10
APP-0005897,LG-001100,Financial Approval,2018-05-09,2018-06-29,Approved,Finance Ministry,2
APP-0005898,LG-001100,Government Notification,2018-03-03,2018-06-29,Approved,MoEFCC,10
APP-0005899,LG-001100,Administrative Approval,2018-02-26,2018-06-26,Approved,MoEFCC,8
APP-0005900,LG-001100,Environmental Clearance,2018-05-09,2018-08-24,Approved,Finance Ministry,4
APP-0005901,LG-001100,Land Acquisition Approval,2018-03-18,2018-06-05,Approved,District Collectorate,3
APP-0005902,LG-001101,Administrative Approval,2024-12-02,2025-01-31,Approved,State Cabinet,9
APP-0005903,LG-001101,Environmental Clearance,2024-11-02,2025-01-10,Approved,District Collectorate,4
APP-0005904,LG-001101,Land Acquisition Approval,2024-12-13,2025-03-13,Approved,MoEFCC,5
APP-0005905,LG-001101,Financial Approval,2025-01-08,,In Review,District Collectorate,140
APP-0005906,LG-001101,Government Notification,2024-12-13,,Conditionally Approved,MoEFCC,118
APP-0005907,LG-001101,Administrative Approval,2024-11-02,,Submitted,District Collectorate,122
APP-0005908,LG-001102,Administrative Approval,2023-12-30,2024-02-06,Approved,MoEFCC,6
APP-0005909,LG-001102,Environmental Clearance,2024-01-01,,Conditionally Approved,Finance Ministry,138
APP-0005910,LG-001102,Land Acquisition Approval,2023-12-09,,Conditionally Approved,MoEFCC,79
APP-0005911,LG-001102,Financial Approval,2023-11-14,,Submitted,Finance Ministry,32
APP-0005912,LG-001102,Government Notification,2023-11-16,2024-01-22,Approved,Finance Ministry,3
APP-0005913,LG-001102,Administrative Approval,2023-10-27,,Conditionally Approved,Finance Ministry,60
APP-0005914,LG-001102,Environmental Clearance,2024-01-20,,Conditionally Approved,MoEFCC,91
APP-0005915,LG-001102,Land Acquisition Approval,2023-11-12,2024-02-21,Approved,Finance Ministry,6
APP-0005916,LG-001103,Administrative Approval,2021-11-19,2022-03-12,Approved,State Cabinet,0
APP-0005917,LG-001103,Environmental Clearance,2021-12-16,,Submitted,MoEFCC,62
APP-0005918,LG-001103,Land Acquisition Approval,2021-12-09,2022-02-02,Approved,Finance Ministry,7
APP-0005919,LG-001104,Administrative Approval,2023-01-02,,Conditionally Approved,Finance Ministry,84
APP-0005920,LG-001104,Environmental Clearance,2022-12-17,2023-02-26,Approved,Finance Ministry,12
APP-0005921,LG-001104,Land Acquisition Approval,2023-02-02,2023-03-17,Approved,State Cabinet,5
APP-0005922,LG-001104,Financial Approval,2023-02-11,2023-03-31,Approved,MoEFCC,9
APP-0005923,LG-001104,Government Notification,2023-02-04,,Conditionally Approved,Finance Ministry,132
APP-0005924,LG-001104,Administrative Approval,2023-01-09,,In Review,MoEFCC,88
APP-0005925,LG-001104,Environmental Clearance,2023-03-02,,Submitted,Finance Ministry,128
APP-0005926,LG-001104,Land Acquisition Approval,2023-01-05,,In Review,District Collectorate,35
APP-0005927,LG-001105,Administrative Approval,2024-05-19,,In Review,MoEFCC,100
APP-0005928,LG-001105,Environmental Clearance,2024-05-13,2024-08-06,Approved,State Cabinet,14
APP-0005929,LG-001105,Land Acquisition Approval,2024-07-10,,Conditionally Approved,MoEFCC,130
APP-0005930,LG-001105,Financial Approval,2024-05-19,2024-08-22,Approved,District Collectorate,5
APP-0005931,LG-001105,Government Notification,2024-05-09,2024-08-30,Approved,District Collectorate,13
APP-0005932,LG-001105,Administrative Approval,2024-07-09,,Conditionally Approved,MoEFCC,109
APP-0005933,LG-001106,Administrative Approval,2023-08-07,2023-10-12,Approved,State Cabinet,3
APP-0005934,LG-001106,Environmental Clearance,2023-08-31,2023-10-29,Approved,Finance Ministry,5
APP-0005935,LG-001106,Land Acquisition Approval,2023-08-17,2023-12-08,Approved,Finance Ministry,5
APP-0005936,LG-001106,Financial Approval,2023-09-26,2023-12-18,Approved,District Collectorate,5
APP-0005937,LG-001106,Government Notification,2023-10-26,2024-02-19,Approved,Finance Ministry,15
APP-0005938,LG-001106,Administrative Approval,2023-09-29,,In Review,State Cabinet,114
APP-0005939,LG-001106,Environmental Clearance,2023-10-02,2024-01-07,Approved,State Cabinet,1
APP-0005940,LG-001107,Administrative Approval,2022-03-26,2022-07-10,Approved,MoEFCC,12
APP-0005941,LG-001107,Environmental Clearance,2022-02-21,,In Review,MoEFCC,110
APP-0005942,LG-001107,Land Acquisition Approval,2022-03-21,,Submitted,Finance Ministry,122
APP-0005943,LG-001107,Financial Approval,2022-02-12,,Conditionally Approved,State Cabinet,145
APP-0005944,LG-001107,Government Notification,2022-03-17,2022-05-22,Approved,District Collectorate,6
APP-0005945,LG-001107,Administrative Approval,2022-01-03,,In Review,State Cabinet,118
APP-0005946,LG-001108,Administrative Approval,2022-05-28,2022-07-09,Approved,MoEFCC,4
APP-0005947,LG-001108,Environmental Clearance,2022-07-09,,Conditionally Approved,Finance Ministry,59
APP-0005948,LG-001108,Land Acquisition Approval,2022-05-04,,Submitted,Finance Ministry,60
APP-0005949,LG-001108,Financial Approval,2022-06-14,,In Review,District Collectorate,78
APP-0005950,LG-001108,Government Notification,2022-06-10,,In Review,District Collectorate,33
APP-0005951,LG-001108,Administrative Approval,2022-06-10,2022-09-01,Approved,Finance Ministry,2
APP-0005952,LG-001108,Environmental Clearance,2022-05-18,,Conditionally Approved,State Cabinet,72
APP-0005953,LG-001109,Administrative Approval,2021-03-21,2021-06-08,Approved,MoEFCC,0
APP-0005954,LG-001109,Environmental Clearance,2021-04-06,2021-06-06,Approved,State Cabinet,4
APP-0005955,LG-001109,Land Acquisition Approval,2021-04-18,,Conditionally Approved,Finance Ministry,94
APP-0005956,LG-001109,Financial Approval,2021-04-16,2021-05-16,Approved,Finance Ministry,0
APP-0005957,LG-001109,Government Notification,2021-02-24,2021-06-05,Approved,District Collectorate,6
APP-0005958,LG-001109,Administrative Approval,2021-04-12,2021-07-30,Approved,MoEFCC,10
APP-0005959,LG-001109,Environmental Clearance,2021-03-14,2021-05-08,Approved,District Collectorate,7
APP-0005960,LG-001110,Administrative Approval,2023-03-13,2023-07-03,Approved,Finance Ministry,14
APP-0005961,LG-001110,Environmental Clearance,2023-02-04,2023-03-31,Approved,Finance Ministry,7
APP-0005962,LG-001110,Land Acquisition Approval,2023-03-23,,In Review,MoEFCC,50
APP-0005963,LG-001110,Financial Approval,2023-02-20,2023-05-29,Approved,District Collectorate,12
APP-0005964,LG-001110,Government Notification,2023-03-14,2023-06-18,Approved,MoEFCC,8
APP-0005965,LG-001110,Administrative Approval,2023-02-26,2023-06-16,Approved,District Collectorate,4
APP-0005966,LG-001111,Administrative Approval,2024-05-17,2024-09-06,Approved,MoEFCC,11
APP-0005967,LG-001111,Environmental Clearance,2024-05-22,,In Review,MoEFCC,51
APP-0005968,LG-001111,Land Acquisition Approval,2024-05-18,,Conditionally Approved,State Cabinet,91
APP-0005969,LG-001111,Financial Approval,2024-07-28,2024-10-12,Approved,Finance Ministry,11
APP-0005970,LG-001111,Government Notification,2024-06-26,2024-09-20,Approved,District Collectorate,7
APP-0005971,LG-001111,Administrative Approval,2024-05-10,,Conditionally Approved,State Cabinet,96
APP-0005972,LG-001111,Environmental Clearance,2024-05-19,,Submitted,MoEFCC,50
APP-0005973,LG-001112,Administrative Approval,2020-05-20,2020-08-01,Approved,State Cabinet,13
APP-0005974,LG-001112,Environmental Clearance,2020-06-08,2020-08-01,Approved,MoEFCC,14
APP-0005975,LG-001112,Land Acquisition Approval,2020-06-18,,Submitted,MoEFCC,71
APP-0005976,LG-001112,Financial Approval,2020-05-31,2020-07-15,Approved,Finance Ministry,2
APP-0005977,LG-001112,Government Notification,2020-06-27,,In Review,Finance Ministry,73
APP-0005978,LG-001113,Administrative Approval,2021-11-05,2022-01-11,Approved,State Cabinet,5
APP-0005979,LG-001113,Environmental Clearance,2021-10-09,,Conditionally Approved,Finance Ministry,76
APP-0005980,LG-001113,Land Acquisition Approval,2021-11-02,2021-12-14,Approved,Finance Ministry,7
APP-0005981,LG-001113,Financial Approval,2021-09-26,,Submitted,District Collectorate,133
APP-0005982,LG-001113,Government Notification,2021-10-20,2022-01-06,Approved,MoEFCC,12
APP-0005983,LG-001113,Administrative Approval,2021-12-19,2022-01-19,Approved,State Cabinet,8
APP-0005984,LG-001113,Environmental Clearance,2021-10-07,,Conditionally Approved,State Cabinet,100
APP-0005985,LG-001113,Land Acquisition Approval,2021-12-20,,In Review,MoEFCC,144
APP-0005986,LG-001114,Administrative Approval,2019-11-28,2020-03-24,Approved,Finance Ministry,2
APP-0005987,LG-001114,Environmental Clearance,2019-10-12,2020-01-24,Approved,District Collectorate,13
APP-0005988,LG-001114,Land Acquisition Approval,2019-11-12,2020-01-17,Approved,Finance Ministry,9
APP-0005989,LG-001114,Financial Approval,2019-11-24,2020-01-12,Approved,MoEFCC,2
APP-0005990,LG-001114,Government Notification,2019-11-18,2020-03-14,Approved,State Cabinet,0
APP-0005991,LG-001114,Administrative Approval,2019-10-21,,Conditionally Approved,District Collectorate,37
APP-0005992,LG-001115,Administrative Approval,2024-05-09,2024-08-16,Approved,State Cabinet,15
APP-0005993,LG-001115,Environmental Clearance,2024-04-25,2024-06-14,Approved,State Cabinet,9
APP-0005994,LG-001115,Land Acquisition Approval,2024-05-15,2024-06-27,Approved,Finance Ministry,14
APP-0005995,LG-001116,Administrative Approval,2023-03-11,2023-04-18,Approved,Finance Ministry,2
APP-0005996,LG-001116,Environmental Clearance,2023-03-09,,In Review,State Cabinet,123
APP-0005997,LG-001116,Land Acquisition Approval,2023-03-05,2023-06-05,Approved,Finance Ministry,9
APP-0005998,LG-001117,Administrative Approval,2018-11-25,,Conditionally Approved,State Cabinet,142
APP-0005999,LG-001117,Environmental Clearance,2018-11-15,2019-02-21,Approved,State Cabinet,12
APP-0006000,LG-001117,Land Acquisition Approval,2019-01-05,2019-04-15,Approved,MoEFCC,2
APP-0006001,LG-001117,Financial Approval,2018-11-02,2018-12-28,Approved,State Cabinet,4
APP-0006002,LG-001118,Administrative Approval,2018-10-07,,Conditionally Approved,District Collectorate,136
APP-0006003,LG-001118,Environmental Clearance,2018-08-25,,In Review,State Cabinet,102
APP-0006004,LG-001118,Land Acquisition Approval,2018-07-28,2018-09-14,Approved,District Collectorate,12
APP-0006005,LG-001118,Financial Approval,2018-09-06,2018-12-11,Approved,MoEFCC,0
APP-0006006,LG-001118,Government Notification,2018-08-11,2018-10-11,Approved,Finance Ministry,4
APP-0006007,LG-001119,Administrative Approval,2024-12-17,2025-04-06,Approved,District Collectorate,10
APP-0006008,LG-001119,Environmental Clearance,2024-12-05,2025-02-03,Approved,State Cabinet,11
APP-0006009,LG-001119,Land Acquisition Approval,2024-12-24,2025-03-19,Approved,Finance Ministry,9
APP-0006010,LG-001119,Financial Approval,2025-02-01,2025-05-20,Approved,MoEFCC,3
APP-0006011,LG-001120,Administrative Approval,2023-07-29,2023-09-17,Approved,Finance Ministry,2
APP-0006012,LG-001120,Environmental Clearance,2023-05-31,2023-07-28,Approved,Finance Ministry,7
APP-0006013,LG-001120,Land Acquisition Approval,2023-06-19,2023-09-05,Approved,Finance Ministry,10
APP-0006014,LG-001120,Financial Approval,2023-08-07,2023-09-22,Approved,State Cabinet,5
APP-0006015,LG-001120,Government Notification,2023-07-19,2023-11-12,Approved,Finance Ministry,5
APP-0006016,LG-001120,Administrative Approval,2023-06-14,2023-08-25,Approved,Finance Ministry,3
APP-0006017,LG-001121,Administrative Approval,2018-07-30,2018-10-23,Approved,State Cabinet,8
APP-0006018,LG-001121,Environmental Clearance,2018-07-06,2018-09-21,Approved,District Collectorate,13
APP-0006019,LG-001121,Land Acquisition Approval,2018-08-19,2018-11-25,Approved,District Collectorate,10
APP-0006020,LG-001121,Financial Approval,2018-07-22,,Conditionally Approved,Finance Ministry,76
APP-0006021,LG-001121,Government Notification,2018-07-20,2018-08-27,Approved,Finance Ministry,5
APP-0006022,LG-001121,Administrative Approval,2018-07-28,2018-10-14,Approved,Finance Ministry,0
APP-0006023,LG-001121,Environmental Clearance,2018-06-27,2018-08-07,Approved,State Cabinet,12
APP-0006024,LG-001122,Administrative Approval,2018-10-05,2018-11-04,Approved,State Cabinet,15
APP-0006025,LG-001122,Environmental Clearance,2018-10-07,2019-01-20,Approved,MoEFCC,0
APP-0006026,LG-001122,Land Acquisition Approval,2018-07-22,2018-09-12,Approved,Finance Ministry,13
APP-0006027,LG-001122,Financial Approval,2018-09-16,2018-12-02,Approved,State Cabinet,10
APP-0006028,LG-001123,Administrative Approval,2018-04-04,,Submitted,MoEFCC,72
APP-0006029,LG-001123,Environmental Clearance,2018-03-21,2018-07-13,Approved,Finance Ministry,13
APP-0006030,LG-001123,Land Acquisition Approval,2018-06-03,2018-09-14,Approved,District Collectorate,6
APP-0006031,LG-001123,Financial Approval,2018-05-03,2018-06-18,Approved,State Cabinet,2
APP-0006032,LG-001123,Government Notification,2018-04-03,,Conditionally Approved,State Cabinet,141
APP-0006033,LG-001123,Administrative Approval,2018-03-29,2018-07-09,Approved,MoEFCC,9
APP-0006034,LG-001123,Environmental Clearance,2018-04-11,2018-05-23,Approved,MoEFCC,5
APP-0006035,LG-001124,Administrative Approval,2023-05-04,,Conditionally Approved,State Cabinet,93
APP-0006036,LG-001124,Environmental Clearance,2023-03-27,2023-06-26,Approved,District Collectorate,0
APP-0006037,LG-001124,Land Acquisition Approval,2023-05-19,2023-07-17,Approved,Finance Ministry,13
APP-0006038,LG-001124,Financial Approval,2023-06-05,,In Review,MoEFCC,137
APP-0006039,LG-001124,Government Notification,2023-04-19,,Conditionally Approved,Finance Ministry,85
APP-0006040,LG-001125,Administrative Approval,2018-07-15,2018-08-16,Approved,MoEFCC,11
APP-0006041,LG-001125,Environmental Clearance,2018-07-27,2018-11-02,Approved,Finance Ministry,0
APP-0006042,LG-001125,Land Acquisition Approval,2018-10-03,2018-12-31,Approved,State Cabinet,14
APP-0006043,LG-001125,Financial Approval,2018-07-22,2018-11-15,Approved,State Cabinet,8
APP-0006044,LG-001125,Government Notification,2018-07-26,2018-09-11,Approved,State Cabinet,2
APP-0006045,LG-001125,Administrative Approval,2018-08-18,2018-10-03,Approved,MoEFCC,2
APP-0006046,LG-001125,Environmental Clearance,2018-09-02,2018-10-12,Approved,District Collectorate,7
APP-0006047,LG-001125,Land Acquisition Approval,2018-09-12,2018-12-09,Approved,MoEFCC,3
APP-0006048,LG-001126,Administrative Approval,2019-06-14,2019-10-10,Approved,State Cabinet,15
APP-0006049,LG-001126,Environmental Clearance,2019-07-02,2019-10-12,Approved,State Cabinet,3
APP-0006050,LG-001126,Land Acquisition Approval,2019-05-29,2019-07-09,Approved,Finance Ministry,3
APP-0006051,LG-001126,Financial Approval,2019-05-18,2019-07-15,Approved,State Cabinet,0
APP-0006052,LG-001127,Administrative Approval,2023-08-09,2023-10-30,Approved,Finance Ministry,13
APP-0006053,LG-001127,Environmental Clearance,2023-09-28,2024-01-19,Approved,MoEFCC,12
APP-0006054,LG-001127,Land Acquisition Approval,2023-10-02,2023-12-27,Approved,MoEFCC,13
APP-0006055,LG-001127,Financial Approval,2023-08-18,2023-12-07,Approved,MoEFCC,14
APP-0006056,LG-001127,Government Notification,2023-08-26,2023-12-02,Approved,State Cabinet,7
APP-0006057,LG-001127,Administrative Approval,2023-10-03,2023-11-13,Approved,Finance Ministry,3
APP-0006058,LG-001127,Environmental Clearance,2023-07-18,2023-09-19,Approved,Finance Ministry,10
APP-0006059,LG-001128,Administrative Approval,2021-11-20,2022-02-03,Approved,District Collectorate,11
APP-0006060,LG-001128,Environmental Clearance,2021-11-01,2022-01-08,Approved,MoEFCC,7
APP-0006061,LG-001128,Land Acquisition Approval,2021-09-15,2021-11-04,Approved,Finance Ministry,1
APP-0006062,LG-001128,Financial Approval,2021-10-31,2021-12-24,Approved,MoEFCC,14
APP-0006063,LG-001128,Government Notification,2021-10-04,,Conditionally Approved,MoEFCC,30
APP-0006064,LG-001128,Administrative Approval,2021-10-31,2022-01-11,Approved,State Cabinet,0
APP-0006065,LG-001128,Environmental Clearance,2021-10-09,2021-11-25,Approved,State Cabinet,10
APP-0006066,LG-001129,Administrative Approval,2018-05-18,2018-06-22,Approved,State Cabinet,1
APP-0006067,LG-001129,Environmental Clearance,2018-05-19,,In Review,State Cabinet,106
APP-0006068,LG-001129,Land Acquisition Approval,2018-04-04,2018-07-11,Approved,District Collectorate,13
APP-0006069,LG-001129,Financial Approval,2018-04-02,2018-06-30,Approved,State Cabinet,15
APP-0006070,LG-001130,Administrative Approval,2024-04-20,2024-05-21,Approved,State Cabinet,7
APP-0006071,LG-001130,Environmental Clearance,2024-05-01,2024-07-20,Approved,State Cabinet,14
APP-0006072,LG-001130,Land Acquisition Approval,2024-02-17,2024-05-11,Approved,State Cabinet,5
APP-0006073,LG-001130,Financial Approval,2024-02-26,2024-04-02,Approved,Finance Ministry,15
APP-0006074,LG-001130,Government Notification,2024-02-12,2024-03-15,Approved,Finance Ministry,4
APP-0006075,LG-001131,Administrative Approval,2021-03-24,,Submitted,MoEFCC,96
APP-0006076,LG-001131,Environmental Clearance,2021-06-18,2021-07-25,Approved,MoEFCC,11
APP-0006077,LG-001131,Land Acquisition Approval,2021-06-02,2021-08-26,Approved,District Collectorate,8
APP-0006078,LG-001131,Financial Approval,2021-06-04,,In Review,MoEFCC,63
APP-0006079,LG-001131,Government Notification,2021-05-14,2021-08-20,Approved,State Cabinet,8
APP-0006080,LG-001131,Administrative Approval,2021-05-07,2021-07-13,Approved,Finance Ministry,8
APP-0006081,LG-001131,Environmental Clearance,2021-04-14,2021-06-28,Approved,State Cabinet,6
APP-0006082,LG-001132,Administrative Approval,2022-12-29,,Conditionally Approved,State Cabinet,117
APP-0006083,LG-001132,Environmental Clearance,2023-01-04,,Submitted,Finance Ministry,34
APP-0006084,LG-001132,Land Acquisition Approval,2022-12-20,,Conditionally Approved,Finance Ministry,98
APP-0006085,LG-001132,Financial Approval,2022-11-08,,Submitted,Finance Ministry,58
APP-0006086,LG-001132,Government Notification,2022-11-18,2023-03-16,Approved,Finance Ministry,1
APP-0006087,LG-001133,Administrative Approval,2022-11-24,,Conditionally Approved,MoEFCC,83
APP-0006088,LG-001133,Environmental Clearance,2022-11-24,2023-01-09,Approved,District Collectorate,2
APP-0006089,LG-001133,Land Acquisition Approval,2022-11-04,,Submitted,MoEFCC,92
APP-0006090,LG-001133,Financial Approval,2022-11-05,,Conditionally Approved,Finance Ministry,103
APP-0006091,LG-001133,Government Notification,2022-11-18,2023-02-22,Approved,MoEFCC,4
APP-0006092,LG-001133,Administrative Approval,2022-11-19,,Conditionally Approved,District Collectorate,121
APP-0006093,LG-001133,Environmental Clearance,2022-10-22,2022-12-19,Approved,District Collectorate,15
APP-0006094,LG-001133,Land Acquisition Approval,2022-10-22,,In Review,Finance Ministry,149
APP-0006095,LG-001134,Administrative Approval,2020-04-13,2020-07-29,Approved,District Collectorate,8
APP-0006096,LG-001134,Environmental Clearance,2020-02-01,2020-04-09,Approved,MoEFCC,4
APP-0006097,LG-001134,Land Acquisition Approval,2020-03-07,2020-05-31,Approved,District Collectorate,15
APP-0006098,LG-001134,Financial Approval,2020-02-29,2020-05-20,Approved,District Collectorate,10
APP-0006099,LG-001134,Government Notification,2020-04-20,2020-08-06,Approved,District Collectorate,0
APP-0006100,LG-001134,Administrative Approval,2020-03-02,2020-05-25,Approved,State Cabinet,15
APP-0006101,LG-001135,Administrative Approval,2018-08-27,2018-12-10,Approved,State Cabinet,13
APP-0006102,LG-001135,Environmental Clearance,2018-07-10,2018-08-31,Approved,State Cabinet,4
APP-0006103,LG-001135,Land Acquisition Approval,2018-06-12,2018-08-10,Approved,District Collectorate,1
APP-0006104,LG-001135,Financial Approval,2018-07-30,2018-09-04,Approved,State Cabinet,7
APP-0006105,LG-001136,Administrative Approval,2024-06-11,2024-09-29,Approved,Finance Ministry,3
APP-0006106,LG-001136,Environmental Clearance,2024-08-02,2024-11-28,Approved,Finance Ministry,3
APP-0006107,LG-001136,Land Acquisition Approval,2024-05-16,2024-08-01,Approved,MoEFCC,2
APP-0006108,LG-001136,Financial Approval,2024-06-19,2024-09-14,Approved,MoEFCC,8
APP-0006109,LG-001136,Government Notification,2024-06-15,2024-10-03,Approved,MoEFCC,3
APP-0006110,LG-001137,Administrative Approval,2024-02-27,,Conditionally Approved,District Collectorate,72
APP-0006111,LG-001137,Environmental Clearance,2024-02-22,2024-06-08,Approved,District Collectorate,7
APP-0006112,LG-001137,Land Acquisition Approval,2024-04-17,,In Review,MoEFCC,104
APP-0006113,LG-001138,Administrative Approval,2023-10-27,,In Review,District Collectorate,32
APP-0006114,LG-001138,Environmental Clearance,2023-09-12,,In Review,MoEFCC,51
APP-0006115,LG-001138,Land Acquisition Approval,2023-10-16,,Conditionally Approved,Finance Ministry,113
APP-0006116,LG-001138,Financial Approval,2023-11-12,,In Review,District Collectorate,87
APP-0006117,LG-001139,Administrative Approval,2020-05-21,2020-07-22,Approved,MoEFCC,7
APP-0006118,LG-001139,Environmental Clearance,2020-08-09,2020-11-22,Approved,District Collectorate,8
APP-0006119,LG-001139,Land Acquisition Approval,2020-05-22,,In Review,State Cabinet,88
APP-0006120,LG-001139,Financial Approval,2020-07-29,2020-10-07,Approved,MoEFCC,14
APP-0006121,LG-001139,Government Notification,2020-07-20,2020-09-10,Approved,Finance Ministry,10
APP-0006122,LG-001140,Administrative Approval,2019-07-06,2019-09-15,Approved,Finance Ministry,13
APP-0006123,LG-001140,Environmental Clearance,2019-07-24,2019-10-26,Approved,State Cabinet,5
APP-0006124,LG-001140,Land Acquisition Approval,2019-08-16,2019-10-20,Approved,District Collectorate,11
APP-0006125,LG-001140,Financial Approval,2019-07-30,2019-10-10,Approved,District Collectorate,15
APP-0006126,LG-001140,Government Notification,2019-06-23,2019-10-06,Approved,MoEFCC,7
APP-0006127,LG-001140,Administrative Approval,2019-07-07,2019-10-31,Approved,Finance Ministry,3
APP-0006128,LG-001140,Environmental Clearance,2019-07-29,2019-10-02,Approved,MoEFCC,11
APP-0006129,LG-001141,Administrative Approval,2021-01-01,,In Review,MoEFCC,97
APP-0006130,LG-001141,Environmental Clearance,2021-01-05,2021-02-06,Approved,State Cabinet,11
APP-0006131,LG-001141,Land Acquisition Approval,2021-01-09,,In Review,District Collectorate,36
APP-0006132,LG-001141,Financial Approval,2021-02-27,2021-04-07,Approved,District Collectorate,9
APP-0006133,LG-001141,Government Notification,2021-02-15,,Conditionally Approved,MoEFCC,54
APP-0006134,LG-001141,Administrative Approval,2020-12-14,2021-04-06,Approved,Finance Ministry,0
APP-0006135,LG-001141,Environmental Clearance,2021-01-02,,Conditionally Approved,Finance Ministry,142
APP-0006136,LG-001142,Administrative Approval,2020-11-25,,Conditionally Approved,District Collectorate,134
APP-0006137,LG-001142,Environmental Clearance,2020-09-24,2021-01-19,Approved,State Cabinet,6
APP-0006138,LG-001142,Land Acquisition Approval,2020-09-26,2020-11-15,Approved,MoEFCC,3
APP-0006139,LG-001142,Financial Approval,2020-11-08,,Conditionally Approved,Finance Ministry,89
APP-0006140,LG-001143,Administrative Approval,2019-06-14,2019-08-22,Approved,MoEFCC,2
APP-0006141,LG-001143,Environmental Clearance,2019-06-13,2019-09-20,Approved,Finance Ministry,0
APP-0006142,LG-001143,Land Acquisition Approval,2019-04-18,2019-07-21,Approved,State Cabinet,10
APP-0006143,LG-001143,Financial Approval,2019-05-17,2019-07-06,Approved,State Cabinet,15
APP-0006144,LG-001143,Government Notification,2019-03-23,2019-05-21,Approved,District Collectorate,1
APP-0006145,LG-001143,Administrative Approval,2019-04-18,2019-06-29,Approved,Finance Ministry,5
APP-0006146,LG-001143,Environmental Clearance,2019-04-19,,Conditionally Approved,Finance Ministry,69
APP-0006147,LG-001143,Land Acquisition Approval,2019-06-02,2019-09-03,Approved,MoEFCC,4
APP-0006148,LG-001144,Administrative Approval,2022-10-28,2022-12-17,Approved,State Cabinet,1
APP-0006149,LG-001144,Environmental Clearance,2022-11-07,2023-01-08,Approved,Finance Ministry,5
APP-0006150,LG-001144,Land Acquisition Approval,2022-12-03,2023-03-21,Approved,MoEFCC,7
APP-0006151,LG-001144,Financial Approval,2022-09-19,2022-11-08,Approved,State Cabinet,2
APP-0006152,LG-001145,Administrative Approval,2019-06-09,2019-09-04,Approved,State Cabinet,9
APP-0006153,LG-001145,Environmental Clearance,2019-07-04,2019-10-10,Approved,Finance Ministry,7
APP-0006154,LG-001145,Land Acquisition Approval,2019-08-06,2019-10-05,Approved,District Collectorate,13
APP-0006155,LG-001146,Administrative Approval,2025-01-09,,Submitted,District Collectorate,46
APP-0006156,LG-001146,Environmental Clearance,2025-01-15,2025-05-07,Approved,Finance Ministry,4
APP-0006157,LG-001146,Land Acquisition Approval,2025-01-11,2025-03-19,Approved,Finance Ministry,6
APP-0006158,LG-001146,Financial Approval,2025-03-15,,Conditionally Approved,State Cabinet,104
APP-0006159,LG-001146,Government Notification,2024-12-25,,In Review,State Cabinet,84
APP-0006160,LG-001146,Administrative Approval,2024-12-26,2025-04-24,Approved,State Cabinet,13
APP-0006161,LG-001147,Administrative Approval,2019-06-13,2019-08-17,Approved,MoEFCC,12
APP-0006162,LG-001147,Environmental Clearance,2019-06-08,2019-07-25,Approved,MoEFCC,7
APP-0006163,LG-001147,Land Acquisition Approval,2019-07-03,2019-09-03,Approved,State Cabinet,6
APP-0006164,LG-001147,Financial Approval,2019-07-07,2019-09-04,Approved,State Cabinet,1
APP-0006165,LG-001147,Government Notification,2019-05-08,2019-08-01,Approved,MoEFCC,9
APP-0006166,LG-001147,Administrative Approval,2019-05-27,2019-09-12,Approved,MoEFCC,14
APP-0006167,LG-001147,Environmental Clearance,2019-05-24,2019-08-01,Approved,Finance Ministry,3
APP-0006168,LG-001147,Land Acquisition Approval,2019-04-19,,Submitted,District Collectorate,127
APP-0006169,LG-001148,Administrative Approval,2023-09-19,2023-11-01,Approved,District Collectorate,9
APP-0006170,LG-001148,Environmental Clearance,2023-09-01,,Conditionally Approved,MoEFCC,145
APP-0006171,LG-001148,Land Acquisition Approval,2023-07-31,,Conditionally Approved,State Cabinet,55
APP-0006172,LG-001148,Financial Approval,2023-07-18,,Submitted,District Collectorate,40
APP-0006173,LG-001148,Government Notification,2023-07-02,2023-09-28,Approved,Finance Ministry,13
APP-0006174,LG-001148,Administrative Approval,2023-09-09,,Submitted,District Collectorate,64
APP-0006175,LG-001148,Environmental Clearance,2023-07-20,2023-10-02,Approved,State Cabinet,14
APP-0006176,LG-001148,Land Acquisition Approval,2023-09-22,2023-12-13,Approved,District Collectorate,0
APP-0006177,LG-001149,Administrative Approval,2022-03-01,,In Review,State Cabinet,94
APP-0006178,LG-001149,Environmental Clearance,2022-04-09,2022-06-05,Approved,Finance Ministry,8
APP-0006179,LG-001149,Land Acquisition Approval,2022-02-16,2022-04-28,Approved,State Cabinet,13
APP-0006180,LG-001149,Financial Approval,2022-02-16,2022-04-16,Approved,MoEFCC,0
APP-0006181,LG-001149,Government Notification,2022-01-28,,In Review,State Cabinet,60
APP-0006182,LG-001149,Administrative Approval,2022-03-14,2022-06-27,Approved,State Cabinet,11
APP-0006183,LG-001150,Administrative Approval,2021-01-09,,In Review,Finance Ministry,99
APP-0006184,LG-001150,Environmental Clearance,2020-10-29,2021-02-19,Approved,Finance Ministry,11
APP-0006185,LG-001150,Land Acquisition Approval,2020-10-27,,In Review,District Collectorate,119
APP-0006186,LG-001150,Financial Approval,2020-12-19,,Conditionally Approved,State Cabinet,129
APP-0006187,LG-001150,Government Notification,2020-12-11,2021-01-26,Approved,MoEFCC,15
APP-0006188,LG-001151,Administrative Approval,2019-11-17,2020-01-19,Approved,District Collectorate,14
APP-0006189,LG-001151,Environmental Clearance,2019-10-27,2019-12-21,Approved,State Cabinet,13
APP-0006190,LG-001151,Land Acquisition Approval,2019-10-13,2019-12-28,Approved,District Collectorate,15
APP-0006191,LG-001151,Financial Approval,2019-09-03,,In Review,District Collectorate,144
APP-0006192,LG-001151,Government Notification,2019-11-17,2020-01-05,Approved,Finance Ministry,0
APP-0006193,LG-001151,Administrative Approval,2019-10-07,,Submitted,State Cabinet,37
APP-0006194,LG-001151,Environmental Clearance,2019-10-23,2019-12-04,Approved,State Cabinet,3
APP-0006195,LG-001152,Administrative Approval,2022-08-22,,Submitted,State Cabinet,83
APP-0006196,LG-001152,Environmental Clearance,2022-09-17,2022-10-27,Approved,MoEFCC,14
APP-0006197,LG-001152,Land Acquisition Approval,2022-07-26,2022-11-15,Approved,MoEFCC,6
APP-0006198,LG-001152,Financial Approval,2022-09-27,,Submitted,State Cabinet,32
APP-0006199,LG-001152,Government Notification,2022-08-16,2022-09-15,Approved,Finance Ministry,14
APP-0006200,LG-001152,Administrative Approval,2022-09-29,,Conditionally Approved,MoEFCC,78
APP-0006201,LG-001153,Administrative Approval,2023-09-09,2023-11-22,Approved,State Cabinet,4
APP-0006202,LG-001153,Environmental Clearance,2023-07-29,2023-10-16,Approved,Finance Ministry,7
APP-0006203,LG-001153,Land Acquisition Approval,2023-08-19,,Conditionally Approved,MoEFCC,101
APP-0006204,LG-001154,Administrative Approval,2024-06-21,2024-08-07,Approved,Finance Ministry,8
APP-0006205,LG-001154,Environmental Clearance,2024-07-13,,Conditionally Approved,District Collectorate,82
APP-0006206,LG-001154,Land Acquisition Approval,2024-08-17,,Submitted,Finance Ministry,68
APP-0006207,LG-001154,Financial Approval,2024-08-21,,Conditionally Approved,District Collectorate,38
APP-0006208,LG-001154,Government Notification,2024-07-27,2024-09-06,Approved,State Cabinet,0
APP-0006209,LG-001155,Administrative Approval,2024-01-08,2024-04-27,Approved,State Cabinet,14
APP-0006210,LG-001155,Environmental Clearance,2024-03-11,2024-04-17,Approved,MoEFCC,12
APP-0006211,LG-001155,Land Acquisition Approval,2024-03-15,,Conditionally Approved,MoEFCC,89
APP-0006212,LG-001156,Administrative Approval,2020-01-28,2020-04-05,Approved,Finance Ministry,9
APP-0006213,LG-001156,Environmental Clearance,2020-03-16,,Submitted,District Collectorate,111
APP-0006214,LG-001156,Land Acquisition Approval,2020-03-09,2020-04-08,Approved,Finance Ministry,3
APP-0006215,LG-001156,Financial Approval,2020-02-08,2020-05-21,Approved,Finance Ministry,6
APP-0006216,LG-001156,Government Notification,2020-02-22,,Conditionally Approved,Finance Ministry,55
APP-0006217,LG-001156,Administrative Approval,2020-01-26,2020-03-30,Approved,State Cabinet,2
APP-0006218,LG-001156,Environmental Clearance,2020-02-08,2020-04-11,Approved,MoEFCC,14
APP-0006219,LG-001157,Administrative Approval,2025-03-02,2025-06-08,Approved,District Collectorate,9
APP-0006220,LG-001157,Environmental Clearance,2024-12-15,2025-04-09,Approved,MoEFCC,2
APP-0006221,LG-001157,Land Acquisition Approval,2025-01-19,2025-02-18,Approved,State Cabinet,1
APP-0006222,LG-001158,Administrative Approval,2019-12-19,2020-04-10,Approved,District Collectorate,5
APP-0006223,LG-001158,Environmental Clearance,2019-12-01,2020-03-28,Approved,State Cabinet,11
APP-0006224,LG-001158,Land Acquisition Approval,2019-11-25,2020-03-20,Approved,MoEFCC,0
APP-0006225,LG-001158,Financial Approval,2019-12-06,,Conditionally Approved,Finance Ministry,100
APP-0006226,LG-001158,Government Notification,2019-12-09,2020-01-20,Approved,District Collectorate,2
APP-0006227,LG-001158,Administrative Approval,2019-11-14,2020-02-10,Approved,Finance Ministry,4
APP-0006228,LG-001158,Environmental Clearance,2019-10-20,2020-02-14,Approved,MoEFCC,0
APP-0006229,LG-001158,Land Acquisition Approval,2019-10-28,2020-01-06,Approved,State Cabinet,11
APP-0006230,LG-001159,Administrative Approval,2022-06-25,,In Review,State Cabinet,61
APP-0006231,LG-001159,Environmental Clearance,2022-05-07,2022-07-01,Approved,MoEFCC,14
APP-0006232,LG-001159,Land Acquisition Approval,2022-06-29,2022-09-20,Approved,Finance Ministry,9
APP-0006233,LG-001159,Financial Approval,2022-05-25,2022-09-17,Approved,District Collectorate,8
APP-0006234,LG-001159,Government Notification,2022-06-01,,In Review,Finance Ministry,133
APP-0006235,LG-001160,Administrative Approval,2022-04-20,2022-08-01,Approved,MoEFCC,7
APP-0006236,LG-001160,Environmental Clearance,2022-04-01,,Conditionally Approved,Finance Ministry,48
APP-0006237,LG-001160,Land Acquisition Approval,2022-04-26,2022-06-25,Approved,State Cabinet,8
APP-0006238,LG-001160,Financial Approval,2022-04-27,2022-05-30,Approved,State Cabinet,14
APP-0006239,LG-001160,Government Notification,2022-03-23,2022-05-15,Approved,State Cabinet,12
APP-0006240,LG-001160,Administrative Approval,2022-04-09,,In Review,Finance Ministry,82
APP-0006241,LG-001160,Environmental Clearance,2022-04-26,,Submitted,State Cabinet,150
APP-0006242,LG-001160,Land Acquisition Approval,2022-03-23,2022-06-08,Approved,State Cabinet,7
APP-0006243,LG-001161,Administrative Approval,2019-08-05,,Submitted,State Cabinet,55
APP-0006244,LG-001161,Environmental Clearance,2019-07-30,,Submitted,MoEFCC,97
APP-0006245,LG-001161,Land Acquisition Approval,2019-09-23,,In Review,Finance Ministry,145
APP-0006246,LG-001161,Financial Approval,2019-08-19,,In Review,State Cabinet,52
APP-0006247,LG-001161,Government Notification,2019-08-23,,In Review,State Cabinet,35
APP-0006248,LG-001161,Administrative Approval,2019-09-10,,In Review,MoEFCC,94
APP-0006249,LG-001161,Environmental Clearance,2019-08-03,,Conditionally Approved,MoEFCC,104
APP-0006250,LG-001162,Administrative Approval,2020-11-14,2020-12-28,Approved,Finance Ministry,5
APP-0006251,LG-001162,Environmental Clearance,2020-11-09,2021-03-02,Approved,MoEFCC,9
APP-0006252,LG-001162,Land Acquisition Approval,2020-09-27,2021-01-06,Approved,District Collectorate,11
APP-0006253,LG-001163,Administrative Approval,2023-02-15,2023-04-12,Approved,Finance Ministry,7
APP-0006254,LG-001163,Environmental Clearance,2023-01-29,,Submitted,District Collectorate,120
APP-0006255,LG-001163,Land Acquisition Approval,2023-02-07,2023-04-17,Approved,State Cabinet,15
APP-0006256,LG-001163,Financial Approval,2022-12-22,2023-02-23,Approved,District Collectorate,10
APP-0006257,LG-001163,Government Notification,2022-12-08,,In Review,State Cabinet,119
APP-0006258,LG-001163,Administrative Approval,2022-12-28,2023-02-10,Approved,State Cabinet,14
APP-0006259,LG-001163,Environmental Clearance,2023-02-05,,Submitted,District Collectorate,111
APP-0006260,LG-001163,Land Acquisition Approval,2023-02-18,,Submitted,State Cabinet,83
APP-0006261,LG-001164,Administrative Approval,2020-01-28,2020-05-13,Approved,District Collectorate,13
APP-0006262,LG-001164,Environmental Clearance,2020-02-07,2020-04-01,Approved,MoEFCC,0
APP-0006263,LG-001164,Land Acquisition Approval,2020-02-25,2020-05-22,Approved,District Collectorate,13
APP-0006264,LG-001164,Financial Approval,2020-01-09,2020-03-09,Approved,MoEFCC,14
APP-0006265,LG-001164,Government Notification,2019-12-29,2020-02-25,Approved,MoEFCC,12
APP-0006266,LG-001165,Administrative Approval,2024-01-31,2024-05-04,Approved,Finance Ministry,4
APP-0006267,LG-001165,Environmental Clearance,2024-03-22,2024-07-01,Approved,Finance Ministry,0
APP-0006268,LG-001165,Land Acquisition Approval,2024-04-06,2024-05-18,Approved,MoEFCC,1
APP-0006269,LG-001165,Financial Approval,2024-02-27,2024-05-26,Approved,Finance Ministry,2
APP-0006270,LG-001165,Government Notification,2024-02-11,2024-05-28,Approved,District Collectorate,7
APP-0006271,LG-001165,Administrative Approval,2024-02-23,2024-03-30,Approved,State Cabinet,14
APP-0006272,LG-001165,Environmental Clearance,2024-03-26,2024-07-02,Approved,State Cabinet,2
APP-0006273,LG-001166,Administrative Approval,2020-04-08,,Conditionally Approved,District Collectorate,85
APP-0006274,LG-001166,Environmental Clearance,2020-04-12,,In Review,District Collectorate,131
APP-0006275,LG-001166,Land Acquisition Approval,2020-02-27,2020-04-25,Approved,District Collectorate,5
APP-0006276,LG-001166,Financial Approval,2020-04-30,,Conditionally Approved,Finance Ministry,68
APP-0006277,LG-001166,Government Notification,2020-04-23,,In Review,District Collectorate,44
APP-0006278,LG-001166,Administrative Approval,2020-04-03,,Conditionally Approved,State Cabinet,74
APP-0006279,LG-001166,Environmental Clearance,2020-03-12,2020-06-11,Approved,District Collectorate,5
APP-0006280,LG-001167,Administrative Approval,2023-04-14,2023-06-12,Approved,Finance Ministry,1
APP-0006281,LG-001167,Environmental Clearance,2023-03-25,,Submitted,District Collectorate,119
APP-0006282,LG-001167,Land Acquisition Approval,2023-05-10,,Conditionally Approved,District Collectorate,145
APP-0006283,LG-001167,Financial Approval,2023-03-13,2023-05-14,Approved,MoEFCC,14
APP-0006284,LG-001167,Government Notification,2023-06-05,,Conditionally Approved,MoEFCC,67
APP-0006285,LG-001168,Administrative Approval,2024-11-27,,Conditionally Approved,State Cabinet,76
APP-0006286,LG-001168,Environmental Clearance,2025-01-05,2025-04-20,Approved,Finance Ministry,5
APP-0006287,LG-001168,Land Acquisition Approval,2024-11-22,2025-03-02,Approved,District Collectorate,11
APP-0006288,LG-001168,Financial Approval,2024-11-14,2024-12-17,Approved,State Cabinet,14
APP-0006289,LG-001168,Government Notification,2024-12-19,2025-03-17,Approved,MoEFCC,12
APP-0006290,LG-001169,Administrative Approval,2022-05-21,,Conditionally Approved,State Cabinet,128
APP-0006291,LG-001169,Environmental Clearance,2022-06-30,2022-09-19,Approved,State Cabinet,11
APP-0006292,LG-001169,Land Acquisition Approval,2022-05-22,2022-07-28,Approved,State Cabinet,5
APP-0006293,LG-001169,Financial Approval,2022-06-17,2022-07-27,Approved,District Collectorate,7
APP-0006294,LG-001169,Government Notification,2022-06-08,2022-08-14,Approved,District Collectorate,8
APP-0006295,LG-001169,Administrative Approval,2022-06-18,,Conditionally Approved,District Collectorate,72
APP-0006296,LG-001169,Environmental Clearance,2022-08-14,2022-11-05,Approved,District Collectorate,15
APP-0006297,LG-001170,Administrative Approval,2020-07-28,2020-10-21,Approved,MoEFCC,12
APP-0006298,LG-001170,Environmental Clearance,2020-07-23,2020-10-03,Approved,State Cabinet,10
APP-0006299,LG-001170,Land Acquisition Approval,2020-07-29,2020-10-10,Approved,State Cabinet,14
APP-0006300,LG-001170,Financial Approval,2020-07-25,2020-09-12,Approved,MoEFCC,3
APP-0006301,LG-001170,Government Notification,2020-08-05,2020-11-29,Approved,State Cabinet,11
APP-0006302,LG-001171,Administrative Approval,2025-01-05,2025-04-07,Approved,MoEFCC,9
APP-0006303,LG-001171,Environmental Clearance,2025-01-08,2025-03-01,Approved,Finance Ministry,0
APP-0006304,LG-001171,Land Acquisition Approval,2025-02-05,,In Review,State Cabinet,38
APP-0006305,LG-001171,Financial Approval,2025-02-05,2025-04-02,Approved,State Cabinet,14
APP-0006306,LG-001171,Government Notification,2024-11-20,,Conditionally Approved,MoEFCC,48
APP-0006307,LG-001172,Administrative Approval,2019-02-13,2019-05-20,Approved,Finance Ministry,14
APP-0006308,LG-001172,Environmental Clearance,2018-12-01,2019-02-02,Approved,Finance Ministry,15
APP-0006309,LG-001172,Land Acquisition Approval,2019-02-23,2019-06-08,Approved,State Cabinet,9
APP-0006310,LG-001172,Financial Approval,2019-02-13,2019-04-29,Approved,Finance Ministry,7
APP-0006311,LG-001172,Government Notification,2018-12-22,2019-03-12,Approved,State Cabinet,4
APP-0006312,LG-001173,Administrative Approval,2021-10-22,2022-02-18,Approved,State Cabinet,5
APP-0006313,LG-001173,Environmental Clearance,2021-10-19,2021-12-02,Approved,State Cabinet,4
APP-0006314,LG-001173,Land Acquisition Approval,2021-08-19,2021-12-02,Approved,District Collectorate,10
APP-0006315,LG-001174,Administrative Approval,2023-03-13,2023-07-06,Approved,Finance Ministry,0
APP-0006316,LG-001174,Environmental Clearance,2023-01-27,2023-03-26,Approved,Finance Ministry,2
APP-0006317,LG-001174,Land Acquisition Approval,2023-02-05,,In Review,State Cabinet,86
APP-0006318,LG-001174,Financial Approval,2023-01-17,2023-04-08,Approved,District Collectorate,6
APP-0006319,LG-001174,Government Notification,2023-03-01,2023-06-27,Approved,MoEFCC,0
APP-0006320,LG-001174,Administrative Approval,2023-01-26,,Submitted,MoEFCC,137
APP-0006321,LG-001175,Administrative Approval,2019-09-09,2019-12-25,Approved,State Cabinet,13
APP-0006322,LG-001175,Environmental Clearance,2019-09-25,2019-12-04,Approved,State Cabinet,10
APP-0006323,LG-001175,Land Acquisition Approval,2019-10-09,2020-01-05,Approved,Finance Ministry,8
APP-0006324,LG-001175,Financial Approval,2019-09-13,,Conditionally Approved,MoEFCC,43
APP-0006325,LG-001175,Government Notification,2019-10-09,,Submitted,MoEFCC,101
APP-0006326,LG-001175,Administrative Approval,2019-09-05,,Conditionally Approved,MoEFCC,101
APP-0006327,LG-001175,Environmental Clearance,2019-09-02,2019-11-24,Approved,District Collectorate,15
APP-0006328,LG-001175,Land Acquisition Approval,2019-09-21,,Conditionally Approved,State Cabinet,62
APP-0006329,LG-001176,Administrative Approval,2019-11-17,,In Review,State Cabinet,103
APP-0006330,LG-001176,Environmental Clearance,2019-09-15,,In Review,MoEFCC,129
APP-0006331,LG-001176,Land Acquisition Approval,2019-10-08,2019-12-16,Approved,State Cabinet,6
APP-0006332,LG-001176,Financial Approval,2019-10-05,,In Review,MoEFCC,113
APP-0006333,LG-001176,Government Notification,2019-12-08,2020-03-01,Approved,State Cabinet,15
APP-0006334,LG-001176,Administrative Approval,2019-11-25,2020-03-16,Approved,State Cabinet,8
APP-0006335,LG-001177,Administrative Approval,2023-03-24,2023-07-11,Approved,District Collectorate,9
APP-0006336,LG-001177,Environmental Clearance,2023-03-15,2023-06-06,Approved,MoEFCC,12
APP-0006337,LG-001177,Land Acquisition Approval,2023-04-12,2023-08-03,Approved,Finance Ministry,10
APP-0006338,LG-001177,Financial Approval,2023-05-23,2023-08-06,Approved,State Cabinet,5
APP-0006339,LG-001178,Administrative Approval,2020-12-03,2021-02-15,Approved,State Cabinet,7
APP-0006340,LG-001178,Environmental Clearance,2020-12-09,,Conditionally Approved,State Cabinet,32
APP-0006341,LG-001178,Land Acquisition Approval,2020-12-17,2021-02-12,Approved,MoEFCC,1
APP-0006342,LG-001178,Financial Approval,2020-12-15,2021-01-16,Approved,District Collectorate,8
APP-0006343,LG-001179,Administrative Approval,2023-06-24,2023-09-24,Approved,District Collectorate,14
APP-0006344,LG-001179,Environmental Clearance,2023-07-06,2023-09-13,Approved,Finance Ministry,8
APP-0006345,LG-001179,Land Acquisition Approval,2023-06-11,,Submitted,District Collectorate,60
APP-0006346,LG-001179,Financial Approval,2023-08-06,,Submitted,District Collectorate,30
APP-0006347,LG-001179,Government Notification,2023-08-07,2023-09-14,Approved,District Collectorate,0
APP-0006348,LG-001179,Administrative Approval,2023-08-27,2023-12-10,Approved,Finance Ministry,10
APP-0006349,LG-001180,Administrative Approval,2020-09-20,,Conditionally Approved,District Collectorate,131
APP-0006350,LG-001180,Environmental Clearance,2020-12-04,2021-01-05,Approved,State Cabinet,7
APP-0006351,LG-001180,Land Acquisition Approval,2020-12-09,2021-03-06,Approved,District Collectorate,14
APP-0006352,LG-001180,Financial Approval,2020-10-28,,In Review,District Collectorate,66
APP-0006353,LG-001180,Government Notification,2020-10-30,,In Review,State Cabinet,149
APP-0006354,LG-001180,Administrative Approval,2020-12-11,,Submitted,Finance Ministry,144
APP-0006355,LG-001181,Administrative Approval,2022-04-28,,Conditionally Approved,MoEFCC,41
APP-0006356,LG-001181,Environmental Clearance,2022-05-08,,Submitted,State Cabinet,110
APP-0006357,LG-001181,Land Acquisition Approval,2022-04-10,,Conditionally Approved,Finance Ministry,149
APP-0006358,LG-001181,Financial Approval,2022-05-05,,Submitted,Finance Ministry,52
APP-0006359,LG-001182,Administrative Approval,2018-10-14,2019-01-27,Approved,District Collectorate,3
APP-0006360,LG-001182,Environmental Clearance,2018-10-29,,Conditionally Approved,State Cabinet,31
APP-0006361,LG-001182,Land Acquisition Approval,2018-11-28,,Submitted,MoEFCC,70
APP-0006362,LG-001182,Financial Approval,2018-09-11,,Conditionally Approved,MoEFCC,37
APP-0006363,LG-001182,Government Notification,2018-10-19,,Conditionally Approved,District Collectorate,116
APP-0006364,LG-001183,Administrative Approval,2024-04-26,2024-07-22,Approved,District Collectorate,14
APP-0006365,LG-001183,Environmental Clearance,2024-05-03,2024-07-04,Approved,State Cabinet,14
APP-0006366,LG-001183,Land Acquisition Approval,2024-07-15,,Submitted,District Collectorate,73
APP-0006367,LG-001183,Financial Approval,2024-07-12,,In Review,State Cabinet,111
APP-0006368,LG-001183,Government Notification,2024-05-21,2024-07-14,Approved,MoEFCC,10
APP-0006369,LG-001184,Administrative Approval,2023-10-07,,In Review,State Cabinet,72
APP-0006370,LG-001184,Environmental Clearance,2023-10-12,2023-11-30,Approved,MoEFCC,13
APP-0006371,LG-001184,Land Acquisition Approval,2023-09-23,2023-11-10,Approved,MoEFCC,5
APP-0006372,LG-001184,Financial Approval,2023-08-26,2023-11-08,Approved,Finance Ministry,13
APP-0006373,LG-001184,Government Notification,2023-09-12,2023-11-05,Approved,District Collectorate,8
APP-0006374,LG-001184,Administrative Approval,2023-08-13,2023-12-05,Approved,State Cabinet,14
APP-0006375,LG-001184,Environmental Clearance,2023-10-18,2023-11-24,Approved,MoEFCC,0
APP-0006376,LG-001185,Administrative Approval,2020-11-16,,Submitted,District Collectorate,142
APP-0006377,LG-001185,Environmental Clearance,2021-01-06,2021-04-05,Approved,Finance Ministry,3
APP-0006378,LG-001185,Land Acquisition Approval,2020-11-12,2021-02-24,Approved,Finance Ministry,1
APP-0006379,LG-001185,Financial Approval,2020-11-08,2021-01-11,Approved,Finance Ministry,5
APP-0006380,LG-001185,Government Notification,2020-12-11,2021-03-27,Approved,State Cabinet,15
APP-0006381,LG-001185,Administrative Approval,2020-12-13,2021-02-03,Approved,MoEFCC,11
APP-0006382,LG-001185,Environmental Clearance,2021-01-01,,Conditionally Approved,District Collectorate,43
APP-0006383,LG-001186,Administrative Approval,2021-11-20,,Conditionally Approved,MoEFCC,101
APP-0006384,LG-001186,Environmental Clearance,2021-10-28,2021-12-30,Approved,State Cabinet,14
APP-0006385,LG-001186,Land Acquisition Approval,2021-11-03,2021-12-10,Approved,District Collectorate,1
APP-0006386,LG-001186,Financial Approval,2021-12-03,2022-02-28,Approved,MoEFCC,14
APP-0006387,LG-001186,Government Notification,2021-12-19,2022-03-23,Approved,Finance Ministry,1
APP-0006388,LG-001186,Administrative Approval,2021-11-30,2022-01-14,Approved,District Collectorate,6
APP-0006389,LG-001186,Environmental Clearance,2021-11-12,,Submitted,MoEFCC,79
APP-0006390,LG-001186,Land Acquisition Approval,2021-11-24,2022-03-09,Approved,Finance Ministry,10
APP-0006391,LG-001187,Administrative Approval,2024-09-01,2024-11-26,Approved,MoEFCC,9
APP-0006392,LG-001187,Environmental Clearance,2024-07-27,2024-11-22,Approved,District Collectorate,1
APP-0006393,LG-001187,Land Acquisition Approval,2024-09-15,2024-11-19,Approved,District Collectorate,11
APP-0006394,LG-001187,Financial Approval,2024-07-19,2024-11-07,Approved,State Cabinet,9
APP-0006395,LG-001187,Government Notification,2024-09-30,2024-12-29,Approved,MoEFCC,9
APP-0006396,LG-001187,Administrative Approval,2024-08-28,2024-12-04,Approved,MoEFCC,2
APP-0006397,LG-001187,Environmental Clearance,2024-09-01,,Submitted,State Cabinet,119
APP-0006398,LG-001188,Administrative Approval,2024-10-11,2024-11-22,Approved,MoEFCC,0
APP-0006399,LG-001188,Environmental Clearance,2024-08-22,2024-10-28,Approved,MoEFCC,9
APP-0006400,LG-001188,Land Acquisition Approval,2024-09-27,2024-12-26,Approved,MoEFCC,2
APP-0006401,LG-001188,Financial Approval,2024-09-28,,Submitted,District Collectorate,102
APP-0006402,LG-001188,Government Notification,2024-09-06,,In Review,Finance Ministry,148
APP-0006403,LG-001188,Administrative Approval,2024-10-08,2025-01-05,Approved,MoEFCC,10
APP-0006404,LG-001188,Environmental Clearance,2024-07-23,2024-09-24,Approved,MoEFCC,13
APP-0006405,LG-001189,Administrative Approval,2018-04-03,2018-07-10,Approved,MoEFCC,13
APP-0006406,LG-001189,Environmental Clearance,2018-01-18,2018-04-13,Approved,State Cabinet,7
APP-0006407,LG-001189,Land Acquisition Approval,2018-01-18,2018-04-16,Approved,MoEFCC,15
APP-0006408,LG-001190,Administrative Approval,2020-11-15,2021-01-02,Approved,MoEFCC,8
APP-0006409,LG-001190,Environmental Clearance,2020-12-02,2021-03-20,Approved,Finance Ministry,11
APP-0006410,LG-001190,Land Acquisition Approval,2020-12-19,2021-04-12,Approved,District Collectorate,11
APP-0006411,LG-001190,Financial Approval,2020-12-16,2021-01-18,Approved,District Collectorate,10
APP-0006412,LG-001190,Government Notification,2020-11-17,2021-02-11,Approved,MoEFCC,10
APP-0006413,LG-001190,Administrative Approval,2020-10-21,2021-02-11,Approved,MoEFCC,2
APP-0006414,LG-001190,Environmental Clearance,2020-12-22,2021-02-26,Approved,State Cabinet,13
APP-0006415,LG-001190,Land Acquisition Approval,2020-12-29,2021-03-10,Approved,District Collectorate,8
APP-0006416,LG-001191,Administrative Approval,2020-09-07,,Submitted,Finance Ministry,71
APP-0006417,LG-001191,Environmental Clearance,2020-08-25,,Submitted,District Collectorate,106
APP-0006418,LG-001191,Land Acquisition Approval,2020-08-07,2020-09-08,Approved,State Cabinet,7
APP-0006419,LG-001192,Administrative Approval,2018-05-12,2018-06-15,Approved,State Cabinet,6
APP-0006420,LG-001192,Environmental Clearance,2018-05-01,2018-08-11,Approved,State Cabinet,11
APP-0006421,LG-001192,Land Acquisition Approval,2018-04-25,2018-08-12,Approved,State Cabinet,9
APP-0006422,LG-001192,Financial Approval,2018-05-29,,In Review,State Cabinet,84
APP-0006423,LG-001192,Government Notification,2018-05-21,2018-06-21,Approved,Finance Ministry,2
APP-0006424,LG-001192,Administrative Approval,2018-04-08,2018-05-10,Approved,District Collectorate,4
APP-0006425,LG-001192,Environmental Clearance,2018-05-18,2018-07-11,Approved,MoEFCC,0
APP-0006426,LG-001192,Land Acquisition Approval,2018-05-05,2018-08-12,Approved,MoEFCC,6
APP-0006427,LG-001193,Administrative Approval,2021-06-05,2021-08-11,Approved,State Cabinet,14
APP-0006428,LG-001193,Environmental Clearance,2021-04-29,2021-08-16,Approved,District Collectorate,2
APP-0006429,LG-001193,Land Acquisition Approval,2021-05-20,2021-07-06,Approved,District Collectorate,13
APP-0006430,LG-001193,Financial Approval,2021-03-16,2021-05-25,Approved,MoEFCC,6
APP-0006431,LG-001193,Government Notification,2021-03-17,,Submitted,District Collectorate,150
APP-0006432,LG-001193,Administrative Approval,2021-04-24,2021-06-13,Approved,State Cabinet,14
APP-0006433,LG-001193,Environmental Clearance,2021-03-25,2021-06-09,Approved,Finance Ministry,1
APP-0006434,LG-001194,Administrative Approval,2022-05-29,,Conditionally Approved,District Collectorate,68
APP-0006435,LG-001194,Environmental Clearance,2022-08-18,,Submitted,State Cabinet,33
APP-0006436,LG-001194,Land Acquisition Approval,2022-07-06,2022-08-05,Approved,MoEFCC,7
APP-0006437,LG-001194,Financial Approval,2022-08-17,2022-11-30,Approved,Finance Ministry,5
APP-0006438,LG-001194,Government Notification,2022-08-07,,Conditionally Approved,MoEFCC,77
APP-0006439,LG-001195,Administrative Approval,2021-01-15,2021-05-07,Approved,State Cabinet,11
APP-0006440,LG-001195,Environmental Clearance,2021-03-18,,Conditionally Approved,District Collectorate,57
APP-0006441,LG-001195,Land Acquisition Approval,2021-01-20,2021-04-24,Approved,District Collectorate,0
APP-0006442,LG-001195,Financial Approval,2021-02-20,2021-06-16,Approved,State Cabinet,11
APP-0006443,LG-001195,Government Notification,2021-01-22,,Submitted,Finance Ministry,38
APP-0006444,LG-001196,Administrative Approval,2024-08-31,,Conditionally Approved,District Collectorate,59
APP-0006445,LG-001196,Environmental Clearance,2024-07-11,2024-10-03,Approved,MoEFCC,15
APP-0006446,LG-001196,Land Acquisition Approval,2024-08-29,,Submitted,State Cabinet,100
APP-0006447,LG-001196,Financial Approval,2024-08-01,2024-09-16,Approved,District Collectorate,8
APP-0006448,LG-001196,Government Notification,2024-09-02,2024-10-22,Approved,State Cabinet,14
APP-0006449,LG-001196,Administrative Approval,2024-08-02,2024-10-25,Approved,District Collectorate,10
APP-0006450,LG-001196,Environmental Clearance,2024-09-23,2024-10-27,Approved,State Cabinet,11
APP-0006451,LG-001197,Administrative Approval,2019-12-12,,Submitted,Finance Ministry,37
APP-0006452,LG-001197,Environmental Clearance,2019-12-05,,In Review,District Collectorate,101
APP-0006453,LG-001197,Land Acquisition Approval,2019-12-07,2020-02-23,Approved,Finance Ministry,9
APP-0006454,LG-001197,Financial Approval,2020-01-28,2020-03-06,Approved,State Cabinet,6
APP-0006455,LG-001197,Government Notification,2019-11-22,,In Review,District Collectorate,53
APP-0006456,LG-001197,Administrative Approval,2019-11-02,,In Review,MoEFCC,111
APP-0006457,LG-001198,Administrative Approval,2020-02-28,2020-04-13,Approved,Finance Ministry,5
APP-0006458,LG-001198,Environmental Clearance,2020-03-09,2020-05-17,Approved,MoEFCC,14
APP-0006459,LG-001198,Land Acquisition Approval,2020-01-31,2020-04-20,Approved,MoEFCC,12
APP-0006460,LG-001198,Financial Approval,2020-04-06,2020-07-16,Approved,MoEFCC,10
APP-0006461,LG-001199,Administrative Approval,2024-02-29,2024-05-06,Approved,MoEFCC,4
APP-0006462,LG-001199,Environmental Clearance,2024-01-27,2024-04-06,Approved,District Collectorate,2
APP-0006463,LG-001199,Land Acquisition Approval,2024-01-31,2024-04-09,Approved,Finance Ministry,10
APP-0006464,LG-001199,Financial Approval,2024-02-03,2024-05-12,Approved,MoEFCC,15
APP-0006465,LG-001199,Government Notification,2024-01-03,2024-04-14,Approved,MoEFCC,15
APP-0006466,LG-001199,Administrative Approval,2024-02-11,2024-05-08,Approved,MoEFCC,12
APP-0006467,LG-001199,Environmental Clearance,2024-01-22,2024-03-18,Approved,State Cabinet,1
APP-0006468,LG-001200,Administrative Approval,2020-08-18,2020-12-04,Approved,MoEFCC,3
APP-0006469,LG-001200,Environmental Clearance,2020-06-21,2020-09-04,Approved,Finance Ministry,4
APP-0006470,LG-001200,Land Acquisition Approval,2020-07-02,2020-10-23,Approved,State Cabinet,12
APP-0006471,LG-001200,Financial Approval,2020-06-22,2020-07-27,Approved,State Cabinet,15
APP-0006472,LG-001200,Government Notification,2020-07-19,2020-11-12,Approved,District Collectorate,4
