admin_id,project_id,department,officer_workload,active_case_count,pending_case_count,staff_available,average_processing_days,approval_backlog,historical_delay_rate,coordination_score
ADM-0000001,LG-000001,Revenue Department,Medium,35,23,11,31,0,0.08,7.9
ADM-0000002,LG-000001,Land Records Cell,Medium,39,10,2,18,6,0.15,8.0
ADM-0000003,LG-000002,Revenue Department,High,45,9,8,69,39,0.67,4.2
ADM-0000004,LG-000002,Land Records Cell,High,18,7,6,98,20,0.82,3.5
ADM-0000005,LG-000002,Environmental Cell,High,10,14,13,83,36,0.66,5.0
ADM-0000006,LG-000002,Public Works Dept,High,41,9,9,113,25,0.56,3.7
ADM-0000007,LG-000002,Irrigation Department,High,44,17,9,86,37,0.48,4.1
ADM-0000008,LG-000003,Revenue Department,Medium,33,21,11,13,7,0.2,9.6
ADM-0000009,LG-000003,Land Records Cell,Medium,12,28,14,39,10,0.21,8.0
ADM-0000010,LG-000003,Environmental Cell,Medium,11,6,9,37,6,0.18,6.9
ADM-0000011,LG-000003,Public Works Dept,Medium,38,7,3,20,9,0.09,6.9
ADM-0000012,LG-000003,Irrigation Department,Medium,49,25,11,27,5,0.16,8.5
ADM-0000013,LG-000004,Revenue Department,High,38,24,6,102,17,0.64,2.9
ADM-0000014,LG-000004,Land Records Cell,High,40,11,7,118,24,0.61,2.8
ADM-0000015,LG-000004,Environmental Cell,High,34,21,10,98,40,0.47,2.6
ADM-0000016,LG-000005,Revenue Department,Medium,50,10,14,21,8,0.12,9.8
ADM-0000017,LG-000005,Land Records Cell,Medium,18,12,14,25,0,0.16,8.4
ADM-0000018,LG-000005,Environmental Cell,Medium,39,30,10,14,9,0.32,6.7
ADM-0000019,LG-000006,Revenue Department,High,21,5,13,88,35,0.53,4.0
ADM-0000020,LG-000006,Land Records Cell,High,22,10,11,96,36,0.59,3.0
ADM-0000021,LG-000006,Environmental Cell,High,35,26,3,68,14,0.61,4.8
ADM-0000022,LG-000006,Public Works Dept,High,10,13,8,75,24,0.74,4.9
ADM-0000023,LG-000007,Revenue Department,High,24,11,15,117,25,0.52,4.8
ADM-0000024,LG-000007,Land Records Cell,High,27,22,11,49,15,0.82,2.9
ADM-0000025,LG-000008,Revenue Department,High,29,24,11,55,31,0.46,2.4
ADM-0000026,LG-000008,Land Records Cell,High,29,8,4,92,32,0.46,3.2
ADM-0000027,LG-000008,Environmental Cell,High,48,9,11,94,23,0.48,3.9
ADM-0000028,LG-000009,Revenue Department,Medium,18,27,2,15,7,0.34,8.2
ADM-0000029,LG-000009,Land Records Cell,Medium,26,10,7,14,4,0.27,6.9
ADM-0000030,LG-000010,Revenue Department,Medium,32,23,10,20,6,0.13,6.6
ADM-0000031,LG-000010,Land Records Cell,Medium,48,12,2,38,4,0.07,9.8
ADM-0000032,LG-000010,Environmental Cell,Medium,43,16,14,28,3,0.34,6.8
ADM-0000033,LG-000010,Public Works Dept,Medium,25,13,10,36,0,0.28,9.6
ADM-0000034,LG-000010,Irrigation Department,Medium,46,30,8,21,2,0.1,8.5
ADM-0000035,LG-000011,Revenue Department,High,18,14,13,101,34,0.77,2.8
ADM-0000036,LG-000011,Land Records Cell,High,36,24,12,56,16,0.6,4.7
ADM-0000037,LG-000011,Environmental Cell,High,36,28,9,111,37,0.57,2.2
ADM-0000038,LG-000012,Revenue Department,High,15,16,15,88,15,0.45,3.2
ADM-0000039,LG-000012,Land Records Cell,High,39,13,15,94,32,0.78,4.4
ADM-0000040,LG-000012,Environmental Cell,High,20,8,4,52,40,0.78,2.3
ADM-0000041,LG-000012,Public Works Dept,High,47,20,14,117,31,0.6,3.8
ADM-0000042,LG-000013,Revenue Department,Medium,41,30,11,27,5,0.07,8.8
ADM-0000043,LG-000013,Land Records Cell,Medium,43,12,4,26,1,0.29,7.0
ADM-0000044,LG-000013,Environmental Cell,Medium,44,22,8,12,5,0.12,7.2
ADM-0000045,LG-000013,Public Works Dept,Medium,31,15,7,19,3,0.34,8.5
ADM-0000046,LG-000014,Revenue Department,Medium,26,10,10,40,6,0.23,8.4
ADM-0000047,LG-000014,Land Records Cell,Medium,11,28,13,31,4,0.33,7.2
ADM-0000048,LG-000014,Environmental Cell,Medium,48,20,15,25,2,0.12,7.9
ADM-0000049,LG-000015,Revenue Department,Medium,17,7,12,40,10,0.2,6.5
ADM-0000050,LG-000015,Land Records Cell,Medium,44,6,15,25,5,0.24,8.1
ADM-0000051,LG-000016,Revenue Department,Medium,26,20,12,19,3,0.16,6.7
ADM-0000052,LG-000016,Land Records Cell,Medium,23,8,5,30,6,0.15,7.1
ADM-0000053,LG-000017,Revenue Department,Medium,18,20,10,16,7,0.17,8.4
ADM-0000054,LG-000017,Land Records Cell,Medium,45,24,13,26,3,0.12,7.4
ADM-0000055,LG-000017,Environmental Cell,Medium,37,15,12,39,9,0.08,8.7
ADM-0000056,LG-000018,Revenue Department,High,50,16,3,112,32,0.57,4.4
ADM-0000057,LG-000018,Land Records Cell,High,42,24,4,93,27,0.57,4.3
ADM-0000058,LG-000018,Environmental Cell,High,31,23,15,64,15,0.79,2.5
ADM-0000059,LG-000018,Public Works Dept,High,13,18,6,84,33,0.75,3.3
ADM-0000060,LG-000018,Irrigation Department,High,50,10,3,61,40,0.49,3.9
ADM-0000061,LG-000019,Revenue Department,Medium,33,30,2,34,3,0.32,8.0
ADM-0000062,LG-000019,Land Records Cell,Medium,11,30,9,38,8,0.1,7.6
ADM-0000063,LG-000020,Revenue Department,Medium,42,20,11,33,5,0.18,9.7
ADM-0000064,LG-000020,Land Records Cell,Medium,28,14,4,11,9,0.27,8.9
ADM-0000065,LG-000020,Environmental Cell,Medium,46,13,2,30,7,0.22,8.4
ADM-0000066,LG-000020,Public Works Dept,Medium,28,30,13,29,0,0.14,6.8
ADM-0000067,LG-000020,Irrigation Department,Medium,42,7,15,35,4,0.13,8.5
ADM-0000068,LG-000021,Revenue Department,Medium,36,27,14,35,7,0.26,7.2
ADM-0000069,LG-000021,Land Records Cell,Medium,50,13,10,24,6,0.12,7.1
ADM-0000070,LG-000021,Environmental Cell,Medium,12,24,4,32,7,0.23,6.8
ADM-0000071,LG-000021,Public Works Dept,Medium,29,16,8,10,8,0.12,6.9
ADM-0000072,LG-000022,Revenue Department,Medium,35,20,14,14,7,0.33,7.0
ADM-0000073,LG-000022,Land Records Cell,Medium,44,21,7,30,4,0.19,7.5
ADM-0000074,LG-000023,Revenue Department,Medium,21,26,7,10,1,0.09,9.0
ADM-0000075,LG-000023,Land Records Cell,Medium,27,23,7,21,2,0.31,9.1
ADM-0000076,LG-000023,Environmental Cell,Medium,49,12,10,28,1,0.08,8.4
ADM-0000077,LG-000024,Revenue Department,High,35,12,3,64,16,0.41,4.4
ADM-0000078,LG-000024,Land Records Cell,High,29,19,9,116,23,0.59,4.7
ADM-0000079,LG-000024,Environmental Cell,High,22,10,6,62,10,0.52,4.4
ADM-0000080,LG-000025,Revenue Department,Medium,45,26,12,35,7,0.07,7.0
ADM-0000081,LG-000025,Land Records Cell,Medium,24,10,2,25,4,0.1,8.0
ADM-0000082,LG-000025,Environmental Cell,Medium,17,20,2,24,5,0.35,8.4
ADM-0000083,LG-000026,Revenue Department,High,31,30,7,50,34,0.79,2.8
ADM-0000084,LG-000026,Land Records Cell,High,19,27,15,110,29,0.7,4.1
ADM-0000085,LG-000026,Environmental Cell,High,38,30,9,59,13,0.75,3.8
ADM-0000086,LG-000026,Public Works Dept,High,16,22,2,109,13,0.48,2.4
ADM-0000087,LG-000027,Revenue Department,Medium,37,10,8,10,8,0.15,7.3
ADM-0000088,LG-000027,Land Records Cell,Medium,17,8,10,15,4,0.09,7.3
ADM-0000089,LG-000027,Environmental Cell,Medium,15,9,6,40,6,0.25,6.7
ADM-0000090,LG-000027,Public Works Dept,Medium,30,10,2,32,0,0.14,6.8
ADM-0000091,LG-000028,Revenue Department,Medium,49,25,8,12,1,0.25,8.3
ADM-0000092,LG-000028,Land Records Cell,Medium,28,17,8,13,9,0.28,7.3
ADM-0000093,LG-000028,Environmental Cell,Medium,48,30,12,29,0,0.19,8.0
ADM-0000094,LG-000028,Public Works Dept,Medium,37,24,11,13,5,0.25,8.7
ADM-0000095,LG-000029,Revenue Department,Medium,35,29,14,32,8,0.14,8.4
ADM-0000096,LG-000029,Land Records Cell,Medium,46,30,2,39,2,0.1,9.6
ADM-0000097,LG-000029,Environmental Cell,Medium,31,23,12,35,9,0.32,8.4
ADM-0000098,LG-000029,Public Works Dept,Medium,35,17,5,40,6,0.07,7.8
ADM-0000099,LG-000029,Irrigation Department,Medium,40,8,7,28,7,0.24,7.5
ADM-0000100,LG-000030,Revenue Department,Medium,26,17,9,19,7,0.13,8.4
ADM-0000101,LG-000030,Land Records Cell,Medium,40,7,7,14,7,0.11,9.5
ADM-0000102,LG-000030,Environmental Cell,Medium,10,5,15,26,5,0.2,9.6
ADM-0000103,LG-000031,Revenue Department,High,34,23,13,45,19,0.43,3.6
ADM-0000104,LG-000031,Land Records Cell,High,34,18,7,91,35,0.71,4.4
ADM-0000105,LG-000031,Environmental Cell,High,43,26,11,120,17,0.45,2.0
ADM-0000106,LG-000031,Public Works Dept,High,39,15,4,82,36,0.5,4.0
ADM-0000107,LG-000032,Revenue Department,High,46,28,6,51,39,0.73,4.9
ADM-0000108,LG-000032,Land Records Cell,High,25,26,11,98,32,0.61,3.3
ADM-0000109,LG-000032,Environmental Cell,High,32,30,9,109,19,0.52,3.3
ADM-0000110,LG-000032,Public Works Dept,High,24,14,12,56,40,0.54,4.3
ADM-0000111,LG-000032,Irrigation Department,High,15,25,3,54,33,0.51,2.3
ADM-0000112,LG-000033,Revenue Department,High,29,28,9,70,27,0.72,2.1
ADM-0000113,LG-000033,Land Records Cell,High,22,18,10,77,38,0.79,4.6
ADM-0000114,LG-000033,Environmental Cell,High,45,16,7,102,30,0.72,4.7
ADM-0000115,LG-000033,Public Works Dept,High,14,20,8,112,39,0.83,4.4
ADM-0000116,LG-000034,Revenue Department,Medium,42,10,2,22,6,0.25,9.4
ADM-0000117,LG-000034,Land Records Cell,Medium,45,27,15,18,9,0.2,8.8
ADM-0000118,LG-000034,Environmental Cell,Medium,37,10,6,12,8,0.16,9.6
ADM-0000119,LG-000035,Revenue Department,High,39,22,8,59,16,0.79,4.9
ADM-0000120,LG-000035,Land Records Cell,High,32,30,9,97,39,0.77,4.1
ADM-0000121,LG-000035,Environmental Cell,High,35,5,7,73,26,0.53,4.6
ADM-0000122,LG-000036,Revenue Department,High,44,5,13,51,18,0.8,2.1
ADM-0000123,LG-000036,Land Records Cell,High,13,14,3,78,20,0.71,4.4
ADM-0000124,LG-000036,Environmental Cell,High,34,13,13,66,39,0.46,3.4
ADM-0000125,LG-000036,Public Works Dept,High,18,15,15,63,34,0.66,4.6
ADM-0000126,LG-000037,Revenue Department,High,25,30,12,94,23,0.58,4.7
ADM-0000127,LG-000037,Land Records Cell,High,26,14,11,84,15,0.65,4.0
ADM-0000128,LG-000037,Environmental Cell,High,30,30,11,62,31,0.75,2.8
ADM-0000129,LG-000037,Public Works Dept,High,36,22,5,83,19,0.44,3.7
ADM-0000130,LG-000038,Revenue Department,Medium,50,17,15,12,9,0.07,9.1
ADM-0000131,LG-000038,Land Records Cell,Medium,29,8,3,25,3,0.07,8.3
ADM-0000132,LG-000038,Environmental Cell,Medium,11,12,15,40,4,0.33,7.3
ADM-0000133,LG-000038,Public Works Dept,Medium,32,7,15,37,2,0.34,6.7
ADM-0000134,LG-000038,Irrigation Department,Medium,46,12,15,26,9,0.2,7.8
ADM-0000135,LG-000039,Revenue Department,Medium,23,17,15,28,0,0.25,7.0
ADM-0000136,LG-000039,Land Records Cell,Medium,15,7,5,28,8,0.35,8.6
ADM-0000137,LG-000039,Environmental Cell,Medium,36,22,13,13,8,0.29,8.5
ADM-0000138,LG-000039,Public Works Dept,Medium,43,21,9,20,4,0.11,8.4
ADM-0000139,LG-000040,Revenue Department,Medium,41,28,5,20,10,0.3,7.5
ADM-0000140,LG-000040,Land Records Cell,Medium,36,12,11,38,2,0.21,9.1
ADM-0000141,LG-000040,Environmental Cell,Medium,17,24,11,20,2,0.23,6.6
ADM-0000142,LG-000040,Public Works Dept,Medium,11,30,8,12,5,0.32,9.0
ADM-0000143,LG-000041,Revenue Department,High,25,22,8,93,34,0.57,3.4
ADM-0000144,LG-000041,Land Records Cell,High,29,21,7,112,12,0.8,4.5
ADM-0000145,LG-000042,Revenue Department,High,42,16,14,105,32,0.55,3.6
ADM-0000146,LG-000042,Land Records Cell,High,33,8,14,67,23,0.64,3.2
ADM-0000147,LG-000042,Environmental Cell,High,15,9,2,88,40,0.82,3.8
ADM-0000148,LG-000042,Public Works Dept,High,22,21,15,103,23,0.42,2.8
ADM-0000149,LG-000042,Irrigation Department,High,17,20,9,91,11,0.8,4.1
ADM-0000150,LG-000043,Revenue Department,High,39,27,9,76,34,0.52,2.9
ADM-0000151,LG-000043,Land Records Cell,High,38,15,14,102,32,0.52,2.8
ADM-0000152,LG-000044,Revenue Department,Medium,25,10,7,33,7,0.33,8.5
ADM-0000153,LG-000044,Land Records Cell,Medium,12,29,12,22,7,0.12,9.8
ADM-0000154,LG-000045,Revenue Department,Medium,10,16,5,12,6,0.35,6.9
ADM-0000155,LG-000045,Land Records Cell,Medium,40,19,8,37,8,0.18,9.3
ADM-0000156,LG-000046,Revenue Department,Medium,24,21,3,12,9,0.34,9.4
ADM-0000157,LG-000046,Land Records Cell,Medium,25,26,9,36,6,0.18,8.6
ADM-0000158,LG-000046,Environmental Cell,Medium,27,28,13,18,4,0.24,7.6
ADM-0000159,LG-000046,Public Works Dept,Medium,26,16,3,10,1,0.26,8.1
ADM-0000160,LG-000047,Revenue Department,High,29,14,3,89,31,0.48,3.6
ADM-0000161,LG-000047,Land Records Cell,High,16,20,5,64,29,0.81,4.8
ADM-0000162,LG-000048,Revenue Department,High,22,23,5,91,38,0.61,4.6
ADM-0000163,LG-000048,Land Records Cell,High,36,16,12,84,16,0.58,3.4
ADM-0000164,LG-000048,Environmental Cell,High,44,25,9,83,38,0.77,4.3
ADM-0000165,LG-000049,Revenue Department,High,44,23,5,60,32,0.74,2.6
ADM-0000166,LG-000049,Land Records Cell,High,30,29,5,65,22,0.69,3.8
ADM-0000167,LG-000049,Environmental Cell,High,48,18,10,81,16,0.59,4.5
ADM-0000168,LG-000050,Revenue Department,High,14,9,4,58,26,0.47,4.1
ADM-0000169,LG-000050,Land Records Cell,High,15,29,7,90,20,0.44,3.0
ADM-0000170,LG-000051,Revenue Department,High,31,12,11,105,11,0.55,3.7
ADM-0000171,LG-000051,Land Records Cell,High,38,11,11,97,13,0.4,2.4
ADM-0000172,LG-000051,Environmental Cell,High,11,21,9,53,26,0.48,2.8
ADM-0000173,LG-000051,Public Works Dept,High,46,17,14,113,30,0.73,2.8
ADM-0000174,LG-000051,Irrigation Department,High,17,27,10,107,15,0.81,2.9
ADM-0000175,LG-000052,Revenue Department,Medium,12,7,6,13,8,0.21,6.9
ADM-0000176,LG-000052,Land Records Cell,Medium,16,28,12,23,3,0.06,8.7
ADM-0000177,LG-000053,Revenue Department,Medium,43,19,12,40,8,0.16,8.5
ADM-0000178,LG-000053,Land Records Cell,Medium,35,29,6,26,6,0.1,9.3
ADM-0000179,LG-000053,Environmental Cell,Medium,18,30,2,16,1,0.23,7.7
ADM-0000180,LG-000053,Public Works Dept,Medium,29,8,11,38,6,0.16,7.5
ADM-0000181,LG-000053,Irrigation Department,Medium,11,15,9,16,0,0.11,9.1
ADM-0000182,LG-000054,Revenue Department,High,20,25,14,110,13,0.62,2.7
ADM-0000183,LG-000054,Land Records Cell,High,28,6,8,88,31,0.47,3.4
ADM-0000184,LG-000054,Environmental Cell,High,38,16,10,84,19,0.69,4.4
ADM-0000185,LG-000054,Public Works Dept,High,36,30,5,84,31,0.55,2.7
ADM-0000186,LG-000055,Revenue Department,Medium,45,29,9,22,5,0.24,7.2
ADM-0000187,LG-000055,Land Records Cell,Medium,12,6,9,16,0,0.22,6.6
ADM-0000188,LG-000055,Environmental Cell,Medium,33,25,7,23,0,0.34,9.3
ADM-0000189,LG-000055,Public Works Dept,Medium,15,9,15,13,9,0.21,9.0
ADM-0000190,LG-000055,Irrigation Department,Medium,47,9,9,25,8,0.35,8.9
ADM-0000191,LG-000056,Revenue Department,High,32,20,14,75,27,0.55,2.7
ADM-0000192,LG-000056,Land Records Cell,High,45,5,13,54,13,0.65,2.4
ADM-0000193,LG-000056,Environmental Cell,High,36,6,5,104,23,0.64,4.2
ADM-0000194,LG-000056,Public Works Dept,High,16,26,10,101,32,0.46,4.2
ADM-0000195,LG-000057,Revenue Department,Medium,43,18,5,13,4,0.34,7.3
ADM-0000196,LG-000057,Land Records Cell,Medium,39,6,15,22,4,0.33,8.6
ADM-0000197,LG-000057,Environmental Cell,Medium,20,16,14,21,4,0.31,6.6
ADM-0000198,LG-000057,Public Works Dept,Medium,35,30,5,33,10,0.16,8.3
ADM-0000199,LG-000058,Revenue Department,High,28,14,11,68,39,0.41,5.0
ADM-0000200,LG-000058,Land Records Cell,High,26,23,14,66,22,0.74,4.1
ADM-0000201,LG-000059,Revenue Department,High,30,26,4,56,22,0.71,4.0
ADM-0000202,LG-000059,Land Records Cell,High,10,29,7,114,24,0.82,4.1
ADM-0000203,LG-000059,Environmental Cell,High,35,23,4,54,26,0.69,4.8
ADM-0000204,LG-000059,Public Works Dept,High,14,23,4,86,28,0.58,3.4
ADM-0000205,LG-000060,Revenue Department,High,28,21,10,94,22,0.66,5.0
ADM-0000206,LG-000060,Land Records Cell,High,41,9,9,73,23,0.6,3.9
ADM-0000207,LG-000060,Environmental Cell,High,38,28,6,97,14,0.74,2.4
ADM-0000208,LG-000060,Public Works Dept,High,42,28,13,66,39,0.57,2.6
ADM-0000209,LG-000061,Revenue Department,Medium,17,17,8,13,2,0.32,6.6
ADM-0000210,LG-000061,Land Records Cell,Medium,49,28,2,24,2,0.27,8.7
ADM-0000211,LG-000062,Revenue Department,High,47,12,10,115,12,0.77,3.7
ADM-0000212,LG-000062,Land Records Cell,High,50,27,6,118,10,0.54,4.0
ADM-0000213,LG-000062,Environmental Cell,High,14,15,14,67,11,0.51,3.8
ADM-0000214,LG-000062,Public Works Dept,High,12,30,11,83,30,0.77,4.5
ADM-0000215,LG-000063,Revenue Department,Medium,23,27,8,13,3,0.11,8.9
ADM-0000216,LG-000063,Land Records Cell,Medium,10,15,4,17,0,0.33,7.6
ADM-0000217,LG-000063,Environmental Cell,Medium,42,8,8,20,0,0.32,7.7
ADM-0000218,LG-000064,Revenue Department,Medium,14,20,7,32,0,0.25,6.7
ADM-0000219,LG-000064,Land Records Cell,Medium,14,24,14,22,3,0.3,7.3
ADM-0000220,LG-000064,Environmental Cell,Medium,50,11,2,22,9,0.35,9.7
ADM-0000221,LG-000065,Revenue Department,High,31,21,11,54,24,0.42,4.1
ADM-0000222,LG-000065,Land Records Cell,High,26,28,13,91,18,0.81,2.3
ADM-0000223,LG-000065,Environmental Cell,High,45,16,12,82,21,0.62,4.5
ADM-0000224,LG-000065,Public Works Dept,High,30,18,14,109,14,0.4,3.7
ADM-0000225,LG-000065,Irrigation Department,High,18,16,9,45,32,0.66,4.8
ADM-0000226,LG-000066,Revenue Department,High,17,15,5,68,39,0.8,4.9
ADM-0000227,LG-000066,Land Records Cell,High,47,13,9,88,11,0.6,2.1
ADM-0000228,LG-000066,Environmental Cell,High,41,8,14,101,32,0.49,2.4
ADM-0000229,LG-000066,Public Works Dept,High,48,22,2,90,32,0.73,4.0
ADM-0000230,LG-000067,Revenue Department,High,20,5,2,67,27,0.5,2.9
ADM-0000231,LG-000067,Land Records Cell,High,18,25,15,74,14,0.7,2.5
ADM-0000232,LG-000067,Environmental Cell,High,26,7,6,80,25,0.84,4.0
ADM-0000233,LG-000067,Public Works Dept,High,18,28,15,112,33,0.45,3.3
ADM-0000234,LG-000067,Irrigation Department,High,33,23,11,70,32,0.4,2.4
ADM-0000235,LG-000068,Revenue Department,Medium,46,18,5,31,7,0.12,9.7
ADM-0000236,LG-000068,Land Records Cell,Medium,11,5,10,30,10,0.27,8.1
ADM-0000237,LG-000068,Environmental Cell,Medium,43,16,4,14,1,0.07,8.9
ADM-0000238,LG-000068,Public Works Dept,Medium,38,7,10,18,5,0.1,7.7
ADM-0000239,LG-000068,Irrigation Department,Medium,27,28,4,23,8,0.29,7.4
ADM-0000240,LG-000069,Revenue Department,High,47,11,11,86,24,0.65,3.1
ADM-0000241,LG-000069,Land Records Cell,High,21,6,9,45,35,0.46,2.8
ADM-0000242,LG-000069,Environmental Cell,High,37,10,12,46,12,0.68,4.0
ADM-0000243,LG-000069,Public Works Dept,High,16,9,13,56,14,0.54,4.8
ADM-0000244,LG-000069,Irrigation Department,High,46,12,14,100,38,0.83,3.2
ADM-0000245,LG-000070,Revenue Department,Medium,33,15,9,35,9,0.09,9.1
ADM-0000246,LG-000070,Land Records Cell,Medium,12,12,2,11,4,0.13,7.9
ADM-0000247,LG-000070,Environmental Cell,Medium,29,17,3,14,9,0.12,6.7
ADM-0000248,LG-000070,Public Works Dept,Medium,11,9,13,37,5,0.08,9.1
ADM-0000249,LG-000070,Irrigation Department,Medium,23,28,15,24,5,0.31,9.4
ADM-0000250,LG-000071,Revenue Department,Medium,41,20,7,35,2,0.1,7.7
ADM-0000251,LG-000071,Land Records Cell,Medium,19,5,8,12,6,0.15,6.8
ADM-0000252,LG-000071,Environmental Cell,Medium,48,9,2,30,5,0.22,9.6
ADM-0000253,LG-000071,Public Works Dept,Medium,19,23,6,13,1,0.15,9.4
ADM-0000254,LG-000071,Irrigation Department,Medium,36,11,2,14,9,0.15,9.0
ADM-0000255,LG-000072,Revenue Department,Medium,29,26,12,25,4,0.22,8.8
ADM-0000256,LG-000072,Land Records Cell,Medium,46,14,8,18,1,0.34,7.1
ADM-0000257,LG-000072,Environmental Cell,Medium,48,30,10,37,4,0.08,8.0
ADM-0000258,LG-000072,Public Works Dept,Medium,28,19,10,40,10,0.15,7.8
ADM-0000259,LG-000072,Irrigation Department,Medium,47,22,14,27,1,0.35,7.5
ADM-0000260,LG-000073,Revenue Department,Medium,45,15,13,31,5,0.22,7.1
ADM-0000261,LG-000073,Land Records Cell,Medium,47,26,6,15,10,0.3,7.0
ADM-0000262,LG-000073,Environmental Cell,Medium,30,8,8,13,8,0.15,7.7
ADM-0000263,LG-000073,Public Works Dept,Medium,15,19,3,11,5,0.32,8.2
ADM-0000264,LG-000074,Revenue Department,Medium,44,15,15,34,6,0.08,8.6
ADM-0000265,LG-000074,Land Records Cell,Medium,28,19,12,17,1,0.25,9.3
ADM-0000266,LG-000074,Environmental Cell,Medium,34,12,11,25,9,0.11,7.6
ADM-0000267,LG-000074,Public Works Dept,Medium,17,8,8,19,3,0.17,8.7
ADM-0000268,LG-000075,Revenue Department,Medium,48,14,13,27,0,0.34,8.7
ADM-0000269,LG-000075,Land Records Cell,Medium,27,16,15,32,5,0.23,7.7
ADM-0000270,LG-000075,Environmental Cell,Medium,34,6,4,13,1,0.22,6.9
ADM-0000271,LG-000075,Public Works Dept,Medium,44,23,15,12,2,0.29,8.3
ADM-0000272,LG-000075,Irrigation Department,Medium,35,29,13,19,9,0.29,9.4
ADM-0000273,LG-000076,Revenue Department,High,14,25,4,86,21,0.65,2.9
ADM-0000274,LG-000076,Land Records Cell,High,35,8,2,52,24,0.67,2.7
ADM-0000275,LG-000076,Environmental Cell,High,26,18,8,48,11,0.44,3.7
ADM-0000276,LG-000076,Public Works Dept,High,43,9,9,56,10,0.44,4.6
ADM-0000277,LG-000076,Irrigation Department,High,21,11,4,117,33,0.85,3.9
ADM-0000278,LG-000077,Revenue Department,Medium,48,29,2,32,3,0.19,9.6
ADM-0000279,LG-000077,Land Records Cell,Medium,16,18,2,27,8,0.08,8.5
ADM-0000280,LG-000077,Environmental Cell,Medium,19,9,5,31,9,0.31,8.4
ADM-0000281,LG-000077,Public Works Dept,Medium,34,13,9,25,1,0.21,8.1
ADM-0000282,LG-000077,Irrigation Department,Medium,24,6,9,38,6,0.22,6.8
ADM-0000283,LG-000078,Revenue Department,High,10,15,5,86,23,0.6,4.2
ADM-0000284,LG-000078,Land Records Cell,High,42,24,9,108,32,0.55,2.8
ADM-0000285,LG-000078,Environmental Cell,High,37,7,11,48,17,0.77,3.6
ADM-0000286,LG-000078,Public Works Dept,High,19,10,9,71,37,0.58,4.5
ADM-0000287,LG-000079,Revenue Department,Medium,20,7,2,22,2,0.23,9.4
ADM-0000288,LG-000079,Land Records Cell,Medium,15,23,5,38,7,0.15,9.8
ADM-0000289,LG-000079,Environmental Cell,Medium,16,23,4,15,6,0.18,8.8
ADM-0000290,LG-000079,Public Works Dept,Medium,16,20,7,17,6,0.09,7.9
ADM-0000291,LG-000080,Revenue Department,Medium,28,22,5,24,4,0.13,7.4
ADM-0000292,LG-000080,Land Records Cell,Medium,41,10,5,18,5,0.18,7.6
ADM-0000293,LG-000080,Environmental Cell,Medium,22,21,15,22,9,0.13,8.4
ADM-0000294,LG-000081,Revenue Department,Medium,50,13,3,12,6,0.21,7.9
ADM-0000295,LG-000081,Land Records Cell,Medium,47,26,3,33,9,0.32,7.8
ADM-0000296,LG-000081,Environmental Cell,Medium,17,10,14,25,6,0.17,6.6
ADM-0000297,LG-000081,Public Works Dept,Medium,12,21,4,36,0,0.12,6.9
ADM-0000298,LG-000081,Irrigation Department,Medium,13,25,14,35,2,0.35,7.9
ADM-0000299,LG-000082,Revenue Department,High,29,10,13,62,19,0.81,3.0
ADM-0000300,LG-000082,Land Records Cell,High,19,6,10,68,17,0.55,2.7
ADM-0000301,LG-000082,Environmental Cell,High,46,20,8,99,29,0.82,2.3
ADM-0000302,LG-000082,Public Works Dept,High,26,22,11,96,14,0.81,3.7
ADM-0000303,LG-000082,Irrigation Department,High,44,6,12,92,22,0.64,4.6
ADM-0000304,LG-000083,Revenue Department,Medium,49,22,11,13,0,0.31,8.4
ADM-0000305,LG-000083,Land Records Cell,Medium,47,8,4,11,3,0.24,7.0
ADM-0000306,LG-000084,Revenue Department,Medium,22,22,5,13,0,0.05,9.2
ADM-0000307,LG-000084,Land Records Cell,Medium,28,12,5,31,2,0.11,9.0
ADM-0000308,LG-000085,Revenue Department,Medium,32,13,7,13,2,0.1,7.3
ADM-0000309,LG-000085,Land Records Cell,Medium,29,13,3,34,8,0.23,8.1
ADM-0000310,LG-000085,Environmental Cell,Medium,28,5,4,35,3,0.11,7.8
ADM-0000311,LG-000085,Public Works Dept,Medium,44,18,2,26,3,0.3,9.2
ADM-0000312,LG-000085,Irrigation Department,Medium,12,28,3,24,0,0.34,7.8
ADM-0000313,LG-000086,Revenue Department,Medium,12,12,13,20,0,0.18,7.6
ADM-0000314,LG-000086,Land Records Cell,Medium,42,24,8,37,8,0.28,9.4
ADM-0000315,LG-000086,Environmental Cell,Medium,22,15,7,32,7,0.05,8.1
ADM-0000316,LG-000086,Public Works Dept,Medium,25,28,3,34,2,0.3,8.7
ADM-0000317,LG-000086,Irrigation Department,Medium,23,8,7,20,5,0.24,8.7
ADM-0000318,LG-000087,Revenue Department,Medium,45,17,5,25,2,0.16,6.7
ADM-0000319,LG-000087,Land Records Cell,Medium,47,30,14,21,10,0.16,8.5
ADM-0000320,LG-000088,Revenue Department,Medium,24,15,5,27,9,0.26,8.8
ADM-0000321,LG-000088,Land Records Cell,Medium,36,9,14,30,9,0.22,7.6
ADM-0000322,LG-000088,Environmental Cell,Medium,25,9,6,16,6,0.2,8.5
ADM-0000323,LG-000088,Public Works Dept,Medium,29,8,7,25,1,0.1,8.0
ADM-0000324,LG-000089,Revenue Department,Medium,36,24,12,23,10,0.11,6.7
ADM-0000325,LG-000089,Land Records Cell,Medium,45,13,15,21,5,0.1,7.6
ADM-0000326,LG-000090,Revenue Department,Medium,21,12,15,12,5,0.24,9.5
ADM-0000327,LG-000090,Land Records Cell,Medium,18,21,8,17,0,0.13,9.5
ADM-0000328,LG-000090,Environmental Cell,Medium,18,24,8,22,2,0.32,8.8
ADM-0000329,LG-000090,Public Works Dept,Medium,48,7,9,15,1,0.2,9.6
ADM-0000330,LG-000091,Revenue Department,Medium,41,16,12,22,5,0.33,7.8
ADM-0000331,LG-000091,Land Records Cell,Medium,40,18,6,26,7,0.2,8.4
ADM-0000332,LG-000091,Environmental Cell,Medium,20,10,6,36,9,0.14,7.7
ADM-0000333,LG-000092,Revenue Department,High,25,23,12,120,34,0.74,2.5
ADM-0000334,LG-000092,Land Records Cell,High,20,17,8,63,13,0.61,4.3
ADM-0000335,LG-000092,Environmental Cell,High,40,15,10,50,12,0.71,3.6
ADM-0000336,LG-000093,Revenue Department,High,10,16,13,73,12,0.85,4.6
ADM-0000337,LG-000093,Land Records Cell,High,15,6,7,115,40,0.5,4.3
ADM-0000338,LG-000093,Environmental Cell,High,25,5,15,100,25,0.82,3.8
ADM-0000339,LG-000093,Public Works Dept,High,49,21,6,62,13,0.65,5.0
ADM-0000340,LG-000093,Irrigation Department,High,29,9,12,99,29,0.5,5.0
ADM-0000341,LG-000094,Revenue Department,Medium,32,21,5,31,4,0.2,9.1
ADM-0000342,LG-000094,Land Records Cell,Medium,45,28,15,17,10,0.33,7.7
ADM-0000343,LG-000094,Environmental Cell,Medium,45,18,12,15,6,0.3,7.2
ADM-0000344,LG-000094,Public Works Dept,Medium,35,14,10,20,3,0.1,9.3
ADM-0000345,LG-000094,Irrigation Department,Medium,39,20,7,26,7,0.05,8.2
ADM-0000346,LG-000095,Revenue Department,High,17,29,2,90,14,0.65,4.0
ADM-0000347,LG-000095,Land Records Cell,High,41,5,9,82,21,0.78,4.2
ADM-0000348,LG-000095,Environmental Cell,High,15,16,15,70,11,0.51,3.0
ADM-0000349,LG-000095,Public Works Dept,High,10,30,4,45,14,0.75,3.1
ADM-0000350,LG-000095,Irrigation Department,High,43,12,10,108,27,0.68,4.7
ADM-0000351,LG-000096,Revenue Department,High,40,15,12,102,26,0.68,4.4
ADM-0000352,LG-000096,Land Records Cell,High,43,25,6,118,25,0.8,3.7
ADM-0000353,LG-000097,Revenue Department,Medium,12,25,4,17,7,0.16,7.8
ADM-0000354,LG-000097,Land Records Cell,Medium,47,26,8,29,2,0.28,8.4
ADM-0000355,LG-000097,Environmental Cell,Medium,24,12,10,22,1,0.22,6.8
ADM-0000356,LG-000098,Revenue Department,Medium,13,11,13,23,3,0.13,8.7
ADM-0000357,LG-000098,Land Records Cell,Medium,23,25,11,18,6,0.2,8.5
ADM-0000358,LG-000098,Environmental Cell,Medium,25,12,3,27,1,0.25,7.0
ADM-0000359,LG-000099,Revenue Department,High,25,29,15,51,36,0.66,4.8
ADM-0000360,LG-000099,Land Records Cell,High,21,7,10,85,14,0.61,2.6
ADM-0000361,LG-000099,Environmental Cell,High,15,7,6,96,12,0.49,2.3
ADM-0000362,LG-000099,Public Works Dept,High,32,16,5,51,40,0.43,2.7
ADM-0000363,LG-000099,Irrigation Department,High,22,6,14,84,19,0.4,3.3
ADM-0000364,LG-000100,Revenue Department,High,45,12,11,90,38,0.44,4.2
ADM-0000365,LG-000100,Land Records Cell,High,40,11,12,52,36,0.65,4.2
ADM-0000366,LG-000100,Environmental Cell,High,18,26,13,95,25,0.4,3.7
ADM-0000367,LG-000101,Revenue Department,Medium,27,19,9,23,5,0.16,7.6
ADM-0000368,LG-000101,Land Records Cell,Medium,12,20,2,21,5,0.14,8.5
ADM-0000369,LG-000101,Environmental Cell,Medium,23,25,15,19,3,0.35,7.9
ADM-0000370,LG-000101,Public Works Dept,Medium,40,26,9,13,5,0.31,9.1
ADM-0000371,LG-000101,Irrigation Department,Medium,21,9,13,10,9,0.13,8.5
ADM-0000372,LG-000102,Revenue Department,High,12,28,11,46,23,0.7,3.4
ADM-0000373,LG-000102,Land Records Cell,High,16,22,5,104,22,0.46,3.8
ADM-0000374,LG-000102,Environmental Cell,High,10,20,8,106,32,0.78,3.9
ADM-0000375,LG-000102,Public Works Dept,High,21,8,9,63,11,0.53,3.6
ADM-0000376,LG-000102,Irrigation Department,High,43,17,10,51,31,0.53,3.5
ADM-0000377,LG-000103,Revenue Department,Medium,36,7,5,26,2,0.33,9.1
ADM-0000378,LG-000103,Land Records Cell,Medium,40,6,11,34,7,0.31,9.4
ADM-0000379,LG-000103,Environmental Cell,Medium,38,24,7,24,0,0.28,7.2
ADM-0000380,LG-000104,Revenue Department,Medium,37,6,14,12,4,0.15,9.7
ADM-0000381,LG-000104,Land Records Cell,Medium,19,12,4,22,7,0.07,8.9
ADM-0000382,LG-000105,Revenue Department,High,25,25,15,71,11,0.48,2.7
ADM-0000383,LG-000105,Land Records Cell,High,29,8,15,67,14,0.53,3.4
ADM-0000384,LG-000105,Environmental Cell,High,26,5,12,117,27,0.57,4.1
ADM-0000385,LG-000105,Public Works Dept,High,39,10,2,75,17,0.56,3.0
ADM-0000386,LG-000106,Revenue Department,Medium,28,23,2,26,0,0.25,8.4
ADM-0000387,LG-000106,Land Records Cell,Medium,45,11,11,37,7,0.17,8.0
ADM-0000388,LG-000106,Environmental Cell,Medium,43,21,9,14,4,0.16,7.8
ADM-0000389,LG-000106,Public Works Dept,Medium,10,11,14,35,4,0.12,7.2
ADM-0000390,LG-000107,Revenue Department,Medium,21,25,8,40,4,0.07,9.3
ADM-0000391,LG-000107,Land Records Cell,Medium,11,12,4,23,7,0.16,9.6
ADM-0000392,LG-000108,Revenue Department,High,50,30,8,103,39,0.45,3.1
ADM-0000393,LG-000108,Land Records Cell,High,48,12,9,119,18,0.67,3.9
ADM-0000394,LG-000108,Environmental Cell,High,30,10,4,85,15,0.81,3.2
ADM-0000395,LG-000109,Revenue Department,Medium,30,15,10,31,6,0.3,8.0
ADM-0000396,LG-000109,Land Records Cell,Medium,44,22,10,15,6,0.06,6.8
ADM-0000397,LG-000109,Environmental Cell,Medium,38,13,10,28,0,0.34,6.6
ADM-0000398,LG-000110,Revenue Department,High,50,9,9,46,36,0.59,2.1
ADM-0000399,LG-000110,Land Records Cell,High,35,8,4,66,37,0.47,4.9
ADM-0000400,LG-000111,Revenue Department,High,10,27,3,105,10,0.71,4.3
ADM-0000401,LG-000111,Land Records Cell,High,35,20,15,58,21,0.48,3.4
ADM-0000402,LG-000111,Environmental Cell,High,16,28,2,105,36,0.53,2.9
ADM-0000403,LG-000111,Public Works Dept,High,24,18,10,119,21,0.73,3.8
ADM-0000404,LG-000111,Irrigation Department,High,38,27,4,82,23,0.44,2.2
ADM-0000405,LG-000112,Revenue Department,Medium,18,25,3,16,8,0.26,8.1
ADM-0000406,LG-000112,Land Records Cell,Medium,21,22,9,27,0,0.32,7.9
ADM-0000407,LG-000113,Revenue Department,High,38,8,6,110,21,0.79,4.9
ADM-0000408,LG-000113,Land Records Cell,High,28,7,10,73,29,0.56,2.5
ADM-0000409,LG-000114,Revenue Department,Medium,49,25,4,17,7,0.15,8.9
ADM-0000410,LG-000114,Land Records Cell,Medium,46,20,4,14,8,0.31,7.6
ADM-0000411,LG-000114,Environmental Cell,Medium,44,27,4,31,5,0.22,7.6
ADM-0000412,LG-000115,Revenue Department,Medium,34,13,12,24,7,0.08,6.8
ADM-0000413,LG-000115,Land Records Cell,Medium,43,22,4,38,1,0.3,9.4
ADM-0000414,LG-000115,Environmental Cell,Medium,39,6,12,38,8,0.29,7.4
ADM-0000415,LG-000115,Public Works Dept,Medium,10,20,13,28,1,0.08,7.9
ADM-0000416,LG-000116,Revenue Department,Medium,19,8,7,25,10,0.26,9.1
ADM-0000417,LG-000116,Land Records Cell,Medium,39,24,12,15,6,0.14,7.6
ADM-0000418,LG-000116,Environmental Cell,Medium,19,25,15,24,3,0.24,9.8
ADM-0000419,LG-000116,Public Works Dept,Medium,48,18,10,26,5,0.24,7.4
ADM-0000420,LG-000117,Revenue Department,Medium,34,18,2,38,4,0.23,6.7
ADM-0000421,LG-000117,Land Records Cell,Medium,40,17,6,24,4,0.19,8.9
ADM-0000422,LG-000117,Environmental Cell,Medium,47,8,12,33,1,0.18,7.1
ADM-0000423,LG-000117,Public Works Dept,Medium,17,30,7,11,3,0.27,9.2
ADM-0000424,LG-000118,Revenue Department,High,35,29,8,55,38,0.67,3.0
ADM-0000425,LG-000118,Land Records Cell,High,12,8,8,81,25,0.46,4.9
ADM-0000426,LG-000118,Environmental Cell,High,35,8,9,82,31,0.72,4.7
ADM-0000427,LG-000118,Public Works Dept,High,30,23,2,62,40,0.75,4.1
ADM-0000428,LG-000118,Irrigation Department,High,18,24,14,102,40,0.57,2.4
ADM-0000429,LG-000119,Revenue Department,Medium,28,19,5,31,1,0.34,8.9
ADM-0000430,LG-000119,Land Records Cell,Medium,43,11,14,22,8,0.19,8.0
ADM-0000431,LG-000120,Revenue Department,Medium,21,29,5,24,2,0.18,7.2
ADM-0000432,LG-000120,Land Records Cell,Medium,21,6,7,26,6,0.22,7.9
ADM-0000433,LG-000121,Revenue Department,Medium,22,8,15,24,8,0.31,8.2
ADM-0000434,LG-000121,Land Records Cell,Medium,34,30,6,17,1,0.18,9.0
ADM-0000435,LG-000122,Revenue Department,Medium,11,7,2,21,5,0.29,8.3
ADM-0000436,LG-000122,Land Records Cell,Medium,48,7,3,13,5,0.3,7.1
ADM-0000437,LG-000122,Environmental Cell,Medium,20,17,6,11,0,0.23,7.1
ADM-0000438,LG-000122,Public Works Dept,Medium,25,27,5,40,9,0.18,8.1
ADM-0000439,LG-000123,Revenue Department,High,40,28,13,91,13,0.5,3.3
ADM-0000440,LG-000123,Land Records Cell,High,10,24,14,64,38,0.8,2.4
ADM-0000441,LG-000123,Environmental Cell,High,35,22,11,103,19,0.55,4.8
ADM-0000442,LG-000123,Public Works Dept,High,39,8,6,102,17,0.83,2.5
ADM-0000443,LG-000123,Irrigation Department,High,28,12,3,61,24,0.53,4.4
ADM-0000444,LG-000124,Revenue Department,Medium,18,27,8,26,2,0.31,6.8
ADM-0000445,LG-000124,Land Records Cell,Medium,46,15,8,30,10,0.28,8.5
ADM-0000446,LG-000124,Environmental Cell,Medium,35,14,8,10,7,0.18,8.6
ADM-0000447,LG-000124,Public Works Dept,Medium,48,16,8,32,9,0.26,9.8
ADM-0000448,LG-000124,Irrigation Department,Medium,20,9,2,21,1,0.34,7.7
ADM-0000449,LG-000125,Revenue Department,Medium,25,23,10,37,1,0.07,8.4
ADM-0000450,LG-000125,Land Records Cell,Medium,32,8,8,16,5,0.09,7.4
ADM-0000451,LG-000126,Revenue Department,Medium,14,24,14,36,4,0.22,8.9
ADM-0000452,LG-000126,Land Records Cell,Medium,27,28,4,15,5,0.22,7.6
ADM-0000453,LG-000126,Environmental Cell,Medium,22,11,13,11,5,0.23,7.7
ADM-0000454,LG-000126,Public Works Dept,Medium,16,23,8,16,10,0.26,6.9
ADM-0000455,LG-000127,Revenue Department,High,22,19,10,80,15,0.42,4.7
ADM-0000456,LG-000127,Land Records Cell,High,32,26,12,89,33,0.55,2.7
ADM-0000457,LG-000127,Environmental Cell,High,30,13,6,49,24,0.74,4.8
ADM-0000458,LG-000127,Public Works Dept,High,47,26,8,103,24,0.71,3.5
ADM-0000459,LG-000128,Revenue Department,High,13,23,15,73,14,0.78,4.2
ADM-0000460,LG-000128,Land Records Cell,High,39,5,9,117,14,0.58,2.4
ADM-0000461,LG-000128,Environmental Cell,High,16,27,9,82,16,0.46,3.2
ADM-0000462,LG-000128,Public Works Dept,High,13,11,4,92,11,0.69,2.7
ADM-0000463,LG-000128,Irrigation Department,High,47,14,5,110,39,0.64,4.8
ADM-0000464,LG-000129,Revenue Department,Medium,39,15,2,15,4,0.09,7.2
ADM-0000465,LG-000129,Land Records Cell,Medium,11,6,9,26,10,0.21,8.1
ADM-0000466,LG-000130,Revenue Department,Medium,21,18,5,32,4,0.26,7.1
ADM-0000467,LG-000130,Land Records Cell,Medium,50,10,4,16,3,0.22,8.4
ADM-0000468,LG-000130,Environmental Cell,Medium,43,10,3,20,9,0.29,6.5
ADM-0000469,LG-000130,Public Works Dept,Medium,17,11,15,14,10,0.26,7.5
ADM-0000470,LG-000130,Irrigation Department,Medium,27,21,6,39,5,0.18,9.5
ADM-0000471,LG-000131,Revenue Department,High,20,6,4,81,26,0.53,4.3
ADM-0000472,LG-000131,Land Records Cell,High,32,6,9,80,21,0.41,4.9
ADM-0000473,LG-000131,Environmental Cell,High,48,11,13,76,40,0.48,2.2
ADM-0000474,LG-000131,Public Works Dept,High,47,25,11,104,10,0.46,2.8
ADM-0000475,LG-000132,Revenue Department,Medium,44,7,5,35,7,0.1,8.4
ADM-0000476,LG-000132,Land Records Cell,Medium,19,8,2,29,3,0.16,9.0
ADM-0000477,LG-000133,Revenue Department,Medium,21,11,4,13,6,0.25,6.5
ADM-0000478,LG-000133,Land Records Cell,Medium,33,24,15,32,3,0.1,8.8
ADM-0000479,LG-000134,Revenue Department,Medium,25,24,3,27,8,0.17,8.0
ADM-0000480,LG-000134,Land Records Cell,Medium,20,30,4,25,3,0.15,9.7
ADM-0000481,LG-000134,Environmental Cell,Medium,24,12,15,19,0,0.33,8.6
ADM-0000482,LG-000135,Revenue Department,Medium,14,27,7,28,5,0.1,8.8
ADM-0000483,LG-000135,Land Records Cell,Medium,30,28,11,32,9,0.13,9.7
ADM-0000484,LG-000135,Environmental Cell,Medium,40,27,8,16,7,0.26,8.5
ADM-0000485,LG-000135,Public Works Dept,Medium,20,23,5,10,5,0.14,8.1
ADM-0000486,LG-000135,Irrigation Department,Medium,40,26,15,29,10,0.21,9.2
ADM-0000487,LG-000136,Revenue Department,Medium,20,8,8,40,4,0.22,7.3
ADM-0000488,LG-000136,Land Records Cell,Medium,26,26,4,24,9,0.19,6.7
ADM-0000489,LG-000136,Environmental Cell,Medium,47,14,2,23,9,0.15,8.1
ADM-0000490,LG-000136,Public Works Dept,Medium,20,16,4,31,0,0.1,8.9
ADM-0000491,LG-000136,Irrigation Department,Medium,33,21,11,16,7,0.19,6.9
ADM-0000492,LG-000137,Revenue Department,Medium,14,22,7,16,10,0.34,9.4
ADM-0000493,LG-000137,Land Records Cell,Medium,16,8,12,39,2,0.2,6.8
ADM-0000494,LG-000137,Environmental Cell,Medium,41,30,11,10,3,0.24,7.9
ADM-0000495,LG-000138,Revenue Department,Medium,19,8,5,40,0,0.16,6.9
ADM-0000496,LG-000138,Land Records Cell,Medium,44,25,6,30,2,0.16,6.7
ADM-0000497,LG-000138,Environmental Cell,Medium,15,23,12,11,3,0.28,8.5
ADM-0000498,LG-000139,Revenue Department,Medium,15,13,14,10,0,0.32,7.6
ADM-0000499,LG-000139,Land Records Cell,Medium,24,5,5,38,2,0.2,7.9
ADM-0000500,LG-000139,Environmental Cell,Medium,22,15,12,19,9,0.05,9.7
ADM-0000501,LG-000140,Revenue Department,Medium,40,25,8,21,4,0.11,8.4
ADM-0000502,LG-000140,Land Records Cell,Medium,27,9,15,33,8,0.28,8.9
ADM-0000503,LG-000140,Environmental Cell,Medium,11,11,5,10,8,0.17,7.3
ADM-0000504,LG-000141,Revenue Department,Medium,33,11,9,32,3,0.07,9.1
ADM-0000505,LG-000141,Land Records Cell,Medium,23,19,8,16,1,0.21,7.7
ADM-0000506,LG-000141,Environmental Cell,Medium,35,20,2,25,1,0.18,8.6
ADM-0000507,LG-000141,Public Works Dept,Medium,26,13,10,32,1,0.13,7.5
ADM-0000508,LG-000142,Revenue Department,Medium,33,10,11,40,5,0.06,7.8
ADM-0000509,LG-000142,Land Records Cell,Medium,41,30,6,19,1,0.09,7.1
ADM-0000510,LG-000143,Revenue Department,Medium,15,30,4,25,5,0.12,7.3
ADM-0000511,LG-000143,Land Records Cell,Medium,44,11,11,33,9,0.26,9.8
ADM-0000512,LG-000143,Environmental Cell,Medium,31,25,9,36,8,0.3,9.1
ADM-0000513,LG-000144,Revenue Department,High,42,5,2,78,30,0.82,3.5
ADM-0000514,LG-000144,Land Records Cell,High,40,10,6,65,31,0.48,4.6
ADM-0000515,LG-000145,Revenue Department,High,26,20,8,55,28,0.5,3.6
ADM-0000516,LG-000145,Land Records Cell,High,45,18,8,69,36,0.57,3.9
ADM-0000517,LG-000145,Environmental Cell,High,34,29,7,76,39,0.5,2.9
ADM-0000518,LG-000145,Public Works Dept,High,38,19,6,118,23,0.84,2.6
ADM-0000519,LG-000146,Revenue Department,Medium,28,28,11,15,4,0.08,8.1
ADM-0000520,LG-000146,Land Records Cell,Medium,40,12,2,37,6,0.26,8.4
ADM-0000521,LG-000147,Revenue Department,Medium,33,13,3,31,10,0.3,9.1
ADM-0000522,LG-000147,Land Records Cell,Medium,17,12,13,36,7,0.22,7.3
ADM-0000523,LG-000147,Environmental Cell,Medium,42,20,15,23,2,0.06,7.1
ADM-0000524,LG-000147,Public Works Dept,Medium,45,30,5,24,3,0.23,9.6
ADM-0000525,LG-000148,Revenue Department,High,17,14,2,101,40,0.5,5.0
ADM-0000526,LG-000148,Land Records Cell,High,13,21,12,103,12,0.82,4.3
ADM-0000527,LG-000148,Environmental Cell,High,47,5,5,46,29,0.8,2.5
ADM-0000528,LG-000149,Revenue Department,High,42,14,7,84,40,0.59,2.7
ADM-0000529,LG-000149,Land Records Cell,High,23,19,3,105,38,0.78,4.1
ADM-0000530,LG-000149,Environmental Cell,High,15,23,2,97,22,0.67,2.9
ADM-0000531,LG-000149,Public Works Dept,High,30,25,2,114,21,0.61,4.4
ADM-0000532,LG-000150,Revenue Department,Medium,24,27,9,37,4,0.1,9.1
ADM-0000533,LG-000150,Land Records Cell,Medium,29,28,4,10,9,0.13,6.6
ADM-0000534,LG-000150,Environmental Cell,Medium,48,12,9,18,1,0.16,8.2
ADM-0000535,LG-000150,Public Works Dept,Medium,14,24,13,29,4,0.09,6.7
ADM-0000536,LG-000150,Irrigation Department,Medium,31,23,4,31,5,0.12,9.4
ADM-0000537,LG-000151,Revenue Department,Medium,18,5,15,24,2,0.32,9.0
ADM-0000538,LG-000151,Land Records Cell,Medium,12,24,7,25,8,0.29,9.7
ADM-0000539,LG-000152,Revenue Department,High,19,16,3,117,13,0.78,3.4
ADM-0000540,LG-000152,Land Records Cell,High,37,9,15,113,28,0.6,3.3
ADM-0000541,LG-000152,Environmental Cell,High,39,18,8,96,34,0.43,3.8
ADM-0000542,LG-000152,Public Works Dept,High,47,8,11,69,38,0.56,3.1
ADM-0000543,LG-000153,Revenue Department,Medium,27,25,12,19,10,0.28,8.2
ADM-0000544,LG-000153,Land Records Cell,Medium,39,9,8,40,8,0.27,9.0
ADM-0000545,LG-000153,Environmental Cell,Medium,41,23,5,33,8,0.31,8.2
ADM-0000546,LG-000154,Revenue Department,High,10,19,9,115,18,0.48,2.9
ADM-0000547,LG-000154,Land Records Cell,High,33,16,9,100,13,0.64,3.3
ADM-0000548,LG-000155,Revenue Department,Medium,44,7,11,17,6,0.17,7.4
ADM-0000549,LG-000155,Land Records Cell,Medium,22,18,6,16,6,0.15,8.8
ADM-0000550,LG-000155,Environmental Cell,Medium,15,26,6,38,5,0.26,8.5
ADM-0000551,LG-000155,Public Works Dept,Medium,27,16,8,27,1,0.16,9.0
ADM-0000552,LG-000156,Revenue Department,Medium,17,15,9,24,4,0.17,7.8
ADM-0000553,LG-000156,Land Records Cell,Medium,17,24,11,32,7,0.2,7.5
ADM-0000554,LG-000157,Revenue Department,Medium,33,29,15,36,8,0.27,7.3
ADM-0000555,LG-000157,Land Records Cell,Medium,32,17,7,40,1,0.25,9.8
ADM-0000556,LG-000158,Revenue Department,Medium,32,10,12,18,3,0.21,6.9
ADM-0000557,LG-000158,Land Records Cell,Medium,11,19,7,24,9,0.11,6.8
ADM-0000558,LG-000159,Revenue Department,Medium,41,22,11,38,1,0.35,8.8
ADM-0000559,LG-000159,Land Records Cell,Medium,14,24,12,15,6,0.29,8.3
ADM-0000560,LG-000159,Environmental Cell,Medium,13,5,11,26,6,0.34,6.7
ADM-0000561,LG-000160,Revenue Department,Medium,17,11,10,11,7,0.07,8.7
ADM-0000562,LG-000160,Land Records Cell,Medium,34,6,13,23,9,0.23,8.7
ADM-0000563,LG-000160,Environmental Cell,Medium,48,24,6,20,1,0.06,7.8
ADM-0000564,LG-000160,Public Works Dept,Medium,43,11,10,33,2,0.23,6.7
ADM-0000565,LG-000160,Irrigation Department,Medium,19,23,10,33,6,0.05,8.8
ADM-0000566,LG-000161,Revenue Department,High,31,8,13,119,39,0.47,4.4
ADM-0000567,LG-000161,Land Records Cell,High,39,20,12,90,35,0.41,3.2
ADM-0000568,LG-000161,Environmental Cell,High,35,25,4,63,31,0.69,3.5
ADM-0000569,LG-000161,Public Works Dept,High,28,11,13,100,21,0.59,4.6
ADM-0000570,LG-000161,Irrigation Department,High,50,22,15,108,35,0.83,2.0
ADM-0000571,LG-000162,Revenue Department,Medium,26,7,12,17,4,0.11,9.4
ADM-0000572,LG-000162,Land Records Cell,Medium,35,21,12,37,3,0.1,8.4
ADM-0000573,LG-000163,Revenue Department,Medium,45,19,6,26,5,0.17,7.2
ADM-0000574,LG-000163,Land Records Cell,Medium,38,22,12,27,6,0.26,8.1
ADM-0000575,LG-000163,Environmental Cell,Medium,24,30,14,14,7,0.19,7.8
ADM-0000576,LG-000163,Public Works Dept,Medium,36,29,5,29,10,0.26,8.6
ADM-0000577,LG-000164,Revenue Department,Medium,40,17,9,29,5,0.29,8.7
ADM-0000578,LG-000164,Land Records Cell,Medium,22,28,4,33,2,0.13,8.5
ADM-0000579,LG-000164,Environmental Cell,Medium,40,11,9,12,9,0.18,7.5
ADM-0000580,LG-000164,Public Works Dept,Medium,38,23,3,35,2,0.06,8.5
ADM-0000581,LG-000164,Irrigation Department,Medium,31,13,12,10,2,0.21,8.6
ADM-0000582,LG-000165,Revenue Department,Medium,50,27,15,23,2,0.3,8.3
ADM-0000583,LG-000165,Land Records Cell,Medium,37,30,13,30,0,0.2,9.8
ADM-0000584,LG-000165,Environmental Cell,Medium,15,29,5,35,8,0.14,8.8
ADM-0000585,LG-000165,Public Works Dept,Medium,31,7,5,33,4,0.28,8.0
ADM-0000586,LG-000166,Revenue Department,Medium,14,13,3,27,1,0.06,8.0
ADM-0000587,LG-000166,Land Records Cell,Medium,48,5,10,31,4,0.19,9.2
ADM-0000588,LG-000166,Environmental Cell,Medium,44,28,2,33,1,0.25,8.0
ADM-0000589,LG-000167,Revenue Department,High,33,7,9,58,17,0.57,4.0
ADM-0000590,LG-000167,Land Records Cell,High,50,22,6,86,18,0.69,2.1
ADM-0000591,LG-000167,Environmental Cell,High,50,15,2,47,21,0.76,3.3
ADM-0000592,LG-000167,Public Works Dept,High,31,27,10,50,25,0.59,2.9
ADM-0000593,LG-000167,Irrigation Department,High,39,21,6,59,17,0.65,2.7
ADM-0000594,LG-000168,Revenue Department,High,27,23,6,50,36,0.42,4.6
ADM-0000595,LG-000168,Land Records Cell,High,36,10,10,111,22,0.56,3.6
ADM-0000596,LG-000168,Environmental Cell,High,11,20,12,68,10,0.77,3.7
ADM-0000597,LG-000168,Public Works Dept,High,11,16,9,47,12,0.66,3.5
ADM-0000598,LG-000168,Irrigation Department,High,23,29,12,86,24,0.54,2.4
ADM-0000599,LG-000169,Revenue Department,High,22,9,9,52,14,0.49,3.4
ADM-0000600,LG-000169,Land Records Cell,High,50,6,4,112,33,0.43,4.9
ADM-0000601,LG-000169,Environmental Cell,High,10,29,12,107,22,0.5,2.9
ADM-0000602,LG-000169,Public Works Dept,High,23,11,6,98,10,0.48,5.0
ADM-0000603,LG-000169,Irrigation Department,High,34,11,5,91,22,0.52,4.1
ADM-0000604,LG-000170,Revenue Department,High,42,25,11,91,35,0.68,4.2
ADM-0000605,LG-000170,Land Records Cell,High,49,5,7,76,34,0.41,3.9
ADM-0000606,LG-000170,Environmental Cell,High,27,15,10,106,21,0.66,2.2
ADM-0000607,LG-000170,Public Works Dept,High,21,16,14,106,14,0.5,4.2
ADM-0000608,LG-000170,Irrigation Department,High,22,5,2,106,10,0.65,4.6
ADM-0000609,LG-000171,Revenue Department,Medium,27,29,2,10,9,0.23,8.2
ADM-0000610,LG-000171,Land Records Cell,Medium,20,28,15,29,7,0.33,6.9
ADM-0000611,LG-000172,Revenue Department,Medium,10,21,4,37,3,0.13,6.8
ADM-0000612,LG-000172,Land Records Cell,Medium,35,5,11,31,9,0.06,8.0
ADM-0000613,LG-000172,Environmental Cell,Medium,41,27,10,27,5,0.08,7.8
ADM-0000614,LG-000173,Revenue Department,High,34,10,9,92,34,0.51,4.0
ADM-0000615,LG-000173,Land Records Cell,High,26,5,5,84,28,0.69,3.5
ADM-0000616,LG-000173,Environmental Cell,High,46,12,11,102,21,0.68,3.0
ADM-0000617,LG-000173,Public Works Dept,High,35,26,6,66,15,0.71,4.6
ADM-0000618,LG-000174,Revenue Department,Medium,47,29,15,29,0,0.08,9.4
ADM-0000619,LG-000174,Land Records Cell,Medium,33,24,7,40,4,0.2,7.9
ADM-0000620,LG-000174,Environmental Cell,Medium,37,22,14,11,10,0.34,8.2
ADM-0000621,LG-000175,Revenue Department,High,30,10,7,86,38,0.51,3.7
ADM-0000622,LG-000175,Land Records Cell,High,19,15,15,91,23,0.44,2.8
ADM-0000623,LG-000175,Environmental Cell,High,19,26,13,117,27,0.6,2.2
ADM-0000624,LG-000175,Public Works Dept,High,13,24,5,61,13,0.55,3.8
ADM-0000625,LG-000176,Revenue Department,Medium,49,14,9,20,0,0.25,9.1
ADM-0000626,LG-000176,Land Records Cell,Medium,50,10,4,11,1,0.07,9.4
ADM-0000627,LG-000177,Revenue Department,High,27,26,7,61,16,0.58,3.7
ADM-0000628,LG-000177,Land Records Cell,High,26,7,3,48,35,0.41,4.7
ADM-0000629,LG-000177,Environmental Cell,High,20,6,10,117,22,0.62,4.2
ADM-0000630,LG-000177,Public Works Dept,High,29,6,14,97,14,0.51,2.6
ADM-0000631,LG-000178,Revenue Department,Medium,45,6,5,38,3,0.19,6.8
ADM-0000632,LG-000178,Land Records Cell,Medium,19,26,3,16,7,0.14,9.2
ADM-0000633,LG-000178,Environmental Cell,Medium,41,23,5,28,2,0.24,8.8
ADM-0000634,LG-000179,Revenue Department,Medium,36,22,11,40,2,0.26,7.0
ADM-0000635,LG-000179,Land Records Cell,Medium,35,22,4,28,10,0.23,8.9
ADM-0000636,LG-000179,Environmental Cell,Medium,31,29,10,32,0,0.1,8.2
ADM-0000637,LG-000179,Public Works Dept,Medium,29,16,9,13,10,0.22,8.4
ADM-0000638,LG-000179,Irrigation Department,Medium,16,29,11,31,10,0.2,6.8
ADM-0000639,LG-000180,Revenue Department,Medium,26,6,6,10,5,0.1,8.7
ADM-0000640,LG-000180,Land Records Cell,Medium,41,25,13,24,0,0.11,7.3
ADM-0000641,LG-000180,Environmental Cell,Medium,39,18,8,39,3,0.06,8.0
ADM-0000642,LG-000180,Public Works Dept,Medium,38,23,14,29,7,0.15,8.7
ADM-0000643,LG-000180,Irrigation Department,Medium,10,23,2,22,10,0.16,9.2
ADM-0000644,LG-000181,Revenue Department,High,45,10,12,92,40,0.58,3.1
ADM-0000645,LG-000181,Land Records Cell,High,20,7,11,66,29,0.82,3.0
ADM-0000646,LG-000181,Environmental Cell,High,48,6,11,117,19,0.79,2.2
ADM-0000647,LG-000181,Public Works Dept,High,29,20,7,71,34,0.6,4.5
ADM-0000648,LG-000182,Revenue Department,Medium,22,22,7,39,10,0.25,7.2
ADM-0000649,LG-000182,Land Records Cell,Medium,40,16,11,37,8,0.26,7.4
ADM-0000650,LG-000182,Environmental Cell,Medium,15,12,13,27,7,0.32,8.2
ADM-0000651,LG-000182,Public Works Dept,Medium,10,8,10,26,1,0.24,8.7
ADM-0000652,LG-000183,Revenue Department,High,13,26,2,99,17,0.47,3.8
ADM-0000653,LG-000183,Land Records Cell,High,48,22,12,116,38,0.62,3.4
ADM-0000654,LG-000183,Environmental Cell,High,24,16,4,57,10,0.64,4.7
ADM-0000655,LG-000183,Public Works Dept,High,22,25,9,91,21,0.71,3.6
ADM-0000656,LG-000183,Irrigation Department,High,21,18,5,65,40,0.44,3.8
ADM-0000657,LG-000184,Revenue Department,Medium,37,19,15,22,2,0.1,9.5
ADM-0000658,LG-000184,Land Records Cell,Medium,40,17,3,25,4,0.24,8.4
ADM-0000659,LG-000184,Environmental Cell,Medium,27,30,7,34,5,0.33,9.0
ADM-0000660,LG-000184,Public Works Dept,Medium,28,28,14,15,0,0.16,9.1
ADM-0000661,LG-000184,Irrigation Department,Medium,26,9,7,19,9,0.18,6.7
ADM-0000662,LG-000185,Revenue Department,High,42,25,8,60,23,0.6,2.3
ADM-0000663,LG-000185,Land Records Cell,High,41,5,15,64,36,0.55,4.6
ADM-0000664,LG-000185,Environmental Cell,High,48,17,7,86,11,0.84,4.1
ADM-0000665,LG-000185,Public Works Dept,High,20,27,3,111,31,0.83,2.4
ADM-0000666,LG-000186,Revenue Department,High,16,7,6,76,12,0.74,3.4
ADM-0000667,LG-000186,Land Records Cell,High,24,24,10,105,12,0.52,2.8
ADM-0000668,LG-000186,Environmental Cell,High,21,18,13,82,14,0.67,2.1
ADM-0000669,LG-000187,Revenue Department,High,39,6,4,88,10,0.61,5.0
ADM-0000670,LG-000187,Land Records Cell,High,37,18,2,94,28,0.69,3.1
ADM-0000671,LG-000188,Revenue Department,High,41,11,12,62,36,0.83,2.2
ADM-0000672,LG-000188,Land Records Cell,High,15,26,2,100,22,0.58,4.7
ADM-0000673,LG-000189,Revenue Department,High,27,8,12,103,30,0.66,3.8
ADM-0000674,LG-000189,Land Records Cell,High,34,24,9,76,31,0.79,4.3
ADM-0000675,LG-000189,Environmental Cell,High,50,12,14,70,17,0.63,4.2
ADM-0000676,LG-000189,Public Works Dept,High,43,19,15,99,27,0.63,3.7
ADM-0000677,LG-000189,Irrigation Department,High,35,21,11,112,14,0.56,2.4
ADM-0000678,LG-000190,Revenue Department,High,15,19,8,117,29,0.49,4.8
ADM-0000679,LG-000190,Land Records Cell,High,25,22,3,85,23,0.66,3.8
ADM-0000680,LG-000190,Environmental Cell,High,12,20,2,89,33,0.7,4.3
ADM-0000681,LG-000190,Public Works Dept,High,48,16,13,53,10,0.78,4.5
ADM-0000682,LG-000191,Revenue Department,High,21,10,8,99,18,0.63,2.9
ADM-0000683,LG-000191,Land Records Cell,High,16,21,12,95,13,0.54,4.7
ADM-0000684,LG-000191,Environmental Cell,High,45,21,5,96,16,0.72,3.6
ADM-0000685,LG-000191,Public Works Dept,High,13,26,7,71,16,0.44,3.1
ADM-0000686,LG-000191,Irrigation Department,High,50,11,3,70,21,0.59,4.4
ADM-0000687,LG-000192,Revenue Department,Medium,20,18,14,36,10,0.32,7.4
ADM-0000688,LG-000192,Land Records Cell,Medium,23,6,14,36,5,0.31,9.7
ADM-0000689,LG-000192,Environmental Cell,Medium,46,19,5,34,4,0.3,6.8
ADM-0000690,LG-000193,Revenue Department,High,27,17,3,67,17,0.83,2.3
ADM-0000691,LG-000193,Land Records Cell,High,10,6,4,82,12,0.56,2.3
ADM-0000692,LG-000193,Environmental Cell,High,30,21,14,95,38,0.5,4.8
ADM-0000693,LG-000193,Public Works Dept,High,38,11,7,71,16,0.47,3.4
ADM-0000694,LG-000193,Irrigation Department,High,18,21,14,120,29,0.58,4.9
ADM-0000695,LG-000194,Revenue Department,Medium,19,11,13,40,10,0.07,7.4
ADM-0000696,LG-000194,Land Records Cell,Medium,19,14,6,24,8,0.11,9.4
ADM-0000697,LG-000195,Revenue Department,High,50,19,11,97,17,0.8,2.1
ADM-0000698,LG-000195,Land Records Cell,High,31,5,9,80,28,0.83,2.2
ADM-0000699,LG-000196,Revenue Department,High,13,30,14,84,25,0.42,4.6
ADM-0000700,LG-000196,Land Records Cell,High,33,27,9,56,36,0.8,2.5
ADM-0000701,LG-000196,Environmental Cell,High,36,15,8,89,22,0.79,4.1
ADM-0000702,LG-000196,Public Works Dept,High,16,26,8,85,22,0.58,3.4
ADM-0000703,LG-000197,Revenue Department,Medium,28,14,8,30,8,0.13,9.5
ADM-0000704,LG-000197,Land Records Cell,Medium,21,7,13,40,0,0.31,8.5
ADM-0000705,LG-000197,Environmental Cell,Medium,28,24,8,27,6,0.08,8.0
ADM-0000706,LG-000197,Public Works Dept,Medium,22,6,14,38,7,0.22,6.5
ADM-0000707,LG-000198,Revenue Department,Medium,31,16,9,31,7,0.12,8.8
ADM-0000708,LG-000198,Land Records Cell,Medium,23,9,10,15,3,0.32,6.7
ADM-0000709,LG-000198,Environmental Cell,Medium,18,26,13,12,8,0.29,8.6
ADM-0000710,LG-000198,Public Works Dept,Medium,36,17,11,35,4,0.24,7.3
ADM-0000711,LG-000199,Revenue Department,High,42,21,12,109,21,0.61,3.3
ADM-0000712,LG-000199,Land Records Cell,High,12,10,9,70,13,0.59,2.7
ADM-0000713,LG-000199,Environmental Cell,High,32,6,4,84,38,0.79,2.0
ADM-0000714,LG-000199,Public Works Dept,High,22,9,13,104,35,0.78,2.2
ADM-0000715,LG-000199,Irrigation Department,High,32,9,15,80,39,0.44,4.9
ADM-0000716,LG-000200,Revenue Department,Medium,26,5,3,12,3,0.3,9.0
ADM-0000717,LG-000200,Land Records Cell,Medium,46,10,3,21,10,0.24,9.4
ADM-0000718,LG-000201,Revenue Department,High,12,15,2,69,39,0.54,2.3
ADM-0000719,LG-000201,Land Records Cell,High,50,7,9,75,19,0.44,4.9
ADM-0000720,LG-000201,Environmental Cell,High,26,7,6,97,36,0.82,3.1
ADM-0000721,LG-000201,Public Works Dept,High,30,7,14,68,40,0.51,2.6
ADM-0000722,LG-000201,Irrigation Department,High,31,16,11,54,23,0.76,4.3
ADM-0000723,LG-000202,Revenue Department,Medium,30,26,9,10,6,0.18,7.6
ADM-0000724,LG-000202,Land Records Cell,Medium,10,8,13,23,2,0.11,7.5
ADM-0000725,LG-000203,Revenue Department,High,27,5,10,59,11,0.57,2.3
ADM-0000726,LG-000203,Land Records Cell,High,46,8,9,93,21,0.44,4.4
ADM-0000727,LG-000203,Environmental Cell,High,30,24,4,48,27,0.57,2.6
ADM-0000728,LG-000203,Public Works Dept,High,41,14,11,79,21,0.71,4.1
ADM-0000729,LG-000203,Irrigation Department,High,22,24,5,55,26,0.56,4.5
ADM-0000730,LG-000204,Revenue Department,Medium,40,18,13,22,9,0.28,7.7
ADM-0000731,LG-000204,Land Records Cell,Medium,32,11,8,24,1,0.08,6.9
ADM-0000732,LG-000204,Environmental Cell,Medium,18,6,5,19,5,0.26,8.1
ADM-0000733,LG-000204,Public Works Dept,Medium,27,8,12,40,7,0.15,7.6
ADM-0000734,LG-000205,Revenue Department,High,26,17,13,72,17,0.64,3.0
ADM-0000735,LG-000205,Land Records Cell,High,28,15,14,45,12,0.46,2.4
ADM-0000736,LG-000205,Environmental Cell,High,14,24,12,111,30,0.83,2.9
ADM-0000737,LG-000205,Public Works Dept,High,16,11,3,61,11,0.83,4.6
ADM-0000738,LG-000206,Revenue Department,Medium,28,12,8,12,10,0.34,6.9
ADM-0000739,LG-000206,Land Records Cell,Medium,35,30,10,21,9,0.29,9.8
ADM-0000740,LG-000206,Environmental Cell,Medium,18,14,3,38,7,0.09,8.2
ADM-0000741,LG-000206,Public Works Dept,Medium,29,20,10,15,5,0.17,7.3
ADM-0000742,LG-000206,Irrigation Department,Medium,23,10,7,12,0,0.09,6.8
ADM-0000743,LG-000207,Revenue Department,High,15,20,15,47,12,0.45,3.0
ADM-0000744,LG-000207,Land Records Cell,High,31,15,13,95,24,0.61,2.9
ADM-0000745,LG-000208,Revenue Department,High,15,22,4,85,33,0.67,4.7
ADM-0000746,LG-000208,Land Records Cell,High,23,5,10,108,26,0.79,3.5
ADM-0000747,LG-000208,Environmental Cell,High,11,24,3,67,26,0.84,2.5
ADM-0000748,LG-000208,Public Works Dept,High,15,10,8,72,20,0.76,4.9
ADM-0000749,LG-000208,Irrigation Department,High,45,8,7,100,25,0.43,2.5
ADM-0000750,LG-000209,Revenue Department,Medium,35,6,9,10,10,0.33,9.3
ADM-0000751,LG-000209,Land Records Cell,Medium,24,15,12,32,1,0.2,8.5
ADM-0000752,LG-000209,Environmental Cell,Medium,15,19,4,23,1,0.31,6.6
ADM-0000753,LG-000209,Public Works Dept,Medium,26,15,8,16,10,0.07,9.4
ADM-0000754,LG-000210,Revenue Department,High,23,16,7,90,30,0.7,2.1
ADM-0000755,LG-000210,Land Records Cell,High,19,7,12,117,35,0.44,4.8
ADM-0000756,LG-000210,Environmental Cell,High,47,27,11,89,14,0.54,4.7
ADM-0000757,LG-000210,Public Works Dept,High,31,23,7,75,40,0.4,4.3
ADM-0000758,LG-000210,Irrigation Department,High,34,16,6,117,33,0.62,3.0
ADM-0000759,LG-000211,Revenue Department,Medium,13,24,7,15,3,0.2,6.8
ADM-0000760,LG-000211,Land Records Cell,Medium,27,24,10,24,1,0.26,7.1
ADM-0000761,LG-000211,Environmental Cell,Medium,11,28,13,17,10,0.15,9.4
ADM-0000762,LG-000211,Public Works Dept,Medium,38,24,5,13,2,0.13,7.5
ADM-0000763,LG-000211,Irrigation Department,Medium,25,21,8,32,3,0.16,9.0
ADM-0000764,LG-000212,Revenue Department,High,33,29,15,71,21,0.78,4.4
ADM-0000765,LG-000212,Land Records Cell,High,18,8,7,97,17,0.64,3.2
ADM-0000766,LG-000212,Environmental Cell,High,36,23,6,69,23,0.79,3.5
ADM-0000767,LG-000212,Public Works Dept,High,49,14,11,54,29,0.66,3.6
ADM-0000768,LG-000213,Revenue Department,High,17,12,15,111,35,0.8,3.4
ADM-0000769,LG-000213,Land Records Cell,High,30,20,3,100,15,0.78,3.5
ADM-0000770,LG-000214,Revenue Department,High,37,26,10,98,12,0.71,4.8
ADM-0000771,LG-000214,Land Records Cell,High,50,22,9,68,28,0.83,2.4
ADM-0000772,LG-000214,Environmental Cell,High,11,14,4,120,25,0.57,4.1
ADM-0000773,LG-000214,Public Works Dept,High,50,7,2,56,32,0.83,2.9
ADM-0000774,LG-000214,Irrigation Department,High,13,28,2,112,33,0.83,3.0
ADM-0000775,LG-000215,Revenue Department,Medium,10,16,7,36,1,0.3,9.1
ADM-0000776,LG-000215,Land Records Cell,Medium,39,5,14,18,5,0.31,7.1
ADM-0000777,LG-000215,Environmental Cell,Medium,24,5,6,17,4,0.24,8.3
ADM-0000778,LG-000216,Revenue Department,Medium,43,12,6,11,2,0.32,8.2
ADM-0000779,LG-000216,Land Records Cell,Medium,39,30,6,34,0,0.24,9.0
ADM-0000780,LG-000217,Revenue Department,High,30,10,4,48,29,0.54,2.5
ADM-0000781,LG-000217,Land Records Cell,High,26,15,12,96,15,0.69,2.3
ADM-0000782,LG-000217,Environmental Cell,High,11,10,7,78,36,0.69,2.1
ADM-0000783,LG-000217,Public Works Dept,High,26,8,3,69,28,0.75,3.0
ADM-0000784,LG-000218,Revenue Department,Medium,40,27,10,31,5,0.23,9.0
ADM-0000785,LG-000218,Land Records Cell,Medium,23,13,3,13,2,0.23,8.6
ADM-0000786,LG-000218,Environmental Cell,Medium,43,7,2,18,2,0.31,8.3
ADM-0000787,LG-000218,Public Works Dept,Medium,30,25,4,18,7,0.24,7.6
ADM-0000788,LG-000218,Irrigation Department,Medium,32,14,7,11,8,0.15,7.4
ADM-0000789,LG-000219,Revenue Department,High,41,20,13,106,39,0.75,2.9
ADM-0000790,LG-000219,Land Records Cell,High,21,13,4,106,26,0.54,4.1
ADM-0000791,LG-000219,Environmental Cell,High,21,22,12,107,30,0.59,4.8
ADM-0000792,LG-000220,Revenue Department,Medium,47,24,8,29,9,0.14,9.3
ADM-0000793,LG-000220,Land Records Cell,Medium,19,8,9,19,5,0.25,7.5
ADM-0000794,LG-000221,Revenue Department,Medium,11,23,8,36,3,0.23,7.4
ADM-0000795,LG-000221,Land Records Cell,Medium,45,11,6,26,8,0.07,7.4
ADM-0000796,LG-000221,Environmental Cell,Medium,10,29,12,34,8,0.09,8.8
ADM-0000797,LG-000221,Public Works Dept,Medium,29,5,13,24,9,0.26,7.5
ADM-0000798,LG-000222,Revenue Department,High,26,13,4,73,16,0.52,2.1
ADM-0000799,LG-000222,Land Records Cell,High,33,27,10,109,40,0.56,3.0
ADM-0000800,LG-000222,Environmental Cell,High,14,5,10,112,29,0.47,4.4
ADM-0000801,LG-000222,Public Works Dept,High,38,8,2,111,31,0.6,3.6
ADM-0000802,LG-000223,Revenue Department,Medium,14,17,5,15,2,0.34,7.5
ADM-0000803,LG-000223,Land Records Cell,Medium,36,12,15,40,3,0.18,9.2
ADM-0000804,LG-000223,Environmental Cell,Medium,10,10,5,20,2,0.31,8.9
ADM-0000805,LG-000223,Public Works Dept,Medium,15,20,12,28,10,0.09,9.4
ADM-0000806,LG-000224,Revenue Department,High,26,23,9,110,39,0.78,3.1
ADM-0000807,LG-000224,Land Records Cell,High,33,10,7,113,20,0.79,4.4
ADM-0000808,LG-000224,Environmental Cell,High,30,25,13,118,20,0.45,2.8
ADM-0000809,LG-000224,Public Works Dept,High,28,12,8,51,19,0.51,3.5
ADM-0000810,LG-000224,Irrigation Department,High,28,12,2,114,26,0.53,4.3
ADM-0000811,LG-000225,Revenue Department,Medium,49,6,2,34,0,0.33,7.1
ADM-0000812,LG-000225,Land Records Cell,Medium,21,5,14,12,2,0.18,7.7
ADM-0000813,LG-000226,Revenue Department,Medium,13,7,15,37,5,0.33,7.5
ADM-0000814,LG-000226,Land Records Cell,Medium,15,26,7,40,0,0.17,9.1
ADM-0000815,LG-000226,Environmental Cell,Medium,45,15,3,13,8,0.22,6.8
ADM-0000816,LG-000226,Public Works Dept,Medium,34,26,14,34,7,0.35,8.3
ADM-0000817,LG-000227,Revenue Department,High,41,10,14,80,35,0.85,3.4
ADM-0000818,LG-000227,Land Records Cell,High,18,30,9,71,12,0.64,3.7
ADM-0000819,LG-000228,Revenue Department,Medium,21,7,7,17,9,0.13,9.3
ADM-0000820,LG-000228,Land Records Cell,Medium,10,29,8,10,1,0.3,7.5
ADM-0000821,LG-000228,Environmental Cell,Medium,17,27,4,10,5,0.27,8.3
ADM-0000822,LG-000228,Public Works Dept,Medium,48,22,6,18,7,0.16,8.5
ADM-0000823,LG-000228,Irrigation Department,Medium,37,6,2,25,4,0.2,9.5
ADM-0000824,LG-000229,Revenue Department,Medium,29,19,2,32,2,0.11,8.0
ADM-0000825,LG-000229,Land Records Cell,Medium,17,25,13,15,5,0.06,9.1
ADM-0000826,LG-000230,Revenue Department,Medium,17,16,10,12,1,0.12,6.6
ADM-0000827,LG-000230,Land Records Cell,Medium,42,25,5,29,5,0.11,6.7
ADM-0000828,LG-000231,Revenue Department,Medium,14,25,6,28,4,0.06,6.6
ADM-0000829,LG-000231,Land Records Cell,Medium,26,18,15,37,7,0.09,8.4
ADM-0000830,LG-000231,Environmental Cell,Medium,49,21,10,12,1,0.21,8.2
ADM-0000831,LG-000231,Public Works Dept,Medium,16,29,13,34,0,0.18,9.3
ADM-0000832,LG-000232,Revenue Department,Medium,12,30,5,30,2,0.3,9.1
ADM-0000833,LG-000232,Land Records Cell,Medium,47,19,11,35,5,0.33,7.2
ADM-0000834,LG-000232,Environmental Cell,Medium,39,16,8,40,10,0.33,8.6
ADM-0000835,LG-000232,Public Works Dept,Medium,11,22,11,37,4,0.16,6.6
ADM-0000836,LG-000232,Irrigation Department,Medium,18,29,7,29,4,0.27,7.1
ADM-0000837,LG-000233,Revenue Department,Medium,21,10,12,16,10,0.15,9.3
ADM-0000838,LG-000233,Land Records Cell,Medium,47,18,2,22,5,0.21,9.3
ADM-0000839,LG-000234,Revenue Department,Medium,10,21,13,16,1,0.23,9.1
ADM-0000840,LG-000234,Land Records Cell,Medium,19,27,13,22,4,0.28,8.1
ADM-0000841,LG-000234,Environmental Cell,Medium,26,15,8,32,3,0.27,9.3
ADM-0000842,LG-000234,Public Works Dept,Medium,19,25,13,20,0,0.16,8.6
ADM-0000843,LG-000235,Revenue Department,High,49,27,3,99,24,0.83,2.2
ADM-0000844,LG-000235,Land Records Cell,High,19,19,15,84,35,0.52,2.1
ADM-0000845,LG-000235,Environmental Cell,High,24,5,7,118,24,0.46,4.4
ADM-0000846,LG-000235,Public Works Dept,High,25,25,13,66,19,0.75,3.7
ADM-0000847,LG-000235,Irrigation Department,High,12,19,12,70,10,0.58,3.3
ADM-0000848,LG-000236,Revenue Department,Medium,38,25,6,12,7,0.27,7.2
ADM-0000849,LG-000236,Land Records Cell,Medium,25,18,13,40,0,0.08,9.7
ADM-0000850,LG-000236,Environmental Cell,Medium,44,18,9,22,10,0.06,7.2
ADM-0000851,LG-000236,Public Works Dept,Medium,31,6,5,20,8,0.3,9.1
ADM-0000852,LG-000236,Irrigation Department,Medium,16,18,12,33,10,0.25,9.5
ADM-0000853,LG-000237,Revenue Department,Medium,33,21,13,18,0,0.1,9.0
ADM-0000854,LG-000237,Land Records Cell,Medium,25,21,9,12,3,0.21,8.5
ADM-0000855,LG-000237,Environmental Cell,Medium,19,19,11,32,3,0.15,7.4
ADM-0000856,LG-000237,Public Works Dept,Medium,26,26,6,20,8,0.32,9.4
ADM-0000857,LG-000237,Irrigation Department,Medium,49,5,7,37,7,0.32,7.2
ADM-0000858,LG-000238,Revenue Department,High,31,14,13,112,38,0.68,4.7
ADM-0000859,LG-000238,Land Records Cell,High,29,25,5,72,35,0.74,3.9
ADM-0000860,LG-000238,Environmental Cell,High,10,28,7,72,39,0.8,2.7
ADM-0000861,LG-000238,Public Works Dept,High,38,30,12,55,39,0.85,3.2
ADM-0000862,LG-000238,Irrigation Department,High,42,6,6,101,30,0.7,4.9
ADM-0000863,LG-000239,Revenue Department,Medium,12,18,8,39,5,0.13,9.5
ADM-0000864,LG-000239,Land Records Cell,Medium,50,18,14,25,0,0.33,8.0
ADM-0000865,LG-000239,Environmental Cell,Medium,13,19,2,12,0,0.22,9.5
ADM-0000866,LG-000240,Revenue Department,Medium,28,26,6,34,7,0.23,9.8
ADM-0000867,LG-000240,Land Records Cell,Medium,30,6,14,33,5,0.29,7.6
ADM-0000868,LG-000241,Revenue Department,Medium,41,8,11,12,0,0.13,6.9
ADM-0000869,LG-000241,Land Records Cell,Medium,17,13,8,32,8,0.2,9.8
ADM-0000870,LG-000241,Environmental Cell,Medium,41,15,14,23,1,0.06,7.7
ADM-0000871,LG-000242,Revenue Department,High,36,18,13,59,25,0.84,3.1
ADM-0000872,LG-000242,Land Records Cell,High,42,7,10,110,38,0.76,2.7
ADM-0000873,LG-000242,Environmental Cell,High,39,17,2,98,12,0.69,3.4
ADM-0000874,LG-000243,Revenue Department,High,35,27,9,85,16,0.46,3.9
ADM-0000875,LG-000243,Land Records Cell,High,46,22,5,118,13,0.65,4.1
ADM-0000876,LG-000243,Environmental Cell,High,31,24,11,51,21,0.63,2.9
ADM-0000877,LG-000243,Public Works Dept,High,17,23,14,84,26,0.48,3.3
ADM-0000878,LG-000243,Irrigation Department,High,28,26,14,59,12,0.79,3.6
ADM-0000879,LG-000244,Revenue Department,Medium,38,16,15,24,0,0.16,6.9
ADM-0000880,LG-000244,Land Records Cell,Medium,40,7,7,29,10,0.08,8.3
ADM-0000881,LG-000244,Environmental Cell,Medium,24,30,5,17,5,0.17,9.0
ADM-0000882,LG-000244,Public Works Dept,Medium,33,15,2,13,3,0.15,8.3
ADM-0000883,LG-000244,Irrigation Department,Medium,17,29,14,11,3,0.27,6.8
ADM-0000884,LG-000245,Revenue Department,High,38,18,2,96,13,0.68,2.5
ADM-0000885,LG-000245,Land Records Cell,High,17,20,6,75,19,0.48,2.1
ADM-0000886,LG-000245,Environmental Cell,High,29,12,11,113,36,0.63,3.7
ADM-0000887,LG-000245,Public Works Dept,High,22,27,11,48,17,0.72,3.3
ADM-0000888,LG-000245,Irrigation Department,High,36,13,8,100,40,0.63,4.3
ADM-0000889,LG-000246,Revenue Department,Medium,27,13,15,21,8,0.08,7.5
ADM-0000890,LG-000246,Land Records Cell,Medium,27,18,3,35,5,0.31,8.6
ADM-0000891,LG-000246,Environmental Cell,Medium,36,22,3,20,9,0.08,7.9
ADM-0000892,LG-000246,Public Works Dept,Medium,29,25,14,10,10,0.2,9.2
ADM-0000893,LG-000247,Revenue Department,Medium,24,26,11,37,9,0.33,7.4
ADM-0000894,LG-000247,Land Records Cell,Medium,23,26,3,32,10,0.24,7.9
ADM-0000895,LG-000247,Environmental Cell,Medium,14,22,8,28,8,0.08,7.4
ADM-0000896,LG-000247,Public Works Dept,Medium,21,25,15,13,8,0.16,7.1
ADM-0000897,LG-000248,Revenue Department,Medium,14,29,8,28,9,0.12,7.5
ADM-0000898,LG-000248,Land Records Cell,Medium,39,25,10,34,7,0.19,7.0
ADM-0000899,LG-000249,Revenue Department,Medium,40,20,7,22,10,0.32,7.1
ADM-0000900,LG-000249,Land Records Cell,Medium,46,30,10,32,3,0.34,7.9
ADM-0000901,LG-000249,Environmental Cell,Medium,50,25,9,17,2,0.18,9.3
ADM-0000902,LG-000250,Revenue Department,Medium,35,18,14,34,0,0.3,9.0
ADM-0000903,LG-000250,Land Records Cell,Medium,10,27,4,26,8,0.15,7.5
ADM-0000904,LG-000250,Environmental Cell,Medium,14,7,13,13,10,0.09,6.8
ADM-0000905,LG-000250,Public Works Dept,Medium,12,9,14,22,1,0.31,7.6
ADM-0000906,LG-000251,Revenue Department,High,29,15,15,80,11,0.51,3.4
ADM-0000907,LG-000251,Land Records Cell,High,27,8,7,77,23,0.51,2.5
ADM-0000908,LG-000252,Revenue Department,High,18,9,9,61,31,0.54,3.0
ADM-0000909,LG-000252,Land Records Cell,High,49,12,3,108,26,0.79,3.5
ADM-0000910,LG-000252,Environmental Cell,High,42,26,9,71,18,0.42,3.1
ADM-0000911,LG-000253,Revenue Department,Medium,25,30,13,10,3,0.07,8.2
ADM-0000912,LG-000253,Land Records Cell,Medium,24,25,9,12,10,0.17,7.4
ADM-0000913,LG-000253,Environmental Cell,Medium,48,13,14,33,6,0.08,8.6
ADM-0000914,LG-000253,Public Works Dept,Medium,32,25,14,25,9,0.31,8.7
ADM-0000915,LG-000253,Irrigation Department,Medium,17,27,4,16,3,0.28,6.9
ADM-0000916,LG-000254,Revenue Department,Medium,25,28,5,32,10,0.1,9.1
ADM-0000917,LG-000254,Land Records Cell,Medium,16,15,12,15,5,0.22,9.6
ADM-0000918,LG-000254,Environmental Cell,Medium,47,24,11,32,6,0.28,9.4
ADM-0000919,LG-000254,Public Works Dept,Medium,24,24,2,16,1,0.28,8.4
ADM-0000920,LG-000254,Irrigation Department,Medium,21,21,3,40,8,0.28,8.2
ADM-0000921,LG-000255,Revenue Department,High,35,14,9,49,18,0.76,3.4
ADM-0000922,LG-000255,Land Records Cell,High,28,9,10,50,40,0.52,4.0
ADM-0000923,LG-000255,Environmental Cell,High,49,8,11,63,29,0.53,3.9
ADM-0000924,LG-000256,Revenue Department,High,16,5,4,120,13,0.73,4.8
ADM-0000925,LG-000256,Land Records Cell,High,11,23,9,100,30,0.55,3.6
ADM-0000926,LG-000256,Environmental Cell,High,50,16,9,59,30,0.72,4.9
ADM-0000927,LG-000257,Revenue Department,Medium,29,15,7,32,2,0.26,9.0
ADM-0000928,LG-000257,Land Records Cell,Medium,50,11,9,37,0,0.32,7.3
ADM-0000929,LG-000257,Environmental Cell,Medium,17,6,4,33,3,0.12,7.8
ADM-0000930,LG-000257,Public Works Dept,Medium,20,22,8,19,1,0.07,9.4
ADM-0000931,LG-000257,Irrigation Department,Medium,18,20,9,30,0,0.12,8.3
ADM-0000932,LG-000258,Revenue Department,Medium,22,27,15,29,7,0.21,9.3
ADM-0000933,LG-000258,Land Records Cell,Medium,15,14,15,12,2,0.05,9.5
ADM-0000934,LG-000259,Revenue Department,Medium,34,14,3,33,0,0.1,9.2
ADM-0000935,LG-000259,Land Records Cell,Medium,13,16,10,17,5,0.22,9.7
ADM-0000936,LG-000259,Environmental Cell,Medium,50,20,14,27,8,0.06,8.3
ADM-0000937,LG-000260,Revenue Department,Medium,41,10,5,19,0,0.34,8.3
ADM-0000938,LG-000260,Land Records Cell,Medium,38,20,4,25,5,0.33,8.6
ADM-0000939,LG-000260,Environmental Cell,Medium,45,18,8,27,9,0.26,8.8
ADM-0000940,LG-000260,Public Works Dept,Medium,38,11,15,33,4,0.24,6.9
ADM-0000941,LG-000260,Irrigation Department,Medium,44,5,13,34,8,0.23,9.4
ADM-0000942,LG-000261,Revenue Department,High,42,26,7,54,23,0.79,2.9
ADM-0000943,LG-000261,Land Records Cell,High,13,25,15,99,19,0.41,4.6
ADM-0000944,LG-000261,Environmental Cell,High,31,22,14,81,40,0.53,2.3
ADM-0000945,LG-000261,Public Works Dept,High,18,21,4,106,35,0.84,3.9
ADM-0000946,LG-000261,Irrigation Department,High,20,22,11,114,12,0.45,3.3
ADM-0000947,LG-000262,Revenue Department,Medium,26,23,13,25,7,0.16,8.6
ADM-0000948,LG-000262,Land Records Cell,Medium,49,30,5,16,6,0.18,8.3
ADM-0000949,LG-000262,Environmental Cell,Medium,32,21,10,37,4,0.15,8.4
ADM-0000950,LG-000263,Revenue Department,High,42,23,5,46,32,0.68,3.2
ADM-0000951,LG-000263,Land Records Cell,High,37,21,6,61,37,0.78,3.3
ADM-0000952,LG-000264,Revenue Department,Medium,10,17,8,10,1,0.31,6.8
ADM-0000953,LG-000264,Land Records Cell,Medium,32,15,10,39,6,0.16,6.8
ADM-0000954,LG-000264,Environmental Cell,Medium,11,12,7,21,5,0.22,9.1
ADM-0000955,LG-000264,Public Works Dept,Medium,44,26,2,31,10,0.25,6.7
ADM-0000956,LG-000265,Revenue Department,Medium,24,16,11,23,2,0.33,7.9
ADM-0000957,LG-000265,Land Records Cell,Medium,10,6,13,28,7,0.16,7.3
ADM-0000958,LG-000265,Environmental Cell,Medium,50,10,7,14,7,0.25,8.5
ADM-0000959,LG-000265,Public Works Dept,Medium,34,20,14,18,8,0.21,7.3
ADM-0000960,LG-000266,Revenue Department,Medium,19,27,3,27,6,0.18,8.2
ADM-0000961,LG-000266,Land Records Cell,Medium,19,11,14,38,10,0.22,8.1
ADM-0000962,LG-000266,Environmental Cell,Medium,37,28,9,23,5,0.23,8.8
ADM-0000963,LG-000266,Public Works Dept,Medium,45,17,5,24,8,0.19,8.6
ADM-0000964,LG-000267,Revenue Department,High,34,23,8,45,34,0.74,4.8
ADM-0000965,LG-000267,Land Records Cell,High,20,21,7,74,22,0.85,4.3
ADM-0000966,LG-000267,Environmental Cell,High,41,14,11,66,27,0.68,2.2
ADM-0000967,LG-000267,Public Works Dept,High,40,7,14,54,36,0.71,4.7
ADM-0000968,LG-000268,Revenue Department,High,21,29,7,106,31,0.66,4.9
ADM-0000969,LG-000268,Land Records Cell,High,34,24,7,74,30,0.77,2.4
ADM-0000970,LG-000268,Environmental Cell,High,36,29,15,120,16,0.74,3.3
ADM-0000971,LG-000269,Revenue Department,Medium,39,26,6,35,8,0.24,6.6
ADM-0000972,LG-000269,Land Records Cell,Medium,48,10,5,37,9,0.29,7.2
ADM-0000973,LG-000270,Revenue Department,Medium,32,27,9,14,0,0.25,7.2
ADM-0000974,LG-000270,Land Records Cell,Medium,14,16,15,31,6,0.2,9.7
ADM-0000975,LG-000271,Revenue Department,High,32,12,10,99,27,0.85,4.2
ADM-0000976,LG-000271,Land Records Cell,High,30,8,4,98,20,0.8,3.5
ADM-0000977,LG-000271,Environmental Cell,High,36,18,9,75,40,0.45,3.1
ADM-0000978,LG-000271,Public Works Dept,High,30,13,3,104,36,0.64,2.6
ADM-0000979,LG-000272,Revenue Department,Medium,26,25,10,40,10,0.15,6.8
ADM-0000980,LG-000272,Land Records Cell,Medium,15,25,4,13,5,0.22,7.5
ADM-0000981,LG-000272,Environmental Cell,Medium,37,12,5,17,8,0.08,9.5
ADM-0000982,LG-000272,Public Works Dept,Medium,40,23,12,27,4,0.09,9.7
ADM-0000983,LG-000273,Revenue Department,Medium,26,6,7,35,1,0.32,6.6
ADM-0000984,LG-000273,Land Records Cell,Medium,32,19,4,17,9,0.16,7.1
ADM-0000985,LG-000273,Environmental Cell,Medium,46,8,10,15,3,0.12,6.9
ADM-0000986,LG-000274,Revenue Department,Medium,11,17,8,36,4,0.14,9.3
ADM-0000987,LG-000274,Land Records Cell,Medium,14,15,9,13,7,0.25,7.0
ADM-0000988,LG-000274,Environmental Cell,Medium,24,6,2,14,8,0.2,9.6
ADM-0000989,LG-000274,Public Works Dept,Medium,27,23,12,14,8,0.13,7.5
ADM-0000990,LG-000275,Revenue Department,Medium,39,30,2,24,1,0.06,8.8
ADM-0000991,LG-000275,Land Records Cell,Medium,11,8,13,34,1,0.26,8.6
ADM-0000992,LG-000275,Environmental Cell,Medium,10,12,4,15,3,0.35,7.0
ADM-0000993,LG-000275,Public Works Dept,Medium,32,27,6,17,3,0.26,8.9
ADM-0000994,LG-000275,Irrigation Department,Medium,26,15,5,36,6,0.26,7.6
ADM-0000995,LG-000276,Revenue Department,Medium,33,24,15,17,2,0.31,7.4
ADM-0000996,LG-000276,Land Records Cell,Medium,43,14,12,10,10,0.2,8.4
ADM-0000997,LG-000276,Environmental Cell,Medium,43,12,6,38,1,0.17,9.4
ADM-0000998,LG-000277,Revenue Department,Medium,45,17,4,37,9,0.25,8.3
ADM-0000999,LG-000277,Land Records Cell,Medium,50,23,5,38,10,0.27,8.8
ADM-0001000,LG-000277,Environmental Cell,Medium,39,15,11,34,3,0.35,8.0
ADM-0001001,LG-000278,Revenue Department,High,44,10,11,119,28,0.85,3.8
ADM-0001002,LG-000278,Land Records Cell,High,10,8,2,66,22,0.51,4.9
ADM-0001003,LG-000279,Revenue Department,Medium,43,7,9,35,10,0.3,7.1
ADM-0001004,LG-000279,Land Records Cell,Medium,41,8,5,12,1,0.25,9.0
ADM-0001005,LG-000279,Environmental Cell,Medium,20,15,2,27,4,0.29,7.4
ADM-0001006,LG-000279,Public Works Dept,Medium,21,7,15,33,1,0.34,6.8
ADM-0001007,LG-000280,Revenue Department,Medium,44,7,5,26,9,0.35,9.4
ADM-0001008,LG-000280,Land Records Cell,Medium,17,5,4,30,0,0.21,8.9
ADM-0001009,LG-000280,Environmental Cell,Medium,12,10,10,28,9,0.12,7.9
ADM-0001010,LG-000280,Public Works Dept,Medium,11,6,13,31,3,0.07,6.6
ADM-0001011,LG-000280,Irrigation Department,Medium,30,19,10,38,8,0.1,8.2
ADM-0001012,LG-000281,Revenue Department,Medium,20,12,4,40,6,0.27,9.3
ADM-0001013,LG-000281,Land Records Cell,Medium,24,27,6,21,6,0.14,6.6
ADM-0001014,LG-000281,Environmental Cell,Medium,50,13,14,11,7,0.23,7.5
ADM-0001015,LG-000281,Public Works Dept,Medium,19,25,7,37,9,0.09,6.6
ADM-0001016,LG-000282,Revenue Department,High,37,24,8,99,37,0.64,3.5
ADM-0001017,LG-000282,Land Records Cell,High,27,29,6,114,25,0.66,3.8
ADM-0001018,LG-000283,Revenue Department,Medium,22,6,4,36,8,0.32,7.9
ADM-0001019,LG-000283,Land Records Cell,Medium,32,12,7,32,10,0.22,8.3
ADM-0001020,LG-000283,Environmental Cell,Medium,47,22,7,36,7,0.24,6.9
ADM-0001021,LG-000283,Public Works Dept,Medium,38,10,3,18,8,0.17,8.3
ADM-0001022,LG-000283,Irrigation Department,Medium,50,12,10,32,5,0.15,8.7
ADM-0001023,LG-000284,Revenue Department,Medium,10,6,13,16,0,0.24,7.8
ADM-0001024,LG-000284,Land Records Cell,Medium,26,7,7,27,9,0.17,8.4
ADM-0001025,LG-000284,Environmental Cell,Medium,41,14,10,14,10,0.3,8.0
ADM-0001026,LG-000285,Revenue Department,Medium,23,12,11,28,7,0.07,7.3
ADM-0001027,LG-000285,Land Records Cell,Medium,24,6,8,13,9,0.12,9.2
ADM-0001028,LG-000285,Environmental Cell,Medium,39,25,2,22,1,0.23,9.3
ADM-0001029,LG-000285,Public Works Dept,Medium,44,28,2,39,10,0.07,8.0
ADM-0001030,LG-000286,Revenue Department,High,16,19,10,119,36,0.47,3.1
ADM-0001031,LG-000286,Land Records Cell,High,13,30,3,95,15,0.73,4.6
ADM-0001032,LG-000286,Environmental Cell,High,48,16,12,91,21,0.81,3.5
ADM-0001033,LG-000286,Public Works Dept,High,13,23,9,119,12,0.54,2.9
ADM-0001034,LG-000287,Revenue Department,Medium,30,25,13,28,9,0.29,7.6
ADM-0001035,LG-000287,Land Records Cell,Medium,27,10,9,32,5,0.25,8.5
ADM-0001036,LG-000287,Environmental Cell,Medium,16,17,14,30,1,0.15,9.4
ADM-0001037,LG-000287,Public Works Dept,Medium,35,13,6,34,3,0.28,7.8
ADM-0001038,LG-000288,Revenue Department,High,32,27,5,72,31,0.79,3.5
ADM-0001039,LG-000288,Land Records Cell,High,45,29,2,54,16,0.85,4.4
ADM-0001040,LG-000288,Environmental Cell,High,29,23,6,108,18,0.72,4.6
ADM-0001041,LG-000288,Public Works Dept,High,18,8,6,67,20,0.52,4.1
ADM-0001042,LG-000288,Irrigation Department,High,44,10,9,57,27,0.75,3.7
ADM-0001043,LG-000289,Revenue Department,High,19,20,12,117,29,0.69,2.9
ADM-0001044,LG-000289,Land Records Cell,High,49,13,15,52,35,0.81,2.4
ADM-0001045,LG-000289,Environmental Cell,High,43,24,15,111,28,0.78,3.2
ADM-0001046,LG-000289,Public Works Dept,High,21,29,14,118,17,0.74,4.1
ADM-0001047,LG-000289,Irrigation Department,High,34,19,6,52,26,0.69,3.1
ADM-0001048,LG-000290,Revenue Department,Medium,13,27,8,29,2,0.22,9.0
ADM-0001049,LG-000290,Land Records Cell,Medium,29,8,9,29,10,0.16,8.3
ADM-0001050,LG-000290,Environmental Cell,Medium,23,6,5,17,5,0.07,9.7
ADM-0001051,LG-000290,Public Works Dept,Medium,38,17,8,11,0,0.1,8.2
ADM-0001052,LG-000290,Irrigation Department,Medium,30,15,2,16,8,0.31,7.4
ADM-0001053,LG-000291,Revenue Department,High,25,24,10,115,23,0.63,3.8
ADM-0001054,LG-000291,Land Records Cell,High,37,18,10,96,25,0.49,5.0
ADM-0001055,LG-000291,Environmental Cell,High,42,8,15,90,31,0.51,3.7
ADM-0001056,LG-000292,Revenue Department,Medium,19,29,6,14,6,0.34,9.7
ADM-0001057,LG-000292,Land Records Cell,Medium,49,18,12,40,9,0.29,8.4
ADM-0001058,LG-000292,Environmental Cell,Medium,38,18,10,23,9,0.29,9.2
ADM-0001059,LG-000292,Public Works Dept,Medium,13,19,10,15,8,0.29,6.9
ADM-0001060,LG-000293,Revenue Department,High,19,15,14,58,21,0.51,2.1
ADM-0001061,LG-000293,Land Records Cell,High,26,25,5,47,27,0.41,3.0
ADM-0001062,LG-000293,Environmental Cell,High,15,6,14,49,15,0.55,2.1
ADM-0001063,LG-000294,Revenue Department,Medium,45,14,10,15,7,0.15,7.8
ADM-0001064,LG-000294,Land Records Cell,Medium,33,24,10,25,6,0.28,9.5
ADM-0001065,LG-000294,Environmental Cell,Medium,46,13,3,40,3,0.33,6.5
ADM-0001066,LG-000294,Public Works Dept,Medium,38,7,2,23,2,0.12,9.0
ADM-0001067,LG-000295,Revenue Department,High,46,9,14,101,28,0.62,3.2
ADM-0001068,LG-000295,Land Records Cell,High,10,13,2,68,24,0.45,4.6
ADM-0001069,LG-000295,Environmental Cell,High,23,29,2,59,10,0.42,4.0
ADM-0001070,LG-000295,Public Works Dept,High,27,23,15,89,14,0.55,2.8
ADM-0001071,LG-000296,Revenue Department,Medium,42,22,12,38,7,0.27,8.3
ADM-0001072,LG-000296,Land Records Cell,Medium,39,21,4,34,6,0.15,6.7
ADM-0001073,LG-000296,Environmental Cell,Medium,50,11,3,33,2,0.33,7.7
ADM-0001074,LG-000296,Public Works Dept,Medium,28,21,13,40,3,0.18,7.0
ADM-0001075,LG-000296,Irrigation Department,Medium,24,24,8,25,1,0.21,7.2
ADM-0001076,LG-000297,Revenue Department,High,50,19,6,55,38,0.79,4.1
ADM-0001077,LG-000297,Land Records Cell,High,10,27,7,92,13,0.6,4.0
ADM-0001078,LG-000297,Environmental Cell,High,18,28,11,104,24,0.81,2.5
ADM-0001079,LG-000298,Revenue Department,Medium,10,14,11,36,8,0.11,7.8
ADM-0001080,LG-000298,Land Records Cell,Medium,25,10,9,25,0,0.11,6.7
ADM-0001081,LG-000298,Environmental Cell,Medium,47,12,4,26,8,0.29,8.6
ADM-0001082,LG-000298,Public Works Dept,Medium,41,15,4,20,7,0.18,9.1
ADM-0001083,LG-000298,Irrigation Department,Medium,40,16,12,15,6,0.13,7.9
ADM-0001084,LG-000299,Revenue Department,High,11,6,14,58,29,0.55,4.6
ADM-0001085,LG-000299,Land Records Cell,High,29,5,10,105,18,0.68,2.1
ADM-0001086,LG-000300,Revenue Department,Medium,48,17,14,38,10,0.35,6.6
ADM-0001087,LG-000300,Land Records Cell,Medium,16,11,5,10,7,0.19,9.4
ADM-0001088,LG-000300,Environmental Cell,Medium,18,24,4,26,7,0.15,9.6
ADM-0001089,LG-000300,Public Works Dept,Medium,32,12,14,34,10,0.09,9.5
ADM-0001090,LG-000301,Revenue Department,Medium,48,24,10,22,5,0.26,8.3
ADM-0001091,LG-000301,Land Records Cell,Medium,44,28,13,36,9,0.33,7.1
ADM-0001092,LG-000301,Environmental Cell,Medium,13,22,7,26,2,0.13,9.6
ADM-0001093,LG-000301,Public Works Dept,Medium,31,30,2,39,3,0.24,7.9
ADM-0001094,LG-000302,Revenue Department,Medium,12,16,9,33,2,0.31,9.0
ADM-0001095,LG-000302,Land Records Cell,Medium,46,25,15,18,4,0.23,6.7
ADM-0001096,LG-000303,Revenue Department,Medium,47,11,11,29,10,0.33,6.9
ADM-0001097,LG-000303,Land Records Cell,Medium,46,27,8,33,8,0.34,7.9
ADM-0001098,LG-000303,Environmental Cell,Medium,17,8,15,38,3,0.2,8.5
ADM-0001099,LG-000304,Revenue Department,High,28,6,5,64,27,0.68,4.6
ADM-0001100,LG-000304,Land Records Cell,High,19,14,9,87,17,0.76,4.8
ADM-0001101,LG-000304,Environmental Cell,High,35,22,12,46,15,0.65,3.9
ADM-0001102,LG-000304,Public Works Dept,High,36,8,13,81,35,0.56,2.8
ADM-0001103,LG-000305,Revenue Department,High,29,15,5,72,19,0.72,4.6
ADM-0001104,LG-000305,Land Records Cell,High,48,28,7,97,28,0.85,4.8
ADM-0001105,LG-000305,Environmental Cell,High,10,8,5,111,40,0.84,4.1
ADM-0001106,LG-000305,Public Works Dept,High,48,22,8,78,23,0.64,4.7
ADM-0001107,LG-000305,Irrigation Department,High,43,30,2,109,33,0.72,4.7
ADM-0001108,LG-000306,Revenue Department,Medium,22,12,9,40,4,0.3,9.6
ADM-0001109,LG-000306,Land Records Cell,Medium,32,18,10,26,9,0.18,8.2
ADM-0001110,LG-000306,Environmental Cell,Medium,40,12,6,25,0,0.18,9.3
ADM-0001111,LG-000306,Public Works Dept,Medium,28,18,4,20,9,0.23,8.1
ADM-0001112,LG-000307,Revenue Department,Medium,31,18,9,30,5,0.17,7.8
ADM-0001113,LG-000307,Land Records Cell,Medium,26,10,2,28,5,0.22,9.7
ADM-0001114,LG-000307,Environmental Cell,Medium,20,19,12,38,5,0.05,8.6
ADM-0001115,LG-000307,Public Works Dept,Medium,28,18,7,35,6,0.18,6.9
ADM-0001116,LG-000307,Irrigation Department,Medium,36,29,4,31,9,0.3,9.5
ADM-0001117,LG-000308,Revenue Department,Medium,12,30,14,34,0,0.1,7.2
ADM-0001118,LG-000308,Land Records Cell,Medium,16,12,9,14,6,0.28,9.8
ADM-0001119,LG-000309,Revenue Department,High,24,16,5,50,33,0.83,4.3
ADM-0001120,LG-000309,Land Records Cell,High,38,29,4,60,26,0.61,3.1
ADM-0001121,LG-000309,Environmental Cell,High,22,14,7,107,36,0.81,3.5
ADM-0001122,LG-000309,Public Works Dept,High,42,12,11,117,35,0.72,3.4
ADM-0001123,LG-000310,Revenue Department,High,40,24,8,70,33,0.42,4.8
ADM-0001124,LG-000310,Land Records Cell,High,32,23,10,111,31,0.83,2.0
ADM-0001125,LG-000310,Environmental Cell,High,13,5,2,80,31,0.58,3.5
ADM-0001126,LG-000310,Public Works Dept,High,32,9,13,83,37,0.75,3.9
ADM-0001127,LG-000310,Irrigation Department,High,13,19,8,90,15,0.71,4.2
ADM-0001128,LG-000311,Revenue Department,Medium,35,11,4,31,9,0.15,9.6
ADM-0001129,LG-000311,Land Records Cell,Medium,36,19,6,24,0,0.25,9.7
ADM-0001130,LG-000311,Environmental Cell,Medium,39,16,8,38,10,0.33,8.5
ADM-0001131,LG-000311,Public Works Dept,Medium,12,13,4,18,4,0.24,9.2
ADM-0001132,LG-000312,Revenue Department,High,26,25,10,69,35,0.79,3.8
ADM-0001133,LG-000312,Land Records Cell,High,21,17,13,84,29,0.78,4.8
ADM-0001134,LG-000312,Environmental Cell,High,20,22,14,118,36,0.83,3.5
ADM-0001135,LG-000313,Revenue Department,Medium,50,28,14,28,8,0.31,7.8
ADM-0001136,LG-000313,Land Records Cell,Medium,39,24,12,19,2,0.09,7.7
ADM-0001137,LG-000313,Environmental Cell,Medium,42,16,11,38,2,0.29,8.0
ADM-0001138,LG-000313,Public Works Dept,Medium,32,29,15,13,3,0.05,8.5
ADM-0001139,LG-000314,Revenue Department,High,29,26,10,115,11,0.73,5.0
ADM-0001140,LG-000314,Land Records Cell,High,18,15,13,75,29,0.81,2.1
ADM-0001141,LG-000314,Environmental Cell,High,23,10,15,59,38,0.56,4.3
ADM-0001142,LG-000314,Public Works Dept,High,34,11,15,98,10,0.76,2.0
ADM-0001143,LG-000314,Irrigation Department,High,18,14,7,55,36,0.62,2.3
ADM-0001144,LG-000315,Revenue Department,Medium,34,12,12,19,2,0.26,8.3
ADM-0001145,LG-000315,Land Records Cell,Medium,48,20,9,15,6,0.1,8.6
ADM-0001146,LG-000316,Revenue Department,Medium,45,24,8,28,5,0.2,8.9
ADM-0001147,LG-000316,Land Records Cell,Medium,50,16,3,25,4,0.24,7.4
ADM-0001148,LG-000317,Revenue Department,Medium,37,18,6,40,0,0.07,7.4
ADM-0001149,LG-000317,Land Records Cell,Medium,47,6,11,32,0,0.08,7.2
ADM-0001150,LG-000318,Revenue Department,Medium,45,22,7,13,0,0.08,9.4
ADM-0001151,LG-000318,Land Records Cell,Medium,14,29,12,34,1,0.29,8.7
ADM-0001152,LG-000318,Environmental Cell,Medium,27,6,9,26,1,0.13,7.1
ADM-0001153,LG-000318,Public Works Dept,Medium,35,12,4,39,7,0.14,7.1
ADM-0001154,LG-000319,Revenue Department,Medium,42,29,12,25,3,0.05,8.5
ADM-0001155,LG-000319,Land Records Cell,Medium,29,26,6,37,1,0.34,8.3
ADM-0001156,LG-000319,Environmental Cell,Medium,20,12,6,27,2,0.1,9.8
ADM-0001157,LG-000319,Public Works Dept,Medium,39,7,7,30,5,0.26,7.6
ADM-0001158,LG-000320,Revenue Department,Medium,43,5,6,17,9,0.11,8.5
ADM-0001159,LG-000320,Land Records Cell,Medium,44,22,12,38,1,0.25,8.2
ADM-0001160,LG-000320,Environmental Cell,Medium,47,18,9,20,0,0.14,7.9
ADM-0001161,LG-000320,Public Works Dept,Medium,27,25,13,16,0,0.2,7.1
ADM-0001162,LG-000321,Revenue Department,Medium,26,22,14,21,4,0.31,7.1
ADM-0001163,LG-000321,Land Records Cell,Medium,42,28,15,19,8,0.26,7.3
ADM-0001164,LG-000321,Environmental Cell,Medium,46,27,12,34,5,0.08,8.5
ADM-0001165,LG-000321,Public Works Dept,Medium,27,20,9,13,8,0.18,8.1
ADM-0001166,LG-000321,Irrigation Department,Medium,10,21,7,33,10,0.17,7.7
ADM-0001167,LG-000322,Revenue Department,High,46,17,10,116,35,0.43,3.7
ADM-0001168,LG-000322,Land Records Cell,High,19,22,3,45,26,0.6,2.3
ADM-0001169,LG-000322,Environmental Cell,High,50,17,12,114,14,0.8,4.9
ADM-0001170,LG-000323,Revenue Department,High,39,15,13,71,37,0.67,2.8
ADM-0001171,LG-000323,Land Records Cell,High,22,14,5,53,21,0.48,4.5
ADM-0001172,LG-000323,Environmental Cell,High,21,16,15,110,11,0.69,2.4
ADM-0001173,LG-000323,Public Works Dept,High,47,22,4,87,12,0.75,4.8
ADM-0001174,LG-000324,Revenue Department,High,15,26,3,68,40,0.45,3.7
ADM-0001175,LG-000324,Land Records Cell,High,17,8,8,105,16,0.6,4.7
ADM-0001176,LG-000325,Revenue Department,Medium,36,30,13,25,8,0.15,7.7
ADM-0001177,LG-000325,Land Records Cell,Medium,38,18,2,20,8,0.19,9.5
ADM-0001178,LG-000326,Revenue Department,High,27,7,8,94,26,0.76,4.0
ADM-0001179,LG-000326,Land Records Cell,High,25,15,13,107,31,0.59,2.7
ADM-0001180,LG-000326,Environmental Cell,High,14,8,11,101,35,0.67,4.2
ADM-0001181,LG-000326,Public Works Dept,High,17,21,5,56,32,0.58,3.5
ADM-0001182,LG-000326,Irrigation Department,High,39,14,7,75,21,0.44,4.9
ADM-0001183,LG-000327,Revenue Department,High,47,21,15,79,10,0.45,2.9
ADM-0001184,LG-000327,Land Records Cell,High,45,21,2,102,19,0.52,3.5
ADM-0001185,LG-000327,Environmental Cell,High,17,24,4,103,23,0.5,4.9
ADM-0001186,LG-000328,Revenue Department,High,37,6,4,64,14,0.6,2.8
ADM-0001187,LG-000328,Land Records Cell,High,19,27,14,56,25,0.65,4.9
ADM-0001188,LG-000329,Revenue Department,High,11,16,8,104,19,0.43,3.6
ADM-0001189,LG-000329,Land Records Cell,High,19,25,11,83,31,0.49,3.0
ADM-0001190,LG-000330,Revenue Department,Medium,19,26,3,13,8,0.15,9.4
ADM-0001191,LG-000330,Land Records Cell,Medium,31,12,15,16,9,0.24,8.8
ADM-0001192,LG-000331,Revenue Department,High,25,16,15,109,40,0.78,3.1
ADM-0001193,LG-000331,Land Records Cell,High,20,17,11,51,38,0.66,2.3
ADM-0001194,LG-000331,Environmental Cell,High,49,18,5,66,17,0.57,4.3
ADM-0001195,LG-000332,Revenue Department,Medium,10,19,4,34,1,0.3,9.3
ADM-0001196,LG-000332,Land Records Cell,Medium,17,10,7,28,6,0.32,7.8
ADM-0001197,LG-000332,Environmental Cell,Medium,38,23,14,32,5,0.17,6.9
ADM-0001198,LG-000332,Public Works Dept,Medium,49,11,13,21,3,0.06,8.4
ADM-0001199,LG-000333,Revenue Department,High,20,8,11,120,30,0.64,5.0
ADM-0001200,LG-000333,Land Records Cell,High,46,11,11,94,32,0.73,3.5
ADM-0001201,LG-000333,Environmental Cell,High,22,8,4,92,23,0.71,3.2
ADM-0001202,LG-000333,Public Works Dept,High,26,9,2,94,14,0.45,4.3
ADM-0001203,LG-000334,Revenue Department,High,22,17,4,57,27,0.53,2.2
ADM-0001204,LG-000334,Land Records Cell,High,39,13,7,85,36,0.64,4.7
ADM-0001205,LG-000334,Environmental Cell,High,47,8,3,98,22,0.45,2.7
ADM-0001206,LG-000334,Public Works Dept,High,27,27,14,108,19,0.48,4.4
ADM-0001207,LG-000334,Irrigation Department,High,47,24,3,81,16,0.44,4.6
ADM-0001208,LG-000335,Revenue Department,High,22,17,3,108,28,0.65,2.8
ADM-0001209,LG-000335,Land Records Cell,High,44,23,11,109,35,0.49,3.6
ADM-0001210,LG-000335,Environmental Cell,High,41,14,12,79,26,0.55,2.4
ADM-0001211,LG-000335,Public Works Dept,High,18,13,14,53,25,0.79,3.1
ADM-0001212,LG-000335,Irrigation Department,High,16,30,12,98,19,0.81,4.9
ADM-0001213,LG-000336,Revenue Department,High,39,25,4,57,23,0.48,4.0
ADM-0001214,LG-000336,Land Records Cell,High,45,15,9,113,27,0.52,2.9
ADM-0001215,LG-000336,Environmental Cell,High,31,22,7,45,27,0.81,3.5
ADM-0001216,LG-000336,Public Works Dept,High,37,7,2,85,31,0.61,3.2
ADM-0001217,LG-000336,Irrigation Department,High,30,9,10,77,22,0.72,3.0
ADM-0001218,LG-000337,Revenue Department,High,46,29,12,120,27,0.45,3.0
ADM-0001219,LG-000337,Land Records Cell,High,31,8,12,103,25,0.52,2.9
ADM-0001220,LG-000337,Environmental Cell,High,19,7,11,108,35,0.43,2.5
ADM-0001221,LG-000337,Public Works Dept,High,36,12,6,111,40,0.49,2.7
ADM-0001222,LG-000338,Revenue Department,Medium,39,20,15,36,3,0.29,7.7
ADM-0001223,LG-000338,Land Records Cell,Medium,37,27,9,12,9,0.31,8.5
ADM-0001224,LG-000338,Environmental Cell,Medium,31,15,8,27,2,0.07,9.0
ADM-0001225,LG-000339,Revenue Department,Medium,48,23,3,14,0,0.3,8.7
ADM-0001226,LG-000339,Land Records Cell,Medium,31,15,11,26,9,0.27,9.6
ADM-0001227,LG-000339,Environmental Cell,Medium,43,11,9,33,7,0.31,9.8
ADM-0001228,LG-000340,Revenue Department,Medium,33,13,13,15,7,0.32,9.5
ADM-0001229,LG-000340,Land Records Cell,Medium,48,11,3,24,10,0.19,8.1
ADM-0001230,LG-000340,Environmental Cell,Medium,18,30,5,31,0,0.25,8.6
ADM-0001231,LG-000341,Revenue Department,Medium,37,8,14,31,8,0.13,7.8
ADM-0001232,LG-000341,Land Records Cell,Medium,27,28,14,32,8,0.24,7.5
ADM-0001233,LG-000341,Environmental Cell,Medium,27,18,14,37,0,0.3,8.2
ADM-0001234,LG-000342,Revenue Department,High,43,5,6,62,22,0.76,2.4
ADM-0001235,LG-000342,Land Records Cell,High,47,18,8,116,14,0.73,4.3
ADM-0001236,LG-000342,Environmental Cell,High,27,30,9,79,22,0.68,3.0
ADM-0001237,LG-000342,Public Works Dept,High,38,18,11,61,18,0.59,3.0
ADM-0001238,LG-000343,Revenue Department,Medium,14,27,4,33,5,0.15,7.5
ADM-0001239,LG-000343,Land Records Cell,Medium,36,24,4,39,3,0.07,9.1
ADM-0001240,LG-000343,Environmental Cell,Medium,17,27,13,33,4,0.29,9.3
ADM-0001241,LG-000343,Public Works Dept,Medium,34,6,5,21,1,0.27,7.2
ADM-0001242,LG-000343,Irrigation Department,Medium,23,12,11,13,8,0.34,8.6
ADM-0001243,LG-000344,Revenue Department,Medium,12,27,8,14,8,0.17,7.3
ADM-0001244,LG-000344,Land Records Cell,Medium,50,24,4,16,1,0.19,8.8
ADM-0001245,LG-000345,Revenue Department,High,20,10,9,96,29,0.77,4.2
ADM-0001246,LG-000345,Land Records Cell,High,37,10,8,80,18,0.5,4.4
ADM-0001247,LG-000345,Environmental Cell,High,18,19,10,111,20,0.56,2.8
ADM-0001248,LG-000345,Public Works Dept,High,47,9,15,93,34,0.46,4.8
ADM-0001249,LG-000346,Revenue Department,Medium,37,9,3,40,2,0.33,7.9
ADM-0001250,LG-000346,Land Records Cell,Medium,25,15,2,20,7,0.05,8.4
ADM-0001251,LG-000346,Environmental Cell,Medium,16,28,13,34,7,0.2,8.1
ADM-0001252,LG-000346,Public Works Dept,Medium,36,25,5,19,2,0.21,7.2
ADM-0001253,LG-000346,Irrigation Department,Medium,18,11,13,33,10,0.25,7.3
ADM-0001254,LG-000347,Revenue Department,High,50,18,4,64,16,0.45,2.3
ADM-0001255,LG-000347,Land Records Cell,High,20,10,8,98,24,0.56,3.0
ADM-0001256,LG-000347,Environmental Cell,High,44,11,9,71,33,0.8,3.4
ADM-0001257,LG-000347,Public Works Dept,High,49,21,9,75,19,0.79,3.2
ADM-0001258,LG-000347,Irrigation Department,High,49,30,15,75,29,0.44,4.3
ADM-0001259,LG-000348,Revenue Department,Medium,22,12,15,30,8,0.08,7.0
ADM-0001260,LG-000348,Land Records Cell,Medium,16,18,2,25,6,0.09,7.6
ADM-0001261,LG-000348,Environmental Cell,Medium,37,14,15,35,0,0.11,7.8
ADM-0001262,LG-000348,Public Works Dept,Medium,29,5,13,22,9,0.18,7.0
ADM-0001263,LG-000349,Revenue Department,Medium,16,9,9,17,3,0.14,7.7
ADM-0001264,LG-000349,Land Records Cell,Medium,33,17,13,16,5,0.12,9.1
ADM-0001265,LG-000349,Environmental Cell,Medium,43,14,15,25,6,0.1,7.8
ADM-0001266,LG-000349,Public Works Dept,Medium,19,21,10,14,10,0.24,8.7
ADM-0001267,LG-000350,Revenue Department,Medium,11,14,3,35,8,0.25,9.5
ADM-0001268,LG-000350,Land Records Cell,Medium,38,22,15,22,3,0.29,8.0
ADM-0001269,LG-000350,Environmental Cell,Medium,14,21,2,22,5,0.34,8.4
ADM-0001270,LG-000350,Public Works Dept,Medium,24,11,12,26,1,0.14,9.2
ADM-0001271,LG-000350,Irrigation Department,Medium,30,26,13,29,7,0.11,8.8
ADM-0001272,LG-000351,Revenue Department,Medium,22,17,15,19,3,0.29,9.0
ADM-0001273,LG-000351,Land Records Cell,Medium,11,25,9,11,1,0.24,8.5
ADM-0001274,LG-000351,Environmental Cell,Medium,47,16,2,30,5,0.31,9.2
ADM-0001275,LG-000351,Public Works Dept,Medium,36,30,8,12,0,0.32,6.9
ADM-0001276,LG-000351,Irrigation Department,Medium,37,16,2,19,10,0.24,8.5
ADM-0001277,LG-000352,Revenue Department,Medium,40,9,7,12,3,0.3,8.3
ADM-0001278,LG-000352,Land Records Cell,Medium,23,23,11,24,5,0.14,8.3
ADM-0001279,LG-000352,Environmental Cell,Medium,22,21,7,25,3,0.09,7.7
ADM-0001280,LG-000353,Revenue Department,High,19,26,5,62,25,0.44,2.7
ADM-0001281,LG-000353,Land Records Cell,High,11,24,2,84,36,0.57,4.1
ADM-0001282,LG-000353,Environmental Cell,High,17,9,11,96,36,0.51,4.6
ADM-0001283,LG-000354,Revenue Department,Medium,17,6,14,21,0,0.11,8.4
ADM-0001284,LG-000354,Land Records Cell,Medium,15,29,3,13,7,0.25,8.3
ADM-0001285,LG-000354,Environmental Cell,Medium,41,22,13,14,2,0.3,8.2
ADM-0001286,LG-000354,Public Works Dept,Medium,31,14,15,37,7,0.17,8.2
ADM-0001287,LG-000355,Revenue Department,High,31,27,2,104,30,0.76,3.0
ADM-0001288,LG-000355,Land Records Cell,High,30,11,4,77,19,0.84,3.8
ADM-0001289,LG-000356,Revenue Department,Medium,18,19,9,27,8,0.16,6.7
ADM-0001290,LG-000356,Land Records Cell,Medium,17,9,9,34,3,0.22,8.3
ADM-0001291,LG-000356,Environmental Cell,Medium,36,13,7,36,1,0.17,9.8
ADM-0001292,LG-000356,Public Works Dept,Medium,43,16,13,10,5,0.29,6.9
ADM-0001293,LG-000357,Revenue Department,Medium,28,20,14,29,10,0.25,8.4
ADM-0001294,LG-000357,Land Records Cell,Medium,27,29,15,37,5,0.16,7.2
ADM-0001295,LG-000357,Environmental Cell,Medium,47,16,4,30,7,0.18,8.8
ADM-0001296,LG-000357,Public Works Dept,Medium,45,5,15,11,5,0.17,7.4
ADM-0001297,LG-000357,Irrigation Department,Medium,27,27,14,32,3,0.21,9.5
ADM-0001298,LG-000358,Revenue Department,High,16,7,7,61,16,0.8,3.0
ADM-0001299,LG-000358,Land Records Cell,High,41,21,3,81,40,0.8,2.3
ADM-0001300,LG-000358,Environmental Cell,High,45,6,4,49,21,0.71,2.8
ADM-0001301,LG-000358,Public Works Dept,High,10,15,10,61,25,0.7,3.8
ADM-0001302,LG-000358,Irrigation Department,High,27,5,6,59,33,0.65,3.2
ADM-0001303,LG-000359,Revenue Department,Medium,36,29,7,38,6,0.15,7.9
ADM-0001304,LG-000359,Land Records Cell,Medium,35,12,5,11,8,0.05,9.6
ADM-0001305,LG-000359,Environmental Cell,Medium,26,11,9,16,1,0.31,8.0
ADM-0001306,LG-000359,Public Works Dept,Medium,49,21,9,20,1,0.27,8.8
ADM-0001307,LG-000360,Revenue Department,Medium,28,22,10,24,1,0.34,9.7
ADM-0001308,LG-000360,Land Records Cell,Medium,47,15,13,36,6,0.11,9.3
ADM-0001309,LG-000361,Revenue Department,Medium,28,25,13,18,8,0.13,8.9
ADM-0001310,LG-000361,Land Records Cell,Medium,48,5,11,16,10,0.28,8.7
ADM-0001311,LG-000361,Environmental Cell,Medium,34,17,4,11,5,0.19,8.8
ADM-0001312,LG-000361,Public Works Dept,Medium,27,10,9,27,7,0.32,9.0
ADM-0001313,LG-000361,Irrigation Department,Medium,14,10,9,38,8,0.07,6.9
ADM-0001314,LG-000362,Revenue Department,High,46,15,13,93,18,0.47,2.7
ADM-0001315,LG-000362,Land Records Cell,High,29,14,11,50,27,0.82,3.4
ADM-0001316,LG-000362,Environmental Cell,High,18,30,7,111,11,0.78,4.2
ADM-0001317,LG-000362,Public Works Dept,High,41,9,9,109,13,0.67,4.7
ADM-0001318,LG-000363,Revenue Department,High,50,13,15,94,36,0.51,2.3
ADM-0001319,LG-000363,Land Records Cell,High,25,30,3,70,20,0.64,3.8
ADM-0001320,LG-000363,Environmental Cell,High,28,27,13,88,34,0.71,3.2
ADM-0001321,LG-000363,Public Works Dept,High,50,10,15,93,26,0.44,4.1
ADM-0001322,LG-000363,Irrigation Department,High,11,14,3,77,20,0.71,3.4
ADM-0001323,LG-000364,Revenue Department,High,19,9,13,49,24,0.41,2.6
ADM-0001324,LG-000364,Land Records Cell,High,21,5,14,64,23,0.76,2.8
ADM-0001325,LG-000364,Environmental Cell,High,49,17,15,50,25,0.41,4.1
ADM-0001326,LG-000364,Public Works Dept,High,31,8,11,83,30,0.44,2.3
ADM-0001327,LG-000364,Irrigation Department,High,12,29,15,73,13,0.54,2.6
ADM-0001328,LG-000365,Revenue Department,High,17,14,6,96,20,0.52,3.8
ADM-0001329,LG-000365,Land Records Cell,High,43,27,15,95,28,0.42,3.2
ADM-0001330,LG-000365,Environmental Cell,High,20,10,9,65,11,0.54,4.9
ADM-0001331,LG-000366,Revenue Department,Medium,48,10,14,19,7,0.09,7.0
ADM-0001332,LG-000366,Land Records Cell,Medium,31,8,9,17,5,0.22,8.1
ADM-0001333,LG-000366,Environmental Cell,Medium,19,14,14,40,4,0.28,9.6
ADM-0001334,LG-000366,Public Works Dept,Medium,39,17,12,38,3,0.33,8.9
ADM-0001335,LG-000366,Irrigation Department,Medium,14,6,10,21,10,0.16,6.7
ADM-0001336,LG-000367,Revenue Department,High,47,8,12,52,39,0.66,2.1
ADM-0001337,LG-000367,Land Records Cell,High,30,11,11,47,19,0.42,4.7
ADM-0001338,LG-000367,Environmental Cell,High,28,13,3,115,13,0.75,3.4
ADM-0001339,LG-000367,Public Works Dept,High,46,12,7,52,27,0.75,4.1
ADM-0001340,LG-000368,Revenue Department,Medium,29,28,8,33,5,0.12,6.5
ADM-0001341,LG-000368,Land Records Cell,Medium,49,11,10,19,10,0.13,9.5
ADM-0001342,LG-000368,Environmental Cell,Medium,29,19,13,33,7,0.26,9.7
ADM-0001343,LG-000368,Public Works Dept,Medium,15,16,4,32,5,0.35,7.8
ADM-0001344,LG-000368,Irrigation Department,Medium,45,21,7,37,2,0.16,7.2
ADM-0001345,LG-000369,Revenue Department,High,31,11,14,81,20,0.62,3.2
ADM-0001346,LG-000369,Land Records Cell,High,24,14,15,112,15,0.69,3.3
ADM-0001347,LG-000369,Environmental Cell,High,43,24,5,78,38,0.64,3.9
ADM-0001348,LG-000369,Public Works Dept,High,22,11,5,96,14,0.82,4.8
ADM-0001349,LG-000370,Revenue Department,High,44,30,5,85,21,0.49,3.6
ADM-0001350,LG-000370,Land Records Cell,High,10,17,8,95,12,0.48,4.4
ADM-0001351,LG-000370,Environmental Cell,High,34,13,3,73,15,0.79,4.7
ADM-0001352,LG-000370,Public Works Dept,High,46,27,12,95,16,0.79,3.9
ADM-0001353,LG-000371,Revenue Department,High,37,15,13,113,15,0.64,2.3
ADM-0001354,LG-000371,Land Records Cell,High,24,16,11,60,30,0.58,2.6
ADM-0001355,LG-000372,Revenue Department,High,16,11,5,117,24,0.7,4.4
ADM-0001356,LG-000372,Land Records Cell,High,12,10,3,82,21,0.51,2.3
ADM-0001357,LG-000372,Environmental Cell,High,46,20,6,105,27,0.69,4.4
ADM-0001358,LG-000372,Public Works Dept,High,50,18,6,70,29,0.45,2.6
ADM-0001359,LG-000372,Irrigation Department,High,35,7,6,91,20,0.43,2.5
ADM-0001360,LG-000373,Revenue Department,High,21,13,5,116,31,0.82,2.3
ADM-0001361,LG-000373,Land Records Cell,High,16,13,3,45,11,0.67,3.0
ADM-0001362,LG-000374,Revenue Department,Medium,24,25,9,17,2,0.06,7.1
ADM-0001363,LG-000374,Land Records Cell,Medium,23,15,5,29,6,0.14,8.7
ADM-0001364,LG-000374,Environmental Cell,Medium,28,5,4,32,7,0.32,7.9
ADM-0001365,LG-000375,Revenue Department,High,28,16,4,113,35,0.6,3.8
ADM-0001366,LG-000375,Land Records Cell,High,50,8,6,111,26,0.43,4.1
ADM-0001367,LG-000375,Environmental Cell,High,23,14,14,57,21,0.62,3.8
ADM-0001368,LG-000375,Public Works Dept,High,49,9,11,55,15,0.59,2.8
ADM-0001369,LG-000376,Revenue Department,Medium,34,7,5,22,6,0.1,7.1
ADM-0001370,LG-000376,Land Records Cell,Medium,38,11,6,39,4,0.21,7.8
ADM-0001371,LG-000376,Environmental Cell,Medium,18,7,11,39,10,0.21,9.1
ADM-0001372,LG-000376,Public Works Dept,Medium,15,26,4,13,7,0.3,9.6
ADM-0001373,LG-000377,Revenue Department,High,22,28,4,55,34,0.83,2.1
ADM-0001374,LG-000377,Land Records Cell,High,42,5,10,45,24,0.5,3.2
ADM-0001375,LG-000377,Environmental Cell,High,30,8,3,71,16,0.47,4.7
ADM-0001376,LG-000377,Public Works Dept,High,26,24,9,92,11,0.45,2.9
ADM-0001377,LG-000377,Irrigation Department,High,43,10,14,56,33,0.63,2.1
ADM-0001378,LG-000378,Revenue Department,High,47,27,5,93,20,0.48,4.5
ADM-0001379,LG-000378,Land Records Cell,High,42,24,11,109,39,0.64,4.1
ADM-0001380,LG-000378,Environmental Cell,High,50,15,2,91,34,0.66,4.0
ADM-0001381,LG-000378,Public Works Dept,High,12,17,13,71,17,0.62,3.2
ADM-0001382,LG-000378,Irrigation Department,High,39,24,15,59,10,0.52,3.7
ADM-0001383,LG-000379,Revenue Department,Medium,10,16,9,19,7,0.3,9.0
ADM-0001384,LG-000379,Land Records Cell,Medium,38,18,9,11,3,0.08,6.6
ADM-0001385,LG-000379,Environmental Cell,Medium,31,8,3,12,10,0.1,8.9
ADM-0001386,LG-000379,Public Works Dept,Medium,37,29,3,16,8,0.17,8.0
ADM-0001387,LG-000379,Irrigation Department,Medium,47,12,12,27,10,0.27,9.2
ADM-0001388,LG-000380,Revenue Department,Medium,12,19,10,27,5,0.21,8.7
ADM-0001389,LG-000380,Land Records Cell,Medium,44,24,5,35,1,0.33,7.0
ADM-0001390,LG-000380,Environmental Cell,Medium,22,7,11,37,8,0.09,8.6
ADM-0001391,LG-000380,Public Works Dept,Medium,12,11,7,29,9,0.32,8.8
ADM-0001392,LG-000381,Revenue Department,Medium,15,15,12,34,3,0.34,8.9
ADM-0001393,LG-000381,Land Records Cell,Medium,49,17,3,16,3,0.08,9.6
ADM-0001394,LG-000381,Environmental Cell,Medium,31,11,5,29,7,0.24,8.4
ADM-0001395,LG-000381,Public Works Dept,Medium,13,9,13,38,2,0.29,7.2
ADM-0001396,LG-000381,Irrigation Department,Medium,22,30,6,27,4,0.24,6.6
ADM-0001397,LG-000382,Revenue Department,Medium,41,12,6,16,3,0.1,8.7
ADM-0001398,LG-000382,Land Records Cell,Medium,19,9,4,11,3,0.23,8.7
ADM-0001399,LG-000383,Revenue Department,Medium,24,26,2,40,0,0.12,8.8
ADM-0001400,LG-000383,Land Records Cell,Medium,16,24,3,10,2,0.18,8.6
ADM-0001401,LG-000383,Environmental Cell,Medium,33,14,4,12,4,0.16,9.2
ADM-0001402,LG-000384,Revenue Department,High,38,27,3,113,15,0.5,2.5
ADM-0001403,LG-000384,Land Records Cell,High,23,22,10,61,30,0.61,4.6
ADM-0001404,LG-000385,Revenue Department,High,46,6,4,69,34,0.85,3.4
ADM-0001405,LG-000385,Land Records Cell,High,32,5,14,78,32,0.67,4.5
ADM-0001406,LG-000386,Revenue Department,Medium,39,12,12,28,3,0.07,8.2
ADM-0001407,LG-000386,Land Records Cell,Medium,22,18,7,38,1,0.27,9.3
ADM-0001408,LG-000387,Revenue Department,Medium,44,10,3,12,2,0.18,8.5
ADM-0001409,LG-000387,Land Records Cell,Medium,46,13,3,38,4,0.16,7.0
ADM-0001410,LG-000388,Revenue Department,Medium,25,24,2,31,2,0.23,7.8
ADM-0001411,LG-000388,Land Records Cell,Medium,33,26,3,19,6,0.11,6.9
ADM-0001412,LG-000388,Environmental Cell,Medium,48,12,8,36,2,0.08,7.9
ADM-0001413,LG-000389,Revenue Department,Medium,10,12,11,22,10,0.3,9.7
ADM-0001414,LG-000389,Land Records Cell,Medium,24,9,8,23,2,0.06,7.0
ADM-0001415,LG-000389,Environmental Cell,Medium,34,9,4,40,9,0.32,7.8
ADM-0001416,LG-000389,Public Works Dept,Medium,15,15,5,37,10,0.23,7.0
ADM-0001417,LG-000389,Irrigation Department,Medium,13,18,12,12,5,0.22,9.0
ADM-0001418,LG-000390,Revenue Department,High,10,12,14,71,21,0.6,4.8
ADM-0001419,LG-000390,Land Records Cell,High,26,22,5,101,34,0.84,3.9
ADM-0001420,LG-000390,Environmental Cell,High,33,10,5,69,23,0.67,3.8
ADM-0001421,LG-000390,Public Works Dept,High,15,19,15,81,21,0.4,2.7
ADM-0001422,LG-000390,Irrigation Department,High,24,15,9,55,25,0.83,2.4
ADM-0001423,LG-000391,Revenue Department,Medium,33,15,11,21,10,0.07,6.8
ADM-0001424,LG-000391,Land Records Cell,Medium,20,21,8,36,10,0.22,9.2
ADM-0001425,LG-000391,Environmental Cell,Medium,12,10,7,19,2,0.06,7.2
ADM-0001426,LG-000391,Public Works Dept,Medium,31,5,9,26,0,0.08,7.6
ADM-0001427,LG-000391,Irrigation Department,Medium,15,17,13,34,4,0.25,6.9
ADM-0001428,LG-000392,Revenue Department,High,22,6,6,112,14,0.43,2.0
ADM-0001429,LG-000392,Land Records Cell,High,24,17,15,112,30,0.83,3.8
ADM-0001430,LG-000393,Revenue Department,Medium,41,17,12,16,0,0.23,7.9
ADM-0001431,LG-000393,Land Records Cell,Medium,12,6,6,34,0,0.08,7.9
ADM-0001432,LG-000393,Environmental Cell,Medium,32,21,3,35,7,0.24,8.5
ADM-0001433,LG-000394,Revenue Department,Medium,50,28,9,18,9,0.1,6.9
ADM-0001434,LG-000394,Land Records Cell,Medium,10,25,10,18,4,0.31,7.8
ADM-0001435,LG-000394,Environmental Cell,Medium,37,13,7,36,7,0.32,9.7
ADM-0001436,LG-000394,Public Works Dept,Medium,34,18,9,15,9,0.07,7.6
ADM-0001437,LG-000395,Revenue Department,High,16,5,10,79,30,0.74,4.3
ADM-0001438,LG-000395,Land Records Cell,High,20,12,13,59,35,0.78,4.0
ADM-0001439,LG-000395,Environmental Cell,High,13,7,6,112,24,0.74,3.1
ADM-0001440,LG-000395,Public Works Dept,High,28,17,4,92,40,0.68,4.9
ADM-0001441,LG-000395,Irrigation Department,High,27,5,3,85,13,0.62,2.4
ADM-0001442,LG-000396,Revenue Department,High,47,13,15,57,36,0.8,4.7
ADM-0001443,LG-000396,Land Records Cell,High,26,15,7,72,28,0.49,2.8
ADM-0001444,LG-000396,Environmental Cell,High,42,23,3,81,17,0.5,3.4
ADM-0001445,LG-000396,Public Works Dept,High,14,16,12,102,14,0.64,2.5
ADM-0001446,LG-000396,Irrigation Department,High,36,13,9,111,24,0.54,3.6
ADM-0001447,LG-000397,Revenue Department,Medium,50,24,5,28,6,0.25,9.0
ADM-0001448,LG-000397,Land Records Cell,Medium,26,13,13,22,1,0.16,9.8
ADM-0001449,LG-000397,Environmental Cell,Medium,34,11,9,33,0,0.1,8.1
ADM-0001450,LG-000398,Revenue Department,Medium,17,13,4,13,0,0.16,7.2
ADM-0001451,LG-000398,Land Records Cell,Medium,49,6,5,29,1,0.15,8.5
ADM-0001452,LG-000398,Environmental Cell,Medium,49,17,15,11,10,0.12,8.3
ADM-0001453,LG-000399,Revenue Department,Medium,38,24,14,36,4,0.13,8.0
ADM-0001454,LG-000399,Land Records Cell,Medium,33,27,11,23,1,0.14,8.1
ADM-0001455,LG-000400,Revenue Department,Medium,41,19,2,19,8,0.25,9.5
ADM-0001456,LG-000400,Land Records Cell,Medium,16,16,12,23,3,0.09,8.9
ADM-0001457,LG-000400,Environmental Cell,Medium,38,12,12,29,1,0.1,9.3
ADM-0001458,LG-000400,Public Works Dept,Medium,37,9,8,30,9,0.06,9.4
ADM-0001459,LG-000401,Revenue Department,High,33,17,4,64,38,0.85,3.3
ADM-0001460,LG-000401,Land Records Cell,High,25,14,4,55,18,0.47,3.2
ADM-0001461,LG-000401,Environmental Cell,High,41,14,13,112,31,0.6,4.6
ADM-0001462,LG-000401,Public Works Dept,High,14,26,2,85,25,0.6,2.1
ADM-0001463,LG-000401,Irrigation Department,High,42,25,7,115,15,0.52,2.7
ADM-0001464,LG-000402,Revenue Department,High,27,18,6,46,22,0.5,5.0
ADM-0001465,LG-000402,Land Records Cell,High,43,25,12,51,30,0.51,2.2
ADM-0001466,LG-000402,Environmental Cell,High,12,28,4,91,12,0.44,2.0
ADM-0001467,LG-000403,Revenue Department,Medium,15,15,4,10,3,0.2,7.0
ADM-0001468,LG-000403,Land Records Cell,Medium,20,18,7,24,1,0.33,9.5
ADM-0001469,LG-000403,Environmental Cell,Medium,14,11,2,18,4,0.32,7.4
ADM-0001470,LG-000403,Public Works Dept,Medium,45,25,9,39,4,0.17,7.9
ADM-0001471,LG-000404,Revenue Department,High,48,16,4,54,21,0.58,2.1
ADM-0001472,LG-000404,Land Records Cell,High,32,17,11,113,25,0.5,4.0
ADM-0001473,LG-000404,Environmental Cell,High,36,23,2,117,37,0.42,2.9
ADM-0001474,LG-000404,Public Works Dept,High,49,25,9,91,19,0.63,2.3
ADM-0001475,LG-000404,Irrigation Department,High,47,23,6,107,20,0.76,4.7
ADM-0001476,LG-000405,Revenue Department,High,24,19,14,87,23,0.77,3.3
ADM-0001477,LG-000405,Land Records Cell,High,45,29,3,84,39,0.71,4.1
ADM-0001478,LG-000405,Environmental Cell,High,39,25,7,77,34,0.61,2.0
ADM-0001479,LG-000405,Public Works Dept,High,17,27,6,51,21,0.69,2.4
ADM-0001480,LG-000405,Irrigation Department,High,31,13,5,64,22,0.5,4.5
ADM-0001481,LG-000406,Revenue Department,Medium,43,24,3,33,10,0.3,8.6
ADM-0001482,LG-000406,Land Records Cell,Medium,19,17,3,36,1,0.19,8.7
ADM-0001483,LG-000406,Environmental Cell,Medium,18,10,13,16,3,0.27,7.9
ADM-0001484,LG-000407,Revenue Department,Medium,41,17,7,28,2,0.23,7.8
ADM-0001485,LG-000407,Land Records Cell,Medium,41,8,6,33,9,0.27,7.1
ADM-0001486,LG-000407,Environmental Cell,Medium,38,18,10,40,4,0.15,7.4
ADM-0001487,LG-000407,Public Works Dept,Medium,46,13,3,14,5,0.08,8.0
ADM-0001488,LG-000407,Irrigation Department,Medium,10,20,12,12,7,0.22,8.9
ADM-0001489,LG-000408,Revenue Department,Medium,23,6,12,17,2,0.2,7.3
ADM-0001490,LG-000408,Land Records Cell,Medium,39,22,13,19,10,0.07,9.4
ADM-0001491,LG-000408,Environmental Cell,Medium,44,30,4,22,0,0.14,8.2
ADM-0001492,LG-000408,Public Works Dept,Medium,46,27,3,31,3,0.08,6.7
ADM-0001493,LG-000408,Irrigation Department,Medium,43,22,15,38,9,0.23,7.6
ADM-0001494,LG-000409,Revenue Department,Medium,25,10,10,23,4,0.18,8.6
ADM-0001495,LG-000409,Land Records Cell,Medium,34,10,14,28,10,0.18,6.7
ADM-0001496,LG-000409,Environmental Cell,Medium,21,21,6,10,5,0.28,7.6
ADM-0001497,LG-000409,Public Works Dept,Medium,19,12,4,33,7,0.1,8.5
ADM-0001498,LG-000409,Irrigation Department,Medium,10,10,9,27,6,0.13,6.9
ADM-0001499,LG-000410,Revenue Department,Medium,46,23,10,27,5,0.19,8.4
ADM-0001500,LG-000410,Land Records Cell,Medium,23,22,12,35,3,0.13,7.3
ADM-0001501,LG-000410,Environmental Cell,Medium,17,12,11,13,4,0.06,9.8
ADM-0001502,LG-000410,Public Works Dept,Medium,27,16,8,27,1,0.1,9.1
ADM-0001503,LG-000410,Irrigation Department,Medium,49,25,6,11,1,0.28,8.5
ADM-0001504,LG-000411,Revenue Department,Medium,18,8,8,35,0,0.33,9.1
ADM-0001505,LG-000411,Land Records Cell,Medium,46,6,13,32,0,0.07,8.9
ADM-0001506,LG-000411,Environmental Cell,Medium,39,20,5,32,0,0.21,6.7
ADM-0001507,LG-000412,Revenue Department,Medium,38,14,3,11,3,0.05,8.9
ADM-0001508,LG-000412,Land Records Cell,Medium,16,26,5,20,9,0.23,9.1
ADM-0001509,LG-000412,Environmental Cell,Medium,19,19,12,12,5,0.23,8.1
ADM-0001510,LG-000413,Revenue Department,High,17,26,4,76,13,0.83,3.0
ADM-0001511,LG-000413,Land Records Cell,High,16,7,11,73,17,0.53,3.6
ADM-0001512,LG-000413,Environmental Cell,High,35,12,14,102,11,0.81,2.1
ADM-0001513,LG-000413,Public Works Dept,High,26,27,8,79,34,0.76,4.5
ADM-0001514,LG-000414,Revenue Department,Medium,18,23,10,12,4,0.34,6.8
ADM-0001515,LG-000414,Land Records Cell,Medium,30,23,8,35,2,0.15,8.7
ADM-0001516,LG-000414,Environmental Cell,Medium,47,5,10,30,7,0.22,6.7
ADM-0001517,LG-000414,Public Works Dept,Medium,42,21,6,27,0,0.31,7.3
ADM-0001518,LG-000414,Irrigation Department,Medium,42,5,11,28,1,0.09,9.7
ADM-0001519,LG-000415,Revenue Department,Medium,31,11,9,20,7,0.11,9.2
ADM-0001520,LG-000415,Land Records Cell,Medium,26,9,8,22,1,0.06,8.5
ADM-0001521,LG-000415,Environmental Cell,Medium,33,22,14,17,10,0.12,7.7
ADM-0001522,LG-000415,Public Works Dept,Medium,25,23,10,12,10,0.26,9.5
ADM-0001523,LG-000416,Revenue Department,Medium,19,15,2,26,7,0.18,8.5
ADM-0001524,LG-000416,Land Records Cell,Medium,16,24,13,37,1,0.06,9.2
ADM-0001525,LG-000416,Environmental Cell,Medium,42,23,4,27,0,0.2,9.6
ADM-0001526,LG-000416,Public Works Dept,Medium,27,8,11,24,1,0.06,9.6
ADM-0001527,LG-000417,Revenue Department,Medium,32,14,8,31,2,0.22,8.5
ADM-0001528,LG-000417,Land Records Cell,Medium,23,14,9,15,1,0.3,7.6
ADM-0001529,LG-000417,Environmental Cell,Medium,11,21,6,14,1,0.13,6.7
ADM-0001530,LG-000417,Public Works Dept,Medium,13,29,2,29,7,0.27,7.2
ADM-0001531,LG-000417,Irrigation Department,Medium,21,5,2,11,6,0.11,7.2
ADM-0001532,LG-000418,Revenue Department,Medium,11,17,7,37,0,0.23,7.3
ADM-0001533,LG-000418,Land Records Cell,Medium,11,17,15,33,0,0.13,7.8
ADM-0001534,LG-000418,Environmental Cell,Medium,22,16,9,15,3,0.28,8.0
ADM-0001535,LG-000418,Public Works Dept,Medium,35,14,8,39,9,0.3,6.5
ADM-0001536,LG-000419,Revenue Department,Medium,14,26,10,10,1,0.23,7.4
ADM-0001537,LG-000419,Land Records Cell,Medium,45,24,14,24,8,0.1,9.6
ADM-0001538,LG-000419,Environmental Cell,Medium,45,8,13,21,2,0.09,8.8
ADM-0001539,LG-000420,Revenue Department,High,35,30,12,61,26,0.75,4.3
ADM-0001540,LG-000420,Land Records Cell,High,38,16,2,112,36,0.77,4.6
ADM-0001541,LG-000421,Revenue Department,Medium,30,25,11,40,6,0.23,7.2
ADM-0001542,LG-000421,Land Records Cell,Medium,39,7,5,33,9,0.29,8.1
ADM-0001543,LG-000422,Revenue Department,Medium,25,21,11,39,10,0.17,8.9
ADM-0001544,LG-000422,Land Records Cell,Medium,26,29,15,27,1,0.31,7.4
ADM-0001545,LG-000422,Environmental Cell,Medium,15,17,14,25,6,0.14,9.6
ADM-0001546,LG-000422,Public Works Dept,Medium,38,22,8,18,0,0.23,8.1
ADM-0001547,LG-000423,Revenue Department,Medium,17,22,7,22,2,0.29,6.8
ADM-0001548,LG-000423,Land Records Cell,Medium,36,8,3,19,10,0.15,9.0
ADM-0001549,LG-000423,Environmental Cell,Medium,34,29,9,14,6,0.26,7.9
ADM-0001550,LG-000423,Public Works Dept,Medium,49,17,3,23,3,0.14,7.1
ADM-0001551,LG-000423,Irrigation Department,Medium,24,9,5,12,4,0.1,7.1
ADM-0001552,LG-000424,Revenue Department,Medium,22,10,14,10,8,0.21,7.4
ADM-0001553,LG-000424,Land Records Cell,Medium,33,20,11,37,4,0.2,7.8
ADM-0001554,LG-000424,Environmental Cell,Medium,10,16,2,10,6,0.22,7.8
ADM-0001555,LG-000424,Public Works Dept,Medium,21,19,5,25,5,0.25,6.9
ADM-0001556,LG-000425,Revenue Department,Medium,24,13,14,23,1,0.24,8.4
ADM-0001557,LG-000425,Land Records Cell,Medium,12,6,7,18,0,0.1,7.0
ADM-0001558,LG-000425,Environmental Cell,Medium,11,14,7,24,9,0.13,8.7
ADM-0001559,LG-000425,Public Works Dept,Medium,50,21,14,12,6,0.33,7.8
ADM-0001560,LG-000426,Revenue Department,Medium,20,20,13,31,3,0.19,7.8
ADM-0001561,LG-000426,Land Records Cell,Medium,33,14,2,20,10,0.13,7.5
ADM-0001562,LG-000426,Environmental Cell,Medium,26,16,7,16,7,0.11,7.2
ADM-0001563,LG-000426,Public Works Dept,Medium,50,9,4,40,8,0.23,6.8
ADM-0001564,LG-000426,Irrigation Department,Medium,20,24,10,33,7,0.27,9.3
ADM-0001565,LG-000427,Revenue Department,High,28,13,2,83,29,0.74,2.6
ADM-0001566,LG-000427,Land Records Cell,High,17,27,10,96,28,0.73,3.3
ADM-0001567,LG-000427,Environmental Cell,High,36,20,8,76,19,0.52,2.5
ADM-0001568,LG-000428,Revenue Department,High,25,26,14,47,37,0.85,3.5
ADM-0001569,LG-000428,Land Records Cell,High,44,23,6,45,20,0.6,3.5
ADM-0001570,LG-000428,Environmental Cell,High,26,30,15,106,24,0.77,4.3
ADM-0001571,LG-000428,Public Works Dept,High,36,7,7,53,17,0.83,4.3
ADM-0001572,LG-000429,Revenue Department,High,43,20,12,99,37,0.83,4.7
ADM-0001573,LG-000429,Land Records Cell,High,46,27,8,80,25,0.58,3.7
ADM-0001574,LG-000429,Environmental Cell,High,35,9,8,83,12,0.77,2.9
ADM-0001575,LG-000429,Public Works Dept,High,14,10,6,100,24,0.57,3.0
ADM-0001576,LG-000430,Revenue Department,High,29,28,12,57,15,0.55,3.4
ADM-0001577,LG-000430,Land Records Cell,High,17,8,11,119,35,0.49,4.1
ADM-0001578,LG-000430,Environmental Cell,High,44,26,8,78,30,0.43,4.2
ADM-0001579,LG-000430,Public Works Dept,High,31,23,9,105,36,0.42,3.3
ADM-0001580,LG-000431,Revenue Department,Medium,40,14,6,18,6,0.3,7.9
ADM-0001581,LG-000431,Land Records Cell,Medium,50,23,15,15,4,0.27,7.6
ADM-0001582,LG-000432,Revenue Department,Medium,42,29,6,12,3,0.14,8.4
ADM-0001583,LG-000432,Land Records Cell,Medium,36,13,12,12,4,0.16,7.5
ADM-0001584,LG-000432,Environmental Cell,Medium,16,8,10,12,10,0.3,7.8
ADM-0001585,LG-000432,Public Works Dept,Medium,45,17,15,13,5,0.25,7.5
ADM-0001586,LG-000433,Revenue Department,High,19,13,6,45,37,0.8,2.7
ADM-0001587,LG-000433,Land Records Cell,High,39,12,10,57,25,0.69,2.7
ADM-0001588,LG-000433,Environmental Cell,High,21,19,12,51,19,0.53,2.4
ADM-0001589,LG-000433,Public Works Dept,High,16,5,13,55,18,0.68,3.7
ADM-0001590,LG-000433,Irrigation Department,High,11,22,11,47,32,0.71,3.2
ADM-0001591,LG-000434,Revenue Department,Medium,49,22,14,14,8,0.26,9.1
ADM-0001592,LG-000434,Land Records Cell,Medium,20,15,8,14,6,0.09,8.9
ADM-0001593,LG-000434,Environmental Cell,Medium,38,17,4,40,9,0.25,9.2
ADM-0001594,LG-000435,Revenue Department,Medium,31,10,6,37,1,0.11,8.6
ADM-0001595,LG-000435,Land Records Cell,Medium,15,28,7,28,8,0.29,7.7
ADM-0001596,LG-000435,Environmental Cell,Medium,38,13,8,29,1,0.22,9.6
ADM-0001597,LG-000436,Revenue Department,Medium,14,24,7,16,1,0.24,8.7
ADM-0001598,LG-000436,Land Records Cell,Medium,16,27,2,23,8,0.14,9.6
ADM-0001599,LG-000436,Environmental Cell,Medium,37,15,10,12,10,0.31,6.9
ADM-0001600,LG-000437,Revenue Department,Medium,11,17,11,36,2,0.31,8.1
ADM-0001601,LG-000437,Land Records Cell,Medium,25,13,10,13,3,0.27,8.9
ADM-0001602,LG-000437,Environmental Cell,Medium,28,21,14,20,4,0.27,7.7
ADM-0001603,LG-000438,Revenue Department,Medium,36,9,11,18,8,0.1,9.5
ADM-0001604,LG-000438,Land Records Cell,Medium,19,14,14,38,3,0.06,9.7
ADM-0001605,LG-000439,Revenue Department,Medium,17,7,10,34,4,0.07,6.6
ADM-0001606,LG-000439,Land Records Cell,Medium,38,15,6,13,10,0.31,9.8
ADM-0001607,LG-000439,Environmental Cell,Medium,23,6,10,20,5,0.24,8.3
ADM-0001608,LG-000439,Public Works Dept,Medium,37,25,7,15,8,0.17,6.8
ADM-0001609,LG-000439,Irrigation Department,Medium,45,14,15,13,9,0.14,6.7
ADM-0001610,LG-000440,Revenue Department,Medium,43,7,15,14,4,0.12,9.0
ADM-0001611,LG-000440,Land Records Cell,Medium,18,19,7,33,5,0.25,7.7
ADM-0001612,LG-000440,Environmental Cell,Medium,38,27,13,35,9,0.12,8.0
ADM-0001613,LG-000440,Public Works Dept,Medium,40,6,15,22,10,0.17,6.8
ADM-0001614,LG-000441,Revenue Department,Medium,25,21,6,31,7,0.33,9.5
ADM-0001615,LG-000441,Land Records Cell,Medium,49,24,12,28,0,0.07,8.7
ADM-0001616,LG-000441,Environmental Cell,Medium,26,19,11,17,2,0.13,9.3
ADM-0001617,LG-000442,Revenue Department,High,23,15,2,61,17,0.6,3.5
ADM-0001618,LG-000442,Land Records Cell,High,50,30,15,115,15,0.44,2.9
ADM-0001619,LG-000442,Environmental Cell,High,23,11,14,57,18,0.56,2.5
ADM-0001620,LG-000442,Public Works Dept,High,15,16,10,50,27,0.44,3.6
ADM-0001621,LG-000442,Irrigation Department,High,23,10,2,63,40,0.66,3.1
ADM-0001622,LG-000443,Revenue Department,High,32,10,11,114,28,0.59,3.2
ADM-0001623,LG-000443,Land Records Cell,High,50,21,13,91,32,0.8,2.2
ADM-0001624,LG-000443,Environmental Cell,High,43,30,10,101,10,0.49,2.6
ADM-0001625,LG-000443,Public Works Dept,High,41,11,8,70,23,0.54,4.1
ADM-0001626,LG-000443,Irrigation Department,High,32,24,6,99,29,0.83,3.3
ADM-0001627,LG-000444,Revenue Department,Medium,39,12,12,14,6,0.11,9.4
ADM-0001628,LG-000444,Land Records Cell,Medium,41,12,6,17,0,0.28,7.1
ADM-0001629,LG-000444,Environmental Cell,Medium,31,14,6,39,4,0.35,8.1
ADM-0001630,LG-000445,Revenue Department,High,41,12,11,91,17,0.65,2.8
ADM-0001631,LG-000445,Land Records Cell,High,34,13,6,53,34,0.43,4.3
ADM-0001632,LG-000445,Environmental Cell,High,22,24,13,101,16,0.6,2.2
ADM-0001633,LG-000445,Public Works Dept,High,16,26,9,92,21,0.61,4.2
ADM-0001634,LG-000445,Irrigation Department,High,18,7,9,73,30,0.42,3.6
ADM-0001635,LG-000446,Revenue Department,High,17,29,7,119,24,0.63,2.7
ADM-0001636,LG-000446,Land Records Cell,High,32,15,7,45,27,0.58,3.3
ADM-0001637,LG-000446,Environmental Cell,High,35,19,11,94,29,0.73,2.9
ADM-0001638,LG-000447,Revenue Department,High,10,29,15,55,30,0.46,4.2
ADM-0001639,LG-000447,Land Records Cell,High,45,25,2,96,13,0.51,3.2
ADM-0001640,LG-000447,Environmental Cell,High,50,16,12,90,11,0.62,4.6
ADM-0001641,LG-000447,Public Works Dept,High,36,28,14,51,36,0.53,2.7
ADM-0001642,LG-000447,Irrigation Department,High,19,15,5,67,26,0.49,3.1
ADM-0001643,LG-000448,Revenue Department,Medium,45,13,5,38,5,0.05,9.7
ADM-0001644,LG-000448,Land Records Cell,Medium,48,8,4,34,6,0.33,6.8
ADM-0001645,LG-000448,Environmental Cell,Medium,14,26,3,10,8,0.34,9.4
ADM-0001646,LG-000448,Public Works Dept,Medium,43,5,14,31,6,0.19,7.2
ADM-0001647,LG-000449,Revenue Department,High,17,16,5,90,33,0.56,3.9
ADM-0001648,LG-000449,Land Records Cell,High,17,11,14,99,34,0.77,4.9
ADM-0001649,LG-000449,Environmental Cell,High,30,26,10,54,33,0.53,4.1
ADM-0001650,LG-000449,Public Works Dept,High,15,22,7,68,18,0.76,3.6
ADM-0001651,LG-000449,Irrigation Department,High,43,28,4,98,29,0.46,4.3
ADM-0001652,LG-000450,Revenue Department,High,16,14,7,83,25,0.51,2.6
ADM-0001653,LG-000450,Land Records Cell,High,46,22,12,98,15,0.8,2.5
ADM-0001654,LG-000451,Revenue Department,High,25,18,6,62,33,0.41,3.4
ADM-0001655,LG-000451,Land Records Cell,High,37,12,10,86,23,0.59,3.4
ADM-0001656,LG-000451,Environmental Cell,High,42,13,13,109,16,0.59,2.0
ADM-0001657,LG-000451,Public Works Dept,High,12,5,7,120,12,0.79,3.2
ADM-0001658,LG-000452,Revenue Department,High,50,11,14,91,32,0.76,2.2
ADM-0001659,LG-000452,Land Records Cell,High,28,26,8,62,17,0.49,3.3
ADM-0001660,LG-000452,Environmental Cell,High,20,9,2,108,37,0.57,4.6
ADM-0001661,LG-000452,Public Works Dept,High,42,14,5,105,20,0.68,3.3
ADM-0001662,LG-000452,Irrigation Department,High,19,26,10,112,26,0.59,4.1
ADM-0001663,LG-000453,Revenue Department,Medium,19,6,9,13,7,0.13,7.6
ADM-0001664,LG-000453,Land Records Cell,Medium,25,27,9,26,8,0.11,9.8
ADM-0001665,LG-000453,Environmental Cell,Medium,27,17,5,21,4,0.35,8.9
ADM-0001666,LG-000453,Public Works Dept,Medium,41,24,12,40,0,0.23,7.3
ADM-0001667,LG-000453,Irrigation Department,Medium,23,25,15,12,9,0.05,7.4
ADM-0001668,LG-000454,Revenue Department,Medium,28,22,6,34,4,0.13,9.5
ADM-0001669,LG-000454,Land Records Cell,Medium,47,12,3,27,9,0.33,7.8
ADM-0001670,LG-000455,Revenue Department,Medium,24,28,4,19,5,0.1,8.5
ADM-0001671,LG-000455,Land Records Cell,Medium,43,24,4,33,1,0.29,9.5
ADM-0001672,LG-000456,Revenue Department,Medium,40,27,8,27,2,0.17,8.3
ADM-0001673,LG-000456,Land Records Cell,Medium,32,25,15,32,10,0.15,7.1
ADM-0001674,LG-000456,Environmental Cell,Medium,50,24,4,26,6,0.07,8.1
ADM-0001675,LG-000456,Public Works Dept,Medium,14,12,6,17,6,0.11,8.2
ADM-0001676,LG-000456,Irrigation Department,Medium,35,13,11,16,1,0.17,7.2
ADM-0001677,LG-000457,Revenue Department,High,45,20,14,50,18,0.62,3.4
ADM-0001678,LG-000457,Land Records Cell,High,18,14,12,114,36,0.49,4.7
ADM-0001679,LG-000457,Environmental Cell,High,28,16,4,55,12,0.66,2.6
ADM-0001680,LG-000457,Public Works Dept,High,40,26,10,45,17,0.43,2.1
ADM-0001681,LG-000458,Revenue Department,High,50,23,8,114,31,0.51,4.0
ADM-0001682,LG-000458,Land Records Cell,High,39,28,10,102,21,0.73,4.5
ADM-0001683,LG-000459,Revenue Department,High,47,16,2,97,23,0.74,3.6
ADM-0001684,LG-000459,Land Records Cell,High,11,18,8,93,29,0.63,2.3
ADM-0001685,LG-000459,Environmental Cell,High,47,22,2,114,27,0.54,2.3
ADM-0001686,LG-000460,Revenue Department,Medium,49,23,2,32,3,0.26,9.4
ADM-0001687,LG-000460,Land Records Cell,Medium,39,23,3,28,9,0.14,7.3
ADM-0001688,LG-000460,Environmental Cell,Medium,31,17,2,31,8,0.17,7.7
ADM-0001689,LG-000460,Public Works Dept,Medium,37,10,3,10,8,0.26,8.0
ADM-0001690,LG-000460,Irrigation Department,Medium,32,29,8,12,7,0.06,8.0
ADM-0001691,LG-000461,Revenue Department,Medium,13,14,9,40,6,0.25,7.4
ADM-0001692,LG-000461,Land Records Cell,Medium,21,10,2,15,7,0.15,7.2
ADM-0001693,LG-000462,Revenue Department,Medium,14,25,13,21,4,0.22,6.7
ADM-0001694,LG-000462,Land Records Cell,Medium,23,15,8,36,2,0.22,8.8
ADM-0001695,LG-000462,Environmental Cell,Medium,42,7,12,12,4,0.35,7.6
ADM-0001696,LG-000462,Public Works Dept,Medium,33,11,14,14,4,0.13,9.3
ADM-0001697,LG-000462,Irrigation Department,Medium,50,14,9,38,10,0.27,9.3
ADM-0001698,LG-000463,Revenue Department,High,44,15,9,101,26,0.48,3.5
ADM-0001699,LG-000463,Land Records Cell,High,41,9,3,65,28,0.56,4.5
ADM-0001700,LG-000464,Revenue Department,Medium,45,7,2,11,1,0.32,8.4
ADM-0001701,LG-000464,Land Records Cell,Medium,44,8,7,34,10,0.2,7.1
ADM-0001702,LG-000464,Environmental Cell,Medium,47,21,2,40,4,0.09,8.9
ADM-0001703,LG-000464,Public Works Dept,Medium,29,16,8,15,10,0.29,8.9
ADM-0001704,LG-000465,Revenue Department,High,32,10,3,100,23,0.45,4.9
ADM-0001705,LG-000465,Land Records Cell,High,21,11,4,97,27,0.73,3.5
ADM-0001706,LG-000465,Environmental Cell,High,35,26,4,64,11,0.59,2.9
ADM-0001707,LG-000465,Public Works Dept,High,23,7,8,83,39,0.48,2.1
ADM-0001708,LG-000466,Revenue Department,Medium,44,14,11,15,5,0.08,8.3
ADM-0001709,LG-000466,Land Records Cell,Medium,49,22,2,36,6,0.3,7.0
ADM-0001710,LG-000467,Revenue Department,Medium,27,25,9,36,10,0.12,7.3
ADM-0001711,LG-000467,Land Records Cell,Medium,39,18,9,18,7,0.18,9.4
ADM-0001712,LG-000468,Revenue Department,High,28,13,7,96,40,0.57,3.6
ADM-0001713,LG-000468,Land Records Cell,High,20,5,8,46,28,0.71,4.6
ADM-0001714,LG-000468,Environmental Cell,High,41,14,15,110,22,0.73,3.8
ADM-0001715,LG-000469,Revenue Department,High,28,27,2,60,34,0.73,3.4
ADM-0001716,LG-000469,Land Records Cell,High,20,5,14,89,19,0.83,2.2
ADM-0001717,LG-000469,Environmental Cell,High,22,18,3,79,25,0.61,3.0
ADM-0001718,LG-000469,Public Works Dept,High,30,19,3,85,17,0.67,3.0
ADM-0001719,LG-000470,Revenue Department,Medium,23,20,13,35,3,0.13,9.4
ADM-0001720,LG-000470,Land Records Cell,Medium,45,7,8,14,5,0.06,8.7
ADM-0001721,LG-000471,Revenue Department,Medium,19,20,2,23,1,0.26,8.9
ADM-0001722,LG-000471,Land Records Cell,Medium,18,10,12,11,4,0.05,8.0
ADM-0001723,LG-000471,Environmental Cell,Medium,44,14,10,22,1,0.15,8.5
ADM-0001724,LG-000471,Public Works Dept,Medium,22,19,2,23,6,0.11,8.5
ADM-0001725,LG-000471,Irrigation Department,Medium,43,29,9,13,0,0.31,7.1
ADM-0001726,LG-000472,Revenue Department,Medium,36,28,13,13,7,0.25,8.1
ADM-0001727,LG-000472,Land Records Cell,Medium,34,15,5,39,3,0.21,8.4
ADM-0001728,LG-000473,Revenue Department,Medium,19,10,9,11,8,0.13,9.1
ADM-0001729,LG-000473,Land Records Cell,Medium,30,10,8,10,4,0.26,7.1
ADM-0001730,LG-000473,Environmental Cell,Medium,10,18,12,13,8,0.08,7.3
ADM-0001731,LG-000473,Public Works Dept,Medium,48,11,13,39,6,0.31,7.2
ADM-0001732,LG-000473,Irrigation Department,Medium,19,16,15,27,8,0.17,7.2
ADM-0001733,LG-000474,Revenue Department,Medium,37,23,13,21,8,0.32,7.4
ADM-0001734,LG-000474,Land Records Cell,Medium,21,14,14,23,2,0.06,8.1
ADM-0001735,LG-000474,Environmental Cell,Medium,18,26,9,39,5,0.32,8.2
ADM-0001736,LG-000474,Public Works Dept,Medium,31,8,6,38,10,0.12,9.1
ADM-0001737,LG-000475,Revenue Department,Medium,30,5,10,17,2,0.29,6.9
ADM-0001738,LG-000475,Land Records Cell,Medium,23,27,3,32,0,0.18,9.3
ADM-0001739,LG-000476,Revenue Department,Medium,49,20,7,10,5,0.23,6.9
ADM-0001740,LG-000476,Land Records Cell,Medium,14,16,5,29,7,0.23,7.1
ADM-0001741,LG-000476,Environmental Cell,Medium,29,14,14,26,3,0.11,7.3
ADM-0001742,LG-000477,Revenue Department,High,31,13,8,104,25,0.56,2.6
ADM-0001743,LG-000477,Land Records Cell,High,47,24,3,52,20,0.75,2.7
ADM-0001744,LG-000477,Environmental Cell,High,44,15,2,51,35,0.65,3.9
ADM-0001745,LG-000478,Revenue Department,Medium,34,27,15,20,3,0.3,6.8
ADM-0001746,LG-000478,Land Records Cell,Medium,45,19,6,34,10,0.25,7.5
ADM-0001747,LG-000478,Environmental Cell,Medium,25,15,13,20,8,0.26,7.7
ADM-0001748,LG-000478,Public Works Dept,Medium,14,17,11,18,5,0.09,8.2
ADM-0001749,LG-000479,Revenue Department,High,32,27,3,81,23,0.45,3.6
ADM-0001750,LG-000479,Land Records Cell,High,24,21,11,45,11,0.73,3.9
ADM-0001751,LG-000479,Environmental Cell,High,45,15,7,73,18,0.41,4.9
ADM-0001752,LG-000479,Public Works Dept,High,32,24,9,108,20,0.41,3.3
ADM-0001753,LG-000480,Revenue Department,High,48,30,2,110,31,0.62,2.1
ADM-0001754,LG-000480,Land Records Cell,High,30,21,10,53,40,0.56,4.8
ADM-0001755,LG-000481,Revenue Department,High,48,20,3,112,29,0.51,4.8
ADM-0001756,LG-000481,Land Records Cell,High,25,21,13,63,28,0.64,3.4
ADM-0001757,LG-000482,Revenue Department,High,13,6,12,60,19,0.84,4.3
ADM-0001758,LG-000482,Land Records Cell,High,47,9,9,72,16,0.57,4.0
ADM-0001759,LG-000482,Environmental Cell,High,41,18,5,69,17,0.76,2.3
ADM-0001760,LG-000482,Public Works Dept,High,35,30,3,80,13,0.67,2.7
ADM-0001761,LG-000483,Revenue Department,High,14,23,15,105,40,0.68,2.3
ADM-0001762,LG-000483,Land Records Cell,High,45,30,2,48,23,0.7,2.4
ADM-0001763,LG-000484,Revenue Department,High,25,18,5,65,17,0.53,3.0
ADM-0001764,LG-000484,Land Records Cell,High,42,8,3,105,11,0.65,2.3
ADM-0001765,LG-000484,Environmental Cell,High,23,29,13,64,26,0.45,3.3
ADM-0001766,LG-000485,Revenue Department,Medium,22,5,10,39,3,0.32,8.9
ADM-0001767,LG-000485,Land Records Cell,Medium,27,28,13,12,4,0.07,7.8
ADM-0001768,LG-000486,Revenue Department,High,46,10,6,56,33,0.62,4.8
ADM-0001769,LG-000486,Land Records Cell,High,50,13,6,63,32,0.54,2.8
ADM-0001770,LG-000486,Environmental Cell,High,32,23,3,46,16,0.54,3.5
ADM-0001771,LG-000487,Revenue Department,High,20,25,5,104,20,0.51,2.9
ADM-0001772,LG-000487,Land Records Cell,High,27,6,13,85,26,0.58,4.8
ADM-0001773,LG-000487,Environmental Cell,High,41,30,7,72,36,0.48,4.9
ADM-0001774,LG-000488,Revenue Department,Medium,16,24,15,26,10,0.27,9.1
ADM-0001775,LG-000488,Land Records Cell,Medium,34,23,14,32,4,0.31,8.9
ADM-0001776,LG-000488,Environmental Cell,Medium,22,16,15,14,5,0.35,7.4
ADM-0001777,LG-000489,Revenue Department,Medium,33,23,4,27,4,0.18,7.3
ADM-0001778,LG-000489,Land Records Cell,Medium,17,12,14,18,10,0.31,7.8
ADM-0001779,LG-000489,Environmental Cell,Medium,27,5,9,27,6,0.19,9.0
ADM-0001780,LG-000489,Public Works Dept,Medium,20,17,9,10,10,0.29,9.1
ADM-0001781,LG-000490,Revenue Department,Medium,12,29,12,36,7,0.31,9.8
ADM-0001782,LG-000490,Land Records Cell,Medium,29,10,7,40,9,0.22,7.6
ADM-0001783,LG-000491,Revenue Department,High,39,13,11,54,28,0.84,2.1
ADM-0001784,LG-000491,Land Records Cell,High,39,26,14,73,14,0.42,4.0
ADM-0001785,LG-000492,Revenue Department,Medium,36,10,14,38,6,0.23,6.8
ADM-0001786,LG-000492,Land Records Cell,Medium,44,16,15,37,4,0.29,7.4
ADM-0001787,LG-000492,Environmental Cell,Medium,10,25,11,24,7,0.22,8.6
ADM-0001788,LG-000493,Revenue Department,Medium,24,28,4,18,2,0.2,7.4
ADM-0001789,LG-000493,Land Records Cell,Medium,34,7,15,30,2,0.28,7.7
ADM-0001790,LG-000493,Environmental Cell,Medium,40,24,12,34,5,0.27,8.9
ADM-0001791,LG-000494,Revenue Department,Medium,29,22,11,29,8,0.23,7.5
ADM-0001792,LG-000494,Land Records Cell,Medium,23,5,5,25,6,0.19,8.0
ADM-0001793,LG-000495,Revenue Department,Medium,36,12,6,10,6,0.17,9.0
ADM-0001794,LG-000495,Land Records Cell,Medium,38,18,14,13,8,0.1,6.9
ADM-0001795,LG-000496,Revenue Department,High,30,27,4,80,17,0.52,4.8
ADM-0001796,LG-000496,Land Records Cell,High,20,12,4,110,35,0.82,3.6
ADM-0001797,LG-000496,Environmental Cell,High,33,19,12,68,14,0.48,2.7
ADM-0001798,LG-000496,Public Works Dept,High,29,7,12,102,36,0.73,3.5
ADM-0001799,LG-000496,Irrigation Department,High,45,13,13,111,40,0.7,4.4
ADM-0001800,LG-000497,Revenue Department,Medium,49,26,9,24,3,0.1,7.7
ADM-0001801,LG-000497,Land Records Cell,Medium,42,8,7,24,0,0.2,9.6
ADM-0001802,LG-000497,Environmental Cell,Medium,22,20,3,23,3,0.1,7.3
ADM-0001803,LG-000498,Revenue Department,Medium,49,29,10,31,10,0.32,9.4
ADM-0001804,LG-000498,Land Records Cell,Medium,17,13,5,34,4,0.21,8.4
ADM-0001805,LG-000498,Environmental Cell,Medium,31,13,7,32,1,0.15,7.6
ADM-0001806,LG-000499,Revenue Department,Medium,49,13,10,14,10,0.13,9.0
ADM-0001807,LG-000499,Land Records Cell,Medium,35,19,10,25,2,0.24,8.4
ADM-0001808,LG-000499,Environmental Cell,Medium,41,13,3,27,3,0.27,7.1
ADM-0001809,LG-000500,Revenue Department,High,41,26,15,46,29,0.59,2.7
ADM-0001810,LG-000500,Land Records Cell,High,17,18,10,54,27,0.7,2.5
ADM-0001811,LG-000500,Environmental Cell,High,37,17,11,90,30,0.56,3.2
ADM-0001812,LG-000500,Public Works Dept,High,29,24,12,118,24,0.41,2.6
ADM-0001813,LG-000500,Irrigation Department,High,44,18,13,89,17,0.61,4.0
ADM-0001814,LG-000501,Revenue Department,Medium,25,15,7,32,7,0.33,8.0
ADM-0001815,LG-000501,Land Records Cell,Medium,21,19,14,18,7,0.13,9.2
ADM-0001816,LG-000501,Environmental Cell,Medium,21,6,2,16,2,0.07,7.3
ADM-0001817,LG-000502,Revenue Department,High,43,9,3,55,10,0.7,2.6
ADM-0001818,LG-000502,Land Records Cell,High,50,29,7,101,10,0.63,4.8
ADM-0001819,LG-000503,Revenue Department,Medium,26,9,15,15,8,0.29,7.6
ADM-0001820,LG-000503,Land Records Cell,Medium,42,25,12,32,8,0.24,7.8
ADM-0001821,LG-000503,Environmental Cell,Medium,23,8,11,27,3,0.12,9.5
ADM-0001822,LG-000503,Public Works Dept,Medium,31,23,4,28,9,0.19,7.2
ADM-0001823,LG-000504,Revenue Department,High,21,8,14,90,19,0.77,3.1
ADM-0001824,LG-000504,Land Records Cell,High,42,29,15,81,26,0.81,4.8
ADM-0001825,LG-000504,Environmental Cell,High,12,9,15,89,40,0.53,4.3
ADM-0001826,LG-000505,Revenue Department,High,33,8,11,56,40,0.44,3.7
ADM-0001827,LG-000505,Land Records Cell,High,36,23,6,86,21,0.67,4.8
ADM-0001828,LG-000506,Revenue Department,High,26,13,10,89,23,0.5,4.0
ADM-0001829,LG-000506,Land Records Cell,High,33,17,4,60,21,0.79,2.1
ADM-0001830,LG-000506,Environmental Cell,High,31,20,5,71,27,0.41,2.3
ADM-0001831,LG-000507,Revenue Department,High,46,17,9,65,35,0.66,4.6
ADM-0001832,LG-000507,Land Records Cell,High,16,13,4,113,23,0.82,2.7
ADM-0001833,LG-000508,Revenue Department,Medium,10,26,6,26,6,0.33,9.2
ADM-0001834,LG-000508,Land Records Cell,Medium,11,9,3,34,0,0.17,8.1
ADM-0001835,LG-000508,Environmental Cell,Medium,16,20,8,29,2,0.26,9.6
ADM-0001836,LG-000508,Public Works Dept,Medium,37,20,13,33,2,0.07,9.7
ADM-0001837,LG-000509,Revenue Department,Medium,14,8,7,18,10,0.32,8.1
ADM-0001838,LG-000509,Land Records Cell,Medium,24,6,5,29,5,0.26,7.0
ADM-0001839,LG-000509,Environmental Cell,Medium,36,13,3,31,7,0.08,7.5
ADM-0001840,LG-000510,Revenue Department,Medium,39,25,5,15,6,0.08,9.8
ADM-0001841,LG-000510,Land Records Cell,Medium,35,22,5,35,8,0.07,8.8
ADM-0001842,LG-000510,Environmental Cell,Medium,34,18,12,24,8,0.15,9.8
ADM-0001843,LG-000510,Public Works Dept,Medium,28,27,12,39,6,0.18,9.7
ADM-0001844,LG-000511,Revenue Department,High,33,12,4,52,26,0.65,3.9
ADM-0001845,LG-000511,Land Records Cell,High,47,8,5,104,28,0.5,3.1
ADM-0001846,LG-000511,Environmental Cell,High,39,10,8,113,24,0.79,2.1
ADM-0001847,LG-000511,Public Works Dept,High,16,26,7,116,16,0.58,4.7
ADM-0001848,LG-000512,Revenue Department,Medium,41,14,10,40,5,0.3,7.2
ADM-0001849,LG-000512,Land Records Cell,Medium,36,25,9,33,8,0.21,6.9
ADM-0001850,LG-000512,Environmental Cell,Medium,12,27,7,37,2,0.09,9.0
ADM-0001851,LG-000512,Public Works Dept,Medium,41,14,15,37,8,0.27,8.1
ADM-0001852,LG-000513,Revenue Department,Medium,18,20,12,15,2,0.15,9.4
ADM-0001853,LG-000513,Land Records Cell,Medium,49,6,2,15,2,0.33,8.3
ADM-0001854,LG-000513,Environmental Cell,Medium,49,6,7,39,7,0.27,8.3
ADM-0001855,LG-000513,Public Works Dept,Medium,16,18,3,30,10,0.24,9.5
ADM-0001856,LG-000514,Revenue Department,Medium,30,14,7,18,1,0.21,8.3
ADM-0001857,LG-000514,Land Records Cell,Medium,22,11,5,34,9,0.14,9.7
ADM-0001858,LG-000514,Environmental Cell,Medium,29,19,4,38,1,0.14,8.1
ADM-0001859,LG-000515,Revenue Department,Medium,42,22,11,34,10,0.28,9.6
ADM-0001860,LG-000515,Land Records Cell,Medium,41,18,9,17,9,0.26,9.0
ADM-0001861,LG-000516,Revenue Department,High,24,21,14,65,36,0.74,2.4
ADM-0001862,LG-000516,Land Records Cell,High,46,26,14,79,19,0.49,2.5
ADM-0001863,LG-000516,Environmental Cell,High,19,30,3,89,33,0.64,3.0
ADM-0001864,LG-000517,Revenue Department,High,27,27,12,91,11,0.63,2.3
ADM-0001865,LG-000517,Land Records Cell,High,36,10,9,90,37,0.74,3.4
ADM-0001866,LG-000517,Environmental Cell,High,43,5,10,55,33,0.7,2.1
ADM-0001867,LG-000517,Public Works Dept,High,23,30,5,82,18,0.44,3.2
ADM-0001868,LG-000518,Revenue Department,Medium,18,18,7,32,0,0.2,6.9
ADM-0001869,LG-000518,Land Records Cell,Medium,14,26,2,14,9,0.11,8.7
ADM-0001870,LG-000518,Environmental Cell,Medium,15,23,9,29,8,0.06,6.6
ADM-0001871,LG-000518,Public Works Dept,Medium,21,25,4,23,5,0.26,8.9
ADM-0001872,LG-000518,Irrigation Department,Medium,38,13,13,23,10,0.09,8.5
ADM-0001873,LG-000519,Revenue Department,Medium,27,20,9,15,8,0.23,6.9
ADM-0001874,LG-000519,Land Records Cell,Medium,30,19,7,25,9,0.08,8.2
ADM-0001875,LG-000519,Environmental Cell,Medium,16,16,14,24,8,0.06,7.6
ADM-0001876,LG-000519,Public Works Dept,Medium,20,18,15,26,5,0.23,9.2
ADM-0001877,LG-000520,Revenue Department,High,38,15,2,52,29,0.54,2.4
ADM-0001878,LG-000520,Land Records Cell,High,34,11,10,84,30,0.55,2.7
ADM-0001879,LG-000521,Revenue Department,High,16,15,7,66,15,0.51,3.8
ADM-0001880,LG-000521,Land Records Cell,High,37,14,12,60,31,0.66,4.3
ADM-0001881,LG-000521,Environmental Cell,High,22,24,4,55,23,0.61,2.5
ADM-0001882,LG-000522,Revenue Department,Medium,50,10,3,31,5,0.24,8.1
ADM-0001883,LG-000522,Land Records Cell,Medium,43,28,15,29,6,0.24,8.7
ADM-0001884,LG-000522,Environmental Cell,Medium,14,12,9,36,2,0.31,8.4
ADM-0001885,LG-000522,Public Works Dept,Medium,48,26,15,25,7,0.07,7.4
ADM-0001886,LG-000523,Revenue Department,Medium,17,28,9,35,3,0.15,6.7
ADM-0001887,LG-000523,Land Records Cell,Medium,43,17,3,24,3,0.14,6.9
ADM-0001888,LG-000523,Environmental Cell,Medium,17,17,5,28,4,0.32,7.1
ADM-0001889,LG-000524,Revenue Department,High,45,19,6,97,15,0.58,3.4
ADM-0001890,LG-000524,Land Records Cell,High,14,14,4,45,39,0.7,2.4
ADM-0001891,LG-000525,Revenue Department,High,31,15,2,104,14,0.64,2.9
ADM-0001892,LG-000525,Land Records Cell,High,13,28,15,79,20,0.75,4.8
ADM-0001893,LG-000525,Environmental Cell,High,21,17,13,120,36,0.79,2.6
ADM-0001894,LG-000526,Revenue Department,High,37,24,9,95,16,0.51,2.6
ADM-0001895,LG-000526,Land Records Cell,High,44,11,15,88,13,0.79,3.1
ADM-0001896,LG-000526,Environmental Cell,High,32,13,10,59,37,0.83,2.1
ADM-0001897,LG-000527,Revenue Department,Medium,18,13,5,11,5,0.2,9.4
ADM-0001898,LG-000527,Land Records Cell,Medium,28,24,9,33,10,0.34,9.0
ADM-0001899,LG-000527,Environmental Cell,Medium,24,24,15,22,4,0.27,9.0
ADM-0001900,LG-000528,Revenue Department,Medium,27,10,13,29,5,0.08,7.7
ADM-0001901,LG-000528,Land Records Cell,Medium,16,24,13,28,9,0.14,9.3
ADM-0001902,LG-000528,Environmental Cell,Medium,36,30,14,20,2,0.35,7.0
ADM-0001903,LG-000528,Public Works Dept,Medium,45,7,5,18,5,0.33,9.5
ADM-0001904,LG-000529,Revenue Department,Medium,33,6,8,31,9,0.24,7.2
ADM-0001905,LG-000529,Land Records Cell,Medium,24,10,4,12,3,0.18,7.5
ADM-0001906,LG-000529,Environmental Cell,Medium,10,27,11,29,0,0.34,9.6
ADM-0001907,LG-000530,Revenue Department,Medium,39,19,5,40,9,0.28,7.9
ADM-0001908,LG-000530,Land Records Cell,Medium,11,7,14,40,2,0.1,8.2
ADM-0001909,LG-000530,Environmental Cell,Medium,15,29,4,29,10,0.22,6.5
ADM-0001910,LG-000530,Public Works Dept,Medium,25,20,7,24,1,0.28,6.6
ADM-0001911,LG-000531,Revenue Department,High,39,18,14,79,11,0.77,4.2
ADM-0001912,LG-000531,Land Records Cell,High,37,11,6,45,20,0.41,4.0
ADM-0001913,LG-000531,Environmental Cell,High,33,20,8,54,35,0.41,3.0
ADM-0001914,LG-000532,Revenue Department,High,35,26,8,115,17,0.46,2.4
ADM-0001915,LG-000532,Land Records Cell,High,10,5,10,103,26,0.67,4.7
ADM-0001916,LG-000532,Environmental Cell,High,11,28,9,80,23,0.69,2.7
ADM-0001917,LG-000533,Revenue Department,High,49,7,15,94,11,0.64,4.0
ADM-0001918,LG-000533,Land Records Cell,High,46,5,4,76,19,0.6,3.4
ADM-0001919,LG-000533,Environmental Cell,High,12,24,13,50,10,0.73,3.9
ADM-0001920,LG-000534,Revenue Department,High,10,13,9,47,22,0.55,2.3
ADM-0001921,LG-000534,Land Records Cell,High,34,19,6,69,16,0.64,3.5
ADM-0001922,LG-000534,Environmental Cell,High,31,28,11,56,15,0.43,3.2
ADM-0001923,LG-000534,Public Works Dept,High,29,24,11,48,19,0.61,2.5
ADM-0001924,LG-000535,Revenue Department,Medium,36,18,15,13,3,0.33,8.4
ADM-0001925,LG-000535,Land Records Cell,Medium,36,17,5,33,3,0.16,7.1
ADM-0001926,LG-000535,Environmental Cell,Medium,50,30,7,16,10,0.14,8.8
ADM-0001927,LG-000536,Revenue Department,Medium,14,25,5,28,3,0.15,8.7
ADM-0001928,LG-000536,Land Records Cell,Medium,10,12,4,39,7,0.28,7.6
ADM-0001929,LG-000537,Revenue Department,Medium,48,9,11,26,5,0.32,6.9
ADM-0001930,LG-000537,Land Records Cell,Medium,14,22,14,40,0,0.08,8.0
ADM-0001931,LG-000537,Environmental Cell,Medium,42,15,12,19,1,0.05,9.6
ADM-0001932,LG-000537,Public Works Dept,Medium,27,15,15,12,6,0.25,8.8
ADM-0001933,LG-000537,Irrigation Department,Medium,13,24,5,12,7,0.2,7.0
ADM-0001934,LG-000538,Revenue Department,High,48,6,5,68,30,0.63,2.6
ADM-0001935,LG-000538,Land Records Cell,High,29,5,7,60,37,0.48,4.0
ADM-0001936,LG-000538,Environmental Cell,High,15,10,9,63,36,0.57,3.7
ADM-0001937,LG-000538,Public Works Dept,High,35,23,12,114,11,0.82,4.2
ADM-0001938,LG-000538,Irrigation Department,High,45,19,14,108,16,0.56,2.8
ADM-0001939,LG-000539,Revenue Department,Medium,49,16,3,14,2,0.21,9.3
ADM-0001940,LG-000539,Land Records Cell,Medium,17,8,12,14,4,0.15,7.6
ADM-0001941,LG-000539,Environmental Cell,Medium,10,21,13,39,8,0.05,6.7
ADM-0001942,LG-000539,Public Works Dept,Medium,20,29,4,33,0,0.25,7.8
ADM-0001943,LG-000539,Irrigation Department,Medium,43,20,6,33,9,0.32,8.6
ADM-0001944,LG-000540,Revenue Department,High,36,10,12,101,28,0.77,4.1
ADM-0001945,LG-000540,Land Records Cell,High,39,28,10,86,33,0.83,2.1
ADM-0001946,LG-000540,Environmental Cell,High,42,8,4,77,19,0.66,5.0
ADM-0001947,LG-000541,Revenue Department,Medium,12,10,8,17,8,0.26,9.6
ADM-0001948,LG-000541,Land Records Cell,Medium,50,24,7,33,6,0.16,8.4
ADM-0001949,LG-000542,Revenue Department,High,17,24,12,89,38,0.77,2.8
ADM-0001950,LG-000542,Land Records Cell,High,34,18,8,96,20,0.55,4.5
ADM-0001951,LG-000542,Environmental Cell,High,16,26,15,75,11,0.76,4.6
ADM-0001952,LG-000542,Public Works Dept,High,44,15,15,95,38,0.42,3.9
ADM-0001953,LG-000543,Revenue Department,High,46,14,7,49,32,0.41,4.2
ADM-0001954,LG-000543,Land Records Cell,High,23,7,14,109,39,0.65,4.8
ADM-0001955,LG-000543,Environmental Cell,High,21,14,8,59,34,0.6,2.8
ADM-0001956,LG-000544,Revenue Department,High,11,24,8,83,10,0.47,4.1
ADM-0001957,LG-000544,Land Records Cell,High,34,12,14,102,34,0.47,4.5
ADM-0001958,LG-000544,Environmental Cell,High,12,19,2,103,34,0.64,4.7
ADM-0001959,LG-000545,Revenue Department,High,30,16,14,78,18,0.46,2.5
ADM-0001960,LG-000545,Land Records Cell,High,17,23,11,56,27,0.43,2.8
ADM-0001961,LG-000546,Revenue Department,High,24,8,8,103,28,0.52,3.4
ADM-0001962,LG-000546,Land Records Cell,High,50,27,2,102,22,0.65,3.2
ADM-0001963,LG-000546,Environmental Cell,High,34,17,10,81,22,0.56,4.9
ADM-0001964,LG-000547,Revenue Department,High,24,15,3,64,34,0.42,3.9
ADM-0001965,LG-000547,Land Records Cell,High,39,14,11,92,24,0.64,2.0
ADM-0001966,LG-000547,Environmental Cell,High,39,29,11,56,12,0.51,2.5
ADM-0001967,LG-000548,Revenue Department,High,45,9,4,56,25,0.46,4.3
ADM-0001968,LG-000548,Land Records Cell,High,22,29,11,93,32,0.4,3.6
ADM-0001969,LG-000548,Environmental Cell,High,42,11,8,115,16,0.5,3.6
ADM-0001970,LG-000549,Revenue Department,Medium,15,16,6,10,0,0.27,9.7
ADM-0001971,LG-000549,Land Records Cell,Medium,30,10,10,16,1,0.27,8.8
ADM-0001972,LG-000549,Environmental Cell,Medium,44,19,10,18,3,0.22,7.0
ADM-0001973,LG-000549,Public Works Dept,Medium,23,5,15,13,3,0.29,9.2
ADM-0001974,LG-000549,Irrigation Department,Medium,31,23,13,24,4,0.13,7.3
ADM-0001975,LG-000550,Revenue Department,Medium,49,30,8,15,1,0.12,9.2
ADM-0001976,LG-000550,Land Records Cell,Medium,23,17,11,11,7,0.13,8.9
ADM-0001977,LG-000550,Environmental Cell,Medium,13,23,4,35,6,0.16,9.6
ADM-0001978,LG-000550,Public Works Dept,Medium,36,11,15,15,4,0.34,7.8
ADM-0001979,LG-000551,Revenue Department,High,35,25,8,64,25,0.78,2.3
ADM-0001980,LG-000551,Land Records Cell,High,11,27,11,120,12,0.63,2.4
ADM-0001981,LG-000552,Revenue Department,High,44,22,14,57,26,0.53,2.8
ADM-0001982,LG-000552,Land Records Cell,High,49,11,5,73,35,0.4,3.8
ADM-0001983,LG-000552,Environmental Cell,High,30,30,4,92,34,0.42,2.6
ADM-0001984,LG-000552,Public Works Dept,High,36,18,12,62,20,0.72,5.0
ADM-0001985,LG-000553,Revenue Department,High,43,17,9,114,19,0.5,2.7
ADM-0001986,LG-000553,Land Records Cell,High,28,17,13,49,15,0.49,3.0
ADM-0001987,LG-000554,Revenue Department,High,47,23,15,67,20,0.69,2.8
ADM-0001988,LG-000554,Land Records Cell,High,13,13,10,52,30,0.48,3.0
ADM-0001989,LG-000554,Environmental Cell,High,22,14,3,119,40,0.57,2.2
ADM-0001990,LG-000555,Revenue Department,High,36,15,4,97,25,0.6,4.9
ADM-0001991,LG-000555,Land Records Cell,High,23,9,2,119,14,0.48,3.1
ADM-0001992,LG-000555,Environmental Cell,High,17,13,3,65,34,0.62,3.6
ADM-0001993,LG-000556,Revenue Department,Medium,23,10,10,26,4,0.17,8.6
ADM-0001994,LG-000556,Land Records Cell,Medium,49,23,5,18,2,0.32,8.7
ADM-0001995,LG-000556,Environmental Cell,Medium,42,21,6,14,0,0.15,7.3
ADM-0001996,LG-000556,Public Works Dept,Medium,38,23,7,16,10,0.2,8.5
ADM-0001997,LG-000557,Revenue Department,Medium,31,20,9,16,2,0.18,7.8
ADM-0001998,LG-000557,Land Records Cell,Medium,28,9,15,30,5,0.24,7.8
ADM-0001999,LG-000558,Revenue Department,High,20,7,5,102,19,0.8,3.9
ADM-0002000,LG-000558,Land Records Cell,High,31,6,14,48,31,0.62,3.0
ADM-0002001,LG-000559,Revenue Department,Medium,14,19,13,14,1,0.11,8.2
ADM-0002002,LG-000559,Land Records Cell,Medium,17,23,2,23,3,0.19,8.4
ADM-0002003,LG-000559,Environmental Cell,Medium,35,7,9,38,2,0.09,7.5
ADM-0002004,LG-000559,Public Works Dept,Medium,13,5,3,27,4,0.33,9.7
ADM-0002005,LG-000559,Irrigation Department,Medium,16,8,9,36,7,0.13,8.3
ADM-0002006,LG-000560,Revenue Department,Medium,39,27,13,37,3,0.11,9.1
ADM-0002007,LG-000560,Land Records Cell,Medium,19,27,3,34,10,0.24,8.6
ADM-0002008,LG-000560,Environmental Cell,Medium,18,21,12,28,4,0.22,7.1
ADM-0002009,LG-000560,Public Works Dept,Medium,34,27,5,38,8,0.15,7.5
ADM-0002010,LG-000560,Irrigation Department,Medium,50,14,14,13,10,0.21,8.3
ADM-0002011,LG-000561,Revenue Department,High,15,28,6,117,15,0.64,3.2
ADM-0002012,LG-000561,Land Records Cell,High,10,13,8,81,13,0.57,4.2
ADM-0002013,LG-000561,Environmental Cell,High,49,25,7,61,29,0.53,2.9
ADM-0002014,LG-000561,Public Works Dept,High,27,13,12,104,38,0.48,3.9
ADM-0002015,LG-000562,Revenue Department,Medium,36,14,7,28,10,0.21,6.8
ADM-0002016,LG-000562,Land Records Cell,Medium,37,20,8,13,2,0.22,7.2
ADM-0002017,LG-000562,Environmental Cell,Medium,33,26,12,24,1,0.17,9.3
ADM-0002018,LG-000562,Public Works Dept,Medium,13,22,14,34,10,0.06,9.6
ADM-0002019,LG-000562,Irrigation Department,Medium,13,29,5,25,0,0.32,9.4
ADM-0002020,LG-000563,Revenue Department,High,20,15,6,90,40,0.76,3.3
ADM-0002021,LG-000563,Land Records Cell,High,22,13,8,99,28,0.5,2.7
ADM-0002022,LG-000563,Environmental Cell,High,33,5,11,108,36,0.77,3.7
ADM-0002023,LG-000564,Revenue Department,Medium,47,21,6,12,9,0.21,6.8
ADM-0002024,LG-000564,Land Records Cell,Medium,15,14,10,32,3,0.21,9.8
ADM-0002025,LG-000564,Environmental Cell,Medium,11,18,13,27,5,0.32,7.4
ADM-0002026,LG-000564,Public Works Dept,Medium,43,27,10,25,8,0.26,9.3
ADM-0002027,LG-000565,Revenue Department,Medium,28,19,9,18,7,0.14,8.7
ADM-0002028,LG-000565,Land Records Cell,Medium,18,12,2,39,5,0.27,7.7
ADM-0002029,LG-000565,Environmental Cell,Medium,31,20,3,33,10,0.27,8.9
ADM-0002030,LG-000565,Public Works Dept,Medium,47,14,5,30,5,0.14,7.1
ADM-0002031,LG-000565,Irrigation Department,Medium,23,5,2,35,2,0.34,6.9
ADM-0002032,LG-000566,Revenue Department,Medium,41,21,8,20,3,0.33,9.0
ADM-0002033,LG-000566,Land Records Cell,Medium,31,13,14,36,10,0.09,7.4
ADM-0002034,LG-000566,Environmental Cell,Medium,22,20,9,16,8,0.2,7.7
ADM-0002035,LG-000566,Public Works Dept,Medium,33,29,15,30,6,0.29,7.8
ADM-0002036,LG-000566,Irrigation Department,Medium,47,8,14,29,5,0.21,8.0
ADM-0002037,LG-000567,Revenue Department,Medium,11,7,12,13,5,0.13,9.7
ADM-0002038,LG-000567,Land Records Cell,Medium,25,12,15,40,2,0.06,8.7
ADM-0002039,LG-000568,Revenue Department,High,10,7,4,115,37,0.69,4.4
ADM-0002040,LG-000568,Land Records Cell,High,10,21,3,101,25,0.48,4.0
ADM-0002041,LG-000568,Environmental Cell,High,46,9,2,63,40,0.55,4.5
ADM-0002042,LG-000569,Revenue Department,High,18,12,8,79,18,0.55,4.4
ADM-0002043,LG-000569,Land Records Cell,High,49,25,13,102,24,0.64,2.6
ADM-0002044,LG-000569,Environmental Cell,High,10,8,4,75,37,0.55,4.9
ADM-0002045,LG-000570,Revenue Department,High,32,15,15,89,31,0.6,2.7
ADM-0002046,LG-000570,Land Records Cell,High,42,29,12,90,14,0.82,2.7
ADM-0002047,LG-000570,Environmental Cell,High,32,23,4,84,36,0.77,3.7
ADM-0002048,LG-000570,Public Works Dept,High,49,5,5,81,39,0.41,2.1
ADM-0002049,LG-000571,Revenue Department,Medium,17,26,5,17,7,0.14,8.6
ADM-0002050,LG-000571,Land Records Cell,Medium,34,24,10,22,9,0.29,7.1
ADM-0002051,LG-000571,Environmental Cell,Medium,12,18,2,34,5,0.07,8.0
ADM-0002052,LG-000572,Revenue Department,Medium,39,26,14,18,7,0.12,8.1
ADM-0002053,LG-000572,Land Records Cell,Medium,47,29,13,33,1,0.27,8.0
ADM-0002054,LG-000573,Revenue Department,Medium,49,25,10,24,9,0.28,7.3
ADM-0002055,LG-000573,Land Records Cell,Medium,50,25,15,33,0,0.09,8.2
ADM-0002056,LG-000573,Environmental Cell,Medium,40,21,12,12,1,0.1,9.2
ADM-0002057,LG-000574,Revenue Department,Medium,49,14,15,22,1,0.16,7.6
ADM-0002058,LG-000574,Land Records Cell,Medium,35,14,4,15,2,0.28,9.2
ADM-0002059,LG-000574,Environmental Cell,Medium,32,18,5,10,8,0.28,9.5
ADM-0002060,LG-000575,Revenue Department,Medium,41,11,2,20,5,0.21,9.7
ADM-0002061,LG-000575,Land Records Cell,Medium,11,28,8,30,6,0.22,7.4
ADM-0002062,LG-000575,Environmental Cell,Medium,36,27,9,38,3,0.23,9.8
ADM-0002063,LG-000575,Public Works Dept,Medium,40,8,3,22,1,0.33,7.0
ADM-0002064,LG-000575,Irrigation Department,Medium,13,11,8,19,8,0.2,8.6
ADM-0002065,LG-000576,Revenue Department,High,21,5,3,119,24,0.41,2.0
ADM-0002066,LG-000576,Land Records Cell,High,46,10,14,47,21,0.68,3.5
ADM-0002067,LG-000576,Environmental Cell,High,32,29,15,107,16,0.6,3.7
ADM-0002068,LG-000576,Public Works Dept,High,22,28,13,75,26,0.6,2.9
ADM-0002069,LG-000576,Irrigation Department,High,49,7,2,64,30,0.69,4.0
ADM-0002070,LG-000577,Revenue Department,Medium,11,24,2,14,7,0.22,7.2
ADM-0002071,LG-000577,Land Records Cell,Medium,15,21,13,29,7,0.22,8.4
ADM-0002072,LG-000577,Environmental Cell,Medium,47,19,9,18,9,0.24,9.0
ADM-0002073,LG-000577,Public Works Dept,Medium,34,11,11,24,5,0.23,8.2
ADM-0002074,LG-000578,Revenue Department,Medium,41,26,5,10,8,0.19,7.9
ADM-0002075,LG-000578,Land Records Cell,Medium,46,10,4,24,9,0.27,8.2
ADM-0002076,LG-000578,Environmental Cell,Medium,12,17,15,36,7,0.34,7.0
ADM-0002077,LG-000578,Public Works Dept,Medium,36,28,12,31,1,0.29,7.0
ADM-0002078,LG-000578,Irrigation Department,Medium,48,9,3,33,9,0.1,8.4
ADM-0002079,LG-000579,Revenue Department,Medium,29,6,11,25,2,0.2,7.4
ADM-0002080,LG-000579,Land Records Cell,Medium,29,8,7,33,10,0.12,9.0
ADM-0002081,LG-000579,Environmental Cell,Medium,17,25,15,11,0,0.19,7.7
ADM-0002082,LG-000579,Public Works Dept,Medium,39,15,15,32,8,0.28,7.2
ADM-0002083,LG-000580,Revenue Department,High,40,24,6,120,20,0.55,2.8
ADM-0002084,LG-000580,Land Records Cell,High,10,8,4,92,22,0.62,2.4
ADM-0002085,LG-000581,Revenue Department,High,46,28,4,61,22,0.44,4.0
ADM-0002086,LG-000581,Land Records Cell,High,28,19,2,105,24,0.71,2.7
ADM-0002087,LG-000581,Environmental Cell,High,39,5,7,85,18,0.62,4.8
ADM-0002088,LG-000581,Public Works Dept,High,28,11,15,75,38,0.56,4.8
ADM-0002089,LG-000581,Irrigation Department,High,40,21,2,77,17,0.83,4.8
ADM-0002090,LG-000582,Revenue Department,Medium,16,23,2,26,6,0.15,7.1
ADM-0002091,LG-000582,Land Records Cell,Medium,38,18,15,12,8,0.27,9.6
ADM-0002092,LG-000582,Environmental Cell,Medium,18,21,2,24,0,0.06,9.0
ADM-0002093,LG-000582,Public Works Dept,Medium,28,17,14,12,1,0.21,6.7
ADM-0002094,LG-000583,Revenue Department,Medium,29,10,5,11,1,0.16,7.2
ADM-0002095,LG-000583,Land Records Cell,Medium,18,16,4,13,7,0.15,7.6
ADM-0002096,LG-000583,Environmental Cell,Medium,13,9,14,11,10,0.28,6.5
ADM-0002097,LG-000583,Public Works Dept,Medium,24,10,8,35,7,0.12,8.0
ADM-0002098,LG-000583,Irrigation Department,Medium,31,15,13,26,7,0.23,8.3
ADM-0002099,LG-000584,Revenue Department,Medium,44,15,8,25,7,0.31,9.3
ADM-0002100,LG-000584,Land Records Cell,Medium,15,27,6,31,0,0.17,7.2
ADM-0002101,LG-000585,Revenue Department,High,31,24,14,79,27,0.59,3.6
ADM-0002102,LG-000585,Land Records Cell,High,50,23,9,69,34,0.62,4.0
ADM-0002103,LG-000585,Environmental Cell,High,41,13,2,98,16,0.61,2.3
ADM-0002104,LG-000585,Public Works Dept,High,29,5,10,99,36,0.72,2.0
ADM-0002105,LG-000586,Revenue Department,Medium,22,5,7,26,7,0.31,7.7
ADM-0002106,LG-000586,Land Records Cell,Medium,22,21,10,22,6,0.07,7.9
ADM-0002107,LG-000586,Environmental Cell,Medium,42,17,6,30,4,0.3,6.6
ADM-0002108,LG-000587,Revenue Department,High,10,9,7,62,28,0.42,3.5
ADM-0002109,LG-000587,Land Records Cell,High,36,28,12,66,39,0.58,3.0
ADM-0002110,LG-000588,Revenue Department,Medium,39,14,3,24,9,0.25,6.7
ADM-0002111,LG-000588,Land Records Cell,Medium,26,26,2,10,8,0.34,8.9
ADM-0002112,LG-000588,Environmental Cell,Medium,47,10,3,21,4,0.25,8.7
ADM-0002113,LG-000588,Public Works Dept,Medium,40,20,8,34,8,0.13,7.9
ADM-0002114,LG-000589,Revenue Department,High,13,12,4,88,11,0.84,3.5
ADM-0002115,LG-000589,Land Records Cell,High,24,17,10,97,24,0.51,3.3
ADM-0002116,LG-000589,Environmental Cell,High,33,21,12,102,22,0.7,4.1
ADM-0002117,LG-000589,Public Works Dept,High,13,24,9,84,14,0.77,4.3
ADM-0002118,LG-000589,Irrigation Department,High,33,26,2,45,39,0.5,4.8
ADM-0002119,LG-000590,Revenue Department,Medium,36,27,7,34,1,0.22,8.1
ADM-0002120,LG-000590,Land Records Cell,Medium,32,16,8,21,9,0.12,9.6
ADM-0002121,LG-000590,Environmental Cell,Medium,41,28,12,38,0,0.32,7.2
ADM-0002122,LG-000590,Public Works Dept,Medium,30,12,3,17,8,0.05,9.3
ADM-0002123,LG-000590,Irrigation Department,Medium,12,9,13,35,2,0.23,8.5
ADM-0002124,LG-000591,Revenue Department,High,43,29,10,97,15,0.6,5.0
ADM-0002125,LG-000591,Land Records Cell,High,14,22,6,74,17,0.83,3.2
ADM-0002126,LG-000591,Environmental Cell,High,14,8,5,111,17,0.81,4.4
ADM-0002127,LG-000591,Public Works Dept,High,14,6,9,89,35,0.84,3.1
ADM-0002128,LG-000591,Irrigation Department,High,18,23,7,91,21,0.61,2.5
ADM-0002129,LG-000592,Revenue Department,Medium,32,17,9,15,3,0.15,8.7
ADM-0002130,LG-000592,Land Records Cell,Medium,16,28,11,37,2,0.15,8.6
ADM-0002131,LG-000593,Revenue Department,Medium,12,8,5,33,1,0.23,6.9
ADM-0002132,LG-000593,Land Records Cell,Medium,44,28,2,31,5,0.06,8.3
ADM-0002133,LG-000593,Environmental Cell,Medium,45,15,10,29,3,0.35,8.1
ADM-0002134,LG-000593,Public Works Dept,Medium,32,17,9,38,1,0.25,8.1
ADM-0002135,LG-000593,Irrigation Department,Medium,16,29,14,17,9,0.25,7.5
ADM-0002136,LG-000594,Revenue Department,Medium,45,29,9,18,4,0.18,6.6
ADM-0002137,LG-000594,Land Records Cell,Medium,36,22,10,29,9,0.23,7.9
ADM-0002138,LG-000595,Revenue Department,High,27,23,15,93,39,0.64,4.3
ADM-0002139,LG-000595,Land Records Cell,High,33,26,15,68,32,0.64,4.3
ADM-0002140,LG-000595,Environmental Cell,High,49,17,8,68,32,0.78,3.8
ADM-0002141,LG-000595,Public Works Dept,High,37,6,2,56,35,0.76,3.3
ADM-0002142,LG-000595,Irrigation Department,High,28,21,5,45,13,0.82,2.6
ADM-0002143,LG-000596,Revenue Department,Medium,41,14,8,27,2,0.11,9.6
ADM-0002144,LG-000596,Land Records Cell,Medium,42,12,3,28,8,0.12,6.6
ADM-0002145,LG-000596,Environmental Cell,Medium,27,20,5,28,2,0.18,8.1
ADM-0002146,LG-000597,Revenue Department,Medium,18,24,13,30,0,0.16,7.7
ADM-0002147,LG-000597,Land Records Cell,Medium,13,13,2,35,6,0.3,9.6
ADM-0002148,LG-000597,Environmental Cell,Medium,16,21,15,11,3,0.12,7.3
ADM-0002149,LG-000597,Public Works Dept,Medium,17,12,3,22,5,0.26,6.7
ADM-0002150,LG-000598,Revenue Department,High,47,19,6,112,35,0.64,2.4
ADM-0002151,LG-000598,Land Records Cell,High,48,27,6,94,10,0.7,3.6
ADM-0002152,LG-000598,Environmental Cell,High,12,24,12,116,11,0.78,3.3
ADM-0002153,LG-000599,Revenue Department,Medium,43,22,11,24,2,0.08,7.4
ADM-0002154,LG-000599,Land Records Cell,Medium,28,20,14,35,10,0.34,8.8
ADM-0002155,LG-000600,Revenue Department,High,39,25,15,54,38,0.74,2.4
ADM-0002156,LG-000600,Land Records Cell,High,43,5,14,48,28,0.47,3.3
ADM-0002157,LG-000600,Environmental Cell,High,47,9,7,73,40,0.72,3.1
ADM-0002158,LG-000601,Revenue Department,Medium,40,10,3,20,7,0.18,9.1
ADM-0002159,LG-000601,Land Records Cell,Medium,46,12,12,26,5,0.24,6.8
ADM-0002160,LG-000601,Environmental Cell,Medium,17,20,2,40,3,0.16,7.6
ADM-0002161,LG-000601,Public Works Dept,Medium,39,21,4,11,1,0.35,8.9
ADM-0002162,LG-000602,Revenue Department,Medium,39,30,12,38,9,0.33,8.8
ADM-0002163,LG-000602,Land Records Cell,Medium,35,14,13,38,3,0.3,7.9
ADM-0002164,LG-000603,Revenue Department,Medium,46,10,6,17,6,0.31,7.3
ADM-0002165,LG-000603,Land Records Cell,Medium,10,5,10,14,3,0.33,6.8
ADM-0002166,LG-000603,Environmental Cell,Medium,37,15,7,14,7,0.34,7.5
ADM-0002167,LG-000603,Public Works Dept,Medium,16,12,12,23,5,0.06,8.0
ADM-0002168,LG-000604,Revenue Department,High,21,11,12,83,38,0.46,3.6
ADM-0002169,LG-000604,Land Records Cell,High,19,17,2,84,20,0.41,4.5
ADM-0002170,LG-000605,Revenue Department,High,40,5,4,60,34,0.84,4.6
ADM-0002171,LG-000605,Land Records Cell,High,16,12,2,60,32,0.42,2.2
ADM-0002172,LG-000605,Environmental Cell,High,22,5,4,56,24,0.49,2.6
ADM-0002173,LG-000605,Public Works Dept,High,31,8,6,119,14,0.51,4.7
ADM-0002174,LG-000605,Irrigation Department,High,46,12,8,104,30,0.54,3.8
ADM-0002175,LG-000606,Revenue Department,Medium,31,8,5,31,1,0.11,7.3
ADM-0002176,LG-000606,Land Records Cell,Medium,20,17,2,19,3,0.26,8.7
ADM-0002177,LG-000606,Environmental Cell,Medium,29,28,14,38,8,0.24,9.6
ADM-0002178,LG-000606,Public Works Dept,Medium,22,25,8,36,3,0.11,9.4
ADM-0002179,LG-000607,Revenue Department,High,33,10,3,98,40,0.49,4.1
ADM-0002180,LG-000607,Land Records Cell,High,15,30,10,114,40,0.76,4.4
ADM-0002181,LG-000608,Revenue Department,High,48,25,6,52,40,0.65,2.4
ADM-0002182,LG-000608,Land Records Cell,High,33,20,10,46,20,0.44,4.7
ADM-0002183,LG-000608,Environmental Cell,High,39,13,14,118,40,0.63,4.4
ADM-0002184,LG-000609,Revenue Department,High,12,7,7,64,37,0.54,3.0
ADM-0002185,LG-000609,Land Records Cell,High,24,12,7,63,19,0.62,3.0
ADM-0002186,LG-000610,Revenue Department,High,39,19,13,109,16,0.82,3.6
ADM-0002187,LG-000610,Land Records Cell,High,48,21,7,52,26,0.51,3.0
ADM-0002188,LG-000610,Environmental Cell,High,44,13,9,70,19,0.44,4.3
ADM-0002189,LG-000610,Public Works Dept,High,22,21,13,120,33,0.84,3.5
ADM-0002190,LG-000610,Irrigation Department,High,13,5,13,108,26,0.42,2.9
ADM-0002191,LG-000611,Revenue Department,Medium,23,21,12,27,3,0.3,9.2
ADM-0002192,LG-000611,Land Records Cell,Medium,25,29,14,24,1,0.19,9.6
ADM-0002193,LG-000611,Environmental Cell,Medium,32,9,7,28,10,0.15,6.8
ADM-0002194,LG-000611,Public Works Dept,Medium,14,17,7,28,10,0.23,9.0
ADM-0002195,LG-000611,Irrigation Department,Medium,15,7,4,30,4,0.17,6.5
ADM-0002196,LG-000612,Revenue Department,Medium,16,11,2,38,6,0.16,8.6
ADM-0002197,LG-000612,Land Records Cell,Medium,10,13,9,40,4,0.31,9.5
ADM-0002198,LG-000612,Environmental Cell,Medium,20,21,14,12,4,0.06,6.8
ADM-0002199,LG-000613,Revenue Department,High,26,11,10,111,23,0.69,4.4
ADM-0002200,LG-000613,Land Records Cell,High,32,19,13,112,36,0.43,2.2
ADM-0002201,LG-000613,Environmental Cell,High,17,13,13,67,32,0.77,3.7
ADM-0002202,LG-000613,Public Works Dept,High,34,26,11,111,11,0.84,3.5
ADM-0002203,LG-000614,Revenue Department,High,13,15,8,76,38,0.71,2.1
ADM-0002204,LG-000614,Land Records Cell,High,11,17,10,50,15,0.77,2.9
ADM-0002205,LG-000615,Revenue Department,Medium,20,25,15,24,10,0.1,8.8
ADM-0002206,LG-000615,Land Records Cell,Medium,15,10,11,10,6,0.3,6.8
ADM-0002207,LG-000616,Revenue Department,High,19,23,8,110,30,0.61,2.3
ADM-0002208,LG-000616,Land Records Cell,High,41,7,10,83,35,0.72,3.7
ADM-0002209,LG-000616,Environmental Cell,High,21,16,11,68,29,0.48,3.3
ADM-0002210,LG-000616,Public Works Dept,High,21,13,14,66,10,0.41,3.8
ADM-0002211,LG-000616,Irrigation Department,High,15,30,2,110,28,0.5,3.0
ADM-0002212,LG-000617,Revenue Department,High,35,9,4,91,29,0.52,4.3
ADM-0002213,LG-000617,Land Records Cell,High,42,23,6,84,40,0.59,2.3
ADM-0002214,LG-000618,Revenue Department,High,20,8,3,96,14,0.47,4.8
ADM-0002215,LG-000618,Land Records Cell,High,16,8,13,58,21,0.84,4.3
ADM-0002216,LG-000618,Environmental Cell,High,30,28,3,112,24,0.49,4.3
ADM-0002217,LG-000618,Public Works Dept,High,24,21,14,66,37,0.44,2.4
ADM-0002218,LG-000618,Irrigation Department,High,31,6,2,54,26,0.66,2.7
ADM-0002219,LG-000619,Revenue Department,High,30,9,13,68,30,0.61,2.6
ADM-0002220,LG-000619,Land Records Cell,High,50,9,11,79,27,0.56,2.2
ADM-0002221,LG-000619,Environmental Cell,High,27,5,15,61,16,0.67,3.3
ADM-0002222,LG-000619,Public Works Dept,High,18,6,4,88,12,0.8,2.4
ADM-0002223,LG-000619,Irrigation Department,High,20,6,11,72,15,0.41,4.2
ADM-0002224,LG-000620,Revenue Department,High,45,7,10,55,18,0.69,2.7
ADM-0002225,LG-000620,Land Records Cell,High,36,6,8,74,21,0.84,4.9
ADM-0002226,LG-000620,Environmental Cell,High,49,27,3,100,12,0.75,2.2
ADM-0002227,LG-000620,Public Works Dept,High,15,22,14,102,30,0.74,4.1
ADM-0002228,LG-000620,Irrigation Department,High,22,16,6,88,19,0.62,3.4
ADM-0002229,LG-000621,Revenue Department,Medium,44,9,11,21,1,0.2,9.1
ADM-0002230,LG-000621,Land Records Cell,Medium,37,24,4,37,10,0.25,6.8
ADM-0002231,LG-000621,Environmental Cell,Medium,18,21,3,17,10,0.29,7.4
ADM-0002232,LG-000621,Public Works Dept,Medium,35,17,2,21,3,0.14,6.5
ADM-0002233,LG-000621,Irrigation Department,Medium,14,23,4,13,8,0.19,8.1
ADM-0002234,LG-000622,Revenue Department,High,29,16,14,86,19,0.46,4.8
ADM-0002235,LG-000622,Land Records Cell,High,34,18,13,107,22,0.47,3.3
ADM-0002236,LG-000622,Environmental Cell,High,44,26,8,54,23,0.81,3.8
ADM-0002237,LG-000622,Public Works Dept,High,21,21,12,96,13,0.54,4.3
ADM-0002238,LG-000623,Revenue Department,Medium,40,22,3,18,9,0.05,7.1
ADM-0002239,LG-000623,Land Records Cell,Medium,25,20,7,40,3,0.28,9.3
ADM-0002240,LG-000623,Environmental Cell,Medium,43,10,15,23,9,0.09,9.6
ADM-0002241,LG-000624,Revenue Department,High,42,9,9,70,38,0.51,2.5
ADM-0002242,LG-000624,Land Records Cell,High,49,15,12,79,23,0.41,2.8
ADM-0002243,LG-000625,Revenue Department,Medium,44,27,10,18,6,0.33,9.4
ADM-0002244,LG-000625,Land Records Cell,Medium,37,13,14,20,5,0.31,9.1
ADM-0002245,LG-000626,Revenue Department,High,34,29,13,117,30,0.84,2.6
ADM-0002246,LG-000626,Land Records Cell,High,36,24,5,98,19,0.65,4.7
ADM-0002247,LG-000627,Revenue Department,High,33,28,11,81,31,0.76,4.7
ADM-0002248,LG-000627,Land Records Cell,High,32,30,15,47,31,0.77,4.6
ADM-0002249,LG-000628,Revenue Department,High,36,25,13,87,31,0.85,3.4
ADM-0002250,LG-000628,Land Records Cell,High,22,20,15,93,25,0.76,4.6
ADM-0002251,LG-000628,Environmental Cell,High,18,13,14,59,10,0.49,2.3
ADM-0002252,LG-000628,Public Works Dept,High,35,13,2,45,29,0.43,3.7
ADM-0002253,LG-000629,Revenue Department,High,22,10,3,57,27,0.79,3.1
ADM-0002254,LG-000629,Land Records Cell,High,29,8,2,48,19,0.73,2.9
ADM-0002255,LG-000630,Revenue Department,High,33,5,7,111,24,0.68,2.6
ADM-0002256,LG-000630,Land Records Cell,High,45,21,3,108,22,0.43,4.2
ADM-0002257,LG-000631,Revenue Department,Medium,39,11,14,29,8,0.25,7.2
ADM-0002258,LG-000631,Land Records Cell,Medium,48,8,2,31,8,0.18,7.9
ADM-0002259,LG-000632,Revenue Department,Medium,46,30,2,36,3,0.29,8.9
ADM-0002260,LG-000632,Land Records Cell,Medium,21,17,14,40,8,0.21,7.8
ADM-0002261,LG-000632,Environmental Cell,Medium,11,21,7,40,5,0.08,6.8
ADM-0002262,LG-000633,Revenue Department,High,44,13,5,56,38,0.68,4.8
ADM-0002263,LG-000633,Land Records Cell,High,11,22,12,76,23,0.56,4.6
ADM-0002264,LG-000633,Environmental Cell,High,18,7,11,109,36,0.63,2.0
ADM-0002265,LG-000634,Revenue Department,Medium,29,8,14,14,9,0.3,8.0
ADM-0002266,LG-000634,Land Records Cell,Medium,23,15,6,40,3,0.09,6.7
ADM-0002267,LG-000635,Revenue Department,High,34,5,5,47,21,0.5,2.9
ADM-0002268,LG-000635,Land Records Cell,High,13,14,10,71,30,0.58,2.5
ADM-0002269,LG-000635,Environmental Cell,High,23,19,2,47,11,0.42,4.2
ADM-0002270,LG-000636,Revenue Department,Medium,44,17,15,10,2,0.21,6.5
ADM-0002271,LG-000636,Land Records Cell,Medium,34,29,8,24,1,0.28,7.8
ADM-0002272,LG-000636,Environmental Cell,Medium,16,30,13,24,0,0.22,8.3
ADM-0002273,LG-000636,Public Works Dept,Medium,43,30,5,40,10,0.33,7.1
ADM-0002274,LG-000636,Irrigation Department,Medium,42,22,8,39,10,0.07,8.9
ADM-0002275,LG-000637,Revenue Department,Medium,35,23,15,39,0,0.3,9.1
ADM-0002276,LG-000637,Land Records Cell,Medium,41,10,2,28,2,0.12,7.9
ADM-0002277,LG-000637,Environmental Cell,Medium,50,13,3,38,3,0.14,9.1
ADM-0002278,LG-000637,Public Works Dept,Medium,37,22,6,39,4,0.11,8.4
ADM-0002279,LG-000638,Revenue Department,Medium,50,21,15,20,9,0.05,7.1
ADM-0002280,LG-000638,Land Records Cell,Medium,16,25,10,17,7,0.05,8.0
ADM-0002281,LG-000638,Environmental Cell,Medium,26,18,9,17,1,0.15,8.2
ADM-0002282,LG-000638,Public Works Dept,Medium,37,28,15,30,9,0.13,9.5
ADM-0002283,LG-000638,Irrigation Department,Medium,15,12,9,26,7,0.29,7.9
ADM-0002284,LG-000639,Revenue Department,Medium,35,15,14,11,7,0.21,7.9
ADM-0002285,LG-000639,Land Records Cell,Medium,36,25,8,39,4,0.22,9.4
ADM-0002286,LG-000639,Environmental Cell,Medium,13,7,11,17,4,0.2,7.3
ADM-0002287,LG-000640,Revenue Department,Medium,37,26,10,31,9,0.28,6.7
ADM-0002288,LG-000640,Land Records Cell,Medium,28,14,9,20,3,0.29,8.4
ADM-0002289,LG-000640,Environmental Cell,Medium,13,15,4,27,5,0.19,7.8
ADM-0002290,LG-000641,Revenue Department,High,36,11,11,113,27,0.7,2.5
ADM-0002291,LG-000641,Land Records Cell,High,50,10,3,104,18,0.63,3.4
ADM-0002292,LG-000642,Revenue Department,Medium,25,30,2,14,9,0.34,9.1
ADM-0002293,LG-000642,Land Records Cell,Medium,34,16,8,38,4,0.08,9.6
ADM-0002294,LG-000642,Environmental Cell,Medium,26,27,10,18,5,0.23,7.6
ADM-0002295,LG-000642,Public Works Dept,Medium,29,21,11,20,6,0.2,8.5
ADM-0002296,LG-000642,Irrigation Department,Medium,33,15,13,39,3,0.21,6.9
ADM-0002297,LG-000643,Revenue Department,High,28,15,8,74,38,0.58,4.6
ADM-0002298,LG-000643,Land Records Cell,High,14,6,3,59,14,0.53,4.7
ADM-0002299,LG-000644,Revenue Department,Medium,18,17,10,38,2,0.25,6.7
ADM-0002300,LG-000644,Land Records Cell,Medium,40,6,7,28,0,0.13,7.1
ADM-0002301,LG-000644,Environmental Cell,Medium,13,16,8,40,10,0.23,9.0
ADM-0002302,LG-000645,Revenue Department,High,30,24,9,116,11,0.4,3.9
ADM-0002303,LG-000645,Land Records Cell,High,18,5,11,103,19,0.68,2.6
ADM-0002304,LG-000646,Revenue Department,High,21,30,9,60,24,0.73,3.6
ADM-0002305,LG-000646,Land Records Cell,High,20,27,6,119,22,0.54,2.6
ADM-0002306,LG-000647,Revenue Department,Medium,34,16,2,19,1,0.06,8.6
ADM-0002307,LG-000647,Land Records Cell,Medium,48,25,3,25,5,0.31,8.1
ADM-0002308,LG-000647,Environmental Cell,Medium,16,5,9,36,10,0.28,6.9
ADM-0002309,LG-000648,Revenue Department,Medium,18,22,10,40,4,0.17,8.9
ADM-0002310,LG-000648,Land Records Cell,Medium,35,14,7,40,2,0.15,8.0
ADM-0002311,LG-000648,Environmental Cell,Medium,32,11,10,11,0,0.3,9.4
ADM-0002312,LG-000648,Public Works Dept,Medium,32,13,11,37,8,0.27,9.8
ADM-0002313,LG-000648,Irrigation Department,Medium,44,8,12,11,1,0.31,8.3
ADM-0002314,LG-000649,Revenue Department,High,11,14,2,120,16,0.61,3.5
ADM-0002315,LG-000649,Land Records Cell,High,29,26,12,106,32,0.54,4.7
ADM-0002316,LG-000649,Environmental Cell,High,12,22,12,65,11,0.73,4.1
ADM-0002317,LG-000649,Public Works Dept,High,16,11,7,54,40,0.5,3.2
ADM-0002318,LG-000650,Revenue Department,High,28,13,15,93,24,0.47,3.6
ADM-0002319,LG-000650,Land Records Cell,High,25,27,7,47,12,0.62,3.7
ADM-0002320,LG-000650,Environmental Cell,High,29,29,7,113,28,0.49,4.8
ADM-0002321,LG-000651,Revenue Department,High,27,26,12,118,26,0.6,2.6
ADM-0002322,LG-000651,Land Records Cell,High,36,23,11,107,21,0.53,2.8
ADM-0002323,LG-000651,Environmental Cell,High,17,14,5,90,12,0.63,4.7
ADM-0002324,LG-000651,Public Works Dept,High,21,21,14,48,37,0.53,3.2
ADM-0002325,LG-000651,Irrigation Department,High,26,25,14,89,23,0.42,2.4
ADM-0002326,LG-000652,Revenue Department,Medium,48,29,6,11,3,0.15,8.2
ADM-0002327,LG-000652,Land Records Cell,Medium,12,22,12,15,3,0.25,7.7
ADM-0002328,LG-000652,Environmental Cell,Medium,48,19,7,32,7,0.19,7.6
ADM-0002329,LG-000652,Public Works Dept,Medium,31,23,15,29,10,0.24,7.2
ADM-0002330,LG-000653,Revenue Department,High,46,16,6,74,19,0.77,2.9
ADM-0002331,LG-000653,Land Records Cell,High,14,11,10,87,15,0.51,3.0
ADM-0002332,LG-000653,Environmental Cell,High,25,10,11,114,19,0.5,3.0
ADM-0002333,LG-000654,Revenue Department,High,27,24,2,101,25,0.57,3.1
ADM-0002334,LG-000654,Land Records Cell,High,10,12,8,71,24,0.59,4.2
ADM-0002335,LG-000655,Revenue Department,Medium,45,29,5,39,7,0.25,8.5
ADM-0002336,LG-000655,Land Records Cell,Medium,39,27,11,23,6,0.18,8.0
ADM-0002337,LG-000655,Environmental Cell,Medium,16,12,11,13,5,0.22,9.4
ADM-0002338,LG-000656,Revenue Department,Medium,34,11,15,16,6,0.34,9.6
ADM-0002339,LG-000656,Land Records Cell,Medium,14,24,8,25,6,0.14,8.5
ADM-0002340,LG-000656,Environmental Cell,Medium,33,30,9,34,0,0.2,6.9
ADM-0002341,LG-000657,Revenue Department,Medium,11,20,9,25,7,0.17,9.5
ADM-0002342,LG-000657,Land Records Cell,Medium,18,24,2,15,5,0.26,9.3
ADM-0002343,LG-000658,Revenue Department,Medium,11,24,8,39,7,0.31,9.5
ADM-0002344,LG-000658,Land Records Cell,Medium,36,30,3,37,8,0.33,9.6
ADM-0002345,LG-000659,Revenue Department,Medium,40,24,9,25,1,0.21,9.5
ADM-0002346,LG-000659,Land Records Cell,Medium,29,24,12,22,1,0.2,9.2
ADM-0002347,LG-000659,Environmental Cell,Medium,15,27,14,20,9,0.07,8.6
ADM-0002348,LG-000660,Revenue Department,High,39,21,11,107,21,0.56,2.8
ADM-0002349,LG-000660,Land Records Cell,High,49,27,10,92,17,0.79,3.5
ADM-0002350,LG-000660,Environmental Cell,High,41,5,7,109,33,0.63,4.5
ADM-0002351,LG-000660,Public Works Dept,High,38,16,12,65,12,0.6,3.5
ADM-0002352,LG-000661,Revenue Department,Medium,31,15,9,38,10,0.06,8.9
ADM-0002353,LG-000661,Land Records Cell,Medium,12,20,4,15,1,0.23,9.3
ADM-0002354,LG-000662,Revenue Department,High,19,21,14,53,35,0.76,4.5
ADM-0002355,LG-000662,Land Records Cell,High,39,26,8,65,38,0.61,3.5
ADM-0002356,LG-000663,Revenue Department,High,31,17,10,115,34,0.7,3.8
ADM-0002357,LG-000663,Land Records Cell,High,18,29,12,86,36,0.41,2.7
ADM-0002358,LG-000663,Environmental Cell,High,42,26,13,56,16,0.66,4.5
ADM-0002359,LG-000663,Public Works Dept,High,27,5,7,79,20,0.63,2.8
ADM-0002360,LG-000663,Irrigation Department,High,43,27,15,50,37,0.48,3.3
ADM-0002361,LG-000664,Revenue Department,Medium,35,8,13,31,10,0.32,9.2
ADM-0002362,LG-000664,Land Records Cell,Medium,34,29,14,11,3,0.34,7.0
ADM-0002363,LG-000664,Environmental Cell,Medium,38,8,2,39,3,0.09,7.7
ADM-0002364,LG-000664,Public Works Dept,Medium,49,10,7,34,4,0.18,9.0
ADM-0002365,LG-000664,Irrigation Department,Medium,39,27,14,24,10,0.11,8.4
ADM-0002366,LG-000665,Revenue Department,Medium,47,30,3,36,2,0.14,7.6
ADM-0002367,LG-000665,Land Records Cell,Medium,50,21,15,18,9,0.11,8.7
ADM-0002368,LG-000665,Environmental Cell,Medium,16,18,9,20,5,0.07,9.1
ADM-0002369,LG-000665,Public Works Dept,Medium,14,10,2,35,9,0.35,7.7
ADM-0002370,LG-000666,Revenue Department,High,37,29,13,46,20,0.78,4.0
ADM-0002371,LG-000666,Land Records Cell,High,16,27,15,72,26,0.72,3.7
ADM-0002372,LG-000666,Environmental Cell,High,16,27,6,102,29,0.79,4.8
ADM-0002373,LG-000666,Public Works Dept,High,15,11,11,110,31,0.52,3.5
ADM-0002374,LG-000667,Revenue Department,Medium,23,12,2,21,9,0.19,8.7
ADM-0002375,LG-000667,Land Records Cell,Medium,30,21,15,18,7,0.19,8.0
ADM-0002376,LG-000668,Revenue Department,Medium,39,16,10,39,5,0.3,9.8
ADM-0002377,LG-000668,Land Records Cell,Medium,29,8,6,36,9,0.17,9.7
ADM-0002378,LG-000668,Environmental Cell,Medium,27,26,8,18,7,0.25,7.3
ADM-0002379,LG-000669,Revenue Department,Medium,13,14,8,17,5,0.23,8.3
ADM-0002380,LG-000669,Land Records Cell,Medium,44,26,11,19,9,0.18,6.8
ADM-0002381,LG-000669,Environmental Cell,Medium,43,20,5,35,9,0.24,6.7
ADM-0002382,LG-000669,Public Works Dept,Medium,50,10,2,40,5,0.22,7.4
ADM-0002383,LG-000669,Irrigation Department,Medium,49,7,4,29,5,0.29,8.5
ADM-0002384,LG-000670,Revenue Department,Medium,19,27,6,12,1,0.18,7.0
ADM-0002385,LG-000670,Land Records Cell,Medium,19,8,10,34,6,0.17,6.8
ADM-0002386,LG-000670,Environmental Cell,Medium,13,11,9,40,1,0.1,7.9
ADM-0002387,LG-000670,Public Works Dept,Medium,50,30,13,19,9,0.25,9.6
ADM-0002388,LG-000670,Irrigation Department,Medium,44,27,9,21,8,0.2,8.0
ADM-0002389,LG-000671,Revenue Department,Medium,26,5,13,14,10,0.17,7.0
ADM-0002390,LG-000671,Land Records Cell,Medium,32,20,6,16,7,0.14,7.8
ADM-0002391,LG-000671,Environmental Cell,Medium,39,15,3,36,0,0.21,9.6
ADM-0002392,LG-000671,Public Works Dept,Medium,50,14,6,21,5,0.2,7.4
ADM-0002393,LG-000672,Revenue Department,High,19,26,15,91,23,0.71,2.9
ADM-0002394,LG-000672,Land Records Cell,High,44,6,6,78,15,0.68,3.3
ADM-0002395,LG-000672,Environmental Cell,High,27,23,3,63,11,0.56,3.9
ADM-0002396,LG-000672,Public Works Dept,High,13,14,5,100,23,0.52,2.4
ADM-0002397,LG-000673,Revenue Department,High,16,18,8,73,20,0.67,3.9
ADM-0002398,LG-000673,Land Records Cell,High,13,25,5,92,27,0.62,3.6
ADM-0002399,LG-000673,Environmental Cell,High,32,12,10,97,36,0.46,2.8
ADM-0002400,LG-000674,Revenue Department,Medium,22,20,13,10,7,0.26,6.6
ADM-0002401,LG-000674,Land Records Cell,Medium,43,7,10,33,3,0.31,8.4
ADM-0002402,LG-000674,Environmental Cell,Medium,10,5,5,36,5,0.14,7.6
ADM-0002403,LG-000674,Public Works Dept,Medium,28,22,4,11,2,0.14,8.5
ADM-0002404,LG-000674,Irrigation Department,Medium,40,10,13,15,4,0.05,9.2
ADM-0002405,LG-000675,Revenue Department,Medium,12,24,3,21,4,0.06,8.2
ADM-0002406,LG-000675,Land Records Cell,Medium,40,17,5,18,10,0.3,8.5
ADM-0002407,LG-000675,Environmental Cell,Medium,27,20,2,33,5,0.12,7.1
ADM-0002408,LG-000675,Public Works Dept,Medium,11,7,4,14,1,0.14,6.7
ADM-0002409,LG-000675,Irrigation Department,Medium,34,5,4,15,4,0.16,6.9
ADM-0002410,LG-000676,Revenue Department,Medium,27,19,9,39,3,0.32,6.6
ADM-0002411,LG-000676,Land Records Cell,Medium,50,13,9,36,10,0.12,8.0
ADM-0002412,LG-000676,Environmental Cell,Medium,19,30,3,17,7,0.11,6.5
ADM-0002413,LG-000677,Revenue Department,Medium,23,13,2,15,1,0.15,6.5
ADM-0002414,LG-000677,Land Records Cell,Medium,17,6,8,23,7,0.33,9.6
ADM-0002415,LG-000678,Revenue Department,Medium,49,6,10,37,0,0.19,7.3
ADM-0002416,LG-000678,Land Records Cell,Medium,19,20,3,39,6,0.33,6.7
ADM-0002417,LG-000678,Environmental Cell,Medium,27,6,7,37,8,0.28,7.3
ADM-0002418,LG-000678,Public Works Dept,Medium,40,20,6,22,8,0.1,9.4
ADM-0002419,LG-000679,Revenue Department,Medium,37,5,3,22,3,0.28,8.9
ADM-0002420,LG-000679,Land Records Cell,Medium,10,23,10,30,9,0.24,9.7
ADM-0002421,LG-000679,Environmental Cell,Medium,34,18,4,16,2,0.2,7.8
ADM-0002422,LG-000679,Public Works Dept,Medium,49,6,10,17,9,0.06,8.5
ADM-0002423,LG-000679,Irrigation Department,Medium,16,19,2,14,9,0.12,9.2
ADM-0002424,LG-000680,Revenue Department,Medium,34,7,10,28,3,0.07,9.6
ADM-0002425,LG-000680,Land Records Cell,Medium,34,26,5,10,7,0.3,7.8
ADM-0002426,LG-000680,Environmental Cell,Medium,35,26,9,38,3,0.16,6.7
ADM-0002427,LG-000680,Public Works Dept,Medium,15,20,3,36,2,0.06,8.2
ADM-0002428,LG-000681,Revenue Department,High,20,12,3,84,36,0.71,3.1
ADM-0002429,LG-000681,Land Records Cell,High,28,14,8,53,30,0.61,4.7
ADM-0002430,LG-000682,Revenue Department,Medium,37,14,9,11,9,0.09,8.6
ADM-0002431,LG-000682,Land Records Cell,Medium,12,11,11,38,8,0.24,9.5
ADM-0002432,LG-000682,Environmental Cell,Medium,39,8,8,14,9,0.18,8.1
ADM-0002433,LG-000682,Public Works Dept,Medium,27,10,4,20,7,0.3,9.0
ADM-0002434,LG-000683,Revenue Department,High,34,18,3,87,36,0.79,3.6
ADM-0002435,LG-000683,Land Records Cell,High,17,22,7,85,25,0.53,2.3
ADM-0002436,LG-000683,Environmental Cell,High,50,20,5,111,40,0.74,3.2
ADM-0002437,LG-000683,Public Works Dept,High,31,25,13,86,23,0.63,5.0
ADM-0002438,LG-000683,Irrigation Department,High,46,15,7,104,26,0.8,4.0
ADM-0002439,LG-000684,Revenue Department,Medium,49,18,14,32,6,0.2,7.7
ADM-0002440,LG-000684,Land Records Cell,Medium,43,29,12,37,4,0.2,9.1
ADM-0002441,LG-000685,Revenue Department,Medium,47,21,9,27,8,0.28,7.4
ADM-0002442,LG-000685,Land Records Cell,Medium,10,11,5,36,2,0.2,8.0
ADM-0002443,LG-000685,Environmental Cell,Medium,37,5,4,29,9,0.1,7.2
ADM-0002444,LG-000685,Public Works Dept,Medium,42,25,9,15,4,0.11,9.0
ADM-0002445,LG-000686,Revenue Department,High,48,6,6,85,21,0.48,3.6
ADM-0002446,LG-000686,Land Records Cell,High,47,22,10,106,15,0.6,4.9
ADM-0002447,LG-000686,Environmental Cell,High,35,29,8,100,30,0.64,3.0
ADM-0002448,LG-000686,Public Works Dept,High,10,29,4,58,20,0.64,4.3
ADM-0002449,LG-000686,Irrigation Department,High,50,5,15,58,35,0.5,3.6
ADM-0002450,LG-000687,Revenue Department,Medium,11,15,13,29,3,0.35,9.3
ADM-0002451,LG-000687,Land Records Cell,Medium,25,18,5,18,1,0.27,8.5
ADM-0002452,LG-000688,Revenue Department,High,30,9,3,67,29,0.63,2.5
ADM-0002453,LG-000688,Land Records Cell,High,24,12,8,95,35,0.81,2.0
ADM-0002454,LG-000688,Environmental Cell,High,35,13,11,119,32,0.72,4.2
ADM-0002455,LG-000688,Public Works Dept,High,18,10,15,100,16,0.48,3.0
ADM-0002456,LG-000689,Revenue Department,Medium,31,10,7,32,7,0.3,6.9
ADM-0002457,LG-000689,Land Records Cell,Medium,44,30,9,36,7,0.32,8.2
ADM-0002458,LG-000690,Revenue Department,Medium,38,17,8,40,6,0.23,8.1
ADM-0002459,LG-000690,Land Records Cell,Medium,48,23,6,39,3,0.14,7.0
ADM-0002460,LG-000691,Revenue Department,Medium,32,10,8,15,2,0.12,8.1
ADM-0002461,LG-000691,Land Records Cell,Medium,31,13,10,40,8,0.25,7.7
ADM-0002462,LG-000691,Environmental Cell,Medium,24,13,7,15,10,0.06,9.3
ADM-0002463,LG-000691,Public Works Dept,Medium,14,13,8,13,6,0.23,7.6
ADM-0002464,LG-000691,Irrigation Department,Medium,29,17,11,36,1,0.15,8.1
ADM-0002465,LG-000692,Revenue Department,High,47,10,12,106,31,0.65,4.6
ADM-0002466,LG-000692,Land Records Cell,High,27,27,12,108,39,0.58,4.9
ADM-0002467,LG-000693,Revenue Department,Medium,10,7,7,30,1,0.25,6.6
ADM-0002468,LG-000693,Land Records Cell,Medium,48,21,15,37,7,0.23,7.6
ADM-0002469,LG-000693,Environmental Cell,Medium,38,19,2,30,9,0.05,9.1
ADM-0002470,LG-000693,Public Works Dept,Medium,50,27,5,35,1,0.28,7.6
ADM-0002471,LG-000693,Irrigation Department,Medium,28,8,4,18,2,0.2,7.2
ADM-0002472,LG-000694,Revenue Department,Medium,21,29,15,28,1,0.29,8.4
ADM-0002473,LG-000694,Land Records Cell,Medium,20,21,10,17,10,0.06,9.1
ADM-0002474,LG-000694,Environmental Cell,Medium,50,19,10,20,6,0.28,8.3
ADM-0002475,LG-000694,Public Works Dept,Medium,35,25,11,24,5,0.15,9.6
ADM-0002476,LG-000694,Irrigation Department,Medium,21,25,3,32,10,0.25,6.9
ADM-0002477,LG-000695,Revenue Department,Medium,13,22,2,34,2,0.2,8.6
ADM-0002478,LG-000695,Land Records Cell,Medium,44,28,13,13,8,0.07,9.7
ADM-0002479,LG-000695,Environmental Cell,Medium,32,10,15,35,2,0.24,8.3
ADM-0002480,LG-000696,Revenue Department,Medium,11,14,12,10,8,0.24,7.3
ADM-0002481,LG-000696,Land Records Cell,Medium,44,24,5,20,3,0.13,8.6
ADM-0002482,LG-000696,Environmental Cell,Medium,18,12,8,13,1,0.15,9.2
ADM-0002483,LG-000696,Public Works Dept,Medium,15,17,6,28,8,0.32,9.4
ADM-0002484,LG-000697,Revenue Department,Medium,17,10,12,20,6,0.27,7.7
ADM-0002485,LG-000697,Land Records Cell,Medium,43,21,10,31,3,0.08,9.2
ADM-0002486,LG-000697,Environmental Cell,Medium,35,24,3,39,2,0.05,9.5
ADM-0002487,LG-000697,Public Works Dept,Medium,10,11,14,38,7,0.1,9.3
ADM-0002488,LG-000697,Irrigation Department,Medium,27,28,7,31,10,0.11,9.8
ADM-0002489,LG-000698,Revenue Department,Medium,21,22,6,38,1,0.26,9.5
ADM-0002490,LG-000698,Land Records Cell,Medium,26,25,6,18,8,0.27,9.7
ADM-0002491,LG-000699,Revenue Department,Medium,17,21,2,26,9,0.34,9.1
ADM-0002492,LG-000699,Land Records Cell,Medium,42,29,8,12,3,0.09,9.0
ADM-0002493,LG-000699,Environmental Cell,Medium,11,24,5,29,10,0.17,9.5
ADM-0002494,LG-000699,Public Works Dept,Medium,34,13,9,16,5,0.11,9.2
ADM-0002495,LG-000700,Revenue Department,High,18,14,15,100,19,0.46,2.1
ADM-0002496,LG-000700,Land Records Cell,High,21,25,7,64,25,0.71,4.8
ADM-0002497,LG-000700,Environmental Cell,High,49,21,12,101,39,0.57,3.8
ADM-0002498,LG-000700,Public Works Dept,High,39,30,6,107,31,0.59,2.0
ADM-0002499,LG-000701,Revenue Department,Medium,30,23,9,15,4,0.14,7.4
ADM-0002500,LG-000701,Land Records Cell,Medium,23,5,3,23,5,0.18,8.1
ADM-0002501,LG-000701,Environmental Cell,Medium,50,27,5,37,1,0.18,8.1
ADM-0002502,LG-000701,Public Works Dept,Medium,12,17,5,35,4,0.14,9.0
ADM-0002503,LG-000701,Irrigation Department,Medium,36,11,14,19,3,0.21,8.5
ADM-0002504,LG-000702,Revenue Department,Medium,31,22,15,12,7,0.28,7.8
ADM-0002505,LG-000702,Land Records Cell,Medium,24,6,9,20,4,0.29,8.5
ADM-0002506,LG-000702,Environmental Cell,Medium,19,28,15,14,2,0.27,7.1
ADM-0002507,LG-000702,Public Works Dept,Medium,34,27,14,22,0,0.23,8.3
ADM-0002508,LG-000703,Revenue Department,High,44,17,10,60,16,0.64,3.2
ADM-0002509,LG-000703,Land Records Cell,High,32,14,3,114,32,0.64,3.0
ADM-0002510,LG-000703,Environmental Cell,High,50,28,7,93,26,0.42,4.9
ADM-0002511,LG-000703,Public Works Dept,High,25,24,12,102,38,0.5,2.3
ADM-0002512,LG-000703,Irrigation Department,High,47,18,15,106,37,0.73,2.2
ADM-0002513,LG-000704,Revenue Department,Medium,40,27,7,39,6,0.27,8.1
ADM-0002514,LG-000704,Land Records Cell,Medium,25,17,6,28,2,0.19,9.6
ADM-0002515,LG-000704,Environmental Cell,Medium,42,24,13,20,9,0.33,7.9
ADM-0002516,LG-000704,Public Works Dept,Medium,28,25,9,39,4,0.29,7.8
ADM-0002517,LG-000704,Irrigation Department,Medium,27,11,5,34,10,0.19,6.7
ADM-0002518,LG-000705,Revenue Department,High,17,14,11,110,33,0.55,4.2
ADM-0002519,LG-000705,Land Records Cell,High,50,13,13,87,15,0.64,2.9
ADM-0002520,LG-000705,Environmental Cell,High,25,27,12,111,24,0.79,3.7
ADM-0002521,LG-000706,Revenue Department,High,19,9,2,86,14,0.69,3.8
ADM-0002522,LG-000706,Land Records Cell,High,10,30,9,73,20,0.8,3.2
ADM-0002523,LG-000706,Environmental Cell,High,15,20,15,57,33,0.73,2.8
ADM-0002524,LG-000707,Revenue Department,High,33,27,3,62,25,0.8,2.0
ADM-0002525,LG-000707,Land Records Cell,High,42,13,8,102,30,0.79,4.6
ADM-0002526,LG-000708,Revenue Department,Medium,31,24,2,16,3,0.23,6.8
ADM-0002527,LG-000708,Land Records Cell,Medium,47,10,8,39,2,0.16,9.6
ADM-0002528,LG-000708,Environmental Cell,Medium,19,22,4,31,8,0.08,8.7
ADM-0002529,LG-000709,Revenue Department,Medium,27,11,13,28,0,0.09,6.6
ADM-0002530,LG-000709,Land Records Cell,Medium,22,5,8,19,0,0.3,9.7
ADM-0002531,LG-000709,Environmental Cell,Medium,16,7,5,32,6,0.12,7.0
ADM-0002532,LG-000710,Revenue Department,Medium,26,5,15,31,4,0.06,8.8
ADM-0002533,LG-000710,Land Records Cell,Medium,33,11,4,13,4,0.11,9.4
ADM-0002534,LG-000710,Environmental Cell,Medium,13,12,5,30,8,0.32,6.6
ADM-0002535,LG-000710,Public Works Dept,Medium,33,5,4,40,4,0.28,8.5
ADM-0002536,LG-000711,Revenue Department,Medium,23,18,5,16,10,0.1,8.0
ADM-0002537,LG-000711,Land Records Cell,Medium,43,29,7,24,7,0.11,8.4
ADM-0002538,LG-000711,Environmental Cell,Medium,36,24,7,21,4,0.33,9.6
ADM-0002539,LG-000712,Revenue Department,High,33,9,12,55,40,0.59,4.1
ADM-0002540,LG-000712,Land Records Cell,High,20,5,7,68,35,0.62,3.0
ADM-0002541,LG-000713,Revenue Department,High,26,12,14,76,26,0.68,3.0
ADM-0002542,LG-000713,Land Records Cell,High,44,30,7,117,40,0.57,4.9
ADM-0002543,LG-000714,Revenue Department,Medium,45,7,12,37,7,0.12,7.8
ADM-0002544,LG-000714,Land Records Cell,Medium,16,14,10,19,0,0.15,9.6
ADM-0002545,LG-000714,Environmental Cell,Medium,36,9,14,11,0,0.06,8.2
ADM-0002546,LG-000714,Public Works Dept,Medium,49,8,4,39,10,0.22,7.6
ADM-0002547,LG-000715,Revenue Department,High,15,9,4,53,32,0.83,2.7
ADM-0002548,LG-000715,Land Records Cell,High,19,16,9,98,33,0.72,2.9
ADM-0002549,LG-000715,Environmental Cell,High,44,19,4,73,29,0.73,4.7
ADM-0002550,LG-000715,Public Works Dept,High,41,13,8,104,22,0.7,3.4
ADM-0002551,LG-000716,Revenue Department,High,22,9,11,116,30,0.45,2.2
ADM-0002552,LG-000716,Land Records Cell,High,37,8,3,112,32,0.61,2.1
ADM-0002553,LG-000717,Revenue Department,Medium,16,22,4,40,4,0.11,8.7
ADM-0002554,LG-000717,Land Records Cell,Medium,29,13,14,40,10,0.23,6.8
ADM-0002555,LG-000717,Environmental Cell,Medium,36,15,5,13,4,0.27,9.1
ADM-0002556,LG-000717,Public Works Dept,Medium,44,11,7,26,10,0.18,7.4
ADM-0002557,LG-000718,Revenue Department,High,18,16,11,106,24,0.76,3.4
ADM-0002558,LG-000718,Land Records Cell,High,21,5,7,78,31,0.54,2.3
ADM-0002559,LG-000719,Revenue Department,High,23,19,3,116,24,0.45,3.9
ADM-0002560,LG-000719,Land Records Cell,High,34,29,8,65,12,0.44,2.8
ADM-0002561,LG-000719,Environmental Cell,High,42,14,7,76,29,0.66,4.2
ADM-0002562,LG-000719,Public Works Dept,High,16,18,12,80,22,0.72,2.8
ADM-0002563,LG-000719,Irrigation Department,High,41,30,4,71,12,0.78,3.9
ADM-0002564,LG-000720,Revenue Department,High,23,10,13,114,13,0.61,4.9
ADM-0002565,LG-000720,Land Records Cell,High,37,12,10,99,18,0.75,2.4
ADM-0002566,LG-000720,Environmental Cell,High,36,20,3,91,28,0.76,3.6
ADM-0002567,LG-000720,Public Works Dept,High,33,28,13,51,12,0.47,2.9
ADM-0002568,LG-000721,Revenue Department,Medium,11,5,10,26,6,0.2,7.7
ADM-0002569,LG-000721,Land Records Cell,Medium,34,20,9,29,0,0.34,8.8
ADM-0002570,LG-000722,Revenue Department,High,39,5,13,90,21,0.58,4.6
ADM-0002571,LG-000722,Land Records Cell,High,41,8,3,73,31,0.6,2.2
ADM-0002572,LG-000723,Revenue Department,Medium,47,21,11,10,1,0.34,9.7
ADM-0002573,LG-000723,Land Records Cell,Medium,29,8,9,28,6,0.26,9.4
ADM-0002574,LG-000724,Revenue Department,Medium,19,20,14,22,6,0.24,9.7
ADM-0002575,LG-000724,Land Records Cell,Medium,33,24,6,33,8,0.27,8.0
ADM-0002576,LG-000724,Environmental Cell,Medium,29,8,15,34,1,0.22,9.8
ADM-0002577,LG-000724,Public Works Dept,Medium,38,19,11,33,6,0.21,9.5
ADM-0002578,LG-000725,Revenue Department,High,25,28,8,84,22,0.81,2.1
ADM-0002579,LG-000725,Land Records Cell,High,37,11,12,74,17,0.62,2.1
ADM-0002580,LG-000725,Environmental Cell,High,42,22,3,76,18,0.8,3.1
ADM-0002581,LG-000725,Public Works Dept,High,50,29,4,81,30,0.82,4.4
ADM-0002582,LG-000725,Irrigation Department,High,35,25,13,90,40,0.46,3.7
ADM-0002583,LG-000726,Revenue Department,Medium,10,15,11,21,8,0.17,8.5
ADM-0002584,LG-000726,Land Records Cell,Medium,41,16,15,18,0,0.35,9.3
ADM-0002585,LG-000726,Environmental Cell,Medium,23,18,15,32,5,0.24,7.1
ADM-0002586,LG-000726,Public Works Dept,Medium,20,26,6,12,9,0.06,8.4
ADM-0002587,LG-000726,Irrigation Department,Medium,49,10,11,28,7,0.09,6.8
ADM-0002588,LG-000727,Revenue Department,High,24,9,14,120,38,0.71,3.9
ADM-0002589,LG-000727,Land Records Cell,High,23,9,10,89,18,0.56,3.7
ADM-0002590,LG-000727,Environmental Cell,High,38,10,2,60,11,0.83,4.2
ADM-0002591,LG-000728,Revenue Department,Medium,32,28,10,11,8,0.31,7.9
ADM-0002592,LG-000728,Land Records Cell,Medium,34,25,11,40,2,0.21,6.9
ADM-0002593,LG-000728,Environmental Cell,Medium,48,12,15,21,10,0.34,8.0
ADM-0002594,LG-000728,Public Works Dept,Medium,35,28,13,33,8,0.26,9.4
ADM-0002595,LG-000729,Revenue Department,Medium,17,19,12,18,2,0.15,9.2
ADM-0002596,LG-000729,Land Records Cell,Medium,14,15,6,27,6,0.19,8.9
ADM-0002597,LG-000729,Environmental Cell,Medium,29,28,8,23,1,0.35,9.7
ADM-0002598,LG-000730,Revenue Department,Medium,20,28,11,10,7,0.2,6.6
ADM-0002599,LG-000730,Land Records Cell,Medium,42,5,2,24,5,0.16,9.2
ADM-0002600,LG-000730,Environmental Cell,Medium,13,28,6,19,8,0.11,8.5
ADM-0002601,LG-000731,Revenue Department,High,17,6,3,62,37,0.79,4.0
ADM-0002602,LG-000731,Land Records Cell,High,41,19,5,89,38,0.68,3.9
ADM-0002603,LG-000732,Revenue Department,Medium,21,22,12,20,0,0.15,9.4
ADM-0002604,LG-000732,Land Records Cell,Medium,46,10,8,16,10,0.22,7.6
ADM-0002605,LG-000732,Environmental Cell,Medium,10,23,14,36,1,0.26,9.6
ADM-0002606,LG-000733,Revenue Department,High,49,20,14,87,20,0.74,3.6
ADM-0002607,LG-000733,Land Records Cell,High,41,17,3,48,32,0.54,2.0
ADM-0002608,LG-000733,Environmental Cell,High,15,25,3,86,13,0.79,2.3
ADM-0002609,LG-000734,Revenue Department,High,45,6,10,54,31,0.54,3.5
ADM-0002610,LG-000734,Land Records Cell,High,13,12,14,70,26,0.5,4.5
ADM-0002611,LG-000734,Environmental Cell,High,34,5,12,111,18,0.53,2.2
ADM-0002612,LG-000734,Public Works Dept,High,47,19,10,53,18,0.66,3.6
ADM-0002613,LG-000735,Revenue Department,Medium,30,13,3,18,1,0.18,9.0
ADM-0002614,LG-000735,Land Records Cell,Medium,19,13,11,14,4,0.29,7.3
ADM-0002615,LG-000735,Environmental Cell,Medium,22,7,14,16,3,0.34,8.1
ADM-0002616,LG-000735,Public Works Dept,Medium,34,16,13,14,10,0.28,8.2
ADM-0002617,LG-000736,Revenue Department,Medium,41,11,10,21,9,0.08,8.8
ADM-0002618,LG-000736,Land Records Cell,Medium,37,10,11,11,6,0.34,9.7
ADM-0002619,LG-000736,Environmental Cell,Medium,42,15,9,18,7,0.33,7.4
ADM-0002620,LG-000736,Public Works Dept,Medium,18,9,3,19,5,0.3,9.5
ADM-0002621,LG-000737,Revenue Department,Medium,17,22,2,24,3,0.31,8.0
ADM-0002622,LG-000737,Land Records Cell,Medium,33,14,5,35,6,0.26,9.1
ADM-0002623,LG-000737,Environmental Cell,Medium,33,9,10,28,0,0.15,7.8
ADM-0002624,LG-000737,Public Works Dept,Medium,12,14,10,21,0,0.11,8.5
ADM-0002625,LG-000738,Revenue Department,High,42,10,14,73,15,0.57,5.0
ADM-0002626,LG-000738,Land Records Cell,High,14,26,10,92,35,0.68,3.3
ADM-0002627,LG-000738,Environmental Cell,High,28,12,12,89,35,0.63,3.5
ADM-0002628,LG-000738,Public Works Dept,High,42,14,6,64,13,0.79,2.7
ADM-0002629,LG-000738,Irrigation Department,High,10,27,11,55,25,0.77,4.8
ADM-0002630,LG-000739,Revenue Department,High,46,22,7,92,38,0.48,4.3
ADM-0002631,LG-000739,Land Records Cell,High,16,16,4,84,14,0.66,4.1
ADM-0002632,LG-000739,Environmental Cell,High,19,26,15,64,10,0.57,4.8
ADM-0002633,LG-000739,Public Works Dept,High,20,22,15,103,11,0.74,4.2
ADM-0002634,LG-000739,Irrigation Department,High,42,5,8,105,15,0.68,4.5
ADM-0002635,LG-000740,Revenue Department,High,42,29,2,120,26,0.83,4.6
ADM-0002636,LG-000740,Land Records Cell,High,47,5,9,59,36,0.68,4.4
ADM-0002637,LG-000740,Environmental Cell,High,15,29,14,67,38,0.44,3.9
ADM-0002638,LG-000741,Revenue Department,High,18,20,15,50,32,0.43,2.2
ADM-0002639,LG-000741,Land Records Cell,High,41,26,10,87,12,0.78,4.1
ADM-0002640,LG-000741,Environmental Cell,High,14,22,15,49,11,0.8,3.2
ADM-0002641,LG-000741,Public Works Dept,High,12,15,15,62,35,0.64,3.0
ADM-0002642,LG-000741,Irrigation Department,High,20,29,3,100,11,0.61,4.1
ADM-0002643,LG-000742,Revenue Department,Medium,15,29,14,27,0,0.26,9.6
ADM-0002644,LG-000742,Land Records Cell,Medium,10,8,5,29,1,0.07,6.5
ADM-0002645,LG-000742,Environmental Cell,Medium,29,29,12,35,6,0.06,7.9
ADM-0002646,LG-000742,Public Works Dept,Medium,13,20,12,28,1,0.1,7.1
ADM-0002647,LG-000743,Revenue Department,Medium,12,20,2,23,9,0.17,9.3
ADM-0002648,LG-000743,Land Records Cell,Medium,31,28,14,35,2,0.22,7.3
ADM-0002649,LG-000743,Environmental Cell,Medium,40,17,8,22,1,0.19,6.8
ADM-0002650,LG-000744,Revenue Department,High,46,24,3,47,24,0.84,3.9
ADM-0002651,LG-000744,Land Records Cell,High,34,7,5,62,19,0.84,2.1
ADM-0002652,LG-000744,Environmental Cell,High,31,14,10,100,36,0.79,3.6
ADM-0002653,LG-000744,Public Works Dept,High,23,7,9,50,24,0.57,2.4
ADM-0002654,LG-000744,Irrigation Department,High,18,22,7,74,38,0.49,2.5
ADM-0002655,LG-000745,Revenue Department,Medium,21,20,6,34,7,0.34,8.6
ADM-0002656,LG-000745,Land Records Cell,Medium,22,23,3,27,9,0.22,8.6
ADM-0002657,LG-000745,Environmental Cell,Medium,39,6,14,31,3,0.27,9.3
ADM-0002658,LG-000746,Revenue Department,High,13,15,15,45,26,0.81,4.1
ADM-0002659,LG-000746,Land Records Cell,High,26,22,15,88,30,0.47,4.7
ADM-0002660,LG-000746,Environmental Cell,High,10,10,4,101,37,0.78,3.5
ADM-0002661,LG-000746,Public Works Dept,High,26,8,10,97,12,0.78,4.0
ADM-0002662,LG-000747,Revenue Department,Medium,48,23,2,35,7,0.22,8.4
ADM-0002663,LG-000747,Land Records Cell,Medium,49,6,14,10,9,0.08,8.3
ADM-0002664,LG-000747,Environmental Cell,Medium,47,25,13,33,1,0.13,9.1
ADM-0002665,LG-000747,Public Works Dept,Medium,30,27,9,30,4,0.24,7.5
ADM-0002666,LG-000747,Irrigation Department,Medium,47,19,3,27,1,0.05,8.4
ADM-0002667,LG-000748,Revenue Department,High,10,21,4,57,16,0.76,3.4
ADM-0002668,LG-000748,Land Records Cell,High,44,29,3,113,15,0.62,2.2
ADM-0002669,LG-000748,Environmental Cell,High,43,14,12,45,12,0.65,2.8
ADM-0002670,LG-000748,Public Works Dept,High,49,29,7,45,35,0.68,2.1
ADM-0002671,LG-000748,Irrigation Department,High,34,17,12,48,36,0.64,3.8
ADM-0002672,LG-000749,Revenue Department,Medium,19,15,10,25,7,0.08,8.3
ADM-0002673,LG-000749,Land Records Cell,Medium,22,25,11,40,1,0.06,6.5
ADM-0002674,LG-000749,Environmental Cell,Medium,27,6,10,38,2,0.16,9.5
ADM-0002675,LG-000750,Revenue Department,Medium,29,13,2,39,6,0.05,8.6
ADM-0002676,LG-000750,Land Records Cell,Medium,47,19,6,32,5,0.2,8.0
ADM-0002677,LG-000751,Revenue Department,Medium,35,18,6,26,0,0.16,9.7
ADM-0002678,LG-000751,Land Records Cell,Medium,10,25,12,33,2,0.17,7.3
ADM-0002679,LG-000751,Environmental Cell,Medium,25,11,5,35,2,0.27,7.2
ADM-0002680,LG-000751,Public Works Dept,Medium,27,26,10,10,1,0.27,9.3
ADM-0002681,LG-000752,Revenue Department,Medium,17,22,13,21,10,0.07,9.6
ADM-0002682,LG-000752,Land Records Cell,Medium,46,28,3,27,4,0.35,8.6
ADM-0002683,LG-000752,Environmental Cell,Medium,34,9,15,35,9,0.07,8.6
ADM-0002684,LG-000752,Public Works Dept,Medium,29,9,6,16,3,0.07,8.8
ADM-0002685,LG-000753,Revenue Department,High,12,20,14,45,10,0.62,3.4
ADM-0002686,LG-000753,Land Records Cell,High,42,16,13,55,14,0.45,2.5
ADM-0002687,LG-000753,Environmental Cell,High,29,16,2,54,29,0.49,3.9
ADM-0002688,LG-000753,Public Works Dept,High,17,16,13,112,21,0.69,3.7
ADM-0002689,LG-000754,Revenue Department,Medium,12,13,6,10,4,0.2,7.1
ADM-0002690,LG-000754,Land Records Cell,Medium,43,6,9,35,9,0.2,8.2
ADM-0002691,LG-000754,Environmental Cell,Medium,38,7,15,39,7,0.05,9.7
ADM-0002692,LG-000755,Revenue Department,High,27,6,14,95,18,0.8,2.5
ADM-0002693,LG-000755,Land Records Cell,High,19,25,4,87,26,0.57,2.6
ADM-0002694,LG-000755,Environmental Cell,High,47,9,10,46,38,0.79,2.2
ADM-0002695,LG-000755,Public Works Dept,High,39,20,15,81,24,0.5,4.1
ADM-0002696,LG-000756,Revenue Department,High,40,16,11,59,27,0.58,2.7
ADM-0002697,LG-000756,Land Records Cell,High,39,24,9,56,40,0.53,3.3
ADM-0002698,LG-000757,Revenue Department,High,16,24,15,46,10,0.62,3.7
ADM-0002699,LG-000757,Land Records Cell,High,44,27,3,48,14,0.79,4.5
ADM-0002700,LG-000757,Environmental Cell,High,45,30,12,61,22,0.47,2.1
ADM-0002701,LG-000757,Public Works Dept,High,27,24,5,68,33,0.81,2.7
ADM-0002702,LG-000758,Revenue Department,Medium,27,22,10,10,8,0.23,8.6
ADM-0002703,LG-000758,Land Records Cell,Medium,20,7,5,40,5,0.16,6.7
ADM-0002704,LG-000758,Environmental Cell,Medium,27,16,7,28,8,0.26,6.8
ADM-0002705,LG-000758,Public Works Dept,Medium,50,28,10,13,2,0.21,7.5
ADM-0002706,LG-000758,Irrigation Department,Medium,26,12,9,29,0,0.26,7.6
ADM-0002707,LG-000759,Revenue Department,Medium,33,20,12,15,10,0.24,9.1
ADM-0002708,LG-000759,Land Records Cell,Medium,23,18,14,38,1,0.35,7.5
ADM-0002709,LG-000759,Environmental Cell,Medium,17,21,11,15,10,0.35,7.5
ADM-0002710,LG-000760,Revenue Department,High,20,25,3,56,37,0.72,3.8
ADM-0002711,LG-000760,Land Records Cell,High,38,8,2,58,38,0.53,4.8
ADM-0002712,LG-000761,Revenue Department,Medium,36,24,6,39,3,0.15,8.8
ADM-0002713,LG-000761,Land Records Cell,Medium,21,26,4,30,1,0.07,6.8
ADM-0002714,LG-000761,Environmental Cell,Medium,16,18,11,37,9,0.21,8.8
ADM-0002715,LG-000761,Public Works Dept,Medium,42,24,7,15,0,0.18,9.4
ADM-0002716,LG-000762,Revenue Department,High,48,24,5,96,12,0.63,4.7
ADM-0002717,LG-000762,Land Records Cell,High,15,21,7,109,13,0.61,3.4
ADM-0002718,LG-000762,Environmental Cell,High,42,5,4,113,35,0.56,3.9
ADM-0002719,LG-000763,Revenue Department,High,28,17,5,93,15,0.8,4.8
ADM-0002720,LG-000763,Land Records Cell,High,15,22,3,101,39,0.49,2.2
ADM-0002721,LG-000763,Environmental Cell,High,16,9,4,85,11,0.48,2.6
ADM-0002722,LG-000763,Public Works Dept,High,34,5,8,106,34,0.42,3.5
ADM-0002723,LG-000763,Irrigation Department,High,40,9,7,100,30,0.41,4.1
ADM-0002724,LG-000764,Revenue Department,Medium,35,24,12,22,10,0.17,9.6
ADM-0002725,LG-000764,Land Records Cell,Medium,13,20,4,13,2,0.25,8.7
ADM-0002726,LG-000764,Environmental Cell,Medium,50,24,12,14,9,0.3,9.2
ADM-0002727,LG-000764,Public Works Dept,Medium,40,26,9,21,5,0.34,8.8
ADM-0002728,LG-000764,Irrigation Department,Medium,42,24,8,33,5,0.27,7.0
ADM-0002729,LG-000765,Revenue Department,High,32,21,5,69,27,0.4,3.9
ADM-0002730,LG-000765,Land Records Cell,High,36,28,12,90,33,0.58,2.3
ADM-0002731,LG-000765,Environmental Cell,High,30,12,6,105,32,0.66,4.8
ADM-0002732,LG-000766,Revenue Department,Medium,18,12,6,38,3,0.34,7.1
ADM-0002733,LG-000766,Land Records Cell,Medium,41,24,15,37,5,0.23,9.4
ADM-0002734,LG-000766,Environmental Cell,Medium,43,26,8,27,9,0.3,7.8
ADM-0002735,LG-000767,Revenue Department,High,40,7,8,117,26,0.83,3.3
ADM-0002736,LG-000767,Land Records Cell,High,14,30,11,50,35,0.56,2.8
ADM-0002737,LG-000767,Environmental Cell,High,44,20,2,55,12,0.41,4.4
ADM-0002738,LG-000767,Public Works Dept,High,33,12,8,62,17,0.57,3.1
ADM-0002739,LG-000767,Irrigation Department,High,24,11,8,55,15,0.7,4.7
ADM-0002740,LG-000768,Revenue Department,Medium,31,30,7,15,9,0.1,9.0
ADM-0002741,LG-000768,Land Records Cell,Medium,30,24,6,16,10,0.28,8.7
ADM-0002742,LG-000768,Environmental Cell,Medium,34,28,3,40,2,0.29,9.6
ADM-0002743,LG-000768,Public Works Dept,Medium,48,24,12,34,5,0.12,8.9
ADM-0002744,LG-000768,Irrigation Department,Medium,39,28,9,40,8,0.17,8.9
ADM-0002745,LG-000769,Revenue Department,Medium,40,27,9,37,6,0.06,7.1
ADM-0002746,LG-000769,Land Records Cell,Medium,48,18,8,30,6,0.09,7.6
ADM-0002747,LG-000770,Revenue Department,Medium,37,15,9,30,0,0.27,8.0
ADM-0002748,LG-000770,Land Records Cell,Medium,46,30,13,34,2,0.19,8.4
ADM-0002749,LG-000770,Environmental Cell,Medium,23,25,7,25,2,0.27,8.6
ADM-0002750,LG-000771,Revenue Department,Medium,18,29,6,20,4,0.1,7.9
ADM-0002751,LG-000771,Land Records Cell,Medium,17,18,8,33,10,0.25,9.6
ADM-0002752,LG-000771,Environmental Cell,Medium,16,29,5,10,9,0.1,7.0
ADM-0002753,LG-000771,Public Works Dept,Medium,44,10,11,16,10,0.35,7.1
ADM-0002754,LG-000771,Irrigation Department,Medium,38,23,4,15,6,0.21,7.1
ADM-0002755,LG-000772,Revenue Department,Medium,43,18,2,22,1,0.17,7.6
ADM-0002756,LG-000772,Land Records Cell,Medium,40,19,12,18,9,0.09,9.7
ADM-0002757,LG-000773,Revenue Department,Medium,39,26,13,28,5,0.23,6.9
ADM-0002758,LG-000773,Land Records Cell,Medium,44,20,12,24,2,0.18,6.9
ADM-0002759,LG-000773,Environmental Cell,Medium,16,7,12,23,10,0.11,6.7
ADM-0002760,LG-000774,Revenue Department,High,48,23,2,56,15,0.63,2.5
ADM-0002761,LG-000774,Land Records Cell,High,39,12,9,97,23,0.58,2.6
ADM-0002762,LG-000775,Revenue Department,High,16,14,2,81,27,0.46,4.2
ADM-0002763,LG-000775,Land Records Cell,High,48,12,7,120,16,0.45,4.9
ADM-0002764,LG-000775,Environmental Cell,High,33,21,4,48,18,0.57,4.4
ADM-0002765,LG-000775,Public Works Dept,High,17,21,13,92,17,0.43,4.4
ADM-0002766,LG-000775,Irrigation Department,High,37,22,5,70,25,0.84,2.0
ADM-0002767,LG-000776,Revenue Department,Medium,18,19,13,13,4,0.32,9.5
ADM-0002768,LG-000776,Land Records Cell,Medium,39,30,3,23,4,0.29,6.7
ADM-0002769,LG-000776,Environmental Cell,Medium,10,14,4,19,0,0.18,7.1
ADM-0002770,LG-000776,Public Works Dept,Medium,23,16,12,35,9,0.23,7.5
ADM-0002771,LG-000777,Revenue Department,High,40,24,6,76,37,0.58,3.1
ADM-0002772,LG-000777,Land Records Cell,High,28,11,8,95,24,0.64,2.3
ADM-0002773,LG-000777,Environmental Cell,High,18,15,13,75,13,0.73,4.4
ADM-0002774,LG-000777,Public Works Dept,High,46,13,9,68,33,0.58,2.2
ADM-0002775,LG-000777,Irrigation Department,High,26,8,13,72,22,0.54,4.7
ADM-0002776,LG-000778,Revenue Department,Medium,24,24,13,26,6,0.22,9.5
ADM-0002777,LG-000778,Land Records Cell,Medium,36,8,2,18,9,0.1,8.8
ADM-0002778,LG-000778,Environmental Cell,Medium,13,30,15,19,6,0.11,7.7
ADM-0002779,LG-000779,Revenue Department,Medium,13,30,10,25,0,0.33,9.7
ADM-0002780,LG-000779,Land Records Cell,Medium,12,28,6,38,0,0.29,7.3
ADM-0002781,LG-000779,Environmental Cell,Medium,23,19,13,11,10,0.21,8.0
ADM-0002782,LG-000780,Revenue Department,Medium,46,23,12,24,8,0.27,9.5
ADM-0002783,LG-000780,Land Records Cell,Medium,30,29,14,27,10,0.23,7.8
ADM-0002784,LG-000780,Environmental Cell,Medium,49,13,6,36,7,0.16,9.8
ADM-0002785,LG-000780,Public Works Dept,Medium,14,23,8,38,7,0.22,9.3
ADM-0002786,LG-000781,Revenue Department,Medium,16,11,3,23,9,0.22,8.5
ADM-0002787,LG-000781,Land Records Cell,Medium,15,26,8,29,4,0.17,7.1
ADM-0002788,LG-000781,Environmental Cell,Medium,42,27,3,26,10,0.18,7.4
ADM-0002789,LG-000781,Public Works Dept,Medium,26,21,8,34,9,0.22,9.5
ADM-0002790,LG-000781,Irrigation Department,Medium,25,11,14,22,2,0.17,9.4
ADM-0002791,LG-000782,Revenue Department,Medium,12,10,5,30,3,0.27,7.8
ADM-0002792,LG-000782,Land Records Cell,Medium,35,25,2,33,9,0.25,7.4
ADM-0002793,LG-000782,Environmental Cell,Medium,34,19,8,16,9,0.1,9.1
ADM-0002794,LG-000782,Public Works Dept,Medium,17,8,13,37,10,0.09,8.1
ADM-0002795,LG-000782,Irrigation Department,Medium,11,12,11,31,7,0.13,8.7
ADM-0002796,LG-000783,Revenue Department,High,34,25,9,57,16,0.48,2.9
ADM-0002797,LG-000783,Land Records Cell,High,34,28,3,53,13,0.65,3.9
ADM-0002798,LG-000783,Environmental Cell,High,36,9,3,67,12,0.44,4.5
ADM-0002799,LG-000783,Public Works Dept,High,46,11,8,46,32,0.61,4.3
ADM-0002800,LG-000784,Revenue Department,High,49,10,14,87,10,0.46,3.6
ADM-0002801,LG-000784,Land Records Cell,High,12,24,5,65,15,0.57,2.5
ADM-0002802,LG-000785,Revenue Department,High,30,11,6,97,13,0.6,3.2
ADM-0002803,LG-000785,Land Records Cell,High,25,9,6,74,35,0.59,4.9
ADM-0002804,LG-000785,Environmental Cell,High,10,6,7,66,29,0.61,3.7
ADM-0002805,LG-000786,Revenue Department,Medium,47,24,2,38,6,0.25,8.7
ADM-0002806,LG-000786,Land Records Cell,Medium,32,17,4,13,9,0.16,9.2
ADM-0002807,LG-000786,Environmental Cell,Medium,24,14,8,20,3,0.35,9.5
ADM-0002808,LG-000786,Public Works Dept,Medium,35,9,14,15,5,0.27,6.9
ADM-0002809,LG-000786,Irrigation Department,Medium,22,19,8,27,5,0.1,8.9
ADM-0002810,LG-000787,Revenue Department,High,15,27,13,62,38,0.46,3.4
ADM-0002811,LG-000787,Land Records Cell,High,19,19,11,79,24,0.56,2.3
ADM-0002812,LG-000787,Environmental Cell,High,17,6,5,46,38,0.73,4.1
ADM-0002813,LG-000787,Public Works Dept,High,13,28,9,105,11,0.59,2.8
ADM-0002814,LG-000787,Irrigation Department,High,42,14,14,89,29,0.82,2.4
ADM-0002815,LG-000788,Revenue Department,High,24,11,11,95,35,0.43,2.4
ADM-0002816,LG-000788,Land Records Cell,High,27,9,5,76,31,0.48,3.3
ADM-0002817,LG-000788,Environmental Cell,High,20,7,7,117,40,0.45,3.2
ADM-0002818,LG-000788,Public Works Dept,High,36,29,14,65,32,0.4,4.5
ADM-0002819,LG-000788,Irrigation Department,High,50,7,3,76,20,0.59,4.7
ADM-0002820,LG-000789,Revenue Department,High,31,14,4,69,29,0.84,4.6
ADM-0002821,LG-000789,Land Records Cell,High,35,20,15,55,36,0.72,2.5
ADM-0002822,LG-000789,Environmental Cell,High,17,11,13,99,27,0.47,4.4
ADM-0002823,LG-000790,Revenue Department,High,27,19,13,74,29,0.76,4.0
ADM-0002824,LG-000790,Land Records Cell,High,44,7,14,87,16,0.42,3.1
ADM-0002825,LG-000790,Environmental Cell,High,37,13,12,63,18,0.72,4.7
ADM-0002826,LG-000790,Public Works Dept,High,26,8,15,63,21,0.65,3.2
ADM-0002827,LG-000791,Revenue Department,High,45,29,15,65,15,0.76,4.1
ADM-0002828,LG-000791,Land Records Cell,High,25,28,14,91,23,0.76,4.4
ADM-0002829,LG-000791,Environmental Cell,High,31,21,5,118,32,0.57,4.8
ADM-0002830,LG-000791,Public Works Dept,High,16,17,15,92,25,0.79,2.9
ADM-0002831,LG-000791,Irrigation Department,High,37,5,11,85,19,0.65,3.1
ADM-0002832,LG-000792,Revenue Department,High,26,30,15,116,25,0.41,2.7
ADM-0002833,LG-000792,Land Records Cell,High,17,24,14,95,39,0.79,2.6
ADM-0002834,LG-000792,Environmental Cell,High,22,19,12,103,23,0.49,2.2
ADM-0002835,LG-000793,Revenue Department,High,26,8,4,94,39,0.42,3.3
ADM-0002836,LG-000793,Land Records Cell,High,10,27,14,82,11,0.49,2.9
ADM-0002837,LG-000793,Environmental Cell,High,47,17,4,71,33,0.73,2.7
ADM-0002838,LG-000794,Revenue Department,Medium,14,19,15,33,0,0.2,9.7
ADM-0002839,LG-000794,Land Records Cell,Medium,36,13,11,37,3,0.19,8.4
ADM-0002840,LG-000794,Environmental Cell,Medium,28,29,10,25,8,0.32,8.9
ADM-0002841,LG-000794,Public Works Dept,Medium,32,23,8,37,5,0.15,7.4
ADM-0002842,LG-000795,Revenue Department,High,23,12,8,87,19,0.51,3.2
ADM-0002843,LG-000795,Land Records Cell,High,16,18,5,47,21,0.77,3.6
ADM-0002844,LG-000796,Revenue Department,High,16,23,7,48,19,0.81,3.4
ADM-0002845,LG-000796,Land Records Cell,High,20,7,9,96,16,0.52,4.6
ADM-0002846,LG-000796,Environmental Cell,High,32,8,13,81,11,0.71,4.8
ADM-0002847,LG-000796,Public Works Dept,High,10,27,14,53,28,0.41,5.0
ADM-0002848,LG-000796,Irrigation Department,High,15,27,11,108,13,0.79,2.5
ADM-0002849,LG-000797,Revenue Department,High,19,29,15,92,15,0.7,3.9
ADM-0002850,LG-000797,Land Records Cell,High,12,26,2,60,20,0.59,4.8
ADM-0002851,LG-000797,Environmental Cell,High,13,24,7,61,21,0.5,2.9
ADM-0002852,LG-000797,Public Works Dept,High,19,27,4,45,35,0.81,4.3
ADM-0002853,LG-000797,Irrigation Department,High,15,5,3,86,29,0.59,2.5
ADM-0002854,LG-000798,Revenue Department,Medium,32,16,6,30,8,0.3,6.9
ADM-0002855,LG-000798,Land Records Cell,Medium,42,5,7,37,8,0.19,6.7
ADM-0002856,LG-000798,Environmental Cell,Medium,28,17,12,20,6,0.21,9.7
ADM-0002857,LG-000798,Public Works Dept,Medium,23,23,10,35,1,0.33,7.0
ADM-0002858,LG-000798,Irrigation Department,Medium,41,27,12,37,7,0.15,9.7
ADM-0002859,LG-000799,Revenue Department,Medium,34,21,3,24,7,0.08,8.0
ADM-0002860,LG-000799,Land Records Cell,Medium,40,9,15,28,2,0.05,9.4
ADM-0002861,LG-000799,Environmental Cell,Medium,29,23,14,21,7,0.09,6.9
ADM-0002862,LG-000799,Public Works Dept,Medium,45,29,3,18,3,0.3,9.4
ADM-0002863,LG-000800,Revenue Department,Medium,38,26,14,26,6,0.12,8.3
ADM-0002864,LG-000800,Land Records Cell,Medium,22,22,12,18,1,0.22,8.9
ADM-0002865,LG-000800,Environmental Cell,Medium,43,21,11,33,2,0.27,9.2
ADM-0002866,LG-000801,Revenue Department,High,23,24,7,103,32,0.8,3.3
ADM-0002867,LG-000801,Land Records Cell,High,34,20,6,108,33,0.74,3.9
ADM-0002868,LG-000801,Environmental Cell,High,32,22,6,105,37,0.49,4.6
ADM-0002869,LG-000802,Revenue Department,Medium,40,6,6,36,9,0.19,9.2
ADM-0002870,LG-000802,Land Records Cell,Medium,25,14,14,13,10,0.29,6.8
ADM-0002871,LG-000802,Environmental Cell,Medium,21,30,6,22,10,0.1,7.3
ADM-0002872,LG-000802,Public Works Dept,Medium,15,9,5,15,8,0.11,9.8
ADM-0002873,LG-000802,Irrigation Department,Medium,47,22,8,21,10,0.16,9.7
ADM-0002874,LG-000803,Revenue Department,High,33,19,6,55,31,0.43,3.1
ADM-0002875,LG-000803,Land Records Cell,High,14,23,11,50,21,0.63,2.8
ADM-0002876,LG-000804,Revenue Department,Medium,28,26,9,32,10,0.29,9.5
ADM-0002877,LG-000804,Land Records Cell,Medium,34,29,11,25,6,0.15,9.3
ADM-0002878,LG-000804,Environmental Cell,Medium,42,17,4,23,3,0.12,8.7
ADM-0002879,LG-000805,Revenue Department,Medium,24,10,10,34,5,0.06,8.2
ADM-0002880,LG-000805,Land Records Cell,Medium,38,20,7,11,3,0.31,9.1
ADM-0002881,LG-000805,Environmental Cell,Medium,18,29,11,10,2,0.09,7.8
ADM-0002882,LG-000806,Revenue Department,Medium,25,12,7,10,8,0.15,7.0
ADM-0002883,LG-000806,Land Records Cell,Medium,15,10,10,23,1,0.27,9.2
ADM-0002884,LG-000806,Environmental Cell,Medium,46,12,6,28,10,0.26,7.3
ADM-0002885,LG-000806,Public Works Dept,Medium,34,15,9,23,9,0.31,7.8
ADM-0002886,LG-000807,Revenue Department,High,40,20,6,83,29,0.53,4.1
ADM-0002887,LG-000807,Land Records Cell,High,40,21,11,74,19,0.81,2.3
ADM-0002888,LG-000807,Environmental Cell,High,18,26,14,72,18,0.56,4.3
ADM-0002889,LG-000807,Public Works Dept,High,45,8,2,101,27,0.6,3.4
ADM-0002890,LG-000807,Irrigation Department,High,44,18,11,55,21,0.69,3.1
ADM-0002891,LG-000808,Revenue Department,Medium,33,28,15,16,2,0.3,7.2
ADM-0002892,LG-000808,Land Records Cell,Medium,25,25,13,28,8,0.18,7.9
ADM-0002893,LG-000808,Environmental Cell,Medium,14,17,3,19,0,0.1,7.8
ADM-0002894,LG-000808,Public Works Dept,Medium,22,26,11,32,7,0.25,8.9
ADM-0002895,LG-000809,Revenue Department,High,43,5,2,46,10,0.61,3.7
ADM-0002896,LG-000809,Land Records Cell,High,19,14,7,51,10,0.68,4.2
ADM-0002897,LG-000809,Environmental Cell,High,26,23,6,91,17,0.52,2.2
ADM-0002898,LG-000809,Public Works Dept,High,28,22,9,113,25,0.42,3.3
ADM-0002899,LG-000810,Revenue Department,Medium,37,16,3,23,10,0.24,8.7
ADM-0002900,LG-000810,Land Records Cell,Medium,29,10,6,31,2,0.22,7.2
ADM-0002901,LG-000810,Environmental Cell,Medium,36,12,9,32,6,0.22,7.1
ADM-0002902,LG-000811,Revenue Department,High,14,22,7,116,31,0.61,3.9
ADM-0002903,LG-000811,Land Records Cell,High,36,10,10,71,14,0.53,2.1
ADM-0002904,LG-000811,Environmental Cell,High,16,30,7,111,26,0.57,4.7
ADM-0002905,LG-000811,Public Works Dept,High,11,17,2,46,13,0.71,3.7
ADM-0002906,LG-000812,Revenue Department,Medium,28,14,2,20,10,0.3,9.6
ADM-0002907,LG-000812,Land Records Cell,Medium,20,9,4,24,9,0.17,6.9
ADM-0002908,LG-000812,Environmental Cell,Medium,50,10,13,10,1,0.3,9.1
ADM-0002909,LG-000812,Public Works Dept,Medium,42,26,2,29,7,0.23,8.9
ADM-0002910,LG-000813,Revenue Department,High,33,26,15,53,27,0.64,4.1
ADM-0002911,LG-000813,Land Records Cell,High,45,21,14,78,31,0.82,2.8
ADM-0002912,LG-000813,Environmental Cell,High,25,5,10,47,23,0.44,2.3
ADM-0002913,LG-000814,Revenue Department,Medium,38,11,7,14,5,0.1,9.1
ADM-0002914,LG-000814,Land Records Cell,Medium,42,6,14,25,7,0.33,8.6
ADM-0002915,LG-000815,Revenue Department,Medium,10,27,8,34,4,0.23,7.8
ADM-0002916,LG-000815,Land Records Cell,Medium,34,28,11,16,7,0.29,7.0
ADM-0002917,LG-000815,Environmental Cell,Medium,29,26,12,31,5,0.25,8.1
ADM-0002918,LG-000815,Public Works Dept,Medium,15,8,5,16,1,0.06,8.8
ADM-0002919,LG-000815,Irrigation Department,Medium,46,16,3,17,1,0.06,8.8
ADM-0002920,LG-000816,Revenue Department,High,48,22,7,72,13,0.62,2.1
ADM-0002921,LG-000816,Land Records Cell,High,25,13,8,82,30,0.47,2.4
ADM-0002922,LG-000816,Environmental Cell,High,34,8,9,101,11,0.5,4.4
ADM-0002923,LG-000816,Public Works Dept,High,49,7,2,77,24,0.74,4.4
ADM-0002924,LG-000817,Revenue Department,High,28,20,11,120,39,0.79,4.6
ADM-0002925,LG-000817,Land Records Cell,High,24,11,11,99,25,0.78,3.6
ADM-0002926,LG-000817,Environmental Cell,High,46,20,6,57,14,0.59,4.0
ADM-0002927,LG-000817,Public Works Dept,High,22,21,7,105,29,0.54,4.6
ADM-0002928,LG-000818,Revenue Department,High,45,27,12,100,24,0.65,5.0
ADM-0002929,LG-000818,Land Records Cell,High,14,10,4,52,14,0.79,3.4
ADM-0002930,LG-000818,Environmental Cell,High,24,17,13,55,27,0.44,4.3
ADM-0002931,LG-000818,Public Works Dept,High,23,13,5,96,37,0.61,2.5
ADM-0002932,LG-000818,Irrigation Department,High,39,18,9,94,32,0.61,3.3
ADM-0002933,LG-000819,Revenue Department,Medium,50,12,14,37,3,0.15,7.6
ADM-0002934,LG-000819,Land Records Cell,Medium,11,21,5,10,8,0.06,8.2
ADM-0002935,LG-000819,Environmental Cell,Medium,22,19,4,26,5,0.3,8.7
ADM-0002936,LG-000819,Public Works Dept,Medium,32,10,3,28,7,0.25,9.7
ADM-0002937,LG-000820,Revenue Department,Medium,45,29,13,38,6,0.19,7.6
ADM-0002938,LG-000820,Land Records Cell,Medium,10,27,11,16,8,0.32,8.9
ADM-0002939,LG-000821,Revenue Department,Medium,38,30,15,18,9,0.08,8.2
ADM-0002940,LG-000821,Land Records Cell,Medium,36,27,7,36,9,0.06,6.7
ADM-0002941,LG-000821,Environmental Cell,Medium,28,10,7,22,7,0.26,7.2
ADM-0002942,LG-000822,Revenue Department,Medium,11,27,2,19,9,0.08,9.7
ADM-0002943,LG-000822,Land Records Cell,Medium,20,16,6,20,10,0.25,9.3
ADM-0002944,LG-000822,Environmental Cell,Medium,17,12,9,14,2,0.17,7.3
ADM-0002945,LG-000822,Public Works Dept,Medium,18,12,13,40,1,0.17,9.1
ADM-0002946,LG-000822,Irrigation Department,Medium,49,14,3,20,6,0.16,9.4
ADM-0002947,LG-000823,Revenue Department,Medium,33,22,14,18,4,0.34,9.1
ADM-0002948,LG-000823,Land Records Cell,Medium,49,20,4,17,5,0.07,7.3
ADM-0002949,LG-000824,Revenue Department,Medium,35,8,4,24,9,0.12,6.8
ADM-0002950,LG-000824,Land Records Cell,Medium,23,18,6,24,5,0.26,9.0
ADM-0002951,LG-000824,Environmental Cell,Medium,27,9,6,37,10,0.26,7.3
ADM-0002952,LG-000825,Revenue Department,Medium,47,20,10,30,8,0.32,9.2
ADM-0002953,LG-000825,Land Records Cell,Medium,21,12,13,14,6,0.08,8.1
ADM-0002954,LG-000825,Environmental Cell,Medium,37,20,7,23,5,0.3,6.8
ADM-0002955,LG-000825,Public Works Dept,Medium,27,22,4,33,10,0.11,8.2
ADM-0002956,LG-000825,Irrigation Department,Medium,41,10,15,12,1,0.19,7.8
ADM-0002957,LG-000826,Revenue Department,Medium,18,9,6,29,4,0.34,7.9
ADM-0002958,LG-000826,Land Records Cell,Medium,31,29,5,34,9,0.12,8.7
ADM-0002959,LG-000826,Environmental Cell,Medium,42,20,7,10,4,0.27,6.8
ADM-0002960,LG-000827,Revenue Department,Medium,26,15,2,17,2,0.14,7.2
ADM-0002961,LG-000827,Land Records Cell,Medium,46,12,12,33,3,0.25,8.8
ADM-0002962,LG-000828,Revenue Department,Medium,37,16,15,33,7,0.09,9.4
ADM-0002963,LG-000828,Land Records Cell,Medium,33,13,13,19,9,0.24,8.8
ADM-0002964,LG-000828,Environmental Cell,Medium,20,8,11,20,0,0.11,9.1
ADM-0002965,LG-000829,Revenue Department,Medium,16,13,3,10,4,0.12,9.5
ADM-0002966,LG-000829,Land Records Cell,Medium,35,11,12,15,8,0.09,8.5
ADM-0002967,LG-000829,Environmental Cell,Medium,17,13,4,36,9,0.1,6.7
ADM-0002968,LG-000829,Public Works Dept,Medium,39,21,15,31,6,0.14,7.1
ADM-0002969,LG-000830,Revenue Department,High,22,14,2,120,38,0.56,2.2
ADM-0002970,LG-000830,Land Records Cell,High,21,25,3,91,20,0.76,2.5
ADM-0002971,LG-000831,Revenue Department,Medium,31,20,10,38,4,0.11,9.2
ADM-0002972,LG-000831,Land Records Cell,Medium,22,30,4,33,0,0.31,7.5
ADM-0002973,LG-000831,Environmental Cell,Medium,45,29,12,16,0,0.22,7.0
ADM-0002974,LG-000831,Public Works Dept,Medium,43,27,9,19,0,0.19,8.2
ADM-0002975,LG-000831,Irrigation Department,Medium,27,17,14,24,1,0.08,7.3
ADM-0002976,LG-000832,Revenue Department,Medium,40,19,8,36,9,0.14,9.3
ADM-0002977,LG-000832,Land Records Cell,Medium,20,24,5,35,4,0.21,9.1
ADM-0002978,LG-000833,Revenue Department,Medium,25,5,9,23,7,0.09,6.6
ADM-0002979,LG-000833,Land Records Cell,Medium,29,25,3,23,2,0.25,7.2
ADM-0002980,LG-000833,Environmental Cell,Medium,10,21,5,34,1,0.31,9.3
ADM-0002981,LG-000833,Public Works Dept,Medium,49,11,2,15,2,0.1,8.0
ADM-0002982,LG-000834,Revenue Department,Medium,36,17,2,21,6,0.25,7.7
ADM-0002983,LG-000834,Land Records Cell,Medium,31,25,12,35,8,0.33,9.2
ADM-0002984,LG-000834,Environmental Cell,Medium,43,19,5,29,1,0.32,9.5
ADM-0002985,LG-000834,Public Works Dept,Medium,28,21,15,21,10,0.33,7.1
ADM-0002986,LG-000834,Irrigation Department,Medium,43,5,3,23,5,0.29,7.8
ADM-0002987,LG-000835,Revenue Department,Medium,32,17,8,21,5,0.14,7.3
ADM-0002988,LG-000835,Land Records Cell,Medium,30,15,11,31,10,0.1,8.3
ADM-0002989,LG-000835,Environmental Cell,Medium,30,15,5,26,3,0.3,7.6
ADM-0002990,LG-000835,Public Works Dept,Medium,22,17,12,25,10,0.07,8.9
ADM-0002991,LG-000835,Irrigation Department,Medium,46,15,7,31,7,0.27,8.5
ADM-0002992,LG-000836,Revenue Department,Medium,41,22,11,29,8,0.16,8.5
ADM-0002993,LG-000836,Land Records Cell,Medium,47,8,9,36,6,0.2,8.2
ADM-0002994,LG-000836,Environmental Cell,Medium,21,11,11,35,9,0.32,7.5
ADM-0002995,LG-000836,Public Works Dept,Medium,49,23,14,15,3,0.26,9.2
ADM-0002996,LG-000837,Revenue Department,Medium,31,14,3,27,3,0.27,7.9
ADM-0002997,LG-000837,Land Records Cell,Medium,36,27,2,23,10,0.1,8.4
ADM-0002998,LG-000837,Environmental Cell,Medium,34,16,8,39,8,0.29,8.3
ADM-0002999,LG-000838,Revenue Department,Medium,15,16,8,38,8,0.18,8.0
ADM-0003000,LG-000838,Land Records Cell,Medium,33,19,4,38,4,0.11,7.8
ADM-0003001,LG-000838,Environmental Cell,Medium,43,26,7,30,5,0.13,7.8
ADM-0003002,LG-000838,Public Works Dept,Medium,41,10,10,23,7,0.34,9.6
ADM-0003003,LG-000839,Revenue Department,Medium,48,25,10,32,0,0.3,7.3
ADM-0003004,LG-000839,Land Records Cell,Medium,20,29,12,29,6,0.28,7.1
ADM-0003005,LG-000839,Environmental Cell,Medium,24,20,15,30,5,0.33,7.5
ADM-0003006,LG-000840,Revenue Department,Medium,34,18,8,30,0,0.11,8.7
ADM-0003007,LG-000840,Land Records Cell,Medium,35,12,14,31,9,0.33,6.6
ADM-0003008,LG-000840,Environmental Cell,Medium,48,12,12,31,10,0.23,7.0
ADM-0003009,LG-000840,Public Works Dept,Medium,44,10,13,33,1,0.26,7.7
ADM-0003010,LG-000840,Irrigation Department,Medium,38,21,10,12,5,0.28,9.8
ADM-0003011,LG-000841,Revenue Department,Medium,46,20,11,36,8,0.28,7.7
ADM-0003012,LG-000841,Land Records Cell,Medium,18,26,12,29,10,0.28,8.9
ADM-0003013,LG-000841,Environmental Cell,Medium,11,21,6,30,3,0.33,7.9
ADM-0003014,LG-000841,Public Works Dept,Medium,17,14,9,34,6,0.11,7.5
ADM-0003015,LG-000842,Revenue Department,High,41,12,4,80,21,0.66,3.5
ADM-0003016,LG-000842,Land Records Cell,High,19,24,14,60,21,0.56,3.9
ADM-0003017,LG-000842,Environmental Cell,High,28,24,15,60,24,0.83,3.7
ADM-0003018,LG-000842,Public Works Dept,High,47,5,6,65,15,0.42,3.7
ADM-0003019,LG-000842,Irrigation Department,High,11,22,2,103,32,0.43,2.8
ADM-0003020,LG-000843,Revenue Department,Medium,27,25,6,19,1,0.26,8.7
ADM-0003021,LG-000843,Land Records Cell,Medium,34,19,14,31,4,0.34,7.3
ADM-0003022,LG-000844,Revenue Department,High,44,13,12,49,33,0.47,3.0
ADM-0003023,LG-000844,Land Records Cell,High,23,20,15,89,11,0.47,4.4
ADM-0003024,LG-000845,Revenue Department,High,19,16,10,83,32,0.81,3.5
ADM-0003025,LG-000845,Land Records Cell,High,23,12,4,113,13,0.71,3.2
ADM-0003026,LG-000845,Environmental Cell,High,11,13,4,86,18,0.47,2.0
ADM-0003027,LG-000846,Revenue Department,Medium,20,20,7,31,1,0.12,9.0
ADM-0003028,LG-000846,Land Records Cell,Medium,12,23,12,12,1,0.17,8.8
ADM-0003029,LG-000846,Environmental Cell,Medium,28,27,14,38,2,0.19,7.4
ADM-0003030,LG-000846,Public Works Dept,Medium,29,14,3,39,1,0.24,9.1
ADM-0003031,LG-000847,Revenue Department,Medium,29,21,7,29,2,0.1,8.4
ADM-0003032,LG-000847,Land Records Cell,Medium,12,19,12,20,5,0.27,7.4
ADM-0003033,LG-000847,Environmental Cell,Medium,20,28,6,10,1,0.27,7.4
ADM-0003034,LG-000847,Public Works Dept,Medium,12,9,9,35,3,0.09,9.0
ADM-0003035,LG-000847,Irrigation Department,Medium,45,17,8,13,0,0.17,8.7
ADM-0003036,LG-000848,Revenue Department,High,27,29,3,83,17,0.76,4.8
ADM-0003037,LG-000848,Land Records Cell,High,36,6,11,119,20,0.68,4.2
ADM-0003038,LG-000848,Environmental Cell,High,20,24,4,116,13,0.85,2.5
ADM-0003039,LG-000848,Public Works Dept,High,12,8,4,112,34,0.8,2.9
ADM-0003040,LG-000848,Irrigation Department,High,24,27,15,82,12,0.7,3.3
ADM-0003041,LG-000849,Revenue Department,High,36,5,10,82,10,0.46,2.3
ADM-0003042,LG-000849,Land Records Cell,High,27,23,11,60,19,0.82,2.5
ADM-0003043,LG-000849,Environmental Cell,High,39,26,9,95,13,0.74,3.7
ADM-0003044,LG-000849,Public Works Dept,High,30,24,15,84,11,0.7,2.1
ADM-0003045,LG-000849,Irrigation Department,High,39,27,4,113,28,0.56,2.7
ADM-0003046,LG-000850,Revenue Department,High,33,24,7,95,39,0.45,2.4
ADM-0003047,LG-000850,Land Records Cell,High,18,10,11,79,19,0.45,3.7
ADM-0003048,LG-000850,Environmental Cell,High,20,25,13,109,14,0.47,2.3
ADM-0003049,LG-000851,Revenue Department,High,17,12,4,120,34,0.49,3.2
ADM-0003050,LG-000851,Land Records Cell,High,18,25,11,62,29,0.56,4.2
ADM-0003051,LG-000851,Environmental Cell,High,50,21,15,62,29,0.53,3.7
ADM-0003052,LG-000851,Public Works Dept,High,11,13,3,48,26,0.81,4.1
ADM-0003053,LG-000852,Revenue Department,High,49,25,13,94,15,0.65,2.5
ADM-0003054,LG-000852,Land Records Cell,High,49,9,2,74,15,0.72,4.8
ADM-0003055,LG-000852,Environmental Cell,High,20,17,9,117,25,0.65,4.7
ADM-0003056,LG-000852,Public Works Dept,High,13,16,13,75,40,0.56,2.2
ADM-0003057,LG-000853,Revenue Department,High,28,16,15,117,15,0.75,5.0
ADM-0003058,LG-000853,Land Records Cell,High,44,18,10,119,38,0.6,2.7
ADM-0003059,LG-000853,Environmental Cell,High,41,8,11,106,28,0.5,2.3
ADM-0003060,LG-000853,Public Works Dept,High,32,16,13,64,20,0.69,3.9
ADM-0003061,LG-000853,Irrigation Department,High,15,14,8,92,17,0.6,4.0
ADM-0003062,LG-000854,Revenue Department,High,19,23,3,53,14,0.8,3.0
ADM-0003063,LG-000854,Land Records Cell,High,21,28,7,72,19,0.7,3.5
ADM-0003064,LG-000854,Environmental Cell,High,21,12,6,98,19,0.53,4.4
ADM-0003065,LG-000855,Revenue Department,High,35,7,14,48,37,0.64,4.0
ADM-0003066,LG-000855,Land Records Cell,High,24,9,4,89,27,0.73,4.0
ADM-0003067,LG-000855,Environmental Cell,High,28,14,5,50,28,0.77,5.0
ADM-0003068,LG-000855,Public Works Dept,High,31,11,3,61,30,0.43,3.1
ADM-0003069,LG-000855,Irrigation Department,High,19,22,12,58,15,0.45,2.5
ADM-0003070,LG-000856,Revenue Department,Medium,20,11,5,40,3,0.15,8.6
ADM-0003071,LG-000856,Land Records Cell,Medium,38,30,11,40,7,0.23,8.8
ADM-0003072,LG-000856,Environmental Cell,Medium,22,5,8,14,3,0.31,7.4
ADM-0003073,LG-000857,Revenue Department,High,10,15,14,120,16,0.47,3.4
ADM-0003074,LG-000857,Land Records Cell,High,44,13,13,111,33,0.44,4.0
ADM-0003075,LG-000857,Environmental Cell,High,15,15,7,87,14,0.77,3.9
ADM-0003076,LG-000857,Public Works Dept,High,46,27,10,46,37,0.61,2.2
ADM-0003077,LG-000857,Irrigation Department,High,42,12,6,114,10,0.57,3.5
ADM-0003078,LG-000858,Revenue Department,Medium,29,10,7,35,0,0.06,8.0
ADM-0003079,LG-000858,Land Records Cell,Medium,49,7,7,31,6,0.1,9.2
ADM-0003080,LG-000858,Environmental Cell,Medium,23,27,15,30,7,0.12,9.0
ADM-0003081,LG-000858,Public Works Dept,Medium,40,24,15,34,6,0.06,7.4
ADM-0003082,LG-000859,Revenue Department,Medium,34,28,6,39,3,0.1,6.6
ADM-0003083,LG-000859,Land Records Cell,Medium,15,10,2,13,3,0.27,8.7
ADM-0003084,LG-000860,Revenue Department,Medium,14,24,4,25,9,0.25,9.7
ADM-0003085,LG-000860,Land Records Cell,Medium,42,24,14,32,9,0.07,8.9
ADM-0003086,LG-000860,Environmental Cell,Medium,42,28,3,23,6,0.21,9.0
ADM-0003087,LG-000860,Public Works Dept,Medium,35,28,8,18,4,0.28,8.6
ADM-0003088,LG-000861,Revenue Department,Medium,36,14,15,19,1,0.24,7.9
ADM-0003089,LG-000861,Land Records Cell,Medium,45,28,8,28,6,0.19,8.4
ADM-0003090,LG-000862,Revenue Department,High,48,12,12,98,19,0.45,3.5
ADM-0003091,LG-000862,Land Records Cell,High,47,15,15,101,19,0.84,3.0
ADM-0003092,LG-000862,Environmental Cell,High,19,18,7,63,29,0.71,4.6
ADM-0003093,LG-000862,Public Works Dept,High,50,14,11,46,30,0.5,4.9
ADM-0003094,LG-000863,Revenue Department,Medium,14,28,2,11,10,0.31,8.0
ADM-0003095,LG-000863,Land Records Cell,Medium,30,28,4,20,10,0.11,6.7
ADM-0003096,LG-000863,Environmental Cell,Medium,11,5,4,30,8,0.07,7.5
ADM-0003097,LG-000863,Public Works Dept,Medium,50,6,5,40,3,0.09,9.7
ADM-0003098,LG-000863,Irrigation Department,Medium,24,5,8,21,6,0.35,6.8
ADM-0003099,LG-000864,Revenue Department,Medium,45,5,4,16,3,0.11,7.2
ADM-0003100,LG-000864,Land Records Cell,Medium,38,27,8,29,5,0.28,8.1
ADM-0003101,LG-000864,Environmental Cell,Medium,11,26,8,35,4,0.23,8.6
ADM-0003102,LG-000864,Public Works Dept,Medium,26,13,15,16,0,0.18,7.5
ADM-0003103,LG-000864,Irrigation Department,Medium,32,15,7,30,10,0.19,8.3
ADM-0003104,LG-000865,Revenue Department,Medium,50,10,14,18,5,0.27,7.8
ADM-0003105,LG-000865,Land Records Cell,Medium,18,22,4,33,2,0.19,9.6
ADM-0003106,LG-000865,Environmental Cell,Medium,23,8,14,24,2,0.26,8.9
ADM-0003107,LG-000865,Public Works Dept,Medium,15,25,11,15,1,0.22,9.4
ADM-0003108,LG-000866,Revenue Department,Medium,19,25,4,17,1,0.15,8.3
ADM-0003109,LG-000866,Land Records Cell,Medium,50,14,13,11,6,0.32,8.1
ADM-0003110,LG-000866,Environmental Cell,Medium,45,11,7,22,10,0.3,8.4
ADM-0003111,LG-000867,Revenue Department,Medium,15,6,4,13,6,0.32,7.7
ADM-0003112,LG-000867,Land Records Cell,Medium,34,30,2,30,7,0.29,6.8
ADM-0003113,LG-000867,Environmental Cell,Medium,26,18,6,35,5,0.35,8.2
ADM-0003114,LG-000867,Public Works Dept,Medium,29,27,12,31,10,0.27,8.6
ADM-0003115,LG-000868,Revenue Department,High,41,5,3,69,12,0.55,3.9
ADM-0003116,LG-000868,Land Records Cell,High,19,13,9,84,39,0.53,2.9
ADM-0003117,LG-000868,Environmental Cell,High,48,16,5,83,31,0.79,4.8
ADM-0003118,LG-000868,Public Works Dept,High,37,24,6,58,30,0.8,3.6
ADM-0003119,LG-000868,Irrigation Department,High,31,12,4,91,19,0.6,2.2
ADM-0003120,LG-000869,Revenue Department,High,38,20,12,89,39,0.62,4.4
ADM-0003121,LG-000869,Land Records Cell,High,32,14,3,100,16,0.83,3.1
ADM-0003122,LG-000869,Environmental Cell,High,41,13,9,95,33,0.47,4.5
ADM-0003123,LG-000869,Public Works Dept,High,33,5,14,114,22,0.59,4.1
ADM-0003124,LG-000869,Irrigation Department,High,18,21,13,80,22,0.52,3.7
ADM-0003125,LG-000870,Revenue Department,Medium,23,22,9,35,1,0.09,6.7
ADM-0003126,LG-000870,Land Records Cell,Medium,35,17,8,25,0,0.31,9.1
ADM-0003127,LG-000870,Environmental Cell,Medium,42,16,14,39,0,0.26,8.5
ADM-0003128,LG-000870,Public Works Dept,Medium,14,25,14,26,10,0.16,9.3
ADM-0003129,LG-000870,Irrigation Department,Medium,38,23,8,27,0,0.28,7.5
ADM-0003130,LG-000871,Revenue Department,Medium,36,18,5,23,10,0.25,8.1
ADM-0003131,LG-000871,Land Records Cell,Medium,36,17,6,13,0,0.11,6.9
ADM-0003132,LG-000871,Environmental Cell,Medium,23,20,7,37,4,0.11,8.8
ADM-0003133,LG-000871,Public Works Dept,Medium,19,5,10,24,2,0.17,9.4
ADM-0003134,LG-000871,Irrigation Department,Medium,18,21,4,13,8,0.12,9.4
ADM-0003135,LG-000872,Revenue Department,Medium,39,8,13,34,10,0.23,7.8
ADM-0003136,LG-000872,Land Records Cell,Medium,42,26,8,29,8,0.09,9.3
ADM-0003137,LG-000872,Environmental Cell,Medium,22,9,11,28,5,0.12,9.5
ADM-0003138,LG-000872,Public Works Dept,Medium,40,16,9,20,2,0.11,9.3
ADM-0003139,LG-000873,Revenue Department,Medium,26,23,2,14,5,0.21,8.9
ADM-0003140,LG-000873,Land Records Cell,Medium,26,24,3,38,2,0.13,9.7
ADM-0003141,LG-000873,Environmental Cell,Medium,24,6,2,36,10,0.22,9.5
ADM-0003142,LG-000873,Public Works Dept,Medium,34,5,6,29,3,0.1,8.3
ADM-0003143,LG-000873,Irrigation Department,Medium,41,15,6,20,10,0.06,9.4
ADM-0003144,LG-000874,Revenue Department,Medium,31,20,4,40,3,0.22,9.0
ADM-0003145,LG-000874,Land Records Cell,Medium,34,6,6,28,1,0.24,7.5
ADM-0003146,LG-000874,Environmental Cell,Medium,45,9,6,26,0,0.27,9.0
ADM-0003147,LG-000874,Public Works Dept,Medium,11,11,12,12,6,0.27,8.7
ADM-0003148,LG-000874,Irrigation Department,Medium,29,13,10,24,0,0.16,9.6
ADM-0003149,LG-000875,Revenue Department,High,14,10,10,110,34,0.65,2.0
ADM-0003150,LG-000875,Land Records Cell,High,50,21,12,88,32,0.73,4.1
ADM-0003151,LG-000875,Environmental Cell,High,27,20,2,51,38,0.54,3.7
ADM-0003152,LG-000876,Revenue Department,Medium,50,26,3,16,0,0.33,9.2
ADM-0003153,LG-000876,Land Records Cell,Medium,14,30,14,38,0,0.13,7.8
ADM-0003154,LG-000876,Environmental Cell,Medium,30,8,14,32,9,0.07,6.6
ADM-0003155,LG-000877,Revenue Department,Medium,41,12,8,31,5,0.13,8.1
ADM-0003156,LG-000877,Land Records Cell,Medium,25,9,3,22,0,0.11,7.9
ADM-0003157,LG-000878,Revenue Department,Medium,47,9,9,39,6,0.06,7.2
ADM-0003158,LG-000878,Land Records Cell,Medium,35,21,14,14,9,0.17,8.3
ADM-0003159,LG-000879,Revenue Department,High,42,6,4,81,30,0.73,3.0
ADM-0003160,LG-000879,Land Records Cell,High,36,29,10,109,22,0.56,4.8
ADM-0003161,LG-000880,Revenue Department,Medium,10,16,11,27,2,0.26,8.8
ADM-0003162,LG-000880,Land Records Cell,Medium,34,15,13,19,10,0.27,6.5
ADM-0003163,LG-000880,Environmental Cell,Medium,49,14,6,31,9,0.1,9.0
ADM-0003164,LG-000880,Public Works Dept,Medium,43,30,10,20,6,0.23,7.4
ADM-0003165,LG-000880,Irrigation Department,Medium,39,13,3,25,1,0.13,9.1
ADM-0003166,LG-000881,Revenue Department,High,45,20,13,69,22,0.57,2.3
ADM-0003167,LG-000881,Land Records Cell,High,36,21,11,89,27,0.76,5.0
ADM-0003168,LG-000881,Environmental Cell,High,50,8,9,114,27,0.71,2.8
ADM-0003169,LG-000882,Revenue Department,Medium,29,24,12,12,6,0.29,8.2
ADM-0003170,LG-000882,Land Records Cell,Medium,49,25,3,19,5,0.27,7.6
ADM-0003171,LG-000882,Environmental Cell,Medium,48,21,12,28,9,0.34,7.6
ADM-0003172,LG-000883,Revenue Department,Medium,46,19,4,37,2,0.17,9.6
ADM-0003173,LG-000883,Land Records Cell,Medium,19,23,2,30,2,0.33,7.4
ADM-0003174,LG-000884,Revenue Department,Medium,22,14,8,10,2,0.24,9.3
ADM-0003175,LG-000884,Land Records Cell,Medium,19,6,14,39,5,0.34,8.6
ADM-0003176,LG-000884,Environmental Cell,Medium,22,17,12,16,5,0.23,9.0
ADM-0003177,LG-000884,Public Works Dept,Medium,41,17,13,22,6,0.21,7.1
ADM-0003178,LG-000885,Revenue Department,Medium,14,27,6,19,7,0.09,6.9
ADM-0003179,LG-000885,Land Records Cell,Medium,32,24,3,33,2,0.32,6.8
ADM-0003180,LG-000885,Environmental Cell,Medium,43,10,14,14,6,0.32,9.5
ADM-0003181,LG-000886,Revenue Department,Medium,27,26,6,27,1,0.11,6.9
ADM-0003182,LG-000886,Land Records Cell,Medium,11,29,15,31,3,0.07,8.6
ADM-0003183,LG-000886,Environmental Cell,Medium,22,10,10,25,4,0.1,9.6
ADM-0003184,LG-000886,Public Works Dept,Medium,41,22,8,32,2,0.1,8.2
ADM-0003185,LG-000886,Irrigation Department,Medium,47,10,13,26,2,0.06,6.7
ADM-0003186,LG-000887,Revenue Department,Medium,10,7,15,29,7,0.15,8.4
ADM-0003187,LG-000887,Land Records Cell,Medium,20,27,15,12,7,0.29,6.5
ADM-0003188,LG-000887,Environmental Cell,Medium,49,24,6,20,9,0.27,9.0
ADM-0003189,LG-000887,Public Works Dept,Medium,41,17,5,10,8,0.2,7.6
ADM-0003190,LG-000887,Irrigation Department,Medium,12,9,13,29,5,0.27,8.1
ADM-0003191,LG-000888,Revenue Department,Medium,38,8,7,35,0,0.08,9.5
ADM-0003192,LG-000888,Land Records Cell,Medium,47,16,12,13,5,0.05,8.6
ADM-0003193,LG-000888,Environmental Cell,Medium,23,8,15,12,10,0.34,6.6
ADM-0003194,LG-000888,Public Works Dept,Medium,44,24,3,40,9,0.18,7.0
ADM-0003195,LG-000889,Revenue Department,Medium,45,11,4,28,10,0.17,7.5
ADM-0003196,LG-000889,Land Records Cell,Medium,17,27,3,39,4,0.15,8.9
ADM-0003197,LG-000889,Environmental Cell,Medium,47,29,6,11,7,0.21,7.3
ADM-0003198,LG-000890,Revenue Department,Medium,49,10,7,20,5,0.22,7.4
ADM-0003199,LG-000890,Land Records Cell,Medium,29,22,14,25,0,0.12,8.8
ADM-0003200,LG-000890,Environmental Cell,Medium,29,19,3,25,7,0.07,8.9
ADM-0003201,LG-000890,Public Works Dept,Medium,22,15,6,13,2,0.31,8.2
ADM-0003202,LG-000890,Irrigation Department,Medium,26,13,15,31,4,0.32,9.0
ADM-0003203,LG-000891,Revenue Department,Medium,33,20,12,30,9,0.17,9.0
ADM-0003204,LG-000891,Land Records Cell,Medium,16,18,2,34,7,0.07,8.4
ADM-0003205,LG-000892,Revenue Department,High,32,28,7,101,28,0.73,3.8
ADM-0003206,LG-000892,Land Records Cell,High,28,24,4,45,34,0.48,3.2
ADM-0003207,LG-000892,Environmental Cell,High,40,5,2,105,13,0.69,3.6
ADM-0003208,LG-000892,Public Works Dept,High,37,7,2,58,19,0.83,4.3
ADM-0003209,LG-000892,Irrigation Department,High,48,19,13,59,18,0.57,2.4
ADM-0003210,LG-000893,Revenue Department,High,14,30,13,74,38,0.77,2.5
ADM-0003211,LG-000893,Land Records Cell,High,49,5,9,104,33,0.51,2.7
ADM-0003212,LG-000893,Environmental Cell,High,41,12,12,70,34,0.59,4.1
ADM-0003213,LG-000893,Public Works Dept,High,15,18,4,70,26,0.58,4.8
ADM-0003214,LG-000893,Irrigation Department,High,40,27,10,87,16,0.66,2.9
ADM-0003215,LG-000894,Revenue Department,Medium,38,21,14,27,8,0.25,9.5
ADM-0003216,LG-000894,Land Records Cell,Medium,13,26,11,21,9,0.07,7.5
ADM-0003217,LG-000894,Environmental Cell,Medium,47,22,5,24,3,0.32,8.7
ADM-0003218,LG-000894,Public Works Dept,Medium,38,18,5,16,1,0.1,6.6
ADM-0003219,LG-000895,Revenue Department,High,37,19,4,59,18,0.69,4.5
ADM-0003220,LG-000895,Land Records Cell,High,45,18,8,57,29,0.5,4.6
ADM-0003221,LG-000896,Revenue Department,High,45,14,8,64,21,0.75,4.9
ADM-0003222,LG-000896,Land Records Cell,High,29,24,12,87,40,0.58,3.7
ADM-0003223,LG-000897,Revenue Department,Medium,41,18,11,32,2,0.21,9.5
ADM-0003224,LG-000897,Land Records Cell,Medium,46,19,14,39,0,0.06,9.7
ADM-0003225,LG-000897,Environmental Cell,Medium,19,5,3,40,2,0.27,8.2
ADM-0003226,LG-000897,Public Works Dept,Medium,47,13,8,25,8,0.22,9.3
ADM-0003227,LG-000897,Irrigation Department,Medium,21,9,5,33,2,0.31,8.9
ADM-0003228,LG-000898,Revenue Department,Medium,43,11,5,37,10,0.21,8.3
ADM-0003229,LG-000898,Land Records Cell,Medium,43,15,9,39,5,0.12,6.6
ADM-0003230,LG-000898,Environmental Cell,Medium,20,13,3,10,0,0.32,8.1
ADM-0003231,LG-000898,Public Works Dept,Medium,27,14,8,32,9,0.16,8.5
ADM-0003232,LG-000898,Irrigation Department,Medium,10,6,11,21,4,0.08,8.0
ADM-0003233,LG-000899,Revenue Department,High,44,24,9,60,40,0.56,3.2
ADM-0003234,LG-000899,Land Records Cell,High,41,8,6,116,10,0.4,2.4
ADM-0003235,LG-000899,Environmental Cell,High,48,14,6,45,36,0.77,3.9
ADM-0003236,LG-000899,Public Works Dept,High,48,12,6,119,30,0.74,2.2
ADM-0003237,LG-000899,Irrigation Department,High,35,19,11,61,10,0.84,3.0
ADM-0003238,LG-000900,Revenue Department,High,41,30,4,85,31,0.81,2.1
ADM-0003239,LG-000900,Land Records Cell,High,23,25,3,57,35,0.63,2.4
ADM-0003240,LG-000900,Environmental Cell,High,21,10,5,48,11,0.53,3.2
ADM-0003241,LG-000900,Public Works Dept,High,31,27,3,68,25,0.62,2.4
ADM-0003242,LG-000901,Revenue Department,High,14,30,8,101,17,0.85,3.1
ADM-0003243,LG-000901,Land Records Cell,High,26,21,8,51,13,0.83,2.7
ADM-0003244,LG-000901,Environmental Cell,High,11,10,12,115,15,0.72,2.2
ADM-0003245,LG-000901,Public Works Dept,High,36,13,7,48,12,0.71,4.8
ADM-0003246,LG-000902,Revenue Department,Medium,19,7,4,35,3,0.21,6.9
ADM-0003247,LG-000902,Land Records Cell,Medium,20,18,3,26,7,0.31,8.7
ADM-0003248,LG-000903,Revenue Department,Medium,18,7,11,13,1,0.26,9.0
ADM-0003249,LG-000903,Land Records Cell,Medium,38,28,4,36,4,0.24,8.6
ADM-0003250,LG-000904,Revenue Department,Medium,40,14,11,26,5,0.1,6.5
ADM-0003251,LG-000904,Land Records Cell,Medium,35,24,5,15,10,0.33,9.7
ADM-0003252,LG-000905,Revenue Department,High,33,27,2,110,27,0.55,3.5
ADM-0003253,LG-000905,Land Records Cell,High,29,25,11,106,19,0.7,4.1
ADM-0003254,LG-000905,Environmental Cell,High,40,10,4,97,10,0.48,2.7
ADM-0003255,LG-000906,Revenue Department,High,29,9,13,90,38,0.73,3.6
ADM-0003256,LG-000906,Land Records Cell,High,43,8,2,46,37,0.69,4.0
ADM-0003257,LG-000906,Environmental Cell,High,26,29,11,52,19,0.8,2.2
ADM-0003258,LG-000907,Revenue Department,Medium,45,25,3,20,6,0.23,7.2
ADM-0003259,LG-000907,Land Records Cell,Medium,42,21,12,36,2,0.06,9.8
ADM-0003260,LG-000907,Environmental Cell,Medium,37,24,7,22,9,0.17,7.3
ADM-0003261,LG-000907,Public Works Dept,Medium,36,5,7,14,8,0.25,7.0
ADM-0003262,LG-000908,Revenue Department,Medium,34,5,6,13,6,0.35,9.0
ADM-0003263,LG-000908,Land Records Cell,Medium,38,17,7,36,4,0.22,8.5
ADM-0003264,LG-000908,Environmental Cell,Medium,38,8,14,30,2,0.25,6.5
ADM-0003265,LG-000908,Public Works Dept,Medium,47,16,13,33,3,0.23,9.7
ADM-0003266,LG-000908,Irrigation Department,Medium,20,5,2,30,9,0.27,8.4
ADM-0003267,LG-000909,Revenue Department,High,45,5,13,80,24,0.79,2.7
ADM-0003268,LG-000909,Land Records Cell,High,22,19,13,67,18,0.7,3.9
ADM-0003269,LG-000909,Environmental Cell,High,25,16,4,102,10,0.59,3.3
ADM-0003270,LG-000909,Public Works Dept,High,17,9,10,115,19,0.76,3.4
ADM-0003271,LG-000909,Irrigation Department,High,45,15,12,113,18,0.74,2.4
ADM-0003272,LG-000910,Revenue Department,Medium,42,14,2,35,1,0.13,8.5
ADM-0003273,LG-000910,Land Records Cell,Medium,25,15,8,28,8,0.27,9.7
ADM-0003274,LG-000910,Environmental Cell,Medium,42,21,11,34,2,0.33,7.4
ADM-0003275,LG-000910,Public Works Dept,Medium,48,20,9,23,3,0.06,9.3
ADM-0003276,LG-000910,Irrigation Department,Medium,15,6,8,40,7,0.15,8.0
ADM-0003277,LG-000911,Revenue Department,High,12,19,2,80,37,0.42,2.4
ADM-0003278,LG-000911,Land Records Cell,High,45,16,5,90,13,0.85,3.1
ADM-0003279,LG-000911,Environmental Cell,High,32,26,7,87,25,0.51,4.3
ADM-0003280,LG-000911,Public Works Dept,High,31,24,8,68,16,0.46,2.6
ADM-0003281,LG-000912,Revenue Department,High,31,8,3,92,13,0.82,2.2
ADM-0003282,LG-000912,Land Records Cell,High,10,8,13,112,22,0.69,3.1
ADM-0003283,LG-000912,Environmental Cell,High,20,20,6,77,16,0.44,4.1
ADM-0003284,LG-000913,Revenue Department,Medium,49,14,4,22,3,0.33,8.7
ADM-0003285,LG-000913,Land Records Cell,Medium,49,19,6,17,1,0.3,9.8
ADM-0003286,LG-000913,Environmental Cell,Medium,37,6,10,10,9,0.22,7.0
ADM-0003287,LG-000914,Revenue Department,Medium,36,28,7,29,1,0.29,9.4
ADM-0003288,LG-000914,Land Records Cell,Medium,12,21,11,17,9,0.29,7.9
ADM-0003289,LG-000915,Revenue Department,High,31,19,15,47,15,0.66,3.4
ADM-0003290,LG-000915,Land Records Cell,High,38,18,9,76,35,0.51,2.7
ADM-0003291,LG-000915,Environmental Cell,High,22,19,4,116,16,0.62,3.8
ADM-0003292,LG-000916,Revenue Department,Medium,32,7,2,31,8,0.35,8.7
ADM-0003293,LG-000916,Land Records Cell,Medium,39,7,12,25,6,0.18,7.5
ADM-0003294,LG-000916,Environmental Cell,Medium,36,18,11,16,5,0.22,8.2
ADM-0003295,LG-000917,Revenue Department,Medium,34,23,6,25,6,0.33,7.5
ADM-0003296,LG-000917,Land Records Cell,Medium,16,17,6,23,0,0.24,7.7
ADM-0003297,LG-000917,Environmental Cell,Medium,34,24,14,10,1,0.18,7.3
ADM-0003298,LG-000918,Revenue Department,Medium,22,27,2,22,6,0.3,7.3
ADM-0003299,LG-000918,Land Records Cell,Medium,40,10,15,31,9,0.12,9.0
ADM-0003300,LG-000918,Environmental Cell,Medium,24,30,13,14,1,0.09,8.4
ADM-0003301,LG-000918,Public Works Dept,Medium,23,9,14,36,0,0.3,8.9
ADM-0003302,LG-000918,Irrigation Department,Medium,49,24,8,27,5,0.12,9.4
ADM-0003303,LG-000919,Revenue Department,High,40,8,12,68,23,0.69,2.0
ADM-0003304,LG-000919,Land Records Cell,High,29,24,4,104,20,0.8,3.5
ADM-0003305,LG-000919,Environmental Cell,High,27,6,13,77,35,0.52,2.7
ADM-0003306,LG-000920,Revenue Department,Medium,46,19,2,30,4,0.08,9.3
ADM-0003307,LG-000920,Land Records Cell,Medium,12,7,7,12,3,0.12,6.5
ADM-0003308,LG-000920,Environmental Cell,Medium,15,19,10,19,10,0.25,7.1
ADM-0003309,LG-000920,Public Works Dept,Medium,36,27,15,34,1,0.11,7.7
ADM-0003310,LG-000920,Irrigation Department,Medium,15,5,11,12,7,0.17,9.4
ADM-0003311,LG-000921,Revenue Department,Medium,14,11,11,30,8,0.21,8.0
ADM-0003312,LG-000921,Land Records Cell,Medium,18,22,2,33,5,0.26,8.6
ADM-0003313,LG-000921,Environmental Cell,Medium,11,6,13,33,0,0.35,9.2
ADM-0003314,LG-000922,Revenue Department,High,47,17,5,57,27,0.78,4.0
ADM-0003315,LG-000922,Land Records Cell,High,26,15,7,107,40,0.49,2.7
ADM-0003316,LG-000922,Environmental Cell,High,25,9,8,85,11,0.83,4.3
ADM-0003317,LG-000923,Revenue Department,Medium,26,19,13,15,10,0.15,8.7
ADM-0003318,LG-000923,Land Records Cell,Medium,11,6,2,32,6,0.3,6.8
ADM-0003319,LG-000923,Environmental Cell,Medium,12,25,5,31,7,0.22,6.6
ADM-0003320,LG-000923,Public Works Dept,Medium,42,5,5,30,5,0.35,9.7
ADM-0003321,LG-000923,Irrigation Department,Medium,29,7,2,11,8,0.13,8.6
ADM-0003322,LG-000924,Revenue Department,High,27,22,6,72,28,0.8,4.5
ADM-0003323,LG-000924,Land Records Cell,High,28,27,14,99,31,0.58,3.5
ADM-0003324,LG-000925,Revenue Department,Medium,28,27,5,26,9,0.15,6.8
ADM-0003325,LG-000925,Land Records Cell,Medium,38,21,6,39,8,0.17,9.4
ADM-0003326,LG-000925,Environmental Cell,Medium,36,27,10,18,1,0.16,7.2
ADM-0003327,LG-000926,Revenue Department,Medium,43,8,2,26,0,0.2,7.3
ADM-0003328,LG-000926,Land Records Cell,Medium,22,30,9,36,0,0.31,8.0
ADM-0003329,LG-000927,Revenue Department,Medium,37,24,14,27,5,0.22,9.0
ADM-0003330,LG-000927,Land Records Cell,Medium,14,18,4,12,5,0.06,9.2
ADM-0003331,LG-000927,Environmental Cell,Medium,37,6,12,11,7,0.31,7.6
ADM-0003332,LG-000928,Revenue Department,High,21,24,14,66,10,0.85,4.3
ADM-0003333,LG-000928,Land Records Cell,High,37,5,10,47,38,0.71,4.6
ADM-0003334,LG-000929,Revenue Department,Medium,10,17,13,26,4,0.12,7.9
ADM-0003335,LG-000929,Land Records Cell,Medium,46,7,12,38,7,0.23,8.6
ADM-0003336,LG-000930,Revenue Department,Medium,13,14,5,15,6,0.23,7.8
ADM-0003337,LG-000930,Land Records Cell,Medium,24,13,10,13,6,0.23,8.6
ADM-0003338,LG-000930,Environmental Cell,Medium,46,11,3,10,6,0.12,8.7
ADM-0003339,LG-000931,Revenue Department,High,22,11,6,68,38,0.43,3.5
ADM-0003340,LG-000931,Land Records Cell,High,47,24,10,92,12,0.84,4.5
ADM-0003341,LG-000931,Environmental Cell,High,21,27,14,87,19,0.65,2.6
ADM-0003342,LG-000932,Revenue Department,Medium,10,25,11,25,9,0.34,9.4
ADM-0003343,LG-000932,Land Records Cell,Medium,32,24,13,16,4,0.05,6.6
ADM-0003344,LG-000933,Revenue Department,Medium,20,7,6,30,8,0.26,7.6
ADM-0003345,LG-000933,Land Records Cell,Medium,12,29,9,37,0,0.2,7.1
ADM-0003346,LG-000933,Environmental Cell,Medium,42,8,8,31,5,0.24,9.6
ADM-0003347,LG-000933,Public Works Dept,Medium,13,17,9,21,8,0.22,8.0
ADM-0003348,LG-000933,Irrigation Department,Medium,31,14,3,35,8,0.32,7.4
ADM-0003349,LG-000934,Revenue Department,Medium,38,26,11,14,1,0.22,7.6
ADM-0003350,LG-000934,Land Records Cell,Medium,28,16,13,30,2,0.13,7.0
ADM-0003351,LG-000935,Revenue Department,High,33,29,3,63,21,0.65,3.9
ADM-0003352,LG-000935,Land Records Cell,High,49,22,7,82,38,0.42,4.4
ADM-0003353,LG-000935,Environmental Cell,High,34,29,6,96,22,0.51,4.4
ADM-0003354,LG-000936,Revenue Department,Medium,40,25,5,39,5,0.26,6.8
ADM-0003355,LG-000936,Land Records Cell,Medium,36,30,13,17,7,0.3,6.7
ADM-0003356,LG-000937,Revenue Department,Medium,49,19,10,35,3,0.15,8.1
ADM-0003357,LG-000937,Land Records Cell,Medium,49,28,10,28,10,0.23,7.6
ADM-0003358,LG-000937,Environmental Cell,Medium,12,23,7,21,8,0.33,7.1
ADM-0003359,LG-000937,Public Works Dept,Medium,46,6,15,10,4,0.23,8.1
ADM-0003360,LG-000938,Revenue Department,High,22,13,4,67,31,0.65,2.2
ADM-0003361,LG-000938,Land Records Cell,High,16,23,7,67,28,0.66,3.8
ADM-0003362,LG-000939,Revenue Department,Medium,48,5,15,36,10,0.34,8.8
ADM-0003363,LG-000939,Land Records Cell,Medium,24,6,9,35,5,0.21,9.6
ADM-0003364,LG-000939,Environmental Cell,Medium,14,14,9,11,5,0.22,6.6
ADM-0003365,LG-000939,Public Works Dept,Medium,19,26,10,40,1,0.16,9.7
ADM-0003366,LG-000940,Revenue Department,Medium,12,28,5,25,0,0.06,7.6
ADM-0003367,LG-000940,Land Records Cell,Medium,26,9,7,15,0,0.27,7.3
ADM-0003368,LG-000940,Environmental Cell,Medium,37,13,3,15,10,0.27,9.1
ADM-0003369,LG-000940,Public Works Dept,Medium,29,24,4,30,0,0.12,9.3
ADM-0003370,LG-000941,Revenue Department,High,40,24,6,99,40,0.58,2.1
ADM-0003371,LG-000941,Land Records Cell,High,41,25,5,83,11,0.84,3.3
ADM-0003372,LG-000941,Environmental Cell,High,45,15,14,87,35,0.49,3.5
ADM-0003373,LG-000941,Public Works Dept,High,47,20,6,115,33,0.75,3.3
ADM-0003374,LG-000942,Revenue Department,High,40,9,7,88,10,0.62,2.2
ADM-0003375,LG-000942,Land Records Cell,High,24,14,4,62,31,0.47,2.6
ADM-0003376,LG-000943,Revenue Department,High,41,29,3,120,33,0.48,2.2
ADM-0003377,LG-000943,Land Records Cell,High,26,9,8,114,12,0.46,2.7
ADM-0003378,LG-000943,Environmental Cell,High,12,26,6,80,17,0.54,4.8
ADM-0003379,LG-000943,Public Works Dept,High,43,16,13,55,39,0.5,3.3
ADM-0003380,LG-000944,Revenue Department,High,47,14,9,51,16,0.59,2.3
ADM-0003381,LG-000944,Land Records Cell,High,47,29,2,52,24,0.67,4.2
ADM-0003382,LG-000945,Revenue Department,Medium,36,19,7,33,8,0.27,8.7
ADM-0003383,LG-000945,Land Records Cell,Medium,22,10,9,10,5,0.07,8.1
ADM-0003384,LG-000945,Environmental Cell,Medium,48,28,14,40,10,0.17,7.7
ADM-0003385,LG-000945,Public Works Dept,Medium,11,28,9,15,7,0.3,7.9
ADM-0003386,LG-000945,Irrigation Department,Medium,43,22,6,27,9,0.07,9.5
ADM-0003387,LG-000946,Revenue Department,High,50,21,13,61,23,0.76,3.3
ADM-0003388,LG-000946,Land Records Cell,High,21,24,6,108,21,0.58,3.2
ADM-0003389,LG-000946,Environmental Cell,High,26,15,5,93,22,0.7,3.6
ADM-0003390,LG-000946,Public Works Dept,High,39,17,4,52,26,0.41,3.8
ADM-0003391,LG-000947,Revenue Department,High,14,26,9,91,26,0.7,3.7
ADM-0003392,LG-000947,Land Records Cell,High,38,21,10,89,22,0.41,2.8
ADM-0003393,LG-000947,Environmental Cell,High,26,8,15,45,20,0.65,3.1
ADM-0003394,LG-000947,Public Works Dept,High,40,23,12,52,10,0.46,2.7
ADM-0003395,LG-000948,Revenue Department,High,49,25,6,66,37,0.65,2.6
ADM-0003396,LG-000948,Land Records Cell,High,43,15,14,90,18,0.47,4.9
ADM-0003397,LG-000948,Environmental Cell,High,19,23,13,53,22,0.78,2.2
ADM-0003398,LG-000948,Public Works Dept,High,13,25,11,54,35,0.78,2.2
ADM-0003399,LG-000948,Irrigation Department,High,12,8,4,67,23,0.73,2.8
ADM-0003400,LG-000949,Revenue Department,Medium,31,10,12,24,9,0.18,6.5
ADM-0003401,LG-000949,Land Records Cell,Medium,21,29,11,13,5,0.26,7.0
ADM-0003402,LG-000950,Revenue Department,Medium,45,21,7,39,2,0.08,8.0
ADM-0003403,LG-000950,Land Records Cell,Medium,16,13,11,27,7,0.13,9.5
ADM-0003404,LG-000950,Environmental Cell,Medium,27,19,5,12,2,0.18,8.5
ADM-0003405,LG-000950,Public Works Dept,Medium,17,10,13,17,8,0.24,8.1
ADM-0003406,LG-000950,Irrigation Department,Medium,29,9,8,28,7,0.34,8.5
ADM-0003407,LG-000951,Revenue Department,High,10,5,13,57,31,0.55,3.2
ADM-0003408,LG-000951,Land Records Cell,High,22,12,12,106,21,0.56,2.8
ADM-0003409,LG-000951,Environmental Cell,High,12,19,4,86,26,0.64,3.2
ADM-0003410,LG-000951,Public Works Dept,High,50,14,6,91,23,0.66,2.4
ADM-0003411,LG-000952,Revenue Department,Medium,49,9,7,25,9,0.21,7.4
ADM-0003412,LG-000952,Land Records Cell,Medium,47,25,6,10,0,0.32,6.6
ADM-0003413,LG-000952,Environmental Cell,Medium,13,22,5,35,5,0.12,9.3
ADM-0003414,LG-000952,Public Works Dept,Medium,16,11,9,24,6,0.34,8.7
ADM-0003415,LG-000953,Revenue Department,Medium,15,28,9,30,3,0.19,7.3
ADM-0003416,LG-000953,Land Records Cell,Medium,26,27,10,36,3,0.32,7.3
ADM-0003417,LG-000953,Environmental Cell,Medium,12,30,9,34,10,0.28,8.9
ADM-0003418,LG-000954,Revenue Department,High,37,25,2,83,19,0.49,3.3
ADM-0003419,LG-000954,Land Records Cell,High,42,28,12,73,17,0.41,3.6
ADM-0003420,LG-000955,Revenue Department,High,31,16,6,86,28,0.68,3.8
ADM-0003421,LG-000955,Land Records Cell,High,47,8,9,119,28,0.43,2.7
ADM-0003422,LG-000955,Environmental Cell,High,12,21,5,62,39,0.57,2.7
ADM-0003423,LG-000955,Public Works Dept,High,43,22,4,50,23,0.72,4.6
ADM-0003424,LG-000956,Revenue Department,Medium,10,13,8,38,8,0.29,9.5
ADM-0003425,LG-000956,Land Records Cell,Medium,43,16,15,39,8,0.34,9.7
ADM-0003426,LG-000957,Revenue Department,High,15,11,7,53,17,0.47,2.1
ADM-0003427,LG-000957,Land Records Cell,High,39,7,11,62,36,0.61,2.5
ADM-0003428,LG-000957,Environmental Cell,High,44,7,15,50,16,0.48,2.0
ADM-0003429,LG-000958,Revenue Department,Medium,14,12,9,10,0,0.25,6.8
ADM-0003430,LG-000958,Land Records Cell,Medium,28,24,15,26,10,0.18,7.5
ADM-0003431,LG-000959,Revenue Department,Medium,35,29,2,38,1,0.17,8.2
ADM-0003432,LG-000959,Land Records Cell,Medium,47,21,7,20,0,0.33,7.3
ADM-0003433,LG-000959,Environmental Cell,Medium,32,28,7,35,8,0.24,7.7
ADM-0003434,LG-000959,Public Works Dept,Medium,11,9,5,13,0,0.1,6.6
ADM-0003435,LG-000959,Irrigation Department,Medium,14,29,7,29,7,0.29,7.2
ADM-0003436,LG-000960,Revenue Department,High,29,6,3,118,39,0.73,2.1
ADM-0003437,LG-000960,Land Records Cell,High,29,16,11,110,38,0.43,2.2
ADM-0003438,LG-000961,Revenue Department,Medium,20,22,6,30,6,0.19,9.4
ADM-0003439,LG-000961,Land Records Cell,Medium,14,15,3,26,5,0.3,9.1
ADM-0003440,LG-000962,Revenue Department,Medium,32,26,14,18,2,0.35,6.5
ADM-0003441,LG-000962,Land Records Cell,Medium,36,21,15,22,1,0.32,7.6
ADM-0003442,LG-000963,Revenue Department,High,47,30,10,54,28,0.72,4.0
ADM-0003443,LG-000963,Land Records Cell,High,39,25,7,87,10,0.82,2.7
ADM-0003444,LG-000963,Environmental Cell,High,24,19,15,75,19,0.62,4.1
ADM-0003445,LG-000963,Public Works Dept,High,42,18,7,76,26,0.72,2.2
ADM-0003446,LG-000964,Revenue Department,High,42,11,7,81,27,0.8,2.3
ADM-0003447,LG-000964,Land Records Cell,High,28,12,2,62,24,0.65,4.6
ADM-0003448,LG-000965,Revenue Department,Medium,39,25,5,23,4,0.26,8.8
ADM-0003449,LG-000965,Land Records Cell,Medium,16,5,15,18,8,0.28,7.9
ADM-0003450,LG-000966,Revenue Department,Medium,13,11,10,13,4,0.13,7.4
ADM-0003451,LG-000966,Land Records Cell,Medium,26,13,13,31,8,0.23,8.4
ADM-0003452,LG-000966,Environmental Cell,Medium,37,14,12,40,10,0.17,7.2
ADM-0003453,LG-000966,Public Works Dept,Medium,14,5,4,16,4,0.19,8.4
ADM-0003454,LG-000966,Irrigation Department,Medium,41,11,14,35,8,0.24,8.7
ADM-0003455,LG-000967,Revenue Department,Medium,29,18,14,17,1,0.07,9.2
ADM-0003456,LG-000967,Land Records Cell,Medium,39,21,6,27,7,0.29,7.4
ADM-0003457,LG-000968,Revenue Department,High,34,5,12,94,16,0.47,3.9
ADM-0003458,LG-000968,Land Records Cell,High,35,16,6,116,15,0.42,4.1
ADM-0003459,LG-000968,Environmental Cell,High,43,20,8,84,26,0.58,3.9
ADM-0003460,LG-000969,Revenue Department,High,50,28,2,95,17,0.69,2.5
ADM-0003461,LG-000969,Land Records Cell,High,23,29,4,49,37,0.43,4.9
ADM-0003462,LG-000969,Environmental Cell,High,15,21,7,112,10,0.46,3.9
ADM-0003463,LG-000970,Revenue Department,Medium,26,9,11,35,10,0.25,6.7
ADM-0003464,LG-000970,Land Records Cell,Medium,50,25,13,31,5,0.2,9.1
ADM-0003465,LG-000970,Environmental Cell,Medium,27,6,10,24,4,0.13,8.3
ADM-0003466,LG-000971,Revenue Department,High,12,5,12,117,25,0.61,3.3
ADM-0003467,LG-000971,Land Records Cell,High,31,14,4,74,23,0.45,4.6
ADM-0003468,LG-000971,Environmental Cell,High,15,6,13,104,23,0.84,2.6
ADM-0003469,LG-000972,Revenue Department,High,39,29,4,58,34,0.45,4.8
ADM-0003470,LG-000972,Land Records Cell,High,34,22,4,84,22,0.61,4.0
ADM-0003471,LG-000973,Revenue Department,Medium,32,5,13,22,5,0.19,9.3
ADM-0003472,LG-000973,Land Records Cell,Medium,33,12,6,13,8,0.24,7.5
ADM-0003473,LG-000973,Environmental Cell,Medium,15,30,2,15,5,0.25,7.8
ADM-0003474,LG-000973,Public Works Dept,Medium,26,20,5,30,4,0.25,6.8
ADM-0003475,LG-000974,Revenue Department,Medium,26,24,11,29,1,0.21,7.5
ADM-0003476,LG-000974,Land Records Cell,Medium,28,24,12,21,1,0.17,9.3
ADM-0003477,LG-000975,Revenue Department,Medium,26,6,12,26,1,0.06,6.6
ADM-0003478,LG-000975,Land Records Cell,Medium,31,17,12,13,5,0.08,8.9
ADM-0003479,LG-000975,Environmental Cell,Medium,17,9,13,23,1,0.18,9.6
ADM-0003480,LG-000975,Public Works Dept,Medium,36,8,13,40,9,0.06,8.5
ADM-0003481,LG-000976,Revenue Department,Medium,31,22,11,17,8,0.1,6.8
ADM-0003482,LG-000976,Land Records Cell,Medium,21,7,7,38,4,0.18,9.2
ADM-0003483,LG-000976,Environmental Cell,Medium,36,7,6,31,3,0.11,8.9
ADM-0003484,LG-000976,Public Works Dept,Medium,48,9,9,26,3,0.33,8.6
ADM-0003485,LG-000976,Irrigation Department,Medium,42,19,12,40,7,0.28,8.3
ADM-0003486,LG-000977,Revenue Department,Medium,23,24,10,17,10,0.34,7.8
ADM-0003487,LG-000977,Land Records Cell,Medium,46,16,13,12,1,0.08,6.6
ADM-0003488,LG-000977,Environmental Cell,Medium,39,27,9,37,8,0.23,6.7
ADM-0003489,LG-000977,Public Works Dept,Medium,29,18,3,21,10,0.19,8.2
ADM-0003490,LG-000977,Irrigation Department,Medium,24,15,15,16,8,0.14,7.0
ADM-0003491,LG-000978,Revenue Department,Medium,41,28,10,40,5,0.23,8.8
ADM-0003492,LG-000978,Land Records Cell,Medium,20,21,10,16,0,0.22,7.4
ADM-0003493,LG-000979,Revenue Department,Medium,31,16,15,32,1,0.14,7.7
ADM-0003494,LG-000979,Land Records Cell,Medium,21,30,15,26,9,0.29,8.9
ADM-0003495,LG-000980,Revenue Department,Medium,41,14,5,22,7,0.35,8.7
ADM-0003496,LG-000980,Land Records Cell,Medium,30,15,6,13,4,0.33,7.6
ADM-0003497,LG-000981,Revenue Department,Medium,46,28,15,29,10,0.35,8.1
ADM-0003498,LG-000981,Land Records Cell,Medium,24,5,5,14,8,0.06,7.6
ADM-0003499,LG-000981,Environmental Cell,Medium,16,15,9,13,9,0.3,6.5
ADM-0003500,LG-000982,Revenue Department,Medium,16,15,5,32,7,0.1,8.2
ADM-0003501,LG-000982,Land Records Cell,Medium,44,15,9,34,10,0.28,7.2
ADM-0003502,LG-000983,Revenue Department,Medium,13,21,5,35,4,0.1,7.5
ADM-0003503,LG-000983,Land Records Cell,Medium,18,24,2,31,3,0.17,8.5
ADM-0003504,LG-000983,Environmental Cell,Medium,33,6,8,28,1,0.34,9.6
ADM-0003505,LG-000984,Revenue Department,Medium,12,12,4,30,9,0.09,8.2
ADM-0003506,LG-000984,Land Records Cell,Medium,13,7,5,25,9,0.2,7.9
ADM-0003507,LG-000984,Environmental Cell,Medium,26,15,7,30,10,0.3,9.5
ADM-0003508,LG-000985,Revenue Department,Medium,38,28,6,14,5,0.09,7.4
ADM-0003509,LG-000985,Land Records Cell,Medium,36,7,6,28,7,0.26,9.7
ADM-0003510,LG-000986,Revenue Department,Medium,40,14,12,29,1,0.17,7.1
ADM-0003511,LG-000986,Land Records Cell,Medium,41,10,5,25,2,0.26,9.6
ADM-0003512,LG-000986,Environmental Cell,Medium,45,17,7,29,7,0.33,7.2
ADM-0003513,LG-000986,Public Works Dept,Medium,36,24,4,23,1,0.21,8.7
ADM-0003514,LG-000987,Revenue Department,Medium,38,27,8,40,0,0.14,8.3
ADM-0003515,LG-000987,Land Records Cell,Medium,48,8,3,11,7,0.31,9.1
ADM-0003516,LG-000987,Environmental Cell,Medium,10,25,14,28,1,0.27,7.2
ADM-0003517,LG-000987,Public Works Dept,Medium,17,30,8,34,7,0.24,8.8
ADM-0003518,LG-000987,Irrigation Department,Medium,27,28,9,11,3,0.15,9.6
ADM-0003519,LG-000988,Revenue Department,Medium,19,21,2,39,2,0.29,7.7
ADM-0003520,LG-000988,Land Records Cell,Medium,46,23,6,20,9,0.16,7.1
ADM-0003521,LG-000988,Environmental Cell,Medium,28,22,13,27,6,0.3,7.2
ADM-0003522,LG-000988,Public Works Dept,Medium,47,18,10,17,10,0.24,9.3
ADM-0003523,LG-000989,Revenue Department,Medium,37,17,12,11,2,0.27,6.8
ADM-0003524,LG-000989,Land Records Cell,Medium,37,16,3,24,5,0.24,8.8
ADM-0003525,LG-000989,Environmental Cell,Medium,11,23,4,22,1,0.3,9.2
ADM-0003526,LG-000989,Public Works Dept,Medium,32,8,12,36,9,0.25,9.2
ADM-0003527,LG-000989,Irrigation Department,Medium,38,24,10,30,7,0.33,6.7
ADM-0003528,LG-000990,Revenue Department,Medium,22,20,7,31,2,0.32,9.7
ADM-0003529,LG-000990,Land Records Cell,Medium,12,7,7,16,5,0.07,8.7
ADM-0003530,LG-000990,Environmental Cell,Medium,40,9,11,35,9,0.26,8.1
ADM-0003531,LG-000991,Revenue Department,Medium,12,5,3,38,10,0.16,8.1
ADM-0003532,LG-000991,Land Records Cell,Medium,35,14,13,32,9,0.26,8.6
ADM-0003533,LG-000991,Environmental Cell,Medium,31,21,4,39,9,0.31,7.5
ADM-0003534,LG-000992,Revenue Department,High,33,8,4,48,22,0.61,4.2
ADM-0003535,LG-000992,Land Records Cell,High,33,6,7,55,34,0.68,2.3
ADM-0003536,LG-000992,Environmental Cell,High,42,16,7,52,40,0.43,3.0
ADM-0003537,LG-000992,Public Works Dept,High,13,27,10,119,25,0.42,4.5
ADM-0003538,LG-000993,Revenue Department,Medium,17,21,5,12,9,0.05,8.3
ADM-0003539,LG-000993,Land Records Cell,Medium,40,10,14,39,4,0.3,9.2
ADM-0003540,LG-000993,Environmental Cell,Medium,39,15,10,31,0,0.22,7.9
ADM-0003541,LG-000993,Public Works Dept,Medium,38,13,8,27,1,0.15,8.0
ADM-0003542,LG-000993,Irrigation Department,Medium,42,6,8,26,2,0.21,7.2
ADM-0003543,LG-000994,Revenue Department,High,35,17,13,82,36,0.46,3.2
ADM-0003544,LG-000994,Land Records Cell,High,30,14,5,114,26,0.63,3.7
ADM-0003545,LG-000994,Environmental Cell,High,31,26,14,102,13,0.69,3.1
ADM-0003546,LG-000994,Public Works Dept,High,15,18,2,101,20,0.74,4.8
ADM-0003547,LG-000995,Revenue Department,Medium,25,14,5,18,7,0.15,9.2
ADM-0003548,LG-000995,Land Records Cell,Medium,38,27,12,24,2,0.1,6.7
ADM-0003549,LG-000995,Environmental Cell,Medium,16,15,3,14,6,0.13,8.2
ADM-0003550,LG-000996,Revenue Department,High,26,11,11,115,40,0.43,3.3
ADM-0003551,LG-000996,Land Records Cell,High,21,22,15,117,14,0.71,4.7
ADM-0003552,LG-000996,Environmental Cell,High,45,8,10,88,15,0.81,4.8
ADM-0003553,LG-000996,Public Works Dept,High,31,20,2,81,40,0.67,2.7
ADM-0003554,LG-000997,Revenue Department,Medium,16,22,6,13,10,0.28,7.5
ADM-0003555,LG-000997,Land Records Cell,Medium,45,27,5,15,2,0.1,8.6
ADM-0003556,LG-000997,Environmental Cell,Medium,50,21,14,39,0,0.18,7.7
ADM-0003557,LG-000997,Public Works Dept,Medium,10,28,12,19,9,0.35,8.7
ADM-0003558,LG-000998,Revenue Department,Medium,31,20,13,12,8,0.11,8.5
ADM-0003559,LG-000998,Land Records Cell,Medium,20,19,8,14,8,0.31,8.3
ADM-0003560,LG-000998,Environmental Cell,Medium,48,5,6,22,1,0.23,8.8
ADM-0003561,LG-000999,Revenue Department,High,14,14,3,84,11,0.44,3.1
ADM-0003562,LG-000999,Land Records Cell,High,35,30,11,82,32,0.62,4.4
ADM-0003563,LG-000999,Environmental Cell,High,13,11,4,67,30,0.5,2.5
ADM-0003564,LG-000999,Public Works Dept,High,44,11,11,62,25,0.67,2.6
ADM-0003565,LG-001000,Revenue Department,Medium,34,19,14,33,3,0.23,9.4
ADM-0003566,LG-001000,Land Records Cell,Medium,23,19,8,21,9,0.24,9.0
ADM-0003567,LG-001000,Environmental Cell,Medium,20,22,2,25,0,0.06,9.1
ADM-0003568,LG-001000,Public Works Dept,Medium,43,9,12,18,8,0.17,7.0
ADM-0003569,LG-001000,Irrigation Department,Medium,49,15,14,13,2,0.18,8.5
ADM-0003570,LG-001001,Revenue Department,High,48,17,8,70,23,0.76,2.1
ADM-0003571,LG-001001,Land Records Cell,High,11,9,2,94,23,0.56,3.1
ADM-0003572,LG-001001,Environmental Cell,High,24,20,3,114,28,0.51,3.9
ADM-0003573,LG-001001,Public Works Dept,High,11,12,4,49,10,0.48,2.7
ADM-0003574,LG-001001,Irrigation Department,High,50,25,11,71,12,0.47,3.9
ADM-0003575,LG-001002,Revenue Department,High,20,22,13,79,18,0.63,2.2
ADM-0003576,LG-001002,Land Records Cell,High,12,29,3,45,38,0.75,2.7
ADM-0003577,LG-001002,Environmental Cell,High,13,11,14,62,39,0.74,3.2
ADM-0003578,LG-001002,Public Works Dept,High,44,20,12,89,19,0.67,3.3
ADM-0003579,LG-001003,Revenue Department,Medium,33,16,7,34,5,0.09,8.9
ADM-0003580,LG-001003,Land Records Cell,Medium,33,21,4,14,5,0.24,8.1
ADM-0003581,LG-001003,Environmental Cell,Medium,35,20,3,33,8,0.09,7.2
ADM-0003582,LG-001004,Revenue Department,High,50,15,5,58,31,0.46,4.3
ADM-0003583,LG-001004,Land Records Cell,High,21,7,13,105,35,0.41,4.5
ADM-0003584,LG-001004,Environmental Cell,High,40,21,9,50,27,0.66,2.7
ADM-0003585,LG-001004,Public Works Dept,High,12,25,10,114,26,0.59,3.7
ADM-0003586,LG-001005,Revenue Department,Medium,19,16,3,37,10,0.11,8.7
ADM-0003587,LG-001005,Land Records Cell,Medium,32,30,14,24,8,0.3,7.1
ADM-0003588,LG-001005,Environmental Cell,Medium,26,12,13,25,6,0.16,8.7
ADM-0003589,LG-001006,Revenue Department,Medium,43,21,11,29,0,0.3,7.5
ADM-0003590,LG-001006,Land Records Cell,Medium,19,24,4,30,6,0.05,7.2
ADM-0003591,LG-001006,Environmental Cell,Medium,20,6,6,14,8,0.16,7.1
ADM-0003592,LG-001007,Revenue Department,High,36,5,12,99,24,0.76,2.9
ADM-0003593,LG-001007,Land Records Cell,High,31,25,11,82,21,0.78,4.8
ADM-0003594,LG-001007,Environmental Cell,High,26,6,15,110,35,0.52,2.9
ADM-0003595,LG-001007,Public Works Dept,High,26,28,14,101,12,0.78,3.1
ADM-0003596,LG-001008,Revenue Department,Medium,44,6,7,20,7,0.19,9.7
ADM-0003597,LG-001008,Land Records Cell,Medium,37,22,9,40,1,0.24,8.4
ADM-0003598,LG-001008,Environmental Cell,Medium,25,12,15,40,6,0.25,8.4
ADM-0003599,LG-001009,Revenue Department,Medium,37,21,11,16,8,0.32,9.4
ADM-0003600,LG-001009,Land Records Cell,Medium,19,9,13,21,9,0.3,7.5
ADM-0003601,LG-001010,Revenue Department,High,14,11,14,58,10,0.41,4.9
ADM-0003602,LG-001010,Land Records Cell,High,21,30,11,67,32,0.5,2.2
ADM-0003603,LG-001010,Environmental Cell,High,40,22,7,83,26,0.72,4.7
ADM-0003604,LG-001011,Revenue Department,High,40,9,14,92,15,0.71,2.6
ADM-0003605,LG-001011,Land Records Cell,High,47,18,13,83,19,0.56,4.8
ADM-0003606,LG-001011,Environmental Cell,High,41,20,11,58,34,0.53,4.5
ADM-0003607,LG-001012,Revenue Department,Medium,28,14,2,30,9,0.16,7.2
ADM-0003608,LG-001012,Land Records Cell,Medium,14,13,14,20,3,0.28,8.4
ADM-0003609,LG-001012,Environmental Cell,Medium,40,21,3,23,2,0.26,9.1
ADM-0003610,LG-001012,Public Works Dept,Medium,46,13,7,22,1,0.05,8.1
ADM-0003611,LG-001012,Irrigation Department,Medium,26,19,13,27,6,0.24,8.3
ADM-0003612,LG-001013,Revenue Department,Medium,37,12,12,32,6,0.23,9.4
ADM-0003613,LG-001013,Land Records Cell,Medium,27,25,9,33,3,0.29,7.6
ADM-0003614,LG-001013,Environmental Cell,Medium,47,12,4,36,6,0.17,8.9
ADM-0003615,LG-001013,Public Works Dept,Medium,11,10,2,18,0,0.18,9.0
ADM-0003616,LG-001013,Irrigation Department,Medium,40,29,7,27,9,0.06,9.0
ADM-0003617,LG-001014,Revenue Department,High,17,20,11,45,12,0.59,2.9
ADM-0003618,LG-001014,Land Records Cell,High,44,22,9,62,37,0.65,4.9
ADM-0003619,LG-001014,Environmental Cell,High,17,25,8,107,33,0.78,2.3
ADM-0003620,LG-001014,Public Works Dept,High,21,30,3,57,10,0.84,3.3
ADM-0003621,LG-001014,Irrigation Department,High,25,16,3,47,37,0.78,4.4
ADM-0003622,LG-001015,Revenue Department,High,43,24,15,99,11,0.74,4.0
ADM-0003623,LG-001015,Land Records Cell,High,14,8,5,102,18,0.78,4.9
ADM-0003624,LG-001015,Environmental Cell,High,23,16,13,92,27,0.65,4.2
ADM-0003625,LG-001015,Public Works Dept,High,49,20,8,117,23,0.8,3.7
ADM-0003626,LG-001015,Irrigation Department,High,15,21,11,76,32,0.49,2.3
ADM-0003627,LG-001016,Revenue Department,High,39,26,8,80,31,0.48,3.1
ADM-0003628,LG-001016,Land Records Cell,High,22,12,14,67,12,0.56,4.9
ADM-0003629,LG-001016,Environmental Cell,High,33,13,6,73,36,0.45,2.3
ADM-0003630,LG-001016,Public Works Dept,High,29,13,8,70,13,0.42,2.6
ADM-0003631,LG-001017,Revenue Department,Medium,20,7,6,29,8,0.34,7.5
ADM-0003632,LG-001017,Land Records Cell,Medium,25,8,8,22,0,0.19,7.0
ADM-0003633,LG-001018,Revenue Department,High,46,14,13,106,30,0.8,2.8
ADM-0003634,LG-001018,Land Records Cell,High,50,30,14,102,34,0.63,2.5
ADM-0003635,LG-001018,Environmental Cell,High,18,28,8,87,14,0.68,4.1
ADM-0003636,LG-001019,Revenue Department,Medium,28,26,10,29,3,0.32,7.0
ADM-0003637,LG-001019,Land Records Cell,Medium,48,24,6,34,2,0.19,8.1
ADM-0003638,LG-001020,Revenue Department,Medium,21,27,2,38,6,0.3,9.3
ADM-0003639,LG-001020,Land Records Cell,Medium,39,11,2,15,3,0.1,6.9
ADM-0003640,LG-001020,Environmental Cell,Medium,18,14,11,19,5,0.15,7.5
ADM-0003641,LG-001020,Public Works Dept,Medium,14,6,9,14,4,0.07,7.8
ADM-0003642,LG-001021,Revenue Department,High,33,23,15,119,15,0.83,3.3
ADM-0003643,LG-001021,Land Records Cell,High,41,30,9,79,34,0.42,3.3
ADM-0003644,LG-001021,Environmental Cell,High,22,23,14,50,29,0.55,2.6
ADM-0003645,LG-001022,Revenue Department,Medium,24,28,10,16,10,0.26,9.1
ADM-0003646,LG-001022,Land Records Cell,Medium,44,14,4,32,6,0.33,7.8
ADM-0003647,LG-001023,Revenue Department,High,17,12,10,52,16,0.46,2.2
ADM-0003648,LG-001023,Land Records Cell,High,40,22,10,94,32,0.45,4.6
ADM-0003649,LG-001023,Environmental Cell,High,45,23,2,104,17,0.67,2.1
ADM-0003650,LG-001024,Revenue Department,Medium,15,16,12,29,3,0.17,9.5
ADM-0003651,LG-001024,Land Records Cell,Medium,38,15,13,40,7,0.12,8.9
ADM-0003652,LG-001025,Revenue Department,High,48,26,15,105,11,0.47,2.0
ADM-0003653,LG-001025,Land Records Cell,High,25,21,14,47,20,0.49,3.3
ADM-0003654,LG-001025,Environmental Cell,High,19,30,13,102,26,0.72,3.8
ADM-0003655,LG-001026,Revenue Department,Medium,49,17,9,17,1,0.27,8.9
ADM-0003656,LG-001026,Land Records Cell,Medium,13,12,11,36,10,0.2,9.0
ADM-0003657,LG-001026,Environmental Cell,Medium,27,6,7,13,2,0.29,7.6
ADM-0003658,LG-001026,Public Works Dept,Medium,23,13,4,25,1,0.26,6.9
ADM-0003659,LG-001026,Irrigation Department,Medium,26,13,8,32,2,0.29,6.7
ADM-0003660,LG-001027,Revenue Department,Medium,12,20,7,39,8,0.18,7.1
ADM-0003661,LG-001027,Land Records Cell,Medium,19,10,5,34,7,0.06,7.0
ADM-0003662,LG-001027,Environmental Cell,Medium,14,22,2,21,5,0.06,8.3
ADM-0003663,LG-001027,Public Works Dept,Medium,16,14,14,12,4,0.15,8.0
ADM-0003664,LG-001027,Irrigation Department,Medium,17,25,15,29,0,0.35,8.4
ADM-0003665,LG-001028,Revenue Department,High,23,14,11,76,23,0.6,2.8
ADM-0003666,LG-001028,Land Records Cell,High,41,12,10,53,35,0.78,2.5
ADM-0003667,LG-001028,Environmental Cell,High,14,28,8,71,14,0.63,4.4
ADM-0003668,LG-001028,Public Works Dept,High,39,27,12,114,32,0.68,2.6
ADM-0003669,LG-001029,Revenue Department,Medium,42,21,7,24,9,0.09,8.6
ADM-0003670,LG-001029,Land Records Cell,Medium,37,25,9,24,9,0.14,7.5
ADM-0003671,LG-001029,Environmental Cell,Medium,30,14,7,23,3,0.07,6.6
ADM-0003672,LG-001030,Revenue Department,Medium,27,9,11,18,10,0.12,8.8
ADM-0003673,LG-001030,Land Records Cell,Medium,49,7,4,29,8,0.24,7.9
ADM-0003674,LG-001031,Revenue Department,Medium,42,25,12,39,7,0.21,8.3
ADM-0003675,LG-001031,Land Records Cell,Medium,27,23,8,22,3,0.1,7.5
ADM-0003676,LG-001031,Environmental Cell,Medium,50,17,8,26,2,0.08,6.9
ADM-0003677,LG-001032,Revenue Department,Medium,38,13,6,22,9,0.17,7.0
ADM-0003678,LG-001032,Land Records Cell,Medium,36,8,9,13,7,0.29,9.5
ADM-0003679,LG-001032,Environmental Cell,Medium,15,30,8,13,6,0.07,8.9
ADM-0003680,LG-001032,Public Works Dept,Medium,40,26,8,20,2,0.25,8.7
ADM-0003681,LG-001032,Irrigation Department,Medium,23,8,10,19,0,0.27,8.7
ADM-0003682,LG-001033,Revenue Department,Medium,29,27,5,24,5,0.12,7.1
ADM-0003683,LG-001033,Land Records Cell,Medium,30,8,4,12,5,0.18,7.3
ADM-0003684,LG-001034,Revenue Department,Medium,33,20,3,12,9,0.3,7.4
ADM-0003685,LG-001034,Land Records Cell,Medium,25,7,6,19,1,0.1,9.1
ADM-0003686,LG-001034,Environmental Cell,Medium,15,26,10,13,2,0.17,9.4
ADM-0003687,LG-001035,Revenue Department,Medium,18,17,7,18,6,0.07,8.8
ADM-0003688,LG-001035,Land Records Cell,Medium,46,6,13,15,0,0.18,7.1
ADM-0003689,LG-001035,Environmental Cell,Medium,14,30,9,39,4,0.28,7.0
ADM-0003690,LG-001035,Public Works Dept,Medium,23,13,8,34,10,0.05,8.9
ADM-0003691,LG-001035,Irrigation Department,Medium,32,10,2,27,9,0.34,8.0
ADM-0003692,LG-001036,Revenue Department,Medium,32,13,10,16,10,0.08,9.5
ADM-0003693,LG-001036,Land Records Cell,Medium,35,27,8,15,6,0.1,9.4
ADM-0003694,LG-001036,Environmental Cell,Medium,49,14,3,32,9,0.1,9.1
ADM-0003695,LG-001036,Public Works Dept,Medium,19,10,8,30,5,0.24,9.3
ADM-0003696,LG-001037,Revenue Department,Medium,13,25,4,28,8,0.14,7.4
ADM-0003697,LG-001037,Land Records Cell,Medium,20,20,7,24,7,0.32,8.1
ADM-0003698,LG-001037,Environmental Cell,Medium,39,12,15,26,6,0.29,6.6
ADM-0003699,LG-001037,Public Works Dept,Medium,44,26,8,29,1,0.17,8.9
ADM-0003700,LG-001037,Irrigation Department,Medium,40,8,15,33,6,0.21,8.8
ADM-0003701,LG-001038,Revenue Department,Medium,42,12,12,26,10,0.24,7.5
ADM-0003702,LG-001038,Land Records Cell,Medium,42,10,13,29,0,0.21,7.1
ADM-0003703,LG-001038,Environmental Cell,Medium,13,23,7,32,9,0.22,8.1
ADM-0003704,LG-001039,Revenue Department,Medium,49,11,4,18,7,0.27,8.3
ADM-0003705,LG-001039,Land Records Cell,Medium,20,8,14,40,9,0.19,7.3
ADM-0003706,LG-001039,Environmental Cell,Medium,46,26,9,35,7,0.26,9.8
ADM-0003707,LG-001039,Public Works Dept,Medium,20,18,4,29,9,0.31,7.4
ADM-0003708,LG-001040,Revenue Department,Medium,48,8,8,18,10,0.07,7.6
ADM-0003709,LG-001040,Land Records Cell,Medium,39,29,11,27,8,0.07,9.6
ADM-0003710,LG-001040,Environmental Cell,Medium,37,17,12,34,10,0.34,6.6
ADM-0003711,LG-001041,Revenue Department,High,37,13,13,82,36,0.7,4.4
ADM-0003712,LG-001041,Land Records Cell,High,25,12,11,95,34,0.51,3.9
ADM-0003713,LG-001042,Revenue Department,Medium,42,21,13,32,1,0.08,7.8
ADM-0003714,LG-001042,Land Records Cell,Medium,39,6,4,29,1,0.24,9.1
ADM-0003715,LG-001042,Environmental Cell,Medium,25,22,14,13,1,0.31,8.2
ADM-0003716,LG-001043,Revenue Department,Medium,23,6,9,26,1,0.05,8.4
ADM-0003717,LG-001043,Land Records Cell,Medium,21,19,2,16,0,0.32,8.8
ADM-0003718,LG-001044,Revenue Department,Medium,26,9,11,40,9,0.13,7.2
ADM-0003719,LG-001044,Land Records Cell,Medium,14,29,4,21,3,0.08,7.1
ADM-0003720,LG-001044,Environmental Cell,Medium,30,17,11,10,9,0.15,8.2
ADM-0003721,LG-001044,Public Works Dept,Medium,29,24,6,20,1,0.34,7.7
ADM-0003722,LG-001044,Irrigation Department,Medium,41,17,11,30,6,0.23,8.7
ADM-0003723,LG-001045,Revenue Department,High,34,16,12,94,16,0.48,4.0
ADM-0003724,LG-001045,Land Records Cell,High,44,26,7,53,17,0.83,3.5
ADM-0003725,LG-001046,Revenue Department,Medium,49,10,10,36,3,0.28,7.6
ADM-0003726,LG-001046,Land Records Cell,Medium,19,8,6,28,9,0.13,9.7
ADM-0003727,LG-001046,Environmental Cell,Medium,36,22,7,27,9,0.3,7.4
ADM-0003728,LG-001046,Public Works Dept,Medium,44,5,10,15,9,0.24,7.6
ADM-0003729,LG-001047,Revenue Department,High,40,17,8,53,19,0.55,3.7
ADM-0003730,LG-001047,Land Records Cell,High,38,21,15,109,21,0.69,3.3
ADM-0003731,LG-001047,Environmental Cell,High,32,27,2,81,22,0.72,3.4
ADM-0003732,LG-001047,Public Works Dept,High,18,12,8,100,19,0.41,3.3
ADM-0003733,LG-001048,Revenue Department,Medium,34,9,2,29,4,0.1,6.8
ADM-0003734,LG-001048,Land Records Cell,Medium,19,22,5,33,3,0.11,9.0
ADM-0003735,LG-001048,Environmental Cell,Medium,22,26,5,14,5,0.22,6.9
ADM-0003736,LG-001049,Revenue Department,Medium,11,12,3,27,4,0.06,6.8
ADM-0003737,LG-001049,Land Records Cell,Medium,31,26,14,23,0,0.25,7.7
ADM-0003738,LG-001049,Environmental Cell,Medium,31,18,12,40,4,0.3,6.7
ADM-0003739,LG-001049,Public Works Dept,Medium,37,16,4,35,4,0.25,8.6
ADM-0003740,LG-001049,Irrigation Department,Medium,34,9,7,20,5,0.15,8.5
ADM-0003741,LG-001050,Revenue Department,High,29,16,10,89,24,0.54,2.3
ADM-0003742,LG-001050,Land Records Cell,High,17,5,3,73,32,0.77,2.4
ADM-0003743,LG-001051,Revenue Department,High,20,8,7,103,36,0.73,4.8
ADM-0003744,LG-001051,Land Records Cell,High,16,30,12,81,12,0.5,2.2
ADM-0003745,LG-001051,Environmental Cell,High,43,28,10,118,17,0.41,4.9
ADM-0003746,LG-001052,Revenue Department,High,12,9,10,91,37,0.79,4.4
ADM-0003747,LG-001052,Land Records Cell,High,11,27,11,81,34,0.75,4.1
ADM-0003748,LG-001052,Environmental Cell,High,49,30,15,55,16,0.66,2.6
ADM-0003749,LG-001052,Public Works Dept,High,10,16,7,90,39,0.64,2.9
ADM-0003750,LG-001052,Irrigation Department,High,47,10,5,66,22,0.42,2.2
ADM-0003751,LG-001053,Revenue Department,Medium,17,26,6,39,6,0.22,7.5
ADM-0003752,LG-001053,Land Records Cell,Medium,17,22,6,24,9,0.22,7.7
ADM-0003753,LG-001053,Environmental Cell,Medium,21,7,6,28,0,0.17,8.8
ADM-0003754,LG-001053,Public Works Dept,Medium,17,22,4,39,6,0.17,9.0
ADM-0003755,LG-001053,Irrigation Department,Medium,17,13,5,25,9,0.09,6.9
ADM-0003756,LG-001054,Revenue Department,Medium,39,19,13,13,3,0.13,8.5
ADM-0003757,LG-001054,Land Records Cell,Medium,24,19,7,14,8,0.21,7.2
ADM-0003758,LG-001055,Revenue Department,Medium,49,6,3,27,10,0.08,7.2
ADM-0003759,LG-001055,Land Records Cell,Medium,30,26,12,15,5,0.17,9.3
ADM-0003760,LG-001055,Environmental Cell,Medium,37,26,8,22,6,0.1,7.7
ADM-0003761,LG-001055,Public Works Dept,Medium,39,27,13,32,5,0.33,8.6
ADM-0003762,LG-001055,Irrigation Department,Medium,44,25,5,33,2,0.07,6.7
ADM-0003763,LG-001056,Revenue Department,Medium,43,20,3,20,9,0.34,8.0
ADM-0003764,LG-001056,Land Records Cell,Medium,23,17,8,20,3,0.35,8.3
ADM-0003765,LG-001057,Revenue Department,Medium,25,16,15,35,0,0.23,8.1
ADM-0003766,LG-001057,Land Records Cell,Medium,21,27,9,40,5,0.16,6.7
ADM-0003767,LG-001057,Environmental Cell,Medium,44,27,8,23,7,0.2,9.5
ADM-0003768,LG-001057,Public Works Dept,Medium,18,14,5,18,7,0.24,8.1
ADM-0003769,LG-001058,Revenue Department,High,43,25,11,92,28,0.6,2.6
ADM-0003770,LG-001058,Land Records Cell,High,40,14,14,78,16,0.45,5.0
ADM-0003771,LG-001059,Revenue Department,High,41,6,5,73,10,0.69,5.0
ADM-0003772,LG-001059,Land Records Cell,High,38,25,5,120,10,0.73,4.6
ADM-0003773,LG-001060,Revenue Department,Medium,32,26,14,39,9,0.33,9.1
ADM-0003774,LG-001060,Land Records Cell,Medium,23,17,4,11,1,0.33,6.7
ADM-0003775,LG-001060,Environmental Cell,Medium,28,7,13,20,0,0.12,7.1
ADM-0003776,LG-001060,Public Works Dept,Medium,33,20,2,28,2,0.25,8.3
ADM-0003777,LG-001061,Revenue Department,Medium,39,8,11,33,2,0.07,8.2
ADM-0003778,LG-001061,Land Records Cell,Medium,47,19,3,26,3,0.06,7.0
ADM-0003779,LG-001062,Revenue Department,Medium,14,18,3,10,10,0.15,6.7
ADM-0003780,LG-001062,Land Records Cell,Medium,38,6,13,12,4,0.2,8.3
ADM-0003781,LG-001062,Environmental Cell,Medium,22,20,14,33,9,0.14,7.1
ADM-0003782,LG-001063,Revenue Department,Medium,35,28,9,24,9,0.33,9.5
ADM-0003783,LG-001063,Land Records Cell,Medium,18,25,11,25,4,0.29,7.6
ADM-0003784,LG-001063,Environmental Cell,Medium,18,23,5,29,10,0.2,9.0
ADM-0003785,LG-001063,Public Works Dept,Medium,18,7,7,29,7,0.19,7.2
ADM-0003786,LG-001064,Revenue Department,High,35,24,2,85,14,0.69,2.8
ADM-0003787,LG-001064,Land Records Cell,High,38,9,10,95,19,0.61,4.5
ADM-0003788,LG-001064,Environmental Cell,High,47,7,15,113,37,0.53,2.7
ADM-0003789,LG-001065,Revenue Department,High,42,12,3,64,12,0.4,2.9
ADM-0003790,LG-001065,Land Records Cell,High,16,11,3,81,36,0.42,5.0
ADM-0003791,LG-001065,Environmental Cell,High,23,19,8,46,36,0.56,4.6
ADM-0003792,LG-001065,Public Works Dept,High,31,21,11,109,37,0.81,4.1
ADM-0003793,LG-001065,Irrigation Department,High,24,16,15,82,25,0.65,5.0
ADM-0003794,LG-001066,Revenue Department,Medium,32,5,9,15,5,0.24,9.8
ADM-0003795,LG-001066,Land Records Cell,Medium,24,13,10,34,1,0.17,8.0
ADM-0003796,LG-001066,Environmental Cell,Medium,13,7,12,38,4,0.08,8.4
ADM-0003797,LG-001066,Public Works Dept,Medium,27,26,7,16,1,0.35,8.4
ADM-0003798,LG-001066,Irrigation Department,Medium,29,15,9,24,0,0.09,8.4
ADM-0003799,LG-001067,Revenue Department,Medium,39,14,15,18,0,0.16,9.1
ADM-0003800,LG-001067,Land Records Cell,Medium,11,15,14,31,9,0.24,6.9
ADM-0003801,LG-001067,Environmental Cell,Medium,10,25,14,14,4,0.32,7.2
ADM-0003802,LG-001067,Public Works Dept,Medium,41,17,2,33,6,0.33,8.0
ADM-0003803,LG-001068,Revenue Department,Medium,11,23,7,19,9,0.1,9.6
ADM-0003804,LG-001068,Land Records Cell,Medium,28,21,2,27,4,0.32,8.1
ADM-0003805,LG-001068,Environmental Cell,Medium,40,12,3,24,7,0.12,7.4
ADM-0003806,LG-001068,Public Works Dept,Medium,10,16,4,33,4,0.29,7.2
ADM-0003807,LG-001068,Irrigation Department,Medium,28,8,3,14,0,0.28,7.7
ADM-0003808,LG-001069,Revenue Department,High,40,6,8,83,21,0.4,3.3
ADM-0003809,LG-001069,Land Records Cell,High,19,5,12,109,12,0.74,2.2
ADM-0003810,LG-001070,Revenue Department,High,46,10,5,120,10,0.58,2.4
ADM-0003811,LG-001070,Land Records Cell,High,27,23,8,54,35,0.5,4.0
ADM-0003812,LG-001070,Environmental Cell,High,11,9,6,56,33,0.51,4.0
ADM-0003813,LG-001071,Revenue Department,Medium,43,11,11,22,5,0.18,9.3
ADM-0003814,LG-001071,Land Records Cell,Medium,41,19,7,31,5,0.06,8.2
ADM-0003815,LG-001071,Environmental Cell,Medium,12,27,12,38,8,0.09,9.1
ADM-0003816,LG-001072,Revenue Department,High,22,25,8,54,34,0.63,5.0
ADM-0003817,LG-001072,Land Records Cell,High,15,10,2,80,33,0.73,4.3
ADM-0003818,LG-001072,Environmental Cell,High,39,10,15,76,31,0.59,3.9
ADM-0003819,LG-001073,Revenue Department,Medium,13,11,9,11,2,0.27,7.7
ADM-0003820,LG-001073,Land Records Cell,Medium,23,27,2,38,9,0.11,9.4
ADM-0003821,LG-001073,Environmental Cell,Medium,49,10,15,38,8,0.24,7.4
ADM-0003822,LG-001073,Public Works Dept,Medium,23,25,12,13,2,0.17,7.6
ADM-0003823,LG-001074,Revenue Department,High,18,25,15,51,11,0.72,3.9
ADM-0003824,LG-001074,Land Records Cell,High,14,8,14,79,10,0.83,4.1
ADM-0003825,LG-001074,Environmental Cell,High,50,17,12,45,31,0.79,3.9
ADM-0003826,LG-001074,Public Works Dept,High,47,11,10,100,28,0.48,4.0
ADM-0003827,LG-001075,Revenue Department,Medium,27,16,10,39,2,0.13,8.0
ADM-0003828,LG-001075,Land Records Cell,Medium,10,14,5,32,9,0.17,7.2
ADM-0003829,LG-001075,Environmental Cell,Medium,22,22,12,15,0,0.16,7.7
ADM-0003830,LG-001075,Public Works Dept,Medium,33,25,8,11,5,0.05,6.9
ADM-0003831,LG-001075,Irrigation Department,Medium,33,22,10,39,1,0.18,8.2
ADM-0003832,LG-001076,Revenue Department,Medium,13,16,2,24,7,0.13,9.4
ADM-0003833,LG-001076,Land Records Cell,Medium,35,12,10,29,10,0.06,7.3
ADM-0003834,LG-001077,Revenue Department,Medium,45,29,9,22,8,0.27,8.7
ADM-0003835,LG-001077,Land Records Cell,Medium,33,25,15,31,6,0.12,8.7
ADM-0003836,LG-001077,Environmental Cell,Medium,36,20,4,15,9,0.18,7.4
ADM-0003837,LG-001077,Public Works Dept,Medium,47,27,15,31,9,0.11,9.7
ADM-0003838,LG-001077,Irrigation Department,Medium,47,13,8,21,2,0.11,6.6
ADM-0003839,LG-001078,Revenue Department,Medium,33,14,10,18,9,0.05,9.8
ADM-0003840,LG-001078,Land Records Cell,Medium,12,7,15,29,3,0.27,8.2
ADM-0003841,LG-001078,Environmental Cell,Medium,35,11,9,21,3,0.12,8.3
ADM-0003842,LG-001079,Revenue Department,Medium,12,12,5,16,4,0.08,9.2
ADM-0003843,LG-001079,Land Records Cell,Medium,50,24,7,34,6,0.34,9.1
ADM-0003844,LG-001079,Environmental Cell,Medium,28,10,6,20,9,0.27,6.9
ADM-0003845,LG-001079,Public Works Dept,Medium,44,15,3,38,6,0.31,9.6
ADM-0003846,LG-001080,Revenue Department,High,42,28,12,94,18,0.7,3.0
ADM-0003847,LG-001080,Land Records Cell,High,30,20,9,63,30,0.75,3.8
ADM-0003848,LG-001080,Environmental Cell,High,10,20,11,61,22,0.8,4.9
ADM-0003849,LG-001080,Public Works Dept,High,27,26,10,85,20,0.71,4.9
ADM-0003850,LG-001080,Irrigation Department,High,46,26,2,102,19,0.55,4.5
ADM-0003851,LG-001081,Revenue Department,High,13,9,7,49,32,0.46,3.1
ADM-0003852,LG-001081,Land Records Cell,High,39,21,4,63,15,0.64,4.3
ADM-0003853,LG-001081,Environmental Cell,High,24,25,15,69,10,0.66,2.6
ADM-0003854,LG-001081,Public Works Dept,High,35,7,13,45,28,0.69,3.7
ADM-0003855,LG-001081,Irrigation Department,High,37,5,8,56,20,0.81,2.3
ADM-0003856,LG-001082,Revenue Department,High,18,15,15,82,16,0.52,4.6
ADM-0003857,LG-001082,Land Records Cell,High,37,5,13,109,40,0.56,4.4
ADM-0003858,LG-001082,Environmental Cell,High,40,30,12,110,34,0.57,4.7
ADM-0003859,LG-001082,Public Works Dept,High,25,19,12,80,17,0.82,4.5
ADM-0003860,LG-001082,Irrigation Department,High,13,25,14,71,24,0.55,4.0
ADM-0003861,LG-001083,Revenue Department,Medium,44,29,8,40,10,0.31,9.2
ADM-0003862,LG-001083,Land Records Cell,Medium,15,16,2,26,3,0.16,8.6
ADM-0003863,LG-001083,Environmental Cell,Medium,26,18,3,17,6,0.19,7.5
ADM-0003864,LG-001083,Public Works Dept,Medium,19,6,14,40,1,0.23,8.2
ADM-0003865,LG-001083,Irrigation Department,Medium,47,15,14,39,4,0.27,9.7
ADM-0003866,LG-001084,Revenue Department,High,37,25,3,111,31,0.68,4.9
ADM-0003867,LG-001084,Land Records Cell,High,19,10,9,116,36,0.63,2.4
ADM-0003868,LG-001085,Revenue Department,Medium,20,23,9,31,5,0.15,9.5
ADM-0003869,LG-001085,Land Records Cell,Medium,46,27,11,31,4,0.32,9.2
ADM-0003870,LG-001086,Revenue Department,High,36,30,10,97,37,0.47,4.8
ADM-0003871,LG-001086,Land Records Cell,High,46,26,2,45,31,0.61,4.5
ADM-0003872,LG-001086,Environmental Cell,High,26,27,13,116,16,0.66,2.1
ADM-0003873,LG-001086,Public Works Dept,High,48,26,6,46,11,0.79,2.9
ADM-0003874,LG-001087,Revenue Department,High,17,30,14,112,16,0.46,2.2
ADM-0003875,LG-001087,Land Records Cell,High,22,12,14,78,35,0.85,3.3
ADM-0003876,LG-001087,Environmental Cell,High,18,27,10,115,18,0.73,4.4
ADM-0003877,LG-001087,Public Works Dept,High,50,27,11,55,23,0.47,2.9
ADM-0003878,LG-001088,Revenue Department,High,20,7,4,114,29,0.6,3.9
ADM-0003879,LG-001088,Land Records Cell,High,25,19,7,106,27,0.54,2.3
ADM-0003880,LG-001089,Revenue Department,Medium,48,19,15,30,2,0.09,6.8
ADM-0003881,LG-001089,Land Records Cell,Medium,45,6,7,32,10,0.3,8.3
ADM-0003882,LG-001089,Environmental Cell,Medium,15,16,8,25,9,0.28,6.5
ADM-0003883,LG-001089,Public Works Dept,Medium,16,30,3,20,8,0.35,9.7
ADM-0003884,LG-001089,Irrigation Department,Medium,15,16,7,29,3,0.29,8.1
ADM-0003885,LG-001090,Revenue Department,High,28,10,15,107,31,0.62,2.2
ADM-0003886,LG-001090,Land Records Cell,High,42,21,11,70,37,0.79,4.5
ADM-0003887,LG-001090,Environmental Cell,High,20,28,12,86,20,0.7,2.6
ADM-0003888,LG-001090,Public Works Dept,High,21,21,10,76,39,0.45,4.0
ADM-0003889,LG-001090,Irrigation Department,High,50,11,11,62,32,0.56,4.6
ADM-0003890,LG-001091,Revenue Department,Medium,10,5,6,28,4,0.29,6.6
ADM-0003891,LG-001091,Land Records Cell,Medium,26,6,5,35,5,0.14,7.9
ADM-0003892,LG-001091,Environmental Cell,Medium,47,8,6,14,5,0.11,8.6
ADM-0003893,LG-001091,Public Works Dept,Medium,44,7,6,11,10,0.26,7.8
ADM-0003894,LG-001091,Irrigation Department,Medium,40,6,11,29,0,0.06,8.8
ADM-0003895,LG-001092,Revenue Department,Medium,21,5,6,33,7,0.32,9.3
ADM-0003896,LG-001092,Land Records Cell,Medium,12,30,4,10,8,0.18,8.5
ADM-0003897,LG-001093,Revenue Department,High,15,22,7,107,11,0.46,3.4
ADM-0003898,LG-001093,Land Records Cell,High,11,29,3,89,34,0.79,5.0
ADM-0003899,LG-001093,Environmental Cell,High,29,30,6,108,30,0.44,2.4
ADM-0003900,LG-001094,Revenue Department,Medium,31,25,8,11,10,0.17,7.4
ADM-0003901,LG-001094,Land Records Cell,Medium,44,5,14,35,7,0.25,7.9
ADM-0003902,LG-001094,Environmental Cell,Medium,20,9,3,39,6,0.11,7.3
ADM-0003903,LG-001095,Revenue Department,High,45,28,10,77,23,0.59,3.3
ADM-0003904,LG-001095,Land Records Cell,High,18,23,3,112,16,0.61,3.7
ADM-0003905,LG-001096,Revenue Department,High,24,6,13,114,17,0.82,3.3
ADM-0003906,LG-001096,Land Records Cell,High,31,26,9,73,13,0.55,4.6
ADM-0003907,LG-001096,Environmental Cell,High,49,8,8,66,20,0.45,4.6
ADM-0003908,LG-001096,Public Works Dept,High,48,17,8,65,37,0.65,4.6
ADM-0003909,LG-001097,Revenue Department,High,47,22,6,93,26,0.83,3.9
ADM-0003910,LG-001097,Land Records Cell,High,35,11,15,107,24,0.61,3.7
ADM-0003911,LG-001097,Environmental Cell,High,36,22,8,72,16,0.76,4.8
ADM-0003912,LG-001097,Public Works Dept,High,30,8,10,82,14,0.61,3.4
ADM-0003913,LG-001098,Revenue Department,Medium,28,22,7,16,4,0.27,8.2
ADM-0003914,LG-001098,Land Records Cell,Medium,43,24,4,29,1,0.21,7.8
ADM-0003915,LG-001099,Revenue Department,High,46,19,13,117,10,0.44,2.2
ADM-0003916,LG-001099,Land Records Cell,High,50,24,9,63,33,0.76,4.8
ADM-0003917,LG-001099,Environmental Cell,High,44,17,10,104,35,0.75,4.0
ADM-0003918,LG-001100,Revenue Department,Medium,33,24,13,13,0,0.06,7.5
ADM-0003919,LG-001100,Land Records Cell,Medium,42,18,2,22,2,0.2,7.3
ADM-0003920,LG-001100,Environmental Cell,Medium,19,5,12,35,0,0.18,7.1
ADM-0003921,LG-001101,Revenue Department,High,30,29,6,120,34,0.75,4.7
ADM-0003922,LG-001101,Land Records Cell,High,45,6,11,54,33,0.53,2.1
ADM-0003923,LG-001101,Environmental Cell,High,41,28,8,47,25,0.68,4.0
ADM-0003924,LG-001101,Public Works Dept,High,48,29,3,84,17,0.41,2.3
ADM-0003925,LG-001102,Revenue Department,High,41,19,12,55,23,0.67,2.7
ADM-0003926,LG-001102,Land Records Cell,High,16,17,6,52,18,0.66,3.2
ADM-0003927,LG-001102,Environmental Cell,High,24,21,7,55,23,0.61,2.6
ADM-0003928,LG-001102,Public Works Dept,High,17,22,8,75,32,0.77,3.3
ADM-0003929,LG-001102,Irrigation Department,High,20,8,2,106,28,0.61,3.8
ADM-0003930,LG-001103,Revenue Department,Medium,40,7,4,33,6,0.28,7.0
ADM-0003931,LG-001103,Land Records Cell,Medium,46,13,9,40,3,0.06,7.0
ADM-0003932,LG-001103,Environmental Cell,Medium,42,7,4,10,0,0.26,8.0
ADM-0003933,LG-001103,Public Works Dept,Medium,47,25,6,30,5,0.15,9.3
ADM-0003934,LG-001104,Revenue Department,High,22,23,12,111,34,0.61,2.6
ADM-0003935,LG-001104,Land Records Cell,High,42,21,14,84,10,0.4,4.4
ADM-0003936,LG-001105,Revenue Department,Medium,46,5,4,10,1,0.11,6.9
ADM-0003937,LG-001105,Land Records Cell,Medium,23,30,5,38,10,0.21,8.7
ADM-0003938,LG-001106,Revenue Department,Medium,32,26,11,15,10,0.06,8.1
ADM-0003939,LG-001106,Land Records Cell,Medium,35,9,14,34,0,0.27,7.3
ADM-0003940,LG-001107,Revenue Department,High,49,23,5,94,12,0.56,4.5
ADM-0003941,LG-001107,Land Records Cell,High,32,16,7,114,32,0.44,2.9
ADM-0003942,LG-001107,Environmental Cell,High,21,6,15,95,38,0.78,2.3
ADM-0003943,LG-001107,Public Works Dept,High,11,22,4,53,16,0.69,3.9
ADM-0003944,LG-001108,Revenue Department,High,13,5,2,75,15,0.75,2.1
ADM-0003945,LG-001108,Land Records Cell,High,18,30,13,110,29,0.76,3.3
ADM-0003946,LG-001108,Environmental Cell,High,37,17,3,74,27,0.83,3.0
ADM-0003947,LG-001109,Revenue Department,Medium,49,23,8,10,8,0.08,7.1
ADM-0003948,LG-001109,Land Records Cell,Medium,48,16,9,20,8,0.12,7.5
ADM-0003949,LG-001109,Environmental Cell,Medium,20,30,14,22,0,0.16,8.4
ADM-0003950,LG-001110,Revenue Department,Medium,46,12,7,14,9,0.19,7.5
ADM-0003951,LG-001110,Land Records Cell,Medium,31,13,7,33,0,0.05,9.7
ADM-0003952,LG-001110,Environmental Cell,Medium,39,13,14,38,8,0.05,6.6
ADM-0003953,LG-001110,Public Works Dept,Medium,39,18,10,13,6,0.07,8.4
ADM-0003954,LG-001111,Revenue Department,High,48,24,7,71,23,0.67,2.8
ADM-0003955,LG-001111,Land Records Cell,High,15,23,8,117,28,0.79,2.4
ADM-0003956,LG-001111,Environmental Cell,High,40,11,5,118,38,0.4,4.5
ADM-0003957,LG-001112,Revenue Department,High,10,17,9,114,12,0.69,2.6
ADM-0003958,LG-001112,Land Records Cell,High,48,21,9,56,40,0.53,3.8
ADM-0003959,LG-001112,Environmental Cell,High,35,30,12,95,25,0.58,3.9
ADM-0003960,LG-001113,Revenue Department,High,18,27,13,49,27,0.41,3.1
ADM-0003961,LG-001113,Land Records Cell,High,26,23,11,50,27,0.84,2.3
ADM-0003962,LG-001114,Revenue Department,Medium,37,25,14,27,4,0.15,7.8
ADM-0003963,LG-001114,Land Records Cell,Medium,12,23,9,16,3,0.27,7.6
ADM-0003964,LG-001114,Environmental Cell,Medium,15,23,2,21,8,0.11,6.5
ADM-0003965,LG-001114,Public Works Dept,Medium,21,29,8,29,9,0.05,8.0
ADM-0003966,LG-001114,Irrigation Department,Medium,35,27,10,32,6,0.31,7.2
ADM-0003967,LG-001115,Revenue Department,Medium,20,21,7,23,0,0.18,7.5
ADM-0003968,LG-001115,Land Records Cell,Medium,44,5,5,11,4,0.28,8.6
ADM-0003969,LG-001115,Environmental Cell,Medium,31,7,7,25,0,0.09,8.9
ADM-0003970,LG-001115,Public Works Dept,Medium,17,28,15,19,6,0.12,7.3
ADM-0003971,LG-001115,Irrigation Department,Medium,28,17,6,34,9,0.12,8.7
ADM-0003972,LG-001116,Revenue Department,Medium,45,21,7,34,10,0.24,6.6
ADM-0003973,LG-001116,Land Records Cell,Medium,23,6,6,12,4,0.08,7.7
ADM-0003974,LG-001117,Revenue Department,Medium,50,10,5,12,1,0.27,7.1
ADM-0003975,LG-001117,Land Records Cell,Medium,12,6,11,14,6,0.11,7.6
ADM-0003976,LG-001117,Environmental Cell,Medium,11,15,9,35,10,0.19,7.0
ADM-0003977,LG-001118,Revenue Department,High,36,23,5,68,27,0.79,3.6
ADM-0003978,LG-001118,Land Records Cell,High,49,14,3,106,36,0.54,4.8
ADM-0003979,LG-001118,Environmental Cell,High,26,5,9,72,11,0.48,2.7
ADM-0003980,LG-001119,Revenue Department,Medium,33,15,2,26,3,0.08,7.2
ADM-0003981,LG-001119,Land Records Cell,Medium,35,25,4,27,0,0.13,7.4
ADM-0003982,LG-001119,Environmental Cell,Medium,33,16,3,23,1,0.12,9.3
ADM-0003983,LG-001119,Public Works Dept,Medium,23,10,11,12,5,0.17,8.1
ADM-0003984,LG-001119,Irrigation Department,Medium,39,24,6,12,7,0.16,9.3
ADM-0003985,LG-001120,Revenue Department,Medium,13,20,9,35,4,0.07,7.6
ADM-0003986,LG-001120,Land Records Cell,Medium,29,29,11,37,0,0.17,8.1
ADM-0003987,LG-001120,Environmental Cell,Medium,36,12,5,11,10,0.31,9.4
ADM-0003988,LG-001121,Revenue Department,Medium,10,11,12,31,9,0.06,6.5
ADM-0003989,LG-001121,Land Records Cell,Medium,40,29,13,30,8,0.29,7.2
ADM-0003990,LG-001121,Environmental Cell,Medium,28,11,11,24,3,0.16,7.1
ADM-0003991,LG-001121,Public Works Dept,Medium,48,10,15,14,2,0.3,6.6
ADM-0003992,LG-001121,Irrigation Department,Medium,32,9,8,32,6,0.16,8.6
ADM-0003993,LG-001122,Revenue Department,Medium,38,22,15,22,6,0.26,8.1
ADM-0003994,LG-001122,Land Records Cell,Medium,13,20,15,17,1,0.06,7.0
ADM-0003995,LG-001122,Environmental Cell,Medium,38,30,15,40,2,0.26,6.5
ADM-0003996,LG-001123,Revenue Department,Medium,14,28,3,23,10,0.32,8.8
ADM-0003997,LG-001123,Land Records Cell,Medium,25,29,13,25,8,0.26,6.7
ADM-0003998,LG-001123,Environmental Cell,Medium,14,21,8,22,5,0.2,8.0
ADM-0003999,LG-001123,Public Works Dept,Medium,50,21,8,18,6,0.2,7.1
ADM-0004000,LG-001123,Irrigation Department,Medium,36,8,3,30,6,0.34,9.3
ADM-0004001,LG-001124,Revenue Department,High,13,20,8,118,28,0.4,5.0
ADM-0004002,LG-001124,Land Records Cell,High,38,17,12,55,34,0.45,2.5
ADM-0004003,LG-001125,Revenue Department,Medium,11,12,5,32,7,0.11,8.4
ADM-0004004,LG-001125,Land Records Cell,Medium,13,19,13,30,5,0.17,8.1
ADM-0004005,LG-001125,Environmental Cell,Medium,48,15,6,35,0,0.09,7.6
ADM-0004006,LG-001125,Public Works Dept,Medium,47,9,5,17,5,0.08,8.3
ADM-0004007,LG-001125,Irrigation Department,Medium,21,19,2,38,0,0.24,9.5
ADM-0004008,LG-001126,Revenue Department,Medium,24,17,8,16,2,0.32,8.0
ADM-0004009,LG-001126,Land Records Cell,Medium,45,24,13,30,3,0.14,9.7
ADM-0004010,LG-001127,Revenue Department,Medium,44,22,8,19,5,0.22,8.6
ADM-0004011,LG-001127,Land Records Cell,Medium,33,24,5,25,5,0.06,7.6
ADM-0004012,LG-001127,Environmental Cell,Medium,13,8,9,38,7,0.29,6.9
ADM-0004013,LG-001127,Public Works Dept,Medium,48,22,15,26,5,0.28,7.8
ADM-0004014,LG-001128,Revenue Department,Medium,27,5,11,28,6,0.3,8.2
ADM-0004015,LG-001128,Land Records Cell,Medium,43,8,4,15,9,0.27,7.8
ADM-0004016,LG-001128,Environmental Cell,Medium,43,7,2,40,1,0.32,9.3
ADM-0004017,LG-001128,Public Works Dept,Medium,45,23,15,36,8,0.07,8.4
ADM-0004018,LG-001129,Revenue Department,Medium,31,17,15,16,6,0.16,7.1
ADM-0004019,LG-001129,Land Records Cell,Medium,36,28,12,26,6,0.14,7.5
ADM-0004020,LG-001129,Environmental Cell,Medium,39,14,15,11,4,0.13,8.2
ADM-0004021,LG-001129,Public Works Dept,Medium,48,7,3,38,3,0.09,7.4
ADM-0004022,LG-001129,Irrigation Department,Medium,37,12,12,19,7,0.05,6.5
ADM-0004023,LG-001130,Revenue Department,Medium,14,11,8,28,3,0.22,9.0
ADM-0004024,LG-001130,Land Records Cell,Medium,25,18,13,16,2,0.28,7.2
ADM-0004025,LG-001130,Environmental Cell,Medium,31,20,15,15,1,0.11,7.4
ADM-0004026,LG-001130,Public Works Dept,Medium,39,8,13,18,4,0.34,8.6
ADM-0004027,LG-001131,Revenue Department,Medium,33,12,12,18,5,0.09,8.6
ADM-0004028,LG-001131,Land Records Cell,Medium,12,5,6,35,0,0.27,7.0
ADM-0004029,LG-001131,Environmental Cell,Medium,24,12,13,35,2,0.07,8.6
ADM-0004030,LG-001131,Public Works Dept,Medium,48,9,13,27,10,0.32,8.4
ADM-0004031,LG-001131,Irrigation Department,Medium,19,23,13,10,7,0.13,9.4
ADM-0004032,LG-001132,Revenue Department,High,22,17,2,63,28,0.41,3.7
ADM-0004033,LG-001132,Land Records Cell,High,22,6,8,71,10,0.73,4.7
ADM-0004034,LG-001132,Environmental Cell,High,43,6,2,68,38,0.4,5.0
ADM-0004035,LG-001132,Public Works Dept,High,22,24,7,109,25,0.52,3.5
ADM-0004036,LG-001132,Irrigation Department,High,37,20,3,105,10,0.67,2.6
ADM-0004037,LG-001133,Revenue Department,Medium,38,10,5,36,3,0.23,9.3
ADM-0004038,LG-001133,Land Records Cell,Medium,38,11,12,39,2,0.12,6.9
ADM-0004039,LG-001133,Environmental Cell,Medium,30,16,12,24,7,0.1,9.2
ADM-0004040,LG-001134,Revenue Department,Medium,29,6,13,19,9,0.26,8.0
ADM-0004041,LG-001134,Land Records Cell,Medium,26,14,4,15,5,0.12,9.3
ADM-0004042,LG-001134,Environmental Cell,Medium,36,30,13,13,9,0.15,9.6
ADM-0004043,LG-001134,Public Works Dept,Medium,32,25,14,16,4,0.34,9.6
ADM-0004044,LG-001135,Revenue Department,Medium,23,16,8,33,1,0.32,7.3
ADM-0004045,LG-001135,Land Records Cell,Medium,38,18,15,18,3,0.15,9.0
ADM-0004046,LG-001135,Environmental Cell,Medium,49,25,13,23,8,0.07,7.3
ADM-0004047,LG-001135,Public Works Dept,Medium,38,20,8,16,2,0.13,7.7
ADM-0004048,LG-001136,Revenue Department,Medium,26,23,9,11,10,0.34,7.9
ADM-0004049,LG-001136,Land Records Cell,Medium,48,21,8,10,6,0.34,6.9
ADM-0004050,LG-001136,Environmental Cell,Medium,21,24,5,29,0,0.18,7.1
ADM-0004051,LG-001136,Public Works Dept,Medium,11,26,13,20,3,0.28,8.3
ADM-0004052,LG-001137,Revenue Department,High,44,17,7,81,20,0.85,4.3
ADM-0004053,LG-001137,Land Records Cell,High,28,12,2,57,35,0.72,3.0
ADM-0004054,LG-001138,Revenue Department,High,26,20,10,102,21,0.8,3.8
ADM-0004055,LG-001138,Land Records Cell,High,11,28,4,50,16,0.81,4.4
ADM-0004056,LG-001138,Environmental Cell,High,12,18,15,114,28,0.79,3.6
ADM-0004057,LG-001138,Public Works Dept,High,27,29,6,106,30,0.74,2.3
ADM-0004058,LG-001138,Irrigation Department,High,38,16,11,52,31,0.68,2.8
ADM-0004059,LG-001139,Revenue Department,Medium,15,12,15,23,5,0.22,9.0
ADM-0004060,LG-001139,Land Records Cell,Medium,35,19,3,18,0,0.11,7.6
ADM-0004061,LG-001140,Revenue Department,Medium,43,17,6,34,7,0.23,9.5
ADM-0004062,LG-001140,Land Records Cell,Medium,50,22,12,26,7,0.11,8.7
ADM-0004063,LG-001140,Environmental Cell,Medium,16,29,5,21,7,0.07,8.3
ADM-0004064,LG-001141,Revenue Department,High,19,7,13,87,18,0.63,4.3
ADM-0004065,LG-001141,Land Records Cell,High,36,19,10,101,19,0.83,4.6
ADM-0004066,LG-001141,Environmental Cell,High,15,13,2,53,38,0.65,3.7
ADM-0004067,LG-001142,Revenue Department,High,22,8,2,73,28,0.75,4.4
ADM-0004068,LG-001142,Land Records Cell,High,25,17,4,96,32,0.68,2.9
ADM-0004069,LG-001142,Environmental Cell,High,18,28,2,60,32,0.68,3.0
ADM-0004070,LG-001143,Revenue Department,Medium,21,20,6,31,6,0.09,7.8
ADM-0004071,LG-001143,Land Records Cell,Medium,39,13,8,38,4,0.06,7.5
ADM-0004072,LG-001143,Environmental Cell,Medium,40,10,4,28,4,0.3,7.8
ADM-0004073,LG-001143,Public Works Dept,Medium,45,10,3,29,1,0.25,6.6
ADM-0004074,LG-001143,Irrigation Department,Medium,44,6,5,10,7,0.26,6.5
ADM-0004075,LG-001144,Revenue Department,Medium,29,5,10,17,6,0.22,6.7
ADM-0004076,LG-001144,Land Records Cell,Medium,18,14,3,12,1,0.1,8.0
ADM-0004077,LG-001144,Environmental Cell,Medium,13,27,12,39,6,0.13,8.0
ADM-0004078,LG-001145,Revenue Department,Medium,32,21,10,34,9,0.12,8.4
ADM-0004079,LG-001145,Land Records Cell,Medium,24,15,8,17,7,0.26,8.8
ADM-0004080,LG-001145,Environmental Cell,Medium,16,9,3,12,1,0.24,8.0
ADM-0004081,LG-001146,Revenue Department,High,24,21,8,70,40,0.5,2.0
ADM-0004082,LG-001146,Land Records Cell,High,32,16,12,99,22,0.61,2.4
ADM-0004083,LG-001146,Environmental Cell,High,35,25,5,59,28,0.49,4.5
ADM-0004084,LG-001146,Public Works Dept,High,30,14,11,75,21,0.75,2.2
ADM-0004085,LG-001147,Revenue Department,Medium,42,21,5,28,7,0.26,9.0
ADM-0004086,LG-001147,Land Records Cell,Medium,29,19,9,12,3,0.12,6.6
ADM-0004087,LG-001147,Environmental Cell,Medium,41,26,14,40,9,0.14,7.3
ADM-0004088,LG-001148,Revenue Department,High,45,10,12,53,37,0.64,4.7
ADM-0004089,LG-001148,Land Records Cell,High,48,5,5,106,29,0.75,4.4
ADM-0004090,LG-001149,Revenue Department,Medium,28,7,4,16,3,0.23,8.7
ADM-0004091,LG-001149,Land Records Cell,Medium,11,13,10,35,0,0.08,7.5
ADM-0004092,LG-001150,Revenue Department,Medium,19,12,4,40,8,0.27,9.5
ADM-0004093,LG-001150,Land Records Cell,Medium,19,10,6,35,6,0.31,6.6
ADM-0004094,LG-001151,Revenue Department,Medium,47,22,10,15,2,0.1,8.4
ADM-0004095,LG-001151,Land Records Cell,Medium,39,26,14,10,1,0.29,9.0
ADM-0004096,LG-001151,Environmental Cell,Medium,13,8,10,39,7,0.23,9.8
ADM-0004097,LG-001151,Public Works Dept,Medium,46,23,8,39,0,0.33,9.2
ADM-0004098,LG-001152,Revenue Department,High,40,7,7,82,29,0.42,2.6
ADM-0004099,LG-001152,Land Records Cell,High,45,26,15,46,14,0.66,2.4
ADM-0004100,LG-001152,Environmental Cell,High,36,14,14,109,13,0.74,4.9
ADM-0004101,LG-001153,Revenue Department,High,18,9,12,45,29,0.6,3.6
ADM-0004102,LG-001153,Land Records Cell,High,25,26,10,81,27,0.48,4.7
ADM-0004103,LG-001154,Revenue Department,High,49,25,14,57,28,0.47,2.3
ADM-0004104,LG-001154,Land Records Cell,High,18,14,5,110,26,0.54,4.4
ADM-0004105,LG-001154,Environmental Cell,High,39,28,7,110,11,0.63,3.7
ADM-0004106,LG-001155,Revenue Department,Medium,26,26,10,18,9,0.14,7.8
ADM-0004107,LG-001155,Land Records Cell,Medium,42,27,11,35,0,0.08,7.2
ADM-0004108,LG-001155,Environmental Cell,Medium,16,7,11,32,9,0.27,7.7
ADM-0004109,LG-001155,Public Works Dept,Medium,32,8,11,35,1,0.1,9.4
ADM-0004110,LG-001155,Irrigation Department,Medium,47,5,4,25,5,0.24,7.7
ADM-0004111,LG-001156,Revenue Department,Medium,19,8,2,11,9,0.08,9.3
ADM-0004112,LG-001156,Land Records Cell,Medium,28,14,15,10,8,0.22,7.6
ADM-0004113,LG-001156,Environmental Cell,Medium,18,8,5,36,6,0.14,6.6
ADM-0004114,LG-001157,Revenue Department,Medium,21,17,7,13,3,0.13,7.0
ADM-0004115,LG-001157,Land Records Cell,Medium,19,30,7,12,5,0.21,8.3
ADM-0004116,LG-001157,Environmental Cell,Medium,27,12,7,39,7,0.18,7.3
ADM-0004117,LG-001157,Public Works Dept,Medium,23,6,2,23,7,0.08,9.2
ADM-0004118,LG-001157,Irrigation Department,Medium,31,28,11,31,7,0.13,9.3
ADM-0004119,LG-001158,Revenue Department,Medium,36,20,2,17,9,0.09,8.4
ADM-0004120,LG-001158,Land Records Cell,Medium,25,12,9,29,7,0.1,6.7
ADM-0004121,LG-001158,Environmental Cell,Medium,49,5,10,32,3,0.29,7.4
ADM-0004122,LG-001158,Public Works Dept,Medium,19,15,14,25,8,0.29,7.4
ADM-0004123,LG-001159,Revenue Department,High,32,8,11,115,27,0.65,2.0
ADM-0004124,LG-001159,Land Records Cell,High,21,14,8,102,27,0.59,4.2
ADM-0004125,LG-001160,Revenue Department,High,44,21,8,93,40,0.53,2.1
ADM-0004126,LG-001160,Land Records Cell,High,30,12,6,84,36,0.78,4.0
ADM-0004127,LG-001160,Environmental Cell,High,50,13,2,114,21,0.54,2.8
ADM-0004128,LG-001160,Public Works Dept,High,23,17,6,72,25,0.52,2.2
ADM-0004129,LG-001161,Revenue Department,High,13,24,13,54,21,0.76,3.9
ADM-0004130,LG-001161,Land Records Cell,High,26,11,7,95,34,0.85,3.6
ADM-0004131,LG-001161,Environmental Cell,High,29,25,13,53,31,0.72,2.0
ADM-0004132,LG-001161,Public Works Dept,High,45,8,9,106,39,0.62,4.1
ADM-0004133,LG-001161,Irrigation Department,High,39,26,6,56,32,0.6,2.6
ADM-0004134,LG-001162,Revenue Department,Medium,42,14,6,22,7,0.27,6.8
ADM-0004135,LG-001162,Land Records Cell,Medium,20,12,15,37,4,0.28,6.6
ADM-0004136,LG-001162,Environmental Cell,Medium,25,7,9,33,3,0.33,8.1
ADM-0004137,LG-001162,Public Works Dept,Medium,46,29,8,33,7,0.07,7.5
ADM-0004138,LG-001163,Revenue Department,High,49,17,10,69,14,0.41,2.0
ADM-0004139,LG-001163,Land Records Cell,High,18,29,15,112,32,0.65,3.4
ADM-0004140,LG-001164,Revenue Department,Medium,10,24,3,33,2,0.15,7.5
ADM-0004141,LG-001164,Land Records Cell,Medium,43,9,6,33,1,0.15,8.9
ADM-0004142,LG-001165,Revenue Department,Medium,35,17,6,18,0,0.27,9.5
ADM-0004143,LG-001165,Land Records Cell,Medium,10,26,10,38,6,0.22,6.8
ADM-0004144,LG-001166,Revenue Department,High,48,18,11,112,37,0.75,2.4
ADM-0004145,LG-001166,Land Records Cell,High,32,8,13,97,30,0.45,3.3
ADM-0004146,LG-001166,Environmental Cell,High,27,17,2,52,39,0.62,2.8
ADM-0004147,LG-001166,Public Works Dept,High,10,12,10,68,27,0.46,2.0
ADM-0004148,LG-001166,Irrigation Department,High,47,14,2,109,16,0.84,3.7
ADM-0004149,LG-001167,Revenue Department,High,11,10,6,83,33,0.82,3.6
ADM-0004150,LG-001167,Land Records Cell,High,37,25,3,84,21,0.57,3.7
ADM-0004151,LG-001167,Environmental Cell,High,37,6,6,113,29,0.54,4.8
ADM-0004152,LG-001167,Public Works Dept,High,48,12,13,79,17,0.64,2.8
ADM-0004153,LG-001168,Revenue Department,Medium,19,26,3,13,6,0.17,9.2
ADM-0004154,LG-001168,Land Records Cell,Medium,45,15,3,14,6,0.28,8.3
ADM-0004155,LG-001169,Revenue Department,High,26,28,10,59,12,0.76,2.3
ADM-0004156,LG-001169,Land Records Cell,High,12,22,4,83,13,0.53,4.4
ADM-0004157,LG-001169,Environmental Cell,High,10,19,5,91,29,0.68,3.8
ADM-0004158,LG-001169,Public Works Dept,High,29,17,15,90,12,0.51,4.5
ADM-0004159,LG-001169,Irrigation Department,High,45,28,5,111,39,0.69,2.2
ADM-0004160,LG-001170,Revenue Department,Medium,28,12,8,12,4,0.19,9.5
ADM-0004161,LG-001170,Land Records Cell,Medium,33,7,6,16,0,0.34,9.4
ADM-0004162,LG-001170,Environmental Cell,Medium,27,13,7,30,0,0.15,8.8
ADM-0004163,LG-001170,Public Works Dept,Medium,36,20,15,18,8,0.09,7.8
ADM-0004164,LG-001170,Irrigation Department,Medium,44,25,8,12,5,0.23,8.4
ADM-0004165,LG-001171,Revenue Department,Medium,21,27,12,31,5,0.11,6.5
ADM-0004166,LG-001171,Land Records Cell,Medium,48,28,8,22,0,0.17,8.0
ADM-0004167,LG-001171,Environmental Cell,Medium,32,27,7,18,0,0.2,7.6
ADM-0004168,LG-001172,Revenue Department,Medium,42,6,3,29,9,0.09,9.7
ADM-0004169,LG-001172,Land Records Cell,Medium,39,5,6,37,6,0.34,8.2
ADM-0004170,LG-001173,Revenue Department,Medium,42,22,4,26,5,0.29,8.7
ADM-0004171,LG-001173,Land Records Cell,Medium,36,29,13,24,8,0.13,8.8
ADM-0004172,LG-001173,Environmental Cell,Medium,30,30,8,32,6,0.14,8.3
ADM-0004173,LG-001173,Public Works Dept,Medium,11,24,5,20,5,0.26,7.8
ADM-0004174,LG-001173,Irrigation Department,Medium,44,6,2,36,1,0.14,9.5
ADM-0004175,LG-001174,Revenue Department,Medium,23,24,4,28,9,0.09,7.6
ADM-0004176,LG-001174,Land Records Cell,Medium,21,15,4,35,9,0.33,9.3
ADM-0004177,LG-001174,Environmental Cell,Medium,42,9,11,38,7,0.3,9.3
ADM-0004178,LG-001175,Revenue Department,High,41,12,10,104,21,0.51,2.3
ADM-0004179,LG-001175,Land Records Cell,High,33,24,11,73,36,0.78,2.5
ADM-0004180,LG-001175,Environmental Cell,High,25,30,6,54,24,0.56,3.3
ADM-0004181,LG-001176,Revenue Department,High,31,5,12,115,31,0.84,4.3
ADM-0004182,LG-001176,Land Records Cell,High,10,14,6,72,24,0.73,2.1
ADM-0004183,LG-001176,Environmental Cell,High,24,16,12,118,16,0.46,4.2
ADM-0004184,LG-001176,Public Works Dept,High,13,20,10,47,30,0.41,2.7
ADM-0004185,LG-001177,Revenue Department,Medium,44,11,7,14,6,0.18,8.4
ADM-0004186,LG-001177,Land Records Cell,Medium,32,16,4,22,0,0.19,7.9
ADM-0004187,LG-001178,Revenue Department,Medium,11,22,4,24,5,0.28,8.7
ADM-0004188,LG-001178,Land Records Cell,Medium,42,25,8,34,0,0.26,8.3
ADM-0004189,LG-001178,Environmental Cell,Medium,39,8,12,30,10,0.29,8.1
ADM-0004190,LG-001178,Public Works Dept,Medium,46,26,7,21,0,0.22,9.4
ADM-0004191,LG-001178,Irrigation Department,Medium,25,21,12,23,10,0.35,6.8
ADM-0004192,LG-001179,Revenue Department,Medium,43,9,11,12,5,0.22,8.9
ADM-0004193,LG-001179,Land Records Cell,Medium,41,20,13,21,3,0.16,7.2
ADM-0004194,LG-001179,Environmental Cell,Medium,14,8,12,36,5,0.16,7.9
ADM-0004195,LG-001179,Public Works Dept,Medium,46,5,3,37,7,0.33,8.9
ADM-0004196,LG-001180,Revenue Department,High,47,28,4,108,25,0.57,4.1
ADM-0004197,LG-001180,Land Records Cell,High,13,5,6,87,26,0.55,2.8
ADM-0004198,LG-001181,Revenue Department,High,31,12,8,46,21,0.84,3.1
ADM-0004199,LG-001181,Land Records Cell,High,39,23,14,115,34,0.72,2.9
ADM-0004200,LG-001181,Environmental Cell,High,32,5,10,103,39,0.44,2.8
ADM-0004201,LG-001182,Revenue Department,High,30,28,14,67,19,0.43,4.1
ADM-0004202,LG-001182,Land Records Cell,High,41,5,12,86,37,0.59,4.2
ADM-0004203,LG-001182,Environmental Cell,High,41,26,13,92,27,0.4,4.7
ADM-0004204,LG-001182,Public Works Dept,High,46,24,6,65,38,0.49,2.5
ADM-0004205,LG-001182,Irrigation Department,High,42,27,7,72,13,0.51,3.1
ADM-0004206,LG-001183,Revenue Department,Medium,26,25,9,11,6,0.11,8.5
ADM-0004207,LG-001183,Land Records Cell,Medium,19,29,6,15,6,0.31,7.1
ADM-0004208,LG-001183,Environmental Cell,Medium,44,9,2,27,5,0.18,7.2
ADM-0004209,LG-001184,Revenue Department,Medium,40,14,11,10,5,0.25,8.2
ADM-0004210,LG-001184,Land Records Cell,Medium,42,10,15,32,1,0.16,7.6
ADM-0004211,LG-001184,Environmental Cell,Medium,19,15,11,13,10,0.3,9.0
ADM-0004212,LG-001185,Revenue Department,Medium,30,15,13,23,9,0.31,8.6
ADM-0004213,LG-001185,Land Records Cell,Medium,20,22,11,28,4,0.21,7.7
ADM-0004214,LG-001186,Revenue Department,High,40,26,3,75,30,0.64,4.5
ADM-0004215,LG-001186,Land Records Cell,High,26,13,4,45,25,0.75,2.5
ADM-0004216,LG-001186,Environmental Cell,High,15,18,14,45,31,0.54,4.4
ADM-0004217,LG-001186,Public Works Dept,High,28,7,15,117,19,0.54,3.2
ADM-0004218,LG-001187,Revenue Department,Medium,28,9,13,19,5,0.34,8.4
ADM-0004219,LG-001187,Land Records Cell,Medium,27,30,13,10,1,0.24,8.9
ADM-0004220,LG-001187,Environmental Cell,Medium,35,16,6,38,2,0.14,8.6
ADM-0004221,LG-001187,Public Works Dept,Medium,23,18,10,10,4,0.26,8.3
ADM-0004222,LG-001187,Irrigation Department,Medium,16,19,3,30,3,0.12,9.0
ADM-0004223,LG-001188,Revenue Department,Medium,11,6,6,20,3,0.15,8.9
ADM-0004224,LG-001188,Land Records Cell,Medium,35,24,6,10,4,0.23,8.1
ADM-0004225,LG-001189,Revenue Department,Medium,49,29,13,14,4,0.31,9.0
ADM-0004226,LG-001189,Land Records Cell,Medium,20,29,3,36,1,0.22,9.2
ADM-0004227,LG-001189,Environmental Cell,Medium,11,11,3,33,9,0.32,7.5
ADM-0004228,LG-001189,Public Works Dept,Medium,38,12,9,32,9,0.32,8.9
ADM-0004229,LG-001190,Revenue Department,Medium,16,6,15,19,5,0.34,7.6
ADM-0004230,LG-001190,Land Records Cell,Medium,49,21,7,17,6,0.26,7.9
ADM-0004231,LG-001190,Environmental Cell,Medium,45,16,13,15,3,0.21,7.1
ADM-0004232,LG-001191,Revenue Department,High,23,28,15,46,23,0.43,5.0
ADM-0004233,LG-001191,Land Records Cell,High,31,16,7,94,18,0.64,2.2
ADM-0004234,LG-001191,Environmental Cell,High,14,17,3,94,13,0.57,2.1
ADM-0004235,LG-001191,Public Works Dept,High,23,10,3,69,19,0.66,3.1
ADM-0004236,LG-001191,Irrigation Department,High,46,21,10,49,39,0.64,4.4
ADM-0004237,LG-001192,Revenue Department,Medium,19,6,11,16,8,0.33,7.7
ADM-0004238,LG-001192,Land Records Cell,Medium,29,13,10,17,7,0.34,8.8
ADM-0004239,LG-001193,Revenue Department,Medium,39,20,5,30,6,0.14,9.0
ADM-0004240,LG-001193,Land Records Cell,Medium,33,5,8,32,6,0.07,6.8
ADM-0004241,LG-001193,Environmental Cell,Medium,19,11,2,27,5,0.1,8.2
ADM-0004242,LG-001194,Revenue Department,Medium,26,12,12,28,8,0.12,7.6
ADM-0004243,LG-001194,Land Records Cell,Medium,10,29,14,22,7,0.07,9.7
ADM-0004244,LG-001195,Revenue Department,Medium,17,20,8,20,0,0.21,7.4
ADM-0004245,LG-001195,Land Records Cell,Medium,47,13,4,20,8,0.32,7.6
ADM-0004246,LG-001195,Environmental Cell,Medium,37,17,4,32,10,0.34,8.3
ADM-0004247,LG-001195,Public Works Dept,Medium,38,14,13,21,9,0.17,9.3
ADM-0004248,LG-001196,Revenue Department,Medium,41,19,15,31,1,0.18,8.7
ADM-0004249,LG-001196,Land Records Cell,Medium,35,15,11,33,6,0.2,9.7
ADM-0004250,LG-001196,Environmental Cell,Medium,27,25,10,30,4,0.31,8.3
ADM-0004251,LG-001197,Revenue Department,High,37,9,3,62,35,0.69,2.1
ADM-0004252,LG-001197,Land Records Cell,High,41,21,12,55,18,0.58,4.4
ADM-0004253,LG-001197,Environmental Cell,High,30,10,8,82,39,0.47,3.3
ADM-0004254,LG-001197,Public Works Dept,High,23,6,5,93,13,0.66,4.6
ADM-0004255,LG-001198,Revenue Department,Medium,32,21,8,27,5,0.13,9.1
ADM-0004256,LG-001198,Land Records Cell,Medium,24,23,10,30,3,0.28,9.6
ADM-0004257,LG-001198,Environmental Cell,Medium,34,26,8,32,1,0.15,9.2
ADM-0004258,LG-001198,Public Works Dept,Medium,20,21,5,33,4,0.32,8.0
ADM-0004259,LG-001199,Revenue Department,Medium,27,24,9,12,3,0.14,6.6
ADM-0004260,LG-001199,Land Records Cell,Medium,13,9,13,12,1,0.22,6.9
ADM-0004261,LG-001200,Revenue Department,Medium,37,27,14,30,1,0.29,7.4
ADM-0004262,LG-001200,Land Records Cell,Medium,22,28,15,12,5,0.21,8.7
ADM-0004263,LG-001200,Environmental Cell,Medium,23,12,8,26,3,0.07,7.7
ADM-0004264,LG-001200,Public Works Dept,Medium,46,28,10,33,3,0.32,9.3
