compensation_id,project_id,total_estimated_amount,total_approved_amount,total_disbursed_amount,total_pending_amount,beneficiaries_total,beneficiaries_paid,beneficiaries_pending,average_processing_days,payment_status,compensation_dispute_count
COMP-000001,LG-000001,34135081290.89,34135081290.89,31967101057.67,2167980233.22,2172,2034,138,17,Partially Completed,2
COMP-000002,LG-000002,19419903964.79,16506918370.07,6932905715.43,9574012654.64,2565,1077,1488,140,In Progress,15
COMP-000003,LG-000003,4809700321.32,4809700321.32,4323958435.71,485741885.61,832,747,85,26,Partially Completed,3
COMP-000004,LG-000004,30141437556.24,27127293800.62,14920011590.34,12207282210.28,709,389,320,171,Partially Completed,11
COMP-000005,LG-000005,36344144614.36,36344144614.36,33000363928.01,3343780686.35,3880,3523,357,46,Partially Completed,1
COMP-000006,LG-000006,10119772421.78,9107795179.6,5009287348.78,4098507830.82,4522,2487,2035,78,Partially Completed,11
COMP-000007,LG-000007,25460217476.14,22914195728.53,12602807650.69,10311388077.84,4890,2689,2201,71,Partially Completed,10
COMP-000008,LG-000008,6657711831.02,5991940647.92,3295567356.36,2696373291.56,4540,2497,2043,133,Partially Completed,12
COMP-000009,LG-000009,24038087158.16,24038087158.16,23050079817.97,988007340.19,3646,3496,150,42,Partially Completed,1
COMP-000010,LG-000010,127931206.72,127931206.72,118715539.32,9215667.4,954,885,69,44,Partially Completed,2
COMP-000011,LG-000011,20104559253.0,17088875365.05,7177327653.32,9911547711.73,1915,804,1111,152,In Progress,20
COMP-000012,LG-000012,22737965782.0,19327270914.7,8117453784.17,11209817130.53,1349,566,783,140,In Progress,12
COMP-000013,LG-000013,21902638069.1,21902638069.1,20097328229.08,1805309840.02,790,724,66,46,Partially Completed,1
COMP-000014,LG-000014,28168908380.7,28168908380.7,27217223056.94,951685323.76,938,906,32,50,Partially Completed,3
COMP-000015,LG-000015,2962855814.32,2962855814.32,2635352990.55,327502823.77,4363,3880,483,20,Partially Completed,2
COMP-000016,LG-000016,26976776877.42,26976776877.42,24246192849.76,2730584027.66,3291,2957,334,44,Partially Completed,3
COMP-000017,LG-000017,5121966483.15,5121966483.15,4814583750.92,307382732.23,1270,1193,77,35,Partially Completed,2
COMP-000018,LG-000018,4851392637.32,4366253373.59,2401439355.47,1964814018.12,1287,707,580,153,Partially Completed,6
COMP-000019,LG-000019,24951929309.28,24951929309.28,21985135568.73,2966793740.55,4493,3958,535,41,Partially Completed,3
COMP-000020,LG-000020,32635615768.99,32635615768.99,30238973044.54,2396642724.45,2357,2183,174,33,Partially Completed,1
COMP-000021,LG-000021,5912846977.24,5912846977.24,5646817821.05,266029156.19,1959,1870,89,51,Partially Completed,3
COMP-000022,LG-000022,20850524577.25,20850524577.25,20029160064.53,821364512.72,1450,1392,58,29,Partially Completed,1
COMP-000023,LG-000023,8365377233.39,8365377233.39,8309107137.05,56270096.34,1829,1816,13,33,Partially Completed,0
COMP-000024,LG-000024,32699763028.98,29429786726.08,16186382699.34,13243404026.74,2969,1632,1337,144,Partially Completed,12
COMP-000025,LG-000025,30386293805.1,30386293805.1,28961785285.99,1424508519.11,2259,2153,106,33,Partially Completed,2
COMP-000026,LG-000026,43837781363.02,39454003226.72,21699701774.7,17754301452.02,1009,554,455,121,Partially Completed,8
COMP-000027,LG-000027,34921356352.23,34921356352.23,31173607711.47,3747748640.76,91,81,10,60,Partially Completed,1
COMP-000028,LG-000028,25020243681.4,25020243681.4,24317604859.34,702638822.06,162,157,5,39,Partially Completed,2
COMP-000029,LG-000029,10876392356.61,10876392356.61,10271870191.88,604522164.73,4213,3978,235,23,Partially Completed,2
COMP-000030,LG-000030,25090455791.32,25090455791.32,22874078470.66,2216377320.66,3280,2990,290,21,Partially Completed,3
COMP-000031,LG-000031,31903362897.1,27117858462.53,11389500554.26,15728357908.27,1332,559,773,102,In Progress,25
COMP-000032,LG-000032,4851966756.33,4124171742.88,1732152132.01,2392019610.87,3095,1299,1796,168,In Progress,16
COMP-000033,LG-000033,16926915293.98,14387877999.88,6042908759.95,8344969239.93,4218,1771,2447,167,In Progress,23
COMP-000034,LG-000034,6849814339.3,6849814339.3,5879752715.33,970061623.97,3206,2751,455,55,Partially Completed,2
COMP-000035,LG-000035,288263762.32,259437386.09,142690562.35,116746823.74,2587,1422,1165,177,Partially Completed,6
COMP-000036,LG-000036,15719158737.7,14147242863.93,7780983575.16,6366259288.77,3208,1764,1444,125,Partially Completed,5
COMP-000037,LG-000037,6888854085.81,5855525972.94,2459320908.63,3396205064.31,1780,747,1033,78,In Progress,19
COMP-000038,LG-000038,15414572007.52,15414572007.52,13452457413.09,1962114594.43,58,50,8,44,Partially Completed,2
COMP-000039,LG-000039,1075236368.08,1075236368.08,1020464223.72,54772144.36,1875,1779,96,49,Partially Completed,0
COMP-000040,LG-000040,28132249098.03,28132249098.03,26322635827.55,1809613270.48,3459,3236,223,48,Partially Completed,3
COMP-000041,LG-000041,33776900953.74,30399210858.37,16719565972.1,13679644886.27,3105,1707,1398,78,Partially Completed,7
COMP-000042,LG-000042,1490133803.96,1266613733.37,531977768.02,734635965.35,450,189,261,86,In Progress,21
COMP-000043,LG-000043,10569145893.23,8983774009.25,3773185083.88,5210588925.37,309,129,180,139,In Progress,14
COMP-000044,LG-000044,4364572203.76,4364572203.76,3786095988.54,578476215.22,2425,2103,322,45,Partially Completed,0
COMP-000045,LG-000045,12757769717.96,12757769717.96,11246600657.67,1511169060.29,3846,3390,456,47,Partially Completed,0
COMP-000046,LG-000046,23782510766.32,23782510766.32,21508865221.24,2273645545.08,3795,3432,363,59,Partially Completed,1
COMP-000047,LG-000047,30377501130.32,27339751017.29,15036863059.51,12302887957.78,315,173,142,148,Partially Completed,6
COMP-000048,LG-000048,19346588718.63,16444600410.84,6906732172.55,9537868238.29,3098,1301,1797,74,In Progress,13
COMP-000049,LG-000049,27338491554.32,24604642398.89,13532553319.39,11072089079.5,2022,1112,910,105,Partially Completed,6
COMP-000050,LG-000050,30136594746.38,27122935271.74,14917614399.46,12205320872.28,3945,2169,1776,141,Partially Completed,8
COMP-000051,LG-000051,9503786011.0,8553407409.9,4704374075.44,3849033334.46,3409,1874,1535,131,Partially Completed,11
COMP-000052,LG-000052,24861348475.5,24861348475.5,23076024550.67,1785323924.83,4790,4446,344,19,Partially Completed,3
COMP-000053,LG-000053,10799271128.18,10799271128.18,9325126074.3,1474145053.88,1815,1567,248,20,Partially Completed,1
COMP-000054,LG-000054,44571513356.84,37885786353.31,15912030268.39,21973756084.92,2020,848,1172,178,In Progress,14
COMP-000055,LG-000055,31609318234.87,31609318234.87,31094939148.19,514379086.68,2488,2447,41,29,Partially Completed,0
COMP-000056,LG-000056,27093813612.56,23029741570.68,9672491459.69,13357250110.99,772,324,448,76,In Progress,23
COMP-000057,LG-000057,30254513310.93,30254513310.93,29322778218.81,931735092.12,4725,4579,146,33,Partially Completed,2
COMP-000058,LG-000058,12039911323.6,10835920191.24,5959756105.18,4876164086.06,194,106,88,69,Partially Completed,5
COMP-000059,LG-000059,28638164429.99,25774347986.99,14175891392.84,11598456594.15,1837,1010,827,155,Partially Completed,6
COMP-000060,LG-000060,20710882327.0,18639794094.3,10251886751.86,8387907342.44,2776,1526,1250,134,Partially Completed,10
COMP-000061,LG-000061,7129592280.59,7129592280.59,6081071995.4,1048520285.19,3412,2910,502,31,Partially Completed,2
COMP-000062,LG-000062,6799977976.59,6119980178.93,3365989098.41,2753991080.52,4732,2602,2130,122,Partially Completed,6
COMP-000063,LG-000063,34970083463.2,34970083463.2,34072107524.28,897975938.92,943,918,25,27,Partially Completed,1
COMP-000064,LG-000064,41165170765.47,41165170765.47,39826967880.12,1338202885.35,352,340,12,41,Partially Completed,1
COMP-000065,LG-000065,24693810303.32,22224429272.99,12223436100.14,10000993172.85,2972,1634,1338,130,Partially Completed,9
COMP-000066,LG-000066,42045406272.0,37840865644.8,20812476104.64,17028389540.16,3448,1896,1552,88,Partially Completed,11
COMP-000067,LG-000067,2044942104.98,1840447894.48,1012246341.96,828201552.52,267,146,121,133,Partially Completed,5
COMP-000068,LG-000068,133746979.75,133746979.75,132348758.52,1398221.23,3345,3310,35,55,Partially Completed,1
COMP-000069,LG-000069,5823102856.52,5240792570.87,2882435913.98,2358356656.89,3289,1808,1481,109,Partially Completed,7
COMP-000070,LG-000070,27939402058.24,27939402058.24,24732394853.46,3207007204.78,262,231,31,35,Partially Completed,0
COMP-000071,LG-000071,1128277857.67,1128277857.67,1012627893.2,115649964.47,1300,1166,134,52,Partially Completed,0
COMP-000072,LG-000072,39769586388.35,39769586388.35,37592199970.6,2177386417.75,4461,4216,245,26,Partially Completed,3
COMP-000073,LG-000073,34766230061.48,34766230061.48,34185054808.4,581175253.08,3288,3233,55,18,Partially Completed,0
COMP-000074,LG-000074,9998532642.02,9998532642.02,8807873402.67,1190659239.35,1830,1612,218,25,Partially Completed,3
COMP-000075,LG-000075,31228013793.47,31228013793.47,27010727262.42,4217286531.05,3448,2982,466,17,Partially Completed,0
COMP-000076,LG-000076,37001514009.49,31451286908.07,13209540501.39,18241746406.68,1057,443,614,66,In Progress,12
COMP-000077,LG-000077,22336706278.89,22336706278.89,19182051363.82,3154654915.07,1948,1672,276,18,Partially Completed,1
COMP-000078,LG-000078,43542093703.31,39187884332.98,21553336383.14,17634547949.84,1115,613,502,158,Partially Completed,10
COMP-000079,LG-000079,8907181622.79,8907181622.79,8336131418.87,571050203.92,4459,4173,286,29,Partially Completed,3
COMP-000080,LG-000080,4096140168.14,4096140168.14,3590862783.17,505277384.97,1729,1515,214,34,Partially Completed,1
COMP-000081,LG-000081,36784887143.7,36784887143.7,34393779459.41,2391107684.29,3510,3281,229,46,Partially Completed,1
COMP-000082,LG-000082,19114187055.41,17202768349.87,9461522592.43,7741245757.44,1506,828,678,108,Partially Completed,10
COMP-000083,LG-000083,16021308145.45,16021308145.45,13751474345.7,2269833799.75,65,55,10,53,Partially Completed,1
COMP-000084,LG-000084,44690281096.7,44690281096.7,40699097567.99,3991183528.71,2249,2048,201,42,Partially Completed,1
COMP-000085,LG-000085,29367416232.21,29367416232.21,28112542573.32,1254873658.89,2971,2844,127,19,Partially Completed,3
COMP-000086,LG-000086,28278196192.05,28278196192.05,26540595007.05,1737601185.0,4727,4436,291,38,Partially Completed,0
COMP-000087,LG-000087,2560132259.56,2560132259.56,2214085021.26,346047238.3,3699,3199,500,32,Partially Completed,2
COMP-000088,LG-000088,21957554874.0,21957554874.0,19579141127.14,2378413746.86,4829,4305,524,35,Partially Completed,0
COMP-000089,LG-000089,23042261146.61,23042261146.61,22726730963.32,315530183.29,4231,4173,58,21,Partially Completed,0
COMP-000090,LG-000090,6729273154.11,6729273154.11,5943980124.0,785293030.11,4681,4134,547,46,Partially Completed,2
COMP-000091,LG-000091,24462404520.94,24462404520.94,21055815273.38,3406589247.56,1774,1526,248,39,Partially Completed,1
COMP-000092,LG-000092,34229553161.55,30806597845.4,16943628814.97,13862969030.43,1775,976,799,129,Partially Completed,5
COMP-000093,LG-000093,20162050976.3,17137743329.85,7197852198.54,9939891131.31,4252,1785,2467,86,In Progress,25
COMP-000094,LG-000094,14741516722.35,14741516722.35,14496056354.84,245460367.51,4318,4246,72,55,Partially Completed,2
COMP-000095,LG-000095,15260323475.92,12971274954.53,5447935480.9,7523339473.63,4024,1690,2334,77,In Progress,18
COMP-000096,LG-000096,26849230908.47,24164307817.62,13290369299.69,10873938517.93,1695,932,763,148,Partially Completed,6
COMP-000097,LG-000097,33498898537.1,33498898537.1,31670115754.61,1828782782.49,1740,1645,95,36,Partially Completed,1
COMP-000098,LG-000098,8722425861.69,8722425861.69,8213852436.44,508573425.25,1894,1783,111,44,Partially Completed,2
COMP-000099,LG-000099,30808242673.23,27727418405.91,15250080123.25,12477338282.66,2748,1511,1237,147,Partially Completed,12
COMP-000100,LG-000100,21276506556.33,19148855900.7,10531870745.39,8616985155.31,3142,1728,1414,92,Partially Completed,5
COMP-000101,LG-000101,6881824090.42,6881824090.42,6731455114.07,150368976.35,3280,3208,72,43,Partially Completed,1
COMP-000102,LG-000102,37354157298.11,33618741568.3,18490307862.57,15128433705.73,2896,1592,1304,148,Partially Completed,6
COMP-000103,LG-000103,1358690961.22,1358690961.22,1202141036.14,156549925.08,2059,1821,238,28,Partially Completed,2
COMP-000104,LG-000104,10364647456.39,10364647456.39,8954583861.66,1410063594.73,1991,1720,271,50,Partially Completed,2
COMP-000105,LG-000105,8063842484.51,6854266111.83,2878791766.97,3975474344.86,3644,1530,2114,156,In Progress,13
COMP-000106,LG-000106,9710060236.69,9710060236.69,9443956346.16,266103890.53,2460,2392,68,41,Partially Completed,2
COMP-000107,LG-000107,31042831696.5,31042831696.5,29536671445.8,1506160250.7,2769,2634,135,34,Partially Completed,1
COMP-000108,LG-000108,20214039958.78,17181933964.96,7216412265.28,9965521699.68,4177,1754,2423,142,In Progress,22
COMP-000109,LG-000109,27172942040.06,27172942040.06,25617739862.88,1555202177.18,2609,2459,150,60,Partially Completed,2
COMP-000110,LG-000110,21008641184.17,18907777065.75,10399277386.16,8508499679.59,1493,821,672,117,Partially Completed,10
COMP-000111,LG-000111,2476451797.12,2228806617.41,1225843639.58,1002962977.83,1580,869,711,77,Partially Completed,10
COMP-000112,LG-000112,18440935785.63,18440935785.63,16744175460.76,1696760324.87,2860,2596,264,26,Partially Completed,2
COMP-000113,LG-000113,6314209125.58,5367077756.74,2254172657.83,3112905098.91,4972,2088,2884,125,In Progress,16
COMP-000114,LG-000114,8944804156.38,8944804156.38,8482171686.18,462632470.2,3075,2915,160,54,Partially Completed,0
COMP-000115,LG-000115,42344232981.3,42344232981.3,40779298025.36,1564934955.94,4260,4102,158,30,Partially Completed,0
COMP-000116,LG-000116,22680496983.06,22680496983.06,22520702723.02,159794260.04,4693,4659,34,43,Partially Completed,2
COMP-000117,LG-000117,41729128060.9,41729128060.9,38687688268.6,3041439792.3,4774,4426,348,55,Partially Completed,2
COMP-000118,LG-000118,4630701471.36,3936096250.66,1653160425.28,2282935825.38,2420,1016,1404,100,In Progress,18
COMP-000119,LG-000119,8923073634.34,8923073634.34,8175383528.63,747690105.71,1218,1115,103,42,Partially Completed,3
COMP-000120,LG-000120,31787897635.33,31787897635.33,29387329970.99,2400567664.34,4512,4171,341,40,Partially Completed,3
COMP-000121,LG-000121,32515681655.24,32515681655.24,29993791696.62,2521889958.62,1654,1525,129,58,Partially Completed,0
COMP-000122,LG-000122,36156237568.84,36156237568.84,35797052866.71,359184702.13,1362,1348,14,38,Partially Completed,2
COMP-000123,LG-000123,26920074371.32,24228066934.19,13325436813.8,10902630120.39,3339,1836,1503,177,Partially Completed,11
COMP-000124,LG-000124,36682861259.19,36682861259.19,33650875934.0,3031985325.19,2781,2551,230,21,Partially Completed,1
COMP-000125,LG-000125,9236813990.25,9236813990.25,8595465675.51,641348314.74,305,283,22,16,Partially Completed,2
COMP-000126,LG-000126,43122703161.83,43122703161.83,42362469748.98,760233412.85,111,109,2,19,Partially Completed,2
COMP-000127,LG-000127,2603902196.55,2213316867.07,929593084.17,1283723782.9,4474,1879,2595,106,In Progress,17
COMP-000128,LG-000128,30548551115.93,25966268448.54,10905832748.39,15060435700.15,875,367,508,143,In Progress,19
COMP-000129,LG-000129,35866509152.13,35866509152.13,35470783820.15,395725331.98,960,949,11,28,Partially Completed,2
COMP-000130,LG-000130,33646149577.19,33646149577.19,29636568314.99,4009581262.2,1861,1639,222,32,Partially Completed,1
COMP-000131,LG-000131,15077866434.03,13570079790.63,7463543884.85,6106535905.78,3162,1739,1423,101,Partially Completed,7
COMP-000132,LG-000132,12032249734.75,12032249734.75,10509526641.52,1522723093.23,1817,1587,230,55,Partially Completed,0
COMP-000133,LG-000133,17362581061.44,17362581061.44,17175535671.98,187045389.46,206,203,3,40,Partially Completed,1
COMP-000134,LG-000134,5225564547.83,5225564547.83,4813752435.62,411812112.21,693,638,55,20,Partially Completed,0
COMP-000135,LG-000135,32529932291.08,32529932291.08,30971201147.54,1558731143.54,2270,2161,109,25,Partially Completed,3
COMP-000136,LG-000136,30394559410.75,30394559410.75,30379058317.2,15501093.55,1102,1101,1,57,Partially Completed,1
COMP-000137,LG-000137,31314130228.1,31314130228.1,30875008157.79,439122070.31,58,57,1,28,Partially Completed,1
COMP-000138,LG-000138,20261988261.69,20261988261.69,17702726841.68,2559261420.01,3681,3216,465,40,Partially Completed,3
COMP-000139,LG-000139,11908834608.8,11908834608.8,11657822025.87,251012582.93,828,810,18,31,Partially Completed,1
COMP-000140,LG-000140,9635028113.27,9635028113.27,9080838064.95,554190048.32,2381,2244,137,16,Partially Completed,2
COMP-000141,LG-000141,10804108042.27,10804108042.27,10089179729.66,714928312.61,435,406,29,30,Partially Completed,3
COMP-000142,LG-000142,26556495217.5,26556495217.5,26360329058.72,196166158.78,2645,2625,20,55,Partially Completed,3
COMP-000143,LG-000143,12512121805.12,12512121805.12,11055883368.1,1456238437.02,1316,1162,154,42,Partially Completed,2
COMP-000144,LG-000144,8724560438.04,7852104394.24,4318657416.83,3533446977.41,1838,1010,828,82,Partially Completed,9
COMP-000145,LG-000145,26451695801.73,23806526221.56,13093589421.86,10712936799.7,1075,591,484,137,Partially Completed,11
COMP-000146,LG-000146,39143311949.54,39143311949.54,38318742924.77,824569024.77,4822,4720,102,59,Partially Completed,1
COMP-000147,LG-000147,20031589441.07,20031589441.07,17703711281.57,2327878159.5,3243,2866,377,28,Partially Completed,3
COMP-000148,LG-000148,15299504142.33,13004578520.98,5461922978.81,7542655542.17,3952,1659,2293,164,In Progress,20
COMP-000149,LG-000149,8461576262.98,7615418636.68,4188480250.17,3426938386.51,4719,2595,2124,65,Partially Completed,9
COMP-000150,LG-000150,27813061000.09,27813061000.09,25189396898.18,2623664101.91,751,680,71,30,Partially Completed,3
COMP-000151,LG-000151,18463314023.7,18463314023.7,15769794096.94,2693519926.76,373,318,55,51,Partially Completed,1
COMP-000152,LG-000152,1815767173.05,1543402097.09,648228880.78,895173216.31,2308,969,1339,137,In Progress,17
COMP-000153,LG-000153,16313628641.94,16313628641.94,15036880513.73,1276748128.21,2492,2296,196,16,Partially Completed,0
COMP-000154,LG-000154,15287304304.1,13758573873.69,7567215630.53,6191358243.16,2045,1124,921,156,Partially Completed,9
COMP-000155,LG-000155,22311186278.51,22311186278.51,19360314630.92,2950871647.59,2202,1910,292,46,Partially Completed,2
COMP-000156,LG-000156,37733068101.24,37733068101.24,35079523402.27,2653544698.97,2552,2372,180,50,Partially Completed,2
COMP-000157,LG-000157,25589401049.49,25589401049.49,21837151600.98,3752249448.51,1948,1662,286,26,Partially Completed,2
COMP-000158,LG-000158,49066940808.41,49066940808.41,42227085401.99,6839855406.42,178,153,25,51,Partially Completed,3
COMP-000159,LG-000159,38929325182.18,38929325182.18,36298700393.61,2630624788.57,491,457,34,54,Partially Completed,2
COMP-000160,LG-000160,19447755675.21,19447755675.21,19391301929.98,56453745.23,3939,3927,12,24,Partially Completed,1
COMP-000161,LG-000161,15100524191.38,12835445562.67,5390887136.32,7444558426.35,2468,1036,1432,95,In Progress,24
COMP-000162,LG-000162,16068659654.87,16068659654.87,15780942391.02,287717263.85,4778,4692,86,47,Partially Completed,1
COMP-000163,LG-000163,1721230548.2,1721230548.2,1479430271.82,241800276.38,1771,1522,249,56,Partially Completed,0
COMP-000164,LG-000164,34518582253.08,34518582253.08,31453436958.52,3065145294.56,2006,1827,179,57,Partially Completed,0
COMP-000165,LG-000165,44132828920.28,44132828920.28,42741695185.45,1391133734.83,4255,4120,135,16,Partially Completed,1
COMP-000166,LG-000166,11815928432.33,11815928432.33,10104786427.68,1711142004.65,1910,1633,277,57,Partially Completed,2
COMP-000167,LG-000167,13588585828.89,12229727246.0,6726349985.3,5503377260.7,274,150,124,71,Partially Completed,9
COMP-000168,LG-000168,36915346984.16,33223812285.74,18273096757.16,14950715528.58,2900,1595,1305,66,Partially Completed,7
COMP-000169,LG-000169,1876663232.23,1688996909.01,928948299.96,760048609.05,2835,1559,1276,135,Partially Completed,6
COMP-000170,LG-000170,36268180688.28,32641362619.45,17952749440.7,14688613178.75,1952,1073,879,129,Partially Completed,7
COMP-000171,LG-000171,25910277140.77,25910277140.77,24738997864.47,1171279276.3,3032,2894,138,33,Partially Completed,0
COMP-000172,LG-000172,2351008738.74,2351008738.74,2145688133.71,205320605.03,3167,2890,277,18,Partially Completed,3
COMP-000173,LG-000173,29794846199.97,25325619269.97,10636760093.39,14688859176.58,2722,1143,1579,137,In Progress,14
COMP-000174,LG-000174,18190698380.56,18190698380.56,15533064233.31,2657634147.25,4785,4085,700,45,Partially Completed,3
COMP-000175,LG-000175,15919398847.13,13531489020.06,5683225388.43,7848263631.63,2256,947,1309,173,In Progress,20
COMP-000176,LG-000176,9804686086.68,9804686086.68,9476549986.08,328136100.6,3392,3278,114,56,Partially Completed,3
COMP-000177,LG-000177,12395663375.29,10536313869.0,4425251824.98,6111062044.02,4327,1817,2510,119,In Progress,14
COMP-000178,LG-000178,45615458303.23,45615458303.23,44366883305.75,1248574997.48,4608,4481,127,40,Partially Completed,2
COMP-000179,LG-000179,31604077423.4,31604077423.4,30374551693.08,1229525730.32,2211,2124,87,27,Partially Completed,1
COMP-000180,LG-000180,24462418255.5,24462418255.5,22182410802.48,2280007453.02,3718,3371,347,33,Partially Completed,2
COMP-000181,LG-000181,13536613838.17,12182952454.35,6700623849.89,5482328604.46,459,252,207,143,Partially Completed,5
COMP-000182,LG-000182,31756207818.61,31756207818.61,31302927952.29,453279866.32,438,431,7,47,Partially Completed,0
COMP-000183,LG-000183,31376231091.62,28238607982.46,15531234390.35,12707373592.11,1420,781,639,74,Partially Completed,7
COMP-000184,LG-000184,27708073823.8,27708073823.8,27597859069.62,110214754.18,4599,4580,19,44,Partially Completed,1
COMP-000185,LG-000185,9788940441.28,8320599375.09,3494651737.54,4825947637.55,4499,1889,2610,109,In Progress,12
COMP-000186,LG-000186,32721403330.86,29449262997.77,16197094648.77,13252168349.0,3080,1694,1386,103,Partially Completed,9
COMP-000187,LG-000187,29910094567.71,25423580382.55,10677903760.67,14745676621.88,1336,561,775,152,In Progress,14
COMP-000188,LG-000188,9746379464.89,8771741518.4,4824457835.12,3947283683.28,2238,1230,1008,168,Partially Completed,11
COMP-000189,LG-000189,27989696425.6,23791241961.76,9992321623.94,13798920337.82,1682,706,976,70,In Progress,25
COMP-000190,LG-000190,24783849077.72,22305464169.95,12268005293.47,10037458876.48,2958,1626,1332,167,Partially Completed,9
COMP-000191,LG-000191,7244379831.76,6519941848.58,3585968016.72,2933973831.86,4934,2713,2221,160,Partially Completed,6
COMP-000192,LG-000192,10361752134.4,10361752134.4,8965499946.58,1396252187.82,2249,1945,304,21,Partially Completed,2
COMP-000193,LG-000193,6263342179.01,5637007961.11,3100354378.61,2536653582.5,4721,2596,2125,176,Partially Completed,10
COMP-000194,LG-000194,20014085467.43,20014085467.43,18063571137.32,1950514330.11,460,415,45,30,Partially Completed,1
COMP-000195,LG-000195,24506833259.8,22056149933.82,12130882463.6,9925267470.22,1670,918,752,141,Partially Completed,10
COMP-000196,LG-000196,13765897743.62,11701013082.08,4914425494.47,6786587587.61,2632,1105,1527,99,In Progress,14
COMP-000197,LG-000197,7927068424.28,7927068424.28,7302828193.84,624240230.44,4840,4458,382,44,Partially Completed,0
COMP-000198,LG-000198,15394188350.02,15394188350.02,14189850754.26,1204337595.76,4846,4466,380,43,Partially Completed,3
COMP-000199,LG-000199,37560949425.53,31926807011.7,13409258944.91,18517548066.79,3838,1611,2227,122,In Progress,25
COMP-000200,LG-000200,625706492.01,625706492.01,565736801.38,59969690.63,2231,2017,214,16,Partially Completed,1
COMP-000201,LG-000201,13197640245.24,11217994208.45,4711557567.55,6506436640.9,4287,1800,2487,87,In Progress,24
COMP-000202,LG-000202,38144694021.83,38144694021.83,36446256329.32,1698437692.51,3508,3351,157,30,Partially Completed,0
COMP-000203,LG-000203,8223593509.28,7401234158.35,4070678787.09,3330555371.26,4875,2681,2194,74,Partially Completed,7
COMP-000204,LG-000204,25989051690.42,25989051690.42,23714973361.51,2274078328.91,1795,1637,158,47,Partially Completed,2
COMP-000205,LG-000205,36248867864.46,30811537684.79,12940845827.61,17870691857.18,1789,751,1038,130,In Progress,14
COMP-000206,LG-000206,29539588530.04,29539588530.04,28417693468.93,1121895061.11,3358,3230,128,21,Partially Completed,3
COMP-000207,LG-000207,36545004766.03,31063254051.13,13046566701.47,18016687349.66,564,236,328,151,In Progress,14
COMP-000208,LG-000208,23639813642.31,21275832278.08,11701707752.94,9574124525.14,3940,2167,1773,142,Partially Completed,7
COMP-000209,LG-000209,36294861609.35,36294861609.35,34704235243.51,1590626365.84,823,786,37,25,Partially Completed,3
COMP-000210,LG-000210,19320479399.73,17388431459.76,9563637302.87,7824794156.89,4166,2291,1875,86,Partially Completed,5
COMP-000211,LG-000211,38257069577.82,38257069577.82,34595544222.75,3661525355.07,1086,982,104,49,Partially Completed,1
COMP-000212,LG-000212,16648872536.56,14151541656.08,5943647495.55,8207894160.53,243,102,141,73,In Progress,25
COMP-000213,LG-000213,17150500286.31,15435450257.68,8489497641.72,6945952615.96,4313,2372,1941,168,Partially Completed,6
COMP-000214,LG-000214,38727981474.07,34855183326.66,19170350829.66,15684832497.0,1869,1027,842,180,Partially Completed,8
COMP-000215,LG-000215,33002746556.08,33002746556.08,29523146851.48,3479599704.6,127,113,14,58,Partially Completed,3
COMP-000216,LG-000216,14288733709.46,14288733709.46,13693468053.7,595265655.76,753,721,32,21,Partially Completed,3
COMP-000217,LG-000217,5516661594.77,4964995435.29,2730747489.41,2234247945.88,3608,1984,1624,106,Partially Completed,12
COMP-000218,LG-000218,38036304110.38,38036304110.38,33876441887.65,4159862222.73,4189,3730,459,24,Partially Completed,3
COMP-000219,LG-000219,19310937816.03,16414297143.63,6894004800.32,9520292343.31,4759,1998,2761,175,In Progress,21
COMP-000220,LG-000220,15715288450.26,15715288450.26,13387892099.71,2327396350.55,4527,3856,671,52,Partially Completed,0
COMP-000221,LG-000221,1067925136.83,1067925136.83,1062330849.04,5594287.79,3486,3467,19,55,Partially Completed,0
COMP-000222,LG-000222,28263334961.52,24023834717.29,10090010581.26,13933824136.03,3861,1621,2240,143,In Progress,13
COMP-000223,LG-000223,19257378662.93,19257378662.93,16724952029.96,2532426632.97,1248,1083,165,50,Partially Completed,3
COMP-000224,LG-000224,1327776712.56,1194999041.3,657249472.72,537749568.58,2002,1101,901,107,Partially Completed,8
COMP-000225,LG-000225,39725341463.17,39725341463.17,37379743599.91,2345597863.26,147,138,9,21,Partially Completed,0
COMP-000226,LG-000226,23021546631.23,23021546631.23,22785667056.05,235879575.18,4136,4093,43,36,Partially Completed,2
COMP-000227,LG-000227,5686833381.87,5118150043.68,2814982524.02,2303167519.66,2857,1571,1286,73,Partially Completed,12
COMP-000228,LG-000228,47674258329.69,47674258329.69,44745028539.52,2929229790.17,4583,4301,282,57,Partially Completed,0
COMP-000229,LG-000229,37194272586.94,37194272586.94,34238763036.04,2955509550.9,3087,2841,246,32,Partially Completed,3
COMP-000230,LG-000230,25190347659.75,25190347659.75,23363472055.65,1826875604.1,4665,4326,339,23,Partially Completed,0
COMP-000231,LG-000231,1271576358.35,1271576358.35,1236585771.65,34990586.7,806,783,23,22,Partially Completed,3
COMP-000232,LG-000232,7961357740.93,7961357740.93,7590890893.27,370466847.66,959,914,45,19,Partially Completed,2
COMP-000233,LG-000233,26841335245.3,26841335245.3,23867049312.71,2974285932.59,592,526,66,27,Partially Completed,1
COMP-000234,LG-000234,18869620101.59,18869620101.59,17986641595.43,882978506.16,107,101,6,43,Partially Completed,0
COMP-000235,LG-000235,32579796735.82,29321817062.24,16126999384.23,13194817678.01,1819,1000,819,74,Partially Completed,9
COMP-000236,LG-000236,10667870722.32,10667870722.32,10461514317.6,206356404.72,156,152,4,39,Partially Completed,2
COMP-000237,LG-000237,7718641524.36,7718641524.36,7044490802.22,674150722.14,3215,2934,281,15,Partially Completed,3
COMP-000238,LG-000238,13364655779.14,12028190201.23,6615504610.68,5412685590.55,3241,1782,1459,89,Partially Completed,12
COMP-000239,LG-000239,32488268286.76,32488268286.76,29537178283.9,2951090002.86,3195,2904,291,20,Partially Completed,0
COMP-000240,LG-000240,9405090089.59,9405090089.59,8125069545.5,1280020544.09,88,76,12,48,Partially Completed,1
COMP-000241,LG-000241,28914284461.9,28914284461.9,26881229421.19,2033055040.71,2987,2776,211,29,Partially Completed,3
COMP-000242,LG-000242,4050174230.5,3442648095.92,1445912200.29,1996735895.63,3050,1281,1769,60,In Progress,25
COMP-000243,LG-000243,10957723085.15,9861950776.64,5424072927.15,4437877849.49,3105,1707,1398,127,Partially Completed,11
COMP-000244,LG-000244,31113511219.26,31113511219.26,27092439855.83,4021071363.43,3256,2835,421,33,Partially Completed,3
COMP-000245,LG-000245,32601301085.43,29341170976.89,16137644037.29,13203526939.6,3400,1870,1530,166,Partially Completed,12
COMP-000246,LG-000246,6494880885.34,6494880885.34,5857623111.25,637257774.09,2285,2060,225,55,Partially Completed,3
COMP-000247,LG-000247,27455750381.57,27455750381.57,23664044985.98,3791705395.59,1221,1052,169,34,Partially Completed,2
COMP-000248,LG-000248,11520699251.8,11520699251.8,10530102087.12,990597164.68,3887,3552,335,41,Partially Completed,1
COMP-000249,LG-000249,13237715409.97,13237715409.97,11597020048.54,1640695361.43,709,621,88,52,Partially Completed,2
COMP-000250,LG-000250,14232708303.76,14232708303.76,13155502631.54,1077205672.22,4073,3764,309,21,Partially Completed,2
COMP-000251,LG-000251,1220233168.76,1098209851.88,604015418.53,494194433.35,1885,1036,849,143,Partially Completed,8
COMP-000252,LG-000252,15499011502.54,13949110352.29,7672010693.76,6277099658.53,1559,857,702,171,Partially Completed,8
COMP-000253,LG-000253,8961112440.05,8961112440.05,8303883679.55,657228760.5,3786,3508,278,58,Partially Completed,0
COMP-000254,LG-000254,23782515415.49,23782515415.49,20645911929.84,3136603485.65,3391,2943,448,37,Partially Completed,2
COMP-000255,LG-000255,20030318848.71,18027286963.84,9915007830.11,8112279133.73,1101,605,496,173,Partially Completed,7
COMP-000256,LG-000256,7404503778.64,6293828211.84,2643407848.97,3650420362.87,580,243,337,132,In Progress,21
COMP-000257,LG-000257,8942269266.27,8942269266.27,8611846633.51,330422632.76,2076,1999,77,26,Partially Completed,1
COMP-000258,LG-000258,17639514990.03,17639514990.03,15092744886.63,2546770103.4,4081,3491,590,34,Partially Completed,3
COMP-000259,LG-000259,6473711187.34,6473711187.34,6433876348.52,39834838.82,4244,4217,27,49,Partially Completed,1
COMP-000260,LG-000260,28690569956.09,28690569956.09,25255628153.17,3434941802.92,1977,1740,237,50,Partially Completed,0
COMP-000261,LG-000261,25574117457.62,21737999838.98,9129959932.37,12608039906.61,3192,1340,1852,98,In Progress,21
COMP-000262,LG-000262,37354256960.72,37354256960.72,36560078383.93,794178576.79,1123,1099,24,18,Partially Completed,0
COMP-000263,LG-000263,40359910982.95,34305924335.51,14408488220.91,19897436114.6,4278,1796,2482,66,In Progress,20
COMP-000264,LG-000264,27922004791.09,27922004791.09,24279328020.41,3642676770.68,4140,3599,541,47,Partially Completed,2
COMP-000265,LG-000265,26362788132.32,26362788132.32,23995891789.17,2366896343.15,3549,3230,319,43,Partially Completed,1
COMP-000266,LG-000266,8154176423.84,8154176423.84,7352188669.3,801987754.54,4158,3749,409,45,Partially Completed,0
COMP-000267,LG-000267,5050939281.78,4545845353.6,2500214944.48,2045630409.12,3743,2058,1685,105,Partially Completed,8
COMP-000268,LG-000268,42329296076.65,38096366468.99,20953001557.94,17143364911.05,4652,2558,2094,131,Partially Completed,8
COMP-000269,LG-000269,35020633727.25,35020633727.25,32243023971.09,2777609756.16,4179,3847,332,42,Partially Completed,1
COMP-000270,LG-000270,9500298424.47,9500298424.47,9160578762.11,339719662.36,4971,4793,178,15,Partially Completed,0
COMP-000271,LG-000271,2591866576.44,2203086589.97,925296367.79,1277790222.18,1292,542,750,139,In Progress,12
COMP-000272,LG-000272,7652455129.0,7652455129.0,6585823470.79,1066631658.21,3094,2662,432,35,Partially Completed,0
COMP-000273,LG-000273,10447721097.38,10447721097.38,9829550871.62,618170225.76,487,458,29,54,Partially Completed,1
COMP-000274,LG-000274,16097420820.46,16097420820.46,14126884202.55,1970536617.91,2912,2555,357,21,Partially Completed,1
COMP-000275,LG-000275,30684870777.6,30684870777.6,29376434429.87,1308436347.73,4297,4113,184,50,Partially Completed,2
COMP-000276,LG-000276,16797858892.18,16797858892.18,15228575948.24,1569282943.94,414,375,39,18,Partially Completed,1
COMP-000277,LG-000277,16803585654.51,16803585654.51,16133522102.19,670063552.32,1915,1838,77,36,Partially Completed,1
COMP-000278,LG-000278,41026931439.9,34872891723.92,14646614524.05,20226277199.87,434,182,252,154,In Progress,14
COMP-000279,LG-000279,44692912006.83,44692912006.83,43820812425.82,872099581.01,3900,3823,77,46,Partially Completed,2
COMP-000280,LG-000280,32517792294.59,32517792294.59,29087001403.23,3430790891.36,498,445,53,57,Partially Completed,2
COMP-000281,LG-000281,45016357646.85,45016357646.85,38551365425.25,6464992221.6,1486,1272,214,34,Partially Completed,0
COMP-000282,LG-000282,4658543872.79,4192689485.51,2305979217.03,1886710268.48,3465,1905,1560,117,Partially Completed,6
COMP-000283,LG-000283,43231727267.16,43231727267.16,42667660041.12,564067226.04,4017,3964,53,46,Partially Completed,0
COMP-000284,LG-000284,10908225385.55,10908225385.55,9780049737.92,1128175647.63,3574,3204,370,35,Partially Completed,1
COMP-000285,LG-000285,47857586592.66,47857586592.66,47688405530.62,169181062.04,3880,3866,14,32,Partially Completed,1
COMP-000286,LG-000286,34469971855.71,29299476077.35,12305779952.49,16993696124.86,3285,1379,1906,167,In Progress,15
COMP-000287,LG-000287,36877148733.34,36877148733.34,32215395224.12,4661753509.22,3329,2908,421,46,Partially Completed,3
COMP-000288,LG-000288,28833404960.76,25950064464.68,14272535455.57,11677529009.11,4206,2313,1893,82,Partially Completed,9
COMP-000289,LG-000289,11379687800.81,10241719020.73,5632945461.4,4608773559.33,471,259,212,172,Partially Completed,8
COMP-000290,LG-000290,24795132806.52,24795132806.52,22983370331.0,1811762475.52,4886,4528,358,26,Partially Completed,1
COMP-000291,LG-000291,13631826791.34,11587052772.64,4866562164.51,6720490608.13,4962,2084,2878,133,In Progress,16
COMP-000292,LG-000292,10204278358.87,10204278358.87,9863998240.21,340280118.66,2493,2409,84,28,Partially Completed,0
COMP-000293,LG-000293,37346009841.87,31744108365.59,13332525513.55,18411582852.04,3878,1628,2250,152,In Progress,21
COMP-000294,LG-000294,14286235639.22,14286235639.22,12555123649.57,1731111989.65,1970,1731,239,30,Partially Completed,0
COMP-000295,LG-000295,20966680513.12,18870012461.81,10378506854.0,8491505607.81,102,56,46,104,Partially Completed,5
COMP-000296,LG-000296,34593218157.28,34593218157.28,32264408400.47,2328809756.81,3176,2962,214,15,Partially Completed,0
COMP-000297,LG-000297,20963388942.56,18867050048.3,10376877526.57,8490172521.73,660,363,297,175,Partially Completed,6
COMP-000298,LG-000298,5990565202.22,5990565202.22,5316437321.04,674127881.18,2615,2320,295,23,Partially Completed,3
COMP-000299,LG-000299,30774119901.15,26158001915.98,10986360804.71,15171641111.27,654,274,380,60,In Progress,23
COMP-000300,LG-000300,25537992151.4,25537992151.4,23389573263.38,2148418888.02,1037,949,88,47,Partially Completed,0
COMP-000301,LG-000301,4659983741.59,4659983741.59,4246498680.92,413485060.67,4309,3926,383,31,Partially Completed,1
COMP-000302,LG-000302,13448782656.11,13448782656.11,13390357970.69,58424685.42,330,328,2,50,Partially Completed,3
COMP-000303,LG-000303,10099211793.83,10099211793.83,10037725880.33,61485913.5,1049,1042,7,39,Partially Completed,0
COMP-000304,LG-000304,13262587883.51,11273199700.98,4734743874.41,6538455826.57,4839,2032,2807,178,In Progress,24
COMP-000305,LG-000305,17788164008.38,16009347607.54,8805141184.15,7204206423.39,2514,1382,1132,104,Partially Completed,11
COMP-000306,LG-000306,9747717322.78,9747717322.78,8822657306.15,925060016.63,48,43,5,43,Partially Completed,2
COMP-000307,LG-000307,43440952223.68,43440952223.68,42624791534.3,816160689.38,4960,4866,94,20,Partially Completed,3
COMP-000308,LG-000308,20507846959.11,20507846959.11,19161314916.96,1346532042.15,1168,1091,77,29,Partially Completed,2
COMP-000309,LG-000309,18895692719.27,17006123447.34,9353367896.04,7652755551.3,851,468,383,127,Partially Completed,8
COMP-000310,LG-000310,9214651044.58,8293185940.12,4561252267.07,3731933673.05,4185,2301,1884,143,Partially Completed,8
COMP-000311,LG-000311,40566949822.55,40566949822.55,40390098798.2,176851024.35,704,700,4,47,Partially Completed,2
COMP-000312,LG-000312,37500407830.28,33750367047.25,18562701875.99,15187665171.26,1690,929,761,87,Partially Completed,7
COMP-000313,LG-000313,20162714135.76,20162714135.76,18704552129.95,1458162005.81,4420,4100,320,59,Partially Completed,1
COMP-000314,LG-000314,28449996688.2,25604997019.38,14082748360.66,11522248658.72,1903,1046,857,152,Partially Completed,12
COMP-000315,LG-000315,22865554214.04,22865554214.04,22825521699.19,40032514.85,1653,1650,3,19,Partially Completed,1
COMP-000316,LG-000316,3319101430.38,3319101430.38,2828669298.63,490432131.75,3962,3376,586,22,Partially Completed,0
COMP-000317,LG-000317,24347190149.53,24347190149.53,21017358992.3,3329831157.23,2934,2532,402,35,Partially Completed,1
COMP-000318,LG-000318,47207933448.68,47207933448.68,41008777920.34,6199155528.34,4065,3531,534,56,Partially Completed,2
COMP-000319,LG-000319,28394783451.94,28394783451.94,28032149801.6,362633650.34,3642,3595,47,42,Partially Completed,3
COMP-000320,LG-000320,673258599.38,673258599.38,612229054.46,61029544.92,74,67,7,51,Partially Completed,0
COMP-000321,LG-000321,18365457117.34,18365457117.34,15805837684.56,2559619432.78,2553,2197,356,36,Partially Completed,0
COMP-000322,LG-000322,38027104777.12,32323039060.55,13575676405.43,18747362655.12,2913,1223,1690,85,In Progress,19
COMP-000323,LG-000323,21013172609.67,17861196718.22,7501702621.65,10359494096.57,3769,1582,2187,78,In Progress,17
COMP-000324,LG-000324,11703769331.37,9948203931.66,4178245651.3,5769958280.36,4377,1838,2539,131,In Progress,16
COMP-000325,LG-000325,38605204086.6,38605204086.6,33699507504.36,4905696582.24,4005,3496,509,29,Partially Completed,0
COMP-000326,LG-000326,40033763339.98,34028698838.98,14292053512.37,19736645326.61,4800,2016,2784,164,In Progress,16
COMP-000327,LG-000327,16597161176.63,14937445058.97,8215594782.43,6721850276.54,4485,2466,2019,150,Partially Completed,7
COMP-000328,LG-000328,25348231327.98,22813408195.18,12547374507.35,10266033687.83,72,39,33,177,Partially Completed,10
COMP-000329,LG-000329,8903371558.04,7567865824.33,3178503646.22,4389362178.11,1686,708,978,121,In Progress,21
COMP-000330,LG-000330,38487236814.08,38487236814.08,37557972866.06,929263948.02,1972,1924,48,39,Partially Completed,2
COMP-000331,LG-000331,18758253865.37,15944515785.56,6696696629.94,9247819155.62,3178,1334,1844,119,In Progress,23
COMP-000332,LG-000332,9700763715.84,9700763715.84,9593574351.82,107189364.02,3663,3622,41,42,Partially Completed,3
COMP-000333,LG-000333,34834861497.79,31351375348.01,17243256441.41,14108118906.6,723,397,326,87,Partially Completed,10
COMP-000334,LG-000334,44345579384.75,37693742477.04,15831371840.36,21862370636.68,2952,1239,1713,174,In Progress,23
COMP-000335,LG-000335,44954760379.18,40459284341.26,22252606387.69,18206677953.57,156,85,71,111,Partially Completed,9
COMP-000336,LG-000336,10127381950.32,9114643755.29,5013054065.41,4101589689.88,894,491,403,144,Partially Completed,5
COMP-000337,LG-000337,16757236739.45,15081513065.51,8294832186.03,6786680879.48,1141,627,514,71,Partially Completed,8
COMP-000338,LG-000338,7404668324.69,7404668324.69,6447761269.19,956907055.5,74,64,10,36,Partially Completed,1
COMP-000339,LG-000339,8553393622.77,8553393622.77,7890580921.29,662812701.48,2929,2702,227,30,Partially Completed,3
COMP-000340,LG-000340,24245395187.42,24245395187.42,21958084898.8,2287310288.62,597,540,57,19,Partially Completed,0
COMP-000341,LG-000341,881805482.64,881805482.64,759203020.11,122602462.53,2982,2567,415,54,Partially Completed,0
COMP-000342,LG-000342,19212466665.76,17291219999.18,9510170999.55,7781048999.63,1721,946,775,144,Partially Completed,12
COMP-000343,LG-000343,1666610016.82,1666610016.82,1533523710.66,133086306.16,749,689,60,51,Partially Completed,2
COMP-000344,LG-000344,28732497492.43,28732497492.43,25312605056.91,3419892435.52,493,434,59,31,Partially Completed,0
COMP-000345,LG-000345,11642618371.44,10478356534.3,5763096093.86,4715260440.44,611,336,275,128,Partially Completed,11
COMP-000346,LG-000346,26358551721.27,26358551721.27,24580566191.71,1777985529.56,3836,3577,259,18,Partially Completed,2
COMP-000347,LG-000347,19130401380.04,17217361242.04,9469548683.12,7747812558.92,588,323,265,127,Partially Completed,8
COMP-000348,LG-000348,29196599795.79,29196599795.79,28622654444.59,573945351.2,975,955,20,52,Partially Completed,3
COMP-000349,LG-000349,30086215554.44,30086215554.44,29735655752.36,350559802.08,1723,1702,21,35,Partially Completed,0
COMP-000350,LG-000350,23811096381.01,23811096381.01,20300677688.54,3510418692.47,2676,2281,395,56,Partially Completed,3
COMP-000351,LG-000351,14359551193.18,14359551193.18,13745662386.02,613888807.16,4955,4743,212,30,Partially Completed,0
COMP-000352,LG-000352,16141833520.78,16141833520.78,14185153330.6,1956680190.18,1809,1589,220,57,Partially Completed,2
COMP-000353,LG-000353,26554983981.88,22571736384.6,9480129281.53,13091607103.07,725,304,421,133,In Progress,12
COMP-000354,LG-000354,4364348682.81,4364348682.81,3791880952.26,572467730.55,2697,2343,354,25,Partially Completed,3
COMP-000355,LG-000355,8937112847.82,8043401563.04,4423870859.67,3619530703.37,3337,1835,1502,126,Partially Completed,6
COMP-000356,LG-000356,13267391946.74,13267391946.74,11301674342.09,1965717604.65,3410,2904,506,34,Partially Completed,2
COMP-000357,LG-000357,26075833379.98,26075833379.98,23739632065.39,2336201314.59,1324,1205,119,60,Partially Completed,1
COMP-000358,LG-000358,25580771394.65,21743655685.45,9132335387.89,12611320297.56,3273,1374,1899,63,In Progress,16
COMP-000359,LG-000359,6794166372.38,6794166372.38,5837842727.86,956323644.52,468,402,66,53,Partially Completed,3
COMP-000360,LG-000360,5498423071.76,5498423071.76,5153923322.55,344499749.21,3554,3331,223,57,Partially Completed,1
COMP-000361,LG-000361,41026874587.92,41026874587.92,35098224360.81,5928650227.11,1325,1133,192,19,Partially Completed,3
COMP-000362,LG-000362,8537190360.12,7683471324.11,4225909228.26,3457562095.85,1887,1037,850,114,Partially Completed,11
COMP-000363,LG-000363,11183412913.41,9505900976.4,3992478410.09,5513422566.31,2312,971,1341,103,In Progress,15
COMP-000364,LG-000364,7951518980.0,7156367082.0,3936001895.1,3220365186.9,2010,1105,905,156,Partially Completed,12
COMP-000365,LG-000365,39310811870.92,33414190090.28,14033959837.92,19380230252.36,1669,700,969,165,In Progress,21
COMP-000366,LG-000366,18860455653.22,18860455653.22,17340699879.28,1519755773.94,4232,3890,342,53,Partially Completed,2
COMP-000367,LG-000367,44069442363.97,39662498127.57,21814373970.16,17848124157.41,2369,1302,1067,119,Partially Completed,5
COMP-000368,LG-000368,6564688104.72,6564688104.72,6376361002.42,188327102.3,4596,4464,132,39,Partially Completed,1
COMP-000369,LG-000369,12615907644.9,10723521498.16,4503879029.23,6219642468.93,434,182,252,89,In Progress,21
COMP-000370,LG-000370,6621814725.7,5959633253.13,3277798289.22,2681834963.91,2548,1401,1147,88,Partially Completed,10
COMP-000371,LG-000371,25713026832.31,21856072807.46,9179550579.13,12676522228.33,2196,922,1274,126,In Progress,23
COMP-000372,LG-000372,29377062673.62,24970503272.58,10487611374.48,14482891898.1,3931,1651,2280,61,In Progress,13
COMP-000373,LG-000373,17914646900.37,16123182210.33,8867750215.68,7255431994.65,2806,1543,1263,133,Partially Completed,12
COMP-000374,LG-000374,27068673941.01,27068673941.01,26921485441.21,147188499.8,2867,2851,16,60,Partially Completed,0
COMP-000375,LG-000375,22788117894.54,20509306105.09,11280118357.8,9229187747.29,2771,1524,1247,174,Partially Completed,8
COMP-000376,LG-000376,15671819013.38,15671819013.38,13634738736.99,2037080276.39,1297,1128,169,39,Partially Completed,0
COMP-000377,LG-000377,2029727993.33,1826755194.0,1004715356.7,822039837.3,1233,678,555,72,Partially Completed,6
COMP-000378,LG-000378,26583808245.72,23925427421.15,13158985081.63,10766442339.52,406,223,183,127,Partially Completed,10
COMP-000379,LG-000379,12884025323.26,12884025323.26,12475609101.22,408416222.04,2036,1971,65,51,Partially Completed,2
COMP-000380,LG-000380,28620600373.73,28620600373.73,28222822725.49,397777648.24,1771,1746,25,54,Partially Completed,1
COMP-000381,LG-000381,39918615087.51,39918615087.51,34599511721.46,5319103366.05,1381,1196,185,28,Partially Completed,1
COMP-000382,LG-000382,39223053105.97,39223053105.97,34414849891.43,4808203214.54,3049,2675,374,28,Partially Completed,0
COMP-000383,LG-000383,13218159937.33,13218159937.33,11347915632.93,1870244304.4,3497,3002,495,54,Partially Completed,2
COMP-000384,LG-000384,24292651069.95,21863385962.96,12024862279.63,9838523683.33,2048,1126,922,96,Partially Completed,7
COMP-000385,LG-000385,10023223147.24,9020900832.52,4961495457.89,4059405374.63,2566,1411,1155,157,Partially Completed,12
COMP-000386,LG-000386,6532523077.32,6532523077.32,5974746947.19,557776130.13,3312,3029,283,22,Partially Completed,1
COMP-000387,LG-000387,35117673836.21,35117673836.21,31232170194.81,3885503641.4,1427,1269,158,20,Partially Completed,3
COMP-000388,LG-000388,38614324391.27,38614324391.27,33622613461.14,4991710930.13,1202,1046,156,45,Partially Completed,1
COMP-000389,LG-000389,2038935241.01,2038935241.01,1972536739.9,66398501.11,2635,2549,86,54,Partially Completed,2
COMP-000390,LG-000390,26290363157.3,23661326841.57,13013729762.86,10647597078.71,4206,2313,1893,98,Partially Completed,8
COMP-000391,LG-000391,22382571313.59,22382571313.59,21215811532.14,1166759781.45,2073,1964,109,19,Partially Completed,2
COMP-000392,LG-000392,28281536514.95,24039306037.71,10096508535.84,13942797501.87,3495,1467,2028,123,In Progress,13
COMP-000393,LG-000393,38448966541.08,38448966541.08,36056222459.69,2392744081.39,824,772,52,19,Partially Completed,3
COMP-000394,LG-000394,9967989737.68,9967989737.68,9274999760.99,692989976.69,209,194,15,22,Partially Completed,0
COMP-000395,LG-000395,15974652507.81,13578454631.64,5702950945.29,7875503686.35,910,382,528,159,In Progress,21
COMP-000396,LG-000396,16410798339.36,14769718505.42,8123345177.98,6646373327.44,2189,1203,986,125,Partially Completed,12
COMP-000397,LG-000397,18120454174.27,18120454174.27,17898237406.82,222216767.45,1252,1236,16,53,Partially Completed,0
COMP-000398,LG-000398,17996958694.14,17996958694.14,16273375514.91,1723583179.23,269,243,26,50,Partially Completed,3
COMP-000399,LG-000399,652073249.02,652073249.02,619048547.47,33024701.55,4921,4671,250,52,Partially Completed,0
COMP-000400,LG-000400,29010626220.66,29010626220.66,26633305144.24,2377321076.42,3077,2824,253,19,Partially Completed,1
COMP-000401,LG-000401,21647946894.36,18400754860.21,7728317041.29,10672437818.92,3215,1350,1865,155,In Progress,12
COMP-000402,LG-000402,4967483275.21,4470734947.69,2458904221.23,2011830726.46,1099,604,495,164,Partially Completed,7
COMP-000403,LG-000403,8532493842.51,8532493842.51,8322676114.72,209817727.79,1060,1033,27,60,Partially Completed,3
COMP-000404,LG-000404,28109122928.54,25298210635.69,13914015849.63,11384194786.06,1271,699,572,71,Partially Completed,5
COMP-000405,LG-000405,22973177138.43,20675859424.59,11371722683.52,9304136741.07,2064,1135,929,119,Partially Completed,8
COMP-000406,LG-000406,29200649788.89,29200649788.89,26068532169.57,3132117619.32,1239,1106,133,18,Partially Completed,1
COMP-000407,LG-000407,11254797785.43,11254797785.43,10131283430.01,1123514355.42,1775,1597,178,59,Partially Completed,3
COMP-000408,LG-000408,6647637318.02,6647637318.02,6160227312.56,487410005.46,1553,1439,114,20,Partially Completed,2
COMP-000409,LG-000409,20027557860.06,20027557860.06,18735075364.5,1292482495.56,4554,4260,294,24,Partially Completed,2
COMP-000410,LG-000410,1689252504.5,1689252504.5,1444604689.21,244647815.29,4333,3705,628,17,Partially Completed,2
COMP-000411,LG-000411,396551014.65,396551014.65,380610700.35,15940314.3,1408,1351,57,28,Partially Completed,0
COMP-000412,LG-000412,1571439198.97,1571439198.97,1553814758.65,17624440.32,1250,1235,15,58,Partially Completed,1
COMP-000413,LG-000413,21608040128.9,19447236116.01,10695979863.81,8751256252.2,4977,2737,2240,170,Partially Completed,8
COMP-000414,LG-000414,23702050208.19,23702050208.19,23142225890.82,559824317.37,842,822,20,20,Partially Completed,0
COMP-000415,LG-000415,16242481093.74,16242481093.74,15141741415.42,1100739678.32,4642,4327,315,48,Partially Completed,3
COMP-000416,LG-000416,22507394536.33,22507394536.33,20276093300.35,2231301235.98,1129,1017,112,40,Partially Completed,0
COMP-000417,LG-000417,11550762644.5,11550762644.5,10706476758.48,844285886.02,3205,2970,235,46,Partially Completed,2
COMP-000418,LG-000418,45702398666.75,45702398666.75,41022972582.28,4679426084.47,3798,3409,389,34,Partially Completed,3
COMP-000419,LG-000419,30760354108.35,30760354108.35,30337298799.78,423055308.57,4555,4492,63,39,Partially Completed,0
COMP-000420,LG-000420,8809865948.4,7928879353.56,4360883644.46,3567995709.1,81,44,37,130,Partially Completed,9
COMP-000421,LG-000421,7607406859.1,7607406859.1,6477545443.59,1129861415.51,3460,2946,514,55,Partially Completed,2
COMP-000422,LG-000422,14090525255.04,14090525255.04,13807682158.4,282843096.64,3018,2957,61,31,Partially Completed,2
COMP-000423,LG-000423,47828214944.23,47828214944.23,45263098463.41,2565116480.82,2966,2806,160,24,Partially Completed,3
COMP-000424,LG-000424,31385093250.05,31385093250.05,28821736805.85,2563356444.2,2294,2106,188,58,Partially Completed,3
COMP-000425,LG-000425,15726118022.42,15726118022.42,13973000177.16,1753117845.26,4784,4250,534,27,Partially Completed,2
COMP-000426,LG-000426,4850778787.11,4850778787.11,4197525020.35,653253766.76,4495,3889,606,52,Partially Completed,1
COMP-000427,LG-000427,25236269113.31,22712642201.98,12491953211.09,10220688990.89,597,328,269,73,Partially Completed,6
COMP-000428,LG-000428,14190341733.52,12061790473.49,5065951998.87,6995838474.62,1380,579,801,82,In Progress,15
COMP-000429,LG-000429,9874924822.03,8887432339.83,4888087786.91,3999344552.92,4945,2719,2226,114,Partially Completed,5
COMP-000430,LG-000430,2064316744.5,1754669232.83,736961077.79,1017708155.04,1522,639,883,162,In Progress,13
COMP-000431,LG-000431,12150128867.64,12150128867.64,12089221501.1,60907366.54,3418,3400,18,57,Partially Completed,1
COMP-000432,LG-000432,4817820140.96,4817820140.96,4297881247.03,519938893.93,4813,4293,520,41,Partially Completed,1
COMP-000433,LG-000433,38546274191.5,34691646772.35,19080405724.79,15611241047.56,4479,2463,2016,80,Partially Completed,6
COMP-000434,LG-000434,12161087780.79,12161087780.79,10409765505.18,1751322275.61,4843,4145,698,49,Partially Completed,1
COMP-000435,LG-000435,22336327376.57,22336327376.57,20511190767.27,1825136609.3,641,588,53,24,Partially Completed,3
COMP-000436,LG-000436,5519516385.48,5519516385.48,4964903785.51,554612599.97,2203,1981,222,25,Partially Completed,0
COMP-000437,LG-000437,18346549251.66,18346549251.66,16497540769.17,1849008482.49,215,193,22,45,Partially Completed,3
COMP-000438,LG-000438,17474743698.74,17474743698.74,15843250686.51,1631493012.23,549,497,52,46,Partially Completed,0
COMP-000439,LG-000439,30882001431.07,30882001431.07,28687646453.91,2194354977.16,3618,3360,258,33,Partially Completed,0
COMP-000440,LG-000440,30995561116.42,30995561116.42,29191781832.41,1803779284.01,3728,3511,217,45,Partially Completed,3
COMP-000441,LG-000441,198585381.63,198585381.63,195251966.29,3333415.34,4614,4536,78,29,Partially Completed,2
COMP-000442,LG-000442,40278962830.55,34237118405.97,14379589730.51,19857528675.46,1500,630,870,74,In Progress,12
COMP-000443,LG-000443,20125708489.27,17106852215.88,7184877930.67,9921974285.21,4725,1984,2741,165,In Progress,24
COMP-000444,LG-000444,16311207504.74,16311207504.74,15766057553.22,545149951.52,1426,1378,48,48,Partially Completed,2
COMP-000445,LG-000445,304397547.33,273957792.6,150676785.93,123281006.67,1225,673,552,89,Partially Completed,9
COMP-000446,LG-000446,43403875015.51,39063487513.96,21484918132.68,17578569381.28,689,378,311,177,Partially Completed,8
COMP-000447,LG-000447,33449515552.8,30104563997.52,16557510198.64,13547053798.88,2065,1135,930,180,Partially Completed,12
COMP-000448,LG-000448,30113739659.35,30113739659.35,28607689916.36,1506049742.99,1381,1311,70,24,Partially Completed,2
COMP-000449,LG-000449,10144626662.55,9130163996.3,5021590197.97,4108573798.33,4852,2668,2184,106,Partially Completed,11
COMP-000450,LG-000450,29831107927.3,26847997134.57,14766398424.01,12081598710.56,2921,1606,1315,168,Partially Completed,7
COMP-000451,LG-000451,28705462062.97,24399642753.52,10247849956.48,14151792797.04,1910,802,1108,107,In Progress,23
COMP-000452,LG-000452,29969362770.37,25473958354.81,10699062509.02,14774895845.79,1629,684,945,160,In Progress,22
COMP-000453,LG-000453,6662914064.27,6662914064.27,6504451690.1,158462374.17,2873,2804,69,50,Partially Completed,0
COMP-000454,LG-000454,33059345500.42,33059345500.42,30545878108.13,2513467392.29,3892,3596,296,53,Partially Completed,3
COMP-000455,LG-000455,15479620764.76,15479620764.76,14177458260.98,1302162503.78,1244,1139,105,26,Partially Completed,0
COMP-000456,LG-000456,24138347848.26,24138347848.26,23901814788.3,236533059.96,1843,1824,19,59,Partially Completed,0
COMP-000457,LG-000457,3711080857.05,3154418728.49,1324855865.97,1829562862.52,4275,1795,2480,137,In Progress,15
COMP-000458,LG-000458,13301456113.04,11306237696.08,4748619832.35,6557617863.73,3372,1416,1956,68,In Progress,17
COMP-000459,LG-000459,21892147170.58,19702932453.52,10836612849.44,8866319604.08,3661,2013,1648,76,Partially Completed,11
COMP-000460,LG-000460,4470348845.5,4470348845.5,3918368874.61,551979970.89,4772,4182,590,35,Partially Completed,0
COMP-000461,LG-000461,21162042481.8,21162042481.8,19559288375.39,1602754106.41,2898,2678,220,55,Partially Completed,3
COMP-000462,LG-000462,18439296302.3,18439296302.3,18330841631.5,108454670.8,1775,1764,11,22,Partially Completed,0
COMP-000463,LG-000463,29831061115.91,26847955004.32,14766375252.38,12081579751.94,690,379,311,88,Partially Completed,5
COMP-000464,LG-000464,19198894714.73,19198894714.73,17779544336.37,1419350378.36,3536,3274,262,57,Partially Completed,0
COMP-000465,LG-000465,31806156192.68,27035232763.78,11354797760.79,15680435002.99,1298,545,753,78,In Progress,15
COMP-000466,LG-000466,1313797809.97,1313797809.97,1261149505.08,52648304.89,261,250,11,15,Partially Completed,3
COMP-000467,LG-000467,1474873529.44,1474873529.44,1386808526.68,88065002.76,97,91,6,29,Partially Completed,2
COMP-000468,LG-000468,34444867904.87,29278137719.14,12296817842.04,16981319877.1,615,258,357,146,In Progress,13
COMP-000469,LG-000469,29562436372.0,26606192734.8,14633406004.14,11972786730.66,315,173,142,179,Partially Completed,11
COMP-000470,LG-000470,44434663570.9,44434663570.9,43973568557.84,461095013.06,1964,1943,21,57,Partially Completed,2
COMP-000471,LG-000471,29309845253.86,29309845253.86,26885336706.25,2424508547.61,3112,2854,258,54,Partially Completed,2
COMP-000472,LG-000472,35444540379.11,35444540379.11,34030229322.56,1414311056.55,2896,2780,116,39,Partially Completed,1
COMP-000473,LG-000473,24861888451.66,24861888451.66,24778603375.16,83285076.5,4986,4969,17,49,Partially Completed,0
COMP-000474,LG-000474,44195945226.57,44195945226.57,43637689270.27,558255956.3,3140,3100,40,44,Partially Completed,3
COMP-000475,LG-000475,9317558905.69,9317558905.69,8000644762.78,1316914142.91,4733,4064,669,55,Partially Completed,2
COMP-000476,LG-000476,12737319441.0,12737319441.0,11427434409.91,1309885031.09,3940,3534,406,59,Partially Completed,0
COMP-000477,LG-000477,2944312348.48,2649881113.63,1457434612.5,1192446501.13,2661,1463,1198,129,Partially Completed,8
COMP-000478,LG-000478,7809647954.16,7809647954.16,7161503303.43,648144650.73,3835,3516,319,19,Partially Completed,3
COMP-000479,LG-000479,15833681531.65,14250313378.49,7837672358.17,6412641020.32,4106,2258,1848,62,Partially Completed,5
COMP-000480,LG-000480,11528272396.92,9799031537.38,4115593245.7,5683438291.68,3018,1267,1751,88,In Progress,24
COMP-000481,LG-000481,39747158126.72,35772442314.05,19674843272.73,16097599041.32,3305,1817,1488,92,Partially Completed,12
COMP-000482,LG-000482,17474394161.23,15726954745.11,8649825109.81,7077129635.3,1625,893,732,110,Partially Completed,5
COMP-000483,LG-000483,41708030155.96,35451825632.57,14889766765.68,20562058866.89,423,177,246,172,In Progress,21
COMP-000484,LG-000484,35527054258.61,31974348832.75,17585891858.01,14388456974.74,3012,1656,1356,91,Partially Completed,8
COMP-000485,LG-000485,36685286600.75,36685286600.75,33915370383.42,2769916217.33,2368,2189,179,40,Partially Completed,3
COMP-000486,LG-000486,32049835052.29,27242359794.45,11441791113.67,15800568680.78,1501,630,871,107,In Progress,19
COMP-000487,LG-000487,32203532960.6,28983179664.54,15940748815.5,13042430849.04,4419,2430,1989,156,Partially Completed,11
COMP-000488,LG-000488,21539972110.61,21539972110.61,18432486628.94,3107485481.67,4303,3682,621,18,Partially Completed,2
COMP-000489,LG-000489,13561364013.08,13561364013.08,11535610977.76,2025753035.32,2062,1753,309,57,Partially Completed,2
COMP-000490,LG-000490,27950917832.86,27950917832.86,24245001633.64,3705916199.22,108,93,15,17,Partially Completed,3
COMP-000491,LG-000491,29878368484.37,26890531635.93,14789792399.76,12100739236.17,4550,2502,2048,118,Partially Completed,12
COMP-000492,LG-000492,6669061113.42,6669061113.42,5807576735.24,861484378.18,1411,1228,183,32,Partially Completed,0
COMP-000493,LG-000493,40041459384.93,40041459384.93,35170844611.87,4870614773.06,2709,2379,330,17,Partially Completed,1
COMP-000494,LG-000494,3482194832.54,3482194832.54,3367132448.6,115062383.94,1255,1213,42,50,Partially Completed,1
COMP-000495,LG-000495,26617992349.68,26617992349.68,25295707107.02,1322285242.66,4602,4373,229,39,Partially Completed,2
COMP-000496,LG-000496,23635995245.59,21272395721.03,11699817646.57,9572578074.46,4099,2254,1845,153,Partially Completed,5
COMP-000497,LG-000497,11669997367.47,11669997367.47,11237653666.48,432343700.99,3046,2933,113,37,Partially Completed,0
COMP-000498,LG-000498,9416894005.35,9416894005.35,8595294085.03,821599920.32,3961,3615,346,35,Partially Completed,3
COMP-000499,LG-000499,35879438141.34,35879438141.34,30816145451.76,5063292689.58,3448,2961,487,47,Partially Completed,1
COMP-000500,LG-000500,19906999225.38,17916299302.84,9853964616.56,8062334686.28,1351,743,608,126,Partially Completed,7
COMP-000501,LG-000501,31217695676.65,31217695676.65,29739003239.04,1478692437.61,2476,2358,118,29,Partially Completed,1
COMP-000502,LG-000502,40884115312.81,34751498015.89,14595629166.67,20155868849.22,2644,1110,1534,89,In Progress,24
COMP-000503,LG-000503,10584429853.86,10584429853.86,9112690521.46,1471739332.4,2038,1754,284,40,Partially Completed,0
COMP-000504,LG-000504,21862856803.5,19676571123.15,10822114117.73,8854457005.42,1103,606,497,122,Partially Completed,5
COMP-000505,LG-000505,25490831703.86,21667206948.28,9100226918.28,12566980030.0,4475,1879,2596,77,In Progress,17
COMP-000506,LG-000506,20896361335.02,17761907134.77,7460000996.6,10301906138.17,4868,2044,2824,63,In Progress,23
COMP-000507,LG-000507,25236258830.13,21450820005.61,9009344402.36,12441475603.25,4156,1745,2411,139,In Progress,22
COMP-000508,LG-000508,23851692330.33,23851692330.33,22394117149.69,1457575180.64,3885,3647,238,18,Partially Completed,1
COMP-000509,LG-000509,27315408075.21,27315408075.21,24258669527.1,3056738548.11,3064,2721,343,60,Partially Completed,0
COMP-000510,LG-000510,13466133126.36,13466133126.36,11784088833.4,1682044292.96,1352,1183,169,56,Partially Completed,1
COMP-000511,LG-000511,21847075048.93,19662367544.04,10814302149.22,8848065394.82,3308,1819,1489,161,Partially Completed,10
COMP-000512,LG-000512,33440293865.41,33440293865.41,30562716687.9,2877577177.51,3677,3360,317,35,Partially Completed,1
COMP-000513,LG-000513,37429511405.4,37429511405.4,36688398402.94,741113002.46,2732,2677,55,37,Partially Completed,1
COMP-000514,LG-000514,38750714168.25,38750714168.25,35982164356.73,2768549811.52,1668,1548,120,53,Partially Completed,0
COMP-000515,LG-000515,20820135160.91,20820135160.91,18799033921.07,2021101239.84,970,875,95,38,Partially Completed,3
COMP-000516,LG-000516,27141582301.12,23070344955.95,9689544881.5,13380800074.45,526,220,306,110,In Progress,16
COMP-000517,LG-000517,25915756948.46,22028393406.19,9251925230.6,12776468175.59,4901,2058,2843,122,In Progress,19
COMP-000518,LG-000518,32068422235.18,32068422235.18,31445270712.73,623151522.45,1990,1951,39,31,Partially Completed,2
COMP-000519,LG-000519,20881563095.15,20881563095.15,18141757002.75,2739806092.4,1887,1639,248,39,Partially Completed,3
COMP-000520,LG-000520,42522566396.39,38270309756.75,21048670366.21,17221639390.54,4007,2203,1804,79,Partially Completed,5
COMP-000521,LG-000521,23056936673.82,20751243006.44,11413183653.54,9338059352.9,2933,1613,1320,125,Partially Completed,7
COMP-000522,LG-000522,21950310747.88,21950310747.88,21286748700.87,663562047.01,4659,4518,141,39,Partially Completed,3
COMP-000523,LG-000523,26578242407.36,26578242407.36,25823621380.96,754621026.4,4969,4827,142,41,Partially Completed,1
COMP-000524,LG-000524,16334780654.34,14701302588.91,8085716423.9,6615586165.01,4192,2305,1887,107,Partially Completed,6
COMP-000525,LG-000525,17126161569.83,15413545412.85,8477449977.07,6936095435.78,2203,1211,992,117,Partially Completed,11
COMP-000526,LG-000526,21003921400.13,18903529260.12,10396941093.07,8506588167.05,1570,863,707,111,Partially Completed,10
COMP-000527,LG-000527,24575517559.98,24575517559.98,24308520413.39,266997146.59,3559,3520,39,39,Partially Completed,2
COMP-000528,LG-000528,44638999473.29,44638999473.29,41362291478.7,3276707994.59,3998,3704,294,32,Partially Completed,1
COMP-000529,LG-000529,8199385168.79,8199385168.79,8121026419.82,78358748.97,4427,4384,43,42,Partially Completed,2
COMP-000530,LG-000530,24746145813.96,24746145813.96,21060459506.5,3685686307.46,2083,1772,311,25,Partially Completed,3
COMP-000531,LG-000531,12024260234.07,10220621198.96,4292660903.56,5927960295.4,3618,1519,2099,166,In Progress,22
COMP-000532,LG-000532,2212646981.27,1880749934.08,789914972.31,1090834961.77,3822,1605,2217,113,In Progress,17
COMP-000533,LG-000533,25783847919.31,23205463127.38,12763004720.06,10442458407.32,2321,1276,1045,87,Partially Completed,8
COMP-000534,LG-000534,17153450645.37,15438105580.83,8490958069.46,6947147511.37,2247,1235,1012,179,Partially Completed,6
COMP-000535,LG-000535,30702985672.18,30702985672.18,27995603909.48,2707381762.7,4249,3874,375,48,Partially Completed,3
COMP-000536,LG-000536,22745954359.52,22745954359.52,21353816506.17,1392137853.35,124,116,8,36,Partially Completed,1
COMP-000537,LG-000537,1828637343.96,1828637343.96,1705254285.44,123383058.52,1967,1834,133,15,Partially Completed,0
COMP-000538,LG-000538,7481263231.21,6359073746.53,2670810973.54,3688262772.99,71,29,42,160,In Progress,23
COMP-000539,LG-000539,34027569500.37,34027569500.37,33550823406.97,476746093.4,1542,1520,22,27,Partially Completed,1
COMP-000540,LG-000540,114296404.84,97151944.11,40803816.53,56348127.58,2328,977,1351,68,In Progress,16
COMP-000541,LG-000541,32723425463.91,32723425463.91,32325565926.36,397859537.55,2945,2909,36,42,Partially Completed,0
COMP-000542,LG-000542,26140911434.76,22219774719.55,9332305382.21,12887469337.34,3792,1592,2200,99,In Progress,17
COMP-000543,LG-000543,12162605730.79,10946345157.71,6020489836.74,4925855320.97,2533,1393,1140,112,Partially Completed,12
COMP-000544,LG-000544,18622099119.97,16759889207.97,9217939064.38,7541950143.59,3187,1752,1435,119,Partially Completed,5
COMP-000545,LG-000545,34312452054.52,29165584246.34,12249545383.46,16916038862.88,2638,1107,1531,98,In Progress,24
COMP-000546,LG-000546,8810385750.3,7929347175.27,4361140946.4,3568206228.87,497,273,224,71,Partially Completed,9
COMP-000547,LG-000547,34903766747.45,29668201735.33,12460644728.84,17207557006.49,2123,891,1232,108,In Progress,24
COMP-000548,LG-000548,22552711753.09,19169804990.13,8051318095.85,11118486894.28,3026,1270,1756,144,In Progress,18
COMP-000549,LG-000549,624522949.92,624522949.92,540825113.8,83697836.12,3347,2898,449,44,Partially Completed,0
COMP-000550,LG-000550,18658100192.81,18658100192.81,15912731746.49,2745368446.32,2230,1901,329,42,Partially Completed,0
COMP-000551,LG-000551,11983410200.36,10785069180.32,5931788049.18,4853281131.14,38,20,18,144,Partially Completed,7
COMP-000552,LG-000552,25556358221.05,23000722398.94,12650397319.42,10350325079.52,1892,1040,852,109,Partially Completed,10
COMP-000553,LG-000553,4729430980.86,4256487882.77,2341068335.52,1915419547.25,128,70,58,122,Partially Completed,9
COMP-000554,LG-000554,18253854037.08,16428468633.37,9035657748.35,7392810885.02,3679,2023,1656,119,Partially Completed,10
COMP-000555,LG-000555,6605818808.23,5945236927.41,3269880310.08,2675356617.33,2330,1281,1049,118,Partially Completed,7
COMP-000556,LG-000556,13625152678.57,13625152678.57,13296658718.44,328493960.13,1520,1483,37,45,Partially Completed,0
COMP-000557,LG-000557,17056539365.24,17056539365.24,15267641284.93,1788898080.31,2895,2591,304,24,Partially Completed,2
COMP-000558,LG-000558,38151937784.25,32429147116.61,13620241788.98,18808905327.63,2491,1046,1445,105,In Progress,17
COMP-000559,LG-000559,34772799381.81,34772799381.81,32320639587.61,2452159794.2,1042,968,74,60,Partially Completed,3
COMP-000560,LG-000560,19494636942.75,19494636942.75,19368729009.41,125907933.34,2117,2103,14,32,Partially Completed,2
COMP-000561,LG-000561,16993272431.57,15293945188.41,8411669853.63,6882275334.78,1456,800,656,61,Partially Completed,9
COMP-000562,LG-000562,8794906142.42,8794906142.42,8496666089.53,298240052.89,1015,980,35,32,Partially Completed,3
COMP-000563,LG-000563,45771680232.31,38905928197.46,16340489842.93,22565438354.53,2633,1105,1528,73,In Progress,16
COMP-000564,LG-000564,27667968073.43,27667968073.43,25502029927.03,2165938146.4,1326,1222,104,15,Partially Completed,1
COMP-000565,LG-000565,16321690144.79,16321690144.79,14355214297.03,1966475847.76,3920,3447,473,51,Partially Completed,0
COMP-000566,LG-000566,43434998943.69,43434998943.69,41075133513.59,2359865430.1,1538,1454,84,41,Partially Completed,3
COMP-000567,LG-000567,313558478.97,313558478.97,300413329.56,13145149.41,3568,3418,150,59,Partially Completed,0
COMP-000568,LG-000568,17005745797.27,15305171217.54,8417844169.65,6887327047.89,2863,1574,1289,175,Partially Completed,10
COMP-000569,LG-000569,25663965743.26,21814370881.77,9162035770.34,12652335111.43,1200,504,696,118,In Progress,16
COMP-000570,LG-000570,7966116187.02,6771198758.97,2843903478.77,3927295280.2,4340,1822,2518,65,In Progress,17
COMP-000571,LG-000571,5341910540.37,5341910540.37,4877787481.87,464123058.5,4650,4245,405,40,Partially Completed,0
COMP-000572,LG-000572,892849015.4,892849015.4,815292570.98,77556444.42,1380,1260,120,23,Partially Completed,2
COMP-000573,LG-000573,15483526781.76,15483526781.76,13558583578.12,1924943203.64,974,852,122,19,Partially Completed,0
COMP-000574,LG-000574,32454885603.66,32454885603.66,28307605639.0,4147279964.66,4499,3924,575,26,Partially Completed,2
COMP-000575,LG-000575,5243353900.54,5243353900.54,4655927485.21,587426415.33,1285,1141,144,15,Partially Completed,3
COMP-000576,LG-000576,27846922586.18,25062230327.56,13784226680.16,11278003647.4,3920,2156,1764,85,Partially Completed,8
COMP-000577,LG-000577,30588614336.11,30588614336.11,26194878110.42,4393736225.69,1368,1171,197,37,Partially Completed,2
COMP-000578,LG-000578,32314172703.57,32314172703.57,31584283245.3,729889458.27,4345,4246,99,59,Partially Completed,1
COMP-000579,LG-000579,40121599912.21,40121599912.21,39060485850.69,1061114061.52,963,937,26,54,Partially Completed,3
COMP-000580,LG-000580,1212557512.77,1030673885.85,432883032.06,597790853.79,3154,1324,1830,162,In Progress,24
COMP-000581,LG-000581,18745963458.33,15934068939.58,6692308954.62,9241759984.96,2649,1112,1537,114,In Progress,21
COMP-000582,LG-000582,38260984482.79,38260984482.79,36456192489.23,1804791993.56,4434,4224,210,21,Partially Completed,0
COMP-000583,LG-000583,18623570363.08,18623570363.08,16342222689.59,2281347673.49,3977,3489,488,32,Partially Completed,0
COMP-000584,LG-000584,14660428599.89,14660428599.89,12968035545.45,1692393054.44,3674,3249,425,39,Partially Completed,0
COMP-000585,LG-000585,18406372433.87,15645416568.79,6571074958.89,9074341609.9,4176,1753,2423,136,In Progress,23
COMP-000586,LG-000586,3241845952.86,3241845952.86,3045687970.28,196157982.58,3248,3051,197,46,Partially Completed,1
COMP-000587,LG-000587,18117452511.24,16305707260.12,8968138993.07,7337568267.05,1897,1043,854,105,Partially Completed,12
COMP-000588,LG-000588,19265358950.1,19265358950.1,19146806756.28,118552193.82,4047,4022,25,40,Partially Completed,2
COMP-000589,LG-000589,9516533539.63,8564880185.67,4710684102.12,3854196083.55,4633,2548,2085,143,Partially Completed,8
COMP-000590,LG-000590,39484496301.39,39484496301.39,35003769664.11,4480726637.28,3784,3354,430,15,Partially Completed,2
COMP-000591,LG-000591,29587731747.48,25149571985.36,10562820233.85,14586751751.51,1377,578,799,65,In Progress,18
COMP-000592,LG-000592,43495852836.43,43495852836.43,37418115578.98,6077737257.45,2203,1895,308,55,Partially Completed,2
COMP-000593,LG-000593,2062440181.14,2062440181.14,1912220955.82,150219225.32,3473,3220,253,24,Partially Completed,1
COMP-000594,LG-000594,35616397957.44,35616397957.44,32697361694.97,2919036262.47,3417,3136,281,58,Partially Completed,1
COMP-000595,LG-000595,27768598849.03,24991738964.13,13745456430.27,11246282533.86,685,376,309,63,Partially Completed,9
COMP-000596,LG-000596,37410428860.26,37410428860.26,33119739678.74,4290689181.52,4263,3774,489,49,Partially Completed,1
COMP-000597,LG-000597,16329529598.92,16329529598.92,15243793697.65,1085735901.27,3227,3012,215,22,Partially Completed,2
COMP-000598,LG-000598,40859704058.49,36773733652.64,20225553508.95,16548180143.69,4158,2286,1872,100,Partially Completed,7
COMP-000599,LG-000599,1094306491.57,1094306491.57,1001250279.83,93056211.74,942,861,81,33,Partially Completed,2
COMP-000600,LG-000600,2549421280.27,2294479152.24,1261963533.73,1032515618.51,1912,1051,861,143,Partially Completed,8
COMP-000601,LG-000601,30962391257.78,30962391257.78,29420468448.48,1541922809.3,1737,1650,87,19,Partially Completed,1
COMP-000602,LG-000602,25172321185.26,25172321185.26,23369455439.42,1802865745.84,293,272,21,34,Partially Completed,1
COMP-000603,LG-000603,19652357318.32,19652357318.32,17159925001.96,2492432316.36,3405,2973,432,57,Partially Completed,3
COMP-000604,LG-000604,31403325579.5,28262993021.55,15544646161.85,12718346859.7,4453,2449,2004,73,Partially Completed,12
COMP-000605,LG-000605,4901965347.11,4166670545.04,1750001628.92,2416668916.12,4615,1938,2677,159,In Progress,16
COMP-000606,LG-000606,12079850931.9,12079850931.9,10790148779.05,1289702152.85,4871,4350,521,16,Partially Completed,1
COMP-000607,LG-000607,27614076935.81,23471965395.44,9858225466.08,13613739929.36,2303,967,1336,140,In Progress,20
COMP-000608,LG-000608,15991417011.02,13592704459.37,5708935872.94,7883768586.43,1930,810,1120,90,In Progress,21
COMP-000609,LG-000609,23393950409.15,21054555368.24,11580005452.53,9474549915.71,338,185,153,174,Partially Completed,9
COMP-000610,LG-000610,25413039075.97,22871735168.37,12579454342.6,10292280825.77,4579,2518,2061,61,Partially Completed,9
COMP-000611,LG-000611,26056774419.2,26056774419.2,22564433529.99,3492340889.21,3640,3152,488,48,Partially Completed,0
COMP-000612,LG-000612,1754436069.98,1754436069.98,1605513813.13,148922256.85,2394,2190,204,57,Partially Completed,2
COMP-000613,LG-000613,10466964375.77,9420267938.19,5181147366.0,4239120572.19,3319,1825,1494,106,Partially Completed,7
COMP-000614,LG-000614,21269958448.74,19142962603.87,10528629432.13,8614333171.74,1203,661,542,158,Partially Completed,11
COMP-000615,LG-000615,8178130777.11,8178130777.11,7910482825.11,267647952.0,4566,4416,150,49,Partially Completed,1
COMP-000616,LG-000616,12296841640.54,11067157476.49,6086936612.07,4980220864.42,4394,2416,1978,96,Partially Completed,5
COMP-000617,LG-000617,44042974267.16,39638676840.44,21801272262.24,17837404578.2,891,490,401,100,Partially Completed,9
COMP-000618,LG-000618,17007845857.87,14456668979.19,6071800971.26,8384868007.93,804,337,467,93,In Progress,25
COMP-000619,LG-000619,16718822775.88,15046940498.29,8275817274.06,6771123224.23,3162,1739,1423,97,Partially Completed,7
COMP-000620,LG-000620,33354048868.93,28350941538.59,11907395446.21,16443546092.38,4009,1683,2326,124,In Progress,24
COMP-000621,LG-000621,468948379.65,468948379.65,400263698.41,68684681.24,161,137,24,41,Partially Completed,0
COMP-000622,LG-000622,29294444169.13,24900277543.76,10458116568.38,14442160975.38,4692,1970,2722,118,In Progress,22
COMP-000623,LG-000623,39690627007.84,39690627007.84,38059822610.75,1630804397.09,4950,4746,204,29,Partially Completed,1
COMP-000624,LG-000624,34995924010.73,31496331609.66,17322982385.31,14173349224.35,4071,2239,1832,149,Partially Completed,6
COMP-000625,LG-000625,40699780421.7,40699780421.7,37267473969.88,3432306451.82,3719,3405,314,58,Partially Completed,0
COMP-000626,LG-000626,6701402970.96,5696192525.32,2392400860.63,3303791664.69,725,304,421,63,In Progress,25
COMP-000627,LG-000627,16824100242.59,15141690218.33,8327929620.08,6813760598.25,1104,607,497,167,Partially Completed,9
COMP-000628,LG-000628,23436798814.09,21093118932.68,11601215412.97,9491903519.71,285,156,129,100,Partially Completed,10
COMP-000629,LG-000629,20163526208.21,17138997276.98,7198378856.33,9940618420.65,4768,2002,2766,173,In Progress,25
COMP-000630,LG-000630,4101214083.74,3691092675.37,2030100971.45,1660991703.92,866,476,390,179,Partially Completed,11
COMP-000631,LG-000631,39499054357.66,39499054357.66,37254294746.24,2244759611.42,4546,4287,259,21,Partially Completed,0
COMP-000632,LG-000632,22869077470.93,22869077470.93,20508991430.68,2360086040.25,4526,4058,468,34,Partially Completed,2
COMP-000633,LG-000633,43768642892.53,39391778603.28,21665478231.8,17726300371.48,2326,1279,1047,152,Partially Completed,8
COMP-000634,LG-000634,37769534377.18,37769534377.18,36795296261.99,974238115.19,2374,2312,62,51,Partially Completed,1
COMP-000635,LG-000635,17116596507.97,15404936857.17,8472715271.44,6932221585.73,4818,2649,2169,69,Partially Completed,12
COMP-000636,LG-000636,5526907843.23,5526907843.23,4712170994.04,814736849.19,3149,2684,465,40,Partially Completed,0
COMP-000637,LG-000637,31158792449.21,31158792449.21,27970624581.09,3188167868.12,3935,3532,403,38,Partially Completed,2
COMP-000638,LG-000638,17094939934.49,17094939934.49,15692740610.1,1402199324.39,1258,1154,104,46,Partially Completed,0
COMP-000639,LG-000639,28481992889.16,28481992889.16,26700421252.11,1781571637.05,661,619,42,28,Partially Completed,2
COMP-000640,LG-000640,36721419621.19,36721419621.19,32928858631.5,3792560989.69,2010,1802,208,30,Partially Completed,3
COMP-000641,LG-000641,32030058194.99,28827052375.49,15854878806.52,12972173568.97,4326,2379,1947,122,Partially Completed,6
COMP-000642,LG-000642,23509147564.29,23509147564.29,21987888104.43,1521259459.86,3951,3695,256,31,Partially Completed,1
COMP-000643,LG-000643,19610584036.82,17649525633.14,9707239098.23,7942286534.91,2188,1203,985,128,Partially Completed,10
COMP-000644,LG-000644,44176586529.69,44176586529.69,42583692214.18,1592894315.51,1796,1731,65,42,Partially Completed,1
COMP-000645,LG-000645,20286366976.39,17243411929.93,7242233010.57,10001178919.36,2183,916,1267,109,In Progress,15
COMP-000646,LG-000646,28014391036.58,25212951932.92,13867123563.11,11345828369.81,3181,1749,1432,64,Partially Completed,9
COMP-000647,LG-000647,24411324194.05,24411324194.05,22276401648.88,2134922545.17,4863,4437,426,56,Partially Completed,1
COMP-000648,LG-000648,32248548766.0,32248548766.0,29736936804.89,2511611961.11,2709,2498,211,25,Partially Completed,2
COMP-000649,LG-000649,22590536640.07,19201956144.06,8064821580.51,11137134563.55,2360,991,1369,79,In Progress,25
COMP-000650,LG-000650,10769413908.45,9154001822.18,3844680765.32,5309321056.86,954,400,554,179,In Progress,15
COMP-000651,LG-000651,29814066700.35,26832660030.31,14757963016.67,12074697013.64,206,113,93,98,Partially Completed,9
COMP-000652,LG-000652,33563062380.32,33563062380.32,32594220730.64,968841649.68,1868,1814,54,30,Partially Completed,3
COMP-000653,LG-000653,34764159302.48,31287743372.23,17208258854.73,14079484517.5,793,436,357,123,Partially Completed,11
COMP-000654,LG-000654,5389435592.9,4581020253.96,1924028506.66,2656991747.3,487,204,283,108,In Progress,20
COMP-000655,LG-000655,13079464244.78,13079464244.78,12676419950.94,403044293.84,3853,3734,119,47,Partially Completed,0
COMP-000656,LG-000656,16477655636.74,16477655636.74,14029235180.44,2448420456.3,3697,3147,550,36,Partially Completed,1
COMP-000657,LG-000657,36041090048.64,36041090048.64,32788348323.03,3252741725.61,2958,2691,267,37,Partially Completed,0
COMP-000658,LG-000658,22867447982.73,22867447982.73,20821722695.02,2045725287.71,3130,2849,281,36,Partially Completed,0
COMP-000659,LG-000659,5950041201.65,5950041201.65,5063886475.16,886154726.49,2031,1728,303,51,Partially Completed,0
COMP-000660,LG-000660,6891288127.42,6202159314.68,3411187623.07,2790971691.61,583,320,263,102,Partially Completed,6
COMP-000661,LG-000661,25134302693.42,25134302693.42,22979262188.86,2155040504.56,3879,3546,333,54,Partially Completed,2
COMP-000662,LG-000662,26833877945.89,22808796254.01,9579694426.68,13229101827.33,164,68,96,88,In Progress,15
COMP-000663,LG-000663,26106150725.85,22190228116.97,9319895809.13,12870332307.84,1999,839,1160,150,In Progress,14
COMP-000664,LG-000664,10620882181.74,10620882181.74,10573555020.51,47327161.23,606,603,3,29,Partially Completed,1
COMP-000665,LG-000665,25717823401.66,25717823401.66,22420250394.81,3297573006.85,4861,4237,624,57,Partially Completed,2
COMP-000666,LG-000666,23403479444.8,19892957528.08,8355042161.79,11537915366.29,1258,528,730,84,In Progress,19
COMP-000667,LG-000667,21033906794.82,21033906794.82,20232578647.2,801328147.62,3912,3762,150,37,Partially Completed,2
COMP-000668,LG-000668,14192031007.28,14192031007.28,12928937814.29,1263093192.99,169,153,16,28,Partially Completed,3
COMP-000669,LG-000669,38737737839.83,38737737839.83,34986019240.79,3751718599.04,2304,2080,224,28,Partially Completed,0
COMP-000670,LG-000670,27821963998.24,27821963998.24,26854209660.45,967754337.79,141,136,5,59,Partially Completed,3
COMP-000671,LG-000671,14401582079.02,14401582079.02,12388677218.84,2012904860.18,2543,2187,356,16,Partially Completed,2
COMP-000672,LG-000672,18576378551.77,16718740696.59,9195307383.12,7523433313.47,3501,1925,1576,95,Partially Completed,5
COMP-000673,LG-000673,19903108549.76,17912797694.78,9852038732.13,8060758962.65,668,367,301,69,Partially Completed,10
COMP-000674,LG-000674,44007635338.79,44007635338.79,39237829246.87,4769806091.92,1805,1609,196,21,Partially Completed,3
COMP-000675,LG-000675,36771412406.42,36771412406.42,32811090716.38,3960321690.04,3224,2876,348,51,Partially Completed,1
COMP-000676,LG-000676,11591831805.06,11591831805.06,10124721925.4,1467109879.66,3140,2742,398,17,Partially Completed,1
COMP-000677,LG-000677,19949038871.73,19949038871.73,19020357598.43,928681273.3,624,594,30,37,Partially Completed,1
COMP-000678,LG-000678,22855599239.06,22855599239.06,22397943451.67,457655787.39,4470,4380,90,27,Partially Completed,3
COMP-000679,LG-000679,29979204138.28,29979204138.28,28239156575.91,1740047562.37,1400,1318,82,18,Partially Completed,0
COMP-000680,LG-000680,36108688351.24,36108688351.24,31355020661.25,4753667689.99,2584,2243,341,49,Partially Completed,3
COMP-000681,LG-000681,32878404277.4,29590563849.66,16274810117.31,13315753732.35,4620,2541,2079,94,Partially Completed,10
COMP-000682,LG-000682,1325401625.29,1325401625.29,1323000891.11,2400734.18,4946,4937,9,37,Partially Completed,0
COMP-000683,LG-000683,35340626939.2,31806564245.28,17493610334.9,14312953910.38,4795,2637,2158,122,Partially Completed,8
COMP-000684,LG-000684,18913319461.74,18913319461.74,17766900451.71,1146419010.03,2793,2623,170,25,Partially Completed,0
COMP-000685,LG-000685,10005142860.35,10005142860.35,9024301380.63,980841479.72,2339,2109,230,26,Partially Completed,2
COMP-000686,LG-000686,13999985326.36,12599986793.72,6929992736.55,5669994057.17,144,79,65,174,Partially Completed,7
COMP-000687,LG-000687,20498834703.13,20498834703.13,17424898877.7,3073935825.43,2193,1864,329,16,Partially Completed,0
COMP-000688,LG-000688,3503918717.8,3153526846.02,1734439765.31,1419087080.71,1928,1060,868,146,Partially Completed,8
COMP-000689,LG-000689,987218529.37,987218529.37,982931910.29,4286619.08,2915,2902,13,49,Partially Completed,3
COMP-000690,LG-000690,28948577168.92,28948577168.92,24881824255.27,4066752913.65,494,424,70,56,Partially Completed,2
COMP-000691,LG-000691,13849532723.51,13849532723.51,12906286984.18,943245739.33,2945,2744,201,33,Partially Completed,1
COMP-000692,LG-000692,11338954199.4,10205058779.46,5612782328.7,4592276450.76,307,168,139,99,Partially Completed,9
COMP-000693,LG-000693,17855261765.09,17855261765.09,16286386775.7,1568874989.39,1227,1119,108,31,Partially Completed,3
COMP-000694,LG-000694,12251362914.82,12251362914.82,12222815189.82,28547725.0,4305,4294,11,22,Partially Completed,1
COMP-000695,LG-000695,23886533831.71,23886533831.71,20843359386.93,3043174444.78,2411,2103,308,30,Partially Completed,0
COMP-000696,LG-000696,17744145499.63,17744145499.63,17085057934.34,659087565.29,109,104,5,24,Partially Completed,0
COMP-000697,LG-000697,15994306484.49,15994306484.49,14288742291.56,1705564192.93,3176,2837,339,40,Partially Completed,1
COMP-000698,LG-000698,25765797436.22,25765797436.22,24271095840.08,1494701596.14,4385,4130,255,30,Partially Completed,3
COMP-000699,LG-000699,32613267024.58,32613267024.58,27968813596.91,4644453427.67,1215,1041,174,18,Partially Completed,2
COMP-000700,LG-000700,35289444202.36,29996027572.01,12598331580.24,17397695991.77,2774,1165,1609,93,In Progress,16
COMP-000701,LG-000701,34022444886.66,34022444886.66,32456377207.28,1566067679.38,30,28,2,33,Partially Completed,2
COMP-000702,LG-000702,39677234673.49,39677234673.49,33786202136.64,5891032536.85,4101,3492,609,42,Partially Completed,0
COMP-000703,LG-000703,31718765681.14,28546889113.03,15700789012.17,12846100100.86,102,56,46,151,Partially Completed,6
COMP-000704,LG-000704,21323912545.49,21323912545.49,18896085170.61,2427827374.88,3224,2856,368,37,Partially Completed,1
COMP-000705,LG-000705,33915450497.09,30523905447.38,16788147996.06,13735757451.32,2835,1559,1276,172,Partially Completed,8
COMP-000706,LG-000706,25701104434.96,23130993991.46,12722046695.3,10408947296.16,2313,1272,1041,166,Partially Completed,7
COMP-000707,LG-000707,11109623002.53,9998660702.28,5499263386.25,4499397316.03,2136,1174,962,137,Partially Completed,5
COMP-000708,LG-000708,29632634202.61,29632634202.61,25753155755.04,3879478447.57,4903,4261,642,35,Partially Completed,2
COMP-000709,LG-000709,17332084467.23,17332084467.23,14855701658.21,2476382809.02,3953,3388,565,57,Partially Completed,3
COMP-000710,LG-000710,26401095443.02,26401095443.02,25817564421.27,583531021.75,2991,2924,67,47,Partially Completed,3
COMP-000711,LG-000711,20887298713.34,20887298713.34,20104713887.16,782584826.18,1910,1838,72,50,Partially Completed,2
COMP-000712,LG-000712,34525726517.25,31073153865.53,17090234626.04,13982919239.49,2423,1332,1091,135,Partially Completed,5
COMP-000713,LG-000713,35032060296.76,31528854267.08,17340869846.89,14187984420.19,890,489,401,163,Partially Completed,10
COMP-000714,LG-000714,28775881794.85,28775881794.85,27813259313.89,962622480.96,3952,3819,133,25,Partially Completed,1
COMP-000715,LG-000715,17854781766.61,16069303589.95,8838116974.47,7231186615.48,819,450,369,117,Partially Completed,5
COMP-000716,LG-000716,38112281535.78,34301053382.2,18865579360.21,15435474021.99,4175,2296,1879,139,Partially Completed,10
COMP-000717,LG-000717,21958791961.59,21958791961.59,19884217563.21,2074574398.38,2285,2069,216,59,Partially Completed,3
COMP-000718,LG-000718,6750535805.61,5737955434.77,2409941282.6,3328014152.17,2190,919,1271,108,In Progress,16
COMP-000719,LG-000719,37310540353.48,31713959300.46,13319862906.19,18394096394.27,2856,1199,1657,115,In Progress,20
COMP-000720,LG-000720,11341361379.49,9640157172.57,4048866012.48,5591291160.09,4324,1816,2508,155,In Progress,23
COMP-000721,LG-000721,10811241627.5,10811241627.5,10183501662.05,627739965.45,4951,4663,288,36,Partially Completed,3
COMP-000722,LG-000722,19026186045.15,16172258138.38,6792348418.12,9379909720.26,2708,1137,1571,162,In Progress,12
COMP-000723,LG-000723,21312042872.74,21312042872.74,21111429204.15,200613668.59,1254,1242,12,28,Partially Completed,2
COMP-000724,LG-000724,2835304984.77,2835304984.77,2808553055.48,26751929.29,3666,3631,35,32,Partially Completed,2
COMP-000725,LG-000725,1814875870.62,1633388283.56,898363555.96,735024727.6,1034,568,466,145,Partially Completed,6
COMP-000726,LG-000726,5356313118.6,5356313118.6,4607007419.45,749305699.15,2035,1750,285,46,Partially Completed,2
COMP-000727,LG-000727,33979022539.35,28882169158.45,12130511046.55,16751658111.9,1085,455,630,112,In Progress,22
COMP-000728,LG-000728,28190572786.57,28190572786.57,27436461306.79,754111479.78,779,758,21,50,Partially Completed,3
COMP-000729,LG-000729,10580796698.21,10580796698.21,9162818149.18,1417978549.03,266,230,36,44,Partially Completed,2
COMP-000730,LG-000730,5858475598.94,5858475598.94,5432146080.37,426329518.57,1942,1800,142,42,Partially Completed,0
COMP-000731,LG-000731,2960767853.82,2516652675.75,1056994123.81,1459658551.94,1089,457,632,77,In Progress,17
COMP-000732,LG-000732,37246692482.7,37246692482.7,37204850739.99,41841742.71,1981,1978,3,53,Partially Completed,2
COMP-000733,LG-000733,15784828172.99,14206345355.69,7813489945.63,6392855410.06,4652,2558,2094,75,Partially Completed,9
COMP-000734,LG-000734,9019663388.28,7666713880.04,3220019829.62,4446694050.42,2653,1114,1539,172,In Progress,25
COMP-000735,LG-000735,33452511789.92,33452511789.92,31699089297.47,1753422492.45,1935,1833,102,43,Partially Completed,3
COMP-000736,LG-000736,8950187966.21,8950187966.21,8894055316.56,56132649.65,500,496,4,43,Partially Completed,3
COMP-000737,LG-000737,6956013736.08,6956013736.08,6421020169.71,534993566.37,4985,4601,384,59,Partially Completed,3
COMP-000738,LG-000738,26875780801.61,22844413681.37,9594653746.18,13249759935.19,2513,1055,1458,122,In Progress,21
COMP-000739,LG-000739,9869662962.16,8882696665.94,4885483166.27,3997213499.67,878,482,396,126,Partially Completed,7
COMP-000740,LG-000740,1066847773.28,960162995.95,528089647.77,432073348.18,498,273,225,115,Partially Completed,7
COMP-000741,LG-000741,37137542594.5,33423788335.05,18383083584.28,15040704750.77,1624,893,731,178,Partially Completed,6
COMP-000742,LG-000742,17545677052.69,17545677052.69,16492950643.43,1052726409.26,4288,4030,258,26,Partially Completed,3
COMP-000743,LG-000743,20852692100.69,20852692100.69,20262205010.23,590487090.46,501,486,15,35,Partially Completed,2
COMP-000744,LG-000744,4963580226.5,4467222203.85,2456972212.12,2010249991.73,1479,813,666,86,Partially Completed,9
COMP-000745,LG-000745,41081893474.62,41081893474.62,36387479249.13,4694414225.49,4338,3842,496,55,Partially Completed,3
COMP-000746,LG-000746,9165482835.33,7790660410.03,3272077372.21,4518583037.82,1709,717,992,62,In Progress,25
COMP-000747,LG-000747,12981023814.74,12981023814.74,11440549044.63,1540474770.11,3536,3116,420,59,Partially Completed,3
COMP-000748,LG-000748,9285538916.11,8356985024.5,4596341763.48,3760643261.02,2163,1189,974,105,Partially Completed,10
COMP-000749,LG-000749,14209540279.26,14209540279.26,13225683963.64,983856315.62,3330,3099,231,58,Partially Completed,2
COMP-000750,LG-000750,16783114489.73,16783114489.73,16391960077.38,391154412.35,1687,1647,40,30,Partially Completed,2
COMP-000751,LG-000751,11867995912.9,11867995912.9,11377362737.01,490633175.89,1981,1899,82,26,Partially Completed,2
COMP-000752,LG-000752,8460320736.57,8460320736.57,7769205826.2,691114910.37,1932,1774,158,26,Partially Completed,0
COMP-000753,LG-000753,27450289394.33,23332745985.18,9799753313.78,13532992671.4,4872,2046,2826,129,In Progress,23
COMP-000754,LG-000754,24024720819.4,24024720819.4,21382547477.96,2642173341.44,1122,998,124,40,Partially Completed,0
COMP-000755,LG-000755,5877989510.23,5290190559.21,2909604807.57,2380585751.64,475,261,214,92,Partially Completed,5
COMP-000756,LG-000756,10263129997.74,9236816997.97,5080249348.88,4156567649.09,4149,2281,1868,165,Partially Completed,8
COMP-000757,LG-000757,30085197407.91,25572417796.72,10740415474.62,14832002322.1,18,7,11,139,In Progress,17
COMP-000758,LG-000758,1965898133.52,1965898133.52,1823838834.5,142059299.02,675,626,49,21,Partially Completed,3
COMP-000759,LG-000759,11050724634.49,11050724634.49,10417328075.88,633396558.61,4799,4523,276,54,Partially Completed,0
COMP-000760,LG-000760,4670471220.17,4203424098.15,2311883253.98,1891540844.17,2924,1608,1316,151,Partially Completed,12
COMP-000761,LG-000761,20295572285.2,20295572285.2,18917140494.64,1378431790.56,4666,4349,317,25,Partially Completed,1
COMP-000762,LG-000762,39245954530.24,33359061350.7,14010805767.29,19348255583.41,2047,859,1188,86,In Progress,15
COMP-000763,LG-000763,26301033040.05,23670929736.04,13019011354.82,10651918381.22,3446,1895,1551,62,Partially Completed,5
COMP-000764,LG-000764,3609137716.24,3609137716.24,3113260016.47,495877699.77,2976,2567,409,18,Partially Completed,1
COMP-000765,LG-000765,31203320650.39,28082988585.35,15445643721.94,12637344863.41,238,130,108,94,Partially Completed,5
COMP-000766,LG-000766,9833048774.12,9833048774.12,9777875729.27,55173044.85,321,319,2,42,Partially Completed,0
COMP-000767,LG-000767,13486872790.25,11463841871.71,4814813586.12,6649028285.59,3364,1412,1952,135,In Progress,20
COMP-000768,LG-000768,2623604467.28,2623604467.28,2335381457.11,288223010.17,4711,4193,518,48,Partially Completed,3
COMP-000769,LG-000769,36503599980.39,36503599980.39,32348212917.08,4155387063.31,2893,2563,330,56,Partially Completed,1
COMP-000770,LG-000770,15685785901.52,15685785901.52,15552618306.7,133167594.82,557,552,5,43,Partially Completed,0
COMP-000771,LG-000771,36023907864.17,36023907864.17,33245254521.59,2778653342.58,3515,3243,272,59,Partially Completed,2
COMP-000772,LG-000772,25488580030.57,25488580030.57,24338516909.62,1150063120.95,1386,1323,63,31,Partially Completed,0
COMP-000773,LG-000773,509936146.73,509936146.73,491675332.98,18260813.75,4658,4491,167,36,Partially Completed,3
COMP-000774,LG-000774,12889820639.7,11600838575.73,6380461216.65,5220377359.08,2119,1165,954,180,Partially Completed,10
COMP-000775,LG-000775,7213833022.19,6131758068.86,2575338388.92,3556419679.94,2366,993,1373,165,In Progress,14
COMP-000776,LG-000776,8522934114.4,8522934114.4,8148645766.01,374288348.39,2936,2807,129,17,Partially Completed,2
COMP-000777,LG-000777,21570988445.53,19413889600.98,10677639280.54,8736250320.44,1096,602,494,77,Partially Completed,11
COMP-000778,LG-000778,1194175246.21,1194175246.21,1058950176.67,135225069.54,1637,1451,186,60,Partially Completed,0
COMP-000779,LG-000779,8280646591.64,8280646591.64,8152870799.81,127775791.83,704,693,11,21,Partially Completed,1
COMP-000780,LG-000780,32495220187.44,32495220187.44,29242121621.72,3253098565.72,3869,3481,388,60,Partially Completed,0
COMP-000781,LG-000781,6575710456.01,6575710456.01,6088796875.07,486913580.94,1132,1048,84,49,Partially Completed,0
COMP-000782,LG-000782,22497994664.93,22497994664.93,20977342535.2,1520652129.73,2953,2753,200,34,Partially Completed,2
COMP-000783,LG-000783,32344396928.14,27492737388.92,11546949703.35,15945787685.57,3164,1328,1836,164,In Progress,15
COMP-000784,LG-000784,7888039326.67,7099235394.0,3904579466.7,3194655927.3,2607,1433,1174,128,Partially Completed,6
COMP-000785,LG-000785,31633979445.37,28470581500.83,15658819825.46,12811761675.37,2658,1461,1197,180,Partially Completed,8
COMP-000786,LG-000786,11442532245.42,11442532245.42,10226448681.49,1216083563.93,3125,2792,333,37,Partially Completed,3
COMP-000787,LG-000787,25770299339.29,23193269405.36,12756298172.95,10436971232.41,4366,2401,1965,87,Partially Completed,8
COMP-000788,LG-000788,33126915659.03,29814224093.13,16397823251.22,13416400841.91,4373,2405,1968,88,Partially Completed,12
COMP-000789,LG-000789,28470721650.77,25623649485.69,14093007217.13,11530642268.56,1714,942,772,162,Partially Completed,12
COMP-000790,LG-000790,21774474606.63,19597027145.97,10778364930.28,8818662215.69,3557,1956,1601,149,Partially Completed,8
COMP-000791,LG-000791,24971480949.14,21225758806.77,8914818698.84,12310940107.93,3543,1488,2055,172,In Progress,24
COMP-000792,LG-000792,18585529176.52,16726976258.87,9199836942.38,7527139316.49,1697,933,764,138,Partially Completed,12
COMP-000793,LG-000793,23875653530.32,20294305500.77,8523608310.32,11770697190.45,1441,605,836,173,In Progress,15
COMP-000794,LG-000794,21952184270.44,21952184270.44,20524280389.32,1427903881.12,859,803,56,59,Partially Completed,2
COMP-000795,LG-000795,12610591350.05,11349532215.05,6242242718.28,5107289496.77,2298,1263,1035,122,Partially Completed,8
COMP-000796,LG-000796,31090008730.55,27981007857.49,15389554321.62,12591453535.87,3167,1741,1426,143,Partially Completed,12
COMP-000797,LG-000797,40255296944.18,36229767249.76,19926371987.37,16303395262.39,2302,1266,1036,116,Partially Completed,12
COMP-000798,LG-000798,16940576116.39,16940576116.39,16304075708.73,636500407.66,536,515,21,30,Partially Completed,1
COMP-000799,LG-000799,15579810065.66,15579810065.66,13674254068.39,1905555997.27,470,412,58,52,Partially Completed,1
COMP-000800,LG-000800,20492500013.14,20492500013.14,20425276645.51,67223367.63,3250,3239,11,51,Partially Completed,1
COMP-000801,LG-000801,1094084959.92,984676463.93,541572055.16,443104408.77,2969,1632,1337,79,Partially Completed,9
COMP-000802,LG-000802,34142002852.17,34142002852.17,33365209558.31,776793293.86,2381,2326,55,34,Partially Completed,0
COMP-000803,LG-000803,30445888152.93,27401299337.64,15070714635.7,12330584701.94,1675,921,754,163,Partially Completed,8
COMP-000804,LG-000804,6680055219.89,6680055219.89,6145504994.07,534550225.82,2545,2341,204,34,Partially Completed,3
COMP-000805,LG-000805,39668583441.28,39668583441.28,34617045178.36,5051538262.92,1111,969,142,26,Partially Completed,2
COMP-000806,LG-000806,35495133981.82,35495133981.82,34650346745.92,844787235.9,1226,1196,30,44,Partially Completed,2
COMP-000807,LG-000807,25162713974.5,21388306878.33,8983088888.9,12405217989.43,3285,1379,1906,143,In Progress,20
COMP-000808,LG-000808,6320365099.32,6320365099.32,5940224046.59,380141052.73,2242,2107,135,19,Partially Completed,0
COMP-000809,LG-000809,35199114836.63,31679203352.97,17423561844.13,14255641508.84,780,429,351,152,Partially Completed,7
COMP-000810,LG-000810,141901524.68,141901524.68,137245344.8,4656179.88,4991,4827,164,44,Partially Completed,0
COMP-000811,LG-000811,5115870299.9,4604283269.91,2532355798.45,2071927471.46,3064,1685,1379,141,Partially Completed,12
COMP-000812,LG-000812,25953014112.21,25953014112.21,23170656326.98,2782357785.23,4820,4303,517,27,Partially Completed,3
COMP-000813,LG-000813,29365930242.52,26429337218.27,14536135470.05,11893201748.22,1159,637,522,158,Partially Completed,8
COMP-000814,LG-000814,27344215702.4,27344215702.4,26543473959.13,800741743.27,787,763,24,39,Partially Completed,2
COMP-000815,LG-000815,12601195888.56,12601195888.56,11799367132.94,801828755.62,2031,1901,130,41,Partially Completed,0
COMP-000816,LG-000816,14207938995.48,12787145095.93,7032929802.76,5754215293.17,4036,2219,1817,161,Partially Completed,12
COMP-000817,LG-000817,817722169.41,695063844.0,291926814.48,403137029.52,618,259,359,110,In Progress,18
COMP-000818,LG-000818,34715451214.07,31243906092.66,17184148350.96,14059757741.7,1600,880,720,155,Partially Completed,11
COMP-000819,LG-000819,21544496681.94,21544496681.94,19018051726.42,2526444955.52,1455,1284,171,51,Partially Completed,3
COMP-000820,LG-000820,1111328763.93,1111328763.93,1039147180.69,72181583.24,3585,3352,233,15,Partially Completed,2
COMP-000821,LG-000821,21045362901.29,21045362901.29,19880818138.19,1164544763.1,347,327,20,41,Partially Completed,3
COMP-000822,LG-000822,22145611411.99,22145611411.99,19480949283.3,2664662128.69,116,102,14,49,Partially Completed,0
COMP-000823,LG-000823,28588527789.12,28588527789.12,24382801318.12,4205726471.0,1581,1348,233,42,Partially Completed,1
COMP-000824,LG-000824,27413861869.96,27413861869.96,26672994442.94,740867427.02,1366,1329,37,22,Partially Completed,0
COMP-000825,LG-000825,18360568251.68,18360568251.68,17170974045.46,1189594206.22,1573,1471,102,42,Partially Completed,0
COMP-000826,LG-000826,7395179309.51,7395179309.51,6637272717.55,757906591.96,2975,2670,305,41,Partially Completed,1
COMP-000827,LG-000827,31874452368.47,31874452368.47,30085207361.37,1789245007.1,913,861,52,34,Partially Completed,1
COMP-000828,LG-000828,16581665930.67,16581665930.67,14974885808.2,1606780122.47,1981,1789,192,34,Partially Completed,1
COMP-000829,LG-000829,31239786404.95,31239786404.95,26938188390.72,4301598014.23,955,823,132,49,Partially Completed,1
COMP-000830,LG-000830,7676710407.09,6909039366.38,3799971651.51,3109067714.87,4281,2354,1927,63,Partially Completed,5
COMP-000831,LG-000831,30039728811.4,30039728811.4,28223730763.41,1815998047.99,4778,4489,289,40,Partially Completed,3
COMP-000832,LG-000832,2303657667.14,2303657667.14,2157620059.23,146037607.91,1346,1260,86,18,Partially Completed,3
COMP-000833,LG-000833,21177111165.98,21177111165.98,18963970859.59,2213140306.39,4581,4102,479,18,Partially Completed,3
COMP-000834,LG-000834,21187861775.79,21187861775.79,18469583472.19,2718278303.6,3621,3156,465,15,Partially Completed,0
COMP-000835,LG-000835,33488274994.7,33488274994.7,28495713584.05,4992561410.65,2688,2287,401,15,Partially Completed,0
COMP-000836,LG-000836,1139247201.53,1139247201.53,1120838580.51,18408621.02,4102,4035,67,27,Partially Completed,1
COMP-000837,LG-000837,11382778255.95,11382778255.95,10580137251.02,802641004.93,1406,1306,100,20,Partially Completed,0
COMP-000838,LG-000838,28291334145.42,28291334145.42,24225894158.35,4065439987.07,3267,2797,470,40,Partially Completed,3
COMP-000839,LG-000839,14496465306.23,14496465306.23,12462637368.06,2033827938.17,4888,4202,686,39,Partially Completed,1
COMP-000840,LG-000840,11799670171.24,11799670171.24,10648727041.73,1150943129.51,2820,2544,276,27,Partially Completed,3
COMP-000841,LG-000841,9498883580.04,9498883580.04,8483841946.01,1015041634.03,3340,2983,357,46,Partially Completed,2
COMP-000842,LG-000842,21176082682.49,19058474414.24,10482160927.83,8576313486.41,4386,2412,1974,83,Partially Completed,12
COMP-000843,LG-000843,42689455636.47,42689455636.47,36377467267.96,6311988368.51,3582,3052,530,50,Partially Completed,2
COMP-000844,LG-000844,3906807732.74,3320786572.83,1394730360.59,1926056212.24,553,232,321,85,In Progress,15
COMP-000845,LG-000845,27280211314.38,24552190182.94,13503704600.62,11048485582.32,1605,882,723,140,Partially Completed,11
COMP-000846,LG-000846,24208678203.42,24208678203.42,22678994135.05,1529684068.37,3688,3454,234,60,Partially Completed,2
COMP-000847,LG-000847,3555818439.38,3555818439.38,3023546810.39,532271628.99,226,192,34,38,Partially Completed,1
COMP-000848,LG-000848,2415583814.73,2174025433.26,1195713988.29,978311444.97,11,6,5,82,Partially Completed,10
COMP-000849,LG-000849,7040884518.25,5984751840.51,2513595773.01,3471156067.5,279,117,162,141,In Progress,25
COMP-000850,LG-000850,6596017066.22,5606614506.29,2354778092.64,3251836413.65,4938,2073,2865,80,In Progress,12
COMP-000851,LG-000851,18646265195.23,16781638675.71,9229901271.64,7551737404.07,121,66,55,108,Partially Completed,10
COMP-000852,LG-000852,11182495535.09,10064245981.58,5535335289.87,4528910691.71,3722,2047,1675,93,Partially Completed,10
COMP-000853,LG-000853,4530645389.0,3851048580.65,1617440403.87,2233608176.78,4012,1685,2327,125,In Progress,16
COMP-000854,LG-000854,3241429791.13,2917286812.02,1604507746.61,1312779065.41,1000,550,450,142,Partially Completed,10
COMP-000855,LG-000855,31907643517.53,28716879165.78,15794283541.18,12922595624.6,1083,595,488,117,Partially Completed,7
COMP-000856,LG-000856,35168428412.84,35168428412.84,32080098029.01,3088330383.83,486,443,43,31,Partially Completed,3
COMP-000857,LG-000857,8444267780.66,7599841002.59,4179912551.42,3419928451.17,1957,1076,881,116,Partially Completed,10
COMP-000858,LG-000858,9515915492.27,9515915492.27,8804541321.5,711374170.77,4062,3758,304,50,Partially Completed,3
COMP-000859,LG-000859,12164045304.73,12164045304.73,11828359442.7,335685862.03,1582,1538,44,46,Partially Completed,3
COMP-000860,LG-000860,29199785423.78,29199785423.78,25309591573.51,3890193850.27,2812,2437,375,25,Partially Completed,3
COMP-000861,LG-000861,21776760094.12,21776760094.12,21766110805.55,10649288.57,2896,2894,2,46,Partially Completed,2
COMP-000862,LG-000862,24097373176.94,20482767200.4,8602762224.17,11880004976.23,4563,1916,2647,140,In Progress,18
COMP-000863,LG-000863,33682914528.51,33682914528.51,28984711120.94,4698203407.57,886,762,124,25,Partially Completed,1
COMP-000864,LG-000864,12612014911.6,12612014911.6,11317335137.43,1294679774.17,4954,4445,509,18,Partially Completed,0
COMP-000865,LG-000865,20545019758.85,20545019758.85,17745195681.47,2799824077.38,4636,4004,632,29,Partially Completed,1
COMP-000866,LG-000866,10154557565.71,10154557565.71,9950863188.93,203694376.78,3619,3546,73,55,Partially Completed,2
COMP-000867,LG-000867,5044959571.09,5044959571.09,4368344905.77,676614665.32,4239,3670,569,58,Partially Completed,2
COMP-000868,LG-000868,20340832244.82,18306749020.34,10068711961.19,8238037059.15,4508,2479,2029,115,Partially Completed,8
COMP-000869,LG-000869,35452009068.49,30134207708.22,12656367237.45,17477840470.77,4025,1690,2335,158,In Progress,25
COMP-000870,LG-000870,25579014029.04,25579014029.04,22539719427.79,3039294601.25,1117,984,133,30,Partially Completed,2
COMP-000871,LG-000871,37017331017.88,37017331017.88,34215597658.5,2801733359.38,889,821,68,29,Partially Completed,1
COMP-000872,LG-000872,13255494500.89,13255494500.89,13023782380.63,231712120.26,3239,3182,57,27,Partially Completed,0
COMP-000873,LG-000873,12153567421.5,12153567421.5,10932893017.56,1220674403.94,1340,1205,135,40,Partially Completed,2
COMP-000874,LG-000874,11732321195.64,11732321195.64,11122691804.79,609629390.85,1023,969,54,23,Partially Completed,1
COMP-000875,LG-000875,25932522974.66,23339270677.19,12836598872.45,10502671804.74,89,48,41,86,Partially Completed,11
COMP-000876,LG-000876,32576045324.56,32576045324.56,28814608708.21,3761436616.35,3383,2992,391,23,Partially Completed,0
COMP-000877,LG-000877,19184759517.74,19184759517.74,17213918472.29,1970841045.45,4456,3998,458,54,Partially Completed,2
COMP-000878,LG-000878,20795004707.95,20795004707.95,19305759516.06,1489245191.89,2146,1992,154,31,Partially Completed,3
COMP-000879,LG-000879,20734932122.97,18661438910.67,10263791400.87,8397647509.8,962,529,433,85,Partially Completed,5
COMP-000880,LG-000880,6709447727.66,6709447727.66,6656081831.11,53365896.55,4874,4835,39,22,Partially Completed,3
COMP-000881,LG-000881,8661245455.08,7362058636.82,3092064627.46,4269994009.36,4510,1894,2616,93,In Progress,19
COMP-000882,LG-000882,15281011336.2,15281011336.2,14203678284.59,1077333051.61,3225,2997,228,36,Partially Completed,1
COMP-000883,LG-000883,10675673383.64,10675673383.64,9132365949.41,1543307434.23,3728,3189,539,36,Partially Completed,1
COMP-000884,LG-000884,1736319277.35,1736319277.35,1598936397.59,137382879.76,1660,1528,132,33,Partially Completed,1
COMP-000885,LG-000885,29833735642.83,29833735642.83,26924614558.09,2909121084.74,2018,1821,197,24,Partially Completed,3
COMP-000886,LG-000886,2160833551.28,2160833551.28,2061823808.31,99009742.97,2805,2676,129,48,Partially Completed,0
COMP-000887,LG-000887,37972178316.88,37972178316.88,36199995595.02,1772182721.86,3033,2891,142,30,Partially Completed,3
COMP-000888,LG-000888,16870407348.88,16870407348.88,14365806285.13,2504601063.75,4401,3747,654,31,Partially Completed,1
COMP-000889,LG-000889,33789814149.64,33789814149.64,32887183456.9,902630692.74,3923,3818,105,28,Partially Completed,0
COMP-000890,LG-000890,44279951781.19,44279951781.19,42662552507.29,1617399273.9,589,567,22,24,Partially Completed,3
COMP-000891,LG-000891,13876005211.73,13876005211.73,12105523639.9,1770481571.83,2549,2223,326,36,Partially Completed,3
COMP-000892,LG-000892,10557118081.17,9501406273.05,5225773450.18,4275632822.87,3786,2082,1704,169,Partially Completed,7
COMP-000893,LG-000893,25545477278.81,21713655686.99,9119735388.54,12593920298.45,4802,2016,2786,126,In Progress,25
COMP-000894,LG-000894,363676887.76,363676887.76,346192475.41,17484412.35,426,405,21,37,Partially Completed,0
COMP-000895,LG-000895,8244208248.45,7007577011.18,2943182344.7,4064394666.48,4282,1798,2484,129,In Progress,14
COMP-000896,LG-000896,12426645283.91,10562648491.32,4436312366.35,6126336124.97,2546,1069,1477,116,In Progress,20
COMP-000897,LG-000897,44634809296.85,44634809296.85,40553445098.52,4081364198.33,3205,2911,294,41,Partially Completed,3
COMP-000898,LG-000898,4427970640.59,4427970640.59,4253497911.02,174472729.57,880,845,35,22,Partially Completed,3
COMP-000899,LG-000899,3680344171.44,3312309754.3,1821770364.87,1490539389.43,4198,2308,1890,112,Partially Completed,5
COMP-000900,LG-000900,21158772960.13,19042895664.12,10473592615.27,8569303048.85,4743,2608,2135,173,Partially Completed,8
COMP-000901,LG-000901,20820615247.24,17697522960.15,7432959643.26,10264563316.89,1867,784,1083,78,In Progress,21
COMP-000902,LG-000902,35848256051.19,35848256051.19,31729208067.06,4119047984.13,1084,959,125,51,Partially Completed,1
COMP-000903,LG-000903,32522865207.96,32522865207.96,30403958269.36,2118906938.6,2745,2566,179,49,Partially Completed,3
COMP-000904,LG-000904,9409455910.44,9409455910.44,9199683809.89,209772100.55,4333,4236,97,43,Partially Completed,2
COMP-000905,LG-000905,23501802735.59,19976532325.25,8390143576.6,11586388748.65,2894,1215,1679,108,In Progress,22
COMP-000906,LG-000906,7002639069.54,5952243209.11,2499942147.83,3452301061.28,1542,647,895,171,In Progress,15
COMP-000907,LG-000907,31734059075.0,31734059075.0,28567481822.85,3166577252.15,272,244,28,24,Partially Completed,1
COMP-000908,LG-000908,24347575926.03,24347575926.03,23859622468.52,487953457.51,1974,1934,40,22,Partially Completed,0
COMP-000909,LG-000909,18640058328.31,16776052495.48,9226828872.51,7549223622.97,98,53,45,127,Partially Completed,11
COMP-000910,LG-000910,34349618632.58,34349618632.58,31264190719.81,3085427912.77,2951,2685,266,36,Partially Completed,2
COMP-000911,LG-000911,8314055560.64,7066947226.54,2968117835.15,4098829391.39,3999,1679,2320,171,In Progress,23
COMP-000912,LG-000912,1452553314.81,1234670317.59,518561533.39,716108784.2,3234,1358,1876,89,In Progress,15
COMP-000913,LG-000913,13764037817.44,13764037817.44,13491493794.03,272544023.41,2274,2228,46,52,Partially Completed,2
COMP-000914,LG-000914,14532750566.96,14532750566.96,13244955429.98,1287795136.98,4563,4158,405,51,Partially Completed,2
COMP-000915,LG-000915,11173807012.94,10056426311.65,5531034471.41,4525391840.24,1412,776,636,121,Partially Completed,9
COMP-000916,LG-000916,18207287973.07,18207287973.07,17627713833.78,579574139.29,2558,2476,82,55,Partially Completed,3
COMP-000917,LG-000917,22120170332.45,22120170332.45,20015859710.06,2104310622.39,4755,4302,453,35,Partially Completed,3
COMP-000918,LG-000918,15294774519.7,15294774519.7,15142315322.45,152459197.25,2094,2073,21,30,Partially Completed,1
COMP-000919,LG-000919,40263637627.34,36237273864.61,19930500625.54,16306773239.07,944,519,425,146,Partially Completed,10
COMP-000920,LG-000920,6983673700.51,6983673700.51,6024861797.8,958811902.71,3840,3312,528,38,Partially Completed,1
COMP-000921,LG-000921,30656126976.13,30656126976.13,28018625394.38,2637501581.75,3899,3563,336,56,Partially Completed,1
COMP-000922,LG-000922,23910221108.29,20323687942.05,8535948935.66,11787739006.39,4489,1885,2604,160,In Progress,19
COMP-000923,LG-000923,35778786112.88,35778786112.88,34283706833.13,1495079279.75,1040,996,44,20,Partially Completed,3
COMP-000924,LG-000924,20865832477.21,18779249229.49,10328587076.22,8450662153.27,1813,997,816,172,Partially Completed,5
COMP-000925,LG-000925,25565556342.54,25565556342.54,24746131933.13,819424409.41,3514,3401,113,45,Partially Completed,2
COMP-000926,LG-000926,21738933016.41,21738933016.41,20331370946.64,1407562069.77,3806,3559,247,37,Partially Completed,1
COMP-000927,LG-000927,18268874631.37,18268874631.37,17315067591.36,953807040.01,1537,1456,81,35,Partially Completed,0
COMP-000928,LG-000928,33105615770.7,28139773405.1,11818704830.14,16321068574.96,3491,1466,2025,76,In Progress,22
COMP-000929,LG-000929,23516287414.58,23516287414.58,20886336939.89,2629950474.69,1222,1085,137,15,Partially Completed,3
COMP-000930,LG-000930,7096321661.93,7096321661.93,6745253365.44,351068296.49,1341,1274,67,43,Partially Completed,3
COMP-000931,LG-000931,22344542344.79,20110088110.31,11060548460.67,9049539649.64,2131,1172,959,147,Partially Completed,9
COMP-000932,LG-000932,16953088074.91,16953088074.91,16591590468.8,361497606.11,829,811,18,56,Partially Completed,2
COMP-000933,LG-000933,25563325107.11,25563325107.11,22998991011.15,2564334095.96,4522,4068,454,39,Partially Completed,2
COMP-000934,LG-000934,12685039656.52,12685039656.52,11572151451.43,1112888205.09,4495,4100,395,21,Partially Completed,0
COMP-000935,LG-000935,19449147520.72,17504232768.65,9627328022.76,7876904745.89,221,121,100,67,Partially Completed,10
COMP-000936,LG-000936,36895537649.28,36895537649.28,33560866866.03,3334670783.25,4099,3728,371,31,Partially Completed,1
COMP-000937,LG-000937,44879265254.1,44879265254.1,39572619341.19,5306645912.91,2335,2058,277,33,Partially Completed,3
COMP-000938,LG-000938,17383910226.8,15645519204.12,8605035562.27,7040483641.85,4219,2320,1899,103,Partially Completed,6
COMP-000939,LG-000939,26926884848.78,26926884848.78,25829486046.96,1097398801.82,4885,4685,200,34,Partially Completed,1
COMP-000940,LG-000940,20056769894.89,20056769894.89,19554312963.88,502456931.01,4192,4086,106,43,Partially Completed,3
COMP-000941,LG-000941,12177199031.71,10350619176.95,4347260054.32,6003359122.63,4205,1766,2439,82,In Progress,23
COMP-000942,LG-000942,6730267452.55,5720727334.67,2402705480.56,3318021854.11,4746,1993,2753,177,In Progress,23
COMP-000943,LG-000943,2293307920.61,2063977128.55,1135187420.7,928789707.85,1586,872,714,89,Partially Completed,11
COMP-000944,LG-000944,7045204958.19,6340684462.37,3487376454.3,2853308008.07,4081,2244,1837,96,Partially Completed,12
COMP-000945,LG-000945,45093774007.15,45093774007.15,42082350529.39,3011423477.76,3304,3083,221,43,Partially Completed,0
COMP-000946,LG-000946,10897901281.19,9263216089.01,3890550757.38,5372665331.63,2763,1160,1603,157,In Progress,24
COMP-000947,LG-000947,42667821091.81,38401038982.63,21120571440.45,17280467542.18,4469,2457,2012,122,Partially Completed,12
COMP-000948,LG-000948,18360876972.26,16524789275.03,9088634101.27,7436155173.76,103,56,47,131,Partially Completed,9
COMP-000949,LG-000949,36830825635.77,36830825635.77,32661701412.81,4169124222.96,4574,4056,518,17,Partially Completed,2
COMP-000950,LG-000950,17571793211.1,17571793211.1,15643564515.97,1928228695.13,4796,4269,527,55,Partially Completed,2
COMP-000951,LG-000951,30000892690.16,27000803421.14,14850441881.63,12150361539.51,1893,1041,852,118,Partially Completed,10
COMP-000952,LG-000952,37646554202.59,37646554202.59,36054878965.31,1591675237.28,1535,1470,65,19,Partially Completed,2
COMP-000953,LG-000953,20581845022.54,20581845022.54,18553985093.52,2027859929.02,485,437,48,30,Partially Completed,2
COMP-000954,LG-000954,28937749229.81,24597086845.34,10330776475.04,14266310370.3,1326,556,770,143,In Progress,25
COMP-000955,LG-000955,18113523997.35,15396495397.75,6466528067.05,8929967330.7,1902,798,1104,161,In Progress,24
COMP-000956,LG-000956,14684044954.16,14684044954.16,12881386917.43,1802658036.73,275,241,34,25,Partially Completed,3
COMP-000957,LG-000957,6776768866.15,5760253536.23,2419306485.22,3340947051.01,532,223,309,69,In Progress,12
COMP-000958,LG-000958,4750861070.99,4750861070.99,4465394061.62,285467009.37,162,152,10,28,Partially Completed,0
COMP-000959,LG-000959,27537840708.77,27537840708.77,26690084771.89,847755936.88,3360,3256,104,17,Partially Completed,3
COMP-000960,LG-000960,19077013624.25,17169312261.83,9443121744.01,7726190517.82,4649,2556,2093,144,Partially Completed,7
COMP-000961,LG-000961,13660221399.72,13660221399.72,11993612796.02,1666608603.7,4329,3800,529,44,Partially Completed,1
COMP-000962,LG-000962,9587947531.74,9587947531.74,9471539984.81,116407546.93,2736,2702,34,59,Partially Completed,3
COMP-000963,LG-000963,29668271010.56,26701443909.5,14685794150.23,12015649759.27,4734,2603,2131,82,Partially Completed,8
COMP-000964,LG-000964,2782893442.99,2365459426.54,993492959.15,1371966467.39,3834,1610,2224,154,In Progress,16
COMP-000965,LG-000965,27063524152.63,27063524152.63,23873195583.03,3190328569.6,4912,4332,580,15,Partially Completed,0
COMP-000966,LG-000966,6720468254.5,6720468254.5,5863701208.89,856767045.61,2008,1752,256,38,Partially Completed,1
COMP-000967,LG-000967,29481988055.47,29481988055.47,28427760046.5,1054228008.97,1976,1905,71,16,Partially Completed,3
COMP-000968,LG-000968,36199010024.53,32579109022.08,17918509962.14,14660599059.94,591,325,266,169,Partially Completed,9
COMP-000969,LG-000969,6806593521.24,6125934169.12,3369263793.02,2756670376.1,2618,1439,1179,140,Partially Completed,7
COMP-000970,LG-000970,8225519989.14,8225519989.14,7000129973.37,1225390015.77,1882,1601,281,36,Partially Completed,1
COMP-000971,LG-000971,18098677412.69,16288809671.42,8958845319.28,7329964352.14,1645,904,741,135,Partially Completed,11
COMP-000972,LG-000972,46180703988.87,41562633589.98,22859448474.49,18703185115.49,1524,838,686,121,Partially Completed,8
COMP-000973,LG-000973,21411379050.15,21411379050.15,18331153915.5,3080225134.65,4251,3639,612,37,Partially Completed,1
COMP-000974,LG-000974,18778893869.08,18778893869.08,16925939111.85,1852954757.23,1257,1132,125,39,Partially Completed,3
COMP-000975,LG-000975,4992802905.96,4992802905.96,4619116638.24,373686267.72,2302,2129,173,33,Partially Completed,1
COMP-000976,LG-000976,24216952482.65,24216952482.65,22323005303.0,1893947179.65,4294,3958,336,23,Partially Completed,2
COMP-000977,LG-000977,27735847625.53,27735847625.53,26559967417.14,1175880208.39,4431,4243,188,23,Partially Completed,2
COMP-000978,LG-000978,20283757149.39,20283757149.39,19863002436.75,420754712.64,159,155,4,52,Partially Completed,2
COMP-000979,LG-000979,31776240932.31,31776240932.31,29058936832.56,2717304099.75,2111,1930,181,56,Partially Completed,0
COMP-000980,LG-000980,30067825375.65,30067825375.65,29335557867.45,732267508.2,4685,4570,115,41,Partially Completed,2
COMP-000981,LG-000981,25938860105.91,25938860105.91,25781766205.14,157093900.77,3141,3121,20,45,Partially Completed,3
COMP-000982,LG-000982,25521816406.96,25521816406.96,23069253998.97,2452562407.99,4475,4044,431,24,Partially Completed,2
COMP-000983,LG-000983,23995544514.58,23995544514.58,22385920574.74,1609623939.84,3936,3671,265,26,Partially Completed,3
COMP-000984,LG-000984,13025736419.71,13025736419.71,12425994210.04,599742209.67,4186,3993,193,53,Partially Completed,1
COMP-000985,LG-000985,37732026833.29,37732026833.29,35324477010.68,2407549822.61,1399,1309,90,34,Partially Completed,0
COMP-000986,LG-000986,21483511602.99,21483511602.99,20957526542.81,525985060.18,4796,4678,118,47,Partially Completed,0
COMP-000987,LG-000987,9196414624.04,9196414624.04,7930335718.02,1266078906.02,2047,1765,282,43,Partially Completed,3
COMP-000988,LG-000988,10768427467.67,10768427467.67,10387846181.84,380581285.83,4406,4250,156,40,Partially Completed,3
COMP-000989,LG-000989,29958755552.61,29958755552.61,27873199363.66,2085556188.95,3475,3233,242,55,Partially Completed,0
COMP-000990,LG-000990,24869557646.33,24869557646.33,22723834172.87,2145723473.46,978,893,85,51,Partially Completed,2
COMP-000991,LG-000991,6759095807.53,6759095807.53,5847544428.48,911551379.05,481,416,65,43,Partially Completed,0
COMP-000992,LG-000992,13225587207.55,11241749126.42,4721534633.1,6520214493.32,765,321,444,141,In Progress,21
COMP-000993,LG-000993,30063352057.9,30063352057.9,25609971436.06,4453380621.84,1050,894,156,44,Partially Completed,3
COMP-000994,LG-000994,3082626658.43,2774363992.59,1525900195.92,1248463796.67,1548,851,697,87,Partially Completed,8
COMP-000995,LG-000995,22867431805.0,22867431805.0,21644319195.39,1223112609.61,1024,969,55,59,Partially Completed,1
COMP-000996,LG-000996,15090814395.47,13581732955.92,7469953125.76,6111779830.16,3134,1723,1411,123,Partially Completed,7
COMP-000997,LG-000997,31618068425.84,31618068425.84,30389474656.39,1228593769.45,4397,4226,171,52,Partially Completed,0
COMP-000998,LG-000998,7088598863.31,7088598863.31,7042151325.82,46447537.49,1539,1528,11,37,Partially Completed,0
COMP-000999,LG-000999,3279691920.76,2787738132.65,1170850015.71,1616888116.94,4711,1978,2733,101,In Progress,19
COMP-001000,LG-001000,6019726506.73,6019726506.73,5249745987.3,769980519.43,4325,3771,554,53,Partially Completed,1
COMP-001001,LG-001001,4670939751.37,4203845776.23,2312115176.93,1891730599.3,3391,1865,1526,63,Partially Completed,7
COMP-001002,LG-001002,30422067809.15,27379861028.24,15058923565.53,12320937462.71,2560,1408,1152,112,Partially Completed,9
COMP-001003,LG-001003,18801306198.4,18801306198.4,16218540040.39,2582766158.01,974,840,134,21,Partially Completed,0
COMP-001004,LG-001004,12453606120.59,11208245508.53,6164535029.69,5043710478.84,1664,915,749,120,Partially Completed,6
COMP-001005,LG-001005,2060583119.95,2060583119.95,1903876079.96,156707039.99,2061,1904,157,17,Partially Completed,1
COMP-001006,LG-001006,22153903016.61,22153903016.61,21661192695.75,492710320.86,3228,3156,72,34,Partially Completed,3
COMP-001007,LG-001007,542632741.91,488369467.72,268603207.25,219766260.47,3608,1984,1624,71,Partially Completed,5
COMP-001008,LG-001008,15687810464.21,15687810464.21,14543836659.11,1143973805.1,1658,1537,121,56,Partially Completed,1
COMP-001009,LG-001009,14146951240.97,14146951240.97,14004105419.97,142845821.0,4683,4635,48,35,Partially Completed,0
COMP-001010,LG-001010,40179599120.54,36161639208.49,19888901564.67,16272737643.82,1630,896,734,180,Partially Completed,9
COMP-001011,LG-001011,42615587065.86,36223249005.98,15213764582.51,21009484423.47,1584,665,919,101,In Progress,18
COMP-001012,LG-001012,13115472426.71,13115472426.71,11676023760.83,1439448665.88,2780,2474,306,18,Partially Completed,3
COMP-001013,LG-001013,6348905041.89,6348905041.89,5767634316.33,581270725.56,3506,3185,321,34,Partially Completed,1
COMP-001014,LG-001014,14470353282.31,12299800289.96,5165916121.78,7133884168.18,2116,888,1228,162,In Progress,13
COMP-001015,LG-001015,35998533863.51,32398680477.16,17819274262.44,14579406214.72,2315,1273,1042,87,Partially Completed,9
COMP-001016,LG-001016,22949522956.59,20654570660.93,11360013863.51,9294556797.42,3289,1808,1481,138,Partially Completed,7
COMP-001017,LG-001017,13663609516.61,13663609516.61,11908035721.74,1755573794.87,2474,2156,318,30,Partially Completed,2
COMP-001018,LG-001018,4623229306.42,3929744910.46,1650492862.39,2279252048.07,2634,1106,1528,137,In Progress,24
COMP-001019,LG-001019,4225415043.99,4225415043.99,4053925973.36,171489070.63,114,109,5,15,Partially Completed,2
COMP-001020,LG-001020,27764158477.29,27764158477.29,24998546732.36,2765611744.93,4182,3765,417,52,Partially Completed,1
COMP-001021,LG-001021,23320640652.22,20988576587.0,11543717122.85,9444859464.15,4460,2453,2007,81,Partially Completed,10
COMP-001022,LG-001022,25037217154.95,25037217154.95,22999759172.22,2037457982.73,2674,2456,218,38,Partially Completed,2
COMP-001023,LG-001023,23337228700.53,19836644395.45,8331390646.09,11505253749.36,2391,1004,1387,63,In Progress,20
COMP-001024,LG-001024,13113992045.1,13113992045.1,11435606978.08,1678385067.02,3282,2861,421,36,Partially Completed,3
COMP-001025,LG-001025,32170640437.88,28953576394.09,15924467016.75,13029109377.34,2346,1290,1056,104,Partially Completed,7
COMP-001026,LG-001026,16471360908.21,16471360908.21,14498527245.76,1972833662.45,1772,1559,213,36,Partially Completed,1
COMP-001027,LG-001027,23957741731.69,23957741731.69,23119960563.58,837781168.11,3312,3196,116,57,Partially Completed,2
COMP-001028,LG-001028,5800555198.07,4930471918.36,2070798205.71,2859673712.65,899,377,522,82,In Progress,22
COMP-001029,LG-001029,17851400667.68,17851400667.68,17424164564.63,427236103.05,4782,4667,115,56,Partially Completed,2
COMP-001030,LG-001030,4032364345.2,4032364345.2,3733867122.25,298497222.95,545,504,41,31,Partially Completed,3
COMP-001031,LG-001031,11854650469.45,11854650469.45,10789420669.25,1065229800.2,4621,4205,416,45,Partially Completed,2
COMP-001032,LG-001032,20687564664.89,20687564664.89,18694076225.77,1993488439.12,3429,3098,331,51,Partially Completed,0
COMP-001033,LG-001033,16390163330.67,16390163330.67,16268037507.42,122125823.25,4346,4313,33,25,Partially Completed,2
COMP-001034,LG-001034,40866547464.04,40866547464.04,36943259979.08,3923287484.96,1136,1026,110,57,Partially Completed,1
COMP-001035,LG-001035,34868745120.18,34868745120.18,32503358922.31,2365386197.87,21,19,2,36,Partially Completed,1
COMP-001036,LG-001036,2078965155.84,2078965155.84,2042674345.43,36290810.41,2587,2541,46,36,Partially Completed,1
COMP-001037,LG-001037,19442307117.68,19442307117.68,17233140353.66,2209166764.02,4525,4010,515,56,Partially Completed,0
COMP-001038,LG-001038,25535888664.49,25535888664.49,23618380483.26,1917508181.23,2738,2532,206,30,Partially Completed,2
COMP-001039,LG-001039,36458664243.66,36458664243.66,36203148040.02,255516203.64,1071,1063,8,27,Partially Completed,1
COMP-001040,LG-001040,39294370850.63,39294370850.63,37395128023.09,1899242827.54,2168,2063,105,49,Partially Completed,3
COMP-001041,LG-001041,13970529733.34,12573476760.01,6915412218.01,5658064542.0,3356,1845,1511,104,Partially Completed,11
COMP-001042,LG-001042,33469066028.69,33469066028.69,32551495672.08,917570356.61,4489,4365,124,28,Partially Completed,3
COMP-001043,LG-001043,42778352693.68,42778352693.68,40874769366.64,1903583327.04,4081,3899,182,56,Partially Completed,3
COMP-001044,LG-001044,25445282825.96,25445282825.96,23192129832.28,2253152993.68,3350,3053,297,31,Partially Completed,2
COMP-001045,LG-001045,18285465141.9,15542645370.62,6527911055.66,9014734314.96,4342,1823,2519,138,In Progress,19
COMP-001046,LG-001046,30576447536.55,30576447536.55,27739532309.39,2836915227.16,155,140,15,49,Partially Completed,0
COMP-001047,LG-001047,9596961257.41,8637265131.67,4750495822.42,3886769309.25,4082,2245,1837,176,Partially Completed,10
COMP-001048,LG-001048,8056178018.08,8056178018.08,7128530940.27,927647077.81,1420,1256,164,20,Partially Completed,2
COMP-001049,LG-001049,31651120670.93,31651120670.93,26921376395.51,4729744275.42,1572,1337,235,20,Partially Completed,2
COMP-001050,LG-001050,37748913663.87,33974022297.48,18685712263.61,15288310033.87,2426,1334,1092,80,Partially Completed,5
COMP-001051,LG-001051,15825600893.03,13451760759.08,5649739518.81,7802021240.27,3950,1659,2291,66,In Progress,24
COMP-001052,LG-001052,8437656613.36,7593890952.02,4176640023.61,3417250928.41,2060,1133,927,71,Partially Completed,12
COMP-001053,LG-001053,36090735530.35,36090735530.35,34376054332.34,1714681198.01,1475,1404,71,26,Partially Completed,2
COMP-001054,LG-001054,18975526079.12,18975526079.12,17470929865.0,1504596214.12,4357,4011,346,38,Partially Completed,3
COMP-001055,LG-001055,33564756236.04,33564756236.04,31850357273.21,1714398962.83,3138,2977,161,38,Partially Completed,3
COMP-001056,LG-001056,30750504949.58,30750504949.58,29857390170.74,893114778.84,1403,1362,41,21,Partially Completed,1
COMP-001057,LG-001057,27466140430.79,27466140430.79,24450377553.24,3015762877.55,2885,2568,317,46,Partially Completed,0
COMP-001058,LG-001058,26153154072.87,22230180961.94,9336676004.01,12893504957.93,3432,1441,1991,87,In Progress,15
COMP-001059,LG-001059,2362364337.62,2126127903.86,1169370347.12,956757556.74,3352,1843,1509,113,Partially Completed,5
COMP-001060,LG-001060,11669195978.27,11669195978.27,10033468707.31,1635727270.96,4150,3568,582,59,Partially Completed,3
COMP-001061,LG-001061,16556530861.42,16556530861.42,15496043210.19,1060487651.23,661,618,43,17,Partially Completed,3
COMP-001062,LG-001062,3413730382.43,3413730382.43,3202506547.15,211223835.28,3716,3486,230,37,Partially Completed,3
COMP-001063,LG-001063,31979729819.35,31979729819.35,31714740535.42,264989283.93,3330,3302,28,24,Partially Completed,2
COMP-001064,LG-001064,14783694925.0,12566140686.25,5277779088.22,7288361598.03,2587,1086,1501,166,In Progress,17
COMP-001065,LG-001065,20045904915.15,18041314423.64,9922722933.0,8118591490.64,2396,1317,1079,159,Partially Completed,7
COMP-001066,LG-001066,29007202148.61,29007202148.61,27466827452.0,1540374696.61,371,351,20,16,Partially Completed,3
COMP-001067,LG-001067,37165964935.67,37165964935.67,33980672949.67,3185291986.0,2930,2678,252,48,Partially Completed,0
COMP-001068,LG-001068,11636002163.46,11636002163.46,10294869320.12,1341132843.34,4147,3669,478,41,Partially Completed,3
COMP-001069,LG-001069,11713463387.53,9956443879.4,4181706429.35,5774737450.05,2885,1211,1674,65,In Progress,19
COMP-001070,LG-001070,11170119393.28,10053107453.95,5529209099.67,4523898354.28,3913,2152,1761,163,Partially Completed,6
COMP-001071,LG-001071,32148441451.7,32148441451.7,30536905024.43,1611536427.27,2949,2801,148,58,Partially Completed,0
COMP-001072,LG-001072,9991761514.45,8992585363.01,4945921949.66,4046663413.35,2068,1137,931,173,Partially Completed,5
COMP-001073,LG-001073,37482316605.22,37482316605.22,32091886953.14,5390429652.08,56,47,9,51,Partially Completed,2
COMP-001074,LG-001074,42802674949.32,38522407454.39,21187324099.91,17335083354.48,938,515,423,141,Partially Completed,12
COMP-001075,LG-001075,40324655911.33,40324655911.33,38305048994.91,2019606916.42,3845,3652,193,57,Partially Completed,1
COMP-001076,LG-001076,7461701419.86,7461701419.86,7319651899.06,142049520.8,3944,3868,76,59,Partially Completed,0
COMP-001077,LG-001077,20022875513.89,20022875513.89,18879381332.87,1143494181.02,1489,1403,86,41,Partially Completed,1
COMP-001078,LG-001078,32057544775.37,32057544775.37,27482267563.67,4575277211.7,440,377,63,16,Partially Completed,3
COMP-001079,LG-001079,27440077177.94,27440077177.94,25295795124.07,2144282053.87,3720,3429,291,41,Partially Completed,1
COMP-001080,LG-001080,35206007903.03,31685407112.73,17426973912.0,14258433200.73,3013,1657,1356,121,Partially Completed,8
COMP-001081,LG-001081,6217350145.76,5595615131.18,3077588322.15,2518026809.03,4322,2377,1945,107,Partially Completed,7
COMP-001082,LG-001082,4918361490.34,4426525341.31,2434588937.72,1991936403.59,3232,1777,1455,98,Partially Completed,10
COMP-001083,LG-001083,19508621929.49,19508621929.49,18629396148.92,879225780.57,227,216,11,24,Partially Completed,2
COMP-001084,LG-001084,13900785432.62,12510706889.36,6880888789.15,5629818100.21,2966,1631,1335,65,Partially Completed,11
COMP-001085,LG-001085,5079011825.53,5079011825.53,4568028803.25,510983022.28,2974,2674,300,22,Partially Completed,2
COMP-001086,LG-001086,22079271608.98,19871344448.08,10929239446.44,8942105001.64,925,508,417,65,Partially Completed,9
COMP-001087,LG-001087,3957956423.98,3562160781.58,1959188429.87,1602972351.71,4796,2637,2159,126,Partially Completed,6
COMP-001088,LG-001088,10885253750.42,9796728375.38,5388200606.46,4408527768.92,3124,1718,1406,127,Partially Completed,10
COMP-001089,LG-001089,11173128912.91,11173128912.91,9522002906.99,1651126005.92,4738,4037,701,41,Partially Completed,1
COMP-001090,LG-001090,27920180107.27,25128162096.54,13820489153.1,11307672943.44,413,227,186,159,Partially Completed,12
COMP-001091,LG-001091,9137826008.03,9137826008.03,8343376526.15,794449481.88,4029,3678,351,45,Partially Completed,2
COMP-001092,LG-001092,16119053040.87,16119053040.87,15307338912.39,811714128.48,717,680,37,28,Partially Completed,1
COMP-001093,LG-001093,15286256747.13,12993318235.06,5457193658.73,7536124576.33,4519,1897,2622,179,In Progress,24
COMP-001094,LG-001094,9819468654.4,9819468654.4,9476018593.53,343450060.87,3893,3756,137,46,Partially Completed,1
COMP-001095,LG-001095,12779767502.99,11501790752.69,6325984913.98,5175805838.71,3343,1838,1505,177,Partially Completed,11
COMP-001096,LG-001096,42278616068.83,38050754461.95,20927914954.07,17122839507.88,2865,1575,1290,107,Partially Completed,6
COMP-001097,LG-001097,26389609572.19,22431168136.36,9421090617.27,13010077519.09,124,52,72,157,In Progress,25
COMP-001098,LG-001098,29763593286.38,29763593286.38,27493745206.75,2269848079.63,1203,1111,92,38,Partially Completed,2
COMP-001099,LG-001099,17301693141.02,15571523826.92,8564338104.81,7007185722.11,11,6,5,175,Partially Completed,10
COMP-001100,LG-001100,25726335491.69,25726335491.69,23062939540.73,2663395950.96,3495,3133,362,51,Partially Completed,2
COMP-001101,LG-001101,45992612290.3,41393351061.27,22766343083.7,18627007977.57,4725,2598,2127,112,Partially Completed,11
COMP-001102,LG-001102,32952995840.11,29657696256.1,16311732940.85,13345963315.25,328,180,148,106,Partially Completed,6
COMP-001103,LG-001103,14845926074.97,14845926074.97,13710716463.06,1135209611.91,2394,2210,184,43,Partially Completed,2
COMP-001104,LG-001104,9180084571.53,7803071885.8,3277290192.04,4525781693.76,3416,1434,1982,175,In Progress,16
COMP-001105,LG-001105,24194593488.07,24194593488.07,22792208266.45,1402385221.62,3929,3701,228,42,Partially Completed,0
COMP-001106,LG-001106,21088731231.0,21088731231.0,19137183183.1,1951548047.9,4251,3857,394,53,Partially Completed,3
COMP-001107,LG-001107,10540794253.5,8959675115.48,3763063548.5,5196611566.98,4188,1758,2430,170,In Progress,18
COMP-001108,LG-001108,23868400584.95,20288140497.21,8521019008.83,11767121488.38,593,249,344,161,In Progress,18
COMP-001109,LG-001109,13120570301.03,13120570301.03,12395511755.53,725058545.5,2363,2232,131,43,Partially Completed,0
COMP-001110,LG-001110,19469071031.63,19469071031.63,17088650584.44,2380420447.19,452,396,56,60,Partially Completed,3
COMP-001111,LG-001111,18182098685.48,15454783882.66,6491009230.72,8963774651.94,3906,1640,2266,140,In Progress,20
COMP-001112,LG-001112,36947164878.54,33252448390.69,18288846614.88,14963601775.81,682,375,307,95,Partially Completed,6
COMP-001113,LG-001113,12849149750.72,11564234775.65,6360329126.61,5203905649.04,2303,1266,1037,172,Partially Completed,6
COMP-001114,LG-001114,25161896592.51,25161896592.51,23531310149.48,1630586443.03,3339,3122,217,58,Partially Completed,3
COMP-001115,LG-001115,9355340893.57,9355340893.57,8299849795.95,1055491097.62,370,328,42,57,Partially Completed,3
COMP-001116,LG-001116,28536872333.12,28536872333.12,26700365274.1,1836507059.02,929,869,60,58,Partially Completed,3
COMP-001117,LG-001117,44143143455.39,44143143455.39,39157485094.15,4985658361.24,1647,1460,187,37,Partially Completed,0
COMP-001118,LG-001118,30624585462.49,27562126916.24,15159169803.93,12402957112.31,2892,1590,1302,135,Partially Completed,11
COMP-001119,LG-001119,32366115249.08,32366115249.08,29232489052.85,3133626196.23,4854,4384,470,48,Partially Completed,2
COMP-001120,LG-001120,20924299295.14,20924299295.14,20363459371.63,560839923.51,3006,2925,81,38,Partially Completed,3
COMP-001121,LG-001121,243072265.79,243072265.79,223489334.17,19582931.62,1221,1122,99,31,Partially Completed,3
COMP-001122,LG-001122,34517804077.91,34517804077.91,32494931034.56,2022873043.35,2408,2266,142,48,Partially Completed,1
COMP-001123,LG-001123,26963408205.32,26963408205.32,24846057963.43,2117350241.89,926,853,73,51,Partially Completed,1
COMP-001124,LG-001124,15251606092.92,13726445483.63,7549545016.0,6176900467.63,3284,1806,1478,172,Partially Completed,9
COMP-001125,LG-001125,46727248638.11,46727248638.11,41555810926.25,5171437711.86,1500,1333,167,45,Partially Completed,3
COMP-001126,LG-001126,4992988856.95,4992988856.95,4566508354.91,426480502.04,3015,2757,258,24,Partially Completed,3
COMP-001127,LG-001127,32352154324.77,32352154324.77,28216499600.22,4135654724.55,4518,3940,578,57,Partially Completed,2
COMP-001128,LG-001128,29745008856.53,29745008856.53,26002345591.79,3742663264.74,3876,3388,488,50,Partially Completed,2
COMP-001129,LG-001129,1958804989.12,1958804989.12,1829569976.95,129235012.17,1375,1284,91,43,Partially Completed,3
COMP-001130,LG-001130,4906275977.55,4906275977.55,4374954735.36,531321242.19,2619,2335,284,45,Partially Completed,2
COMP-001131,LG-001131,24098229625.9,24098229625.9,23591957616.54,506272009.36,1789,1751,38,60,Partially Completed,3
COMP-001132,LG-001132,37224702825.89,31640997402.01,13289218908.84,18351778493.17,4480,1881,2599,106,In Progress,25
COMP-001133,LG-001133,21268937547.78,21268937547.78,21176391927.85,92545619.93,4382,4362,20,50,Partially Completed,1
COMP-001134,LG-001134,3276757211.17,3276757211.17,2832595646.88,444161564.29,3045,2632,413,52,Partially Completed,3
COMP-001135,LG-001135,19111923547.01,19111923547.01,17485859236.77,1626064310.24,1030,942,88,31,Partially Completed,2
COMP-001136,LG-001136,48289751817.56,48289751817.56,45339704481.61,2950047335.95,4642,4358,284,55,Partially Completed,0
COMP-001137,LG-001137,23675402405.76,20124092044.9,8452118658.86,11671973386.04,49,20,29,160,In Progress,12
COMP-001138,LG-001138,5029667812.49,4526701031.24,2489685567.18,2037015464.06,479,263,216,137,Partially Completed,8
COMP-001139,LG-001139,22218998369.09,22218998369.09,19224321492.82,2994676876.27,1580,1367,213,60,Partially Completed,1
COMP-001140,LG-001140,4320962752.29,4320962752.29,3806487969.07,514474783.22,1650,1453,197,43,Partially Completed,2
COMP-001141,LG-001141,28715840444.77,24408464378.05,10251555038.78,14156909339.27,2027,851,1176,171,In Progress,18
COMP-001142,LG-001142,14434686307.12,12991217676.41,7145169722.03,5846047954.38,102,56,46,139,Partially Completed,6
COMP-001143,LG-001143,33215046964.56,33215046964.56,31604941259.74,1610105704.82,2357,2242,115,43,Partially Completed,0
COMP-001144,LG-001144,40103431962.12,40103431962.12,39113585539.68,989846422.44,3776,3682,94,29,Partially Completed,3
COMP-001145,LG-001145,14167412790.87,14167412790.87,13351977445.86,815435345.01,4552,4290,262,18,Partially Completed,3
COMP-001146,LG-001146,27667531530.93,24900778377.84,13695428107.81,11205350270.03,3968,2182,1786,160,Partially Completed,10
COMP-001147,LG-001147,28226038167.87,28226038167.87,24732093002.78,3493945165.09,2016,1766,250,32,Partially Completed,2
COMP-001148,LG-001148,29201117762.11,24820950097.79,10424799041.07,14396151056.72,1686,708,978,119,In Progress,21
COMP-001149,LG-001149,30015398994.1,30015398994.1,29365038006.54,650360987.56,4294,4200,94,51,Partially Completed,3
COMP-001150,LG-001150,30701769435.59,30701769435.59,29025960975.87,1675808459.72,2564,2424,140,54,Partially Completed,3
COMP-001151,LG-001151,39371367099.71,39371367099.71,38625300183.52,746066916.19,615,603,12,28,Partially Completed,0
COMP-001152,LG-001152,24019253242.38,20416365256.02,8574873407.53,11841491848.49,3024,1270,1754,164,In Progress,13
COMP-001153,LG-001153,26336015297.86,23702413768.07,13036327572.44,10666086195.63,2925,1608,1317,143,Partially Completed,5
COMP-001154,LG-001154,42136550217.56,35816067684.93,15042748427.67,20773319257.26,508,213,295,61,In Progress,24
COMP-001155,LG-001155,8024251715.01,8024251715.01,7804758583.71,219493131.3,2612,2540,72,34,Partially Completed,0
COMP-001156,LG-001156,45526833064.13,45526833064.13,43007805224.06,2519027840.07,4880,4609,271,38,Partially Completed,0
COMP-001157,LG-001157,8223288901.12,8223288901.12,7371307879.29,851981021.83,3285,2944,341,17,Partially Completed,2
COMP-001158,LG-001158,20352491727.25,20352491727.25,17551829857.78,2800661869.47,3121,2691,430,39,Partially Completed,1
COMP-001159,LG-001159,23524979368.56,21172481431.7,11644864787.44,9527616644.26,3762,2069,1693,103,Partially Completed,6
COMP-001160,LG-001160,24713666106.99,21006616190.94,8822778800.19,12183837390.75,3174,1333,1841,154,In Progress,24
COMP-001161,LG-001161,7693653971.14,6539605875.47,2746634467.7,3792971407.77,3146,1321,1825,171,In Progress,22
COMP-001162,LG-001162,30152433379.88,30152433379.88,27232213580.51,2920219799.37,1873,1691,182,26,Partially Completed,2
COMP-001163,LG-001163,19521749659.16,16593487210.29,6969264628.32,9624222581.97,2588,1086,1502,157,In Progress,18
COMP-001164,LG-001164,7646272433.75,7646272433.75,7522409723.43,123862710.32,2583,2541,42,18,Partially Completed,3
COMP-001165,LG-001165,32711975913.74,32711975913.74,28098607554.63,4613368359.11,124,106,18,60,Partially Completed,3
COMP-001166,LG-001166,18562335075.32,15777984814.02,6626753621.89,9151231192.13,4375,1837,2538,75,In Progress,15
COMP-001167,LG-001167,31396346407.5,28256711766.75,15541191471.71,12715520295.04,2348,1291,1057,72,Partially Completed,10
COMP-001168,LG-001168,4754133981.93,4754133981.93,4086347476.1,667786505.83,2036,1750,286,30,Partially Completed,1
COMP-001169,LG-001169,9151327261.0,8236194534.9,4529906994.19,3706287540.71,3254,1789,1465,141,Partially Completed,8
COMP-001170,LG-001170,10864117141.55,10864117141.55,10837029941.79,27087199.76,3241,3232,9,56,Partially Completed,0
COMP-001171,LG-001171,33182714891.56,33182714891.56,31897775864.84,1284939026.72,3137,3015,122,15,Partially Completed,2
COMP-001172,LG-001172,26350642741.05,26350642741.05,24946522344.83,1404120396.22,3657,3462,195,57,Partially Completed,0
COMP-001173,LG-001173,24680581307.13,24680581307.13,22076016286.97,2604565020.16,819,732,87,18,Partially Completed,0
COMP-001174,LG-001174,19036271193.56,19036271193.56,17284228142.66,1752043050.9,1137,1032,105,55,Partially Completed,2
COMP-001175,LG-001175,24349377660.64,21914439894.58,12052941942.02,9861497952.56,3902,2146,1756,171,Partially Completed,7
COMP-001176,LG-001176,11515072510.27,10363565259.24,5699960892.58,4663604366.66,1971,1084,887,78,Partially Completed,8
COMP-001177,LG-001177,17840205408.55,17840205408.55,16055822608.97,1784382799.58,3682,3313,369,27,Partially Completed,2
COMP-001178,LG-001178,25889592031.61,25889592031.61,25549827708.98,339764322.63,2696,2660,36,42,Partially Completed,2
COMP-001179,LG-001179,41228835157.41,41228835157.41,39170152070.29,2058683087.12,1963,1864,99,56,Partially Completed,2
COMP-001180,LG-001180,3744402752.98,3182742340.03,1336751782.81,1845990557.22,3866,1623,2243,69,In Progress,21
COMP-001181,LG-001181,22025742089.91,18721880776.42,7863189926.1,10858690850.32,523,219,304,68,In Progress,21
COMP-001182,LG-001182,26874997152.1,22843747579.28,9594373983.3,13249373595.98,4623,1941,2682,74,In Progress,22
COMP-001183,LG-001183,11211621871.75,11211621871.75,10694757965.46,516863906.29,392,373,19,17,Partially Completed,2
COMP-001184,LG-001184,18707583688.34,18707583688.34,15911693465.31,2795890223.03,2902,2468,434,39,Partially Completed,2
COMP-001185,LG-001185,34678099333.45,34678099333.45,30367032004.05,4311067329.4,3443,3014,429,51,Partially Completed,3
COMP-001186,LG-001186,8967175803.77,8070458223.39,4438752022.86,3631706200.53,2996,1647,1349,94,Partially Completed,11
COMP-001187,LG-001187,24816941117.68,24816941117.68,22890964112.38,1925977005.3,2231,2057,174,52,Partially Completed,0
COMP-001188,LG-001188,19890598816.25,19890598816.25,19147567552.51,743031263.74,2819,2713,106,38,Partially Completed,2
COMP-001189,LG-001189,14303115814.43,14303115814.43,12568419437.93,1734696376.5,1301,1143,158,16,Partially Completed,0
COMP-001190,LG-001190,4914463107.15,4914463107.15,4486305917.83,428157189.32,2510,2291,219,48,Partially Completed,3
COMP-001191,LG-001191,20837562666.0,18753806399.4,10314593519.67,8439212879.73,4616,2538,2078,60,Partially Completed,10
COMP-001192,LG-001192,21605987375.12,21605987375.12,19284519051.96,2321468323.16,4333,3867,466,21,Partially Completed,0
COMP-001193,LG-001193,17238243257.32,17238243257.32,15854846118.02,1383397139.3,1662,1528,134,46,Partially Completed,3
COMP-001194,LG-001194,29297871251.41,29297871251.41,25322482223.03,3975389028.38,3881,3354,527,55,Partially Completed,2
COMP-001195,LG-001195,19747339085.98,19747339085.98,17472057212.06,2275281873.92,2491,2203,288,36,Partially Completed,0
COMP-001196,LG-001196,4803975132.37,4803975132.37,4202842805.35,601132327.02,2460,2152,308,15,Partially Completed,2
COMP-001197,LG-001197,12270029746.77,11043026772.09,6073664724.65,4969362047.44,4402,2421,1981,173,Partially Completed,12
COMP-001198,LG-001198,31127741543.04,31127741543.04,30271628115.72,856113427.32,2097,2039,58,23,Partially Completed,3
COMP-001199,LG-001199,23272020345.81,23272020345.81,20877317703.52,2394702642.29,1001,897,104,51,Partially Completed,1
COMP-001200,LG-001200,9630059788.0,9630059788.0,9222053074.75,408006713.25,98,93,5,47,Partially Completed,2
