doc_id,project_id,document_type,submitted_flag,verified_flag,issue_flag,submission_date,verification_date,doc_status
DOC-0000001,LG-000001,Compensation Document,1,0,0,2018-12-29,,Submitted
DOC-0000002,LG-000001,Land Record,1,1,0,2018-12-04,2018-12-18,Verified
DOC-0000003,LG-000001,Ownership Proof,1,1,0,2019-01-07,2019-01-30,Verified
DOC-0000004,LG-000001,Ownership Proof,1,1,0,2018-11-22,2018-12-19,Verified
DOC-0000005,LG-000001,Compensation Document,1,0,0,2018-12-18,,Submitted
DOC-0000006,LG-000001,Compensation Document,1,1,1,2018-12-17,2019-01-15,Verified
DOC-0000007,LG-000001,Identity Document,1,1,0,2018-11-29,2019-01-01,Verified
DOC-0000008,LG-000001,Compensation Document,1,1,0,2018-12-06,2019-01-09,Verified
DOC-0000009,LG-000001,Survey Record,1,0,0,2019-01-03,,Submitted
DOC-0000010,LG-000001,Ownership Proof,1,1,0,2018-11-24,2018-12-08,Verified
DOC-0000011,LG-000001,Identity Document,1,1,0,2018-11-23,2018-12-16,Verified
DOC-0000012,LG-000001,Identity Document,1,1,0,2019-01-11,2019-02-03,Verified
DOC-0000013,LG-000001,Compensation Document,1,1,0,2019-01-12,2019-02-19,Verified
DOC-0000014,LG-000001,Identity Document,1,0,0,2019-01-06,,Submitted
DOC-0000015,LG-000002,Survey Record,0,0,0,,,Pending
DOC-0000016,LG-000002,Compensation Document,1,0,0,2018-12-10,,Submitted
DOC-0000017,LG-000002,Survey Record,1,0,1,2018-12-19,,Submitted
DOC-0000018,LG-000002,Identity Document,1,1,0,2018-11-30,2018-12-30,Verified
DOC-0000019,LG-000002,Identity Document,1,0,1,2018-12-07,,Submitted
DOC-0000020,LG-000002,Land Record,1,1,0,2018-11-17,2018-12-18,Verified
DOC-0000021,LG-000002,Identity Document,1,1,1,2018-11-15,2018-12-16,Verified
DOC-0000022,LG-000002,Survey Record,1,1,0,2018-11-17,2018-12-05,Verified
DOC-0000023,LG-000002,Compensation Document,0,0,1,,,Pending
DOC-0000024,LG-000002,Identity Document,1,0,1,2018-11-26,,Submitted
DOC-0000025,LG-000002,Compensation Document,0,0,1,,,Pending
DOC-0000026,LG-000002,Compensation Document,1,1,1,2018-11-10,2018-11-28,Verified
DOC-0000027,LG-000002,Identity Document,0,0,0,,,Pending
DOC-0000028,LG-000002,Compensation Document,0,0,1,,,Pending
DOC-0000029,LG-000003,Compensation Document,1,0,0,2018-12-11,,Submitted
DOC-0000030,LG-000003,Land Record,1,1,1,2018-12-24,2019-01-23,Verified
DOC-0000031,LG-000003,Land Record,1,1,0,2019-01-20,2019-02-12,Verified
DOC-0000032,LG-000003,Land Record,1,1,0,2019-01-10,2019-01-23,Verified
DOC-0000033,LG-000003,Compensation Document,1,1,0,2019-01-02,2019-02-02,Verified
DOC-0000034,LG-000003,Land Record,1,1,0,2019-01-05,2019-02-04,Verified
DOC-0000035,LG-000003,Survey Record,1,1,1,2018-12-27,2019-01-07,Verified
DOC-0000036,LG-000003,Survey Record,1,1,0,2019-01-02,2019-01-15,Verified
DOC-0000037,LG-000003,Ownership Proof,1,1,0,2019-01-04,2019-01-22,Verified
DOC-0000038,LG-000003,Ownership Proof,1,1,0,2018-12-15,2019-01-15,Verified
DOC-0000039,LG-000003,Ownership Proof,1,1,0,2019-01-29,2019-02-18,Verified
DOC-0000040,LG-000003,Compensation Document,1,1,0,2019-02-01,2019-03-07,Verified
DOC-0000041,LG-000003,Ownership Proof,1,0,0,2018-12-31,,Submitted
DOC-0000042,LG-000003,Compensation Document,1,1,0,2018-12-19,2019-01-02,Verified
DOC-0000043,LG-000003,Ownership Proof,1,0,0,2018-12-11,,Submitted
DOC-0000044,LG-000004,Survey Record,1,0,0,2024-03-29,,Submitted
DOC-0000045,LG-000004,Ownership Proof,1,0,1,2024-03-25,,Submitted
DOC-0000046,LG-000004,Survey Record,1,1,1,2024-05-01,2024-05-16,Verified
DOC-0000047,LG-000004,Compensation Document,1,0,0,2024-04-13,,Submitted
DOC-0000048,LG-000004,Survey Record,0,0,1,,,Pending
DOC-0000049,LG-000004,Identity Document,0,0,0,,,Pending
DOC-0000050,LG-000004,Ownership Proof,1,1,1,2024-04-30,2024-06-06,Verified
DOC-0000051,LG-000004,Identity Document,1,1,0,2024-04-14,2024-05-03,Verified
DOC-0000052,LG-000004,Land Record,0,0,1,,,Pending
DOC-0000053,LG-000004,Compensation Document,1,1,1,2024-05-14,2024-05-28,Verified
DOC-0000054,LG-000004,Compensation Document,0,0,1,,,Pending
DOC-0000055,LG-000004,Identity Document,1,1,0,2024-04-05,2024-04-25,Verified
DOC-0000056,LG-000004,Ownership Proof,0,0,1,,,Pending
DOC-0000057,LG-000004,Land Record,0,0,1,,,Pending
DOC-0000058,LG-000005,Ownership Proof,1,1,0,2021-10-14,2021-10-26,Verified
DOC-0000059,LG-000005,Compensation Document,1,1,0,2021-11-11,2021-11-22,Verified
DOC-0000060,LG-000005,Land Record,1,1,0,2021-11-03,2021-12-07,Verified
DOC-0000061,LG-000005,Ownership Proof,1,1,0,2021-11-16,2021-12-04,Verified
DOC-0000062,LG-000005,Identity Document,1,0,0,2021-11-08,,Submitted
DOC-0000063,LG-000005,Identity Document,1,0,0,2021-11-20,,Submitted
DOC-0000064,LG-000005,Land Record,1,1,0,2021-11-06,2021-11-22,Verified
DOC-0000065,LG-000006,Compensation Document,1,1,1,2018-10-09,2018-10-25,Verified
DOC-0000066,LG-000006,Compensation Document,1,1,0,2018-10-02,2018-10-31,Verified
DOC-0000067,LG-000006,Ownership Proof,1,0,1,2018-10-10,,Submitted
DOC-0000068,LG-000006,Identity Document,0,0,0,,,Pending
DOC-0000069,LG-000006,Land Record,0,0,1,,,Pending
DOC-0000070,LG-000006,Identity Document,1,1,0,2018-11-06,2018-12-15,Verified
DOC-0000071,LG-000006,Survey Record,1,0,1,2018-10-16,,Submitted
DOC-0000072,LG-000006,Compensation Document,1,1,0,2018-11-01,2018-11-18,Verified
DOC-0000073,LG-000006,Ownership Proof,1,1,0,2018-10-07,2018-10-30,Verified
DOC-0000074,LG-000006,Identity Document,1,0,1,2018-11-15,,Submitted
DOC-0000075,LG-000007,Survey Record,1,1,1,2023-07-21,2023-08-10,Verified
DOC-0000076,LG-000007,Identity Document,1,1,1,2023-07-25,2023-08-19,Verified
DOC-0000077,LG-000007,Ownership Proof,0,0,1,,,Pending
DOC-0000078,LG-000007,Ownership Proof,0,0,1,,,Pending
DOC-0000079,LG-000007,Land Record,1,1,1,2023-06-11,2023-07-07,Verified
DOC-0000080,LG-000007,Land Record,1,0,1,2023-06-11,,Submitted
DOC-0000081,LG-000007,Land Record,1,1,0,2023-07-23,2023-08-06,Verified
DOC-0000082,LG-000007,Compensation Document,1,1,0,2023-07-18,2023-08-18,Verified
DOC-0000083,LG-000007,Identity Document,1,1,0,2023-07-12,2023-08-08,Verified
DOC-0000084,LG-000007,Survey Record,0,0,1,,,Pending
DOC-0000085,LG-000007,Identity Document,1,0,1,2023-07-22,,Submitted
DOC-0000086,LG-000007,Ownership Proof,1,1,0,2023-06-14,2023-07-10,Verified
DOC-0000087,LG-000007,Identity Document,1,1,0,2023-06-30,2023-07-18,Verified
DOC-0000088,LG-000007,Identity Document,0,0,1,,,Pending
DOC-0000089,LG-000008,Identity Document,1,1,0,2023-08-25,2023-09-14,Verified
DOC-0000090,LG-000008,Ownership Proof,0,0,0,,,Pending
DOC-0000091,LG-000008,Identity Document,1,1,1,2023-08-13,2023-08-30,Verified
DOC-0000092,LG-000008,Ownership Proof,1,1,1,2023-08-21,2023-09-16,Verified
DOC-0000093,LG-000008,Land Record,1,0,0,2023-08-03,,Submitted
DOC-0000094,LG-000008,Ownership Proof,0,0,1,,,Pending
DOC-0000095,LG-000008,Survey Record,1,1,1,2023-08-10,2023-09-04,Verified
DOC-0000096,LG-000008,Survey Record,1,1,1,2023-07-28,2023-08-09,Verified
DOC-0000097,LG-000008,Land Record,0,0,1,,,Pending
DOC-0000098,LG-000008,Ownership Proof,1,1,1,2023-07-18,2023-08-26,Verified
DOC-0000099,LG-000008,Identity Document,1,1,0,2023-08-04,2023-09-13,Verified
DOC-0000100,LG-000008,Identity Document,1,1,0,2023-08-17,2023-09-17,Verified
DOC-0000101,LG-000008,Identity Document,1,1,1,2023-08-05,2023-09-02,Verified
DOC-0000102,LG-000008,Land Record,1,1,0,2023-08-25,2023-09-26,Verified
DOC-0000103,LG-000009,Land Record,1,1,0,2020-01-20,2020-02-03,Verified
DOC-0000104,LG-000009,Ownership Proof,1,1,1,2020-02-03,2020-03-09,Verified
DOC-0000105,LG-000009,Compensation Document,1,1,0,2020-02-21,2020-03-21,Verified
DOC-0000106,LG-000009,Survey Record,1,1,0,2020-03-08,2020-04-08,Verified
DOC-0000107,LG-000009,Land Record,1,1,0,2020-02-08,2020-02-27,Verified
DOC-0000108,LG-000009,Ownership Proof,1,1,0,2020-02-07,2020-02-20,Verified
DOC-0000109,LG-000009,Survey Record,1,1,0,2020-01-14,2020-02-04,Verified
DOC-0000110,LG-000009,Ownership Proof,1,1,0,2020-02-06,2020-03-04,Verified
DOC-0000111,LG-000009,Land Record,1,1,0,2020-01-15,2020-02-12,Verified
DOC-0000112,LG-000009,Land Record,0,0,0,,,Pending
DOC-0000113,LG-000009,Identity Document,1,1,0,2020-02-28,2020-03-25,Verified
DOC-0000114,LG-000009,Ownership Proof,1,1,0,2020-02-17,2020-03-17,Verified
DOC-0000115,LG-000009,Ownership Proof,1,1,0,2020-01-27,2020-03-02,Verified
DOC-0000116,LG-000009,Land Record,1,1,0,2020-03-07,2020-04-06,Verified
DOC-0000117,LG-000010,Survey Record,1,0,0,2019-03-05,,Submitted
DOC-0000118,LG-000010,Survey Record,1,1,0,2019-03-15,2019-04-21,Verified
DOC-0000119,LG-000010,Land Record,1,1,1,2019-02-15,2019-03-13,Verified
DOC-0000120,LG-000010,Identity Document,1,0,1,2019-01-22,,Submitted
DOC-0000121,LG-000010,Land Record,1,1,0,2019-01-27,2019-02-20,Verified
DOC-0000122,LG-000010,Ownership Proof,1,0,0,2019-03-15,,Submitted
DOC-0000123,LG-000010,Land Record,1,1,0,2019-03-02,2019-04-11,Verified
DOC-0000124,LG-000010,Land Record,1,0,0,2019-01-22,,Submitted
DOC-0000125,LG-000010,Survey Record,1,1,0,2019-01-26,2019-03-05,Verified
DOC-0000126,LG-000010,Identity Document,1,1,0,2019-02-26,2019-03-21,Verified
DOC-0000127,LG-000010,Ownership Proof,1,1,0,2019-02-12,2019-02-28,Verified
DOC-0000128,LG-000010,Compensation Document,1,1,0,2019-03-01,2019-03-30,Verified
DOC-0000129,LG-000011,Compensation Document,1,1,1,2020-11-14,2020-12-19,Verified
DOC-0000130,LG-000011,Ownership Proof,1,1,0,2020-11-29,2020-12-23,Verified
DOC-0000131,LG-000011,Ownership Proof,1,0,0,2020-10-24,,Submitted
DOC-0000132,LG-000011,Identity Document,0,0,0,,,Pending
DOC-0000133,LG-000011,Survey Record,1,1,0,2020-11-19,2020-12-07,Verified
DOC-0000134,LG-000011,Identity Document,1,1,0,2020-11-05,2020-12-02,Verified
DOC-0000135,LG-000011,Compensation Document,1,1,1,2020-12-06,2020-12-16,Verified
DOC-0000136,LG-000011,Compensation Document,1,1,0,2020-10-21,2020-11-04,Verified
DOC-0000137,LG-000011,Land Record,1,1,1,2020-10-18,2020-11-15,Verified
DOC-0000138,LG-000011,Identity Document,1,1,1,2020-11-07,2020-11-25,Verified
DOC-0000139,LG-000011,Identity Document,1,1,0,2020-10-23,2020-11-10,Verified
DOC-0000140,LG-000012,Ownership Proof,1,0,0,2020-03-02,,Submitted
DOC-0000141,LG-000012,Land Record,1,1,0,2020-02-13,2020-03-15,Verified
DOC-0000142,LG-000012,Identity Document,1,0,1,2020-01-26,,Submitted
DOC-0000143,LG-000012,Survey Record,1,0,1,2020-01-25,,Submitted
DOC-0000144,LG-000012,Ownership Proof,0,0,0,,,Pending
DOC-0000145,LG-000012,Identity Document,1,1,1,2020-01-30,2020-02-20,Verified
DOC-0000146,LG-000012,Identity Document,1,0,0,2020-01-31,,Submitted
DOC-0000147,LG-000012,Compensation Document,1,0,1,2020-01-25,,Submitted
DOC-0000148,LG-000012,Land Record,1,0,0,2020-02-19,,Submitted
DOC-0000149,LG-000012,Identity Document,1,0,0,2020-02-01,,Submitted
DOC-0000150,LG-000012,Ownership Proof,1,0,0,2020-01-24,,Submitted
DOC-0000151,LG-000013,Ownership Proof,1,1,1,2023-12-29,2024-02-07,Verified
DOC-0000152,LG-000013,Survey Record,1,1,0,2023-11-25,2023-12-29,Verified
DOC-0000153,LG-000013,Compensation Document,1,1,1,2024-01-02,2024-01-25,Verified
DOC-0000154,LG-000013,Land Record,1,1,0,2023-12-21,2024-01-03,Verified
DOC-0000155,LG-000013,Ownership Proof,1,0,0,2023-12-05,,Submitted
DOC-0000156,LG-000013,Survey Record,1,1,0,2023-11-21,2023-12-23,Verified
DOC-0000157,LG-000013,Compensation Document,1,1,0,2023-12-16,2023-12-29,Verified
DOC-0000158,LG-000013,Compensation Document,1,1,0,2024-01-04,2024-02-03,Verified
DOC-0000159,LG-000013,Land Record,1,1,0,2024-01-01,2024-01-20,Verified
DOC-0000160,LG-000013,Compensation Document,1,1,1,2023-12-31,2024-01-20,Verified
DOC-0000161,LG-000013,Identity Document,1,1,0,2024-01-12,2024-02-15,Verified
DOC-0000162,LG-000013,Compensation Document,1,1,0,2023-12-29,2024-01-19,Verified
DOC-0000163,LG-000013,Identity Document,1,1,0,2023-11-30,2023-12-19,Verified
DOC-0000164,LG-000013,Compensation Document,1,1,0,2023-11-29,2024-01-01,Verified
DOC-0000165,LG-000013,Ownership Proof,1,0,0,2023-12-04,,Submitted
DOC-0000166,LG-000014,Survey Record,1,1,0,2022-08-10,2022-09-07,Verified
DOC-0000167,LG-000014,Land Record,1,1,0,2022-07-15,2022-08-10,Verified
DOC-0000168,LG-000014,Ownership Proof,1,1,0,2022-07-31,2022-08-31,Verified
DOC-0000169,LG-000014,Compensation Document,1,0,0,2022-07-28,,Submitted
DOC-0000170,LG-000014,Survey Record,1,1,0,2022-07-22,2022-08-31,Verified
DOC-0000171,LG-000014,Ownership Proof,0,0,0,,,Pending
DOC-0000172,LG-000014,Survey Record,1,1,0,2022-07-05,2022-07-31,Verified
DOC-0000173,LG-000014,Survey Record,1,1,0,2022-06-24,2022-07-24,Verified
DOC-0000174,LG-000014,Survey Record,1,1,0,2022-07-09,2022-08-14,Verified
DOC-0000175,LG-000014,Compensation Document,1,1,0,2022-07-16,2022-08-06,Verified
DOC-0000176,LG-000014,Ownership Proof,1,1,0,2022-07-16,2022-08-24,Verified
DOC-0000177,LG-000014,Identity Document,1,1,0,2022-07-23,2022-08-27,Verified
DOC-0000178,LG-000014,Ownership Proof,1,0,0,2022-07-20,,Submitted
DOC-0000179,LG-000014,Ownership Proof,1,1,0,2022-07-01,2022-07-16,Verified
DOC-0000180,LG-000014,Survey Record,1,1,0,2022-07-06,2022-07-29,Verified
DOC-0000181,LG-000015,Land Record,1,1,0,2019-10-23,2019-11-25,Verified
DOC-0000182,LG-000015,Compensation Document,1,1,0,2019-11-27,2020-01-05,Verified
DOC-0000183,LG-000015,Ownership Proof,1,1,0,2019-11-30,2020-01-09,Verified
DOC-0000184,LG-000015,Compensation Document,1,1,0,2019-11-03,2019-11-26,Verified
DOC-0000185,LG-000015,Compensation Document,1,0,0,2019-10-30,,Submitted
DOC-0000186,LG-000015,Identity Document,1,1,0,2019-11-28,2019-12-16,Verified
DOC-0000187,LG-000015,Identity Document,1,1,0,2019-12-10,2019-12-30,Verified
DOC-0000188,LG-000015,Survey Record,1,1,0,2019-11-22,2019-12-05,Verified
DOC-0000189,LG-000015,Ownership Proof,1,1,1,2019-12-05,2020-01-06,Verified
DOC-0000190,LG-000015,Survey Record,1,1,0,2019-11-26,2019-12-06,Verified
DOC-0000191,LG-000016,Compensation Document,1,0,0,2023-05-28,,Submitted
DOC-0000192,LG-000016,Identity Document,1,0,0,2023-06-12,,Submitted
DOC-0000193,LG-000016,Ownership Proof,1,0,0,2023-06-11,,Submitted
DOC-0000194,LG-000016,Survey Record,1,1,0,2023-06-15,2023-07-16,Verified
DOC-0000195,LG-000016,Land Record,1,1,0,2023-05-28,2023-06-13,Verified
DOC-0000196,LG-000016,Identity Document,1,0,0,2023-06-10,,Submitted
DOC-0000197,LG-000016,Land Record,1,1,0,2023-05-03,2023-05-17,Verified
DOC-0000198,LG-000016,Survey Record,1,0,1,2023-05-20,,Submitted
DOC-0000199,LG-000016,Land Record,1,1,0,2023-05-07,2023-05-21,Verified
DOC-0000200,LG-000016,Survey Record,1,1,0,2023-06-22,2023-07-17,Verified
DOC-0000201,LG-000016,Ownership Proof,1,1,0,2023-06-24,2023-07-28,Verified
DOC-0000202,LG-000016,Ownership Proof,1,1,0,2023-06-01,2023-06-16,Verified
DOC-0000203,LG-000016,Land Record,1,0,0,2023-05-02,,Submitted
DOC-0000204,LG-000016,Land Record,1,1,0,2023-05-30,2023-06-16,Verified
DOC-0000205,LG-000017,Land Record,1,0,0,2020-10-14,,Submitted
DOC-0000206,LG-000017,Compensation Document,1,1,0,2020-11-22,2020-12-30,Verified
DOC-0000207,LG-000017,Compensation Document,1,0,0,2020-10-03,,Submitted
DOC-0000208,LG-000017,Identity Document,1,1,1,2020-10-22,2020-11-12,Verified
DOC-0000209,LG-000017,Compensation Document,1,1,0,2020-10-15,2020-11-17,Verified
DOC-0000210,LG-000017,Compensation Document,1,1,0,2020-10-04,2020-10-23,Verified
DOC-0000211,LG-000017,Ownership Proof,0,0,0,,,Pending
DOC-0000212,LG-000017,Identity Document,1,1,0,2020-11-13,2020-12-16,Verified
DOC-0000213,LG-000017,Identity Document,1,1,0,2020-10-06,2020-10-23,Verified
DOC-0000214,LG-000018,Ownership Proof,1,1,0,2019-10-18,2019-11-02,Verified
DOC-0000215,LG-000018,Identity Document,1,1,1,2019-10-27,2019-12-06,Verified
DOC-0000216,LG-000018,Ownership Proof,1,1,0,2019-10-23,2019-11-04,Verified
DOC-0000217,LG-000018,Survey Record,1,1,1,2019-11-10,2019-12-12,Verified
DOC-0000218,LG-000018,Compensation Document,1,1,0,2019-11-28,2019-12-09,Verified
DOC-0000219,LG-000018,Compensation Document,1,1,0,2019-11-18,2019-12-28,Verified
DOC-0000220,LG-000018,Compensation Document,1,1,1,2019-11-29,2019-12-10,Verified
DOC-0000221,LG-000018,Land Record,0,0,0,,,Pending
DOC-0000222,LG-000018,Land Record,1,0,1,2019-11-26,,Submitted
DOC-0000223,LG-000018,Survey Record,1,1,1,2019-10-13,2019-10-29,Verified
DOC-0000224,LG-000018,Ownership Proof,1,1,1,2019-10-28,2019-11-21,Verified
DOC-0000225,LG-000018,Ownership Proof,1,1,0,2019-11-12,2019-12-20,Verified
DOC-0000226,LG-000018,Ownership Proof,1,1,0,2019-11-11,2019-11-24,Verified
DOC-0000227,LG-000018,Identity Document,1,1,1,2019-10-18,2019-11-09,Verified
DOC-0000228,LG-000018,Ownership Proof,1,0,0,2019-11-24,,Submitted
DOC-0000229,LG-000019,Survey Record,1,1,0,2018-05-04,2018-05-31,Verified
DOC-0000230,LG-000019,Compensation Document,1,1,1,2018-03-13,2018-04-18,Verified
DOC-0000231,LG-000019,Ownership Proof,1,1,0,2018-04-13,2018-04-23,Verified
DOC-0000232,LG-000019,Land Record,1,1,1,2018-04-29,2018-05-20,Verified
DOC-0000233,LG-000019,Compensation Document,1,0,0,2018-04-03,,Submitted
DOC-0000234,LG-000020,Land Record,1,1,0,2018-05-10,2018-05-22,Verified
DOC-0000235,LG-000020,Ownership Proof,1,1,0,2018-05-18,2018-05-30,Verified
DOC-0000236,LG-000020,Compensation Document,1,1,0,2018-06-29,2018-07-31,Verified
DOC-0000237,LG-000020,Identity Document,1,1,0,2018-06-06,2018-07-03,Verified
DOC-0000238,LG-000020,Compensation Document,1,0,0,2018-05-10,,Submitted
DOC-0000239,LG-000020,Compensation Document,1,1,0,2018-05-27,2018-06-19,Verified
DOC-0000240,LG-000020,Survey Record,1,0,0,2018-06-09,,Submitted
DOC-0000241,LG-000021,Ownership Proof,1,1,0,2023-07-05,2023-08-07,Verified
DOC-0000242,LG-000021,Ownership Proof,1,0,0,2023-07-14,,Submitted
DOC-0000243,LG-000021,Identity Document,1,0,0,2023-06-26,,Submitted
DOC-0000244,LG-000021,Survey Record,1,1,0,2023-06-08,2023-06-19,Verified
DOC-0000245,LG-000021,Compensation Document,1,1,0,2023-06-14,2023-06-30,Verified
DOC-0000246,LG-000021,Compensation Document,1,1,0,2023-06-16,2023-07-19,Verified
DOC-0000247,LG-000021,Land Record,1,0,0,2023-07-08,,Submitted
DOC-0000248,LG-000021,Ownership Proof,1,1,0,2023-07-21,2023-08-20,Verified
DOC-0000249,LG-000021,Survey Record,0,0,0,,,Pending
DOC-0000250,LG-000021,Compensation Document,1,0,0,2023-07-30,,Submitted
DOC-0000251,LG-000021,Compensation Document,1,1,0,2023-07-15,2023-08-19,Verified
DOC-0000252,LG-000021,Identity Document,1,1,0,2023-07-28,2023-09-02,Verified
DOC-0000253,LG-000021,Ownership Proof,1,1,0,2023-06-15,2023-07-05,Verified
DOC-0000254,LG-000021,Ownership Proof,1,1,0,2023-06-14,2023-07-02,Verified
DOC-0000255,LG-000021,Identity Document,1,0,0,2023-06-17,,Submitted
DOC-0000256,LG-000022,Ownership Proof,1,1,0,2018-05-03,2018-05-16,Verified
DOC-0000257,LG-000022,Compensation Document,1,1,0,2018-06-23,2018-07-09,Verified
DOC-0000258,LG-000022,Compensation Document,1,0,0,2018-06-11,,Submitted
DOC-0000259,LG-000022,Land Record,1,1,0,2018-06-15,2018-07-15,Verified
DOC-0000260,LG-000022,Compensation Document,1,0,0,2018-05-13,,Submitted
DOC-0000261,LG-000022,Survey Record,1,1,0,2018-06-09,2018-07-14,Verified
DOC-0000262,LG-000022,Identity Document,1,1,0,2018-06-03,2018-06-27,Verified
DOC-0000263,LG-000022,Survey Record,1,0,0,2018-05-09,,Submitted
DOC-0000264,LG-000022,Ownership Proof,1,1,0,2018-06-22,2018-07-03,Verified
DOC-0000265,LG-000022,Compensation Document,1,1,0,2018-05-09,2018-06-10,Verified
DOC-0000266,LG-000022,Ownership Proof,1,1,0,2018-06-12,2018-07-20,Verified
DOC-0000267,LG-000022,Ownership Proof,1,0,1,2018-06-04,,Submitted
DOC-0000268,LG-000023,Compensation Document,1,0,0,2022-09-08,,Submitted
DOC-0000269,LG-000023,Compensation Document,1,1,0,2022-09-30,2022-11-01,Verified
DOC-0000270,LG-000023,Ownership Proof,1,1,0,2022-08-31,2022-09-13,Verified
DOC-0000271,LG-000023,Identity Document,1,1,0,2022-09-19,2022-10-03,Verified
DOC-0000272,LG-000023,Survey Record,1,1,0,2022-09-17,2022-10-02,Verified
DOC-0000273,LG-000023,Ownership Proof,0,0,0,,,Pending
DOC-0000274,LG-000023,Ownership Proof,1,1,0,2022-09-15,2022-09-29,Verified
DOC-0000275,LG-000024,Survey Record,0,0,1,,,Pending
DOC-0000276,LG-000024,Survey Record,1,1,1,2020-08-19,2020-09-17,Verified
DOC-0000277,LG-000024,Land Record,1,1,0,2020-10-02,2020-11-06,Verified
DOC-0000278,LG-000024,Compensation Document,1,1,0,2020-08-12,2020-08-31,Verified
DOC-0000279,LG-000024,Compensation Document,1,0,1,2020-08-14,,Submitted
DOC-0000280,LG-000024,Land Record,0,0,0,,,Pending
DOC-0000281,LG-000024,Land Record,1,1,0,2020-08-31,2020-10-05,Verified
DOC-0000282,LG-000024,Compensation Document,1,1,1,2020-09-05,2020-10-06,Verified
DOC-0000283,LG-000024,Compensation Document,1,1,0,2020-09-10,2020-10-04,Verified
DOC-0000284,LG-000024,Compensation Document,0,0,0,,,Pending
DOC-0000285,LG-000024,Identity Document,1,1,0,2020-09-30,2020-11-02,Verified
DOC-0000286,LG-000024,Identity Document,1,1,1,2020-10-02,2020-11-05,Verified
DOC-0000287,LG-000025,Land Record,1,1,0,2021-10-30,2021-11-24,Verified
DOC-0000288,LG-000025,Survey Record,1,0,1,2021-11-08,,Submitted
DOC-0000289,LG-000025,Compensation Document,1,1,0,2021-11-10,2021-11-26,Verified
DOC-0000290,LG-000025,Ownership Proof,1,1,0,2021-09-29,2021-10-22,Verified
DOC-0000291,LG-000025,Ownership Proof,1,0,0,2021-10-03,,Submitted
DOC-0000292,LG-000025,Identity Document,1,1,0,2021-10-30,2021-11-29,Verified
DOC-0000293,LG-000025,Ownership Proof,1,1,0,2021-10-31,2021-11-22,Verified
DOC-0000294,LG-000025,Land Record,1,1,0,2021-10-03,2021-10-15,Verified
DOC-0000295,LG-000025,Survey Record,1,0,1,2021-10-17,,Submitted
DOC-0000296,LG-000025,Land Record,1,1,1,2021-10-25,2021-11-26,Verified
DOC-0000297,LG-000025,Identity Document,0,0,0,,,Pending
DOC-0000298,LG-000025,Compensation Document,1,1,0,2021-10-22,2021-11-02,Verified
DOC-0000299,LG-000025,Identity Document,1,0,0,2021-10-08,,Submitted
DOC-0000300,LG-000026,Survey Record,1,1,1,2024-07-17,2024-08-25,Verified
DOC-0000301,LG-000026,Survey Record,1,1,1,2024-07-09,2024-07-23,Verified
DOC-0000302,LG-000026,Survey Record,1,1,0,2024-07-23,2024-08-22,Verified
DOC-0000303,LG-000026,Survey Record,1,1,1,2024-07-19,2024-08-04,Verified
DOC-0000304,LG-000026,Ownership Proof,1,0,0,2024-06-21,,Submitted
DOC-0000305,LG-000026,Identity Document,0,0,0,,,Pending
DOC-0000306,LG-000026,Land Record,1,1,0,2024-07-15,2024-07-26,Verified
DOC-0000307,LG-000026,Compensation Document,1,0,1,2024-06-21,,Submitted
DOC-0000308,LG-000027,Land Record,1,0,0,2020-07-06,,Submitted
DOC-0000309,LG-000027,Survey Record,1,0,0,2020-07-11,,Submitted
DOC-0000310,LG-000027,Compensation Document,1,0,0,2020-08-07,,Submitted
DOC-0000311,LG-000027,Ownership Proof,1,1,0,2020-07-06,2020-07-22,Verified
DOC-0000312,LG-000027,Land Record,1,1,0,2020-07-10,2020-07-22,Verified
DOC-0000313,LG-000027,Identity Document,1,1,0,2020-07-09,2020-08-13,Verified
DOC-0000314,LG-000027,Compensation Document,1,1,0,2020-08-05,2020-08-19,Verified
DOC-0000315,LG-000027,Survey Record,1,1,0,2020-06-27,2020-08-03,Verified
DOC-0000316,LG-000027,Identity Document,1,1,0,2020-07-12,2020-07-29,Verified
DOC-0000317,LG-000027,Survey Record,1,0,0,2020-07-16,,Submitted
DOC-0000318,LG-000027,Survey Record,1,1,0,2020-07-24,2020-08-23,Verified
DOC-0000319,LG-000027,Compensation Document,1,0,0,2020-06-30,,Submitted
DOC-0000320,LG-000027,Identity Document,1,1,1,2020-07-21,2020-08-06,Verified
DOC-0000321,LG-000027,Ownership Proof,1,0,0,2020-07-22,,Submitted
DOC-0000322,LG-000028,Compensation Document,1,1,0,2024-10-07,2024-10-19,Verified
DOC-0000323,LG-000028,Ownership Proof,1,0,0,2024-11-01,,Submitted
DOC-0000324,LG-000028,Land Record,1,1,0,2024-11-19,2024-12-20,Verified
DOC-0000325,LG-000028,Compensation Document,1,1,0,2024-10-12,2024-11-12,Verified
DOC-0000326,LG-000028,Land Record,1,0,0,2024-11-08,,Submitted
DOC-0000327,LG-000028,Land Record,1,1,0,2024-10-22,2024-11-09,Verified
DOC-0000328,LG-000028,Ownership Proof,1,1,0,2024-11-13,2024-11-24,Verified
DOC-0000329,LG-000028,Compensation Document,0,0,1,,,Pending
DOC-0000330,LG-000028,Compensation Document,1,0,0,2024-10-01,,Submitted
DOC-0000331,LG-000028,Land Record,1,1,0,2024-11-09,2024-12-02,Verified
DOC-0000332,LG-000028,Land Record,1,0,0,2024-09-30,,Submitted
DOC-0000333,LG-000028,Land Record,0,0,0,,,Pending
DOC-0000334,LG-000028,Land Record,1,1,0,2024-10-12,2024-10-29,Verified
DOC-0000335,LG-000028,Compensation Document,1,1,0,2024-11-17,2024-12-07,Verified
DOC-0000336,LG-000028,Land Record,1,1,0,2024-11-04,2024-11-28,Verified
DOC-0000337,LG-000029,Compensation Document,1,0,0,2024-04-11,,Submitted
DOC-0000338,LG-000029,Identity Document,1,1,0,2024-04-02,2024-05-07,Verified
DOC-0000339,LG-000029,Land Record,1,1,0,2024-03-24,2024-04-11,Verified
DOC-0000340,LG-000029,Compensation Document,1,0,0,2024-04-11,,Submitted
DOC-0000341,LG-000029,Land Record,1,1,1,2024-03-16,2024-03-29,Verified
DOC-0000342,LG-000029,Survey Record,1,1,0,2024-04-22,2024-05-12,Verified
DOC-0000343,LG-000029,Compensation Document,1,1,0,2024-03-27,2024-04-12,Verified
DOC-0000344,LG-000029,Survey Record,1,1,0,2024-04-26,2024-05-23,Verified
DOC-0000345,LG-000029,Survey Record,0,0,0,,,Pending
DOC-0000346,LG-000029,Land Record,1,1,0,2024-04-16,2024-05-20,Verified
DOC-0000347,LG-000029,Identity Document,1,1,0,2024-03-19,2024-04-25,Verified
DOC-0000348,LG-000029,Compensation Document,1,1,0,2024-03-24,2024-04-19,Verified
DOC-0000349,LG-000030,Survey Record,1,1,0,2021-09-12,2021-10-07,Verified
DOC-0000350,LG-000030,Compensation Document,1,1,0,2021-09-04,2021-10-13,Verified
DOC-0000351,LG-000030,Survey Record,1,1,0,2021-08-28,2021-09-15,Verified
DOC-0000352,LG-000030,Survey Record,1,1,0,2021-09-15,2021-10-15,Verified
DOC-0000353,LG-000030,Ownership Proof,1,0,0,2021-09-10,,Submitted
DOC-0000354,LG-000030,Ownership Proof,1,0,1,2021-09-04,,Submitted
DOC-0000355,LG-000030,Land Record,1,1,0,2021-09-17,2021-10-17,Verified
DOC-0000356,LG-000030,Ownership Proof,1,1,1,2021-08-23,2021-09-22,Verified
DOC-0000357,LG-000030,Ownership Proof,1,0,0,2021-09-24,,Submitted
DOC-0000358,LG-000030,Ownership Proof,1,0,0,2021-09-08,,Submitted
DOC-0000359,LG-000030,Survey Record,1,0,0,2021-09-04,,Submitted
DOC-0000360,LG-000031,Identity Document,1,1,0,2022-01-13,2022-02-20,Verified
DOC-0000361,LG-000031,Land Record,1,0,0,2022-01-23,,Submitted
DOC-0000362,LG-000031,Survey Record,1,1,1,2022-01-24,2022-02-05,Verified
DOC-0000363,LG-000031,Survey Record,1,1,1,2022-01-31,2022-02-12,Verified
DOC-0000364,LG-000031,Compensation Document,1,1,1,2022-01-17,2022-02-16,Verified
DOC-0000365,LG-000031,Survey Record,1,1,0,2022-01-09,2022-01-22,Verified
DOC-0000366,LG-000032,Compensation Document,1,1,1,2025-02-13,2025-02-27,Verified
DOC-0000367,LG-000032,Ownership Proof,1,1,0,2025-02-09,2025-03-13,Verified
DOC-0000368,LG-000032,Ownership Proof,1,1,1,2025-02-01,2025-03-02,Verified
DOC-0000369,LG-000032,Identity Document,1,0,1,2025-01-27,,Submitted
DOC-0000370,LG-000032,Land Record,0,0,1,,,Pending
DOC-0000371,LG-000032,Survey Record,1,1,1,2025-01-26,2025-02-07,Verified
DOC-0000372,LG-000032,Ownership Proof,1,1,0,2025-01-17,2025-01-31,Verified
DOC-0000373,LG-000032,Identity Document,1,0,1,2025-01-14,,Submitted
DOC-0000374,LG-000032,Survey Record,1,1,0,2025-02-02,2025-03-07,Verified
DOC-0000375,LG-000032,Compensation Document,1,1,0,2025-01-22,2025-02-23,Verified
DOC-0000376,LG-000032,Survey Record,1,1,1,2025-01-03,2025-01-18,Verified
DOC-0000377,LG-000033,Survey Record,1,1,1,2019-07-20,2019-07-31,Verified
DOC-0000378,LG-000033,Survey Record,0,0,0,,,Pending
DOC-0000379,LG-000033,Land Record,1,0,1,2019-06-20,,Submitted
DOC-0000380,LG-000033,Survey Record,0,0,1,,,Pending
DOC-0000381,LG-000033,Ownership Proof,1,1,1,2019-06-15,2019-07-08,Verified
DOC-0000382,LG-000033,Land Record,1,1,0,2019-06-16,2019-06-29,Verified
DOC-0000383,LG-000033,Survey Record,1,1,0,2019-07-02,2019-08-04,Verified
DOC-0000384,LG-000033,Survey Record,1,1,1,2019-06-24,2019-07-24,Verified
DOC-0000385,LG-000034,Identity Document,1,0,0,2019-12-01,,Submitted
DOC-0000386,LG-000034,Survey Record,1,0,0,2019-11-27,,Submitted
DOC-0000387,LG-000034,Survey Record,1,1,0,2019-11-30,2019-12-22,Verified
DOC-0000388,LG-000034,Survey Record,1,1,0,2019-11-07,2019-12-06,Verified
DOC-0000389,LG-000034,Compensation Document,1,1,1,2019-11-05,2019-11-28,Verified
DOC-0000390,LG-000034,Identity Document,1,1,0,2019-12-03,2019-12-20,Verified
DOC-0000391,LG-000034,Ownership Proof,1,1,0,2019-11-30,2020-01-01,Verified
DOC-0000392,LG-000034,Land Record,1,0,0,2019-12-05,,Submitted
DOC-0000393,LG-000034,Survey Record,1,1,0,2019-10-19,2019-10-30,Verified
DOC-0000394,LG-000034,Identity Document,1,1,0,2019-10-20,2019-11-08,Verified
DOC-0000395,LG-000034,Ownership Proof,1,1,1,2019-11-07,2019-11-24,Verified
DOC-0000396,LG-000034,Ownership Proof,1,0,0,2019-11-25,,Submitted
DOC-0000397,LG-000034,Land Record,1,0,1,2019-11-04,,Submitted
DOC-0000398,LG-000034,Ownership Proof,1,1,0,2019-12-04,2020-01-02,Verified
DOC-0000399,LG-000034,Land Record,0,0,0,,,Pending
DOC-0000400,LG-000035,Survey Record,1,1,1,2024-07-04,2024-08-06,Verified
DOC-0000401,LG-000035,Ownership Proof,0,0,1,,,Pending
DOC-0000402,LG-000035,Survey Record,1,1,1,2024-06-30,2024-07-23,Verified
DOC-0000403,LG-000035,Ownership Proof,1,0,0,2024-07-10,,Submitted
DOC-0000404,LG-000035,Ownership Proof,1,1,1,2024-05-20,2024-06-05,Verified
DOC-0000405,LG-000035,Survey Record,1,1,0,2024-06-11,2024-06-27,Verified
DOC-0000406,LG-000035,Survey Record,1,0,1,2024-05-18,,Submitted
DOC-0000407,LG-000035,Land Record,1,0,1,2024-06-19,,Submitted
DOC-0000408,LG-000035,Survey Record,1,1,0,2024-06-13,2024-07-04,Verified
DOC-0000409,LG-000035,Ownership Proof,1,1,1,2024-06-08,2024-06-21,Verified
DOC-0000410,LG-000035,Identity Document,1,1,1,2024-05-28,2024-06-24,Verified
DOC-0000411,LG-000035,Survey Record,1,1,1,2024-06-14,2024-07-14,Verified
DOC-0000412,LG-000035,Land Record,1,1,1,2024-05-24,2024-06-05,Verified
DOC-0000413,LG-000035,Identity Document,0,0,0,,,Pending
DOC-0000414,LG-000035,Compensation Document,0,0,1,,,Pending
DOC-0000415,LG-000036,Compensation Document,1,0,1,2022-05-12,,Submitted
DOC-0000416,LG-000036,Identity Document,1,1,0,2022-05-11,2022-06-20,Verified
DOC-0000417,LG-000036,Compensation Document,0,0,1,,,Pending
DOC-0000418,LG-000036,Land Record,0,0,1,,,Pending
DOC-0000419,LG-000036,Survey Record,1,1,0,2022-04-07,2022-04-25,Verified
DOC-0000420,LG-000036,Compensation Document,1,1,1,2022-04-08,2022-05-03,Verified
DOC-0000421,LG-000036,Identity Document,0,0,0,,,Pending
DOC-0000422,LG-000036,Compensation Document,1,1,1,2022-05-11,2022-06-01,Verified
DOC-0000423,LG-000037,Identity Document,0,0,1,,,Pending
DOC-0000424,LG-000037,Land Record,1,1,0,2020-05-26,2020-06-25,Verified
DOC-0000425,LG-000037,Compensation Document,1,1,1,2020-05-30,2020-07-09,Verified
DOC-0000426,LG-000037,Survey Record,0,0,1,,,Pending
DOC-0000427,LG-000037,Ownership Proof,1,1,0,2020-05-19,2020-06-07,Verified
DOC-0000428,LG-000037,Survey Record,0,0,1,,,Pending
DOC-0000429,LG-000037,Survey Record,1,0,1,2020-06-07,,Submitted
DOC-0000430,LG-000037,Identity Document,1,1,0,2020-06-14,2020-06-28,Verified
DOC-0000431,LG-000037,Ownership Proof,1,1,0,2020-06-06,2020-07-07,Verified
DOC-0000432,LG-000037,Identity Document,1,0,1,2020-05-02,,Submitted
DOC-0000433,LG-000037,Compensation Document,0,0,0,,,Pending
DOC-0000434,LG-000037,Land Record,0,0,0,,,Pending
DOC-0000435,LG-000038,Ownership Proof,1,1,0,2018-01-29,2018-02-11,Verified
DOC-0000436,LG-000038,Compensation Document,1,1,1,2018-01-18,2018-01-29,Verified
DOC-0000437,LG-000038,Survey Record,1,0,0,2018-02-11,,Submitted
DOC-0000438,LG-000038,Identity Document,1,1,1,2018-02-03,2018-02-16,Verified
DOC-0000439,LG-000038,Survey Record,1,1,0,2018-01-26,2018-02-11,Verified
DOC-0000440,LG-000038,Identity Document,1,1,0,2018-03-02,2018-03-17,Verified
DOC-0000441,LG-000038,Land Record,1,1,0,2018-02-20,2018-03-02,Verified
DOC-0000442,LG-000038,Identity Document,1,1,0,2018-02-06,2018-03-12,Verified
DOC-0000443,LG-000039,Compensation Document,0,0,0,,,Pending
DOC-0000444,LG-000039,Compensation Document,1,0,1,2022-11-19,,Submitted
DOC-0000445,LG-000039,Survey Record,1,1,0,2022-11-18,2022-12-22,Verified
DOC-0000446,LG-000039,Compensation Document,1,1,0,2022-11-13,2022-11-27,Verified
DOC-0000447,LG-000039,Compensation Document,1,0,0,2022-11-13,,Submitted
DOC-0000448,LG-000039,Land Record,1,1,0,2022-12-17,2023-01-03,Verified
DOC-0000449,LG-000039,Survey Record,1,1,1,2022-11-03,2022-12-04,Verified
DOC-0000450,LG-000039,Land Record,1,0,0,2022-11-08,,Submitted
DOC-0000451,LG-000039,Survey Record,1,0,0,2022-11-15,,Submitted
DOC-0000452,LG-000039,Identity Document,1,1,0,2022-11-06,2022-12-06,Verified
DOC-0000453,LG-000039,Survey Record,1,0,0,2022-12-22,,Submitted
DOC-0000454,LG-000039,Survey Record,1,1,0,2022-12-02,2023-01-11,Verified
DOC-0000455,LG-000040,Land Record,1,1,0,2024-05-21,2024-06-20,Verified
DOC-0000456,LG-000040,Ownership Proof,1,1,0,2024-04-25,2024-05-26,Verified
DOC-0000457,LG-000040,Identity Document,1,0,0,2024-05-27,,Submitted
DOC-0000458,LG-000040,Ownership Proof,1,0,0,2024-05-14,,Submitted
DOC-0000459,LG-000040,Compensation Document,0,0,0,,,Pending
DOC-0000460,LG-000040,Compensation Document,1,1,0,2024-05-25,2024-06-12,Verified
DOC-0000461,LG-000040,Ownership Proof,1,1,0,2024-05-11,2024-06-06,Verified
DOC-0000462,LG-000040,Identity Document,1,1,0,2024-05-23,2024-06-17,Verified
DOC-0000463,LG-000040,Land Record,1,1,0,2024-05-11,2024-05-30,Verified
DOC-0000464,LG-000040,Identity Document,1,1,0,2024-05-29,2024-06-17,Verified
DOC-0000465,LG-000040,Identity Document,1,1,0,2024-04-18,2024-05-03,Verified
DOC-0000466,LG-000040,Ownership Proof,1,1,0,2024-05-06,2024-06-07,Verified
DOC-0000467,LG-000040,Identity Document,1,1,0,2024-05-12,2024-06-10,Verified
DOC-0000468,LG-000041,Survey Record,1,0,0,2024-02-19,,Submitted
DOC-0000469,LG-000041,Identity Document,1,0,1,2024-03-20,,Submitted
DOC-0000470,LG-000041,Compensation Document,1,1,1,2024-02-25,2024-04-05,Verified
DOC-0000471,LG-000041,Ownership Proof,1,1,0,2024-03-29,2024-04-15,Verified
DOC-0000472,LG-000041,Ownership Proof,0,0,1,,,Pending
DOC-0000473,LG-000041,Land Record,0,0,0,,,Pending
DOC-0000474,LG-000042,Identity Document,1,1,1,2024-12-29,2025-01-20,Verified
DOC-0000475,LG-000042,Ownership Proof,1,1,0,2024-11-25,2024-12-15,Verified
DOC-0000476,LG-000042,Identity Document,1,1,0,2024-12-30,2025-02-01,Verified
DOC-0000477,LG-000042,Compensation Document,1,1,0,2024-12-29,2025-01-31,Verified
DOC-0000478,LG-000042,Ownership Proof,0,0,1,,,Pending
DOC-0000479,LG-000042,Compensation Document,1,1,0,2025-01-08,2025-01-18,Verified
DOC-0000480,LG-000042,Identity Document,1,1,0,2024-12-01,2024-12-15,Verified
DOC-0000481,LG-000042,Identity Document,0,0,0,,,Pending
DOC-0000482,LG-000042,Ownership Proof,0,0,0,,,Pending
DOC-0000483,LG-000042,Identity Document,1,0,0,2025-01-08,,Submitted
DOC-0000484,LG-000042,Identity Document,0,0,1,,,Pending
DOC-0000485,LG-000042,Compensation Document,0,0,0,,,Pending
DOC-0000486,LG-000042,Land Record,1,1,0,2024-12-30,2025-02-01,Verified
DOC-0000487,LG-000043,Survey Record,1,1,0,2022-02-15,2022-03-27,Verified
DOC-0000488,LG-000043,Identity Document,0,0,1,,,Pending
DOC-0000489,LG-000043,Survey Record,1,1,1,2022-02-20,2022-03-16,Verified
DOC-0000490,LG-000043,Ownership Proof,1,0,0,2022-03-27,,Submitted
DOC-0000491,LG-000043,Compensation Document,1,0,1,2022-02-23,,Submitted
DOC-0000492,LG-000043,Ownership Proof,1,0,1,2022-02-25,,Submitted
DOC-0000493,LG-000043,Survey Record,1,1,0,2022-03-20,2022-04-25,Verified
DOC-0000494,LG-000043,Land Record,1,1,0,2022-03-28,2022-05-07,Verified
DOC-0000495,LG-000043,Identity Document,0,0,0,,,Pending
DOC-0000496,LG-000043,Identity Document,1,1,1,2022-02-14,2022-03-21,Verified
DOC-0000497,LG-000043,Compensation Document,1,1,1,2022-03-27,2022-04-30,Verified
DOC-0000498,LG-000043,Land Record,1,1,0,2022-03-12,2022-04-17,Verified
DOC-0000499,LG-000043,Survey Record,1,1,1,2022-03-31,2022-04-11,Verified
DOC-0000500,LG-000043,Land Record,1,1,1,2022-03-10,2022-04-02,Verified
DOC-0000501,LG-000044,Identity Document,1,1,0,2020-07-25,2020-08-06,Verified
DOC-0000502,LG-000044,Compensation Document,1,0,0,2020-08-04,,Submitted
DOC-0000503,LG-000044,Ownership Proof,1,0,0,2020-07-28,,Submitted
DOC-0000504,LG-000044,Survey Record,1,1,0,2020-08-13,2020-08-26,Verified
DOC-0000505,LG-000044,Ownership Proof,1,0,0,2020-08-03,,Submitted
DOC-0000506,LG-000044,Ownership Proof,1,1,0,2020-07-24,2020-08-22,Verified
DOC-0000507,LG-000044,Identity Document,1,1,0,2020-08-21,2020-09-25,Verified
DOC-0000508,LG-000044,Survey Record,1,0,1,2020-08-13,,Submitted
DOC-0000509,LG-000044,Survey Record,1,1,0,2020-09-05,2020-10-08,Verified
DOC-0000510,LG-000044,Identity Document,1,1,0,2020-08-09,2020-08-19,Verified
DOC-0000511,LG-000045,Survey Record,1,0,0,2023-06-01,,Submitted
DOC-0000512,LG-000045,Compensation Document,1,1,0,2023-05-25,2023-07-03,Verified
DOC-0000513,LG-000045,Land Record,1,1,0,2023-05-25,2023-06-15,Verified
DOC-0000514,LG-000045,Survey Record,1,0,0,2023-06-08,,Submitted
DOC-0000515,LG-000045,Land Record,1,0,0,2023-07-03,,Submitted
DOC-0000516,LG-000046,Compensation Document,1,1,0,2024-05-01,2024-05-30,Verified
DOC-0000517,LG-000046,Identity Document,1,0,0,2024-03-25,,Submitted
DOC-0000518,LG-000046,Ownership Proof,1,1,0,2024-03-31,2024-04-22,Verified
DOC-0000519,LG-000046,Land Record,1,1,0,2024-05-08,2024-05-29,Verified
DOC-0000520,LG-000046,Compensation Document,1,1,0,2024-04-10,2024-04-23,Verified
DOC-0000521,LG-000046,Survey Record,1,0,0,2024-04-28,,Submitted
DOC-0000522,LG-000046,Compensation Document,1,0,0,2024-04-04,,Submitted
DOC-0000523,LG-000046,Survey Record,1,1,0,2024-04-27,2024-05-21,Verified
DOC-0000524,LG-000046,Survey Record,1,1,0,2024-03-25,2024-04-06,Verified
DOC-0000525,LG-000047,Survey Record,1,1,1,2023-02-20,2023-03-03,Verified
DOC-0000526,LG-000047,Identity Document,1,1,0,2023-01-16,2023-02-11,Verified
DOC-0000527,LG-000047,Ownership Proof,1,1,0,2023-02-19,2023-03-25,Verified
DOC-0000528,LG-000047,Land Record,1,0,1,2023-02-27,,Submitted
DOC-0000529,LG-000047,Identity Document,1,0,0,2023-02-25,,Submitted
DOC-0000530,LG-000047,Ownership Proof,1,1,0,2023-03-07,2023-03-27,Verified
DOC-0000531,LG-000047,Identity Document,0,0,0,,,Pending
DOC-0000532,LG-000047,Ownership Proof,1,1,0,2023-02-06,2023-02-22,Verified
DOC-0000533,LG-000047,Land Record,1,1,0,2023-02-09,2023-03-15,Verified
DOC-0000534,LG-000047,Land Record,1,0,1,2023-02-16,,Submitted
DOC-0000535,LG-000047,Land Record,1,0,0,2023-02-14,,Submitted
DOC-0000536,LG-000047,Land Record,0,0,0,,,Pending
DOC-0000537,LG-000047,Ownership Proof,1,1,0,2023-01-16,2023-02-25,Verified
DOC-0000538,LG-000048,Land Record,1,0,0,2022-09-08,,Submitted
DOC-0000539,LG-000048,Land Record,1,1,1,2022-10-13,2022-11-10,Verified
DOC-0000540,LG-000048,Land Record,1,1,0,2022-09-28,2022-10-10,Verified
DOC-0000541,LG-000048,Survey Record,1,1,1,2022-10-05,2022-10-27,Verified
DOC-0000542,LG-000048,Identity Document,1,1,1,2022-09-09,2022-10-10,Verified
DOC-0000543,LG-000048,Ownership Proof,1,1,1,2022-09-23,2022-10-18,Verified
DOC-0000544,LG-000048,Ownership Proof,1,1,0,2022-09-12,2022-10-12,Verified
DOC-0000545,LG-000048,Land Record,1,1,0,2022-09-04,2022-09-25,Verified
DOC-0000546,LG-000048,Compensation Document,1,0,0,2022-09-20,,Submitted
DOC-0000547,LG-000048,Ownership Proof,1,1,0,2022-10-04,2022-10-25,Verified
DOC-0000548,LG-000049,Land Record,1,0,1,2020-12-18,,Submitted
DOC-0000549,LG-000049,Survey Record,1,0,0,2020-12-20,,Submitted
DOC-0000550,LG-000049,Identity Document,1,1,0,2020-12-09,2021-01-18,Verified
DOC-0000551,LG-000049,Land Record,1,1,1,2020-12-08,2020-12-21,Verified
DOC-0000552,LG-000049,Ownership Proof,1,0,1,2020-11-04,,Submitted
DOC-0000553,LG-000049,Land Record,0,0,1,,,Pending
DOC-0000554,LG-000049,Identity Document,1,1,0,2020-12-14,2020-12-26,Verified
DOC-0000555,LG-000050,Identity Document,1,1,1,2023-01-09,2023-02-08,Verified
DOC-0000556,LG-000050,Survey Record,1,1,1,2022-12-18,2023-01-26,Verified
DOC-0000557,LG-000050,Ownership Proof,1,0,1,2022-12-30,,Submitted
DOC-0000558,LG-000050,Survey Record,1,1,0,2022-12-15,2023-01-21,Verified
DOC-0000559,LG-000050,Compensation Document,1,1,0,2023-01-27,2023-02-18,Verified
DOC-0000560,LG-000050,Survey Record,0,0,0,,,Pending
DOC-0000561,LG-000051,Survey Record,1,1,0,2019-06-09,2019-07-15,Verified
DOC-0000562,LG-000051,Compensation Document,1,1,1,2019-05-19,2019-06-05,Verified
DOC-0000563,LG-000051,Identity Document,1,1,1,2019-04-30,2019-05-17,Verified
DOC-0000564,LG-000051,Ownership Proof,0,0,1,,,Pending
DOC-0000565,LG-000051,Identity Document,1,1,1,2019-06-14,2019-06-27,Verified
DOC-0000566,LG-000051,Survey Record,0,0,0,,,Pending
DOC-0000567,LG-000051,Land Record,1,1,1,2019-05-28,2019-06-27,Verified
DOC-0000568,LG-000051,Land Record,1,0,0,2019-05-12,,Submitted
DOC-0000569,LG-000051,Identity Document,1,1,1,2019-04-28,2019-05-16,Verified
DOC-0000570,LG-000051,Compensation Document,1,1,0,2019-05-19,2019-05-29,Verified
DOC-0000571,LG-000051,Compensation Document,1,1,0,2019-05-21,2019-06-19,Verified
DOC-0000572,LG-000051,Land Record,1,1,1,2019-06-06,2019-07-01,Verified
DOC-0000573,LG-000051,Identity Document,1,1,0,2019-05-24,2019-06-30,Verified
DOC-0000574,LG-000051,Survey Record,1,1,0,2019-05-31,2019-06-29,Verified
DOC-0000575,LG-000051,Identity Document,1,1,1,2019-05-18,2019-05-29,Verified
DOC-0000576,LG-000052,Survey Record,1,1,0,2018-03-22,2018-04-12,Verified
DOC-0000577,LG-000052,Compensation Document,1,1,0,2018-03-27,2018-04-14,Verified
DOC-0000578,LG-000052,Survey Record,1,1,0,2018-04-29,2018-05-13,Verified
DOC-0000579,LG-000052,Ownership Proof,1,1,0,2018-04-14,2018-05-04,Verified
DOC-0000580,LG-000052,Survey Record,1,1,0,2018-04-25,2018-05-28,Verified
DOC-0000581,LG-000052,Survey Record,1,0,0,2018-05-02,,Submitted
DOC-0000582,LG-000052,Identity Document,1,1,0,2018-03-25,2018-04-16,Verified
DOC-0000583,LG-000052,Survey Record,1,1,0,2018-03-31,2018-04-14,Verified
DOC-0000584,LG-000052,Compensation Document,1,0,1,2018-05-01,,Submitted
DOC-0000585,LG-000052,Identity Document,1,0,0,2018-03-26,,Submitted
DOC-0000586,LG-000053,Land Record,1,0,0,2021-11-06,,Submitted
DOC-0000587,LG-000053,Compensation Document,1,1,0,2021-12-21,2022-01-14,Verified
DOC-0000588,LG-000053,Land Record,1,1,0,2021-11-13,2021-11-30,Verified
DOC-0000589,LG-000053,Land Record,1,0,0,2021-12-24,,Submitted
DOC-0000590,LG-000053,Identity Document,1,1,0,2021-11-12,2021-11-23,Verified
DOC-0000591,LG-000054,Land Record,0,0,0,,,Pending
DOC-0000592,LG-000054,Identity Document,1,1,0,2020-02-17,2020-03-26,Verified
DOC-0000593,LG-000054,Ownership Proof,1,1,0,2020-02-13,2020-03-21,Verified
DOC-0000594,LG-000054,Survey Record,1,1,0,2020-01-27,2020-02-25,Verified
DOC-0000595,LG-000054,Land Record,1,1,0,2020-01-22,2020-02-26,Verified
DOC-0000596,LG-000054,Land Record,0,0,0,,,Pending
DOC-0000597,LG-000054,Land Record,1,1,1,2020-01-26,2020-02-06,Verified
DOC-0000598,LG-000054,Survey Record,1,0,0,2020-03-10,,Submitted
DOC-0000599,LG-000054,Land Record,1,1,1,2020-02-28,2020-03-27,Verified
DOC-0000600,LG-000054,Survey Record,0,0,1,,,Pending
DOC-0000601,LG-000054,Land Record,0,0,1,,,Pending
DOC-0000602,LG-000055,Survey Record,1,1,0,2018-06-19,2018-07-28,Verified
DOC-0000603,LG-000055,Identity Document,1,0,0,2018-06-21,,Submitted
DOC-0000604,LG-000055,Survey Record,1,0,0,2018-06-29,,Submitted
DOC-0000605,LG-000055,Land Record,1,1,0,2018-06-15,2018-06-29,Verified
DOC-0000606,LG-000055,Survey Record,1,0,0,2018-07-30,,Submitted
DOC-0000607,LG-000055,Compensation Document,1,0,0,2018-06-18,,Submitted
DOC-0000608,LG-000055,Compensation Document,1,1,0,2018-06-18,2018-07-13,Verified
DOC-0000609,LG-000055,Ownership Proof,1,0,0,2018-07-03,,Submitted
DOC-0000610,LG-000055,Land Record,1,0,1,2018-07-27,,Submitted
DOC-0000611,LG-000055,Land Record,1,1,1,2018-07-30,2018-08-11,Verified
DOC-0000612,LG-000056,Identity Document,1,1,0,2020-03-10,2020-03-27,Verified
DOC-0000613,LG-000056,Identity Document,1,0,0,2020-03-11,,Submitted
DOC-0000614,LG-000056,Survey Record,1,1,1,2020-02-18,2020-03-02,Verified
DOC-0000615,LG-000056,Compensation Document,1,1,1,2020-02-26,2020-04-03,Verified
DOC-0000616,LG-000056,Land Record,1,1,0,2020-03-16,2020-04-25,Verified
DOC-0000617,LG-000056,Compensation Document,1,0,1,2020-03-28,,Submitted
DOC-0000618,LG-000056,Identity Document,1,1,1,2020-02-20,2020-03-21,Verified
DOC-0000619,LG-000056,Compensation Document,1,0,1,2020-02-29,,Submitted
DOC-0000620,LG-000056,Survey Record,1,1,0,2020-02-20,2020-03-04,Verified
DOC-0000621,LG-000057,Survey Record,1,1,0,2024-08-26,2024-09-16,Verified
DOC-0000622,LG-000057,Land Record,1,1,0,2024-08-25,2024-09-21,Verified
DOC-0000623,LG-000057,Compensation Document,1,0,0,2024-09-18,,Submitted
DOC-0000624,LG-000057,Compensation Document,1,1,0,2024-10-12,2024-10-22,Verified
DOC-0000625,LG-000057,Ownership Proof,1,1,0,2024-09-25,2024-10-10,Verified
DOC-0000626,LG-000057,Identity Document,1,0,0,2024-08-30,,Submitted
DOC-0000627,LG-000057,Land Record,1,1,0,2024-09-25,2024-10-28,Verified
DOC-0000628,LG-000057,Compensation Document,1,1,1,2024-10-03,2024-10-18,Verified
DOC-0000629,LG-000057,Identity Document,1,1,1,2024-09-25,2024-10-11,Verified
DOC-0000630,LG-000058,Land Record,1,0,0,2023-10-04,,Submitted
DOC-0000631,LG-000058,Land Record,1,0,0,2023-10-30,,Submitted
DOC-0000632,LG-000058,Land Record,1,1,0,2023-11-04,2023-11-28,Verified
DOC-0000633,LG-000058,Ownership Proof,1,1,0,2023-10-03,2023-11-06,Verified
DOC-0000634,LG-000058,Compensation Document,1,1,0,2023-10-19,2023-11-14,Verified
DOC-0000635,LG-000058,Identity Document,0,0,1,,,Pending
DOC-0000636,LG-000058,Ownership Proof,1,1,1,2023-11-02,2023-12-10,Verified
DOC-0000637,LG-000058,Land Record,1,1,1,2023-10-10,2023-11-12,Verified
DOC-0000638,LG-000058,Compensation Document,0,0,0,,,Pending
DOC-0000639,LG-000058,Identity Document,0,0,1,,,Pending
DOC-0000640,LG-000058,Compensation Document,1,1,0,2023-11-16,2023-12-17,Verified
DOC-0000641,LG-000059,Ownership Proof,1,1,1,2021-12-08,2022-01-17,Verified
DOC-0000642,LG-000059,Compensation Document,1,1,0,2021-11-17,2021-12-06,Verified
DOC-0000643,LG-000059,Identity Document,0,0,1,,,Pending
DOC-0000644,LG-000059,Survey Record,1,1,0,2021-11-05,2021-12-06,Verified
DOC-0000645,LG-000059,Identity Document,1,1,1,2021-11-01,2021-12-09,Verified
DOC-0000646,LG-000059,Land Record,1,1,1,2021-11-03,2021-11-15,Verified
DOC-0000647,LG-000059,Compensation Document,1,1,1,2021-12-14,2022-01-11,Verified
DOC-0000648,LG-000059,Identity Document,1,0,0,2021-11-25,,Submitted
DOC-0000649,LG-000059,Identity Document,0,0,1,,,Pending
DOC-0000650,LG-000059,Ownership Proof,1,1,0,2021-12-10,2022-01-02,Verified
DOC-0000651,LG-000059,Ownership Proof,1,1,1,2021-12-16,2022-01-11,Verified
DOC-0000652,LG-000059,Compensation Document,1,1,0,2021-11-13,2021-11-30,Verified
DOC-0000653,LG-000059,Compensation Document,1,1,0,2021-12-12,2022-01-13,Verified
DOC-0000654,LG-000059,Identity Document,1,1,0,2021-10-30,2021-11-23,Verified
DOC-0000655,LG-000059,Identity Document,1,1,1,2021-11-07,2021-12-15,Verified
DOC-0000656,LG-000060,Survey Record,0,0,0,,,Pending
DOC-0000657,LG-000060,Survey Record,1,1,1,2018-12-04,2018-12-15,Verified
DOC-0000658,LG-000060,Compensation Document,1,1,0,2018-12-26,2019-01-19,Verified
DOC-0000659,LG-000060,Survey Record,1,0,0,2018-12-09,,Submitted
DOC-0000660,LG-000060,Survey Record,1,1,1,2018-11-25,2018-12-22,Verified
DOC-0000661,LG-000060,Compensation Document,1,1,0,2019-01-02,2019-01-22,Verified
DOC-0000662,LG-000060,Land Record,1,1,0,2018-12-17,2019-01-25,Verified
DOC-0000663,LG-000060,Ownership Proof,1,1,0,2018-11-29,2018-12-09,Verified
DOC-0000664,LG-000060,Survey Record,1,0,0,2018-11-17,,Submitted
DOC-0000665,LG-000060,Land Record,1,0,1,2018-11-22,,Submitted
DOC-0000666,LG-000060,Land Record,1,0,1,2018-12-30,,Submitted
DOC-0000667,LG-000061,Land Record,1,1,0,2021-06-14,2021-06-28,Verified
DOC-0000668,LG-000061,Identity Document,1,1,0,2021-07-26,2021-08-16,Verified
DOC-0000669,LG-000061,Land Record,1,1,0,2021-06-18,2021-07-03,Verified
DOC-0000670,LG-000061,Identity Document,1,0,0,2021-07-14,,Submitted
DOC-0000671,LG-000061,Ownership Proof,1,1,0,2021-06-28,2021-07-29,Verified
DOC-0000672,LG-000061,Survey Record,1,1,0,2021-07-18,2021-08-13,Verified
DOC-0000673,LG-000061,Land Record,1,1,0,2021-06-09,2021-07-14,Verified
DOC-0000674,LG-000061,Land Record,1,0,0,2021-06-30,,Submitted
DOC-0000675,LG-000061,Land Record,1,1,0,2021-06-13,2021-07-07,Verified
DOC-0000676,LG-000061,Compensation Document,1,1,1,2021-07-31,2021-09-02,Verified
DOC-0000677,LG-000061,Compensation Document,1,1,0,2021-06-15,2021-07-15,Verified
DOC-0000678,LG-000061,Land Record,1,1,1,2021-07-23,2021-08-13,Verified
DOC-0000679,LG-000061,Compensation Document,1,0,0,2021-07-31,,Submitted
DOC-0000680,LG-000061,Identity Document,1,1,0,2021-06-06,2021-07-04,Verified
DOC-0000681,LG-000062,Ownership Proof,0,0,1,,,Pending
DOC-0000682,LG-000062,Identity Document,1,1,1,2021-04-03,2021-04-26,Verified
DOC-0000683,LG-000062,Survey Record,1,1,0,2021-04-10,2021-04-20,Verified
DOC-0000684,LG-000062,Ownership Proof,0,0,1,,,Pending
DOC-0000685,LG-000062,Survey Record,1,0,1,2021-04-03,,Submitted
DOC-0000686,LG-000062,Survey Record,1,1,0,2021-03-15,2021-03-27,Verified
DOC-0000687,LG-000062,Identity Document,1,1,1,2021-04-19,2021-05-26,Verified
DOC-0000688,LG-000062,Survey Record,0,0,0,,,Pending
DOC-0000689,LG-000063,Survey Record,1,1,1,2023-06-24,2023-07-24,Verified
DOC-0000690,LG-000063,Compensation Document,1,1,0,2023-06-26,2023-07-14,Verified
DOC-0000691,LG-000063,Land Record,1,0,0,2023-05-20,,Submitted
DOC-0000692,LG-000063,Ownership Proof,1,0,0,2023-06-04,,Submitted
DOC-0000693,LG-000063,Identity Document,1,1,0,2023-05-26,2023-07-01,Verified
DOC-0000694,LG-000063,Ownership Proof,1,1,0,2023-06-16,2023-07-26,Verified
DOC-0000695,LG-000063,Land Record,1,1,0,2023-05-25,2023-06-23,Verified
DOC-0000696,LG-000063,Ownership Proof,1,0,0,2023-06-10,,Submitted
DOC-0000697,LG-000063,Identity Document,1,1,0,2023-06-16,2023-06-28,Verified
DOC-0000698,LG-000064,Survey Record,1,1,0,2024-10-18,2024-11-25,Verified
DOC-0000699,LG-000064,Identity Document,1,1,0,2024-10-31,2024-11-18,Verified
DOC-0000700,LG-000064,Identity Document,1,1,0,2024-11-03,2024-11-18,Verified
DOC-0000701,LG-000064,Compensation Document,1,1,1,2024-09-13,2024-09-29,Verified
DOC-0000702,LG-000064,Identity Document,1,1,0,2024-10-01,2024-10-18,Verified
DOC-0000703,LG-000064,Land Record,1,1,0,2024-10-28,2024-11-24,Verified
DOC-0000704,LG-000064,Survey Record,1,1,0,2024-09-20,2024-10-11,Verified
DOC-0000705,LG-000064,Compensation Document,1,0,0,2024-10-22,,Submitted
DOC-0000706,LG-000064,Survey Record,1,0,0,2024-09-26,,Submitted
DOC-0000707,LG-000064,Identity Document,1,1,0,2024-09-12,2024-10-13,Verified
DOC-0000708,LG-000064,Ownership Proof,1,1,0,2024-10-09,2024-10-29,Verified
DOC-0000709,LG-000064,Ownership Proof,1,1,0,2024-09-18,2024-10-28,Verified
DOC-0000710,LG-000064,Compensation Document,1,1,0,2024-10-29,2024-11-25,Verified
DOC-0000711,LG-000065,Compensation Document,1,0,1,2022-02-17,,Submitted
DOC-0000712,LG-000065,Survey Record,1,0,0,2022-01-29,,Submitted
DOC-0000713,LG-000065,Identity Document,1,1,1,2022-01-29,2022-02-23,Verified
DOC-0000714,LG-000065,Survey Record,1,0,1,2022-01-31,,Submitted
DOC-0000715,LG-000065,Compensation Document,1,0,0,2022-02-03,,Submitted
DOC-0000716,LG-000066,Ownership Proof,0,0,1,,,Pending
DOC-0000717,LG-000066,Land Record,1,0,1,2018-09-15,,Submitted
DOC-0000718,LG-000066,Identity Document,1,1,1,2018-08-14,2018-08-25,Verified
DOC-0000719,LG-000066,Ownership Proof,1,1,0,2018-09-15,2018-09-28,Verified
DOC-0000720,LG-000066,Land Record,0,0,0,,,Pending
DOC-0000721,LG-000066,Land Record,1,1,0,2018-09-15,2018-10-16,Verified
DOC-0000722,LG-000066,Identity Document,0,0,1,,,Pending
DOC-0000723,LG-000066,Land Record,1,0,1,2018-08-18,,Submitted
DOC-0000724,LG-000066,Survey Record,1,1,1,2018-08-28,2018-10-03,Verified
DOC-0000725,LG-000066,Land Record,1,0,0,2018-08-08,,Submitted
DOC-0000726,LG-000067,Land Record,1,1,0,2023-06-06,2023-06-30,Verified
DOC-0000727,LG-000067,Land Record,1,0,1,2023-05-15,,Submitted
DOC-0000728,LG-000067,Land Record,1,1,0,2023-06-25,2023-07-22,Verified
DOC-0000729,LG-000067,Ownership Proof,0,0,0,,,Pending
DOC-0000730,LG-000067,Ownership Proof,0,0,1,,,Pending
DOC-0000731,LG-000067,Compensation Document,0,0,1,,,Pending
DOC-0000732,LG-000067,Survey Record,1,1,1,2023-06-23,2023-07-03,Verified
DOC-0000733,LG-000067,Ownership Proof,1,1,1,2023-06-09,2023-07-02,Verified
DOC-0000734,LG-000067,Survey Record,1,1,1,2023-06-23,2023-07-21,Verified
DOC-0000735,LG-000067,Land Record,1,1,1,2023-05-18,2023-06-19,Verified
DOC-0000736,LG-000067,Survey Record,1,1,1,2023-06-25,2023-07-29,Verified
DOC-0000737,LG-000067,Ownership Proof,1,1,1,2023-06-21,2023-07-20,Verified
DOC-0000738,LG-000068,Survey Record,1,1,0,2021-02-15,2021-03-22,Verified
DOC-0000739,LG-000068,Ownership Proof,1,1,1,2021-01-21,2021-03-02,Verified
DOC-0000740,LG-000068,Survey Record,1,0,0,2021-01-30,,Submitted
DOC-0000741,LG-000068,Land Record,1,1,0,2021-02-01,2021-02-23,Verified
DOC-0000742,LG-000068,Survey Record,1,1,0,2021-01-11,2021-01-31,Verified
DOC-0000743,LG-000068,Compensation Document,1,1,1,2021-02-05,2021-02-25,Verified
DOC-0000744,LG-000068,Identity Document,1,1,0,2021-01-21,2021-02-05,Verified
DOC-0000745,LG-000068,Identity Document,1,1,1,2021-02-05,2021-02-27,Verified
DOC-0000746,LG-000068,Identity Document,1,1,0,2021-01-15,2021-01-25,Verified
DOC-0000747,LG-000068,Compensation Document,1,0,0,2021-02-18,,Submitted
DOC-0000748,LG-000069,Ownership Proof,1,1,1,2018-03-25,2018-04-14,Verified
DOC-0000749,LG-000069,Identity Document,1,0,0,2018-04-08,,Submitted
DOC-0000750,LG-000069,Compensation Document,1,0,1,2018-02-21,,Submitted
DOC-0000751,LG-000069,Identity Document,0,0,0,,,Pending
DOC-0000752,LG-000069,Ownership Proof,1,1,0,2018-03-28,2018-04-17,Verified
DOC-0000753,LG-000069,Survey Record,1,1,1,2018-03-27,2018-04-23,Verified
DOC-0000754,LG-000069,Land Record,0,0,1,,,Pending
DOC-0000755,LG-000069,Survey Record,1,1,0,2018-02-17,2018-03-15,Verified
DOC-0000756,LG-000069,Survey Record,1,0,1,2018-03-16,,Submitted
DOC-0000757,LG-000069,Survey Record,1,1,0,2018-03-16,2018-03-27,Verified
DOC-0000758,LG-000070,Ownership Proof,1,1,0,2023-07-16,2023-07-31,Verified
DOC-0000759,LG-000070,Identity Document,1,1,0,2023-06-19,2023-07-18,Verified
DOC-0000760,LG-000070,Compensation Document,1,0,0,2023-08-02,,Submitted
DOC-0000761,LG-000070,Ownership Proof,1,1,0,2023-06-28,2023-07-11,Verified
DOC-0000762,LG-000070,Identity Document,1,1,1,2023-07-29,2023-08-26,Verified
DOC-0000763,LG-000071,Compensation Document,1,0,0,2019-06-03,,Submitted
DOC-0000764,LG-000071,Survey Record,1,0,1,2019-06-28,,Submitted
DOC-0000765,LG-000071,Land Record,1,0,0,2019-07-07,,Submitted
DOC-0000766,LG-000071,Identity Document,1,0,0,2019-06-20,,Submitted
DOC-0000767,LG-000071,Ownership Proof,1,0,0,2019-05-31,,Submitted
DOC-0000768,LG-000071,Ownership Proof,0,0,0,,,Pending
DOC-0000769,LG-000071,Survey Record,1,1,0,2019-06-09,2019-07-10,Verified
DOC-0000770,LG-000071,Ownership Proof,1,1,0,2019-06-01,2019-07-10,Verified
DOC-0000771,LG-000071,Ownership Proof,1,0,0,2019-06-01,,Submitted
DOC-0000772,LG-000071,Land Record,1,0,0,2019-07-12,,Submitted
DOC-0000773,LG-000071,Survey Record,1,1,0,2019-06-27,2019-07-25,Verified
DOC-0000774,LG-000071,Ownership Proof,0,0,0,,,Pending
DOC-0000775,LG-000072,Survey Record,1,0,0,2018-04-19,,Submitted
DOC-0000776,LG-000072,Compensation Document,1,0,0,2018-04-05,,Submitted
DOC-0000777,LG-000072,Compensation Document,1,1,0,2018-04-20,2018-05-02,Verified
DOC-0000778,LG-000072,Compensation Document,1,1,1,2018-03-09,2018-04-02,Verified
DOC-0000779,LG-000072,Compensation Document,1,1,0,2018-04-08,2018-05-15,Verified
DOC-0000780,LG-000072,Ownership Proof,1,1,0,2018-04-13,2018-05-08,Verified
DOC-0000781,LG-000072,Ownership Proof,1,0,0,2018-04-17,,Submitted
DOC-0000782,LG-000072,Compensation Document,1,1,0,2018-04-23,2018-05-15,Verified
DOC-0000783,LG-000072,Land Record,1,0,0,2018-04-07,,Submitted
DOC-0000784,LG-000072,Compensation Document,1,1,0,2018-04-03,2018-05-01,Verified
DOC-0000785,LG-000072,Survey Record,1,0,0,2018-04-09,,Submitted
DOC-0000786,LG-000072,Survey Record,1,1,0,2018-03-30,2018-05-02,Verified
DOC-0000787,LG-000073,Survey Record,1,1,1,2024-09-30,2024-10-27,Verified
DOC-0000788,LG-000073,Survey Record,1,1,0,2024-10-19,2024-11-11,Verified
DOC-0000789,LG-000073,Survey Record,1,1,0,2024-10-15,2024-11-01,Verified
DOC-0000790,LG-000073,Ownership Proof,0,0,0,,,Pending
DOC-0000791,LG-000073,Compensation Document,1,1,0,2024-09-21,2024-10-23,Verified
DOC-0000792,LG-000074,Ownership Proof,1,0,0,2024-02-28,,Submitted
DOC-0000793,LG-000074,Ownership Proof,1,1,0,2024-03-29,2024-04-17,Verified
DOC-0000794,LG-000074,Land Record,1,1,0,2024-04-14,2024-05-07,Verified
DOC-0000795,LG-000074,Land Record,1,1,0,2024-04-02,2024-05-07,Verified
DOC-0000796,LG-000074,Ownership Proof,1,1,0,2024-03-19,2024-03-30,Verified
DOC-0000797,LG-000074,Survey Record,1,1,0,2024-03-03,2024-04-10,Verified
DOC-0000798,LG-000075,Survey Record,1,0,0,2024-03-23,,Submitted
DOC-0000799,LG-000075,Ownership Proof,0,0,0,,,Pending
DOC-0000800,LG-000075,Identity Document,1,1,0,2024-02-14,2024-02-24,Verified
DOC-0000801,LG-000075,Identity Document,1,1,0,2024-04-03,2024-04-14,Verified
DOC-0000802,LG-000075,Identity Document,1,0,0,2024-04-06,,Submitted
DOC-0000803,LG-000075,Identity Document,1,1,0,2024-02-18,2024-03-19,Verified
DOC-0000804,LG-000075,Survey Record,1,0,0,2024-04-06,,Submitted
DOC-0000805,LG-000075,Land Record,1,1,0,2024-04-01,2024-04-24,Verified
DOC-0000806,LG-000075,Land Record,1,0,0,2024-04-05,,Submitted
DOC-0000807,LG-000075,Identity Document,1,0,0,2024-02-29,,Submitted
DOC-0000808,LG-000075,Survey Record,1,1,0,2024-04-02,2024-04-21,Verified
DOC-0000809,LG-000075,Land Record,1,1,0,2024-03-08,2024-03-22,Verified
DOC-0000810,LG-000075,Compensation Document,1,0,0,2024-02-27,,Submitted
DOC-0000811,LG-000076,Ownership Proof,1,1,1,2022-06-18,2022-07-12,Verified
DOC-0000812,LG-000076,Land Record,1,0,1,2022-06-08,,Submitted
DOC-0000813,LG-000076,Compensation Document,1,1,1,2022-05-27,2022-06-28,Verified
DOC-0000814,LG-000076,Ownership Proof,0,0,0,,,Pending
DOC-0000815,LG-000076,Identity Document,1,1,1,2022-05-22,2022-06-05,Verified
DOC-0000816,LG-000076,Compensation Document,0,0,1,,,Pending
DOC-0000817,LG-000076,Ownership Proof,1,1,1,2022-05-30,2022-06-23,Verified
DOC-0000818,LG-000076,Ownership Proof,1,1,1,2022-06-17,2022-07-06,Verified
DOC-0000819,LG-000076,Land Record,1,0,1,2022-05-23,,Submitted
DOC-0000820,LG-000077,Compensation Document,1,1,0,2020-02-05,2020-02-29,Verified
DOC-0000821,LG-000077,Identity Document,1,1,0,2020-01-24,2020-02-27,Verified
DOC-0000822,LG-000077,Compensation Document,1,0,1,2020-01-06,,Submitted
DOC-0000823,LG-000077,Compensation Document,1,1,0,2019-12-31,2020-01-13,Verified
DOC-0000824,LG-000077,Survey Record,1,1,0,2020-02-05,2020-03-02,Verified
DOC-0000825,LG-000077,Identity Document,1,1,0,2019-12-19,2020-01-04,Verified
DOC-0000826,LG-000078,Land Record,1,0,1,2024-03-08,,Submitted
DOC-0000827,LG-000078,Identity Document,1,1,0,2024-03-17,2024-04-16,Verified
DOC-0000828,LG-000078,Ownership Proof,1,0,1,2024-04-13,,Submitted
DOC-0000829,LG-000078,Identity Document,1,0,1,2024-03-14,,Submitted
DOC-0000830,LG-000078,Compensation Document,1,0,1,2024-03-02,,Submitted
DOC-0000831,LG-000078,Land Record,1,1,0,2024-02-21,2024-03-15,Verified
DOC-0000832,LG-000078,Ownership Proof,1,1,1,2024-03-14,2024-04-11,Verified
DOC-0000833,LG-000079,Land Record,1,1,0,2021-11-02,2021-11-17,Verified
DOC-0000834,LG-000079,Compensation Document,1,1,1,2021-12-14,2021-12-31,Verified
DOC-0000835,LG-000079,Compensation Document,0,0,0,,,Pending
DOC-0000836,LG-000079,Ownership Proof,1,1,0,2021-11-02,2021-11-23,Verified
DOC-0000837,LG-000079,Survey Record,1,0,1,2021-11-07,,Submitted
DOC-0000838,LG-000079,Survey Record,1,0,0,2021-12-03,,Submitted
DOC-0000839,LG-000079,Survey Record,1,1,0,2021-12-08,2021-12-25,Verified
DOC-0000840,LG-000079,Identity Document,1,1,0,2021-10-25,2021-11-11,Verified
DOC-0000841,LG-000079,Ownership Proof,1,1,0,2021-11-10,2021-12-12,Verified
DOC-0000842,LG-000079,Ownership Proof,1,1,0,2021-11-02,2021-11-21,Verified
DOC-0000843,LG-000079,Compensation Document,1,0,0,2021-10-23,,Submitted
DOC-0000844,LG-000079,Compensation Document,0,0,0,,,Pending
DOC-0000845,LG-000079,Survey Record,1,0,0,2021-12-12,,Submitted
DOC-0000846,LG-000079,Identity Document,1,0,0,2021-10-26,,Submitted
DOC-0000847,LG-000080,Identity Document,1,0,0,2018-05-25,,Submitted
DOC-0000848,LG-000080,Land Record,1,1,0,2018-05-29,2018-06-17,Verified
DOC-0000849,LG-000080,Land Record,1,0,1,2018-06-27,,Submitted
DOC-0000850,LG-000080,Ownership Proof,1,0,0,2018-05-20,,Submitted
DOC-0000851,LG-000080,Survey Record,1,1,0,2018-06-06,2018-07-02,Verified
DOC-0000852,LG-000080,Ownership Proof,1,1,1,2018-05-15,2018-06-07,Verified
DOC-0000853,LG-000080,Survey Record,1,1,0,2018-05-15,2018-06-20,Verified
DOC-0000854,LG-000080,Land Record,1,1,0,2018-07-06,2018-07-26,Verified
DOC-0000855,LG-000081,Compensation Document,1,1,0,2022-01-01,2022-01-19,Verified
DOC-0000856,LG-000081,Compensation Document,1,1,0,2022-01-13,2022-02-21,Verified
DOC-0000857,LG-000081,Land Record,1,0,0,2022-01-29,,Submitted
DOC-0000858,LG-000081,Land Record,1,1,0,2022-01-30,2022-03-04,Verified
DOC-0000859,LG-000081,Land Record,1,1,0,2022-01-10,2022-02-16,Verified
DOC-0000860,LG-000081,Land Record,1,1,0,2022-01-20,2022-02-06,Verified
DOC-0000861,LG-000081,Land Record,1,1,0,2022-01-26,2022-03-01,Verified
DOC-0000862,LG-000081,Ownership Proof,1,1,0,2022-01-27,2022-02-24,Verified
DOC-0000863,LG-000081,Identity Document,1,1,0,2021-12-09,2021-12-25,Verified
DOC-0000864,LG-000081,Ownership Proof,1,0,0,2022-01-16,,Submitted
DOC-0000865,LG-000081,Ownership Proof,1,0,0,2021-12-12,,Submitted
DOC-0000866,LG-000081,Land Record,0,0,0,,,Pending
DOC-0000867,LG-000081,Ownership Proof,1,1,1,2021-12-13,2022-01-06,Verified
DOC-0000868,LG-000081,Ownership Proof,1,1,0,2022-01-04,2022-01-31,Verified
DOC-0000869,LG-000082,Identity Document,1,0,0,2025-01-18,,Submitted
DOC-0000870,LG-000082,Land Record,1,0,1,2025-01-23,,Submitted
DOC-0000871,LG-000082,Land Record,1,1,1,2024-12-21,2025-01-27,Verified
DOC-0000872,LG-000082,Land Record,1,1,1,2024-12-20,2025-01-08,Verified
DOC-0000873,LG-000082,Compensation Document,0,0,1,,,Pending
DOC-0000874,LG-000083,Land Record,1,1,0,2023-04-26,2023-05-18,Verified
DOC-0000875,LG-000083,Land Record,1,1,0,2023-03-26,2023-04-09,Verified
DOC-0000876,LG-000083,Identity Document,1,1,0,2023-03-16,2023-04-10,Verified
DOC-0000877,LG-000083,Land Record,1,1,0,2023-04-15,2023-05-18,Verified
DOC-0000878,LG-000083,Ownership Proof,1,1,0,2023-03-24,2023-05-02,Verified
DOC-0000879,LG-000083,Compensation Document,1,1,0,2023-05-02,2023-05-14,Verified
DOC-0000880,LG-000083,Identity Document,1,1,0,2023-04-11,2023-05-19,Verified
DOC-0000881,LG-000083,Ownership Proof,1,1,0,2023-04-11,2023-04-26,Verified
DOC-0000882,LG-000083,Ownership Proof,1,1,0,2023-03-16,2023-04-06,Verified
DOC-0000883,LG-000083,Compensation Document,1,0,0,2023-05-02,,Submitted
DOC-0000884,LG-000083,Identity Document,1,0,0,2023-04-20,,Submitted
DOC-0000885,LG-000084,Compensation Document,1,1,1,2020-06-27,2020-07-19,Verified
DOC-0000886,LG-000084,Ownership Proof,1,1,0,2020-06-26,2020-07-21,Verified
DOC-0000887,LG-000084,Survey Record,1,1,0,2020-07-02,2020-08-08,Verified
DOC-0000888,LG-000084,Land Record,1,0,0,2020-06-09,,Submitted
DOC-0000889,LG-000084,Identity Document,1,0,1,2020-06-02,,Submitted
DOC-0000890,LG-000084,Survey Record,1,0,0,2020-07-01,,Submitted
DOC-0000891,LG-000084,Land Record,1,0,0,2020-07-10,,Submitted
DOC-0000892,LG-000084,Identity Document,1,1,0,2020-05-29,2020-07-03,Verified
DOC-0000893,LG-000085,Survey Record,1,1,0,2022-08-05,2022-09-14,Verified
DOC-0000894,LG-000085,Identity Document,1,1,0,2022-07-08,2022-08-08,Verified
DOC-0000895,LG-000085,Compensation Document,1,1,0,2022-06-23,2022-07-31,Verified
DOC-0000896,LG-000085,Ownership Proof,1,0,0,2022-07-09,,Submitted
DOC-0000897,LG-000085,Compensation Document,1,1,0,2022-07-15,2022-07-26,Verified
DOC-0000898,LG-000085,Land Record,1,1,0,2022-06-19,2022-06-29,Verified
DOC-0000899,LG-000085,Compensation Document,1,1,0,2022-07-09,2022-08-09,Verified
DOC-0000900,LG-000085,Identity Document,1,0,0,2022-07-14,,Submitted
DOC-0000901,LG-000085,Land Record,1,1,0,2022-07-12,2022-08-02,Verified
DOC-0000902,LG-000086,Identity Document,1,1,0,2019-09-18,2019-10-18,Verified
DOC-0000903,LG-000086,Compensation Document,1,1,0,2019-10-17,2019-10-29,Verified
DOC-0000904,LG-000086,Identity Document,1,1,0,2019-10-31,2019-11-16,Verified
DOC-0000905,LG-000086,Land Record,1,1,0,2019-10-15,2019-11-13,Verified
DOC-0000906,LG-000086,Identity Document,1,1,0,2019-10-22,2019-11-25,Verified
DOC-0000907,LG-000086,Compensation Document,1,1,0,2019-09-30,2019-10-27,Verified
DOC-0000908,LG-000086,Land Record,1,0,0,2019-09-23,,Submitted
DOC-0000909,LG-000086,Land Record,1,1,0,2019-10-21,2019-11-12,Verified
DOC-0000910,LG-000086,Survey Record,1,1,0,2019-10-22,2019-11-01,Verified
DOC-0000911,LG-000086,Compensation Document,1,1,0,2019-09-20,2019-10-04,Verified
DOC-0000912,LG-000086,Land Record,1,1,0,2019-11-07,2019-12-07,Verified
DOC-0000913,LG-000086,Identity Document,1,0,0,2019-10-25,,Submitted
DOC-0000914,LG-000087,Ownership Proof,1,1,0,2019-12-28,2020-01-29,Verified
DOC-0000915,LG-000087,Identity Document,1,1,0,2019-11-28,2019-12-31,Verified
DOC-0000916,LG-000087,Compensation Document,1,1,0,2019-12-16,2020-01-06,Verified
DOC-0000917,LG-000087,Land Record,1,0,0,2019-12-24,,Submitted
DOC-0000918,LG-000087,Survey Record,1,1,0,2019-12-10,2019-12-23,Verified
DOC-0000919,LG-000088,Identity Document,1,1,0,2019-03-01,2019-03-30,Verified
DOC-0000920,LG-000088,Identity Document,1,0,0,2019-03-14,,Submitted
DOC-0000921,LG-000088,Compensation Document,1,0,0,2019-03-28,,Submitted
DOC-0000922,LG-000088,Identity Document,1,0,0,2019-03-22,,Submitted
DOC-0000923,LG-000088,Compensation Document,1,1,0,2019-03-24,2019-04-21,Verified
DOC-0000924,LG-000088,Survey Record,1,1,0,2019-04-04,2019-04-21,Verified
DOC-0000925,LG-000088,Identity Document,1,1,0,2019-02-21,2019-03-15,Verified
DOC-0000926,LG-000088,Identity Document,1,1,0,2019-02-27,2019-03-24,Verified
DOC-0000927,LG-000088,Land Record,1,1,0,2019-03-22,2019-04-17,Verified
DOC-0000928,LG-000089,Ownership Proof,1,1,0,2019-02-06,2019-03-16,Verified
DOC-0000929,LG-000089,Land Record,1,0,0,2019-02-17,,Submitted
DOC-0000930,LG-000089,Compensation Document,1,1,0,2019-02-21,2019-03-29,Verified
DOC-0000931,LG-000089,Identity Document,1,1,0,2019-01-26,2019-02-15,Verified
DOC-0000932,LG-000089,Ownership Proof,1,1,0,2019-02-21,2019-03-06,Verified
DOC-0000933,LG-000089,Land Record,1,1,0,2019-03-05,2019-03-24,Verified
DOC-0000934,LG-000089,Ownership Proof,1,1,0,2019-03-17,2019-03-27,Verified
DOC-0000935,LG-000089,Land Record,1,1,0,2019-01-26,2019-02-14,Verified
DOC-0000936,LG-000089,Survey Record,1,1,0,2019-03-02,2019-03-21,Verified
DOC-0000937,LG-000089,Compensation Document,1,1,0,2019-03-11,2019-04-19,Verified
DOC-0000938,LG-000089,Identity Document,1,1,0,2019-02-13,2019-03-10,Verified
DOC-0000939,LG-000089,Land Record,1,1,0,2019-02-05,2019-03-04,Verified
DOC-0000940,LG-000089,Survey Record,0,0,0,,,Pending
DOC-0000941,LG-000090,Identity Document,1,0,0,2018-06-18,,Submitted
DOC-0000942,LG-000090,Survey Record,1,1,0,2018-07-14,2018-07-26,Verified
DOC-0000943,LG-000090,Land Record,1,1,0,2018-06-23,2018-07-23,Verified
DOC-0000944,LG-000090,Compensation Document,1,0,0,2018-07-18,,Submitted
DOC-0000945,LG-000090,Identity Document,1,1,0,2018-06-26,2018-07-15,Verified
DOC-0000946,LG-000090,Land Record,1,1,1,2018-06-29,2018-08-03,Verified
DOC-0000947,LG-000090,Survey Record,1,1,0,2018-06-18,2018-07-26,Verified
DOC-0000948,LG-000090,Land Record,1,1,0,2018-06-11,2018-06-29,Verified
DOC-0000949,LG-000090,Survey Record,1,0,0,2018-06-30,,Submitted
DOC-0000950,LG-000090,Survey Record,1,1,0,2018-06-29,2018-07-26,Verified
DOC-0000951,LG-000091,Compensation Document,1,0,0,2018-07-04,,Submitted
DOC-0000952,LG-000091,Compensation Document,1,1,0,2018-06-22,2018-07-26,Verified
DOC-0000953,LG-000091,Identity Document,1,0,0,2018-06-04,,Submitted
DOC-0000954,LG-000091,Ownership Proof,1,1,0,2018-06-13,2018-07-21,Verified
DOC-0000955,LG-000091,Survey Record,1,0,0,2018-07-11,,Submitted
DOC-0000956,LG-000091,Ownership Proof,1,0,0,2018-06-14,,Submitted
DOC-0000957,LG-000092,Compensation Document,1,1,1,2019-11-03,2019-12-11,Verified
DOC-0000958,LG-000092,Land Record,1,1,1,2019-11-08,2019-12-10,Verified
DOC-0000959,LG-000092,Identity Document,1,0,1,2019-11-02,,Submitted
DOC-0000960,LG-000092,Compensation Document,1,1,0,2019-10-14,2019-11-11,Verified
DOC-0000961,LG-000092,Compensation Document,1,1,0,2019-11-15,2019-12-18,Verified
DOC-0000962,LG-000092,Land Record,1,0,0,2019-11-08,,Submitted
DOC-0000963,LG-000092,Survey Record,1,1,0,2019-11-12,2019-11-28,Verified
DOC-0000964,LG-000093,Identity Document,1,0,0,2018-11-06,,Submitted
DOC-0000965,LG-000093,Survey Record,1,1,1,2018-10-25,2018-11-28,Verified
DOC-0000966,LG-000093,Ownership Proof,1,1,0,2018-09-27,2018-10-19,Verified
DOC-0000967,LG-000093,Survey Record,1,1,1,2018-10-02,2018-10-19,Verified
DOC-0000968,LG-000093,Ownership Proof,1,1,1,2018-10-14,2018-11-12,Verified
DOC-0000969,LG-000093,Land Record,1,0,0,2018-11-05,,Submitted
DOC-0000970,LG-000093,Compensation Document,1,1,1,2018-10-05,2018-10-17,Verified
DOC-0000971,LG-000093,Compensation Document,1,0,0,2018-10-09,,Submitted
DOC-0000972,LG-000093,Survey Record,1,0,1,2018-10-04,,Submitted
DOC-0000973,LG-000093,Ownership Proof,1,0,0,2018-10-28,,Submitted
DOC-0000974,LG-000093,Survey Record,1,0,1,2018-09-23,,Submitted
DOC-0000975,LG-000093,Identity Document,1,1,0,2018-09-25,2018-10-12,Verified
DOC-0000976,LG-000093,Land Record,1,1,1,2018-10-22,2018-11-26,Verified
DOC-0000977,LG-000094,Land Record,1,0,0,2024-01-09,,Submitted
DOC-0000978,LG-000094,Land Record,1,0,0,2023-11-20,,Submitted
DOC-0000979,LG-000094,Survey Record,1,1,0,2023-11-26,2023-12-31,Verified
DOC-0000980,LG-000094,Survey Record,1,1,0,2023-12-15,2023-12-29,Verified
DOC-0000981,LG-000094,Survey Record,1,1,0,2023-12-18,2024-01-27,Verified
DOC-0000982,LG-000094,Land Record,1,1,0,2024-01-07,2024-02-08,Verified
DOC-0000983,LG-000094,Compensation Document,1,1,0,2023-12-30,2024-02-08,Verified
DOC-0000984,LG-000095,Land Record,1,1,1,2024-08-07,2024-08-21,Verified
DOC-0000985,LG-000095,Ownership Proof,0,0,1,,,Pending
DOC-0000986,LG-000095,Ownership Proof,1,1,1,2024-07-06,2024-08-02,Verified
DOC-0000987,LG-000095,Identity Document,1,0,0,2024-07-05,,Submitted
DOC-0000988,LG-000095,Compensation Document,1,1,0,2024-07-08,2024-08-06,Verified
DOC-0000989,LG-000095,Survey Record,0,0,1,,,Pending
DOC-0000990,LG-000095,Land Record,1,1,1,2024-07-09,2024-08-16,Verified
DOC-0000991,LG-000095,Compensation Document,1,1,1,2024-07-12,2024-08-04,Verified
DOC-0000992,LG-000095,Ownership Proof,1,1,0,2024-06-29,2024-07-30,Verified
DOC-0000993,LG-000095,Land Record,1,1,0,2024-08-09,2024-09-08,Verified
DOC-0000994,LG-000095,Identity Document,1,1,1,2024-07-04,2024-08-13,Verified
DOC-0000995,LG-000095,Land Record,1,1,1,2024-07-18,2024-08-22,Verified
DOC-0000996,LG-000095,Identity Document,1,0,0,2024-07-04,,Submitted
DOC-0000997,LG-000096,Land Record,1,0,0,2020-07-05,,Submitted
DOC-0000998,LG-000096,Identity Document,1,0,0,2020-07-03,,Submitted
DOC-0000999,LG-000096,Identity Document,1,1,0,2020-06-21,2020-07-09,Verified
DOC-0001000,LG-000096,Survey Record,0,0,0,,,Pending
DOC-0001001,LG-000096,Identity Document,1,1,0,2020-06-27,2020-08-04,Verified
DOC-0001002,LG-000096,Ownership Proof,1,0,1,2020-07-14,,Submitted
DOC-0001003,LG-000096,Ownership Proof,0,0,0,,,Pending
DOC-0001004,LG-000096,Ownership Proof,1,1,1,2020-06-20,2020-07-23,Verified
DOC-0001005,LG-000096,Ownership Proof,1,0,0,2020-06-06,,Submitted
DOC-0001006,LG-000096,Ownership Proof,1,1,1,2020-06-02,2020-07-03,Verified
DOC-0001007,LG-000096,Survey Record,1,0,0,2020-06-09,,Submitted
DOC-0001008,LG-000096,Land Record,0,0,1,,,Pending
DOC-0001009,LG-000097,Survey Record,1,0,0,2021-05-06,,Submitted
DOC-0001010,LG-000097,Survey Record,1,0,0,2021-04-15,,Submitted
DOC-0001011,LG-000097,Survey Record,1,0,0,2021-05-14,,Submitted
DOC-0001012,LG-000097,Ownership Proof,1,1,0,2021-05-23,2021-06-10,Verified
DOC-0001013,LG-000097,Identity Document,1,1,0,2021-05-17,2021-06-05,Verified
DOC-0001014,LG-000097,Compensation Document,1,1,1,2021-04-16,2021-05-17,Verified
DOC-0001015,LG-000097,Land Record,1,0,0,2021-04-26,,Submitted
DOC-0001016,LG-000097,Ownership Proof,1,1,0,2021-05-10,2021-05-31,Verified
DOC-0001017,LG-000097,Land Record,1,1,0,2021-04-21,2021-05-15,Verified
DOC-0001018,LG-000097,Land Record,1,1,0,2021-06-01,2021-06-21,Verified
DOC-0001019,LG-000097,Identity Document,1,1,0,2021-05-31,2021-06-15,Verified
DOC-0001020,LG-000098,Ownership Proof,1,1,0,2019-01-27,2019-03-06,Verified
DOC-0001021,LG-000098,Identity Document,1,1,1,2019-01-14,2019-02-12,Verified
DOC-0001022,LG-000098,Land Record,1,1,0,2019-01-08,2019-01-28,Verified
DOC-0001023,LG-000098,Ownership Proof,1,1,0,2019-02-05,2019-03-05,Verified
DOC-0001024,LG-000098,Survey Record,1,1,0,2019-02-05,2019-03-10,Verified
DOC-0001025,LG-000098,Compensation Document,1,1,0,2019-01-21,2019-02-26,Verified
DOC-0001026,LG-000098,Land Record,1,1,0,2018-12-29,2019-01-17,Verified
DOC-0001027,LG-000098,Ownership Proof,1,1,1,2019-02-03,2019-03-12,Verified
DOC-0001028,LG-000098,Ownership Proof,1,1,1,2019-01-18,2019-02-20,Verified
DOC-0001029,LG-000098,Identity Document,1,1,0,2019-02-10,2019-02-22,Verified
DOC-0001030,LG-000098,Ownership Proof,1,0,0,2019-01-27,,Submitted
DOC-0001031,LG-000098,Identity Document,1,1,0,2018-12-25,2019-01-25,Verified
DOC-0001032,LG-000098,Land Record,1,1,0,2019-02-06,2019-03-14,Verified
DOC-0001033,LG-000098,Ownership Proof,0,0,0,,,Pending
DOC-0001034,LG-000098,Compensation Document,1,1,0,2018-12-27,2019-02-05,Verified
DOC-0001035,LG-000099,Survey Record,1,0,1,2023-09-26,,Submitted
DOC-0001036,LG-000099,Compensation Document,1,0,0,2023-10-09,,Submitted
DOC-0001037,LG-000099,Compensation Document,1,1,0,2023-09-07,2023-10-02,Verified
DOC-0001038,LG-000099,Compensation Document,1,1,1,2023-10-09,2023-10-20,Verified
DOC-0001039,LG-000099,Ownership Proof,1,1,1,2023-09-04,2023-10-13,Verified
DOC-0001040,LG-000099,Compensation Document,1,1,0,2023-09-23,2023-10-28,Verified
DOC-0001041,LG-000099,Compensation Document,1,1,0,2023-09-29,2023-10-20,Verified
DOC-0001042,LG-000099,Land Record,0,0,1,,,Pending
DOC-0001043,LG-000099,Compensation Document,1,1,1,2023-10-06,2023-10-18,Verified
DOC-0001044,LG-000099,Compensation Document,1,1,1,2023-09-12,2023-10-22,Verified
DOC-0001045,LG-000100,Land Record,1,1,1,2018-03-06,2018-03-28,Verified
DOC-0001046,LG-000100,Identity Document,1,1,1,2018-03-13,2018-04-16,Verified
DOC-0001047,LG-000100,Ownership Proof,1,0,1,2018-01-30,,Submitted
DOC-0001048,LG-000100,Survey Record,1,0,0,2018-03-17,,Submitted
DOC-0001049,LG-000100,Ownership Proof,1,1,1,2018-03-19,2018-04-08,Verified
DOC-0001050,LG-000100,Compensation Document,1,1,1,2018-02-18,2018-03-02,Verified
DOC-0001051,LG-000101,Land Record,1,1,0,2023-06-29,2023-07-11,Verified
DOC-0001052,LG-000101,Identity Document,1,0,0,2023-06-15,,Submitted
DOC-0001053,LG-000101,Survey Record,1,1,0,2023-07-14,2023-08-09,Verified
DOC-0001054,LG-000101,Survey Record,1,0,0,2023-06-15,,Submitted
DOC-0001055,LG-000101,Compensation Document,1,1,0,2023-07-05,2023-07-21,Verified
DOC-0001056,LG-000101,Survey Record,1,0,0,2023-06-14,,Submitted
DOC-0001057,LG-000101,Identity Document,1,0,0,2023-06-04,,Submitted
DOC-0001058,LG-000101,Compensation Document,1,1,0,2023-06-23,2023-07-23,Verified
DOC-0001059,LG-000101,Land Record,1,1,0,2023-06-28,2023-07-27,Verified
DOC-0001060,LG-000101,Compensation Document,1,1,0,2023-07-13,2023-08-20,Verified
DOC-0001061,LG-000101,Identity Document,1,1,0,2023-05-28,2023-06-21,Verified
DOC-0001062,LG-000102,Land Record,1,1,0,2021-06-02,2021-06-14,Verified
DOC-0001063,LG-000102,Survey Record,1,1,1,2021-06-29,2021-07-13,Verified
DOC-0001064,LG-000102,Survey Record,1,1,0,2021-06-26,2021-07-30,Verified
DOC-0001065,LG-000102,Survey Record,1,0,1,2021-06-02,,Submitted
DOC-0001066,LG-000102,Survey Record,1,0,1,2021-05-29,,Submitted
DOC-0001067,LG-000102,Compensation Document,1,0,1,2021-06-29,,Submitted
DOC-0001068,LG-000102,Identity Document,1,1,1,2021-05-14,2021-05-30,Verified
DOC-0001069,LG-000102,Survey Record,1,0,1,2021-06-21,,Submitted
DOC-0001070,LG-000102,Compensation Document,0,0,0,,,Pending
DOC-0001071,LG-000102,Identity Document,0,0,1,,,Pending
DOC-0001072,LG-000102,Compensation Document,1,1,1,2021-06-27,2021-07-10,Verified
DOC-0001073,LG-000102,Survey Record,1,0,0,2021-05-14,,Submitted
DOC-0001074,LG-000102,Survey Record,1,0,0,2021-05-13,,Submitted
DOC-0001075,LG-000102,Land Record,1,0,0,2021-05-26,,Submitted
DOC-0001076,LG-000102,Ownership Proof,1,0,0,2021-06-12,,Submitted
DOC-0001077,LG-000103,Survey Record,1,1,0,2024-01-15,2024-02-21,Verified
DOC-0001078,LG-000103,Land Record,1,0,0,2024-02-02,,Submitted
DOC-0001079,LG-000103,Ownership Proof,1,1,1,2024-02-14,2024-03-20,Verified
DOC-0001080,LG-000103,Survey Record,1,1,1,2024-01-23,2024-02-02,Verified
DOC-0001081,LG-000103,Compensation Document,1,0,0,2024-02-06,,Submitted
DOC-0001082,LG-000103,Identity Document,1,1,0,2024-01-18,2024-02-22,Verified
DOC-0001083,LG-000103,Compensation Document,1,0,0,2024-01-29,,Submitted
DOC-0001084,LG-000103,Survey Record,1,1,0,2024-01-17,2024-02-17,Verified
DOC-0001085,LG-000103,Ownership Proof,1,1,0,2024-02-18,2024-03-13,Verified
DOC-0001086,LG-000103,Survey Record,1,1,0,2024-01-31,2024-02-20,Verified
DOC-0001087,LG-000104,Land Record,1,0,0,2019-06-28,,Submitted
DOC-0001088,LG-000104,Survey Record,1,1,0,2019-06-06,2019-07-16,Verified
DOC-0001089,LG-000104,Land Record,1,0,0,2019-05-22,,Submitted
DOC-0001090,LG-000104,Identity Document,1,1,0,2019-05-22,2019-06-28,Verified
DOC-0001091,LG-000104,Identity Document,1,1,0,2019-06-05,2019-06-20,Verified
DOC-0001092,LG-000104,Land Record,1,1,0,2019-05-24,2019-06-29,Verified
DOC-0001093,LG-000104,Survey Record,1,1,0,2019-06-17,2019-07-26,Verified
DOC-0001094,LG-000105,Survey Record,1,1,1,2024-09-26,2024-10-15,Verified
DOC-0001095,LG-000105,Ownership Proof,0,0,1,,,Pending
DOC-0001096,LG-000105,Land Record,1,1,0,2024-09-27,2024-11-06,Verified
DOC-0001097,LG-000105,Identity Document,1,0,1,2024-08-23,,Submitted
DOC-0001098,LG-000105,Identity Document,1,1,1,2024-10-02,2024-10-13,Verified
DOC-0001099,LG-000105,Compensation Document,1,1,1,2024-09-21,2024-10-08,Verified
DOC-0001100,LG-000105,Compensation Document,0,0,1,,,Pending
DOC-0001101,LG-000105,Compensation Document,1,0,0,2024-08-29,,Submitted
DOC-0001102,LG-000105,Identity Document,1,1,1,2024-08-27,2024-09-22,Verified
DOC-0001103,LG-000106,Identity Document,1,0,0,2022-10-12,,Submitted
DOC-0001104,LG-000106,Compensation Document,1,1,0,2022-10-12,2022-11-21,Verified
DOC-0001105,LG-000106,Compensation Document,1,1,0,2022-11-13,2022-12-17,Verified
DOC-0001106,LG-000106,Survey Record,1,1,0,2022-11-21,2022-12-09,Verified
DOC-0001107,LG-000106,Land Record,1,1,0,2022-11-09,2022-12-17,Verified
DOC-0001108,LG-000106,Compensation Document,1,1,0,2022-11-07,2022-11-29,Verified
DOC-0001109,LG-000106,Survey Record,1,1,0,2022-12-05,2023-01-01,Verified
DOC-0001110,LG-000106,Identity Document,1,1,0,2022-10-30,2022-11-20,Verified
DOC-0001111,LG-000106,Survey Record,0,0,0,,,Pending
DOC-0001112,LG-000106,Land Record,1,0,0,2022-11-28,,Submitted
DOC-0001113,LG-000106,Ownership Proof,1,1,0,2022-10-24,2022-11-21,Verified
DOC-0001114,LG-000106,Survey Record,0,0,0,,,Pending
DOC-0001115,LG-000106,Ownership Proof,1,1,0,2022-11-28,2023-01-02,Verified
DOC-0001116,LG-000106,Land Record,1,1,0,2022-11-30,2022-12-17,Verified
DOC-0001117,LG-000106,Identity Document,1,0,0,2022-11-15,,Submitted
DOC-0001118,LG-000107,Land Record,1,0,0,2018-04-21,,Submitted
DOC-0001119,LG-000107,Compensation Document,1,1,0,2018-04-05,2018-04-15,Verified
DOC-0001120,LG-000107,Land Record,1,1,0,2018-04-03,2018-04-27,Verified
DOC-0001121,LG-000107,Land Record,1,1,0,2018-03-23,2018-04-04,Verified
DOC-0001122,LG-000107,Identity Document,1,0,0,2018-04-27,,Submitted
DOC-0001123,LG-000107,Survey Record,1,1,1,2018-03-19,2018-04-12,Verified
DOC-0001124,LG-000107,Survey Record,1,1,0,2018-03-13,2018-04-06,Verified
DOC-0001125,LG-000108,Ownership Proof,1,1,0,2019-08-29,2019-10-08,Verified
DOC-0001126,LG-000108,Identity Document,1,1,1,2019-08-23,2019-09-12,Verified
DOC-0001127,LG-000108,Land Record,0,0,0,,,Pending
DOC-0001128,LG-000108,Identity Document,1,1,0,2019-08-08,2019-08-18,Verified
DOC-0001129,LG-000108,Survey Record,1,0,1,2019-08-25,,Submitted
DOC-0001130,LG-000108,Ownership Proof,0,0,0,,,Pending
DOC-0001131,LG-000108,Land Record,1,0,0,2019-09-17,,Submitted
DOC-0001132,LG-000108,Survey Record,1,1,0,2019-09-01,2019-09-17,Verified
DOC-0001133,LG-000108,Identity Document,1,1,0,2019-09-23,2019-10-17,Verified
DOC-0001134,LG-000109,Land Record,1,1,0,2024-12-01,2024-12-29,Verified
DOC-0001135,LG-000109,Compensation Document,1,1,0,2024-12-23,2025-01-02,Verified
DOC-0001136,LG-000109,Identity Document,1,1,0,2024-11-25,2024-12-18,Verified
DOC-0001137,LG-000109,Land Record,1,1,0,2024-12-31,2025-01-19,Verified
DOC-0001138,LG-000109,Survey Record,1,1,0,2024-12-05,2025-01-13,Verified
DOC-0001139,LG-000109,Survey Record,1,0,0,2024-12-13,,Submitted
DOC-0001140,LG-000109,Survey Record,1,0,0,2024-12-06,,Submitted
DOC-0001141,LG-000109,Land Record,1,1,0,2024-12-09,2025-01-11,Verified
DOC-0001142,LG-000109,Ownership Proof,1,0,0,2024-12-14,,Submitted
DOC-0001143,LG-000109,Land Record,1,1,0,2024-11-25,2024-12-16,Verified
DOC-0001144,LG-000109,Identity Document,1,0,0,2025-01-08,,Submitted
DOC-0001145,LG-000109,Ownership Proof,1,1,0,2025-01-03,2025-02-05,Verified
DOC-0001146,LG-000109,Ownership Proof,1,1,0,2024-12-11,2024-12-26,Verified
DOC-0001147,LG-000109,Land Record,1,0,0,2024-12-23,,Submitted
DOC-0001148,LG-000109,Identity Document,1,1,0,2024-12-17,2025-01-16,Verified
DOC-0001149,LG-000110,Identity Document,0,0,1,,,Pending
DOC-0001150,LG-000110,Land Record,1,1,0,2020-09-25,2020-10-15,Verified
DOC-0001151,LG-000110,Identity Document,1,0,1,2020-08-29,,Submitted
DOC-0001152,LG-000110,Survey Record,1,0,0,2020-10-04,,Submitted
DOC-0001153,LG-000110,Compensation Document,1,0,0,2020-09-06,,Submitted
DOC-0001154,LG-000110,Survey Record,1,0,1,2020-09-05,,Submitted
DOC-0001155,LG-000110,Survey Record,1,0,0,2020-09-29,,Submitted
DOC-0001156,LG-000110,Survey Record,1,1,1,2020-09-10,2020-10-01,Verified
DOC-0001157,LG-000110,Land Record,1,1,0,2020-08-30,2020-09-10,Verified
DOC-0001158,LG-000111,Ownership Proof,1,1,0,2024-08-08,2024-08-18,Verified
DOC-0001159,LG-000111,Identity Document,0,0,1,,,Pending
DOC-0001160,LG-000111,Survey Record,1,1,1,2024-08-12,2024-09-17,Verified
DOC-0001161,LG-000111,Land Record,1,0,1,2024-07-19,,Submitted
DOC-0001162,LG-000111,Survey Record,1,1,1,2024-07-15,2024-08-11,Verified
DOC-0001163,LG-000112,Compensation Document,1,1,0,2024-11-13,2024-11-26,Verified
DOC-0001164,LG-000112,Ownership Proof,1,0,1,2024-12-27,,Submitted
DOC-0001165,LG-000112,Compensation Document,1,1,0,2024-12-04,2025-01-13,Verified
DOC-0001166,LG-000112,Compensation Document,1,1,0,2024-11-17,2024-12-19,Verified
DOC-0001167,LG-000112,Land Record,1,1,0,2024-12-21,2024-12-31,Verified
DOC-0001168,LG-000112,Survey Record,1,0,1,2024-12-01,,Submitted
DOC-0001169,LG-000112,Survey Record,1,0,0,2024-12-25,,Submitted
DOC-0001170,LG-000112,Compensation Document,1,1,0,2024-12-06,2024-12-29,Verified
DOC-0001171,LG-000112,Land Record,1,0,0,2024-11-28,,Submitted
DOC-0001172,LG-000112,Compensation Document,1,1,0,2024-12-09,2024-12-29,Verified
DOC-0001173,LG-000112,Land Record,1,0,0,2024-11-27,,Submitted
DOC-0001174,LG-000112,Survey Record,1,0,0,2024-12-23,,Submitted
DOC-0001175,LG-000113,Ownership Proof,1,0,0,2020-02-22,,Submitted
DOC-0001176,LG-000113,Identity Document,1,0,1,2020-01-21,,Submitted
DOC-0001177,LG-000113,Ownership Proof,1,0,1,2020-02-01,,Submitted
DOC-0001178,LG-000113,Compensation Document,1,1,1,2020-01-25,2020-02-15,Verified
DOC-0001179,LG-000113,Survey Record,1,1,0,2020-02-07,2020-03-09,Verified
DOC-0001180,LG-000114,Ownership Proof,1,1,0,2018-04-29,2018-06-02,Verified
DOC-0001181,LG-000114,Identity Document,1,1,0,2018-04-21,2018-05-03,Verified
DOC-0001182,LG-000114,Ownership Proof,1,0,0,2018-05-30,,Submitted
DOC-0001183,LG-000114,Land Record,1,1,0,2018-04-11,2018-04-23,Verified
DOC-0001184,LG-000114,Ownership Proof,1,1,0,2018-05-31,2018-06-10,Verified
DOC-0001185,LG-000114,Land Record,1,1,0,2018-05-26,2018-06-11,Verified
DOC-0001186,LG-000114,Compensation Document,1,1,0,2018-04-29,2018-05-28,Verified
DOC-0001187,LG-000114,Compensation Document,1,1,0,2018-05-02,2018-05-24,Verified
DOC-0001188,LG-000114,Identity Document,1,1,1,2018-04-22,2018-05-08,Verified
DOC-0001189,LG-000114,Land Record,1,1,0,2018-04-27,2018-05-23,Verified
DOC-0001190,LG-000114,Land Record,1,1,0,2018-04-11,2018-04-29,Verified
DOC-0001191,LG-000115,Land Record,1,0,0,2022-08-30,,Submitted
DOC-0001192,LG-000115,Land Record,1,0,1,2022-09-14,,Submitted
DOC-0001193,LG-000115,Survey Record,1,1,0,2022-08-27,2022-09-24,Verified
DOC-0001194,LG-000115,Land Record,1,1,0,2022-08-18,2022-09-18,Verified
DOC-0001195,LG-000115,Identity Document,1,1,0,2022-09-19,2022-10-04,Verified
DOC-0001196,LG-000115,Land Record,1,1,0,2022-09-12,2022-09-24,Verified
DOC-0001197,LG-000115,Compensation Document,1,1,0,2022-08-04,2022-08-18,Verified
DOC-0001198,LG-000115,Ownership Proof,1,1,0,2022-08-02,2022-09-04,Verified
DOC-0001199,LG-000115,Compensation Document,0,0,0,,,Pending
DOC-0001200,LG-000115,Survey Record,1,0,0,2022-09-21,,Submitted
DOC-0001201,LG-000116,Survey Record,1,1,1,2021-08-01,2021-09-03,Verified
DOC-0001202,LG-000116,Compensation Document,1,1,0,2021-09-16,2021-10-09,Verified
DOC-0001203,LG-000116,Ownership Proof,1,0,0,2021-08-12,,Submitted
DOC-0001204,LG-000116,Identity Document,1,0,0,2021-08-20,,Submitted
DOC-0001205,LG-000116,Ownership Proof,1,1,0,2021-08-27,2021-09-10,Verified
DOC-0001206,LG-000116,Ownership Proof,1,0,0,2021-09-04,,Submitted
DOC-0001207,LG-000116,Land Record,1,0,0,2021-08-28,,Submitted
DOC-0001208,LG-000116,Survey Record,0,0,0,,,Pending
DOC-0001209,LG-000116,Ownership Proof,1,0,1,2021-07-31,,Submitted
DOC-0001210,LG-000116,Ownership Proof,1,0,0,2021-08-12,,Submitted
DOC-0001211,LG-000116,Ownership Proof,1,1,0,2021-09-18,2021-10-14,Verified
DOC-0001212,LG-000116,Survey Record,1,1,0,2021-08-03,2021-08-17,Verified
DOC-0001213,LG-000117,Ownership Proof,1,1,0,2024-03-29,2024-05-03,Verified
DOC-0001214,LG-000117,Land Record,1,1,0,2024-04-16,2024-05-13,Verified
DOC-0001215,LG-000117,Compensation Document,1,1,1,2024-03-18,2024-04-01,Verified
DOC-0001216,LG-000117,Survey Record,1,0,0,2024-03-25,,Submitted
DOC-0001217,LG-000117,Survey Record,1,0,0,2024-04-01,,Submitted
DOC-0001218,LG-000117,Compensation Document,1,1,0,2024-04-15,2024-05-12,Verified
DOC-0001219,LG-000117,Land Record,1,1,0,2024-03-14,2024-04-04,Verified
DOC-0001220,LG-000117,Land Record,1,1,0,2024-03-11,2024-04-06,Verified
DOC-0001221,LG-000117,Compensation Document,1,1,0,2024-03-13,2024-03-24,Verified
DOC-0001222,LG-000117,Identity Document,1,1,0,2024-03-22,2024-04-09,Verified
DOC-0001223,LG-000117,Ownership Proof,1,1,0,2024-03-12,2024-03-31,Verified
DOC-0001224,LG-000118,Identity Document,1,1,1,2018-07-08,2018-07-26,Verified
DOC-0001225,LG-000118,Land Record,1,0,1,2018-07-15,,Submitted
DOC-0001226,LG-000118,Survey Record,1,0,1,2018-08-16,,Submitted
DOC-0001227,LG-000118,Identity Document,1,1,0,2018-08-14,2018-08-28,Verified
DOC-0001228,LG-000118,Compensation Document,1,1,1,2018-07-07,2018-08-07,Verified
DOC-0001229,LG-000118,Identity Document,1,1,0,2018-08-03,2018-08-14,Verified
DOC-0001230,LG-000119,Compensation Document,1,1,1,2020-03-29,2020-04-10,Verified
DOC-0001231,LG-000119,Survey Record,1,1,0,2020-03-23,2020-04-23,Verified
DOC-0001232,LG-000119,Identity Document,1,1,0,2020-05-05,2020-06-02,Verified
DOC-0001233,LG-000119,Land Record,1,1,0,2020-03-17,2020-03-29,Verified
DOC-0001234,LG-000119,Survey Record,1,1,0,2020-04-04,2020-04-21,Verified
DOC-0001235,LG-000119,Survey Record,1,1,0,2020-04-30,2020-05-27,Verified
DOC-0001236,LG-000119,Compensation Document,1,1,0,2020-05-01,2020-05-27,Verified
DOC-0001237,LG-000119,Ownership Proof,1,1,0,2020-04-10,2020-04-21,Verified
DOC-0001238,LG-000119,Ownership Proof,1,1,0,2020-04-23,2020-05-11,Verified
DOC-0001239,LG-000119,Survey Record,1,1,0,2020-03-24,2020-04-18,Verified
DOC-0001240,LG-000120,Land Record,1,1,0,2024-12-29,2025-02-07,Verified
DOC-0001241,LG-000120,Identity Document,1,0,0,2024-12-12,,Submitted
DOC-0001242,LG-000120,Land Record,1,1,0,2025-01-02,2025-01-31,Verified
DOC-0001243,LG-000120,Identity Document,1,1,0,2024-12-21,2025-01-03,Verified
DOC-0001244,LG-000120,Compensation Document,1,1,0,2024-12-25,2025-01-26,Verified
DOC-0001245,LG-000120,Compensation Document,0,0,0,,,Pending
DOC-0001246,LG-000121,Land Record,1,1,0,2021-08-07,2021-09-16,Verified
DOC-0001247,LG-000121,Land Record,1,1,0,2021-08-10,2021-09-01,Verified
DOC-0001248,LG-000121,Survey Record,1,1,0,2021-07-26,2021-08-19,Verified
DOC-0001249,LG-000121,Land Record,1,1,0,2021-07-14,2021-08-23,Verified
DOC-0001250,LG-000121,Identity Document,1,1,1,2021-07-10,2021-08-04,Verified
DOC-0001251,LG-000121,Land Record,1,1,0,2021-08-08,2021-09-03,Verified
DOC-0001252,LG-000121,Identity Document,1,0,0,2021-08-15,,Submitted
DOC-0001253,LG-000121,Survey Record,1,1,0,2021-08-16,2021-09-08,Verified
DOC-0001254,LG-000121,Identity Document,0,0,0,,,Pending
DOC-0001255,LG-000121,Compensation Document,1,1,0,2021-07-14,2021-08-07,Verified
DOC-0001256,LG-000121,Survey Record,1,1,0,2021-06-25,2021-07-12,Verified
DOC-0001257,LG-000121,Survey Record,1,1,0,2021-07-22,2021-08-30,Verified
DOC-0001258,LG-000122,Identity Document,1,0,0,2020-05-07,,Submitted
DOC-0001259,LG-000122,Ownership Proof,1,1,1,2020-05-15,2020-06-09,Verified
DOC-0001260,LG-000122,Survey Record,1,1,0,2020-05-10,2020-06-19,Verified
DOC-0001261,LG-000122,Land Record,1,1,0,2020-05-18,2020-06-05,Verified
DOC-0001262,LG-000122,Survey Record,1,1,0,2020-05-09,2020-05-29,Verified
DOC-0001263,LG-000122,Survey Record,1,1,0,2020-05-24,2020-06-14,Verified
DOC-0001264,LG-000122,Ownership Proof,1,1,0,2020-06-02,2020-07-07,Verified
DOC-0001265,LG-000122,Ownership Proof,1,1,0,2020-06-17,2020-07-03,Verified
DOC-0001266,LG-000122,Identity Document,1,1,0,2020-06-19,2020-07-26,Verified
DOC-0001267,LG-000122,Survey Record,1,0,0,2020-06-14,,Submitted
DOC-0001268,LG-000122,Land Record,1,1,0,2020-06-12,2020-06-24,Verified
DOC-0001269,LG-000122,Identity Document,1,1,0,2020-05-18,2020-05-30,Verified
DOC-0001270,LG-000123,Identity Document,1,1,1,2022-03-31,2022-05-07,Verified
DOC-0001271,LG-000123,Identity Document,1,1,1,2022-03-10,2022-04-16,Verified
DOC-0001272,LG-000123,Ownership Proof,1,1,0,2022-03-16,2022-03-30,Verified
DOC-0001273,LG-000123,Compensation Document,1,0,0,2022-04-15,,Submitted
DOC-0001274,LG-000123,Land Record,1,0,1,2022-03-01,,Submitted
DOC-0001275,LG-000123,Survey Record,1,0,0,2022-03-16,,Submitted
DOC-0001276,LG-000123,Identity Document,1,1,1,2022-03-17,2022-04-14,Verified
DOC-0001277,LG-000123,Land Record,1,1,0,2022-03-07,2022-04-01,Verified
DOC-0001278,LG-000124,Land Record,1,1,0,2023-05-29,2023-06-23,Verified
DOC-0001279,LG-000124,Identity Document,1,1,0,2023-05-07,2023-05-18,Verified
DOC-0001280,LG-000124,Ownership Proof,1,1,0,2023-06-12,2023-07-03,Verified
DOC-0001281,LG-000124,Identity Document,1,1,0,2023-06-10,2023-07-01,Verified
DOC-0001282,LG-000124,Identity Document,0,0,0,,,Pending
DOC-0001283,LG-000124,Land Record,1,0,0,2023-04-29,,Submitted
DOC-0001284,LG-000124,Ownership Proof,1,1,0,2023-04-27,2023-05-27,Verified
DOC-0001285,LG-000124,Ownership Proof,1,1,0,2023-05-14,2023-05-24,Verified
DOC-0001286,LG-000124,Land Record,1,1,0,2023-06-07,2023-07-10,Verified
DOC-0001287,LG-000124,Land Record,1,1,0,2023-04-19,2023-05-22,Verified
DOC-0001288,LG-000124,Ownership Proof,0,0,0,,,Pending
DOC-0001289,LG-000124,Survey Record,1,0,0,2023-05-25,,Submitted
DOC-0001290,LG-000125,Survey Record,1,1,0,2020-09-01,2020-09-18,Verified
DOC-0001291,LG-000125,Compensation Document,1,1,0,2020-08-14,2020-09-18,Verified
DOC-0001292,LG-000125,Identity Document,1,0,0,2020-09-09,,Submitted
DOC-0001293,LG-000125,Identity Document,0,0,0,,,Pending
DOC-0001294,LG-000125,Identity Document,1,0,0,2020-09-17,,Submitted
DOC-0001295,LG-000125,Survey Record,1,1,0,2020-08-19,2020-09-03,Verified
DOC-0001296,LG-000125,Land Record,1,1,0,2020-08-21,2020-09-05,Verified
DOC-0001297,LG-000125,Survey Record,1,1,0,2020-08-16,2020-09-17,Verified
DOC-0001298,LG-000126,Ownership Proof,1,1,0,2024-03-16,2024-04-19,Verified
DOC-0001299,LG-000126,Land Record,1,1,0,2024-03-02,2024-03-14,Verified
DOC-0001300,LG-000126,Ownership Proof,1,1,0,2024-03-30,2024-04-11,Verified
DOC-0001301,LG-000126,Land Record,1,1,0,2024-02-19,2024-03-11,Verified
DOC-0001302,LG-000126,Identity Document,1,1,1,2024-02-16,2024-03-12,Verified
DOC-0001303,LG-000127,Identity Document,1,1,0,2024-11-18,2024-12-14,Verified
DOC-0001304,LG-000127,Identity Document,1,1,0,2024-11-18,2024-12-23,Verified
DOC-0001305,LG-000127,Land Record,1,0,0,2024-11-06,,Submitted
DOC-0001306,LG-000127,Land Record,1,1,1,2024-11-20,2024-12-09,Verified
DOC-0001307,LG-000127,Survey Record,1,1,0,2024-11-02,2024-12-07,Verified
DOC-0001308,LG-000127,Compensation Document,1,1,1,2024-10-08,2024-11-11,Verified
DOC-0001309,LG-000127,Land Record,1,0,0,2024-10-10,,Submitted
DOC-0001310,LG-000127,Ownership Proof,1,0,0,2024-10-14,,Submitted
DOC-0001311,LG-000127,Land Record,1,1,1,2024-10-22,2024-11-09,Verified
DOC-0001312,LG-000128,Survey Record,0,0,0,,,Pending
DOC-0001313,LG-000128,Land Record,1,0,1,2023-02-04,,Submitted
DOC-0001314,LG-000128,Compensation Document,1,1,0,2023-02-14,2023-03-18,Verified
DOC-0001315,LG-000128,Identity Document,0,0,1,,,Pending
DOC-0001316,LG-000128,Ownership Proof,1,1,1,2023-03-07,2023-03-26,Verified
DOC-0001317,LG-000128,Identity Document,1,0,1,2023-02-14,,Submitted
DOC-0001318,LG-000128,Identity Document,1,0,1,2023-02-19,,Submitted
DOC-0001319,LG-000128,Land Record,1,1,0,2023-02-10,2023-03-01,Verified
DOC-0001320,LG-000128,Compensation Document,0,0,0,,,Pending
DOC-0001321,LG-000128,Identity Document,1,1,0,2023-02-02,2023-03-01,Verified
DOC-0001322,LG-000128,Identity Document,0,0,1,,,Pending
DOC-0001323,LG-000128,Ownership Proof,1,1,0,2023-02-12,2023-03-12,Verified
DOC-0001324,LG-000128,Survey Record,1,1,1,2023-02-24,2023-04-02,Verified
DOC-0001325,LG-000129,Survey Record,1,0,0,2023-06-08,,Submitted
DOC-0001326,LG-000129,Ownership Proof,1,1,0,2023-05-30,2023-07-07,Verified
DOC-0001327,LG-000129,Land Record,1,1,1,2023-06-19,2023-07-18,Verified
DOC-0001328,LG-000129,Land Record,1,1,0,2023-05-27,2023-06-25,Verified
DOC-0001329,LG-000129,Identity Document,1,0,0,2023-07-06,,Submitted
DOC-0001330,LG-000129,Compensation Document,1,0,0,2023-06-29,,Submitted
DOC-0001331,LG-000129,Survey Record,1,1,0,2023-06-11,2023-07-10,Verified
DOC-0001332,LG-000129,Survey Record,1,1,0,2023-06-09,2023-06-21,Verified
DOC-0001333,LG-000130,Land Record,1,1,0,2018-12-26,2019-01-06,Verified
DOC-0001334,LG-000130,Identity Document,1,1,0,2019-01-22,2019-02-22,Verified
DOC-0001335,LG-000130,Identity Document,1,1,0,2018-12-22,2019-01-18,Verified
DOC-0001336,LG-000130,Compensation Document,1,1,0,2018-12-22,2019-01-08,Verified
DOC-0001337,LG-000130,Survey Record,1,1,0,2018-12-03,2019-01-11,Verified
DOC-0001338,LG-000130,Survey Record,1,1,0,2019-01-20,2019-01-30,Verified
DOC-0001339,LG-000131,Land Record,1,0,1,2018-10-10,,Submitted
DOC-0001340,LG-000131,Identity Document,1,1,1,2018-11-02,2018-12-07,Verified
DOC-0001341,LG-000131,Survey Record,0,0,0,,,Pending
DOC-0001342,LG-000131,Survey Record,1,0,0,2018-10-12,,Submitted
DOC-0001343,LG-000131,Ownership Proof,1,0,1,2018-10-25,,Submitted
DOC-0001344,LG-000131,Ownership Proof,1,1,1,2018-10-05,2018-10-21,Verified
DOC-0001345,LG-000132,Ownership Proof,1,1,1,2021-04-02,2021-04-12,Verified
DOC-0001346,LG-000132,Survey Record,1,1,0,2021-03-06,2021-03-21,Verified
DOC-0001347,LG-000132,Identity Document,1,1,0,2021-04-09,2021-05-10,Verified
DOC-0001348,LG-000132,Survey Record,1,1,1,2021-04-10,2021-04-22,Verified
DOC-0001349,LG-000132,Survey Record,1,1,0,2021-02-27,2021-03-23,Verified
DOC-0001350,LG-000132,Compensation Document,1,1,1,2021-02-24,2021-04-01,Verified
DOC-0001351,LG-000132,Compensation Document,1,1,0,2021-03-23,2021-04-14,Verified
DOC-0001352,LG-000132,Compensation Document,1,1,0,2021-03-15,2021-04-23,Verified
DOC-0001353,LG-000132,Ownership Proof,1,1,0,2021-04-11,2021-05-20,Verified
DOC-0001354,LG-000132,Identity Document,1,1,0,2021-03-03,2021-03-31,Verified
DOC-0001355,LG-000132,Compensation Document,1,1,0,2021-02-25,2021-03-07,Verified
DOC-0001356,LG-000132,Survey Record,1,1,0,2021-02-25,2021-03-30,Verified
DOC-0001357,LG-000133,Land Record,1,1,0,2020-09-05,2020-10-08,Verified
DOC-0001358,LG-000133,Ownership Proof,1,1,0,2020-08-01,2020-09-06,Verified
DOC-0001359,LG-000133,Compensation Document,1,1,0,2020-08-04,2020-08-20,Verified
DOC-0001360,LG-000133,Survey Record,1,1,0,2020-07-23,2020-08-12,Verified
DOC-0001361,LG-000133,Land Record,1,1,0,2020-07-26,2020-08-19,Verified
DOC-0001362,LG-000134,Survey Record,1,0,0,2021-12-31,,Submitted
DOC-0001363,LG-000134,Ownership Proof,1,1,0,2021-12-25,2022-01-22,Verified
DOC-0001364,LG-000134,Identity Document,1,1,0,2021-12-27,2022-02-04,Verified
DOC-0001365,LG-000134,Ownership Proof,1,1,0,2021-12-31,2022-02-07,Verified
DOC-0001366,LG-000134,Ownership Proof,1,1,0,2022-01-14,2022-02-23,Verified
DOC-0001367,LG-000134,Ownership Proof,1,1,0,2022-01-21,2022-02-21,Verified
DOC-0001368,LG-000134,Survey Record,1,0,0,2022-01-31,,Submitted
DOC-0001369,LG-000134,Compensation Document,1,1,0,2022-01-09,2022-02-04,Verified
DOC-0001370,LG-000134,Ownership Proof,1,1,0,2022-01-24,2022-02-18,Verified
DOC-0001371,LG-000134,Survey Record,1,1,0,2022-01-04,2022-01-20,Verified
DOC-0001372,LG-000134,Survey Record,1,1,0,2022-01-02,2022-02-03,Verified
DOC-0001373,LG-000134,Ownership Proof,0,0,0,,,Pending
DOC-0001374,LG-000135,Identity Document,1,1,0,2023-11-27,2023-12-09,Verified
DOC-0001375,LG-000135,Land Record,0,0,1,,,Pending
DOC-0001376,LG-000135,Compensation Document,1,1,0,2024-01-05,2024-02-03,Verified
DOC-0001377,LG-000135,Ownership Proof,1,1,0,2023-11-29,2023-12-29,Verified
DOC-0001378,LG-000135,Survey Record,1,0,0,2023-11-20,,Submitted
DOC-0001379,LG-000135,Identity Document,1,1,0,2023-12-08,2023-12-19,Verified
DOC-0001380,LG-000136,Identity Document,1,0,0,2023-09-12,,Submitted
DOC-0001381,LG-000136,Ownership Proof,1,0,0,2023-08-26,,Submitted
DOC-0001382,LG-000136,Ownership Proof,1,1,0,2023-07-22,2023-08-24,Verified
DOC-0001383,LG-000136,Identity Document,1,0,0,2023-08-14,,Submitted
DOC-0001384,LG-000136,Identity Document,1,1,0,2023-08-17,2023-09-21,Verified
DOC-0001385,LG-000136,Survey Record,1,1,0,2023-08-17,2023-09-08,Verified
DOC-0001386,LG-000136,Ownership Proof,1,0,0,2023-07-22,,Submitted
DOC-0001387,LG-000136,Survey Record,1,1,0,2023-08-09,2023-09-13,Verified
DOC-0001388,LG-000136,Land Record,1,1,0,2023-07-25,2023-09-01,Verified
DOC-0001389,LG-000136,Ownership Proof,1,1,0,2023-08-11,2023-08-27,Verified
DOC-0001390,LG-000136,Ownership Proof,1,1,0,2023-07-27,2023-08-12,Verified
DOC-0001391,LG-000136,Land Record,1,1,0,2023-08-11,2023-09-11,Verified
DOC-0001392,LG-000136,Land Record,1,1,0,2023-09-04,2023-10-09,Verified
DOC-0001393,LG-000137,Identity Document,1,1,0,2020-04-09,2020-05-04,Verified
DOC-0001394,LG-000137,Compensation Document,1,0,0,2020-05-08,,Submitted
DOC-0001395,LG-000137,Land Record,1,0,1,2020-05-13,,Submitted
DOC-0001396,LG-000137,Land Record,1,1,0,2020-05-23,2020-06-14,Verified
DOC-0001397,LG-000137,Ownership Proof,1,0,0,2020-04-28,,Submitted
DOC-0001398,LG-000137,Identity Document,1,1,0,2020-04-24,2020-05-19,Verified
DOC-0001399,LG-000137,Compensation Document,1,1,0,2020-05-21,2020-06-19,Verified
DOC-0001400,LG-000137,Land Record,1,0,0,2020-04-02,,Submitted
DOC-0001401,LG-000137,Ownership Proof,1,1,0,2020-04-03,2020-04-19,Verified
DOC-0001402,LG-000138,Ownership Proof,1,1,0,2022-12-17,2023-01-19,Verified
DOC-0001403,LG-000138,Identity Document,1,0,0,2022-12-18,,Submitted
DOC-0001404,LG-000138,Land Record,1,0,0,2022-11-29,,Submitted
DOC-0001405,LG-000138,Identity Document,1,1,0,2023-01-08,2023-02-15,Verified
DOC-0001406,LG-000138,Land Record,1,0,0,2022-12-18,,Submitted
DOC-0001407,LG-000138,Land Record,1,1,0,2022-12-05,2022-12-15,Verified
DOC-0001408,LG-000138,Identity Document,1,1,0,2022-12-24,2023-01-28,Verified
DOC-0001409,LG-000138,Land Record,1,0,0,2022-12-23,,Submitted
DOC-0001410,LG-000138,Survey Record,1,1,0,2022-12-19,2023-01-14,Verified
DOC-0001411,LG-000139,Identity Document,1,1,1,2023-05-25,2023-06-06,Verified
DOC-0001412,LG-000139,Compensation Document,1,1,0,2023-06-14,2023-06-29,Verified
DOC-0001413,LG-000139,Identity Document,1,1,1,2023-06-12,2023-06-30,Verified
DOC-0001414,LG-000139,Identity Document,1,1,1,2023-05-09,2023-06-08,Verified
DOC-0001415,LG-000139,Survey Record,0,0,0,,,Pending
DOC-0001416,LG-000139,Ownership Proof,1,0,0,2023-05-24,,Submitted
DOC-0001417,LG-000139,Land Record,1,0,1,2023-05-08,,Submitted
DOC-0001418,LG-000139,Land Record,1,0,0,2023-05-13,,Submitted
DOC-0001419,LG-000139,Ownership Proof,1,1,0,2023-06-09,2023-06-26,Verified
DOC-0001420,LG-000140,Compensation Document,1,1,0,2018-09-01,2018-10-08,Verified
DOC-0001421,LG-000140,Ownership Proof,1,0,0,2018-07-23,,Submitted
DOC-0001422,LG-000140,Compensation Document,0,0,0,,,Pending
DOC-0001423,LG-000140,Ownership Proof,1,1,0,2018-08-31,2018-09-30,Verified
DOC-0001424,LG-000140,Survey Record,0,0,0,,,Pending
DOC-0001425,LG-000140,Land Record,1,1,0,2018-08-16,2018-08-26,Verified
DOC-0001426,LG-000140,Survey Record,1,0,0,2018-07-22,,Submitted
DOC-0001427,LG-000140,Ownership Proof,1,1,0,2018-08-11,2018-09-13,Verified
DOC-0001428,LG-000140,Land Record,1,0,0,2018-08-19,,Submitted
DOC-0001429,LG-000140,Ownership Proof,1,1,0,2018-07-27,2018-09-01,Verified
DOC-0001430,LG-000141,Land Record,1,1,0,2023-04-27,2023-05-23,Verified
DOC-0001431,LG-000141,Identity Document,1,0,0,2023-05-14,,Submitted
DOC-0001432,LG-000141,Ownership Proof,1,0,0,2023-05-24,,Submitted
DOC-0001433,LG-000141,Identity Document,1,1,0,2023-06-13,2023-07-09,Verified
DOC-0001434,LG-000141,Compensation Document,1,1,0,2023-05-21,2023-06-30,Verified
DOC-0001435,LG-000141,Identity Document,1,1,0,2023-05-05,2023-05-22,Verified
DOC-0001436,LG-000141,Survey Record,1,1,0,2023-05-10,2023-06-06,Verified
DOC-0001437,LG-000141,Land Record,1,1,0,2023-05-22,2023-06-30,Verified
DOC-0001438,LG-000141,Compensation Document,1,1,0,2023-06-07,2023-06-22,Verified
DOC-0001439,LG-000141,Land Record,1,1,0,2023-06-12,2023-07-10,Verified
DOC-0001440,LG-000141,Compensation Document,1,1,0,2023-06-04,2023-07-11,Verified
DOC-0001441,LG-000142,Land Record,1,0,0,2022-10-14,,Submitted
DOC-0001442,LG-000142,Survey Record,1,1,0,2022-09-28,2022-10-20,Verified
DOC-0001443,LG-000142,Ownership Proof,1,0,0,2022-10-11,,Submitted
DOC-0001444,LG-000142,Identity Document,1,1,0,2022-10-15,2022-11-21,Verified
DOC-0001445,LG-000142,Ownership Proof,1,0,0,2022-10-15,,Submitted
DOC-0001446,LG-000142,Compensation Document,1,1,0,2022-09-05,2022-09-29,Verified
DOC-0001447,LG-000142,Compensation Document,1,1,0,2022-09-16,2022-10-26,Verified
DOC-0001448,LG-000142,Ownership Proof,0,0,0,,,Pending
DOC-0001449,LG-000143,Identity Document,1,1,1,2021-07-01,2021-08-09,Verified
DOC-0001450,LG-000143,Ownership Proof,1,0,0,2021-06-02,,Submitted
DOC-0001451,LG-000143,Identity Document,1,1,0,2021-07-15,2021-08-05,Verified
DOC-0001452,LG-000143,Survey Record,1,1,0,2021-07-13,2021-07-23,Verified
DOC-0001453,LG-000143,Compensation Document,1,0,0,2021-05-29,,Submitted
DOC-0001454,LG-000143,Ownership Proof,1,0,0,2021-06-13,,Submitted
DOC-0001455,LG-000143,Compensation Document,1,1,0,2021-07-02,2021-07-29,Verified
DOC-0001456,LG-000144,Identity Document,1,1,1,2024-11-28,2024-12-30,Verified
DOC-0001457,LG-000144,Survey Record,1,0,0,2024-12-21,,Submitted
DOC-0001458,LG-000144,Compensation Document,1,0,1,2025-01-04,,Submitted
DOC-0001459,LG-000144,Land Record,0,0,1,,,Pending
DOC-0001460,LG-000144,Survey Record,1,1,0,2024-11-29,2025-01-08,Verified
DOC-0001461,LG-000144,Ownership Proof,1,0,1,2024-12-14,,Submitted
DOC-0001462,LG-000144,Compensation Document,1,1,0,2024-12-28,2025-01-13,Verified
DOC-0001463,LG-000144,Compensation Document,1,1,1,2024-12-07,2024-12-26,Verified
DOC-0001464,LG-000144,Identity Document,1,1,1,2024-12-21,2025-01-02,Verified
DOC-0001465,LG-000144,Land Record,1,1,1,2025-01-04,2025-01-18,Verified
DOC-0001466,LG-000144,Land Record,0,0,1,,,Pending
DOC-0001467,LG-000144,Survey Record,0,0,0,,,Pending
DOC-0001468,LG-000144,Identity Document,0,0,1,,,Pending
DOC-0001469,LG-000145,Identity Document,1,0,1,2020-03-02,,Submitted
DOC-0001470,LG-000145,Compensation Document,1,1,1,2020-02-04,2020-02-24,Verified
DOC-0001471,LG-000145,Ownership Proof,1,0,1,2020-02-04,,Submitted
DOC-0001472,LG-000145,Identity Document,1,1,0,2020-01-13,2020-02-19,Verified
DOC-0001473,LG-000145,Ownership Proof,0,0,1,,,Pending
DOC-0001474,LG-000145,Ownership Proof,1,1,1,2020-01-23,2020-02-21,Verified
DOC-0001475,LG-000145,Compensation Document,1,1,0,2020-03-06,2020-03-30,Verified
DOC-0001476,LG-000145,Survey Record,1,0,1,2020-01-24,,Submitted
DOC-0001477,LG-000145,Ownership Proof,1,1,0,2020-02-12,2020-03-23,Verified
DOC-0001478,LG-000145,Identity Document,1,1,1,2020-02-12,2020-03-01,Verified
DOC-0001479,LG-000145,Compensation Document,1,1,0,2020-02-24,2020-03-09,Verified
DOC-0001480,LG-000145,Survey Record,1,1,1,2020-01-19,2020-02-15,Verified
DOC-0001481,LG-000145,Identity Document,1,0,1,2020-02-15,,Submitted
DOC-0001482,LG-000145,Land Record,1,1,1,2020-02-03,2020-03-08,Verified
DOC-0001483,LG-000145,Compensation Document,1,1,0,2020-01-12,2020-02-01,Verified
DOC-0001484,LG-000146,Ownership Proof,1,1,0,2021-02-11,2021-03-05,Verified
DOC-0001485,LG-000146,Land Record,0,0,0,,,Pending
DOC-0001486,LG-000146,Survey Record,1,1,0,2021-02-22,2021-03-18,Verified
DOC-0001487,LG-000146,Identity Document,1,1,0,2021-03-11,2021-04-20,Verified
DOC-0001488,LG-000146,Compensation Document,1,1,0,2021-01-29,2021-03-02,Verified
DOC-0001489,LG-000146,Compensation Document,1,1,0,2021-01-26,2021-02-21,Verified
DOC-0001490,LG-000146,Compensation Document,1,1,0,2021-03-13,2021-03-29,Verified
DOC-0001491,LG-000146,Identity Document,1,1,0,2021-02-14,2021-03-15,Verified
DOC-0001492,LG-000146,Identity Document,1,1,0,2021-02-16,2021-02-27,Verified
DOC-0001493,LG-000146,Land Record,1,1,0,2021-03-16,2021-04-01,Verified
DOC-0001494,LG-000146,Compensation Document,1,1,0,2021-03-14,2021-03-28,Verified
DOC-0001495,LG-000147,Compensation Document,1,1,0,2021-08-18,2021-09-04,Verified
DOC-0001496,LG-000147,Survey Record,1,1,0,2021-09-21,2021-10-04,Verified
DOC-0001497,LG-000147,Ownership Proof,1,1,0,2021-09-12,2021-10-04,Verified
DOC-0001498,LG-000147,Ownership Proof,1,0,0,2021-09-08,,Submitted
DOC-0001499,LG-000147,Identity Document,1,0,0,2021-09-18,,Submitted
DOC-0001500,LG-000147,Compensation Document,1,1,0,2021-10-04,2021-11-13,Verified
DOC-0001501,LG-000147,Survey Record,1,1,0,2021-09-23,2021-11-02,Verified
DOC-0001502,LG-000147,Compensation Document,1,1,0,2021-09-26,2021-10-24,Verified
DOC-0001503,LG-000147,Ownership Proof,1,1,0,2021-08-31,2021-09-30,Verified
DOC-0001504,LG-000147,Survey Record,1,1,0,2021-09-13,2021-09-24,Verified
DOC-0001505,LG-000147,Survey Record,1,1,0,2021-09-02,2021-10-08,Verified
DOC-0001506,LG-000148,Ownership Proof,1,1,1,2022-12-15,2022-12-29,Verified
DOC-0001507,LG-000148,Ownership Proof,1,1,0,2022-12-27,2023-01-23,Verified
DOC-0001508,LG-000148,Ownership Proof,1,1,1,2022-11-13,2022-12-23,Verified
DOC-0001509,LG-000148,Survey Record,1,1,0,2022-11-10,2022-12-06,Verified
DOC-0001510,LG-000148,Identity Document,0,0,0,,,Pending
DOC-0001511,LG-000148,Identity Document,1,1,0,2022-12-18,2022-12-28,Verified
DOC-0001512,LG-000148,Compensation Document,0,0,1,,,Pending
DOC-0001513,LG-000149,Survey Record,1,1,0,2020-01-14,2020-02-08,Verified
DOC-0001514,LG-000149,Identity Document,0,0,0,,,Pending
DOC-0001515,LG-000149,Survey Record,1,1,1,2020-03-02,2020-03-27,Verified
DOC-0001516,LG-000149,Survey Record,0,0,1,,,Pending
DOC-0001517,LG-000149,Compensation Document,1,1,1,2020-02-23,2020-04-02,Verified
DOC-0001518,LG-000149,Ownership Proof,1,1,0,2020-02-24,2020-03-22,Verified
DOC-0001519,LG-000150,Land Record,1,1,0,2018-08-22,2018-09-10,Verified
DOC-0001520,LG-000150,Survey Record,1,1,0,2018-09-02,2018-10-09,Verified
DOC-0001521,LG-000150,Identity Document,0,0,0,,,Pending
DOC-0001522,LG-000150,Compensation Document,1,1,0,2018-09-19,2018-09-29,Verified
DOC-0001523,LG-000150,Compensation Document,1,1,0,2018-08-14,2018-09-05,Verified
DOC-0001524,LG-000150,Land Record,1,0,0,2018-09-22,,Submitted
DOC-0001525,LG-000150,Ownership Proof,1,1,0,2018-09-15,2018-09-29,Verified
DOC-0001526,LG-000150,Identity Document,1,1,0,2018-09-04,2018-09-29,Verified
DOC-0001527,LG-000151,Land Record,1,1,1,2020-11-16,2020-12-09,Verified
DOC-0001528,LG-000151,Ownership Proof,1,1,0,2020-10-23,2020-11-25,Verified
DOC-0001529,LG-000151,Ownership Proof,0,0,0,,,Pending
DOC-0001530,LG-000151,Identity Document,1,1,0,2020-10-05,2020-10-22,Verified
DOC-0001531,LG-000151,Ownership Proof,1,0,0,2020-11-20,,Submitted
DOC-0001532,LG-000151,Compensation Document,1,1,0,2020-10-28,2020-11-10,Verified
DOC-0001533,LG-000151,Survey Record,1,1,0,2020-10-20,2020-11-28,Verified
DOC-0001534,LG-000151,Identity Document,1,0,0,2020-10-08,,Submitted
DOC-0001535,LG-000152,Ownership Proof,1,0,1,2023-09-14,,Submitted
DOC-0001536,LG-000152,Ownership Proof,1,1,1,2023-10-24,2023-11-28,Verified
DOC-0001537,LG-000152,Survey Record,1,1,0,2023-10-17,2023-11-17,Verified
DOC-0001538,LG-000152,Compensation Document,1,1,1,2023-10-15,2023-10-30,Verified
DOC-0001539,LG-000152,Survey Record,1,1,1,2023-09-05,2023-10-07,Verified
DOC-0001540,LG-000152,Survey Record,1,0,1,2023-10-06,,Submitted
DOC-0001541,LG-000152,Survey Record,0,0,0,,,Pending
DOC-0001542,LG-000152,Identity Document,1,1,1,2023-09-16,2023-10-24,Verified
DOC-0001543,LG-000152,Survey Record,1,1,1,2023-10-11,2023-11-13,Verified
DOC-0001544,LG-000153,Compensation Document,1,0,0,2024-02-28,,Submitted
DOC-0001545,LG-000153,Identity Document,1,1,0,2024-03-08,2024-04-06,Verified
DOC-0001546,LG-000153,Ownership Proof,1,1,0,2024-03-01,2024-03-15,Verified
DOC-0001547,LG-000153,Ownership Proof,1,1,0,2024-03-20,2024-04-20,Verified
DOC-0001548,LG-000153,Survey Record,1,1,0,2024-04-01,2024-05-09,Verified
DOC-0001549,LG-000153,Identity Document,1,1,0,2024-02-29,2024-03-25,Verified
DOC-0001550,LG-000154,Identity Document,1,0,1,2022-03-01,,Submitted
DOC-0001551,LG-000154,Compensation Document,1,1,1,2022-02-26,2022-03-21,Verified
DOC-0001552,LG-000154,Ownership Proof,1,1,1,2022-02-17,2022-03-08,Verified
DOC-0001553,LG-000154,Survey Record,1,1,1,2022-03-19,2022-04-01,Verified
DOC-0001554,LG-000154,Land Record,0,0,1,,,Pending
DOC-0001555,LG-000154,Land Record,1,1,1,2022-03-15,2022-04-14,Verified
DOC-0001556,LG-000154,Survey Record,0,0,1,,,Pending
DOC-0001557,LG-000154,Ownership Proof,1,1,0,2022-03-29,2022-05-07,Verified
DOC-0001558,LG-000154,Land Record,1,1,0,2022-03-13,2022-04-15,Verified
DOC-0001559,LG-000154,Land Record,1,1,0,2022-03-16,2022-04-20,Verified
DOC-0001560,LG-000155,Compensation Document,1,1,0,2023-02-15,2023-02-28,Verified
DOC-0001561,LG-000155,Land Record,1,0,0,2023-02-18,,Submitted
DOC-0001562,LG-000155,Land Record,1,0,0,2023-02-16,,Submitted
DOC-0001563,LG-000155,Survey Record,1,1,0,2023-01-19,2023-02-21,Verified
DOC-0001564,LG-000155,Ownership Proof,1,1,0,2023-02-24,2023-03-12,Verified
DOC-0001565,LG-000155,Ownership Proof,1,0,0,2023-02-10,,Submitted
DOC-0001566,LG-000155,Identity Document,1,1,0,2023-02-08,2023-02-26,Verified
DOC-0001567,LG-000155,Ownership Proof,1,1,0,2023-01-04,2023-02-01,Verified
DOC-0001568,LG-000155,Identity Document,1,0,0,2023-01-05,,Submitted
DOC-0001569,LG-000155,Identity Document,1,1,0,2023-02-22,2023-03-05,Verified
DOC-0001570,LG-000156,Survey Record,1,0,1,2021-11-03,,Submitted
DOC-0001571,LG-000156,Compensation Document,1,1,0,2021-09-23,2021-10-16,Verified
DOC-0001572,LG-000156,Survey Record,1,0,1,2021-09-20,,Submitted
DOC-0001573,LG-000156,Ownership Proof,1,1,0,2021-10-25,2021-11-07,Verified
DOC-0001574,LG-000156,Ownership Proof,1,1,0,2021-10-03,2021-11-08,Verified
DOC-0001575,LG-000156,Identity Document,1,0,0,2021-10-06,,Submitted
DOC-0001576,LG-000156,Survey Record,1,0,0,2021-10-02,,Submitted
DOC-0001577,LG-000156,Identity Document,1,1,0,2021-10-19,2021-11-03,Verified
DOC-0001578,LG-000157,Survey Record,1,0,0,2024-10-26,,Submitted
DOC-0001579,LG-000157,Ownership Proof,1,0,0,2024-11-24,,Submitted
DOC-0001580,LG-000157,Survey Record,1,0,0,2024-11-16,,Submitted
DOC-0001581,LG-000157,Ownership Proof,1,0,0,2024-12-01,,Submitted
DOC-0001582,LG-000157,Survey Record,1,1,0,2024-11-09,2024-12-09,Verified
DOC-0001583,LG-000157,Survey Record,1,1,1,2024-11-28,2024-12-30,Verified
DOC-0001584,LG-000157,Survey Record,1,1,0,2024-11-22,2024-12-24,Verified
DOC-0001585,LG-000157,Identity Document,1,0,1,2024-11-21,,Submitted
DOC-0001586,LG-000157,Compensation Document,1,1,0,2024-12-07,2024-12-25,Verified
DOC-0001587,LG-000157,Ownership Proof,1,1,0,2024-12-12,2025-01-07,Verified
DOC-0001588,LG-000157,Identity Document,1,0,0,2024-10-22,,Submitted
DOC-0001589,LG-000157,Land Record,1,1,0,2024-10-26,2024-11-05,Verified
DOC-0001590,LG-000157,Compensation Document,1,1,0,2024-11-02,2024-12-01,Verified
DOC-0001591,LG-000157,Ownership Proof,1,1,0,2024-12-01,2024-12-19,Verified
DOC-0001592,LG-000158,Compensation Document,1,1,0,2019-09-21,2019-10-16,Verified
DOC-0001593,LG-000158,Compensation Document,1,1,0,2019-10-03,2019-11-10,Verified
DOC-0001594,LG-000158,Land Record,1,1,0,2019-09-14,2019-10-18,Verified
DOC-0001595,LG-000158,Land Record,1,1,1,2019-09-25,2019-10-21,Verified
DOC-0001596,LG-000158,Land Record,1,1,0,2019-10-20,2019-11-21,Verified
DOC-0001597,LG-000158,Compensation Document,1,0,0,2019-10-05,,Submitted
DOC-0001598,LG-000159,Compensation Document,1,1,0,2020-03-13,2020-04-21,Verified
DOC-0001599,LG-000159,Land Record,1,1,0,2020-04-15,2020-05-25,Verified
DOC-0001600,LG-000159,Survey Record,1,1,0,2020-03-13,2020-04-07,Verified
DOC-0001601,LG-000159,Ownership Proof,1,1,0,2020-03-09,2020-04-15,Verified
DOC-0001602,LG-000159,Survey Record,1,1,0,2020-03-02,2020-03-14,Verified
DOC-0001603,LG-000159,Land Record,1,1,0,2020-03-01,2020-03-19,Verified
DOC-0001604,LG-000159,Identity Document,1,1,0,2020-03-15,2020-04-18,Verified
DOC-0001605,LG-000159,Land Record,1,1,0,2020-04-16,2020-05-21,Verified
DOC-0001606,LG-000159,Compensation Document,1,1,0,2020-03-17,2020-03-28,Verified
DOC-0001607,LG-000159,Land Record,1,1,0,2020-04-16,2020-05-02,Verified
DOC-0001608,LG-000159,Land Record,1,1,0,2020-03-27,2020-04-23,Verified
DOC-0001609,LG-000159,Land Record,1,0,0,2020-04-05,,Submitted
DOC-0001610,LG-000159,Compensation Document,1,1,0,2020-03-12,2020-04-03,Verified
DOC-0001611,LG-000160,Ownership Proof,1,1,0,2023-09-29,2023-10-22,Verified
DOC-0001612,LG-000160,Ownership Proof,1,1,0,2023-09-09,2023-10-12,Verified
DOC-0001613,LG-000160,Ownership Proof,1,1,0,2023-09-14,2023-09-28,Verified
DOC-0001614,LG-000160,Identity Document,1,1,1,2023-09-22,2023-10-04,Verified
DOC-0001615,LG-000160,Ownership Proof,1,1,0,2023-08-16,2023-09-06,Verified
DOC-0001616,LG-000160,Ownership Proof,1,1,0,2023-08-12,2023-09-15,Verified
DOC-0001617,LG-000160,Identity Document,1,1,0,2023-10-05,2023-10-24,Verified
DOC-0001618,LG-000160,Compensation Document,1,1,0,2023-09-24,2023-10-21,Verified
DOC-0001619,LG-000160,Identity Document,1,1,0,2023-08-16,2023-09-02,Verified
DOC-0001620,LG-000160,Survey Record,1,1,0,2023-09-13,2023-09-23,Verified
DOC-0001621,LG-000160,Land Record,1,0,1,2023-09-15,,Submitted
DOC-0001622,LG-000160,Compensation Document,1,1,0,2023-09-29,2023-10-16,Verified
DOC-0001623,LG-000160,Ownership Proof,1,1,0,2023-09-27,2023-10-18,Verified
DOC-0001624,LG-000160,Survey Record,1,1,0,2023-08-28,2023-10-02,Verified
DOC-0001625,LG-000161,Survey Record,1,1,0,2022-09-25,2022-10-20,Verified
DOC-0001626,LG-000161,Survey Record,0,0,1,,,Pending
DOC-0001627,LG-000161,Compensation Document,1,1,0,2022-10-10,2022-10-27,Verified
DOC-0001628,LG-000161,Ownership Proof,0,0,1,,,Pending
DOC-0001629,LG-000161,Ownership Proof,1,1,1,2022-10-25,2022-11-12,Verified
DOC-0001630,LG-000161,Land Record,1,0,0,2022-10-27,,Submitted
DOC-0001631,LG-000161,Identity Document,1,0,1,2022-10-01,,Submitted
DOC-0001632,LG-000161,Survey Record,0,0,0,,,Pending
DOC-0001633,LG-000161,Identity Document,0,0,1,,,Pending
DOC-0001634,LG-000161,Land Record,1,1,0,2022-10-18,2022-10-28,Verified
DOC-0001635,LG-000161,Survey Record,1,0,1,2022-10-18,,Submitted
DOC-0001636,LG-000161,Survey Record,1,1,1,2022-10-13,2022-11-04,Verified
DOC-0001637,LG-000161,Compensation Document,1,0,1,2022-11-12,,Submitted
DOC-0001638,LG-000161,Land Record,0,0,0,,,Pending
DOC-0001639,LG-000162,Compensation Document,1,1,0,2024-07-09,2024-08-06,Verified
DOC-0001640,LG-000162,Compensation Document,0,0,0,,,Pending
DOC-0001641,LG-000162,Survey Record,1,1,0,2024-05-19,2024-06-25,Verified
DOC-0001642,LG-000162,Compensation Document,1,1,0,2024-05-17,2024-06-19,Verified
DOC-0001643,LG-000162,Survey Record,1,0,0,2024-06-19,,Submitted
DOC-0001644,LG-000162,Identity Document,0,0,0,,,Pending
DOC-0001645,LG-000162,Land Record,1,1,0,2024-06-30,2024-08-06,Verified
DOC-0001646,LG-000162,Identity Document,1,1,0,2024-06-07,2024-06-17,Verified
DOC-0001647,LG-000162,Survey Record,1,1,0,2024-06-08,2024-07-03,Verified
DOC-0001648,LG-000162,Land Record,1,1,0,2024-07-01,2024-07-19,Verified
DOC-0001649,LG-000162,Survey Record,1,1,1,2024-05-24,2024-07-01,Verified
DOC-0001650,LG-000162,Survey Record,1,1,0,2024-05-30,2024-06-26,Verified
DOC-0001651,LG-000162,Survey Record,1,1,1,2024-06-06,2024-07-09,Verified
DOC-0001652,LG-000162,Ownership Proof,1,1,0,2024-06-15,2024-07-14,Verified
DOC-0001653,LG-000163,Ownership Proof,1,0,0,2018-10-26,,Submitted
DOC-0001654,LG-000163,Compensation Document,1,1,0,2018-10-18,2018-11-07,Verified
DOC-0001655,LG-000163,Ownership Proof,1,1,0,2018-10-19,2018-11-26,Verified
DOC-0001656,LG-000163,Compensation Document,1,1,0,2018-10-25,2018-12-04,Verified
DOC-0001657,LG-000163,Ownership Proof,1,1,0,2018-10-21,2018-11-10,Verified
DOC-0001658,LG-000163,Ownership Proof,1,1,0,2018-09-23,2018-10-10,Verified
DOC-0001659,LG-000163,Survey Record,0,0,0,,,Pending
DOC-0001660,LG-000163,Identity Document,1,1,0,2018-09-19,2018-10-09,Verified
DOC-0001661,LG-000163,Ownership Proof,1,1,0,2018-11-01,2018-11-16,Verified
DOC-0001662,LG-000163,Land Record,1,1,0,2018-10-19,2018-10-29,Verified
DOC-0001663,LG-000163,Survey Record,1,0,0,2018-09-19,,Submitted
DOC-0001664,LG-000164,Land Record,1,0,0,2021-04-14,,Submitted
DOC-0001665,LG-000164,Survey Record,1,1,1,2021-04-07,2021-05-01,Verified
DOC-0001666,LG-000164,Compensation Document,1,0,0,2021-03-12,,Submitted
DOC-0001667,LG-000164,Ownership Proof,1,1,0,2021-04-29,2021-05-14,Verified
DOC-0001668,LG-000164,Survey Record,1,1,0,2021-03-06,2021-04-04,Verified
DOC-0001669,LG-000164,Ownership Proof,1,1,0,2021-03-15,2021-03-27,Verified
DOC-0001670,LG-000164,Compensation Document,1,1,0,2021-04-27,2021-05-21,Verified
DOC-0001671,LG-000164,Survey Record,1,0,0,2021-03-16,,Submitted
DOC-0001672,LG-000164,Ownership Proof,1,1,0,2021-04-09,2021-05-04,Verified
DOC-0001673,LG-000164,Survey Record,1,0,0,2021-03-31,,Submitted
DOC-0001674,LG-000165,Identity Document,1,1,0,2018-11-18,2018-12-03,Verified
DOC-0001675,LG-000165,Ownership Proof,1,1,1,2018-11-03,2018-12-06,Verified
DOC-0001676,LG-000165,Compensation Document,1,0,0,2018-10-25,,Submitted
DOC-0001677,LG-000165,Survey Record,1,0,0,2018-10-15,,Submitted
DOC-0001678,LG-000165,Ownership Proof,1,1,1,2018-10-03,2018-10-26,Verified
DOC-0001679,LG-000165,Land Record,1,1,1,2018-11-16,2018-12-07,Verified
DOC-0001680,LG-000165,Compensation Document,1,0,0,2018-10-02,,Submitted
DOC-0001681,LG-000165,Ownership Proof,1,1,1,2018-10-29,2018-12-06,Verified
DOC-0001682,LG-000165,Survey Record,1,1,0,2018-10-06,2018-10-22,Verified
DOC-0001683,LG-000165,Identity Document,1,1,0,2018-10-21,2018-11-09,Verified
DOC-0001684,LG-000165,Ownership Proof,1,0,0,2018-10-01,,Submitted
DOC-0001685,LG-000166,Land Record,1,1,0,2019-12-17,2020-01-17,Verified
DOC-0001686,LG-000166,Identity Document,1,0,0,2019-12-18,,Submitted
DOC-0001687,LG-000166,Land Record,1,0,0,2019-12-11,,Submitted
DOC-0001688,LG-000166,Identity Document,1,1,0,2019-11-08,2019-12-16,Verified
DOC-0001689,LG-000166,Identity Document,1,1,1,2019-11-26,2019-12-27,Verified
DOC-0001690,LG-000166,Compensation Document,1,0,0,2019-12-14,,Submitted
DOC-0001691,LG-000166,Ownership Proof,1,0,0,2019-11-23,,Submitted
DOC-0001692,LG-000166,Ownership Proof,1,1,0,2019-11-06,2019-12-16,Verified
DOC-0001693,LG-000166,Identity Document,0,0,0,,,Pending
DOC-0001694,LG-000166,Ownership Proof,1,1,0,2019-11-05,2019-11-25,Verified
DOC-0001695,LG-000166,Land Record,1,1,0,2019-12-01,2019-12-20,Verified
DOC-0001696,LG-000166,Ownership Proof,1,1,0,2019-12-14,2020-01-01,Verified
DOC-0001697,LG-000166,Compensation Document,1,1,0,2019-11-18,2019-12-02,Verified
DOC-0001698,LG-000166,Ownership Proof,1,0,0,2019-11-08,,Submitted
DOC-0001699,LG-000167,Survey Record,1,0,1,2020-07-15,,Submitted
DOC-0001700,LG-000167,Compensation Document,1,1,0,2020-07-03,2020-07-17,Verified
DOC-0001701,LG-000167,Survey Record,1,0,1,2020-07-30,,Submitted
DOC-0001702,LG-000167,Ownership Proof,1,0,1,2020-07-24,,Submitted
DOC-0001703,LG-000167,Compensation Document,1,1,0,2020-06-24,2020-07-21,Verified
DOC-0001704,LG-000167,Survey Record,0,0,0,,,Pending
DOC-0001705,LG-000167,Ownership Proof,1,0,0,2020-07-14,,Submitted
DOC-0001706,LG-000167,Ownership Proof,1,1,0,2020-07-17,2020-07-30,Verified
DOC-0001707,LG-000167,Identity Document,1,1,1,2020-07-13,2020-08-04,Verified
DOC-0001708,LG-000167,Identity Document,1,0,1,2020-07-23,,Submitted
DOC-0001709,LG-000167,Survey Record,1,1,0,2020-07-13,2020-08-05,Verified
DOC-0001710,LG-000168,Identity Document,1,0,1,2019-01-14,,Submitted
DOC-0001711,LG-000168,Identity Document,1,1,1,2019-01-21,2019-02-17,Verified
DOC-0001712,LG-000168,Land Record,1,0,0,2019-01-07,,Submitted
DOC-0001713,LG-000168,Ownership Proof,0,0,0,,,Pending
DOC-0001714,LG-000168,Identity Document,1,1,1,2019-01-01,2019-01-22,Verified
DOC-0001715,LG-000168,Survey Record,1,0,1,2018-12-14,,Submitted
DOC-0001716,LG-000168,Land Record,1,0,1,2019-01-07,,Submitted
DOC-0001717,LG-000168,Survey Record,1,0,1,2018-12-22,,Submitted
DOC-0001718,LG-000168,Ownership Proof,1,1,0,2018-12-01,2019-01-02,Verified
DOC-0001719,LG-000168,Land Record,1,0,1,2019-01-07,,Submitted
DOC-0001720,LG-000168,Land Record,1,1,1,2019-01-08,2019-01-27,Verified
DOC-0001721,LG-000168,Land Record,1,1,1,2018-12-10,2019-01-09,Verified
DOC-0001722,LG-000168,Compensation Document,0,0,1,,,Pending
DOC-0001723,LG-000169,Compensation Document,1,1,0,2021-04-27,2021-05-08,Verified
DOC-0001724,LG-000169,Survey Record,1,0,1,2021-04-24,,Submitted
DOC-0001725,LG-000169,Identity Document,0,0,0,,,Pending
DOC-0001726,LG-000169,Survey Record,1,1,1,2021-03-16,2021-04-22,Verified
DOC-0001727,LG-000169,Identity Document,0,0,0,,,Pending
DOC-0001728,LG-000169,Identity Document,0,0,0,,,Pending
DOC-0001729,LG-000169,Compensation Document,1,0,1,2021-05-05,,Submitted
DOC-0001730,LG-000169,Identity Document,1,1,0,2021-04-07,2021-05-04,Verified
DOC-0001731,LG-000169,Ownership Proof,1,1,1,2021-05-07,2021-05-20,Verified
DOC-0001732,LG-000169,Ownership Proof,1,0,0,2021-04-17,,Submitted
DOC-0001733,LG-000169,Ownership Proof,1,0,1,2021-04-28,,Submitted
DOC-0001734,LG-000169,Survey Record,1,1,0,2021-05-01,2021-05-18,Verified
DOC-0001735,LG-000170,Compensation Document,0,0,0,,,Pending
DOC-0001736,LG-000170,Ownership Proof,1,1,1,2019-11-30,2019-12-24,Verified
DOC-0001737,LG-000170,Compensation Document,1,1,1,2019-10-18,2019-11-27,Verified
DOC-0001738,LG-000170,Ownership Proof,0,0,0,,,Pending
DOC-0001739,LG-000170,Ownership Proof,1,0,1,2019-11-08,,Submitted
DOC-0001740,LG-000170,Land Record,0,0,1,,,Pending
DOC-0001741,LG-000170,Survey Record,0,0,1,,,Pending
DOC-0001742,LG-000170,Survey Record,0,0,0,,,Pending
DOC-0001743,LG-000170,Land Record,1,0,0,2019-11-18,,Submitted
DOC-0001744,LG-000170,Land Record,1,1,0,2019-11-27,2020-01-03,Verified
DOC-0001745,LG-000170,Ownership Proof,1,1,1,2019-10-25,2019-11-06,Verified
DOC-0001746,LG-000170,Survey Record,1,1,0,2019-10-15,2019-11-02,Verified
DOC-0001747,LG-000170,Compensation Document,1,1,1,2019-11-27,2019-12-27,Verified
DOC-0001748,LG-000170,Survey Record,1,1,1,2019-11-19,2019-12-19,Verified
DOC-0001749,LG-000171,Survey Record,1,1,0,2023-03-25,2023-04-07,Verified
DOC-0001750,LG-000171,Land Record,1,1,0,2023-04-15,2023-04-29,Verified
DOC-0001751,LG-000171,Survey Record,1,0,0,2023-03-09,,Submitted
DOC-0001752,LG-000171,Identity Document,1,0,0,2023-03-14,,Submitted
DOC-0001753,LG-000171,Ownership Proof,1,0,0,2023-04-11,,Submitted
DOC-0001754,LG-000171,Identity Document,1,0,0,2023-04-26,,Submitted
DOC-0001755,LG-000171,Identity Document,1,0,0,2023-04-16,,Submitted
DOC-0001756,LG-000171,Land Record,1,1,0,2023-04-26,2023-05-28,Verified
DOC-0001757,LG-000171,Identity Document,1,1,0,2023-03-12,2023-03-22,Verified
DOC-0001758,LG-000171,Ownership Proof,1,1,0,2023-03-22,2023-04-11,Verified
DOC-0001759,LG-000172,Identity Document,1,1,0,2018-10-05,2018-11-08,Verified
DOC-0001760,LG-000172,Land Record,1,1,0,2018-11-11,2018-12-12,Verified
DOC-0001761,LG-000172,Land Record,1,1,0,2018-11-22,2018-12-08,Verified
DOC-0001762,LG-000172,Ownership Proof,1,1,0,2018-11-09,2018-12-16,Verified
DOC-0001763,LG-000172,Compensation Document,1,1,0,2018-11-01,2018-11-18,Verified
DOC-0001764,LG-000172,Identity Document,1,1,1,2018-10-01,2018-10-17,Verified
DOC-0001765,LG-000172,Identity Document,1,1,0,2018-10-21,2018-11-28,Verified
DOC-0001766,LG-000172,Land Record,1,1,0,2018-11-17,2018-12-07,Verified
DOC-0001767,LG-000172,Survey Record,1,0,0,2018-10-29,,Submitted
DOC-0001768,LG-000173,Ownership Proof,1,1,1,2020-09-10,2020-10-15,Verified
DOC-0001769,LG-000173,Compensation Document,1,0,0,2020-08-11,,Submitted
DOC-0001770,LG-000173,Survey Record,1,1,0,2020-08-20,2020-09-20,Verified
DOC-0001771,LG-000173,Survey Record,1,1,0,2020-08-16,2020-08-28,Verified
DOC-0001772,LG-000173,Land Record,1,1,0,2020-09-03,2020-09-21,Verified
DOC-0001773,LG-000173,Compensation Document,1,1,1,2020-07-26,2020-08-06,Verified
DOC-0001774,LG-000173,Compensation Document,0,0,0,,,Pending
DOC-0001775,LG-000173,Identity Document,1,1,1,2020-08-30,2020-09-29,Verified
DOC-0001776,LG-000173,Compensation Document,1,1,0,2020-09-12,2020-10-22,Verified
DOC-0001777,LG-000173,Ownership Proof,1,1,0,2020-07-23,2020-08-06,Verified
DOC-0001778,LG-000173,Land Record,1,1,1,2020-08-10,2020-08-31,Verified
DOC-0001779,LG-000174,Identity Document,1,1,0,2022-08-02,2022-09-08,Verified
DOC-0001780,LG-000174,Land Record,1,0,0,2022-07-15,,Submitted
DOC-0001781,LG-000174,Ownership Proof,1,1,0,2022-07-08,2022-08-04,Verified
DOC-0001782,LG-000174,Survey Record,1,0,0,2022-06-28,,Submitted
DOC-0001783,LG-000174,Identity Document,1,1,1,2022-06-27,2022-08-01,Verified
DOC-0001784,LG-000174,Identity Document,1,1,0,2022-08-05,2022-08-22,Verified
DOC-0001785,LG-000174,Survey Record,1,0,0,2022-08-07,,Submitted
DOC-0001786,LG-000174,Land Record,1,1,0,2022-07-22,2022-08-17,Verified
DOC-0001787,LG-000174,Ownership Proof,0,0,0,,,Pending
DOC-0001788,LG-000174,Compensation Document,1,1,0,2022-08-02,2022-08-18,Verified
DOC-0001789,LG-000174,Land Record,1,0,0,2022-08-04,,Submitted
DOC-0001790,LG-000174,Compensation Document,1,1,0,2022-06-24,2022-07-23,Verified
DOC-0001791,LG-000174,Survey Record,1,1,0,2022-08-07,2022-08-22,Verified
DOC-0001792,LG-000174,Survey Record,1,1,0,2022-08-04,2022-09-03,Verified
DOC-0001793,LG-000175,Compensation Document,1,1,1,2021-06-01,2021-06-26,Verified
DOC-0001794,LG-000175,Ownership Proof,1,1,1,2021-06-15,2021-06-26,Verified
DOC-0001795,LG-000175,Land Record,1,0,0,2021-06-29,,Submitted
DOC-0001796,LG-000175,Compensation Document,0,0,0,,,Pending
DOC-0001797,LG-000175,Survey Record,1,1,1,2021-05-31,2021-06-26,Verified
DOC-0001798,LG-000175,Compensation Document,1,0,0,2021-06-10,,Submitted
DOC-0001799,LG-000175,Land Record,0,0,0,,,Pending
DOC-0001800,LG-000175,Survey Record,1,1,1,2021-05-29,2021-06-08,Verified
DOC-0001801,LG-000175,Land Record,0,0,0,,,Pending
DOC-0001802,LG-000175,Land Record,1,1,0,2021-06-12,2021-07-20,Verified
DOC-0001803,LG-000176,Ownership Proof,1,0,0,2023-11-14,,Submitted
DOC-0001804,LG-000176,Survey Record,1,1,0,2023-11-18,2023-11-30,Verified
DOC-0001805,LG-000176,Land Record,1,1,0,2024-01-01,2024-02-01,Verified
DOC-0001806,LG-000176,Ownership Proof,1,1,0,2023-12-16,2023-12-30,Verified
DOC-0001807,LG-000176,Identity Document,1,1,0,2023-12-19,2024-01-02,Verified
DOC-0001808,LG-000176,Identity Document,1,1,0,2023-12-16,2024-01-24,Verified
DOC-0001809,LG-000176,Ownership Proof,1,1,0,2023-12-05,2024-01-06,Verified
DOC-0001810,LG-000176,Land Record,1,1,0,2023-12-26,2024-01-14,Verified
DOC-0001811,LG-000176,Survey Record,1,1,0,2023-12-21,2024-01-13,Verified
DOC-0001812,LG-000177,Ownership Proof,1,0,0,2024-03-01,,Submitted
DOC-0001813,LG-000177,Compensation Document,1,1,0,2024-02-27,2024-03-28,Verified
DOC-0001814,LG-000177,Ownership Proof,1,1,1,2024-03-05,2024-03-24,Verified
DOC-0001815,LG-000177,Compensation Document,1,1,0,2024-02-28,2024-03-13,Verified
DOC-0001816,LG-000177,Survey Record,1,1,0,2024-02-17,2024-02-28,Verified
DOC-0001817,LG-000177,Compensation Document,0,0,0,,,Pending
DOC-0001818,LG-000177,Land Record,1,1,0,2024-02-19,2024-03-22,Verified
DOC-0001819,LG-000177,Identity Document,1,1,0,2024-02-26,2024-03-23,Verified
DOC-0001820,LG-000177,Ownership Proof,1,1,0,2024-02-23,2024-03-18,Verified
DOC-0001821,LG-000177,Land Record,1,0,0,2024-02-19,,Submitted
DOC-0001822,LG-000177,Ownership Proof,1,1,1,2024-03-19,2024-04-04,Verified
DOC-0001823,LG-000177,Identity Document,0,0,1,,,Pending
DOC-0001824,LG-000178,Compensation Document,1,1,1,2024-08-14,2024-09-09,Verified
DOC-0001825,LG-000178,Compensation Document,1,1,0,2024-06-22,2024-07-17,Verified
DOC-0001826,LG-000178,Compensation Document,1,0,0,2024-06-25,,Submitted
DOC-0001827,LG-000178,Identity Document,1,1,0,2024-07-24,2024-08-09,Verified
DOC-0001828,LG-000178,Ownership Proof,1,0,0,2024-07-28,,Submitted
DOC-0001829,LG-000178,Land Record,1,1,0,2024-08-02,2024-08-28,Verified
DOC-0001830,LG-000178,Survey Record,1,0,0,2024-07-18,,Submitted
DOC-0001831,LG-000179,Survey Record,0,0,0,,,Pending
DOC-0001832,LG-000179,Ownership Proof,1,1,0,2021-07-27,2021-08-29,Verified
DOC-0001833,LG-000179,Survey Record,1,1,0,2021-07-15,2021-07-31,Verified
DOC-0001834,LG-000179,Ownership Proof,1,0,0,2021-08-10,,Submitted
DOC-0001835,LG-000179,Identity Document,1,1,1,2021-06-29,2021-07-31,Verified
DOC-0001836,LG-000179,Identity Document,1,1,1,2021-06-29,2021-08-06,Verified
DOC-0001837,LG-000180,Ownership Proof,1,0,0,2021-08-21,,Submitted
DOC-0001838,LG-000180,Survey Record,1,1,0,2021-08-21,2021-09-28,Verified
DOC-0001839,LG-000180,Compensation Document,1,1,0,2021-09-19,2021-10-10,Verified
DOC-0001840,LG-000180,Identity Document,1,1,0,2021-09-26,2021-10-20,Verified
DOC-0001841,LG-000180,Compensation Document,1,1,1,2021-09-22,2021-10-27,Verified
DOC-0001842,LG-000180,Identity Document,1,1,0,2021-08-25,2021-09-11,Verified
DOC-0001843,LG-000180,Identity Document,1,0,0,2021-09-09,,Submitted
DOC-0001844,LG-000180,Survey Record,1,1,0,2021-09-28,2021-10-21,Verified
DOC-0001845,LG-000180,Survey Record,1,1,0,2021-09-25,2021-10-15,Verified
DOC-0001846,LG-000180,Identity Document,1,1,1,2021-09-28,2021-10-09,Verified
DOC-0001847,LG-000180,Ownership Proof,1,1,0,2021-09-26,2021-10-27,Verified
DOC-0001848,LG-000180,Compensation Document,1,1,0,2021-09-28,2021-10-09,Verified
DOC-0001849,LG-000180,Survey Record,1,1,0,2021-08-29,2021-09-18,Verified
DOC-0001850,LG-000181,Survey Record,1,1,1,2021-10-25,2021-11-15,Verified
DOC-0001851,LG-000181,Ownership Proof,1,1,1,2021-10-13,2021-11-11,Verified
DOC-0001852,LG-000181,Survey Record,0,0,0,,,Pending
DOC-0001853,LG-000181,Compensation Document,0,0,1,,,Pending
DOC-0001854,LG-000181,Ownership Proof,1,1,1,2021-10-25,2021-11-08,Verified
DOC-0001855,LG-000181,Identity Document,0,0,1,,,Pending
DOC-0001856,LG-000181,Compensation Document,1,1,0,2021-10-31,2021-11-18,Verified
DOC-0001857,LG-000181,Ownership Proof,1,1,1,2021-09-13,2021-10-23,Verified
DOC-0001858,LG-000181,Land Record,0,0,1,,,Pending
DOC-0001859,LG-000181,Land Record,1,0,0,2021-10-14,,Submitted
DOC-0001860,LG-000181,Compensation Document,0,0,0,,,Pending
DOC-0001861,LG-000181,Survey Record,1,1,1,2021-10-10,2021-10-30,Verified
DOC-0001862,LG-000181,Land Record,1,0,0,2021-10-11,,Submitted
DOC-0001863,LG-000181,Ownership Proof,1,1,1,2021-10-31,2021-12-09,Verified
DOC-0001864,LG-000181,Land Record,1,0,0,2021-10-04,,Submitted
DOC-0001865,LG-000182,Identity Document,1,1,1,2021-07-25,2021-08-31,Verified
DOC-0001866,LG-000182,Identity Document,1,1,0,2021-06-03,2021-07-10,Verified
DOC-0001867,LG-000182,Survey Record,1,1,0,2021-06-09,2021-06-25,Verified
DOC-0001868,LG-000182,Compensation Document,1,0,0,2021-07-22,,Submitted
DOC-0001869,LG-000182,Survey Record,1,1,0,2021-07-21,2021-08-25,Verified
DOC-0001870,LG-000182,Land Record,1,1,1,2021-07-03,2021-07-27,Verified
DOC-0001871,LG-000182,Compensation Document,1,1,0,2021-06-10,2021-07-03,Verified
DOC-0001872,LG-000182,Survey Record,1,0,0,2021-07-08,,Submitted
DOC-0001873,LG-000182,Ownership Proof,1,1,0,2021-07-05,2021-08-04,Verified
DOC-0001874,LG-000182,Ownership Proof,1,0,0,2021-07-17,,Submitted
DOC-0001875,LG-000183,Identity Document,0,0,0,,,Pending
DOC-0001876,LG-000183,Survey Record,1,1,0,2019-02-03,2019-02-26,Verified
DOC-0001877,LG-000183,Ownership Proof,1,1,1,2019-03-03,2019-03-23,Verified
DOC-0001878,LG-000183,Identity Document,1,1,1,2019-02-16,2019-03-15,Verified
DOC-0001879,LG-000183,Ownership Proof,1,1,0,2019-02-19,2019-03-20,Verified
DOC-0001880,LG-000183,Compensation Document,1,0,1,2019-02-14,,Submitted
DOC-0001881,LG-000183,Ownership Proof,1,0,1,2019-01-21,,Submitted
DOC-0001882,LG-000183,Survey Record,1,1,1,2019-02-15,2019-03-07,Verified
DOC-0001883,LG-000183,Ownership Proof,1,1,0,2019-02-14,2019-03-24,Verified
DOC-0001884,LG-000183,Ownership Proof,1,1,1,2019-02-07,2019-02-25,Verified
DOC-0001885,LG-000183,Survey Record,0,0,0,,,Pending
DOC-0001886,LG-000183,Compensation Document,1,1,0,2019-01-28,2019-03-06,Verified
DOC-0001887,LG-000183,Identity Document,1,0,0,2019-02-02,,Submitted
DOC-0001888,LG-000183,Identity Document,0,0,0,,,Pending
DOC-0001889,LG-000184,Identity Document,1,1,0,2021-05-22,2021-06-07,Verified
DOC-0001890,LG-000184,Land Record,1,1,1,2021-06-02,2021-07-08,Verified
DOC-0001891,LG-000184,Ownership Proof,1,1,0,2021-05-14,2021-06-16,Verified
DOC-0001892,LG-000184,Ownership Proof,1,1,0,2021-06-05,2021-06-19,Verified
DOC-0001893,LG-000184,Survey Record,1,1,0,2021-06-10,2021-07-11,Verified
DOC-0001894,LG-000184,Ownership Proof,1,1,0,2021-05-22,2021-06-28,Verified
DOC-0001895,LG-000184,Survey Record,1,1,0,2021-07-02,2021-07-24,Verified
DOC-0001896,LG-000185,Identity Document,0,0,0,,,Pending
DOC-0001897,LG-000185,Land Record,1,0,1,2024-01-25,,Submitted
DOC-0001898,LG-000185,Compensation Document,1,1,0,2024-02-08,2024-02-20,Verified
DOC-0001899,LG-000185,Compensation Document,1,1,1,2024-02-05,2024-02-23,Verified
DOC-0001900,LG-000185,Identity Document,0,0,1,,,Pending
DOC-0001901,LG-000185,Land Record,1,1,0,2023-12-21,2024-01-01,Verified
DOC-0001902,LG-000185,Identity Document,1,1,0,2024-02-06,2024-03-17,Verified
DOC-0001903,LG-000186,Land Record,1,0,0,2020-05-27,,Submitted
DOC-0001904,LG-000186,Identity Document,1,1,1,2020-05-28,2020-06-27,Verified
DOC-0001905,LG-000186,Survey Record,1,0,0,2020-06-30,,Submitted
DOC-0001906,LG-000186,Survey Record,0,0,0,,,Pending
DOC-0001907,LG-000186,Compensation Document,1,1,1,2020-06-12,2020-06-23,Verified
DOC-0001908,LG-000186,Survey Record,1,1,1,2020-06-19,2020-07-27,Verified
DOC-0001909,LG-000186,Compensation Document,0,0,1,,,Pending
DOC-0001910,LG-000186,Land Record,1,1,0,2020-07-12,2020-08-02,Verified
DOC-0001911,LG-000186,Compensation Document,0,0,1,,,Pending
DOC-0001912,LG-000186,Survey Record,1,0,1,2020-07-15,,Submitted
DOC-0001913,LG-000186,Ownership Proof,1,0,0,2020-06-22,,Submitted
DOC-0001914,LG-000186,Identity Document,0,0,0,,,Pending
DOC-0001915,LG-000187,Ownership Proof,1,1,1,2022-11-18,2022-12-03,Verified
DOC-0001916,LG-000187,Land Record,1,0,1,2022-10-19,,Submitted
DOC-0001917,LG-000187,Identity Document,0,0,1,,,Pending
DOC-0001918,LG-000187,Land Record,1,0,1,2022-10-22,,Submitted
DOC-0001919,LG-000187,Survey Record,1,0,0,2022-10-14,,Submitted
DOC-0001920,LG-000187,Survey Record,1,1,0,2022-10-23,2022-11-22,Verified
DOC-0001921,LG-000187,Identity Document,1,1,1,2022-10-22,2022-11-24,Verified
DOC-0001922,LG-000187,Identity Document,1,0,1,2022-10-12,,Submitted
DOC-0001923,LG-000188,Identity Document,0,0,0,,,Pending
DOC-0001924,LG-000188,Identity Document,1,0,1,2022-06-30,,Submitted
DOC-0001925,LG-000188,Land Record,1,1,0,2022-06-01,2022-07-11,Verified
DOC-0001926,LG-000188,Compensation Document,1,1,1,2022-07-16,2022-08-02,Verified
DOC-0001927,LG-000188,Identity Document,1,1,0,2022-07-04,2022-07-29,Verified
DOC-0001928,LG-000188,Compensation Document,1,1,0,2022-07-08,2022-08-15,Verified
DOC-0001929,LG-000189,Survey Record,1,1,1,2021-11-18,2021-12-24,Verified
DOC-0001930,LG-000189,Ownership Proof,1,1,1,2021-11-10,2021-12-12,Verified
DOC-0001931,LG-000189,Ownership Proof,1,0,1,2021-10-12,,Submitted
DOC-0001932,LG-000189,Ownership Proof,1,1,0,2021-11-02,2021-11-12,Verified
DOC-0001933,LG-000189,Compensation Document,1,1,1,2021-11-22,2021-12-17,Verified
DOC-0001934,LG-000189,Identity Document,1,1,0,2021-11-17,2021-12-19,Verified
DOC-0001935,LG-000189,Identity Document,1,0,1,2021-10-19,,Submitted
DOC-0001936,LG-000189,Ownership Proof,1,0,1,2021-10-17,,Submitted
DOC-0001937,LG-000189,Identity Document,0,0,0,,,Pending
DOC-0001938,LG-000189,Identity Document,1,0,0,2021-10-29,,Submitted
DOC-0001939,LG-000189,Land Record,1,0,1,2021-11-18,,Submitted
DOC-0001940,LG-000189,Identity Document,1,1,0,2021-11-19,2021-12-19,Verified
DOC-0001941,LG-000189,Identity Document,1,0,1,2021-11-14,,Submitted
DOC-0001942,LG-000189,Identity Document,1,0,1,2021-11-03,,Submitted
DOC-0001943,LG-000189,Compensation Document,1,0,1,2021-11-23,,Submitted
DOC-0001944,LG-000190,Identity Document,0,0,0,,,Pending
DOC-0001945,LG-000190,Survey Record,1,1,1,2021-09-19,2021-10-23,Verified
DOC-0001946,LG-000190,Identity Document,1,0,0,2021-09-23,,Submitted
DOC-0001947,LG-000190,Survey Record,0,0,0,,,Pending
DOC-0001948,LG-000190,Compensation Document,1,1,0,2021-10-10,2021-11-14,Verified
DOC-0001949,LG-000190,Compensation Document,1,1,0,2021-10-20,2021-11-06,Verified
DOC-0001950,LG-000190,Compensation Document,1,1,0,2021-10-06,2021-10-23,Verified
DOC-0001951,LG-000190,Land Record,1,1,0,2021-10-11,2021-11-06,Verified
DOC-0001952,LG-000190,Land Record,0,0,1,,,Pending
DOC-0001953,LG-000190,Compensation Document,1,1,0,2021-10-09,2021-11-07,Verified
DOC-0001954,LG-000190,Compensation Document,1,1,0,2021-10-06,2021-11-14,Verified
DOC-0001955,LG-000190,Survey Record,1,1,1,2021-11-08,2021-11-22,Verified
DOC-0001956,LG-000191,Identity Document,1,1,1,2020-05-13,2020-06-02,Verified
DOC-0001957,LG-000191,Compensation Document,1,1,0,2020-04-22,2020-05-16,Verified
DOC-0001958,LG-000191,Land Record,1,1,0,2020-05-08,2020-06-16,Verified
DOC-0001959,LG-000191,Land Record,1,1,1,2020-05-17,2020-06-21,Verified
DOC-0001960,LG-000191,Land Record,1,1,1,2020-05-12,2020-06-17,Verified
DOC-0001961,LG-000191,Compensation Document,1,0,0,2020-04-30,,Submitted
DOC-0001962,LG-000191,Identity Document,1,0,0,2020-03-23,,Submitted
DOC-0001963,LG-000191,Identity Document,1,1,0,2020-04-17,2020-05-09,Verified
DOC-0001964,LG-000191,Survey Record,1,1,1,2020-04-12,2020-05-13,Verified
DOC-0001965,LG-000192,Land Record,1,1,0,2024-01-04,2024-02-02,Verified
DOC-0001966,LG-000192,Survey Record,1,0,0,2023-12-21,,Submitted
DOC-0001967,LG-000192,Identity Document,1,0,0,2023-11-27,,Submitted
DOC-0001968,LG-000192,Compensation Document,1,0,0,2023-12-04,,Submitted
DOC-0001969,LG-000192,Ownership Proof,1,1,0,2023-12-27,2024-01-13,Verified
DOC-0001970,LG-000192,Ownership Proof,1,0,0,2023-12-21,,Submitted
DOC-0001971,LG-000192,Ownership Proof,1,0,1,2023-12-08,,Submitted
DOC-0001972,LG-000193,Ownership Proof,1,0,1,2019-07-05,,Submitted
DOC-0001973,LG-000193,Compensation Document,0,0,0,,,Pending
DOC-0001974,LG-000193,Survey Record,1,0,1,2019-08-26,,Submitted
DOC-0001975,LG-000193,Compensation Document,1,1,0,2019-07-15,2019-08-16,Verified
DOC-0001976,LG-000193,Survey Record,0,0,0,,,Pending
DOC-0001977,LG-000193,Compensation Document,0,0,1,,,Pending
DOC-0001978,LG-000193,Land Record,1,1,1,2019-08-12,2019-09-03,Verified
DOC-0001979,LG-000193,Compensation Document,1,1,0,2019-07-21,2019-07-31,Verified
DOC-0001980,LG-000193,Compensation Document,1,1,1,2019-08-06,2019-08-29,Verified
DOC-0001981,LG-000193,Identity Document,1,0,1,2019-07-03,,Submitted
DOC-0001982,LG-000194,Land Record,1,1,0,2021-02-07,2021-02-19,Verified
DOC-0001983,LG-000194,Compensation Document,1,1,0,2021-03-03,2021-03-22,Verified
DOC-0001984,LG-000194,Identity Document,1,1,0,2021-02-18,2021-03-20,Verified
DOC-0001985,LG-000194,Compensation Document,1,1,0,2021-01-24,2021-02-21,Verified
DOC-0001986,LG-000194,Survey Record,0,0,0,,,Pending
DOC-0001987,LG-000194,Identity Document,1,0,0,2021-03-16,,Submitted
DOC-0001988,LG-000194,Identity Document,1,0,0,2021-02-16,,Submitted
DOC-0001989,LG-000194,Ownership Proof,1,0,0,2021-03-09,,Submitted
DOC-0001990,LG-000194,Compensation Document,1,1,0,2021-02-02,2021-02-17,Verified
DOC-0001991,LG-000194,Ownership Proof,1,0,0,2021-02-12,,Submitted
DOC-0001992,LG-000194,Compensation Document,1,1,0,2021-02-03,2021-03-11,Verified
DOC-0001993,LG-000194,Identity Document,1,1,0,2021-02-08,2021-03-09,Verified
DOC-0001994,LG-000195,Land Record,1,0,0,2022-08-23,,Submitted
DOC-0001995,LG-000195,Compensation Document,1,1,1,2022-08-30,2022-09-18,Verified
DOC-0001996,LG-000195,Ownership Proof,1,0,1,2022-08-18,,Submitted
DOC-0001997,LG-000195,Compensation Document,0,0,1,,,Pending
DOC-0001998,LG-000195,Land Record,0,0,0,,,Pending
DOC-0001999,LG-000196,Survey Record,1,1,1,2019-10-12,2019-11-04,Verified
DOC-0002000,LG-000196,Land Record,1,1,1,2019-10-08,2019-11-07,Verified
DOC-0002001,LG-000196,Compensation Document,1,1,0,2019-09-07,2019-10-11,Verified
DOC-0002002,LG-000196,Compensation Document,1,1,1,2019-09-22,2019-10-14,Verified
DOC-0002003,LG-000196,Survey Record,1,0,1,2019-09-04,,Submitted
DOC-0002004,LG-000196,Ownership Proof,0,0,0,,,Pending
DOC-0002005,LG-000196,Ownership Proof,1,1,1,2019-08-29,2019-09-10,Verified
DOC-0002006,LG-000196,Land Record,1,1,0,2019-09-13,2019-09-27,Verified
DOC-0002007,LG-000196,Survey Record,1,1,0,2019-09-30,2019-11-09,Verified
DOC-0002008,LG-000196,Ownership Proof,1,1,1,2019-09-18,2019-10-21,Verified
DOC-0002009,LG-000196,Identity Document,1,0,1,2019-08-23,,Submitted
DOC-0002010,LG-000197,Identity Document,1,1,1,2019-07-02,2019-07-28,Verified
DOC-0002011,LG-000197,Ownership Proof,1,1,0,2019-06-25,2019-07-14,Verified
DOC-0002012,LG-000197,Compensation Document,0,0,0,,,Pending
DOC-0002013,LG-000197,Ownership Proof,1,1,0,2019-07-03,2019-07-30,Verified
DOC-0002014,LG-000197,Survey Record,1,1,0,2019-07-09,2019-07-19,Verified
DOC-0002015,LG-000197,Ownership Proof,1,1,0,2019-08-02,2019-09-04,Verified
DOC-0002016,LG-000198,Ownership Proof,1,0,0,2024-02-03,,Submitted
DOC-0002017,LG-000198,Identity Document,1,0,0,2024-03-11,,Submitted
DOC-0002018,LG-000198,Compensation Document,1,1,0,2024-02-26,2024-03-28,Verified
DOC-0002019,LG-000198,Identity Document,1,1,1,2024-02-15,2024-03-09,Verified
DOC-0002020,LG-000198,Survey Record,1,1,0,2024-01-30,2024-03-05,Verified
DOC-0002021,LG-000198,Survey Record,1,1,0,2024-02-05,2024-03-14,Verified
DOC-0002022,LG-000198,Ownership Proof,1,1,0,2024-02-18,2024-03-01,Verified
DOC-0002023,LG-000198,Compensation Document,1,1,1,2024-02-20,2024-03-05,Verified
DOC-0002024,LG-000198,Ownership Proof,1,1,0,2024-03-20,2024-04-29,Verified
DOC-0002025,LG-000198,Land Record,1,0,0,2024-02-07,,Submitted
DOC-0002026,LG-000199,Survey Record,1,1,0,2024-08-11,2024-09-03,Verified
DOC-0002027,LG-000199,Survey Record,1,1,0,2024-08-23,2024-09-28,Verified
DOC-0002028,LG-000199,Land Record,1,1,1,2024-08-27,2024-09-26,Verified
DOC-0002029,LG-000199,Ownership Proof,1,1,1,2024-08-01,2024-08-18,Verified
DOC-0002030,LG-000199,Land Record,1,0,1,2024-09-03,,Submitted
DOC-0002031,LG-000199,Land Record,0,0,1,,,Pending
DOC-0002032,LG-000199,Land Record,1,1,0,2024-08-27,2024-09-07,Verified
DOC-0002033,LG-000199,Ownership Proof,0,0,1,,,Pending
DOC-0002034,LG-000199,Ownership Proof,0,0,0,,,Pending
DOC-0002035,LG-000199,Compensation Document,0,0,0,,,Pending
DOC-0002036,LG-000199,Compensation Document,1,1,0,2024-09-02,2024-09-13,Verified
DOC-0002037,LG-000199,Identity Document,1,0,0,2024-07-19,,Submitted
DOC-0002038,LG-000199,Land Record,0,0,1,,,Pending
DOC-0002039,LG-000200,Compensation Document,1,1,0,2019-11-19,2019-12-09,Verified
DOC-0002040,LG-000200,Survey Record,1,0,0,2019-11-23,,Submitted
DOC-0002041,LG-000200,Survey Record,1,1,0,2019-11-19,2019-12-13,Verified
DOC-0002042,LG-000200,Compensation Document,1,1,0,2019-11-17,2019-12-06,Verified
DOC-0002043,LG-000200,Ownership Proof,1,1,0,2019-11-03,2019-11-24,Verified
DOC-0002044,LG-000200,Compensation Document,1,1,0,2019-10-06,2019-11-13,Verified
DOC-0002045,LG-000200,Identity Document,1,1,0,2019-10-11,2019-11-19,Verified
DOC-0002046,LG-000200,Survey Record,1,1,0,2019-11-20,2019-12-06,Verified
DOC-0002047,LG-000200,Ownership Proof,0,0,0,,,Pending
DOC-0002048,LG-000200,Identity Document,1,1,0,2019-11-05,2019-11-17,Verified
DOC-0002049,LG-000200,Land Record,1,0,1,2019-10-29,,Submitted
DOC-0002050,LG-000200,Identity Document,1,0,0,2019-10-04,,Submitted
DOC-0002051,LG-000200,Survey Record,1,1,0,2019-10-21,2019-11-14,Verified
DOC-0002052,LG-000200,Compensation Document,1,1,0,2019-10-18,2019-11-17,Verified
DOC-0002053,LG-000201,Land Record,1,1,1,2022-10-08,2022-11-14,Verified
DOC-0002054,LG-000201,Identity Document,1,0,0,2022-09-01,,Submitted
DOC-0002055,LG-000201,Identity Document,1,0,0,2022-09-30,,Submitted
DOC-0002056,LG-000201,Land Record,0,0,1,,,Pending
DOC-0002057,LG-000201,Ownership Proof,0,0,1,,,Pending
DOC-0002058,LG-000201,Land Record,1,1,1,2022-09-19,2022-10-13,Verified
DOC-0002059,LG-000201,Land Record,0,0,1,,,Pending
DOC-0002060,LG-000201,Survey Record,1,0,0,2022-09-09,,Submitted
DOC-0002061,LG-000202,Survey Record,1,1,0,2021-11-06,2021-11-20,Verified
DOC-0002062,LG-000202,Ownership Proof,1,1,0,2021-10-02,2021-10-24,Verified
DOC-0002063,LG-000202,Survey Record,1,1,0,2021-10-29,2021-11-21,Verified
DOC-0002064,LG-000202,Identity Document,1,1,1,2021-11-07,2021-12-07,Verified
DOC-0002065,LG-000202,Ownership Proof,1,0,0,2021-10-09,,Submitted
DOC-0002066,LG-000202,Identity Document,1,0,0,2021-10-08,,Submitted
DOC-0002067,LG-000202,Land Record,1,1,0,2021-10-28,2021-11-30,Verified
DOC-0002068,LG-000202,Compensation Document,1,0,0,2021-10-04,,Submitted
DOC-0002069,LG-000202,Compensation Document,1,1,0,2021-10-26,2021-11-16,Verified
DOC-0002070,LG-000202,Survey Record,0,0,0,,,Pending
DOC-0002071,LG-000202,Land Record,1,1,0,2021-10-13,2021-10-31,Verified
DOC-0002072,LG-000202,Survey Record,0,0,0,,,Pending
DOC-0002073,LG-000202,Survey Record,1,0,0,2021-10-07,,Submitted
DOC-0002074,LG-000203,Land Record,1,1,1,2022-05-02,2022-05-22,Verified
DOC-0002075,LG-000203,Compensation Document,1,1,1,2022-03-24,2022-04-23,Verified
DOC-0002076,LG-000203,Identity Document,1,1,0,2022-04-06,2022-04-18,Verified
DOC-0002077,LG-000203,Compensation Document,1,1,1,2022-04-11,2022-05-09,Verified
DOC-0002078,LG-000203,Survey Record,1,0,1,2022-03-30,,Submitted
DOC-0002079,LG-000203,Land Record,1,1,1,2022-04-24,2022-05-10,Verified
DOC-0002080,LG-000203,Land Record,1,0,0,2022-04-19,,Submitted
DOC-0002081,LG-000203,Compensation Document,1,0,1,2022-04-12,,Submitted
DOC-0002082,LG-000203,Ownership Proof,1,1,0,2022-04-20,2022-05-22,Verified
DOC-0002083,LG-000203,Ownership Proof,0,0,1,,,Pending
DOC-0002084,LG-000204,Ownership Proof,1,1,0,2022-01-17,2022-02-06,Verified
DOC-0002085,LG-000204,Ownership Proof,1,1,0,2022-02-11,2022-02-28,Verified
DOC-0002086,LG-000204,Compensation Document,1,1,0,2021-12-28,2022-02-02,Verified
DOC-0002087,LG-000204,Identity Document,1,1,0,2022-02-05,2022-02-17,Verified
DOC-0002088,LG-000204,Ownership Proof,1,1,0,2021-12-22,2022-01-07,Verified
DOC-0002089,LG-000204,Compensation Document,1,1,1,2022-02-02,2022-03-09,Verified
DOC-0002090,LG-000204,Compensation Document,0,0,0,,,Pending
DOC-0002091,LG-000205,Survey Record,1,1,0,2018-12-10,2019-01-08,Verified
DOC-0002092,LG-000205,Ownership Proof,1,1,1,2018-12-04,2019-01-12,Verified
DOC-0002093,LG-000205,Identity Document,1,1,1,2018-12-17,2019-01-02,Verified
DOC-0002094,LG-000205,Identity Document,0,0,1,,,Pending
DOC-0002095,LG-000205,Compensation Document,1,1,1,2018-11-07,2018-11-18,Verified
DOC-0002096,LG-000205,Compensation Document,1,1,0,2018-12-18,2019-01-16,Verified
DOC-0002097,LG-000205,Land Record,1,0,1,2018-11-04,,Submitted
DOC-0002098,LG-000205,Land Record,1,1,1,2018-11-07,2018-12-05,Verified
DOC-0002099,LG-000205,Compensation Document,1,0,1,2018-12-04,,Submitted
DOC-0002100,LG-000205,Land Record,1,1,0,2018-12-07,2019-01-04,Verified
DOC-0002101,LG-000205,Land Record,1,1,1,2018-12-10,2018-12-30,Verified
DOC-0002102,LG-000205,Survey Record,1,1,0,2018-12-04,2019-01-13,Verified
DOC-0002103,LG-000205,Land Record,1,1,0,2018-11-01,2018-11-22,Verified
DOC-0002104,LG-000205,Survey Record,1,0,0,2018-11-26,,Submitted
DOC-0002105,LG-000205,Identity Document,1,1,0,2018-10-29,2018-11-23,Verified
DOC-0002106,LG-000206,Land Record,1,0,0,2023-03-04,,Submitted
DOC-0002107,LG-000206,Compensation Document,1,1,0,2023-03-18,2023-04-06,Verified
DOC-0002108,LG-000206,Survey Record,1,1,0,2023-02-13,2023-02-26,Verified
DOC-0002109,LG-000206,Compensation Document,1,0,0,2023-02-26,,Submitted
DOC-0002110,LG-000206,Land Record,1,1,0,2023-03-20,2023-04-24,Verified
DOC-0002111,LG-000206,Ownership Proof,1,1,0,2023-03-19,2023-04-03,Verified
DOC-0002112,LG-000206,Compensation Document,1,1,0,2023-03-06,2023-04-09,Verified
DOC-0002113,LG-000206,Compensation Document,0,0,0,,,Pending
DOC-0002114,LG-000206,Identity Document,1,1,0,2023-02-24,2023-04-02,Verified
DOC-0002115,LG-000206,Compensation Document,1,0,0,2023-03-10,,Submitted
DOC-0002116,LG-000206,Survey Record,1,1,0,2023-02-13,2023-02-26,Verified
DOC-0002117,LG-000206,Ownership Proof,1,1,0,2023-02-26,2023-03-17,Verified
DOC-0002118,LG-000206,Identity Document,1,1,0,2023-03-18,2023-04-23,Verified
DOC-0002119,LG-000207,Compensation Document,1,1,0,2019-07-03,2019-07-21,Verified
DOC-0002120,LG-000207,Identity Document,1,1,0,2019-06-15,2019-07-20,Verified
DOC-0002121,LG-000207,Land Record,1,1,0,2019-06-05,2019-07-09,Verified
DOC-0002122,LG-000207,Ownership Proof,1,0,1,2019-07-07,,Submitted
DOC-0002123,LG-000207,Identity Document,0,0,1,,,Pending
DOC-0002124,LG-000207,Survey Record,1,1,1,2019-07-02,2019-08-05,Verified
DOC-0002125,LG-000207,Land Record,1,1,1,2019-07-03,2019-08-12,Verified
DOC-0002126,LG-000207,Ownership Proof,1,1,0,2019-07-25,2019-08-11,Verified
DOC-0002127,LG-000207,Compensation Document,1,1,1,2019-07-03,2019-08-06,Verified
DOC-0002128,LG-000207,Compensation Document,1,0,1,2019-07-19,,Submitted
DOC-0002129,LG-000207,Identity Document,1,0,1,2019-06-22,,Submitted
DOC-0002130,LG-000207,Land Record,1,0,1,2019-06-26,,Submitted
DOC-0002131,LG-000207,Land Record,1,0,1,2019-07-05,,Submitted
DOC-0002132,LG-000207,Land Record,0,0,1,,,Pending
DOC-0002133,LG-000208,Ownership Proof,0,0,0,,,Pending
DOC-0002134,LG-000208,Compensation Document,1,0,0,2024-12-28,,Submitted
DOC-0002135,LG-000208,Compensation Document,0,0,1,,,Pending
DOC-0002136,LG-000208,Identity Document,1,0,0,2024-11-08,,Submitted
DOC-0002137,LG-000208,Compensation Document,1,1,0,2024-11-13,2024-12-19,Verified
DOC-0002138,LG-000208,Survey Record,1,0,0,2024-12-06,,Submitted
DOC-0002139,LG-000208,Land Record,0,0,1,,,Pending
DOC-0002140,LG-000208,Compensation Document,1,0,0,2024-12-22,,Submitted
DOC-0002141,LG-000208,Compensation Document,0,0,0,,,Pending
DOC-0002142,LG-000208,Survey Record,1,0,1,2024-11-22,,Submitted
DOC-0002143,LG-000208,Survey Record,1,0,1,2024-12-22,,Submitted
DOC-0002144,LG-000208,Identity Document,1,1,1,2024-12-04,2024-12-30,Verified
DOC-0002145,LG-000208,Identity Document,1,1,0,2024-12-27,2025-01-20,Verified
DOC-0002146,LG-000208,Identity Document,1,0,0,2024-12-02,,Submitted
DOC-0002147,LG-000209,Identity Document,1,1,0,2018-02-07,2018-03-03,Verified
DOC-0002148,LG-000209,Land Record,1,1,1,2018-02-03,2018-03-13,Verified
DOC-0002149,LG-000209,Identity Document,1,1,0,2018-01-25,2018-02-16,Verified
DOC-0002150,LG-000209,Land Record,1,0,0,2018-02-20,,Submitted
DOC-0002151,LG-000209,Land Record,1,1,0,2018-02-22,2018-04-03,Verified
DOC-0002152,LG-000209,Land Record,1,0,0,2018-02-08,,Submitted
DOC-0002153,LG-000209,Ownership Proof,1,1,0,2018-01-30,2018-02-09,Verified
DOC-0002154,LG-000209,Land Record,1,1,0,2018-02-07,2018-02-27,Verified
DOC-0002155,LG-000209,Land Record,1,1,0,2018-02-18,2018-03-09,Verified
DOC-0002156,LG-000209,Compensation Document,1,0,0,2018-01-22,,Submitted
DOC-0002157,LG-000209,Ownership Proof,1,1,0,2018-02-28,2018-03-14,Verified
DOC-0002158,LG-000210,Compensation Document,1,1,1,2019-04-07,2019-04-19,Verified
DOC-0002159,LG-000210,Ownership Proof,1,1,0,2019-03-15,2019-04-06,Verified
DOC-0002160,LG-000210,Land Record,1,1,1,2019-03-21,2019-04-16,Verified
DOC-0002161,LG-000210,Identity Document,0,0,1,,,Pending
DOC-0002162,LG-000210,Survey Record,1,0,0,2019-04-25,,Submitted
DOC-0002163,LG-000210,Identity Document,1,0,0,2019-04-12,,Submitted
DOC-0002164,LG-000210,Identity Document,1,0,1,2019-03-08,,Submitted
DOC-0002165,LG-000210,Ownership Proof,1,1,0,2019-03-16,2019-04-25,Verified
DOC-0002166,LG-000210,Compensation Document,1,1,1,2019-03-22,2019-04-09,Verified
DOC-0002167,LG-000210,Land Record,1,0,1,2019-03-26,,Submitted
DOC-0002168,LG-000210,Survey Record,1,1,1,2019-03-22,2019-04-15,Verified
DOC-0002169,LG-000210,Survey Record,0,0,0,,,Pending
DOC-0002170,LG-000211,Compensation Document,1,1,0,2018-06-21,2018-07-02,Verified
DOC-0002171,LG-000211,Survey Record,1,1,0,2018-05-24,2018-06-20,Verified
DOC-0002172,LG-000211,Land Record,1,0,0,2018-05-25,,Submitted
DOC-0002173,LG-000211,Survey Record,1,0,1,2018-06-05,,Submitted
DOC-0002174,LG-000211,Compensation Document,1,0,0,2018-06-25,,Submitted
DOC-0002175,LG-000211,Survey Record,1,1,0,2018-06-03,2018-07-09,Verified
DOC-0002176,LG-000211,Identity Document,0,0,0,,,Pending
DOC-0002177,LG-000211,Identity Document,1,0,0,2018-06-18,,Submitted
DOC-0002178,LG-000211,Survey Record,1,1,0,2018-06-08,2018-07-04,Verified
DOC-0002179,LG-000211,Compensation Document,1,1,0,2018-06-16,2018-07-08,Verified
DOC-0002180,LG-000211,Survey Record,1,1,0,2018-07-11,2018-08-14,Verified
DOC-0002181,LG-000211,Survey Record,1,0,0,2018-06-19,,Submitted
DOC-0002182,LG-000212,Survey Record,0,0,0,,,Pending
DOC-0002183,LG-000212,Compensation Document,1,0,1,2020-11-02,,Submitted
DOC-0002184,LG-000212,Survey Record,0,0,0,,,Pending
DOC-0002185,LG-000212,Compensation Document,1,1,0,2020-09-10,2020-10-11,Verified
DOC-0002186,LG-000212,Ownership Proof,1,1,1,2020-10-01,2020-10-19,Verified
DOC-0002187,LG-000212,Survey Record,1,1,0,2020-09-22,2020-10-24,Verified
DOC-0002188,LG-000212,Compensation Document,1,1,1,2020-10-12,2020-11-04,Verified
DOC-0002189,LG-000212,Ownership Proof,1,1,1,2020-10-20,2020-11-22,Verified
DOC-0002190,LG-000212,Ownership Proof,0,0,1,,,Pending
DOC-0002191,LG-000212,Identity Document,1,0,1,2020-10-07,,Submitted
DOC-0002192,LG-000212,Compensation Document,1,1,1,2020-09-21,2020-10-08,Verified
DOC-0002193,LG-000212,Land Record,1,1,0,2020-10-09,2020-11-16,Verified
DOC-0002194,LG-000212,Survey Record,1,1,1,2020-10-24,2020-11-18,Verified
DOC-0002195,LG-000212,Land Record,0,0,0,,,Pending
DOC-0002196,LG-000213,Ownership Proof,0,0,1,,,Pending
DOC-0002197,LG-000213,Identity Document,1,1,1,2021-05-19,2021-06-16,Verified
DOC-0002198,LG-000213,Survey Record,1,1,1,2021-04-19,2021-05-19,Verified
DOC-0002199,LG-000213,Compensation Document,0,0,0,,,Pending
DOC-0002200,LG-000213,Ownership Proof,1,1,0,2021-05-26,2021-06-29,Verified
DOC-0002201,LG-000213,Ownership Proof,1,1,1,2021-05-21,2021-05-31,Verified
DOC-0002202,LG-000213,Ownership Proof,1,1,1,2021-05-07,2021-05-25,Verified
DOC-0002203,LG-000213,Compensation Document,1,1,0,2021-05-06,2021-06-03,Verified
DOC-0002204,LG-000213,Compensation Document,1,1,1,2021-05-08,2021-06-17,Verified
DOC-0002205,LG-000213,Compensation Document,1,1,1,2021-05-01,2021-06-10,Verified
DOC-0002206,LG-000213,Ownership Proof,1,0,1,2021-04-18,,Submitted
DOC-0002207,LG-000214,Survey Record,1,1,0,2022-05-28,2022-06-16,Verified
DOC-0002208,LG-000214,Compensation Document,0,0,1,,,Pending
DOC-0002209,LG-000214,Ownership Proof,1,1,0,2022-04-19,2022-05-09,Verified
DOC-0002210,LG-000214,Land Record,1,0,1,2022-04-29,,Submitted
DOC-0002211,LG-000214,Identity Document,1,1,1,2022-05-10,2022-06-12,Verified
DOC-0002212,LG-000214,Ownership Proof,0,0,0,,,Pending
DOC-0002213,LG-000214,Survey Record,1,1,0,2022-05-18,2022-05-30,Verified
DOC-0002214,LG-000214,Survey Record,1,0,1,2022-04-10,,Submitted
DOC-0002215,LG-000214,Ownership Proof,1,1,0,2022-05-16,2022-06-17,Verified
DOC-0002216,LG-000214,Land Record,1,0,0,2022-04-15,,Submitted
DOC-0002217,LG-000214,Survey Record,1,1,1,2022-04-29,2022-05-13,Verified
DOC-0002218,LG-000214,Identity Document,0,0,1,,,Pending
DOC-0002219,LG-000215,Ownership Proof,1,1,0,2021-06-07,2021-06-30,Verified
DOC-0002220,LG-000215,Compensation Document,1,1,0,2021-06-19,2021-07-06,Verified
DOC-0002221,LG-000215,Survey Record,1,1,0,2021-05-08,2021-06-02,Verified
DOC-0002222,LG-000215,Ownership Proof,1,1,0,2021-05-26,2021-06-08,Verified
DOC-0002223,LG-000215,Land Record,1,0,1,2021-06-12,,Submitted
DOC-0002224,LG-000215,Ownership Proof,0,0,0,,,Pending
DOC-0002225,LG-000215,Ownership Proof,1,1,0,2021-05-07,2021-06-03,Verified
DOC-0002226,LG-000215,Survey Record,1,1,0,2021-06-06,2021-07-01,Verified
DOC-0002227,LG-000215,Compensation Document,0,0,0,,,Pending
DOC-0002228,LG-000215,Survey Record,1,1,0,2021-06-16,2021-07-12,Verified
DOC-0002229,LG-000215,Land Record,1,1,0,2021-06-11,2021-07-08,Verified
DOC-0002230,LG-000215,Land Record,1,0,0,2021-05-13,,Submitted
DOC-0002231,LG-000216,Survey Record,1,1,0,2020-07-22,2020-08-30,Verified
DOC-0002232,LG-000216,Compensation Document,1,0,0,2020-07-06,,Submitted
DOC-0002233,LG-000216,Land Record,1,1,0,2020-08-03,2020-08-24,Verified
DOC-0002234,LG-000216,Ownership Proof,1,0,0,2020-08-11,,Submitted
DOC-0002235,LG-000216,Survey Record,1,1,0,2020-07-22,2020-08-09,Verified
DOC-0002236,LG-000216,Ownership Proof,1,1,0,2020-08-11,2020-09-09,Verified
DOC-0002237,LG-000216,Ownership Proof,1,0,0,2020-07-06,,Submitted
DOC-0002238,LG-000216,Ownership Proof,1,1,0,2020-07-12,2020-08-18,Verified
DOC-0002239,LG-000216,Survey Record,1,1,0,2020-07-05,2020-07-18,Verified
DOC-0002240,LG-000216,Land Record,1,0,0,2020-08-18,,Submitted
DOC-0002241,LG-000216,Ownership Proof,1,1,0,2020-06-25,2020-07-13,Verified
DOC-0002242,LG-000216,Ownership Proof,1,1,1,2020-07-19,2020-08-04,Verified
DOC-0002243,LG-000217,Ownership Proof,1,0,1,2021-12-11,,Submitted
DOC-0002244,LG-000217,Compensation Document,1,1,1,2021-12-01,2021-12-30,Verified
DOC-0002245,LG-000217,Land Record,1,0,0,2022-01-07,,Submitted
DOC-0002246,LG-000217,Identity Document,1,1,1,2021-12-23,2022-01-16,Verified
DOC-0002247,LG-000217,Survey Record,1,0,0,2022-01-22,,Submitted
DOC-0002248,LG-000217,Identity Document,1,1,1,2022-01-12,2022-02-12,Verified
DOC-0002249,LG-000217,Survey Record,0,0,1,,,Pending
DOC-0002250,LG-000217,Identity Document,1,0,1,2021-12-08,,Submitted
DOC-0002251,LG-000217,Compensation Document,1,1,1,2022-01-20,2022-02-03,Verified
DOC-0002252,LG-000217,Identity Document,1,1,1,2021-12-16,2022-01-23,Verified
DOC-0002253,LG-000217,Land Record,0,0,1,,,Pending
DOC-0002254,LG-000217,Land Record,1,1,0,2021-12-14,2022-01-21,Verified
DOC-0002255,LG-000217,Compensation Document,1,0,1,2021-12-28,,Submitted
DOC-0002256,LG-000218,Ownership Proof,1,1,0,2022-06-17,2022-07-18,Verified
DOC-0002257,LG-000218,Ownership Proof,1,1,0,2022-06-20,2022-07-19,Verified
DOC-0002258,LG-000218,Compensation Document,1,1,0,2022-05-29,2022-06-23,Verified
DOC-0002259,LG-000218,Identity Document,1,1,0,2022-06-23,2022-08-01,Verified
DOC-0002260,LG-000218,Land Record,1,1,0,2022-06-14,2022-07-23,Verified
DOC-0002261,LG-000218,Survey Record,1,1,1,2022-06-15,2022-07-14,Verified
DOC-0002262,LG-000219,Ownership Proof,0,0,0,,,Pending
DOC-0002263,LG-000219,Identity Document,1,0,0,2022-05-30,,Submitted
DOC-0002264,LG-000219,Identity Document,1,1,0,2022-05-12,2022-06-20,Verified
DOC-0002265,LG-000219,Compensation Document,1,0,0,2022-05-21,,Submitted
DOC-0002266,LG-000219,Land Record,1,0,1,2022-06-11,,Submitted
DOC-0002267,LG-000219,Ownership Proof,0,0,1,,,Pending
DOC-0002268,LG-000219,Identity Document,0,0,0,,,Pending
DOC-0002269,LG-000219,Ownership Proof,1,0,0,2022-05-26,,Submitted
DOC-0002270,LG-000219,Survey Record,1,0,1,2022-06-02,,Submitted
DOC-0002271,LG-000219,Identity Document,1,1,1,2022-05-10,2022-05-28,Verified
DOC-0002272,LG-000219,Ownership Proof,1,0,1,2022-06-04,,Submitted
DOC-0002273,LG-000220,Identity Document,1,1,0,2023-03-10,2023-03-23,Verified
DOC-0002274,LG-000220,Compensation Document,1,1,1,2023-02-07,2023-02-25,Verified
DOC-0002275,LG-000220,Land Record,1,1,0,2023-03-03,2023-04-06,Verified
DOC-0002276,LG-000220,Survey Record,1,1,0,2023-02-08,2023-03-02,Verified
DOC-0002277,LG-000220,Ownership Proof,1,0,0,2023-02-02,,Submitted
DOC-0002278,LG-000220,Compensation Document,1,0,0,2023-02-13,,Submitted
DOC-0002279,LG-000220,Identity Document,1,0,0,2023-02-09,,Submitted
DOC-0002280,LG-000220,Survey Record,1,1,0,2023-02-05,2023-03-16,Verified
DOC-0002281,LG-000220,Identity Document,1,1,0,2023-01-15,2023-02-13,Verified
DOC-0002282,LG-000220,Identity Document,1,0,0,2023-02-15,,Submitted
DOC-0002283,LG-000221,Land Record,1,0,0,2019-04-03,,Submitted
DOC-0002284,LG-000221,Ownership Proof,1,1,0,2019-04-18,2019-05-28,Verified
DOC-0002285,LG-000221,Compensation Document,0,0,0,,,Pending
DOC-0002286,LG-000221,Survey Record,1,1,0,2019-05-01,2019-05-11,Verified
DOC-0002287,LG-000221,Land Record,1,1,0,2019-04-30,2019-05-30,Verified
DOC-0002288,LG-000221,Identity Document,1,1,0,2019-05-05,2019-05-18,Verified
DOC-0002289,LG-000221,Identity Document,1,0,0,2019-04-27,,Submitted
DOC-0002290,LG-000221,Survey Record,1,0,0,2019-05-14,,Submitted
DOC-0002291,LG-000221,Compensation Document,1,1,0,2019-04-23,2019-05-22,Verified
DOC-0002292,LG-000222,Survey Record,1,1,0,2019-03-02,2019-03-13,Verified
DOC-0002293,LG-000222,Identity Document,0,0,0,,,Pending
DOC-0002294,LG-000222,Land Record,1,1,0,2019-02-20,2019-03-02,Verified
DOC-0002295,LG-000222,Identity Document,1,1,1,2019-02-12,2019-03-13,Verified
DOC-0002296,LG-000222,Compensation Document,1,1,1,2019-03-02,2019-03-13,Verified
DOC-0002297,LG-000222,Compensation Document,1,1,0,2019-02-06,2019-02-23,Verified
DOC-0002298,LG-000222,Survey Record,1,0,1,2019-02-03,,Submitted
DOC-0002299,LG-000223,Survey Record,1,1,0,2020-07-02,2020-07-20,Verified
DOC-0002300,LG-000223,Compensation Document,0,0,0,,,Pending
DOC-0002301,LG-000223,Compensation Document,1,0,0,2020-05-29,,Submitted
DOC-0002302,LG-000223,Compensation Document,1,1,0,2020-06-28,2020-08-07,Verified
DOC-0002303,LG-000223,Compensation Document,0,0,0,,,Pending
DOC-0002304,LG-000223,Ownership Proof,1,0,0,2020-06-22,,Submitted
DOC-0002305,LG-000223,Survey Record,1,1,0,2020-05-20,2020-06-24,Verified
DOC-0002306,LG-000223,Ownership Proof,1,1,0,2020-07-10,2020-07-25,Verified
DOC-0002307,LG-000223,Compensation Document,1,1,0,2020-05-22,2020-06-03,Verified
DOC-0002308,LG-000223,Ownership Proof,1,0,0,2020-07-12,,Submitted
DOC-0002309,LG-000223,Identity Document,1,1,1,2020-07-06,2020-08-15,Verified
DOC-0002310,LG-000224,Survey Record,1,1,0,2021-11-08,2021-12-06,Verified
DOC-0002311,LG-000224,Land Record,0,0,0,,,Pending
DOC-0002312,LG-000224,Survey Record,1,1,0,2021-11-17,2021-12-04,Verified
DOC-0002313,LG-000224,Ownership Proof,0,0,0,,,Pending
DOC-0002314,LG-000224,Survey Record,1,1,0,2021-12-06,2022-01-02,Verified
DOC-0002315,LG-000225,Land Record,1,1,0,2022-06-25,2022-08-01,Verified
DOC-0002316,LG-000225,Survey Record,1,1,0,2022-07-15,2022-08-05,Verified
DOC-0002317,LG-000225,Compensation Document,0,0,0,,,Pending
DOC-0002318,LG-000225,Identity Document,1,1,0,2022-08-15,2022-09-15,Verified
DOC-0002319,LG-000225,Identity Document,1,0,0,2022-08-11,,Submitted
DOC-0002320,LG-000225,Land Record,1,1,0,2022-07-22,2022-08-25,Verified
DOC-0002321,LG-000225,Compensation Document,1,1,0,2022-06-27,2022-07-07,Verified
DOC-0002322,LG-000225,Ownership Proof,0,0,0,,,Pending
DOC-0002323,LG-000225,Survey Record,1,1,0,2022-06-28,2022-07-14,Verified
DOC-0002324,LG-000225,Survey Record,1,1,0,2022-07-25,2022-08-22,Verified
DOC-0002325,LG-000225,Survey Record,1,0,0,2022-07-23,,Submitted
DOC-0002326,LG-000226,Survey Record,1,1,0,2023-04-29,2023-05-28,Verified
DOC-0002327,LG-000226,Compensation Document,1,0,1,2023-04-16,,Submitted
DOC-0002328,LG-000226,Compensation Document,1,0,0,2023-03-20,,Submitted
DOC-0002329,LG-000226,Compensation Document,1,1,0,2023-04-08,2023-05-11,Verified
DOC-0002330,LG-000226,Land Record,1,0,0,2023-04-18,,Submitted
DOC-0002331,LG-000226,Land Record,1,1,0,2023-04-20,2023-05-23,Verified
DOC-0002332,LG-000226,Identity Document,1,1,0,2023-04-30,2023-05-13,Verified
DOC-0002333,LG-000226,Identity Document,1,0,0,2023-04-14,,Submitted
DOC-0002334,LG-000227,Land Record,1,0,0,2023-02-22,,Submitted
DOC-0002335,LG-000227,Land Record,1,0,1,2023-02-25,,Submitted
DOC-0002336,LG-000227,Identity Document,1,0,1,2023-01-14,,Submitted
DOC-0002337,LG-000227,Compensation Document,1,1,0,2023-03-04,2023-03-26,Verified
DOC-0002338,LG-000227,Identity Document,1,1,0,2023-01-22,2023-02-03,Verified
DOC-0002339,LG-000227,Identity Document,1,1,1,2023-01-21,2023-02-01,Verified
DOC-0002340,LG-000227,Land Record,0,0,1,,,Pending
DOC-0002341,LG-000228,Survey Record,1,1,0,2021-07-13,2021-07-28,Verified
DOC-0002342,LG-000228,Survey Record,1,1,0,2021-06-19,2021-07-09,Verified
DOC-0002343,LG-000228,Compensation Document,1,0,0,2021-06-01,,Submitted
DOC-0002344,LG-000228,Compensation Document,1,1,0,2021-06-07,2021-06-21,Verified
DOC-0002345,LG-000228,Survey Record,0,0,0,,,Pending
DOC-0002346,LG-000228,Survey Record,1,0,0,2021-06-12,,Submitted
DOC-0002347,LG-000228,Ownership Proof,1,1,0,2021-06-24,2021-07-22,Verified
DOC-0002348,LG-000228,Compensation Document,1,1,0,2021-06-13,2021-07-19,Verified
DOC-0002349,LG-000228,Survey Record,1,0,0,2021-07-19,,Submitted
DOC-0002350,LG-000228,Land Record,1,1,0,2021-06-05,2021-06-27,Verified
DOC-0002351,LG-000228,Survey Record,1,0,0,2021-06-01,,Submitted
DOC-0002352,LG-000228,Ownership Proof,1,1,0,2021-06-16,2021-06-27,Verified
DOC-0002353,LG-000228,Land Record,1,1,0,2021-06-23,2021-07-10,Verified
DOC-0002354,LG-000228,Land Record,1,0,0,2021-07-15,,Submitted
DOC-0002355,LG-000229,Identity Document,1,0,0,2020-09-29,,Submitted
DOC-0002356,LG-000229,Land Record,1,1,0,2020-10-29,2020-11-10,Verified
DOC-0002357,LG-000229,Identity Document,1,1,0,2020-11-06,2020-11-23,Verified
DOC-0002358,LG-000229,Land Record,1,1,0,2020-10-28,2020-11-10,Verified
DOC-0002359,LG-000229,Land Record,1,1,0,2020-09-23,2020-10-26,Verified
DOC-0002360,LG-000229,Ownership Proof,1,1,0,2020-10-26,2020-11-10,Verified
DOC-0002361,LG-000229,Ownership Proof,1,1,0,2020-10-21,2020-11-20,Verified
DOC-0002362,LG-000229,Survey Record,1,1,0,2020-11-02,2020-11-28,Verified
DOC-0002363,LG-000229,Compensation Document,1,1,0,2020-10-19,2020-11-01,Verified
DOC-0002364,LG-000229,Ownership Proof,1,0,0,2020-09-26,,Submitted
DOC-0002365,LG-000230,Land Record,0,0,0,,,Pending
DOC-0002366,LG-000230,Compensation Document,0,0,0,,,Pending
DOC-0002367,LG-000230,Ownership Proof,1,1,0,2020-07-09,2020-07-19,Verified
DOC-0002368,LG-000230,Compensation Document,1,1,0,2020-06-28,2020-07-29,Verified
DOC-0002369,LG-000230,Identity Document,1,1,0,2020-06-12,2020-07-11,Verified
DOC-0002370,LG-000231,Survey Record,1,0,0,2018-05-28,,Submitted
DOC-0002371,LG-000231,Ownership Proof,1,1,0,2018-07-04,2018-08-04,Verified
DOC-0002372,LG-000231,Land Record,1,1,0,2018-07-03,2018-08-11,Verified
DOC-0002373,LG-000231,Compensation Document,1,1,0,2018-05-17,2018-05-27,Verified
DOC-0002374,LG-000231,Survey Record,1,1,0,2018-05-20,2018-06-11,Verified
DOC-0002375,LG-000231,Survey Record,1,1,1,2018-05-16,2018-06-08,Verified
DOC-0002376,LG-000231,Land Record,1,1,0,2018-06-24,2018-08-01,Verified
DOC-0002377,LG-000231,Compensation Document,1,0,1,2018-06-15,,Submitted
DOC-0002378,LG-000231,Land Record,1,1,0,2018-05-31,2018-07-03,Verified
DOC-0002379,LG-000231,Compensation Document,1,1,0,2018-05-22,2018-06-06,Verified
DOC-0002380,LG-000231,Ownership Proof,1,1,0,2018-06-18,2018-07-28,Verified
DOC-0002381,LG-000231,Compensation Document,1,1,0,2018-06-03,2018-06-22,Verified
DOC-0002382,LG-000231,Ownership Proof,1,1,0,2018-06-12,2018-06-28,Verified
DOC-0002383,LG-000232,Ownership Proof,1,0,0,2023-07-27,,Submitted
DOC-0002384,LG-000232,Ownership Proof,0,0,0,,,Pending
DOC-0002385,LG-000232,Identity Document,1,1,1,2023-09-01,2023-10-10,Verified
DOC-0002386,LG-000232,Compensation Document,1,1,0,2023-09-07,2023-10-07,Verified
DOC-0002387,LG-000232,Land Record,1,0,0,2023-09-10,,Submitted
DOC-0002388,LG-000232,Survey Record,1,1,0,2023-08-09,2023-08-19,Verified
DOC-0002389,LG-000232,Identity Document,1,1,0,2023-07-26,2023-08-06,Verified
DOC-0002390,LG-000232,Compensation Document,1,1,0,2023-08-27,2023-09-17,Verified
DOC-0002391,LG-000232,Ownership Proof,1,1,0,2023-08-30,2023-09-15,Verified
DOC-0002392,LG-000232,Land Record,1,1,0,2023-08-18,2023-09-09,Verified
DOC-0002393,LG-000232,Compensation Document,1,0,0,2023-07-26,,Submitted
DOC-0002394,LG-000232,Identity Document,1,1,0,2023-08-05,2023-09-10,Verified
DOC-0002395,LG-000232,Survey Record,1,1,0,2023-07-26,2023-08-10,Verified
DOC-0002396,LG-000232,Identity Document,1,0,0,2023-09-12,,Submitted
DOC-0002397,LG-000233,Survey Record,1,1,0,2019-07-25,2019-08-16,Verified
DOC-0002398,LG-000233,Land Record,1,1,0,2019-08-01,2019-09-10,Verified
DOC-0002399,LG-000233,Survey Record,1,1,0,2019-07-20,2019-08-26,Verified
DOC-0002400,LG-000233,Compensation Document,1,1,0,2019-07-12,2019-08-05,Verified
DOC-0002401,LG-000233,Identity Document,1,1,0,2019-06-27,2019-08-05,Verified
DOC-0002402,LG-000233,Compensation Document,1,0,0,2019-06-19,,Submitted
DOC-0002403,LG-000233,Compensation Document,1,0,0,2019-08-08,,Submitted
DOC-0002404,LG-000233,Identity Document,1,1,1,2019-07-04,2019-07-23,Verified
DOC-0002405,LG-000234,Compensation Document,1,0,0,2020-01-20,,Submitted
DOC-0002406,LG-000234,Identity Document,1,1,0,2019-12-22,2020-01-15,Verified
DOC-0002407,LG-000234,Identity Document,1,0,0,2020-01-15,,Submitted
DOC-0002408,LG-000234,Compensation Document,1,1,0,2020-01-06,2020-01-22,Verified
DOC-0002409,LG-000234,Ownership Proof,1,0,1,2020-01-13,,Submitted
DOC-0002410,LG-000235,Land Record,1,1,0,2024-12-24,2025-02-02,Verified
DOC-0002411,LG-000235,Compensation Document,0,0,1,,,Pending
DOC-0002412,LG-000235,Compensation Document,1,1,1,2025-02-05,2025-03-14,Verified
DOC-0002413,LG-000235,Ownership Proof,0,0,0,,,Pending
DOC-0002414,LG-000235,Survey Record,1,1,1,2025-01-23,2025-02-22,Verified
DOC-0002415,LG-000235,Compensation Document,1,0,1,2025-01-13,,Submitted
DOC-0002416,LG-000235,Land Record,1,1,0,2024-12-30,2025-01-09,Verified
DOC-0002417,LG-000235,Land Record,1,1,1,2025-02-01,2025-02-14,Verified
DOC-0002418,LG-000235,Identity Document,1,1,0,2024-12-22,2025-01-27,Verified
DOC-0002419,LG-000235,Land Record,1,1,0,2025-01-02,2025-01-15,Verified
DOC-0002420,LG-000235,Compensation Document,1,1,1,2025-02-05,2025-03-04,Verified
DOC-0002421,LG-000235,Survey Record,0,0,0,,,Pending
DOC-0002422,LG-000235,Land Record,1,1,0,2025-01-24,2025-02-03,Verified
DOC-0002423,LG-000235,Ownership Proof,1,0,0,2025-01-15,,Submitted
DOC-0002424,LG-000236,Survey Record,1,0,0,2023-12-02,,Submitted
DOC-0002425,LG-000236,Land Record,1,1,0,2023-11-28,2023-12-17,Verified
DOC-0002426,LG-000236,Survey Record,1,1,0,2023-11-20,2023-12-06,Verified
DOC-0002427,LG-000236,Compensation Document,1,1,0,2023-11-04,2023-12-07,Verified
DOC-0002428,LG-000236,Identity Document,1,0,0,2023-12-17,,Submitted
DOC-0002429,LG-000236,Identity Document,1,0,0,2023-12-13,,Submitted
DOC-0002430,LG-000236,Identity Document,1,1,0,2023-12-10,2023-12-30,Verified
DOC-0002431,LG-000236,Survey Record,1,0,0,2023-11-16,,Submitted
DOC-0002432,LG-000236,Identity Document,1,1,0,2023-10-28,2023-11-08,Verified
DOC-0002433,LG-000236,Compensation Document,1,1,0,2023-11-30,2023-12-17,Verified
DOC-0002434,LG-000236,Identity Document,1,0,0,2023-12-03,,Submitted
DOC-0002435,LG-000237,Compensation Document,1,1,0,2020-01-05,2020-01-26,Verified
DOC-0002436,LG-000237,Survey Record,1,1,0,2019-11-12,2019-12-21,Verified
DOC-0002437,LG-000237,Land Record,1,0,0,2019-12-05,,Submitted
DOC-0002438,LG-000237,Land Record,1,1,1,2019-11-17,2019-12-03,Verified
DOC-0002439,LG-000237,Identity Document,1,1,0,2019-11-23,2019-12-21,Verified
DOC-0002440,LG-000238,Identity Document,1,0,1,2024-01-23,,Submitted
DOC-0002441,LG-000238,Survey Record,1,1,1,2024-01-09,2024-02-04,Verified
DOC-0002442,LG-000238,Ownership Proof,0,0,1,,,Pending
DOC-0002443,LG-000238,Survey Record,1,1,0,2024-02-11,2024-03-16,Verified
DOC-0002444,LG-000238,Compensation Document,1,0,1,2024-01-18,,Submitted
DOC-0002445,LG-000238,Compensation Document,1,1,0,2024-01-01,2024-01-12,Verified
DOC-0002446,LG-000238,Identity Document,1,1,0,2024-02-13,2024-03-03,Verified
DOC-0002447,LG-000238,Compensation Document,1,1,1,2024-02-11,2024-03-08,Verified
DOC-0002448,LG-000238,Identity Document,1,0,0,2024-02-12,,Submitted
DOC-0002449,LG-000238,Survey Record,1,1,0,2024-02-09,2024-03-04,Verified
DOC-0002450,LG-000238,Compensation Document,1,1,1,2024-01-09,2024-02-09,Verified
DOC-0002451,LG-000238,Identity Document,1,1,0,2024-02-12,2024-03-17,Verified
DOC-0002452,LG-000239,Survey Record,1,1,0,2024-08-04,2024-08-28,Verified
DOC-0002453,LG-000239,Survey Record,1,1,0,2024-08-10,2024-08-22,Verified
DOC-0002454,LG-000239,Ownership Proof,1,1,0,2024-08-14,2024-09-19,Verified
DOC-0002455,LG-000239,Ownership Proof,1,1,1,2024-08-27,2024-09-12,Verified
DOC-0002456,LG-000239,Survey Record,1,0,0,2024-08-02,,Submitted
DOC-0002457,LG-000239,Survey Record,1,1,0,2024-07-27,2024-08-15,Verified
DOC-0002458,LG-000239,Compensation Document,1,1,0,2024-07-17,2024-07-27,Verified
DOC-0002459,LG-000239,Land Record,1,1,0,2024-08-16,2024-09-13,Verified
DOC-0002460,LG-000239,Compensation Document,1,0,0,2024-08-19,,Submitted
DOC-0002461,LG-000239,Ownership Proof,1,1,0,2024-08-22,2024-09-17,Verified
DOC-0002462,LG-000239,Survey Record,1,1,0,2024-07-08,2024-08-12,Verified
DOC-0002463,LG-000239,Compensation Document,1,1,0,2024-07-10,2024-07-23,Verified
DOC-0002464,LG-000239,Survey Record,0,0,0,,,Pending
DOC-0002465,LG-000240,Identity Document,1,1,0,2023-03-16,2023-04-17,Verified
DOC-0002466,LG-000240,Survey Record,1,0,0,2023-03-23,,Submitted
DOC-0002467,LG-000240,Ownership Proof,1,1,0,2023-04-27,2023-05-18,Verified
DOC-0002468,LG-000240,Compensation Document,1,1,0,2023-03-28,2023-05-04,Verified
DOC-0002469,LG-000240,Survey Record,1,0,0,2023-03-22,,Submitted
DOC-0002470,LG-000240,Ownership Proof,1,1,1,2023-03-13,2023-04-21,Verified
DOC-0002471,LG-000240,Ownership Proof,1,1,1,2023-03-21,2023-04-20,Verified
DOC-0002472,LG-000240,Compensation Document,1,0,0,2023-03-06,,Submitted
DOC-0002473,LG-000240,Compensation Document,1,0,0,2023-04-23,,Submitted
DOC-0002474,LG-000240,Compensation Document,1,1,0,2023-03-06,2023-03-20,Verified
DOC-0002475,LG-000240,Ownership Proof,1,0,1,2023-03-25,,Submitted
DOC-0002476,LG-000240,Identity Document,1,1,0,2023-03-04,2023-04-13,Verified
DOC-0002477,LG-000240,Identity Document,1,0,0,2023-04-27,,Submitted
DOC-0002478,LG-000241,Identity Document,1,1,0,2021-02-21,2021-03-29,Verified
DOC-0002479,LG-000241,Land Record,1,0,0,2021-01-05,,Submitted
DOC-0002480,LG-000241,Survey Record,0,0,0,,,Pending
DOC-0002481,LG-000241,Land Record,1,1,0,2021-01-24,2021-02-25,Verified
DOC-0002482,LG-000241,Land Record,0,0,1,,,Pending
DOC-0002483,LG-000241,Land Record,1,1,0,2021-01-22,2021-02-17,Verified
DOC-0002484,LG-000241,Survey Record,1,1,0,2021-02-15,2021-02-27,Verified
DOC-0002485,LG-000241,Land Record,0,0,0,,,Pending
DOC-0002486,LG-000241,Land Record,1,0,0,2021-01-05,,Submitted
DOC-0002487,LG-000242,Identity Document,1,1,1,2021-10-01,2021-10-19,Verified
DOC-0002488,LG-000242,Identity Document,0,0,0,,,Pending
DOC-0002489,LG-000242,Land Record,1,0,0,2021-09-06,,Submitted
DOC-0002490,LG-000242,Compensation Document,0,0,0,,,Pending
DOC-0002491,LG-000242,Land Record,1,1,0,2021-08-26,2021-10-01,Verified
DOC-0002492,LG-000242,Land Record,0,0,0,,,Pending
DOC-0002493,LG-000242,Land Record,1,1,0,2021-10-10,2021-10-25,Verified
DOC-0002494,LG-000242,Compensation Document,1,1,1,2021-09-29,2021-10-24,Verified
DOC-0002495,LG-000242,Compensation Document,1,1,0,2021-09-15,2021-09-28,Verified
DOC-0002496,LG-000242,Land Record,1,1,1,2021-08-26,2021-09-16,Verified
DOC-0002497,LG-000242,Survey Record,1,1,1,2021-09-01,2021-09-24,Verified
DOC-0002498,LG-000242,Compensation Document,1,1,1,2021-09-27,2021-10-29,Verified
DOC-0002499,LG-000243,Identity Document,1,1,0,2018-06-05,2018-06-17,Verified
DOC-0002500,LG-000243,Survey Record,1,1,0,2018-06-08,2018-07-06,Verified
DOC-0002501,LG-000243,Compensation Document,1,0,1,2018-05-14,,Submitted
DOC-0002502,LG-000243,Land Record,1,1,0,2018-06-02,2018-06-13,Verified
DOC-0002503,LG-000243,Survey Record,1,1,1,2018-05-25,2018-07-04,Verified
DOC-0002504,LG-000244,Compensation Document,1,1,0,2019-02-24,2019-03-30,Verified
DOC-0002505,LG-000244,Land Record,1,1,0,2019-03-30,2019-04-10,Verified
DOC-0002506,LG-000244,Identity Document,1,1,0,2019-03-21,2019-04-14,Verified
DOC-0002507,LG-000244,Survey Record,1,1,0,2019-03-17,2019-04-06,Verified
DOC-0002508,LG-000244,Ownership Proof,1,1,0,2019-04-10,2019-04-29,Verified
DOC-0002509,LG-000244,Ownership Proof,1,1,0,2019-03-09,2019-04-03,Verified
DOC-0002510,LG-000244,Survey Record,1,0,0,2019-03-08,,Submitted
DOC-0002511,LG-000245,Identity Document,1,1,1,2022-12-10,2023-01-11,Verified
DOC-0002512,LG-000245,Ownership Proof,1,0,0,2022-11-17,,Submitted
DOC-0002513,LG-000245,Survey Record,0,0,1,,,Pending
DOC-0002514,LG-000245,Compensation Document,1,1,1,2022-11-13,2022-11-29,Verified
DOC-0002515,LG-000245,Land Record,0,0,1,,,Pending
DOC-0002516,LG-000245,Land Record,1,1,1,2022-11-22,2022-12-05,Verified
DOC-0002517,LG-000245,Identity Document,0,0,0,,,Pending
DOC-0002518,LG-000245,Ownership Proof,1,0,1,2022-11-01,,Submitted
DOC-0002519,LG-000245,Identity Document,1,1,1,2022-11-09,2022-12-05,Verified
DOC-0002520,LG-000245,Ownership Proof,0,0,0,,,Pending
DOC-0002521,LG-000245,Ownership Proof,1,0,0,2022-12-06,,Submitted
DOC-0002522,LG-000246,Compensation Document,1,0,0,2024-08-11,,Submitted
DOC-0002523,LG-000246,Compensation Document,0,0,0,,,Pending
DOC-0002524,LG-000246,Survey Record,1,1,0,2024-07-28,2024-08-07,Verified
DOC-0002525,LG-000246,Compensation Document,1,1,0,2024-07-11,2024-07-31,Verified
DOC-0002526,LG-000246,Ownership Proof,1,1,0,2024-07-07,2024-08-04,Verified
DOC-0002527,LG-000246,Identity Document,1,0,0,2024-06-24,,Submitted
DOC-0002528,LG-000246,Compensation Document,1,1,0,2024-07-25,2024-08-18,Verified
DOC-0002529,LG-000246,Survey Record,1,1,0,2024-07-01,2024-07-15,Verified
DOC-0002530,LG-000246,Compensation Document,1,1,0,2024-08-08,2024-08-21,Verified
DOC-0002531,LG-000246,Compensation Document,1,1,1,2024-08-13,2024-08-24,Verified
DOC-0002532,LG-000246,Identity Document,1,1,0,2024-06-21,2024-07-08,Verified
DOC-0002533,LG-000246,Identity Document,1,0,0,2024-08-04,,Submitted
DOC-0002534,LG-000247,Ownership Proof,1,0,0,2018-06-27,,Submitted
DOC-0002535,LG-000247,Identity Document,1,1,0,2018-06-21,2018-07-02,Verified
DOC-0002536,LG-000247,Compensation Document,1,1,0,2018-06-02,2018-06-16,Verified
DOC-0002537,LG-000247,Ownership Proof,1,0,0,2018-06-14,,Submitted
DOC-0002538,LG-000247,Land Record,1,1,0,2018-06-16,2018-07-13,Verified
DOC-0002539,LG-000247,Compensation Document,1,1,1,2018-06-23,2018-07-06,Verified
DOC-0002540,LG-000247,Identity Document,1,1,0,2018-07-06,2018-07-17,Verified
DOC-0002541,LG-000247,Compensation Document,1,0,1,2018-06-25,,Submitted
DOC-0002542,LG-000247,Land Record,1,1,1,2018-06-12,2018-07-12,Verified
DOC-0002543,LG-000248,Ownership Proof,1,0,1,2021-04-15,,Submitted
DOC-0002544,LG-000248,Identity Document,1,1,0,2021-05-13,2021-06-11,Verified
DOC-0002545,LG-000248,Survey Record,1,0,0,2021-03-28,,Submitted
DOC-0002546,LG-000248,Survey Record,1,1,1,2021-04-26,2021-06-02,Verified
DOC-0002547,LG-000248,Survey Record,1,1,0,2021-04-03,2021-04-24,Verified
DOC-0002548,LG-000248,Ownership Proof,1,1,0,2021-04-05,2021-05-11,Verified
DOC-0002549,LG-000248,Compensation Document,1,1,0,2021-03-26,2021-04-21,Verified
DOC-0002550,LG-000248,Survey Record,1,1,0,2021-05-10,2021-06-07,Verified
DOC-0002551,LG-000248,Land Record,1,1,1,2021-04-13,2021-04-24,Verified
DOC-0002552,LG-000248,Ownership Proof,0,0,0,,,Pending
DOC-0002553,LG-000248,Compensation Document,1,0,0,2021-05-06,,Submitted
DOC-0002554,LG-000248,Identity Document,1,1,0,2021-03-31,2021-04-24,Verified
DOC-0002555,LG-000248,Compensation Document,1,0,0,2021-03-30,,Submitted
DOC-0002556,LG-000249,Compensation Document,1,1,0,2019-08-14,2019-09-07,Verified
DOC-0002557,LG-000249,Land Record,1,0,0,2019-07-15,,Submitted
DOC-0002558,LG-000249,Identity Document,1,1,0,2019-07-17,2019-08-12,Verified
DOC-0002559,LG-000249,Compensation Document,1,1,0,2019-07-10,2019-08-08,Verified
DOC-0002560,LG-000249,Compensation Document,1,0,0,2019-07-16,,Submitted
DOC-0002561,LG-000249,Identity Document,1,1,0,2019-07-01,2019-08-04,Verified
DOC-0002562,LG-000249,Survey Record,1,0,0,2019-08-05,,Submitted
DOC-0002563,LG-000250,Survey Record,1,1,0,2023-07-17,2023-08-23,Verified
DOC-0002564,LG-000250,Compensation Document,1,1,0,2023-08-01,2023-09-05,Verified
DOC-0002565,LG-000250,Land Record,1,0,0,2023-08-15,,Submitted
DOC-0002566,LG-000250,Compensation Document,1,1,0,2023-08-18,2023-09-17,Verified
DOC-0002567,LG-000250,Land Record,1,0,0,2023-08-14,,Submitted
DOC-0002568,LG-000250,Compensation Document,1,1,0,2023-08-15,2023-09-06,Verified
DOC-0002569,LG-000250,Ownership Proof,1,1,0,2023-07-08,2023-07-23,Verified
DOC-0002570,LG-000250,Survey Record,1,1,0,2023-08-15,2023-09-02,Verified
DOC-0002571,LG-000250,Survey Record,1,1,0,2023-07-27,2023-08-24,Verified
DOC-0002572,LG-000250,Land Record,1,0,0,2023-07-19,,Submitted
DOC-0002573,LG-000250,Compensation Document,1,1,0,2023-08-17,2023-09-19,Verified
DOC-0002574,LG-000250,Identity Document,1,1,0,2023-08-16,2023-09-05,Verified
DOC-0002575,LG-000250,Land Record,1,0,0,2023-07-16,,Submitted
DOC-0002576,LG-000250,Survey Record,1,1,1,2023-07-07,2023-07-21,Verified
DOC-0002577,LG-000251,Ownership Proof,1,0,1,2020-06-23,,Submitted
DOC-0002578,LG-000251,Survey Record,1,1,0,2020-07-14,2020-07-27,Verified
DOC-0002579,LG-000251,Land Record,1,0,1,2020-06-29,,Submitted
DOC-0002580,LG-000251,Land Record,1,1,1,2020-08-03,2020-08-15,Verified
DOC-0002581,LG-000251,Compensation Document,1,0,1,2020-08-07,,Submitted
DOC-0002582,LG-000251,Ownership Proof,1,0,0,2020-07-22,,Submitted
DOC-0002583,LG-000251,Compensation Document,1,1,0,2020-07-14,2020-07-30,Verified
DOC-0002584,LG-000251,Ownership Proof,1,1,0,2020-06-15,2020-07-20,Verified
DOC-0002585,LG-000251,Identity Document,1,1,0,2020-07-18,2020-08-13,Verified
DOC-0002586,LG-000251,Land Record,0,0,1,,,Pending
DOC-0002587,LG-000251,Identity Document,0,0,0,,,Pending
DOC-0002588,LG-000251,Identity Document,1,1,0,2020-07-04,2020-07-21,Verified
DOC-0002589,LG-000251,Ownership Proof,1,1,1,2020-06-30,2020-07-14,Verified
DOC-0002590,LG-000251,Identity Document,1,0,1,2020-06-18,,Submitted
DOC-0002591,LG-000252,Land Record,1,0,0,2020-05-30,,Submitted
DOC-0002592,LG-000252,Identity Document,1,1,1,2020-04-25,2020-06-01,Verified
DOC-0002593,LG-000252,Ownership Proof,1,0,1,2020-05-15,,Submitted
DOC-0002594,LG-000252,Identity Document,1,0,1,2020-06-02,,Submitted
DOC-0002595,LG-000252,Land Record,1,1,1,2020-04-30,2020-05-20,Verified
DOC-0002596,LG-000253,Identity Document,1,0,0,2021-03-21,,Submitted
DOC-0002597,LG-000253,Compensation Document,1,1,0,2021-04-16,2021-05-23,Verified
DOC-0002598,LG-000253,Survey Record,1,0,0,2021-05-11,,Submitted
DOC-0002599,LG-000253,Compensation Document,1,1,0,2021-03-26,2021-04-12,Verified
DOC-0002600,LG-000253,Land Record,1,1,0,2021-04-05,2021-05-04,Verified
DOC-0002601,LG-000253,Survey Record,1,1,0,2021-05-05,2021-06-09,Verified
DOC-0002602,LG-000253,Compensation Document,1,0,0,2021-03-31,,Submitted
DOC-0002603,LG-000253,Compensation Document,1,1,0,2021-04-18,2021-05-03,Verified
DOC-0002604,LG-000253,Ownership Proof,0,0,0,,,Pending
DOC-0002605,LG-000253,Compensation Document,1,1,0,2021-05-12,2021-05-23,Verified
DOC-0002606,LG-000253,Land Record,1,0,0,2021-04-09,,Submitted
DOC-0002607,LG-000253,Compensation Document,1,1,0,2021-03-27,2021-05-06,Verified
DOC-0002608,LG-000253,Survey Record,0,0,0,,,Pending
DOC-0002609,LG-000254,Compensation Document,1,0,0,2020-02-06,,Submitted
DOC-0002610,LG-000254,Compensation Document,1,1,0,2020-01-17,2020-02-23,Verified
DOC-0002611,LG-000254,Ownership Proof,1,1,0,2020-01-27,2020-03-02,Verified
DOC-0002612,LG-000254,Survey Record,1,1,0,2020-01-04,2020-02-05,Verified
DOC-0002613,LG-000254,Compensation Document,1,1,0,2020-01-27,2020-02-06,Verified
DOC-0002614,LG-000254,Identity Document,1,0,0,2019-12-27,,Submitted
DOC-0002615,LG-000254,Identity Document,1,1,0,2020-01-24,2020-02-21,Verified
DOC-0002616,LG-000254,Identity Document,1,0,0,2020-02-09,,Submitted
DOC-0002617,LG-000254,Land Record,1,0,0,2020-01-31,,Submitted
DOC-0002618,LG-000254,Compensation Document,1,1,0,2019-12-22,2020-01-19,Verified
DOC-0002619,LG-000254,Survey Record,1,1,0,2020-01-15,2020-01-31,Verified
DOC-0002620,LG-000255,Ownership Proof,1,1,0,2023-07-26,2023-08-18,Verified
DOC-0002621,LG-000255,Survey Record,0,0,0,,,Pending
DOC-0002622,LG-000255,Compensation Document,0,0,0,,,Pending
DOC-0002623,LG-000255,Compensation Document,1,1,1,2023-08-11,2023-09-07,Verified
DOC-0002624,LG-000255,Compensation Document,1,0,0,2023-07-15,,Submitted
DOC-0002625,LG-000255,Land Record,1,1,0,2023-08-03,2023-08-29,Verified
DOC-0002626,LG-000255,Compensation Document,1,1,0,2023-07-27,2023-09-01,Verified
DOC-0002627,LG-000255,Land Record,1,1,0,2023-08-03,2023-08-29,Verified
DOC-0002628,LG-000256,Land Record,1,0,1,2020-07-09,,Submitted
DOC-0002629,LG-000256,Compensation Document,0,0,0,,,Pending
DOC-0002630,LG-000256,Ownership Proof,1,1,0,2020-07-12,2020-07-27,Verified
DOC-0002631,LG-000256,Identity Document,1,1,0,2020-06-21,2020-07-22,Verified
DOC-0002632,LG-000256,Ownership Proof,1,1,1,2020-07-16,2020-08-06,Verified
DOC-0002633,LG-000256,Land Record,0,0,1,,,Pending
DOC-0002634,LG-000256,Identity Document,0,0,1,,,Pending
DOC-0002635,LG-000256,Ownership Proof,1,1,0,2020-06-24,2020-07-13,Verified
DOC-0002636,LG-000256,Land Record,1,1,0,2020-07-08,2020-08-01,Verified
DOC-0002637,LG-000256,Survey Record,1,1,1,2020-07-09,2020-08-04,Verified
DOC-0002638,LG-000256,Identity Document,0,0,0,,,Pending
DOC-0002639,LG-000256,Ownership Proof,1,0,0,2020-07-30,,Submitted
DOC-0002640,LG-000256,Land Record,0,0,0,,,Pending
DOC-0002641,LG-000256,Identity Document,1,1,1,2020-08-03,2020-09-08,Verified
DOC-0002642,LG-000257,Survey Record,0,0,0,,,Pending
DOC-0002643,LG-000257,Compensation Document,1,0,0,2022-11-23,,Submitted
DOC-0002644,LG-000257,Survey Record,1,1,0,2022-11-16,2022-12-10,Verified
DOC-0002645,LG-000257,Identity Document,1,0,0,2022-10-18,,Submitted
DOC-0002646,LG-000257,Identity Document,1,1,0,2022-10-15,2022-10-28,Verified
DOC-0002647,LG-000257,Ownership Proof,1,1,0,2022-11-17,2022-12-12,Verified
DOC-0002648,LG-000258,Compensation Document,1,0,0,2018-09-16,,Submitted
DOC-0002649,LG-000258,Survey Record,1,1,0,2018-10-10,2018-11-09,Verified
DOC-0002650,LG-000258,Compensation Document,1,1,1,2018-08-26,2018-09-17,Verified
DOC-0002651,LG-000258,Land Record,1,1,0,2018-10-02,2018-11-11,Verified
DOC-0002652,LG-000258,Ownership Proof,1,1,0,2018-10-14,2018-11-18,Verified
DOC-0002653,LG-000258,Ownership Proof,1,0,0,2018-09-01,,Submitted
DOC-0002654,LG-000258,Survey Record,1,0,0,2018-10-13,,Submitted
DOC-0002655,LG-000259,Compensation Document,1,1,0,2024-10-04,2024-10-26,Verified
DOC-0002656,LG-000259,Compensation Document,1,1,0,2024-10-01,2024-11-03,Verified
DOC-0002657,LG-000259,Compensation Document,1,1,0,2024-09-30,2024-11-01,Verified
DOC-0002658,LG-000259,Land Record,1,1,0,2024-10-04,2024-11-08,Verified
DOC-0002659,LG-000259,Identity Document,1,1,0,2024-10-09,2024-11-09,Verified
DOC-0002660,LG-000259,Ownership Proof,1,0,1,2024-10-25,,Submitted
DOC-0002661,LG-000260,Land Record,1,1,0,2018-11-26,2019-01-01,Verified
DOC-0002662,LG-000260,Identity Document,1,1,0,2018-11-17,2018-12-26,Verified
DOC-0002663,LG-000260,Survey Record,1,1,0,2018-12-12,2018-12-24,Verified
DOC-0002664,LG-000260,Compensation Document,1,0,0,2018-11-19,,Submitted
DOC-0002665,LG-000260,Identity Document,1,1,0,2018-11-06,2018-12-12,Verified
DOC-0002666,LG-000260,Land Record,1,1,0,2018-11-09,2018-12-05,Verified
DOC-0002667,LG-000260,Identity Document,1,1,0,2018-11-12,2018-12-12,Verified
DOC-0002668,LG-000260,Land Record,1,1,0,2018-11-13,2018-12-20,Verified
DOC-0002669,LG-000261,Identity Document,1,1,0,2023-10-03,2023-10-15,Verified
DOC-0002670,LG-000261,Ownership Proof,0,0,0,,,Pending
DOC-0002671,LG-000261,Compensation Document,1,1,1,2023-10-18,2023-11-20,Verified
DOC-0002672,LG-000261,Ownership Proof,1,1,1,2023-10-03,2023-11-02,Verified
DOC-0002673,LG-000261,Ownership Proof,1,1,1,2023-10-06,2023-10-24,Verified
DOC-0002674,LG-000261,Ownership Proof,0,0,0,,,Pending
DOC-0002675,LG-000261,Survey Record,1,1,1,2023-09-24,2023-10-13,Verified
DOC-0002676,LG-000261,Survey Record,1,0,1,2023-10-24,,Submitted
DOC-0002677,LG-000261,Land Record,1,1,1,2023-10-05,2023-11-10,Verified
DOC-0002678,LG-000261,Compensation Document,1,1,0,2023-09-06,2023-09-25,Verified
DOC-0002679,LG-000261,Survey Record,1,1,0,2023-10-16,2023-10-28,Verified
DOC-0002680,LG-000261,Land Record,1,1,0,2023-09-27,2023-11-03,Verified
DOC-0002681,LG-000261,Ownership Proof,1,1,1,2023-10-10,2023-11-17,Verified
DOC-0002682,LG-000261,Ownership Proof,0,0,1,,,Pending
DOC-0002683,LG-000261,Land Record,0,0,1,,,Pending
DOC-0002684,LG-000262,Compensation Document,1,0,0,2023-10-11,,Submitted
DOC-0002685,LG-000262,Identity Document,1,1,0,2023-08-26,2023-09-29,Verified
DOC-0002686,LG-000262,Ownership Proof,1,0,0,2023-10-09,,Submitted
DOC-0002687,LG-000262,Ownership Proof,1,1,1,2023-10-07,2023-10-25,Verified
DOC-0002688,LG-000262,Identity Document,1,1,0,2023-09-05,2023-09-19,Verified
DOC-0002689,LG-000262,Survey Record,1,1,0,2023-10-02,2023-10-24,Verified
DOC-0002690,LG-000262,Compensation Document,1,1,0,2023-10-10,2023-11-12,Verified
DOC-0002691,LG-000262,Identity Document,1,0,0,2023-09-07,,Submitted
DOC-0002692,LG-000262,Survey Record,0,0,0,,,Pending
DOC-0002693,LG-000262,Survey Record,1,1,1,2023-09-09,2023-09-25,Verified
DOC-0002694,LG-000262,Ownership Proof,0,0,0,,,Pending
DOC-0002695,LG-000262,Compensation Document,1,1,0,2023-10-10,2023-11-06,Verified
DOC-0002696,LG-000262,Land Record,1,0,0,2023-09-21,,Submitted
DOC-0002697,LG-000263,Identity Document,1,1,0,2021-08-04,2021-09-01,Verified
DOC-0002698,LG-000263,Ownership Proof,0,0,1,,,Pending
DOC-0002699,LG-000263,Identity Document,1,1,1,2021-08-17,2021-09-04,Verified
DOC-0002700,LG-000263,Survey Record,1,1,1,2021-08-31,2021-10-01,Verified
DOC-0002701,LG-000263,Land Record,1,0,0,2021-08-11,,Submitted
DOC-0002702,LG-000263,Compensation Document,1,0,1,2021-09-01,,Submitted
DOC-0002703,LG-000263,Ownership Proof,1,0,1,2021-07-31,,Submitted
DOC-0002704,LG-000263,Compensation Document,1,0,0,2021-08-02,,Submitted
DOC-0002705,LG-000263,Identity Document,0,0,0,,,Pending
DOC-0002706,LG-000263,Land Record,1,1,0,2021-08-11,2021-08-31,Verified
DOC-0002707,LG-000263,Ownership Proof,1,1,0,2021-08-31,2021-10-07,Verified
DOC-0002708,LG-000264,Survey Record,1,1,0,2024-08-22,2024-09-07,Verified
DOC-0002709,LG-000264,Compensation Document,1,0,1,2024-09-14,,Submitted
DOC-0002710,LG-000264,Survey Record,1,1,0,2024-10-02,2024-10-29,Verified
DOC-0002711,LG-000264,Identity Document,1,0,0,2024-10-08,,Submitted
DOC-0002712,LG-000264,Ownership Proof,1,0,0,2024-09-09,,Submitted
DOC-0002713,LG-000265,Land Record,1,1,1,2020-09-13,2020-10-14,Verified
DOC-0002714,LG-000265,Ownership Proof,1,1,0,2020-08-13,2020-08-30,Verified
DOC-0002715,LG-000265,Ownership Proof,1,0,0,2020-08-30,,Submitted
DOC-0002716,LG-000265,Ownership Proof,1,0,0,2020-09-27,,Submitted
DOC-0002717,LG-000265,Ownership Proof,1,0,0,2020-10-03,,Submitted
DOC-0002718,LG-000265,Ownership Proof,1,1,0,2020-08-29,2020-10-01,Verified
DOC-0002719,LG-000265,Compensation Document,1,1,0,2020-09-28,2020-10-12,Verified
DOC-0002720,LG-000265,Identity Document,1,0,0,2020-09-12,,Submitted
DOC-0002721,LG-000265,Survey Record,1,0,0,2020-09-08,,Submitted
DOC-0002722,LG-000266,Ownership Proof,0,0,0,,,Pending
DOC-0002723,LG-000266,Land Record,1,0,0,2020-01-02,,Submitted
DOC-0002724,LG-000266,Identity Document,0,0,1,,,Pending
DOC-0002725,LG-000266,Compensation Document,1,0,0,2019-12-11,,Submitted
DOC-0002726,LG-000266,Survey Record,1,1,0,2019-12-02,2020-01-11,Verified
DOC-0002727,LG-000266,Compensation Document,1,1,0,2020-01-13,2020-02-12,Verified
DOC-0002728,LG-000266,Land Record,1,0,0,2020-01-16,,Submitted
DOC-0002729,LG-000266,Survey Record,1,1,0,2019-12-12,2020-01-03,Verified
DOC-0002730,LG-000266,Ownership Proof,1,1,0,2020-01-07,2020-01-22,Verified
DOC-0002731,LG-000267,Land Record,0,0,0,,,Pending
DOC-0002732,LG-000267,Land Record,1,1,1,2024-10-02,2024-10-21,Verified
DOC-0002733,LG-000267,Compensation Document,0,0,1,,,Pending
DOC-0002734,LG-000267,Compensation Document,1,1,0,2024-09-05,2024-09-17,Verified
DOC-0002735,LG-000267,Identity Document,1,1,0,2024-09-28,2024-10-24,Verified
DOC-0002736,LG-000267,Land Record,1,1,1,2024-09-23,2024-10-25,Verified
DOC-0002737,LG-000268,Compensation Document,0,0,1,,,Pending
DOC-0002738,LG-000268,Identity Document,1,0,1,2022-12-31,,Submitted
DOC-0002739,LG-000268,Compensation Document,1,1,1,2023-01-06,2023-02-02,Verified
DOC-0002740,LG-000268,Survey Record,1,0,0,2023-01-17,,Submitted
DOC-0002741,LG-000268,Land Record,1,1,1,2022-12-16,2022-12-26,Verified
DOC-0002742,LG-000268,Compensation Document,1,1,0,2022-12-29,2023-01-21,Verified
DOC-0002743,LG-000268,Compensation Document,1,1,0,2022-12-27,2023-01-22,Verified
DOC-0002744,LG-000268,Land Record,1,1,0,2023-01-31,2023-03-08,Verified
DOC-0002745,LG-000268,Identity Document,1,0,1,2023-01-24,,Submitted
DOC-0002746,LG-000268,Survey Record,1,0,0,2022-12-12,,Submitted
DOC-0002747,LG-000268,Land Record,1,0,1,2023-01-11,,Submitted
DOC-0002748,LG-000268,Land Record,0,0,1,,,Pending
DOC-0002749,LG-000268,Compensation Document,1,1,0,2022-12-31,2023-02-01,Verified
DOC-0002750,LG-000268,Compensation Document,1,1,0,2023-01-11,2023-01-31,Verified
DOC-0002751,LG-000268,Survey Record,1,0,0,2022-12-12,,Submitted
DOC-0002752,LG-000269,Land Record,1,0,0,2024-07-19,,Submitted
DOC-0002753,LG-000269,Identity Document,1,0,0,2024-07-20,,Submitted
DOC-0002754,LG-000269,Land Record,1,1,0,2024-07-15,2024-08-07,Verified
DOC-0002755,LG-000269,Compensation Document,1,1,0,2024-06-04,2024-07-03,Verified
DOC-0002756,LG-000269,Land Record,1,1,0,2024-06-01,2024-06-15,Verified
DOC-0002757,LG-000269,Land Record,1,0,0,2024-07-04,,Submitted
DOC-0002758,LG-000269,Land Record,1,1,0,2024-07-21,2024-08-05,Verified
DOC-0002759,LG-000269,Survey Record,1,1,1,2024-06-22,2024-07-07,Verified
DOC-0002760,LG-000269,Identity Document,1,0,0,2024-06-28,,Submitted
DOC-0002761,LG-000269,Survey Record,1,1,0,2024-06-20,2024-06-30,Verified
DOC-0002762,LG-000270,Identity Document,1,1,0,2023-03-09,2023-04-02,Verified
DOC-0002763,LG-000270,Survey Record,1,1,0,2023-03-14,2023-03-27,Verified
DOC-0002764,LG-000270,Survey Record,1,1,0,2023-03-03,2023-04-05,Verified
DOC-0002765,LG-000270,Identity Document,1,0,0,2023-02-12,,Submitted
DOC-0002766,LG-000270,Survey Record,1,1,0,2023-02-06,2023-02-25,Verified
DOC-0002767,LG-000270,Compensation Document,1,0,0,2023-03-20,,Submitted
DOC-0002768,LG-000270,Survey Record,1,0,0,2023-02-02,,Submitted
DOC-0002769,LG-000270,Ownership Proof,1,1,0,2023-03-08,2023-03-28,Verified
DOC-0002770,LG-000270,Compensation Document,1,0,0,2023-02-04,,Submitted
DOC-0002771,LG-000270,Survey Record,1,1,0,2023-02-15,2023-03-19,Verified
DOC-0002772,LG-000271,Land Record,0,0,1,,,Pending
DOC-0002773,LG-000271,Ownership Proof,0,0,0,,,Pending
DOC-0002774,LG-000271,Identity Document,1,1,1,2018-05-01,2018-05-13,Verified
DOC-0002775,LG-000271,Compensation Document,1,1,0,2018-04-28,2018-05-18,Verified
DOC-0002776,LG-000271,Land Record,1,1,1,2018-04-19,2018-05-14,Verified
DOC-0002777,LG-000271,Survey Record,1,1,0,2018-04-22,2018-05-29,Verified
DOC-0002778,LG-000271,Land Record,0,0,0,,,Pending
DOC-0002779,LG-000272,Survey Record,1,1,0,2020-04-28,2020-05-25,Verified
DOC-0002780,LG-000272,Survey Record,1,1,0,2020-05-08,2020-06-06,Verified
DOC-0002781,LG-000272,Survey Record,0,0,0,,,Pending
DOC-0002782,LG-000272,Identity Document,1,1,0,2020-05-10,2020-06-19,Verified
DOC-0002783,LG-000272,Identity Document,1,0,0,2020-05-02,,Submitted
DOC-0002784,LG-000272,Survey Record,1,0,0,2020-04-02,,Submitted
DOC-0002785,LG-000272,Compensation Document,1,1,0,2020-05-02,2020-05-31,Verified
DOC-0002786,LG-000272,Survey Record,1,1,0,2020-05-03,2020-05-29,Verified
DOC-0002787,LG-000273,Land Record,1,0,0,2021-04-16,,Submitted
DOC-0002788,LG-000273,Survey Record,1,1,0,2021-05-06,2021-06-04,Verified
DOC-0002789,LG-000273,Identity Document,1,1,1,2021-04-25,2021-05-13,Verified
DOC-0002790,LG-000273,Survey Record,1,0,0,2021-05-25,,Submitted
DOC-0002791,LG-000273,Identity Document,0,0,0,,,Pending
DOC-0002792,LG-000274,Survey Record,1,1,0,2023-08-11,2023-08-26,Verified
DOC-0002793,LG-000274,Identity Document,1,1,0,2023-08-12,2023-08-30,Verified
DOC-0002794,LG-000274,Ownership Proof,1,1,0,2023-07-02,2023-07-27,Verified
DOC-0002795,LG-000274,Ownership Proof,1,1,0,2023-08-15,2023-09-01,Verified
DOC-0002796,LG-000274,Survey Record,1,1,0,2023-07-22,2023-08-11,Verified
DOC-0002797,LG-000274,Land Record,1,0,0,2023-07-10,,Submitted
DOC-0002798,LG-000274,Survey Record,0,0,0,,,Pending
DOC-0002799,LG-000274,Land Record,1,0,0,2023-07-14,,Submitted
DOC-0002800,LG-000274,Ownership Proof,1,1,0,2023-08-10,2023-09-05,Verified
DOC-0002801,LG-000275,Survey Record,1,1,0,2022-10-11,2022-11-14,Verified
DOC-0002802,LG-000275,Survey Record,1,1,0,2022-10-06,2022-11-09,Verified
DOC-0002803,LG-000275,Identity Document,1,1,0,2022-08-30,2022-09-25,Verified
DOC-0002804,LG-000275,Compensation Document,1,1,0,2022-09-01,2022-09-13,Verified
DOC-0002805,LG-000275,Ownership Proof,1,1,0,2022-10-11,2022-11-20,Verified
DOC-0002806,LG-000275,Compensation Document,1,0,0,2022-08-25,,Submitted
DOC-0002807,LG-000275,Land Record,1,1,0,2022-09-07,2022-10-15,Verified
DOC-0002808,LG-000275,Compensation Document,1,1,0,2022-09-13,2022-10-03,Verified
DOC-0002809,LG-000276,Ownership Proof,1,0,0,2024-08-25,,Submitted
DOC-0002810,LG-000276,Land Record,1,1,0,2024-09-19,2024-10-10,Verified
DOC-0002811,LG-000276,Land Record,1,0,0,2024-09-11,,Submitted
DOC-0002812,LG-000276,Identity Document,1,0,1,2024-08-30,,Submitted
DOC-0002813,LG-000276,Identity Document,1,1,0,2024-08-31,2024-09-16,Verified
DOC-0002814,LG-000276,Land Record,1,1,0,2024-09-17,2024-10-06,Verified
DOC-0002815,LG-000276,Compensation Document,1,1,0,2024-09-02,2024-09-13,Verified
DOC-0002816,LG-000276,Compensation Document,1,1,0,2024-09-12,2024-10-07,Verified
DOC-0002817,LG-000276,Land Record,1,1,0,2024-09-10,2024-09-27,Verified
DOC-0002818,LG-000276,Compensation Document,1,0,0,2024-09-17,,Submitted
DOC-0002819,LG-000276,Ownership Proof,1,1,0,2024-09-09,2024-10-15,Verified
DOC-0002820,LG-000277,Identity Document,1,1,0,2020-11-19,2020-12-12,Verified
DOC-0002821,LG-000277,Land Record,1,1,0,2020-11-19,2020-12-04,Verified
DOC-0002822,LG-000277,Survey Record,1,1,0,2020-11-10,2020-12-04,Verified
DOC-0002823,LG-000277,Survey Record,1,1,0,2020-11-21,2020-12-28,Verified
DOC-0002824,LG-000277,Identity Document,1,0,0,2020-10-25,,Submitted
DOC-0002825,LG-000278,Survey Record,1,1,1,2022-04-18,2022-05-17,Verified
DOC-0002826,LG-000278,Survey Record,1,1,0,2022-05-22,2022-06-01,Verified
DOC-0002827,LG-000278,Identity Document,1,0,0,2022-04-16,,Submitted
DOC-0002828,LG-000278,Ownership Proof,0,0,1,,,Pending
DOC-0002829,LG-000278,Land Record,1,0,1,2022-05-06,,Submitted
DOC-0002830,LG-000278,Identity Document,1,0,0,2022-05-13,,Submitted
DOC-0002831,LG-000278,Compensation Document,1,0,1,2022-05-31,,Submitted
DOC-0002832,LG-000278,Identity Document,1,1,0,2022-05-29,2022-07-01,Verified
DOC-0002833,LG-000278,Ownership Proof,1,0,1,2022-06-05,,Submitted
DOC-0002834,LG-000278,Identity Document,1,1,1,2022-05-08,2022-06-16,Verified
DOC-0002835,LG-000278,Compensation Document,1,0,1,2022-04-20,,Submitted
DOC-0002836,LG-000278,Ownership Proof,1,1,0,2022-04-30,2022-05-16,Verified
DOC-0002837,LG-000279,Land Record,1,1,0,2019-11-04,2019-11-14,Verified
DOC-0002838,LG-000279,Land Record,1,1,0,2019-10-24,2019-11-17,Verified
DOC-0002839,LG-000279,Land Record,1,0,0,2019-10-28,,Submitted
DOC-0002840,LG-000279,Ownership Proof,1,0,0,2019-10-22,,Submitted
DOC-0002841,LG-000279,Identity Document,1,1,0,2019-12-14,2020-01-13,Verified
DOC-0002842,LG-000279,Land Record,1,1,0,2019-10-27,2019-11-30,Verified
DOC-0002843,LG-000279,Identity Document,1,1,0,2019-12-14,2019-12-29,Verified
DOC-0002844,LG-000279,Survey Record,1,1,1,2019-10-25,2019-11-15,Verified
DOC-0002845,LG-000279,Survey Record,0,0,0,,,Pending
DOC-0002846,LG-000279,Ownership Proof,1,1,0,2019-11-27,2020-01-04,Verified
DOC-0002847,LG-000279,Survey Record,1,0,0,2019-11-02,,Submitted
DOC-0002848,LG-000279,Identity Document,1,0,0,2019-10-28,,Submitted
DOC-0002849,LG-000279,Compensation Document,1,0,0,2019-11-13,,Submitted
DOC-0002850,LG-000280,Survey Record,1,1,0,2018-01-29,2018-02-14,Verified
DOC-0002851,LG-000280,Survey Record,0,0,0,,,Pending
DOC-0002852,LG-000280,Compensation Document,1,0,1,2018-02-01,,Submitted
DOC-0002853,LG-000280,Compensation Document,1,1,0,2018-02-11,2018-03-16,Verified
DOC-0002854,LG-000280,Identity Document,1,0,1,2018-02-06,,Submitted
DOC-0002855,LG-000280,Compensation Document,1,0,0,2018-02-21,,Submitted
DOC-0002856,LG-000280,Land Record,1,0,0,2018-02-26,,Submitted
DOC-0002857,LG-000280,Compensation Document,1,1,0,2018-02-10,2018-02-26,Verified
DOC-0002858,LG-000281,Identity Document,1,0,0,2019-08-13,,Submitted
DOC-0002859,LG-000281,Land Record,1,1,0,2019-09-24,2019-10-27,Verified
DOC-0002860,LG-000281,Identity Document,1,1,0,2019-10-02,2019-11-10,Verified
DOC-0002861,LG-000281,Survey Record,1,1,0,2019-09-10,2019-10-15,Verified
DOC-0002862,LG-000281,Compensation Document,1,0,0,2019-08-13,,Submitted
DOC-0002863,LG-000281,Land Record,0,0,0,,,Pending
DOC-0002864,LG-000282,Compensation Document,1,1,0,2023-08-09,2023-09-13,Verified
DOC-0002865,LG-000282,Survey Record,1,0,1,2023-08-21,,Submitted
DOC-0002866,LG-000282,Identity Document,1,1,0,2023-08-02,2023-09-09,Verified
DOC-0002867,LG-000282,Survey Record,1,1,0,2023-08-12,2023-09-05,Verified
DOC-0002868,LG-000282,Land Record,1,0,0,2023-07-28,,Submitted
DOC-0002869,LG-000282,Land Record,1,1,1,2023-08-19,2023-09-27,Verified
DOC-0002870,LG-000282,Ownership Proof,1,0,0,2023-07-02,,Submitted
DOC-0002871,LG-000282,Land Record,1,0,1,2023-07-19,,Submitted
DOC-0002872,LG-000282,Survey Record,1,0,0,2023-07-07,,Submitted
DOC-0002873,LG-000282,Compensation Document,1,1,1,2023-08-17,2023-09-18,Verified
DOC-0002874,LG-000282,Land Record,1,1,0,2023-08-16,2023-08-27,Verified
DOC-0002875,LG-000282,Survey Record,1,1,0,2023-08-09,2023-09-10,Verified
DOC-0002876,LG-000282,Survey Record,1,1,0,2023-07-31,2023-08-12,Verified
DOC-0002877,LG-000283,Land Record,0,0,0,,,Pending
DOC-0002878,LG-000283,Compensation Document,1,0,0,2024-05-27,,Submitted
DOC-0002879,LG-000283,Land Record,1,1,0,2024-06-13,2024-07-04,Verified
DOC-0002880,LG-000283,Survey Record,1,1,0,2024-05-26,2024-06-19,Verified
DOC-0002881,LG-000283,Survey Record,1,1,0,2024-06-06,2024-07-15,Verified
DOC-0002882,LG-000283,Ownership Proof,1,1,0,2024-06-20,2024-07-04,Verified
DOC-0002883,LG-000283,Identity Document,1,1,0,2024-06-24,2024-07-08,Verified
DOC-0002884,LG-000283,Survey Record,0,0,0,,,Pending
DOC-0002885,LG-000283,Identity Document,1,0,0,2024-06-17,,Submitted
DOC-0002886,LG-000283,Ownership Proof,1,1,0,2024-06-21,2024-07-27,Verified
DOC-0002887,LG-000284,Survey Record,1,1,0,2019-02-07,2019-03-01,Verified
DOC-0002888,LG-000284,Ownership Proof,1,1,0,2019-02-20,2019-03-17,Verified
DOC-0002889,LG-000284,Compensation Document,1,0,0,2019-01-27,,Submitted
DOC-0002890,LG-000284,Survey Record,1,0,0,2019-01-10,,Submitted
DOC-0002891,LG-000284,Compensation Document,1,1,1,2019-01-18,2019-02-13,Verified
DOC-0002892,LG-000284,Land Record,1,0,0,2019-01-31,,Submitted
DOC-0002893,LG-000284,Land Record,1,1,1,2019-01-08,2019-01-26,Verified
DOC-0002894,LG-000284,Ownership Proof,1,0,0,2019-02-22,,Submitted
DOC-0002895,LG-000284,Identity Document,1,0,0,2019-01-11,,Submitted
DOC-0002896,LG-000284,Ownership Proof,1,1,0,2019-02-07,2019-03-15,Verified
DOC-0002897,LG-000284,Identity Document,1,1,0,2019-02-14,2019-03-26,Verified
DOC-0002898,LG-000284,Identity Document,1,0,0,2019-01-22,,Submitted
DOC-0002899,LG-000284,Ownership Proof,1,0,0,2019-01-31,,Submitted
DOC-0002900,LG-000284,Ownership Proof,1,1,0,2019-02-19,2019-03-13,Verified
DOC-0002901,LG-000284,Ownership Proof,1,1,0,2019-02-07,2019-02-18,Verified
DOC-0002902,LG-000285,Land Record,1,1,0,2022-10-10,2022-10-24,Verified
DOC-0002903,LG-000285,Survey Record,1,1,0,2022-10-17,2022-11-09,Verified
DOC-0002904,LG-000285,Ownership Proof,1,1,0,2022-11-20,2022-12-11,Verified
DOC-0002905,LG-000285,Land Record,1,1,0,2022-10-13,2022-11-12,Verified
DOC-0002906,LG-000285,Identity Document,1,1,0,2022-10-04,2022-10-16,Verified
DOC-0002907,LG-000285,Identity Document,1,1,0,2022-10-25,2022-11-06,Verified
DOC-0002908,LG-000285,Ownership Proof,1,1,1,2022-11-19,2022-12-04,Verified
DOC-0002909,LG-000285,Identity Document,1,0,0,2022-10-27,,Submitted
DOC-0002910,LG-000285,Identity Document,1,1,0,2022-11-13,2022-12-02,Verified
DOC-0002911,LG-000285,Land Record,1,1,0,2022-10-17,2022-11-07,Verified
DOC-0002912,LG-000285,Land Record,1,1,0,2022-11-15,2022-12-21,Verified
DOC-0002913,LG-000285,Survey Record,1,0,0,2022-10-27,,Submitted
DOC-0002914,LG-000285,Land Record,0,0,0,,,Pending
DOC-0002915,LG-000285,Survey Record,1,1,0,2022-11-15,2022-12-11,Verified
DOC-0002916,LG-000285,Compensation Document,1,1,1,2022-11-24,2023-01-02,Verified
DOC-0002917,LG-000286,Ownership Proof,1,0,1,2023-02-24,,Submitted
DOC-0002918,LG-000286,Identity Document,0,0,0,,,Pending
DOC-0002919,LG-000286,Survey Record,1,1,1,2023-03-12,2023-04-09,Verified
DOC-0002920,LG-000286,Land Record,0,0,0,,,Pending
DOC-0002921,LG-000286,Land Record,1,1,1,2023-03-16,2023-04-01,Verified
DOC-0002922,LG-000286,Land Record,1,1,1,2023-02-25,2023-04-05,Verified
DOC-0002923,LG-000286,Ownership Proof,0,0,1,,,Pending
DOC-0002924,LG-000286,Land Record,1,1,0,2023-03-21,2023-04-01,Verified
DOC-0002925,LG-000286,Land Record,1,0,1,2023-02-24,,Submitted
DOC-0002926,LG-000287,Compensation Document,1,1,0,2021-07-15,2021-07-27,Verified
DOC-0002927,LG-000287,Survey Record,1,1,0,2021-07-13,2021-08-01,Verified
DOC-0002928,LG-000287,Compensation Document,1,1,0,2021-07-18,2021-08-07,Verified
DOC-0002929,LG-000287,Survey Record,1,1,0,2021-07-14,2021-08-11,Verified
DOC-0002930,LG-000287,Compensation Document,1,1,0,2021-08-03,2021-08-13,Verified
DOC-0002931,LG-000287,Ownership Proof,1,0,0,2021-07-28,,Submitted
DOC-0002932,LG-000287,Survey Record,1,1,0,2021-08-01,2021-08-14,Verified
DOC-0002933,LG-000287,Survey Record,0,0,0,,,Pending
DOC-0002934,LG-000287,Compensation Document,1,0,0,2021-08-25,,Submitted
DOC-0002935,LG-000287,Land Record,1,1,0,2021-08-01,2021-09-01,Verified
DOC-0002936,LG-000287,Compensation Document,1,1,0,2021-07-27,2021-08-20,Verified
DOC-0002937,LG-000287,Ownership Proof,1,1,0,2021-08-05,2021-08-18,Verified
DOC-0002938,LG-000287,Ownership Proof,1,0,0,2021-07-26,,Submitted
DOC-0002939,LG-000287,Ownership Proof,1,1,0,2021-07-09,2021-07-20,Verified
DOC-0002940,LG-000288,Ownership Proof,1,0,1,2018-03-19,,Submitted
DOC-0002941,LG-000288,Identity Document,0,0,1,,,Pending
DOC-0002942,LG-000288,Compensation Document,1,1,1,2018-02-24,2018-03-20,Verified
DOC-0002943,LG-000288,Land Record,1,1,1,2018-02-15,2018-03-25,Verified
DOC-0002944,LG-000288,Survey Record,1,0,1,2018-03-23,,Submitted
DOC-0002945,LG-000289,Land Record,0,0,0,,,Pending
DOC-0002946,LG-000289,Compensation Document,0,0,1,,,Pending
DOC-0002947,LG-000289,Survey Record,1,1,0,2024-04-02,2024-04-15,Verified
DOC-0002948,LG-000289,Ownership Proof,1,1,0,2024-04-03,2024-04-29,Verified
DOC-0002949,LG-000289,Compensation Document,1,0,1,2024-02-27,,Submitted
DOC-0002950,LG-000289,Ownership Proof,0,0,1,,,Pending
DOC-0002951,LG-000289,Land Record,1,0,1,2024-03-24,,Submitted
DOC-0002952,LG-000289,Land Record,0,0,0,,,Pending
DOC-0002953,LG-000290,Land Record,1,0,0,2018-11-04,,Submitted
DOC-0002954,LG-000290,Survey Record,1,1,0,2018-10-29,2018-11-14,Verified
DOC-0002955,LG-000290,Identity Document,1,1,0,2018-10-20,2018-11-27,Verified
DOC-0002956,LG-000290,Land Record,0,0,0,,,Pending
DOC-0002957,LG-000290,Compensation Document,1,1,0,2018-11-14,2018-11-26,Verified
DOC-0002958,LG-000290,Land Record,1,1,0,2018-10-29,2018-11-09,Verified
DOC-0002959,LG-000291,Survey Record,1,1,1,2021-04-20,2021-05-28,Verified
DOC-0002960,LG-000291,Land Record,1,0,0,2021-04-19,,Submitted
DOC-0002961,LG-000291,Identity Document,1,1,1,2021-04-07,2021-05-16,Verified
DOC-0002962,LG-000291,Identity Document,1,1,1,2021-04-03,2021-04-25,Verified
DOC-0002963,LG-000291,Compensation Document,0,0,1,,,Pending
DOC-0002964,LG-000291,Land Record,1,0,0,2021-03-08,,Submitted
DOC-0002965,LG-000291,Land Record,1,1,1,2021-04-20,2021-05-09,Verified
DOC-0002966,LG-000292,Ownership Proof,1,0,0,2024-09-18,,Submitted
DOC-0002967,LG-000292,Compensation Document,1,1,0,2024-09-09,2024-10-04,Verified
DOC-0002968,LG-000292,Ownership Proof,1,0,0,2024-09-15,,Submitted
DOC-0002969,LG-000292,Compensation Document,1,0,0,2024-09-10,,Submitted
DOC-0002970,LG-000292,Survey Record,1,1,0,2024-08-31,2024-10-10,Verified
DOC-0002971,LG-000292,Identity Document,1,1,0,2024-08-23,2024-09-24,Verified
DOC-0002972,LG-000292,Survey Record,1,1,1,2024-08-19,2024-09-26,Verified
DOC-0002973,LG-000293,Land Record,1,1,0,2019-05-28,2019-06-07,Verified
DOC-0002974,LG-000293,Identity Document,1,1,0,2019-05-23,2019-06-09,Verified
DOC-0002975,LG-000293,Compensation Document,1,1,1,2019-07-07,2019-07-27,Verified
DOC-0002976,LG-000293,Land Record,1,1,1,2019-05-28,2019-07-02,Verified
DOC-0002977,LG-000293,Compensation Document,1,0,1,2019-06-24,,Submitted
DOC-0002978,LG-000293,Survey Record,1,1,1,2019-07-08,2019-07-21,Verified
DOC-0002979,LG-000294,Ownership Proof,1,1,0,2023-12-01,2023-12-18,Verified
DOC-0002980,LG-000294,Land Record,1,0,0,2023-12-18,,Submitted
DOC-0002981,LG-000294,Ownership Proof,1,1,0,2023-11-06,2023-12-05,Verified
DOC-0002982,LG-000294,Ownership Proof,1,1,0,2023-12-22,2024-01-28,Verified
DOC-0002983,LG-000294,Identity Document,1,1,0,2023-12-19,2023-12-31,Verified
DOC-0002984,LG-000294,Survey Record,1,1,0,2023-12-11,2024-01-19,Verified
DOC-0002985,LG-000294,Identity Document,1,1,0,2023-12-20,2024-01-03,Verified
DOC-0002986,LG-000294,Ownership Proof,1,1,0,2023-12-13,2024-01-21,Verified
DOC-0002987,LG-000294,Ownership Proof,1,1,0,2023-12-18,2024-01-01,Verified
DOC-0002988,LG-000294,Ownership Proof,1,1,0,2023-11-04,2023-12-13,Verified
DOC-0002989,LG-000294,Ownership Proof,0,0,0,,,Pending
DOC-0002990,LG-000294,Land Record,1,1,0,2023-12-05,2023-12-24,Verified
DOC-0002991,LG-000294,Survey Record,1,0,0,2023-11-19,,Submitted
DOC-0002992,LG-000294,Compensation Document,1,1,0,2023-11-10,2023-12-05,Verified
DOC-0002993,LG-000294,Survey Record,1,1,0,2023-11-30,2023-12-15,Verified
DOC-0002994,LG-000295,Land Record,1,0,1,2019-07-17,,Submitted
DOC-0002995,LG-000295,Land Record,1,1,1,2019-06-23,2019-07-18,Verified
DOC-0002996,LG-000295,Land Record,1,1,1,2019-06-27,2019-07-11,Verified
DOC-0002997,LG-000295,Land Record,1,1,0,2019-06-07,2019-07-07,Verified
DOC-0002998,LG-000295,Compensation Document,1,0,0,2019-06-23,,Submitted
DOC-0002999,LG-000295,Compensation Document,1,1,0,2019-06-02,2019-06-21,Verified
DOC-0003000,LG-000295,Land Record,1,0,1,2019-06-20,,Submitted
DOC-0003001,LG-000296,Compensation Document,1,0,0,2018-03-02,,Submitted
DOC-0003002,LG-000296,Ownership Proof,1,1,0,2018-03-13,2018-04-20,Verified
DOC-0003003,LG-000296,Land Record,1,1,0,2018-04-13,2018-04-25,Verified
DOC-0003004,LG-000296,Ownership Proof,1,1,0,2018-03-19,2018-04-06,Verified
DOC-0003005,LG-000296,Survey Record,1,1,0,2018-02-23,2018-03-19,Verified
DOC-0003006,LG-000296,Land Record,1,0,0,2018-03-02,,Submitted
DOC-0003007,LG-000296,Survey Record,1,1,0,2018-03-28,2018-05-02,Verified
DOC-0003008,LG-000296,Identity Document,1,1,1,2018-04-02,2018-04-14,Verified
DOC-0003009,LG-000296,Identity Document,1,1,0,2018-03-11,2018-04-05,Verified
DOC-0003010,LG-000296,Survey Record,1,0,0,2018-03-01,,Submitted
DOC-0003011,LG-000296,Ownership Proof,1,1,0,2018-03-31,2018-04-15,Verified
DOC-0003012,LG-000296,Survey Record,1,1,1,2018-02-21,2018-03-26,Verified
DOC-0003013,LG-000296,Ownership Proof,1,1,0,2018-03-07,2018-03-20,Verified
DOC-0003014,LG-000296,Ownership Proof,1,1,0,2018-04-05,2018-05-06,Verified
DOC-0003015,LG-000296,Survey Record,1,1,0,2018-04-13,2018-05-03,Verified
DOC-0003016,LG-000297,Ownership Proof,0,0,0,,,Pending
DOC-0003017,LG-000297,Land Record,1,1,0,2023-06-27,2023-08-02,Verified
DOC-0003018,LG-000297,Ownership Proof,1,1,1,2023-06-15,2023-07-25,Verified
DOC-0003019,LG-000297,Identity Document,0,0,1,,,Pending
DOC-0003020,LG-000297,Identity Document,0,0,0,,,Pending
DOC-0003021,LG-000297,Identity Document,1,0,0,2023-06-27,,Submitted
DOC-0003022,LG-000297,Land Record,0,0,0,,,Pending
DOC-0003023,LG-000297,Land Record,1,0,1,2023-08-01,,Submitted
DOC-0003024,LG-000297,Identity Document,0,0,0,,,Pending
DOC-0003025,LG-000297,Compensation Document,1,1,1,2023-06-14,2023-07-15,Verified
DOC-0003026,LG-000297,Survey Record,0,0,1,,,Pending
DOC-0003027,LG-000297,Ownership Proof,0,0,1,,,Pending
DOC-0003028,LG-000297,Land Record,1,0,0,2023-06-08,,Submitted
DOC-0003029,LG-000297,Survey Record,1,0,0,2023-07-09,,Submitted
DOC-0003030,LG-000298,Compensation Document,1,1,1,2019-12-16,2020-01-10,Verified
DOC-0003031,LG-000298,Survey Record,1,1,1,2020-01-03,2020-01-13,Verified
DOC-0003032,LG-000298,Survey Record,1,1,0,2020-01-01,2020-02-09,Verified
DOC-0003033,LG-000298,Land Record,1,0,1,2019-12-26,,Submitted
DOC-0003034,LG-000298,Ownership Proof,1,1,0,2019-12-10,2019-12-23,Verified
DOC-0003035,LG-000298,Survey Record,1,0,0,2019-12-04,,Submitted
DOC-0003036,LG-000298,Land Record,1,1,1,2019-11-13,2019-12-12,Verified
DOC-0003037,LG-000298,Identity Document,1,1,0,2019-11-09,2019-12-01,Verified
DOC-0003038,LG-000299,Identity Document,1,1,0,2024-12-26,2025-01-14,Verified
DOC-0003039,LG-000299,Land Record,1,0,0,2024-12-11,,Submitted
DOC-0003040,LG-000299,Land Record,1,1,0,2024-11-25,2024-12-29,Verified
DOC-0003041,LG-000299,Ownership Proof,1,1,1,2024-12-11,2024-12-24,Verified
DOC-0003042,LG-000299,Ownership Proof,0,0,1,,,Pending
DOC-0003043,LG-000299,Ownership Proof,1,1,1,2024-11-21,2024-12-16,Verified
DOC-0003044,LG-000299,Survey Record,1,1,0,2024-12-07,2025-01-04,Verified
DOC-0003045,LG-000299,Land Record,0,0,0,,,Pending
DOC-0003046,LG-000300,Land Record,1,1,0,2023-03-29,2023-04-09,Verified
DOC-0003047,LG-000300,Identity Document,0,0,0,,,Pending
DOC-0003048,LG-000300,Identity Document,1,1,0,2023-03-20,2023-04-05,Verified
DOC-0003049,LG-000300,Land Record,1,1,0,2023-04-06,2023-04-17,Verified
DOC-0003050,LG-000300,Compensation Document,0,0,0,,,Pending
DOC-0003051,LG-000300,Ownership Proof,1,1,0,2023-03-11,2023-04-07,Verified
DOC-0003052,LG-000300,Ownership Proof,1,1,0,2023-03-18,2023-04-12,Verified
DOC-0003053,LG-000300,Identity Document,1,1,0,2023-02-26,2023-03-19,Verified
DOC-0003054,LG-000301,Compensation Document,1,1,1,2024-02-25,2024-03-25,Verified
DOC-0003055,LG-000301,Survey Record,1,1,0,2024-02-17,2024-03-09,Verified
DOC-0003056,LG-000301,Survey Record,1,1,0,2024-03-22,2024-04-23,Verified
DOC-0003057,LG-000301,Ownership Proof,1,0,0,2024-03-16,,Submitted
DOC-0003058,LG-000301,Land Record,1,1,0,2024-02-16,2024-03-07,Verified
DOC-0003059,LG-000301,Land Record,1,1,0,2024-02-22,2024-03-25,Verified
DOC-0003060,LG-000301,Ownership Proof,1,1,0,2024-03-24,2024-04-29,Verified
DOC-0003061,LG-000301,Land Record,1,1,0,2024-02-23,2024-03-12,Verified
DOC-0003062,LG-000301,Identity Document,1,1,0,2024-03-26,2024-04-06,Verified
DOC-0003063,LG-000301,Compensation Document,1,1,0,2024-04-03,2024-04-24,Verified
DOC-0003064,LG-000301,Land Record,1,0,0,2024-04-02,,Submitted
DOC-0003065,LG-000301,Compensation Document,0,0,0,,,Pending
DOC-0003066,LG-000302,Compensation Document,1,0,0,2019-10-14,,Submitted
DOC-0003067,LG-000302,Identity Document,1,1,0,2019-10-17,2019-11-03,Verified
DOC-0003068,LG-000302,Survey Record,1,0,0,2019-10-21,,Submitted
DOC-0003069,LG-000302,Identity Document,1,1,0,2019-10-12,2019-11-20,Verified
DOC-0003070,LG-000302,Ownership Proof,1,1,1,2019-10-24,2019-11-03,Verified
DOC-0003071,LG-000302,Identity Document,1,0,0,2019-10-09,,Submitted
DOC-0003072,LG-000302,Compensation Document,1,0,0,2019-12-02,,Submitted
DOC-0003073,LG-000303,Survey Record,1,1,0,2020-09-04,2020-10-01,Verified
DOC-0003074,LG-000303,Survey Record,1,1,1,2020-10-04,2020-10-16,Verified
DOC-0003075,LG-000303,Land Record,1,0,0,2020-08-31,,Submitted
DOC-0003076,LG-000303,Identity Document,1,0,1,2020-09-22,,Submitted
DOC-0003077,LG-000303,Identity Document,1,1,0,2020-09-29,2020-10-14,Verified
DOC-0003078,LG-000303,Identity Document,1,1,0,2020-10-14,2020-11-18,Verified
DOC-0003079,LG-000303,Ownership Proof,1,1,0,2020-10-14,2020-11-16,Verified
DOC-0003080,LG-000303,Ownership Proof,1,1,0,2020-10-04,2020-11-06,Verified
DOC-0003081,LG-000304,Identity Document,0,0,1,,,Pending
DOC-0003082,LG-000304,Land Record,1,0,0,2018-04-13,,Submitted
DOC-0003083,LG-000304,Ownership Proof,1,1,0,2018-04-02,2018-04-21,Verified
DOC-0003084,LG-000304,Survey Record,1,0,1,2018-03-28,,Submitted
DOC-0003085,LG-000304,Compensation Document,1,1,1,2018-03-05,2018-03-17,Verified
DOC-0003086,LG-000304,Identity Document,1,1,0,2018-04-12,2018-05-07,Verified
DOC-0003087,LG-000304,Identity Document,1,0,0,2018-03-10,,Submitted
DOC-0003088,LG-000305,Identity Document,1,1,1,2022-10-15,2022-11-21,Verified
DOC-0003089,LG-000305,Identity Document,1,1,1,2022-09-13,2022-10-05,Verified
DOC-0003090,LG-000305,Land Record,1,1,0,2022-09-16,2022-09-29,Verified
DOC-0003091,LG-000305,Ownership Proof,1,0,0,2022-09-06,,Submitted
DOC-0003092,LG-000305,Survey Record,0,0,1,,,Pending
DOC-0003093,LG-000305,Compensation Document,0,0,1,,,Pending
DOC-0003094,LG-000305,Land Record,1,0,0,2022-10-11,,Submitted
DOC-0003095,LG-000305,Compensation Document,1,1,1,2022-09-26,2022-10-16,Verified
DOC-0003096,LG-000305,Ownership Proof,1,0,1,2022-09-24,,Submitted
DOC-0003097,LG-000305,Identity Document,1,1,0,2022-08-31,2022-09-20,Verified
DOC-0003098,LG-000305,Identity Document,1,1,1,2022-09-07,2022-10-14,Verified
DOC-0003099,LG-000305,Compensation Document,1,1,1,2022-10-13,2022-10-31,Verified
DOC-0003100,LG-000305,Land Record,1,1,0,2022-09-01,2022-09-23,Verified
DOC-0003101,LG-000305,Survey Record,1,1,0,2022-10-10,2022-10-26,Verified
DOC-0003102,LG-000306,Identity Document,1,0,0,2022-10-28,,Submitted
DOC-0003103,LG-000306,Survey Record,1,1,0,2022-11-27,2022-12-18,Verified
DOC-0003104,LG-000306,Ownership Proof,1,1,0,2022-11-29,2022-12-21,Verified
DOC-0003105,LG-000306,Land Record,1,1,0,2022-11-04,2022-11-29,Verified
DOC-0003106,LG-000306,Compensation Document,1,0,0,2022-11-06,,Submitted
DOC-0003107,LG-000306,Survey Record,1,1,0,2022-10-20,2022-11-20,Verified
DOC-0003108,LG-000306,Land Record,0,0,0,,,Pending
DOC-0003109,LG-000307,Land Record,1,1,0,2019-12-02,2019-12-18,Verified
DOC-0003110,LG-000307,Compensation Document,1,1,0,2020-01-01,2020-02-05,Verified
DOC-0003111,LG-000307,Compensation Document,1,0,0,2020-01-20,,Submitted
DOC-0003112,LG-000307,Ownership Proof,1,0,0,2019-12-05,,Submitted
DOC-0003113,LG-000307,Ownership Proof,1,1,0,2019-12-01,2019-12-29,Verified
DOC-0003114,LG-000307,Compensation Document,1,0,0,2019-11-29,,Submitted
DOC-0003115,LG-000307,Survey Record,0,0,0,,,Pending
DOC-0003116,LG-000307,Land Record,1,1,0,2019-12-11,2020-01-17,Verified
DOC-0003117,LG-000307,Identity Document,0,0,0,,,Pending
DOC-0003118,LG-000307,Compensation Document,1,1,0,2019-12-23,2020-02-01,Verified
DOC-0003119,LG-000307,Identity Document,1,1,0,2020-01-21,2020-02-02,Verified
DOC-0003120,LG-000308,Ownership Proof,1,1,0,2018-12-16,2019-01-25,Verified
DOC-0003121,LG-000308,Survey Record,1,1,0,2018-11-18,2018-12-01,Verified
DOC-0003122,LG-000308,Ownership Proof,1,0,0,2018-11-02,,Submitted
DOC-0003123,LG-000308,Compensation Document,1,1,0,2018-12-16,2019-01-12,Verified
DOC-0003124,LG-000308,Compensation Document,1,1,0,2018-12-23,2019-01-17,Verified
DOC-0003125,LG-000308,Survey Record,1,0,0,2018-12-25,,Submitted
DOC-0003126,LG-000308,Ownership Proof,1,0,0,2018-11-18,,Submitted
DOC-0003127,LG-000308,Identity Document,1,1,0,2018-12-01,2018-12-20,Verified
DOC-0003128,LG-000308,Survey Record,1,0,0,2018-11-27,,Submitted
DOC-0003129,LG-000308,Identity Document,1,0,0,2018-12-12,,Submitted
DOC-0003130,LG-000308,Land Record,1,0,0,2018-11-03,,Submitted
DOC-0003131,LG-000308,Identity Document,1,1,0,2018-12-08,2019-01-12,Verified
DOC-0003132,LG-000308,Land Record,1,1,0,2018-12-02,2019-01-03,Verified
DOC-0003133,LG-000309,Compensation Document,1,0,1,2021-12-01,,Submitted
DOC-0003134,LG-000309,Land Record,1,0,0,2021-12-21,,Submitted
DOC-0003135,LG-000309,Compensation Document,1,1,1,2021-12-07,2022-01-07,Verified
DOC-0003136,LG-000309,Survey Record,1,1,1,2021-12-16,2022-01-01,Verified
DOC-0003137,LG-000309,Identity Document,1,1,1,2021-12-09,2022-01-01,Verified
DOC-0003138,LG-000309,Ownership Proof,1,0,1,2021-11-06,,Submitted
DOC-0003139,LG-000309,Compensation Document,1,1,1,2021-11-12,2021-12-14,Verified
DOC-0003140,LG-000309,Identity Document,1,1,1,2021-12-02,2021-12-29,Verified
DOC-0003141,LG-000309,Ownership Proof,1,1,1,2021-12-19,2022-01-06,Verified
DOC-0003142,LG-000309,Ownership Proof,1,0,1,2021-12-13,,Submitted
DOC-0003143,LG-000309,Survey Record,1,1,0,2021-11-11,2021-12-14,Verified
DOC-0003144,LG-000309,Compensation Document,1,1,1,2021-11-05,2021-11-15,Verified
DOC-0003145,LG-000309,Survey Record,1,1,0,2021-11-11,2021-12-17,Verified
DOC-0003146,LG-000310,Identity Document,1,1,0,2019-11-17,2019-12-15,Verified
DOC-0003147,LG-000310,Land Record,1,0,0,2019-11-27,,Submitted
DOC-0003148,LG-000310,Ownership Proof,1,0,0,2019-11-27,,Submitted
DOC-0003149,LG-000310,Ownership Proof,0,0,1,,,Pending
DOC-0003150,LG-000310,Ownership Proof,0,0,1,,,Pending
DOC-0003151,LG-000310,Ownership Proof,1,1,1,2019-10-21,2019-11-29,Verified
DOC-0003152,LG-000310,Ownership Proof,1,1,0,2019-11-02,2019-11-22,Verified
DOC-0003153,LG-000311,Survey Record,1,0,0,2022-04-01,,Submitted
DOC-0003154,LG-000311,Land Record,1,1,0,2022-04-21,2022-05-18,Verified
DOC-0003155,LG-000311,Compensation Document,1,1,0,2022-04-28,2022-05-09,Verified
DOC-0003156,LG-000311,Land Record,1,1,0,2022-04-02,2022-05-10,Verified
DOC-0003157,LG-000311,Identity Document,1,1,0,2022-03-24,2022-04-20,Verified
DOC-0003158,LG-000311,Land Record,1,0,0,2022-03-28,,Submitted
DOC-0003159,LG-000311,Compensation Document,1,1,0,2022-03-15,2022-04-08,Verified
DOC-0003160,LG-000311,Compensation Document,1,1,0,2022-04-24,2022-05-12,Verified
DOC-0003161,LG-000311,Survey Record,1,1,0,2022-03-14,2022-03-30,Verified
DOC-0003162,LG-000312,Compensation Document,1,1,0,2022-03-12,2022-04-20,Verified
DOC-0003163,LG-000312,Land Record,1,1,0,2022-03-15,2022-04-12,Verified
DOC-0003164,LG-000312,Compensation Document,1,1,0,2022-03-24,2022-04-03,Verified
DOC-0003165,LG-000312,Survey Record,1,1,1,2022-04-01,2022-04-29,Verified
DOC-0003166,LG-000312,Compensation Document,1,1,1,2022-03-22,2022-04-08,Verified
DOC-0003167,LG-000312,Survey Record,1,0,1,2022-03-04,,Submitted
DOC-0003168,LG-000312,Compensation Document,1,1,0,2022-04-14,2022-05-07,Verified
DOC-0003169,LG-000312,Ownership Proof,1,0,0,2022-04-03,,Submitted
DOC-0003170,LG-000312,Identity Document,1,0,0,2022-04-13,,Submitted
DOC-0003171,LG-000313,Compensation Document,1,1,0,2022-05-29,2022-06-28,Verified
DOC-0003172,LG-000313,Compensation Document,1,1,1,2022-05-24,2022-06-22,Verified
DOC-0003173,LG-000313,Compensation Document,1,1,0,2022-06-28,2022-07-14,Verified
DOC-0003174,LG-000313,Land Record,0,0,0,,,Pending
DOC-0003175,LG-000313,Compensation Document,1,1,0,2022-06-29,2022-07-15,Verified
DOC-0003176,LG-000313,Identity Document,1,1,0,2022-05-16,2022-06-07,Verified
DOC-0003177,LG-000313,Land Record,1,1,0,2022-06-14,2022-07-04,Verified
DOC-0003178,LG-000313,Compensation Document,1,0,0,2022-05-26,,Submitted
DOC-0003179,LG-000313,Identity Document,1,1,0,2022-05-15,2022-05-25,Verified
DOC-0003180,LG-000313,Ownership Proof,1,1,1,2022-06-28,2022-07-12,Verified
DOC-0003181,LG-000314,Ownership Proof,1,1,0,2019-05-10,2019-05-30,Verified
DOC-0003182,LG-000314,Survey Record,1,1,0,2019-06-02,2019-07-08,Verified
DOC-0003183,LG-000314,Identity Document,1,0,0,2019-05-09,,Submitted
DOC-0003184,LG-000314,Survey Record,1,0,0,2019-04-21,,Submitted
DOC-0003185,LG-000314,Survey Record,1,0,0,2019-05-16,,Submitted
DOC-0003186,LG-000314,Compensation Document,0,0,1,,,Pending
DOC-0003187,LG-000314,Ownership Proof,1,1,0,2019-05-28,2019-06-23,Verified
DOC-0003188,LG-000314,Compensation Document,1,0,0,2019-05-22,,Submitted
DOC-0003189,LG-000315,Survey Record,1,1,0,2024-10-18,2024-11-05,Verified
DOC-0003190,LG-000315,Land Record,1,1,0,2024-11-19,2024-12-15,Verified
DOC-0003191,LG-000315,Survey Record,1,1,0,2024-10-18,2024-11-06,Verified
DOC-0003192,LG-000315,Compensation Document,1,0,0,2024-10-01,,Submitted
DOC-0003193,LG-000315,Land Record,1,1,1,2024-09-29,2024-10-21,Verified
DOC-0003194,LG-000315,Compensation Document,1,1,0,2024-09-30,2024-10-29,Verified
DOC-0003195,LG-000315,Identity Document,1,1,0,2024-10-08,2024-11-15,Verified
DOC-0003196,LG-000315,Compensation Document,1,1,0,2024-10-31,2024-12-02,Verified
DOC-0003197,LG-000315,Ownership Proof,0,0,0,,,Pending
DOC-0003198,LG-000315,Compensation Document,1,0,0,2024-11-13,,Submitted
DOC-0003199,LG-000315,Land Record,1,0,0,2024-10-17,,Submitted
DOC-0003200,LG-000315,Survey Record,1,1,0,2024-11-15,2024-12-21,Verified
DOC-0003201,LG-000315,Ownership Proof,1,0,0,2024-10-29,,Submitted
DOC-0003202,LG-000315,Ownership Proof,1,1,0,2024-10-14,2024-11-12,Verified
DOC-0003203,LG-000316,Identity Document,1,0,1,2018-06-25,,Submitted
DOC-0003204,LG-000316,Compensation Document,0,0,0,,,Pending
DOC-0003205,LG-000316,Land Record,1,1,0,2018-07-02,2018-07-14,Verified
DOC-0003206,LG-000316,Land Record,1,0,0,2018-08-01,,Submitted
DOC-0003207,LG-000316,Identity Document,1,0,0,2018-07-05,,Submitted
DOC-0003208,LG-000316,Compensation Document,1,1,0,2018-07-25,2018-08-14,Verified
DOC-0003209,LG-000316,Compensation Document,1,0,0,2018-07-13,,Submitted
DOC-0003210,LG-000316,Compensation Document,1,1,0,2018-08-14,2018-09-23,Verified
DOC-0003211,LG-000316,Survey Record,1,1,0,2018-08-10,2018-08-24,Verified
DOC-0003212,LG-000316,Land Record,1,1,0,2018-06-24,2018-07-09,Verified
DOC-0003213,LG-000316,Ownership Proof,1,1,0,2018-06-30,2018-07-20,Verified
DOC-0003214,LG-000317,Survey Record,0,0,0,,,Pending
DOC-0003215,LG-000317,Ownership Proof,1,0,1,2020-10-29,,Submitted
DOC-0003216,LG-000317,Identity Document,1,1,0,2020-11-07,2020-11-17,Verified
DOC-0003217,LG-000317,Compensation Document,1,1,0,2020-10-01,2020-11-01,Verified
DOC-0003218,LG-000317,Compensation Document,1,1,0,2020-10-05,2020-10-28,Verified
DOC-0003219,LG-000317,Compensation Document,1,1,0,2020-10-08,2020-11-05,Verified
DOC-0003220,LG-000317,Identity Document,1,1,1,2020-10-23,2020-11-29,Verified
DOC-0003221,LG-000317,Identity Document,1,1,1,2020-11-01,2020-12-01,Verified
DOC-0003222,LG-000317,Ownership Proof,1,1,0,2020-09-23,2020-10-30,Verified
DOC-0003223,LG-000317,Identity Document,1,1,1,2020-10-20,2020-11-26,Verified
DOC-0003224,LG-000318,Survey Record,1,1,0,2023-10-16,2023-11-01,Verified
DOC-0003225,LG-000318,Identity Document,1,1,0,2023-09-27,2023-10-24,Verified
DOC-0003226,LG-000318,Identity Document,1,0,0,2023-09-22,,Submitted
DOC-0003227,LG-000318,Compensation Document,1,0,1,2023-09-18,,Submitted
DOC-0003228,LG-000318,Compensation Document,1,1,0,2023-09-18,2023-10-10,Verified
DOC-0003229,LG-000318,Survey Record,1,0,0,2023-09-23,,Submitted
DOC-0003230,LG-000318,Identity Document,1,1,0,2023-10-27,2023-11-13,Verified
DOC-0003231,LG-000318,Land Record,1,1,0,2023-09-24,2023-10-12,Verified
DOC-0003232,LG-000318,Ownership Proof,1,1,0,2023-10-04,2023-10-21,Verified
DOC-0003233,LG-000318,Compensation Document,1,1,0,2023-11-03,2023-11-21,Verified
DOC-0003234,LG-000319,Survey Record,1,1,0,2023-09-07,2023-09-30,Verified
DOC-0003235,LG-000319,Identity Document,1,1,0,2023-09-06,2023-10-02,Verified
DOC-0003236,LG-000319,Survey Record,1,1,0,2023-08-15,2023-09-12,Verified
DOC-0003237,LG-000319,Land Record,1,0,0,2023-08-19,,Submitted
DOC-0003238,LG-000319,Compensation Document,1,1,0,2023-08-25,2023-09-26,Verified
DOC-0003239,LG-000319,Identity Document,1,1,0,2023-08-06,2023-09-09,Verified
DOC-0003240,LG-000319,Ownership Proof,1,1,0,2023-09-01,2023-10-10,Verified
DOC-0003241,LG-000319,Identity Document,1,1,1,2023-09-20,2023-10-07,Verified
DOC-0003242,LG-000319,Land Record,0,0,0,,,Pending
DOC-0003243,LG-000319,Ownership Proof,0,0,0,,,Pending
DOC-0003244,LG-000319,Survey Record,1,1,1,2023-09-10,2023-10-09,Verified
DOC-0003245,LG-000319,Compensation Document,1,1,0,2023-09-23,2023-10-30,Verified
DOC-0003246,LG-000319,Land Record,1,0,0,2023-09-19,,Submitted
DOC-0003247,LG-000319,Land Record,1,1,0,2023-08-14,2023-09-16,Verified
DOC-0003248,LG-000320,Survey Record,0,0,0,,,Pending
DOC-0003249,LG-000320,Land Record,1,1,0,2021-06-17,2021-07-26,Verified
DOC-0003250,LG-000320,Land Record,1,1,0,2021-06-22,2021-07-16,Verified
DOC-0003251,LG-000320,Compensation Document,1,0,0,2021-05-27,,Submitted
DOC-0003252,LG-000320,Compensation Document,1,1,0,2021-07-08,2021-07-18,Verified
DOC-0003253,LG-000320,Survey Record,1,1,0,2021-06-29,2021-07-21,Verified
DOC-0003254,LG-000321,Land Record,1,0,0,2020-06-27,,Submitted
DOC-0003255,LG-000321,Land Record,1,1,1,2020-06-02,2020-06-19,Verified
DOC-0003256,LG-000321,Land Record,1,1,0,2020-05-22,2020-06-15,Verified
DOC-0003257,LG-000321,Identity Document,1,0,0,2020-07-03,,Submitted
DOC-0003258,LG-000321,Ownership Proof,1,0,0,2020-07-02,,Submitted
DOC-0003259,LG-000321,Compensation Document,1,1,0,2020-06-05,2020-06-17,Verified
DOC-0003260,LG-000321,Identity Document,1,1,0,2020-06-22,2020-07-23,Verified
DOC-0003261,LG-000321,Survey Record,1,1,1,2020-05-12,2020-06-05,Verified
DOC-0003262,LG-000321,Identity Document,0,0,0,,,Pending
DOC-0003263,LG-000321,Land Record,1,1,0,2020-05-29,2020-06-29,Verified
DOC-0003264,LG-000321,Land Record,1,0,0,2020-05-30,,Submitted
DOC-0003265,LG-000321,Survey Record,1,1,0,2020-06-22,2020-07-05,Verified
DOC-0003266,LG-000321,Compensation Document,1,1,0,2020-05-14,2020-06-20,Verified
DOC-0003267,LG-000321,Identity Document,1,1,0,2020-06-17,2020-07-20,Verified
DOC-0003268,LG-000322,Land Record,1,0,0,2019-12-16,,Submitted
DOC-0003269,LG-000322,Survey Record,1,0,1,2019-11-20,,Submitted
DOC-0003270,LG-000322,Compensation Document,0,0,0,,,Pending
DOC-0003271,LG-000322,Compensation Document,1,1,1,2019-12-18,2020-01-12,Verified
DOC-0003272,LG-000322,Survey Record,1,1,1,2019-11-23,2019-12-29,Verified
DOC-0003273,LG-000322,Identity Document,1,1,0,2019-11-23,2019-12-12,Verified
DOC-0003274,LG-000322,Ownership Proof,1,1,1,2019-12-05,2019-12-31,Verified
DOC-0003275,LG-000322,Compensation Document,1,0,0,2019-12-16,,Submitted
DOC-0003276,LG-000322,Ownership Proof,0,0,0,,,Pending
DOC-0003277,LG-000322,Identity Document,1,1,1,2019-11-26,2020-01-01,Verified
DOC-0003278,LG-000322,Land Record,1,1,0,2019-12-14,2019-12-29,Verified
DOC-0003279,LG-000322,Survey Record,1,1,1,2019-11-23,2019-12-21,Verified
DOC-0003280,LG-000322,Survey Record,1,1,0,2019-12-27,2020-01-17,Verified
DOC-0003281,LG-000322,Identity Document,0,0,0,,,Pending
DOC-0003282,LG-000323,Compensation Document,1,0,1,2020-07-30,,Submitted
DOC-0003283,LG-000323,Survey Record,1,1,1,2020-07-29,2020-08-23,Verified
DOC-0003284,LG-000323,Compensation Document,1,1,1,2020-07-03,2020-07-16,Verified
DOC-0003285,LG-000323,Ownership Proof,1,1,1,2020-07-28,2020-08-20,Verified
DOC-0003286,LG-000323,Identity Document,0,0,0,,,Pending
DOC-0003287,LG-000323,Compensation Document,1,1,1,2020-07-27,2020-08-16,Verified
DOC-0003288,LG-000323,Land Record,0,0,0,,,Pending
DOC-0003289,LG-000323,Ownership Proof,1,1,1,2020-07-24,2020-08-13,Verified
DOC-0003290,LG-000323,Compensation Document,1,1,0,2020-07-22,2020-08-14,Verified
DOC-0003291,LG-000324,Compensation Document,1,0,1,2021-09-25,,Submitted
DOC-0003292,LG-000324,Survey Record,1,1,0,2021-08-29,2021-10-01,Verified
DOC-0003293,LG-000324,Ownership Proof,1,0,0,2021-10-11,,Submitted
DOC-0003294,LG-000324,Survey Record,1,1,1,2021-08-28,2021-09-22,Verified
DOC-0003295,LG-000324,Survey Record,1,1,1,2021-09-18,2021-10-12,Verified
DOC-0003296,LG-000324,Compensation Document,1,0,1,2021-09-09,,Submitted
DOC-0003297,LG-000324,Ownership Proof,0,0,0,,,Pending
DOC-0003298,LG-000324,Land Record,1,1,1,2021-10-08,2021-11-04,Verified
DOC-0003299,LG-000325,Compensation Document,1,0,0,2021-12-31,,Submitted
DOC-0003300,LG-000325,Survey Record,1,1,0,2021-12-04,2021-12-27,Verified
DOC-0003301,LG-000325,Ownership Proof,1,1,0,2021-12-03,2021-12-25,Verified
DOC-0003302,LG-000325,Land Record,1,1,0,2021-12-13,2022-01-20,Verified
DOC-0003303,LG-000325,Survey Record,1,1,0,2021-12-16,2022-01-11,Verified
DOC-0003304,LG-000325,Identity Document,1,1,0,2021-11-25,2022-01-02,Verified
DOC-0003305,LG-000325,Survey Record,1,1,0,2021-11-20,2021-12-15,Verified
DOC-0003306,LG-000325,Ownership Proof,1,1,0,2021-11-15,2021-12-04,Verified
DOC-0003307,LG-000326,Identity Document,1,1,1,2021-12-14,2022-01-03,Verified
DOC-0003308,LG-000326,Identity Document,1,0,0,2021-11-16,,Submitted
DOC-0003309,LG-000326,Survey Record,1,1,0,2021-11-13,2021-11-24,Verified
DOC-0003310,LG-000326,Land Record,0,0,0,,,Pending
DOC-0003311,LG-000326,Compensation Document,1,1,1,2021-11-24,2021-12-22,Verified
DOC-0003312,LG-000326,Land Record,1,1,1,2021-11-11,2021-12-10,Verified
DOC-0003313,LG-000326,Ownership Proof,1,0,1,2021-12-25,,Submitted
DOC-0003314,LG-000326,Compensation Document,0,0,1,,,Pending
DOC-0003315,LG-000326,Land Record,1,1,1,2021-12-29,2022-01-23,Verified
DOC-0003316,LG-000326,Compensation Document,1,0,1,2021-11-30,,Submitted
DOC-0003317,LG-000327,Identity Document,1,0,0,2022-09-05,,Submitted
DOC-0003318,LG-000327,Land Record,1,1,0,2022-08-23,2022-09-13,Verified
DOC-0003319,LG-000327,Land Record,1,1,0,2022-08-09,2022-08-26,Verified
DOC-0003320,LG-000327,Ownership Proof,1,1,1,2022-08-21,2022-09-26,Verified
DOC-0003321,LG-000327,Survey Record,1,0,0,2022-09-25,,Submitted
DOC-0003322,LG-000328,Land Record,1,1,1,2019-11-04,2019-11-21,Verified
DOC-0003323,LG-000328,Land Record,1,0,0,2019-10-02,,Submitted
DOC-0003324,LG-000328,Compensation Document,1,1,1,2019-11-04,2019-12-10,Verified
DOC-0003325,LG-000328,Ownership Proof,1,1,0,2019-10-19,2019-11-11,Verified
DOC-0003326,LG-000328,Compensation Document,1,1,1,2019-10-26,2019-11-10,Verified
DOC-0003327,LG-000329,Identity Document,1,1,1,2022-04-17,2022-05-16,Verified
DOC-0003328,LG-000329,Survey Record,1,1,1,2022-04-27,2022-05-10,Verified
DOC-0003329,LG-000329,Compensation Document,1,0,1,2022-06-04,,Submitted
DOC-0003330,LG-000329,Land Record,1,1,0,2022-05-25,2022-07-01,Verified
DOC-0003331,LG-000329,Survey Record,1,1,0,2022-05-04,2022-05-16,Verified
DOC-0003332,LG-000329,Land Record,1,0,0,2022-04-29,,Submitted
DOC-0003333,LG-000329,Identity Document,1,1,1,2022-05-05,2022-05-21,Verified
DOC-0003334,LG-000329,Identity Document,0,0,0,,,Pending
DOC-0003335,LG-000329,Ownership Proof,1,1,0,2022-04-15,2022-05-06,Verified
DOC-0003336,LG-000329,Compensation Document,1,1,1,2022-05-06,2022-05-25,Verified
DOC-0003337,LG-000329,Land Record,1,1,1,2022-04-16,2022-04-29,Verified
DOC-0003338,LG-000329,Land Record,1,1,0,2022-04-21,2022-05-22,Verified
DOC-0003339,LG-000329,Compensation Document,1,1,0,2022-04-28,2022-05-29,Verified
DOC-0003340,LG-000329,Survey Record,1,0,0,2022-04-21,,Submitted
DOC-0003341,LG-000330,Compensation Document,1,1,0,2020-09-30,2020-11-01,Verified
DOC-0003342,LG-000330,Compensation Document,1,1,0,2020-10-08,2020-11-04,Verified
DOC-0003343,LG-000330,Survey Record,1,0,0,2020-10-06,,Submitted
DOC-0003344,LG-000330,Compensation Document,1,1,0,2020-09-25,2020-10-09,Verified
DOC-0003345,LG-000330,Compensation Document,1,1,1,2020-10-31,2020-11-17,Verified
DOC-0003346,LG-000330,Land Record,1,1,0,2020-10-13,2020-10-24,Verified
DOC-0003347,LG-000330,Survey Record,0,0,0,,,Pending
DOC-0003348,LG-000330,Compensation Document,1,1,0,2020-09-26,2020-10-25,Verified
DOC-0003349,LG-000330,Identity Document,1,1,0,2020-10-22,2020-11-20,Verified
DOC-0003350,LG-000330,Compensation Document,1,0,0,2020-10-22,,Submitted
DOC-0003351,LG-000330,Identity Document,1,1,1,2020-09-28,2020-10-12,Verified
DOC-0003352,LG-000330,Survey Record,1,1,1,2020-11-10,2020-11-30,Verified
DOC-0003353,LG-000330,Ownership Proof,1,0,0,2020-10-26,,Submitted
DOC-0003354,LG-000330,Ownership Proof,1,1,0,2020-09-29,2020-10-21,Verified
DOC-0003355,LG-000331,Compensation Document,1,0,1,2021-05-29,,Submitted
DOC-0003356,LG-000331,Compensation Document,1,1,1,2021-05-16,2021-06-20,Verified
DOC-0003357,LG-000331,Compensation Document,1,1,0,2021-06-07,2021-07-05,Verified
DOC-0003358,LG-000331,Ownership Proof,1,1,0,2021-05-18,2021-06-12,Verified
DOC-0003359,LG-000331,Compensation Document,1,1,1,2021-06-01,2021-07-11,Verified
DOC-0003360,LG-000331,Land Record,1,0,0,2021-06-18,,Submitted
DOC-0003361,LG-000331,Land Record,1,1,0,2021-05-23,2021-06-21,Verified
DOC-0003362,LG-000331,Survey Record,0,0,1,,,Pending
DOC-0003363,LG-000331,Identity Document,1,0,0,2021-06-11,,Submitted
DOC-0003364,LG-000331,Survey Record,0,0,1,,,Pending
DOC-0003365,LG-000331,Survey Record,0,0,1,,,Pending
DOC-0003366,LG-000332,Identity Document,1,1,0,2019-03-03,2019-04-12,Verified
DOC-0003367,LG-000332,Identity Document,1,1,0,2019-03-09,2019-03-29,Verified
DOC-0003368,LG-000332,Ownership Proof,1,1,1,2019-02-23,2019-03-28,Verified
DOC-0003369,LG-000332,Identity Document,1,1,0,2019-04-06,2019-04-28,Verified
DOC-0003370,LG-000332,Land Record,1,1,0,2019-04-09,2019-05-10,Verified
DOC-0003371,LG-000332,Ownership Proof,1,1,0,2019-03-25,2019-04-20,Verified
DOC-0003372,LG-000332,Identity Document,1,1,0,2019-03-21,2019-04-07,Verified
DOC-0003373,LG-000332,Land Record,1,1,0,2019-03-24,2019-04-20,Verified
DOC-0003374,LG-000332,Ownership Proof,1,1,0,2019-03-01,2019-03-16,Verified
DOC-0003375,LG-000333,Identity Document,1,0,0,2018-12-31,,Submitted
DOC-0003376,LG-000333,Survey Record,1,1,1,2018-12-29,2019-01-12,Verified
DOC-0003377,LG-000333,Identity Document,0,0,0,,,Pending
DOC-0003378,LG-000333,Land Record,1,1,1,2019-02-12,2019-03-16,Verified
DOC-0003379,LG-000333,Compensation Document,1,1,1,2019-01-19,2019-02-09,Verified
DOC-0003380,LG-000333,Ownership Proof,1,1,1,2019-01-17,2019-02-20,Verified
DOC-0003381,LG-000333,Land Record,0,0,0,,,Pending
DOC-0003382,LG-000333,Ownership Proof,1,1,0,2019-02-04,2019-02-14,Verified
DOC-0003383,LG-000333,Identity Document,1,0,0,2018-12-29,,Submitted
DOC-0003384,LG-000333,Compensation Document,1,1,1,2019-02-03,2019-02-24,Verified
DOC-0003385,LG-000333,Ownership Proof,1,1,0,2019-01-11,2019-02-15,Verified
DOC-0003386,LG-000333,Compensation Document,1,0,0,2019-02-03,,Submitted
DOC-0003387,LG-000333,Identity Document,1,1,1,2019-01-21,2019-02-18,Verified
DOC-0003388,LG-000333,Survey Record,1,1,0,2019-01-03,2019-01-20,Verified
DOC-0003389,LG-000333,Land Record,1,1,0,2019-02-10,2019-03-03,Verified
DOC-0003390,LG-000334,Identity Document,1,1,1,2019-04-22,2019-05-11,Verified
DOC-0003391,LG-000334,Land Record,1,1,0,2019-05-13,2019-05-25,Verified
DOC-0003392,LG-000334,Compensation Document,1,1,1,2019-05-16,2019-06-24,Verified
DOC-0003393,LG-000334,Ownership Proof,0,0,0,,,Pending
DOC-0003394,LG-000334,Land Record,1,1,0,2019-04-26,2019-05-06,Verified
DOC-0003395,LG-000334,Survey Record,1,1,0,2019-05-10,2019-06-13,Verified
DOC-0003396,LG-000334,Survey Record,1,1,1,2019-04-03,2019-04-20,Verified
DOC-0003397,LG-000334,Survey Record,1,1,1,2019-05-17,2019-06-14,Verified
DOC-0003398,LG-000334,Identity Document,1,1,0,2019-04-08,2019-05-17,Verified
DOC-0003399,LG-000334,Survey Record,1,1,0,2019-04-13,2019-05-23,Verified
DOC-0003400,LG-000334,Ownership Proof,1,1,1,2019-04-21,2019-05-30,Verified
DOC-0003401,LG-000334,Land Record,1,1,1,2019-05-25,2019-07-01,Verified
DOC-0003402,LG-000334,Ownership Proof,0,0,0,,,Pending
DOC-0003403,LG-000334,Compensation Document,1,1,1,2019-04-01,2019-04-11,Verified
DOC-0003404,LG-000334,Survey Record,1,0,1,2019-04-29,,Submitted
DOC-0003405,LG-000335,Land Record,0,0,1,,,Pending
DOC-0003406,LG-000335,Compensation Document,0,0,1,,,Pending
DOC-0003407,LG-000335,Ownership Proof,1,1,0,2022-10-27,2022-11-19,Verified
DOC-0003408,LG-000335,Survey Record,1,0,0,2022-11-17,,Submitted
DOC-0003409,LG-000335,Survey Record,1,1,1,2022-12-05,2022-12-31,Verified
DOC-0003410,LG-000335,Ownership Proof,0,0,1,,,Pending
DOC-0003411,LG-000335,Identity Document,1,1,1,2022-11-22,2022-12-23,Verified
DOC-0003412,LG-000335,Land Record,1,1,1,2022-11-05,2022-11-15,Verified
DOC-0003413,LG-000335,Compensation Document,1,0,0,2022-10-25,,Submitted
DOC-0003414,LG-000335,Land Record,1,1,1,2022-11-28,2022-12-27,Verified
DOC-0003415,LG-000335,Compensation Document,1,1,1,2022-12-09,2023-01-17,Verified
DOC-0003416,LG-000335,Compensation Document,1,1,0,2022-12-15,2023-01-15,Verified
DOC-0003417,LG-000335,Land Record,0,0,1,,,Pending
DOC-0003418,LG-000336,Land Record,1,1,1,2019-11-23,2019-12-22,Verified
DOC-0003419,LG-000336,Compensation Document,0,0,1,,,Pending
DOC-0003420,LG-000336,Ownership Proof,1,0,0,2019-12-10,,Submitted
DOC-0003421,LG-000336,Identity Document,1,1,0,2019-11-09,2019-11-28,Verified
DOC-0003422,LG-000336,Land Record,1,1,0,2019-12-03,2020-01-12,Verified
DOC-0003423,LG-000336,Ownership Proof,0,0,0,,,Pending
DOC-0003424,LG-000336,Survey Record,1,0,1,2019-11-20,,Submitted
DOC-0003425,LG-000336,Compensation Document,1,1,1,2019-11-24,2019-12-15,Verified
DOC-0003426,LG-000336,Identity Document,0,0,1,,,Pending
DOC-0003427,LG-000336,Ownership Proof,1,0,0,2019-12-04,,Submitted
DOC-0003428,LG-000336,Compensation Document,0,0,1,,,Pending
DOC-0003429,LG-000336,Survey Record,1,1,0,2019-11-20,2019-12-19,Verified
DOC-0003430,LG-000336,Compensation Document,0,0,0,,,Pending
DOC-0003431,LG-000336,Survey Record,1,1,1,2019-11-21,2019-12-20,Verified
DOC-0003432,LG-000336,Survey Record,1,0,1,2019-12-09,,Submitted
DOC-0003433,LG-000337,Compensation Document,1,1,0,2024-10-31,2024-11-21,Verified
DOC-0003434,LG-000337,Identity Document,1,0,0,2024-11-11,,Submitted
DOC-0003435,LG-000337,Compensation Document,1,1,1,2024-10-30,2024-11-28,Verified
DOC-0003436,LG-000337,Survey Record,0,0,0,,,Pending
DOC-0003437,LG-000337,Ownership Proof,0,0,1,,,Pending
DOC-0003438,LG-000337,Survey Record,0,0,1,,,Pending
DOC-0003439,LG-000337,Identity Document,0,0,1,,,Pending
DOC-0003440,LG-000337,Survey Record,1,0,0,2024-11-27,,Submitted
DOC-0003441,LG-000337,Ownership Proof,1,1,0,2024-11-01,2024-12-06,Verified
DOC-0003442,LG-000337,Compensation Document,1,1,1,2024-12-04,2025-01-08,Verified
DOC-0003443,LG-000338,Land Record,1,0,0,2020-08-04,,Submitted
DOC-0003444,LG-000338,Compensation Document,1,1,1,2020-07-19,2020-08-08,Verified
DOC-0003445,LG-000338,Identity Document,0,0,0,,,Pending
DOC-0003446,LG-000338,Ownership Proof,0,0,0,,,Pending
DOC-0003447,LG-000338,Survey Record,1,1,0,2020-07-19,2020-08-16,Verified
DOC-0003448,LG-000338,Survey Record,1,0,0,2020-08-15,,Submitted
DOC-0003449,LG-000338,Survey Record,1,1,0,2020-08-07,2020-09-13,Verified
DOC-0003450,LG-000338,Compensation Document,1,1,0,2020-08-12,2020-08-23,Verified
DOC-0003451,LG-000338,Compensation Document,1,1,0,2020-07-17,2020-08-07,Verified
DOC-0003452,LG-000338,Land Record,1,1,0,2020-08-25,2020-09-20,Verified
DOC-0003453,LG-000338,Ownership Proof,1,1,0,2020-07-22,2020-08-21,Verified
DOC-0003454,LG-000338,Compensation Document,1,0,0,2020-08-13,,Submitted
DOC-0003455,LG-000338,Compensation Document,1,1,0,2020-08-03,2020-08-20,Verified
DOC-0003456,LG-000338,Land Record,0,0,0,,,Pending
DOC-0003457,LG-000338,Compensation Document,1,1,0,2020-07-02,2020-07-17,Verified
DOC-0003458,LG-000339,Identity Document,1,0,0,2022-04-12,,Submitted
DOC-0003459,LG-000339,Land Record,1,0,1,2022-04-22,,Submitted
DOC-0003460,LG-000339,Ownership Proof,1,1,0,2022-05-12,2022-05-26,Verified
DOC-0003461,LG-000339,Compensation Document,1,1,0,2022-04-20,2022-05-25,Verified
DOC-0003462,LG-000339,Land Record,1,1,0,2022-05-03,2022-05-21,Verified
DOC-0003463,LG-000339,Compensation Document,1,0,0,2022-05-04,,Submitted
DOC-0003464,LG-000339,Land Record,1,1,0,2022-04-05,2022-05-02,Verified
DOC-0003465,LG-000339,Land Record,1,1,0,2022-04-12,2022-04-22,Verified
DOC-0003466,LG-000339,Land Record,1,1,0,2022-04-18,2022-05-10,Verified
DOC-0003467,LG-000339,Survey Record,1,1,0,2022-05-08,2022-06-08,Verified
DOC-0003468,LG-000339,Land Record,1,1,0,2022-04-23,2022-05-06,Verified
DOC-0003469,LG-000339,Identity Document,1,1,0,2022-05-18,2022-06-05,Verified
DOC-0003470,LG-000339,Survey Record,1,1,0,2022-05-08,2022-05-24,Verified
DOC-0003471,LG-000339,Land Record,1,0,0,2022-05-22,,Submitted
DOC-0003472,LG-000339,Survey Record,1,1,0,2022-05-15,2022-06-01,Verified
DOC-0003473,LG-000340,Ownership Proof,1,0,0,2018-05-09,,Submitted
DOC-0003474,LG-000340,Survey Record,1,1,0,2018-05-15,2018-06-03,Verified
DOC-0003475,LG-000340,Land Record,1,1,0,2018-04-10,2018-05-17,Verified
DOC-0003476,LG-000340,Survey Record,1,1,0,2018-03-31,2018-04-11,Verified
DOC-0003477,LG-000340,Compensation Document,1,1,0,2018-04-30,2018-05-21,Verified
DOC-0003478,LG-000340,Compensation Document,1,1,0,2018-05-20,2018-06-03,Verified
DOC-0003479,LG-000340,Compensation Document,1,1,0,2018-05-17,2018-06-20,Verified
DOC-0003480,LG-000340,Identity Document,1,1,0,2018-03-30,2018-04-09,Verified
DOC-0003481,LG-000340,Ownership Proof,1,1,0,2018-05-04,2018-06-10,Verified
DOC-0003482,LG-000340,Ownership Proof,1,1,0,2018-05-21,2018-06-10,Verified
DOC-0003483,LG-000340,Compensation Document,1,0,0,2018-03-31,,Submitted
DOC-0003484,LG-000340,Compensation Document,1,1,0,2018-04-17,2018-05-01,Verified
DOC-0003485,LG-000340,Survey Record,1,1,0,2018-04-04,2018-05-10,Verified
DOC-0003486,LG-000340,Compensation Document,1,1,1,2018-04-19,2018-05-07,Verified
DOC-0003487,LG-000341,Land Record,1,1,0,2018-10-14,2018-11-10,Verified
DOC-0003488,LG-000341,Identity Document,0,0,1,,,Pending
DOC-0003489,LG-000341,Survey Record,1,1,0,2018-11-19,2018-12-20,Verified
DOC-0003490,LG-000341,Identity Document,1,1,0,2018-10-27,2018-11-15,Verified
DOC-0003491,LG-000341,Compensation Document,1,1,0,2018-10-08,2018-10-24,Verified
DOC-0003492,LG-000342,Compensation Document,1,1,0,2020-06-11,2020-07-19,Verified
DOC-0003493,LG-000342,Identity Document,1,1,1,2020-05-18,2020-06-25,Verified
DOC-0003494,LG-000342,Compensation Document,1,1,0,2020-06-08,2020-07-12,Verified
DOC-0003495,LG-000342,Identity Document,0,0,1,,,Pending
DOC-0003496,LG-000342,Ownership Proof,1,0,0,2020-06-13,,Submitted
DOC-0003497,LG-000342,Compensation Document,1,1,0,2020-07-07,2020-07-27,Verified
DOC-0003498,LG-000342,Ownership Proof,1,1,1,2020-07-10,2020-07-21,Verified
DOC-0003499,LG-000342,Compensation Document,1,1,0,2020-07-09,2020-08-07,Verified
DOC-0003500,LG-000342,Compensation Document,1,0,1,2020-06-26,,Submitted
DOC-0003501,LG-000343,Identity Document,1,1,0,2018-08-14,2018-09-17,Verified
DOC-0003502,LG-000343,Survey Record,1,1,0,2018-09-04,2018-10-07,Verified
DOC-0003503,LG-000343,Survey Record,1,1,0,2018-08-16,2018-09-21,Verified
DOC-0003504,LG-000343,Identity Document,1,0,0,2018-08-08,,Submitted
DOC-0003505,LG-000343,Identity Document,1,1,0,2018-09-04,2018-09-15,Verified
DOC-0003506,LG-000343,Land Record,1,1,0,2018-09-04,2018-10-10,Verified
DOC-0003507,LG-000343,Ownership Proof,1,1,0,2018-07-14,2018-08-22,Verified
DOC-0003508,LG-000343,Identity Document,1,0,0,2018-08-23,,Submitted
DOC-0003509,LG-000343,Compensation Document,1,1,0,2018-07-16,2018-08-21,Verified
DOC-0003510,LG-000343,Survey Record,1,0,0,2018-08-18,,Submitted
DOC-0003511,LG-000343,Ownership Proof,1,1,0,2018-08-05,2018-08-18,Verified
DOC-0003512,LG-000343,Land Record,1,1,0,2018-07-16,2018-08-04,Verified
DOC-0003513,LG-000343,Identity Document,1,1,0,2018-07-26,2018-08-30,Verified
DOC-0003514,LG-000343,Land Record,1,1,0,2018-07-13,2018-08-03,Verified
DOC-0003515,LG-000343,Survey Record,1,0,0,2018-07-29,,Submitted
DOC-0003516,LG-000344,Ownership Proof,0,0,1,,,Pending
DOC-0003517,LG-000344,Ownership Proof,1,0,0,2018-12-24,,Submitted
DOC-0003518,LG-000344,Land Record,1,1,0,2019-02-07,2019-03-06,Verified
DOC-0003519,LG-000344,Land Record,1,1,1,2019-01-31,2019-03-11,Verified
DOC-0003520,LG-000344,Identity Document,1,1,0,2018-12-25,2019-01-14,Verified
DOC-0003521,LG-000344,Compensation Document,1,1,0,2019-01-16,2019-01-29,Verified
DOC-0003522,LG-000344,Survey Record,1,0,1,2019-01-29,,Submitted
DOC-0003523,LG-000344,Land Record,1,1,0,2019-02-03,2019-03-15,Verified
DOC-0003524,LG-000344,Land Record,1,0,0,2019-01-07,,Submitted
DOC-0003525,LG-000344,Compensation Document,1,1,0,2019-01-14,2019-02-08,Verified
DOC-0003526,LG-000344,Land Record,1,0,0,2019-01-28,,Submitted
DOC-0003527,LG-000344,Survey Record,1,1,0,2019-01-01,2019-01-29,Verified
DOC-0003528,LG-000344,Identity Document,1,1,0,2019-01-23,2019-02-06,Verified
DOC-0003529,LG-000344,Survey Record,1,0,0,2018-12-31,,Submitted
DOC-0003530,LG-000344,Land Record,0,0,0,,,Pending
DOC-0003531,LG-000345,Survey Record,1,1,1,2020-08-08,2020-09-10,Verified
DOC-0003532,LG-000345,Land Record,1,0,0,2020-08-23,,Submitted
DOC-0003533,LG-000345,Compensation Document,0,0,0,,,Pending
DOC-0003534,LG-000345,Survey Record,1,0,1,2020-08-06,,Submitted
DOC-0003535,LG-000345,Identity Document,1,1,0,2020-08-26,2020-09-07,Verified
DOC-0003536,LG-000345,Ownership Proof,1,1,0,2020-08-30,2020-09-22,Verified
DOC-0003537,LG-000345,Compensation Document,1,1,0,2020-08-17,2020-09-10,Verified
DOC-0003538,LG-000345,Compensation Document,0,0,1,,,Pending
DOC-0003539,LG-000345,Identity Document,1,0,0,2020-08-22,,Submitted
DOC-0003540,LG-000345,Ownership Proof,1,0,1,2020-08-30,,Submitted
DOC-0003541,LG-000345,Compensation Document,0,0,0,,,Pending
DOC-0003542,LG-000345,Ownership Proof,1,1,1,2020-07-21,2020-08-08,Verified
DOC-0003543,LG-000346,Survey Record,1,1,0,2020-11-04,2020-11-26,Verified
DOC-0003544,LG-000346,Compensation Document,1,1,0,2020-11-27,2020-12-10,Verified
DOC-0003545,LG-000346,Identity Document,1,1,0,2020-12-04,2021-01-09,Verified
DOC-0003546,LG-000346,Survey Record,1,1,0,2020-10-24,2020-11-11,Verified
DOC-0003547,LG-000346,Identity Document,1,1,0,2020-11-11,2020-11-22,Verified
DOC-0003548,LG-000346,Identity Document,1,1,0,2020-11-24,2020-12-19,Verified
DOC-0003549,LG-000347,Survey Record,1,1,1,2025-01-12,2025-02-06,Verified
DOC-0003550,LG-000347,Land Record,1,0,1,2025-01-30,,Submitted
DOC-0003551,LG-000347,Land Record,1,1,0,2025-01-16,2025-02-19,Verified
DOC-0003552,LG-000347,Compensation Document,1,1,1,2025-01-18,2025-02-09,Verified
DOC-0003553,LG-000347,Land Record,0,0,0,,,Pending
DOC-0003554,LG-000347,Ownership Proof,1,0,1,2025-01-05,,Submitted
DOC-0003555,LG-000347,Ownership Proof,1,0,1,2024-12-19,,Submitted
DOC-0003556,LG-000347,Identity Document,1,1,0,2025-02-02,2025-02-14,Verified
DOC-0003557,LG-000347,Compensation Document,1,0,1,2025-01-14,,Submitted
DOC-0003558,LG-000347,Land Record,0,0,0,,,Pending
DOC-0003559,LG-000347,Ownership Proof,1,1,0,2024-12-27,2025-01-19,Verified
DOC-0003560,LG-000348,Land Record,1,1,0,2020-07-13,2020-08-15,Verified
DOC-0003561,LG-000348,Land Record,1,1,0,2020-07-29,2020-08-13,Verified
DOC-0003562,LG-000348,Ownership Proof,1,0,1,2020-08-25,,Submitted
DOC-0003563,LG-000348,Compensation Document,1,0,0,2020-07-18,,Submitted
DOC-0003564,LG-000348,Identity Document,1,1,0,2020-07-25,2020-08-31,Verified
DOC-0003565,LG-000348,Ownership Proof,1,1,0,2020-07-12,2020-08-21,Verified
DOC-0003566,LG-000348,Survey Record,0,0,0,,,Pending
DOC-0003567,LG-000348,Ownership Proof,0,0,0,,,Pending
DOC-0003568,LG-000348,Compensation Document,0,0,0,,,Pending
DOC-0003569,LG-000348,Identity Document,1,1,0,2020-07-22,2020-08-21,Verified
DOC-0003570,LG-000348,Compensation Document,1,0,0,2020-07-29,,Submitted
DOC-0003571,LG-000348,Survey Record,1,1,0,2020-08-02,2020-08-21,Verified
DOC-0003572,LG-000348,Compensation Document,1,0,0,2020-07-22,,Submitted
DOC-0003573,LG-000348,Ownership Proof,1,1,1,2020-08-17,2020-09-14,Verified
DOC-0003574,LG-000348,Survey Record,1,1,0,2020-07-12,2020-08-16,Verified
DOC-0003575,LG-000349,Survey Record,1,1,0,2022-11-07,2022-11-22,Verified
DOC-0003576,LG-000349,Identity Document,1,1,0,2022-12-07,2022-12-29,Verified
DOC-0003577,LG-000349,Compensation Document,1,1,0,2022-11-13,2022-12-16,Verified
DOC-0003578,LG-000349,Land Record,1,0,0,2022-12-06,,Submitted
DOC-0003579,LG-000349,Ownership Proof,1,0,0,2022-11-23,,Submitted
DOC-0003580,LG-000349,Compensation Document,1,1,0,2022-12-15,2023-01-05,Verified
DOC-0003581,LG-000349,Compensation Document,1,1,0,2022-11-30,2022-12-24,Verified
DOC-0003582,LG-000349,Compensation Document,1,0,0,2022-11-29,,Submitted
DOC-0003583,LG-000349,Identity Document,1,0,0,2022-11-07,,Submitted
DOC-0003584,LG-000350,Survey Record,1,1,1,2024-01-16,2024-01-26,Verified
DOC-0003585,LG-000350,Ownership Proof,1,1,0,2024-01-10,2024-01-22,Verified
DOC-0003586,LG-000350,Ownership Proof,1,1,0,2024-01-14,2024-02-01,Verified
DOC-0003587,LG-000350,Survey Record,1,0,0,2024-02-01,,Submitted
DOC-0003588,LG-000350,Land Record,1,0,1,2024-01-29,,Submitted
DOC-0003589,LG-000350,Compensation Document,1,1,0,2023-12-28,2024-01-27,Verified
DOC-0003590,LG-000350,Land Record,1,1,0,2024-01-09,2024-02-18,Verified
DOC-0003591,LG-000350,Survey Record,1,0,0,2023-12-25,,Submitted
DOC-0003592,LG-000350,Identity Document,1,1,0,2024-01-12,2024-01-30,Verified
DOC-0003593,LG-000350,Survey Record,0,0,0,,,Pending
DOC-0003594,LG-000350,Ownership Proof,1,1,0,2024-01-21,2024-02-11,Verified
DOC-0003595,LG-000351,Identity Document,1,0,0,2022-12-12,,Submitted
DOC-0003596,LG-000351,Compensation Document,1,0,0,2022-11-22,,Submitted
DOC-0003597,LG-000351,Ownership Proof,0,0,0,,,Pending
DOC-0003598,LG-000351,Ownership Proof,1,1,0,2022-11-12,2022-12-13,Verified
DOC-0003599,LG-000351,Compensation Document,1,0,0,2022-12-14,,Submitted
DOC-0003600,LG-000351,Compensation Document,1,1,0,2022-12-14,2023-01-04,Verified
DOC-0003601,LG-000351,Ownership Proof,1,1,0,2022-11-16,2022-12-14,Verified
DOC-0003602,LG-000351,Identity Document,1,0,0,2022-11-10,,Submitted
DOC-0003603,LG-000351,Land Record,1,1,1,2022-11-29,2022-12-21,Verified
DOC-0003604,LG-000352,Identity Document,1,1,0,2021-10-21,2021-11-17,Verified
DOC-0003605,LG-000352,Identity Document,1,1,0,2021-11-30,2022-01-07,Verified
DOC-0003606,LG-000352,Survey Record,1,1,0,2021-11-13,2021-12-12,Verified
DOC-0003607,LG-000352,Ownership Proof,1,1,1,2021-11-28,2021-12-11,Verified
DOC-0003608,LG-000352,Identity Document,1,0,0,2021-11-05,,Submitted
DOC-0003609,LG-000352,Identity Document,1,1,0,2021-11-04,2021-11-14,Verified
DOC-0003610,LG-000352,Compensation Document,1,1,0,2021-11-25,2021-12-25,Verified
DOC-0003611,LG-000352,Ownership Proof,1,1,0,2021-10-18,2021-11-19,Verified
DOC-0003612,LG-000353,Compensation Document,0,0,0,,,Pending
DOC-0003613,LG-000353,Ownership Proof,1,1,0,2022-05-24,2022-06-16,Verified
DOC-0003614,LG-000353,Compensation Document,0,0,1,,,Pending
DOC-0003615,LG-000353,Survey Record,1,1,0,2022-05-18,2022-05-29,Verified
DOC-0003616,LG-000353,Survey Record,1,1,1,2022-04-11,2022-04-22,Verified
DOC-0003617,LG-000354,Ownership Proof,1,0,0,2020-10-11,,Submitted
DOC-0003618,LG-000354,Ownership Proof,1,0,0,2020-09-19,,Submitted
DOC-0003619,LG-000354,Ownership Proof,1,1,1,2020-11-05,2020-11-17,Verified
DOC-0003620,LG-000354,Ownership Proof,1,0,0,2020-10-23,,Submitted
DOC-0003621,LG-000354,Survey Record,1,1,1,2020-11-02,2020-11-17,Verified
DOC-0003622,LG-000354,Survey Record,1,0,0,2020-10-27,,Submitted
DOC-0003623,LG-000354,Identity Document,1,0,0,2020-09-28,,Submitted
DOC-0003624,LG-000354,Land Record,1,0,0,2020-10-21,,Submitted
DOC-0003625,LG-000355,Ownership Proof,1,0,1,2021-04-06,,Submitted
DOC-0003626,LG-000355,Identity Document,0,0,0,,,Pending
DOC-0003627,LG-000355,Ownership Proof,0,0,0,,,Pending
DOC-0003628,LG-000355,Identity Document,1,1,0,2021-03-18,2021-04-14,Verified
DOC-0003629,LG-000355,Compensation Document,1,0,0,2021-03-03,,Submitted
DOC-0003630,LG-000355,Land Record,1,0,1,2021-04-19,,Submitted
DOC-0003631,LG-000355,Land Record,1,0,0,2021-03-31,,Submitted
DOC-0003632,LG-000355,Survey Record,1,1,1,2021-04-01,2021-04-27,Verified
DOC-0003633,LG-000355,Ownership Proof,1,0,0,2021-03-09,,Submitted
DOC-0003634,LG-000355,Ownership Proof,1,0,0,2021-03-03,,Submitted
DOC-0003635,LG-000355,Survey Record,1,1,0,2021-03-16,2021-04-15,Verified
DOC-0003636,LG-000355,Compensation Document,1,0,0,2021-04-08,,Submitted
DOC-0003637,LG-000355,Identity Document,1,1,0,2021-04-12,2021-04-23,Verified
DOC-0003638,LG-000355,Ownership Proof,1,0,1,2021-03-14,,Submitted
DOC-0003639,LG-000355,Compensation Document,1,1,0,2021-04-14,2021-05-05,Verified
DOC-0003640,LG-000356,Ownership Proof,1,0,0,2021-07-22,,Submitted
DOC-0003641,LG-000356,Land Record,1,0,0,2021-08-08,,Submitted
DOC-0003642,LG-000356,Compensation Document,1,1,1,2021-08-25,2021-10-01,Verified
DOC-0003643,LG-000356,Ownership Proof,1,1,1,2021-07-11,2021-08-01,Verified
DOC-0003644,LG-000356,Ownership Proof,1,1,0,2021-08-08,2021-08-18,Verified
DOC-0003645,LG-000356,Identity Document,1,1,0,2021-07-20,2021-08-15,Verified
DOC-0003646,LG-000356,Land Record,1,0,0,2021-07-20,,Submitted
DOC-0003647,LG-000356,Land Record,1,0,0,2021-08-14,,Submitted
DOC-0003648,LG-000356,Compensation Document,1,1,0,2021-07-17,2021-08-20,Verified
DOC-0003649,LG-000356,Land Record,1,1,0,2021-07-29,2021-08-19,Verified
DOC-0003650,LG-000356,Compensation Document,1,1,0,2021-08-24,2021-09-29,Verified
DOC-0003651,LG-000356,Identity Document,1,1,0,2021-08-16,2021-09-20,Verified
DOC-0003652,LG-000357,Identity Document,0,0,1,,,Pending
DOC-0003653,LG-000357,Identity Document,1,0,1,2019-05-23,,Submitted
DOC-0003654,LG-000357,Survey Record,1,1,0,2019-05-05,2019-05-22,Verified
DOC-0003655,LG-000357,Compensation Document,1,1,1,2019-05-23,2019-06-10,Verified
DOC-0003656,LG-000357,Identity Document,1,1,0,2019-06-05,2019-07-05,Verified
DOC-0003657,LG-000357,Survey Record,1,0,0,2019-05-20,,Submitted
DOC-0003658,LG-000357,Survey Record,1,1,0,2019-04-22,2019-05-18,Verified
DOC-0003659,LG-000357,Survey Record,1,0,0,2019-05-04,,Submitted
DOC-0003660,LG-000358,Compensation Document,0,0,1,,,Pending
DOC-0003661,LG-000358,Survey Record,1,1,1,2023-12-02,2024-01-03,Verified
DOC-0003662,LG-000358,Ownership Proof,0,0,1,,,Pending
DOC-0003663,LG-000358,Identity Document,1,1,1,2023-10-15,2023-11-10,Verified
DOC-0003664,LG-000358,Compensation Document,1,1,0,2023-11-15,2023-12-05,Verified
DOC-0003665,LG-000358,Survey Record,1,0,1,2023-11-15,,Submitted
DOC-0003666,LG-000358,Survey Record,1,0,1,2023-10-21,,Submitted
DOC-0003667,LG-000358,Ownership Proof,1,1,1,2023-11-24,2023-12-19,Verified
DOC-0003668,LG-000358,Compensation Document,0,0,0,,,Pending
DOC-0003669,LG-000358,Compensation Document,1,1,1,2023-12-09,2024-01-02,Verified
DOC-0003670,LG-000358,Survey Record,0,0,1,,,Pending
DOC-0003671,LG-000358,Land Record,1,1,1,2023-11-17,2023-12-17,Verified
DOC-0003672,LG-000358,Ownership Proof,1,0,1,2023-11-09,,Submitted
DOC-0003673,LG-000358,Ownership Proof,1,0,1,2023-11-25,,Submitted
DOC-0003674,LG-000358,Identity Document,0,0,0,,,Pending
DOC-0003675,LG-000359,Ownership Proof,1,1,0,2022-09-19,2022-10-13,Verified
DOC-0003676,LG-000359,Survey Record,1,1,1,2022-10-01,2022-10-31,Verified
DOC-0003677,LG-000359,Land Record,1,1,0,2022-09-14,2022-09-29,Verified
DOC-0003678,LG-000359,Compensation Document,1,0,0,2022-09-21,,Submitted
DOC-0003679,LG-000359,Survey Record,1,0,0,2022-09-25,,Submitted
DOC-0003680,LG-000359,Identity Document,1,1,0,2022-11-01,2022-12-10,Verified
DOC-0003681,LG-000359,Ownership Proof,1,0,1,2022-10-12,,Submitted
DOC-0003682,LG-000359,Ownership Proof,1,1,1,2022-09-17,2022-10-19,Verified
DOC-0003683,LG-000359,Land Record,1,1,0,2022-09-19,2022-10-22,Verified
DOC-0003684,LG-000359,Identity Document,1,0,0,2022-10-27,,Submitted
DOC-0003685,LG-000359,Identity Document,1,1,1,2022-11-07,2022-12-15,Verified
DOC-0003686,LG-000359,Compensation Document,1,0,0,2022-10-24,,Submitted
DOC-0003687,LG-000359,Survey Record,0,0,1,,,Pending
DOC-0003688,LG-000359,Compensation Document,1,1,0,2022-10-09,2022-11-15,Verified
DOC-0003689,LG-000359,Survey Record,1,1,0,2022-10-29,2022-11-08,Verified
DOC-0003690,LG-000360,Compensation Document,1,1,0,2022-12-14,2022-12-30,Verified
DOC-0003691,LG-000360,Survey Record,1,1,0,2022-10-31,2022-11-16,Verified
DOC-0003692,LG-000360,Survey Record,1,1,0,2022-12-13,2023-01-20,Verified
DOC-0003693,LG-000360,Land Record,1,1,0,2022-12-11,2022-12-31,Verified
DOC-0003694,LG-000360,Survey Record,1,0,0,2022-11-12,,Submitted
DOC-0003695,LG-000360,Survey Record,1,0,0,2022-11-09,,Submitted
DOC-0003696,LG-000360,Land Record,1,0,1,2022-12-09,,Submitted
DOC-0003697,LG-000360,Ownership Proof,1,1,0,2022-11-23,2022-12-22,Verified
DOC-0003698,LG-000360,Survey Record,1,1,0,2022-11-13,2022-12-20,Verified
DOC-0003699,LG-000361,Survey Record,1,1,0,2021-11-19,2021-12-01,Verified
DOC-0003700,LG-000361,Identity Document,1,1,0,2021-11-12,2021-12-19,Verified
DOC-0003701,LG-000361,Ownership Proof,1,0,0,2021-12-09,,Submitted
DOC-0003702,LG-000361,Ownership Proof,1,1,0,2021-12-06,2022-01-06,Verified
DOC-0003703,LG-000361,Survey Record,1,1,0,2021-12-27,2022-01-30,Verified
DOC-0003704,LG-000362,Ownership Proof,1,1,1,2020-07-06,2020-08-12,Verified
DOC-0003705,LG-000362,Land Record,1,1,1,2020-07-18,2020-08-04,Verified
DOC-0003706,LG-000362,Compensation Document,1,1,0,2020-06-25,2020-08-04,Verified
DOC-0003707,LG-000362,Survey Record,0,0,1,,,Pending
DOC-0003708,LG-000362,Ownership Proof,0,0,0,,,Pending
DOC-0003709,LG-000362,Compensation Document,1,1,0,2020-05-29,2020-06-29,Verified
DOC-0003710,LG-000362,Identity Document,1,0,1,2020-07-02,,Submitted
DOC-0003711,LG-000362,Survey Record,1,1,0,2020-06-13,2020-06-25,Verified
DOC-0003712,LG-000362,Survey Record,1,0,1,2020-06-28,,Submitted
DOC-0003713,LG-000362,Identity Document,0,0,0,,,Pending
DOC-0003714,LG-000363,Land Record,1,1,0,2020-06-20,2020-07-09,Verified
DOC-0003715,LG-000363,Survey Record,0,0,1,,,Pending
DOC-0003716,LG-000363,Compensation Document,1,0,1,2020-04-30,,Submitted
DOC-0003717,LG-000363,Land Record,0,0,0,,,Pending
DOC-0003718,LG-000363,Survey Record,1,0,1,2020-06-13,,Submitted
DOC-0003719,LG-000363,Survey Record,0,0,0,,,Pending
DOC-0003720,LG-000363,Compensation Document,1,1,0,2020-05-12,2020-06-13,Verified
DOC-0003721,LG-000363,Compensation Document,1,1,1,2020-05-09,2020-05-28,Verified
DOC-0003722,LG-000363,Compensation Document,1,1,0,2020-05-31,2020-06-15,Verified
DOC-0003723,LG-000363,Ownership Proof,1,1,0,2020-05-25,2020-06-28,Verified
DOC-0003724,LG-000363,Identity Document,1,1,0,2020-05-25,2020-07-03,Verified
DOC-0003725,LG-000363,Land Record,0,0,0,,,Pending
DOC-0003726,LG-000363,Identity Document,1,0,0,2020-06-03,,Submitted
DOC-0003727,LG-000363,Compensation Document,1,0,0,2020-06-03,,Submitted
DOC-0003728,LG-000364,Compensation Document,1,1,0,2018-10-18,2018-11-18,Verified
DOC-0003729,LG-000364,Survey Record,1,0,1,2018-10-25,,Submitted
DOC-0003730,LG-000364,Land Record,1,0,0,2018-10-31,,Submitted
DOC-0003731,LG-000364,Identity Document,1,1,0,2018-09-08,2018-09-21,Verified
DOC-0003732,LG-000364,Identity Document,1,1,0,2018-10-28,2018-11-19,Verified
DOC-0003733,LG-000364,Ownership Proof,1,0,1,2018-10-18,,Submitted
DOC-0003734,LG-000364,Survey Record,1,1,0,2018-10-09,2018-11-03,Verified
DOC-0003735,LG-000364,Survey Record,0,0,0,,,Pending
DOC-0003736,LG-000364,Ownership Proof,0,0,0,,,Pending
DOC-0003737,LG-000364,Survey Record,1,1,0,2018-10-30,2018-11-20,Verified
DOC-0003738,LG-000364,Land Record,1,1,0,2018-10-04,2018-11-06,Verified
DOC-0003739,LG-000365,Compensation Document,0,0,0,,,Pending
DOC-0003740,LG-000365,Identity Document,0,0,1,,,Pending
DOC-0003741,LG-000365,Identity Document,1,1,1,2018-12-25,2019-02-01,Verified
DOC-0003742,LG-000365,Land Record,1,1,1,2019-01-28,2019-02-21,Verified
DOC-0003743,LG-000365,Identity Document,0,0,1,,,Pending
DOC-0003744,LG-000365,Identity Document,0,0,1,,,Pending
DOC-0003745,LG-000365,Compensation Document,0,0,0,,,Pending
DOC-0003746,LG-000365,Survey Record,0,0,1,,,Pending
DOC-0003747,LG-000365,Survey Record,0,0,0,,,Pending
DOC-0003748,LG-000365,Compensation Document,1,1,0,2019-01-17,2019-02-19,Verified
DOC-0003749,LG-000365,Land Record,1,0,1,2019-01-08,,Submitted
DOC-0003750,LG-000365,Ownership Proof,1,1,0,2019-02-12,2019-03-11,Verified
DOC-0003751,LG-000365,Compensation Document,1,1,0,2019-01-17,2019-01-27,Verified
DOC-0003752,LG-000365,Ownership Proof,1,0,1,2019-02-11,,Submitted
DOC-0003753,LG-000366,Ownership Proof,1,1,0,2020-04-20,2020-05-03,Verified
DOC-0003754,LG-000366,Ownership Proof,1,1,0,2020-04-01,2020-04-12,Verified
DOC-0003755,LG-000366,Survey Record,1,1,1,2020-03-23,2020-04-25,Verified
DOC-0003756,LG-000366,Identity Document,1,1,0,2020-04-18,2020-05-24,Verified
DOC-0003757,LG-000366,Compensation Document,0,0,0,,,Pending
DOC-0003758,LG-000366,Compensation Document,0,0,0,,,Pending
DOC-0003759,LG-000366,Land Record,0,0,0,,,Pending
DOC-0003760,LG-000366,Survey Record,1,1,0,2020-04-16,2020-04-26,Verified
DOC-0003761,LG-000366,Compensation Document,1,1,0,2020-04-26,2020-05-26,Verified
DOC-0003762,LG-000366,Land Record,1,1,0,2020-04-12,2020-04-23,Verified
DOC-0003763,LG-000366,Compensation Document,1,1,0,2020-04-14,2020-05-06,Verified
DOC-0003764,LG-000366,Land Record,1,1,0,2020-04-19,2020-05-02,Verified
DOC-0003765,LG-000366,Compensation Document,1,1,0,2020-04-13,2020-05-20,Verified
DOC-0003766,LG-000366,Compensation Document,1,1,0,2020-04-07,2020-04-29,Verified
DOC-0003767,LG-000367,Land Record,1,1,0,2020-05-31,2020-07-05,Verified
DOC-0003768,LG-000367,Identity Document,1,1,0,2020-06-26,2020-07-06,Verified
DOC-0003769,LG-000367,Compensation Document,0,0,1,,,Pending
DOC-0003770,LG-000367,Compensation Document,1,1,1,2020-06-13,2020-06-24,Verified
DOC-0003771,LG-000367,Survey Record,1,0,0,2020-07-10,,Submitted
DOC-0003772,LG-000368,Ownership Proof,1,1,0,2019-11-03,2019-12-06,Verified
DOC-0003773,LG-000368,Identity Document,1,1,0,2019-12-06,2019-12-22,Verified
DOC-0003774,LG-000368,Compensation Document,1,1,0,2019-11-15,2019-12-11,Verified
DOC-0003775,LG-000368,Land Record,1,1,1,2019-11-15,2019-12-16,Verified
DOC-0003776,LG-000368,Survey Record,1,1,1,2019-12-21,2020-01-11,Verified
DOC-0003777,LG-000368,Ownership Proof,1,1,0,2019-11-10,2019-12-09,Verified
DOC-0003778,LG-000368,Ownership Proof,1,1,0,2019-12-04,2019-12-19,Verified
DOC-0003779,LG-000368,Land Record,1,1,0,2019-11-15,2019-12-20,Verified
DOC-0003780,LG-000368,Survey Record,1,1,0,2019-11-10,2019-12-15,Verified
DOC-0003781,LG-000368,Identity Document,1,1,0,2019-12-16,2020-01-14,Verified
DOC-0003782,LG-000368,Compensation Document,1,1,0,2019-12-12,2020-01-19,Verified
DOC-0003783,LG-000368,Identity Document,1,0,0,2019-10-31,,Submitted
DOC-0003784,LG-000368,Ownership Proof,1,0,0,2019-11-09,,Submitted
DOC-0003785,LG-000369,Identity Document,1,1,0,2023-08-07,2023-09-12,Verified
DOC-0003786,LG-000369,Identity Document,1,1,1,2023-08-23,2023-09-27,Verified
DOC-0003787,LG-000369,Identity Document,1,0,1,2023-08-04,,Submitted
DOC-0003788,LG-000369,Land Record,1,1,1,2023-08-23,2023-09-02,Verified
DOC-0003789,LG-000369,Land Record,0,0,1,,,Pending
DOC-0003790,LG-000369,Identity Document,1,1,0,2023-08-28,2023-09-27,Verified
DOC-0003791,LG-000370,Compensation Document,1,1,1,2018-12-04,2018-12-18,Verified
DOC-0003792,LG-000370,Compensation Document,1,1,1,2018-12-23,2019-01-27,Verified
DOC-0003793,LG-000370,Land Record,1,1,1,2019-01-05,2019-02-05,Verified
DOC-0003794,LG-000370,Identity Document,1,1,1,2018-12-30,2019-01-29,Verified
DOC-0003795,LG-000370,Survey Record,1,1,1,2018-12-05,2018-12-22,Verified
DOC-0003796,LG-000370,Identity Document,1,1,1,2018-12-26,2019-02-01,Verified
DOC-0003797,LG-000371,Identity Document,1,1,0,2024-11-09,2024-11-30,Verified
DOC-0003798,LG-000371,Land Record,1,1,1,2024-11-22,2024-12-02,Verified
DOC-0003799,LG-000371,Survey Record,1,0,0,2024-10-05,,Submitted
DOC-0003800,LG-000371,Ownership Proof,1,1,1,2024-11-23,2025-01-02,Verified
DOC-0003801,LG-000371,Identity Document,1,0,1,2024-10-20,,Submitted
DOC-0003802,LG-000371,Ownership Proof,1,1,0,2024-11-02,2024-11-21,Verified
DOC-0003803,LG-000371,Ownership Proof,1,0,1,2024-10-04,,Submitted
DOC-0003804,LG-000371,Land Record,1,0,1,2024-11-12,,Submitted
DOC-0003805,LG-000371,Compensation Document,0,0,1,,,Pending
DOC-0003806,LG-000371,Land Record,0,0,1,,,Pending
DOC-0003807,LG-000371,Land Record,1,1,0,2024-10-15,2024-11-24,Verified
DOC-0003808,LG-000371,Compensation Document,0,0,0,,,Pending
DOC-0003809,LG-000371,Survey Record,1,1,0,2024-11-08,2024-12-08,Verified
DOC-0003810,LG-000371,Compensation Document,1,0,1,2024-11-21,,Submitted
DOC-0003811,LG-000372,Survey Record,1,1,0,2021-04-08,2021-05-02,Verified
DOC-0003812,LG-000372,Land Record,1,0,1,2021-05-12,,Submitted
DOC-0003813,LG-000372,Land Record,1,0,0,2021-04-01,,Submitted
DOC-0003814,LG-000372,Survey Record,1,1,0,2021-04-15,2021-05-11,Verified
DOC-0003815,LG-000372,Ownership Proof,0,0,0,,,Pending
DOC-0003816,LG-000373,Ownership Proof,1,1,1,2023-12-12,2024-01-03,Verified
DOC-0003817,LG-000373,Survey Record,1,1,0,2024-01-06,2024-01-17,Verified
DOC-0003818,LG-000373,Survey Record,1,1,0,2024-01-05,2024-02-01,Verified
DOC-0003819,LG-000373,Land Record,1,0,0,2024-01-21,,Submitted
DOC-0003820,LG-000373,Compensation Document,1,1,1,2024-01-01,2024-01-18,Verified
DOC-0003821,LG-000373,Survey Record,1,0,0,2024-01-25,,Submitted
DOC-0003822,LG-000373,Survey Record,1,1,1,2023-12-04,2024-01-08,Verified
DOC-0003823,LG-000373,Ownership Proof,1,1,1,2023-12-16,2023-12-26,Verified
DOC-0003824,LG-000373,Ownership Proof,1,0,0,2024-01-20,,Submitted
DOC-0003825,LG-000373,Compensation Document,1,1,1,2023-12-20,2023-12-31,Verified
DOC-0003826,LG-000373,Identity Document,1,1,1,2023-12-31,2024-01-11,Verified
DOC-0003827,LG-000373,Survey Record,1,0,0,2023-12-27,,Submitted
DOC-0003828,LG-000373,Identity Document,1,1,0,2024-01-19,2024-02-12,Verified
DOC-0003829,LG-000373,Survey Record,0,0,0,,,Pending
DOC-0003830,LG-000374,Identity Document,1,0,0,2023-10-26,,Submitted
DOC-0003831,LG-000374,Identity Document,1,1,0,2023-10-17,2023-11-24,Verified
DOC-0003832,LG-000374,Ownership Proof,1,1,0,2023-10-01,2023-10-26,Verified
DOC-0003833,LG-000374,Survey Record,1,0,0,2023-11-14,,Submitted
DOC-0003834,LG-000374,Survey Record,1,1,0,2023-10-22,2023-11-04,Verified
DOC-0003835,LG-000374,Land Record,1,1,0,2023-10-20,2023-11-11,Verified
DOC-0003836,LG-000374,Identity Document,1,0,0,2023-11-18,,Submitted
DOC-0003837,LG-000374,Ownership Proof,1,1,0,2023-10-18,2023-11-04,Verified
DOC-0003838,LG-000374,Land Record,1,0,0,2023-10-12,,Submitted
DOC-0003839,LG-000374,Compensation Document,0,0,0,,,Pending
DOC-0003840,LG-000374,Land Record,1,1,0,2023-10-23,2023-11-27,Verified
DOC-0003841,LG-000374,Ownership Proof,1,1,0,2023-11-14,2023-12-02,Verified
DOC-0003842,LG-000374,Land Record,1,0,0,2023-11-20,,Submitted
DOC-0003843,LG-000375,Land Record,1,1,1,2024-03-21,2024-04-11,Verified
DOC-0003844,LG-000375,Identity Document,1,0,0,2024-04-13,,Submitted
DOC-0003845,LG-000375,Land Record,0,0,0,,,Pending
DOC-0003846,LG-000375,Land Record,1,1,0,2024-04-02,2024-04-25,Verified
DOC-0003847,LG-000375,Land Record,1,1,0,2024-04-21,2024-05-11,Verified
DOC-0003848,LG-000376,Compensation Document,1,0,0,2019-06-28,,Submitted
DOC-0003849,LG-000376,Compensation Document,1,0,0,2019-06-03,,Submitted
DOC-0003850,LG-000376,Identity Document,1,0,0,2019-05-20,,Submitted
DOC-0003851,LG-000376,Ownership Proof,1,0,0,2019-06-27,,Submitted
DOC-0003852,LG-000376,Compensation Document,1,1,0,2019-06-13,2019-07-04,Verified
DOC-0003853,LG-000376,Identity Document,1,0,0,2019-06-07,,Submitted
DOC-0003854,LG-000376,Identity Document,1,1,0,2019-06-19,2019-07-09,Verified
DOC-0003855,LG-000376,Compensation Document,1,0,0,2019-06-30,,Submitted
DOC-0003856,LG-000376,Identity Document,1,0,0,2019-06-24,,Submitted
DOC-0003857,LG-000377,Compensation Document,0,0,1,,,Pending
DOC-0003858,LG-000377,Land Record,1,1,1,2024-11-09,2024-12-02,Verified
DOC-0003859,LG-000377,Survey Record,1,1,1,2024-10-12,2024-11-01,Verified
DOC-0003860,LG-000377,Identity Document,1,1,0,2024-10-08,2024-10-24,Verified
DOC-0003861,LG-000377,Identity Document,0,0,0,,,Pending
DOC-0003862,LG-000377,Survey Record,1,0,1,2024-10-04,,Submitted
DOC-0003863,LG-000377,Land Record,1,0,0,2024-10-14,,Submitted
DOC-0003864,LG-000377,Compensation Document,1,1,1,2024-10-11,2024-10-28,Verified
DOC-0003865,LG-000377,Land Record,1,1,0,2024-11-07,2024-12-14,Verified
DOC-0003866,LG-000378,Survey Record,0,0,0,,,Pending
DOC-0003867,LG-000378,Compensation Document,1,0,0,2023-02-17,,Submitted
DOC-0003868,LG-000378,Ownership Proof,1,1,0,2023-02-04,2023-03-05,Verified
DOC-0003869,LG-000378,Ownership Proof,1,1,0,2023-01-19,2023-02-11,Verified
DOC-0003870,LG-000378,Land Record,1,0,1,2023-01-17,,Submitted
DOC-0003871,LG-000378,Compensation Document,1,0,1,2023-02-13,,Submitted
DOC-0003872,LG-000378,Ownership Proof,1,0,0,2023-01-09,,Submitted
DOC-0003873,LG-000378,Survey Record,1,1,1,2023-02-09,2023-03-07,Verified
DOC-0003874,LG-000378,Ownership Proof,1,1,0,2023-01-21,2023-02-05,Verified
DOC-0003875,LG-000379,Land Record,1,1,0,2020-09-08,2020-09-27,Verified
DOC-0003876,LG-000379,Ownership Proof,1,0,0,2020-09-23,,Submitted
DOC-0003877,LG-000379,Compensation Document,1,1,0,2020-09-25,2020-10-10,Verified
DOC-0003878,LG-000379,Survey Record,1,1,0,2020-08-31,2020-10-02,Verified
DOC-0003879,LG-000379,Ownership Proof,1,1,0,2020-10-21,2020-11-07,Verified
DOC-0003880,LG-000379,Survey Record,1,1,0,2020-09-20,2020-10-21,Verified
DOC-0003881,LG-000379,Compensation Document,1,1,0,2020-09-02,2020-09-29,Verified
DOC-0003882,LG-000379,Compensation Document,1,0,0,2020-10-20,,Submitted
DOC-0003883,LG-000379,Ownership Proof,1,0,0,2020-09-12,,Submitted
DOC-0003884,LG-000379,Ownership Proof,1,1,0,2020-09-29,2020-10-19,Verified
DOC-0003885,LG-000379,Identity Document,1,1,0,2020-09-29,2020-10-27,Verified
DOC-0003886,LG-000379,Identity Document,1,0,0,2020-09-05,,Submitted
DOC-0003887,LG-000379,Land Record,1,1,0,2020-10-16,2020-11-03,Verified
DOC-0003888,LG-000380,Land Record,1,1,0,2022-04-07,2022-05-10,Verified
DOC-0003889,LG-000380,Land Record,1,1,1,2022-04-30,2022-06-05,Verified
DOC-0003890,LG-000380,Land Record,1,1,0,2022-05-07,2022-05-18,Verified
DOC-0003891,LG-000380,Identity Document,1,0,1,2022-05-03,,Submitted
DOC-0003892,LG-000380,Identity Document,1,0,0,2022-04-09,,Submitted
DOC-0003893,LG-000380,Compensation Document,1,1,0,2022-05-02,2022-05-15,Verified
DOC-0003894,LG-000380,Land Record,1,1,0,2022-05-10,2022-05-22,Verified
DOC-0003895,LG-000380,Compensation Document,1,0,0,2022-05-15,,Submitted
DOC-0003896,LG-000380,Survey Record,1,0,0,2022-04-13,,Submitted
DOC-0003897,LG-000380,Identity Document,1,1,0,2022-04-02,2022-04-22,Verified
DOC-0003898,LG-000380,Compensation Document,1,1,0,2022-03-29,2022-04-10,Verified
DOC-0003899,LG-000380,Land Record,1,1,0,2022-04-06,2022-05-05,Verified
DOC-0003900,LG-000380,Identity Document,1,0,0,2022-04-03,,Submitted
DOC-0003901,LG-000381,Compensation Document,1,1,1,2025-02-12,2025-03-01,Verified
DOC-0003902,LG-000381,Identity Document,1,0,1,2025-01-02,,Submitted
DOC-0003903,LG-000381,Ownership Proof,1,1,0,2024-12-31,2025-01-13,Verified
DOC-0003904,LG-000381,Land Record,1,1,0,2025-01-14,2025-01-27,Verified
DOC-0003905,LG-000381,Identity Document,1,0,1,2024-12-31,,Submitted
DOC-0003906,LG-000381,Compensation Document,1,0,0,2025-02-19,,Submitted
DOC-0003907,LG-000381,Survey Record,1,1,0,2025-01-30,2025-02-09,Verified
DOC-0003908,LG-000382,Identity Document,1,1,1,2019-01-14,2019-01-24,Verified
DOC-0003909,LG-000382,Ownership Proof,1,1,0,2018-12-21,2019-01-15,Verified
DOC-0003910,LG-000382,Land Record,1,0,0,2018-12-11,,Submitted
DOC-0003911,LG-000382,Ownership Proof,1,1,0,2019-01-13,2019-02-18,Verified
DOC-0003912,LG-000382,Ownership Proof,1,1,0,2018-12-22,2019-01-31,Verified
DOC-0003913,LG-000382,Identity Document,1,1,0,2018-11-24,2018-12-09,Verified
DOC-0003914,LG-000382,Identity Document,1,1,0,2018-11-30,2019-01-07,Verified
DOC-0003915,LG-000382,Compensation Document,1,1,0,2019-01-16,2019-02-21,Verified
DOC-0003916,LG-000382,Survey Record,1,1,0,2018-12-25,2019-01-16,Verified
DOC-0003917,LG-000382,Land Record,1,1,0,2018-12-26,2019-02-03,Verified
DOC-0003918,LG-000382,Ownership Proof,1,0,0,2018-12-08,,Submitted
DOC-0003919,LG-000382,Land Record,1,0,0,2019-01-08,,Submitted
DOC-0003920,LG-000382,Survey Record,1,0,0,2018-11-26,,Submitted
DOC-0003921,LG-000382,Land Record,1,1,0,2019-01-15,2019-02-23,Verified
DOC-0003922,LG-000382,Identity Document,1,1,0,2018-12-28,2019-01-09,Verified
DOC-0003923,LG-000383,Ownership Proof,1,1,0,2019-02-05,2019-03-08,Verified
DOC-0003924,LG-000383,Land Record,1,0,0,2019-02-07,,Submitted
DOC-0003925,LG-000383,Ownership Proof,1,0,0,2019-02-10,,Submitted
DOC-0003926,LG-000383,Survey Record,1,1,0,2019-01-25,2019-03-05,Verified
DOC-0003927,LG-000383,Ownership Proof,1,1,0,2019-02-07,2019-03-09,Verified
DOC-0003928,LG-000383,Land Record,1,0,0,2019-02-04,,Submitted
DOC-0003929,LG-000384,Land Record,0,0,1,,,Pending
DOC-0003930,LG-000384,Identity Document,1,1,1,2018-05-18,2018-06-21,Verified
DOC-0003931,LG-000384,Identity Document,1,1,0,2018-05-17,2018-06-20,Verified
DOC-0003932,LG-000384,Land Record,1,1,0,2018-05-08,2018-06-03,Verified
DOC-0003933,LG-000384,Identity Document,1,1,1,2018-05-15,2018-06-22,Verified
DOC-0003934,LG-000384,Ownership Proof,1,1,0,2018-04-13,2018-05-08,Verified
DOC-0003935,LG-000384,Survey Record,1,1,1,2018-04-14,2018-04-30,Verified
DOC-0003936,LG-000384,Ownership Proof,1,0,1,2018-05-29,,Submitted
DOC-0003937,LG-000385,Land Record,1,0,1,2021-05-13,,Submitted
DOC-0003938,LG-000385,Compensation Document,1,1,0,2021-05-02,2021-05-14,Verified
DOC-0003939,LG-000385,Land Record,1,1,1,2021-04-16,2021-05-25,Verified
DOC-0003940,LG-000385,Ownership Proof,1,1,0,2021-04-17,2021-05-18,Verified
DOC-0003941,LG-000385,Survey Record,1,1,0,2021-04-23,2021-05-12,Verified
DOC-0003942,LG-000385,Compensation Document,1,1,0,2021-05-21,2021-06-08,Verified
DOC-0003943,LG-000385,Compensation Document,1,1,0,2021-04-22,2021-05-02,Verified
DOC-0003944,LG-000386,Compensation Document,1,1,0,2024-11-12,2024-11-24,Verified
DOC-0003945,LG-000386,Ownership Proof,1,1,1,2024-10-25,2024-11-12,Verified
DOC-0003946,LG-000386,Identity Document,1,1,0,2024-10-16,2024-11-09,Verified
DOC-0003947,LG-000386,Compensation Document,1,1,0,2024-11-22,2024-12-02,Verified
DOC-0003948,LG-000386,Ownership Proof,1,0,0,2024-11-15,,Submitted
DOC-0003949,LG-000386,Ownership Proof,1,1,1,2024-11-26,2024-12-12,Verified
DOC-0003950,LG-000386,Compensation Document,1,1,0,2024-11-11,2024-12-12,Verified
DOC-0003951,LG-000386,Identity Document,1,0,0,2024-10-16,,Submitted
DOC-0003952,LG-000386,Compensation Document,1,1,0,2024-10-09,2024-11-04,Verified
DOC-0003953,LG-000386,Identity Document,1,1,0,2024-11-14,2024-12-03,Verified
DOC-0003954,LG-000386,Land Record,1,1,0,2024-11-23,2024-12-09,Verified
DOC-0003955,LG-000386,Compensation Document,0,0,0,,,Pending
DOC-0003956,LG-000386,Identity Document,1,1,0,2024-11-23,2024-12-20,Verified
DOC-0003957,LG-000386,Land Record,1,1,0,2024-10-14,2024-10-27,Verified
DOC-0003958,LG-000387,Land Record,1,0,0,2020-01-04,,Submitted
DOC-0003959,LG-000387,Ownership Proof,1,0,0,2020-02-13,,Submitted
DOC-0003960,LG-000387,Ownership Proof,1,0,0,2020-02-18,,Submitted
DOC-0003961,LG-000387,Land Record,1,1,0,2020-02-15,2020-03-13,Verified
DOC-0003962,LG-000387,Identity Document,1,0,0,2020-02-17,,Submitted
DOC-0003963,LG-000387,Compensation Document,1,1,0,2019-12-30,2020-01-24,Verified
DOC-0003964,LG-000387,Identity Document,1,1,0,2020-01-12,2020-02-13,Verified
DOC-0003965,LG-000387,Compensation Document,1,1,0,2020-02-13,2020-03-10,Verified
DOC-0003966,LG-000387,Identity Document,1,1,0,2020-02-07,2020-02-29,Verified
DOC-0003967,LG-000387,Survey Record,1,0,0,2020-01-29,,Submitted
DOC-0003968,LG-000387,Survey Record,1,1,0,2020-01-06,2020-01-31,Verified
DOC-0003969,LG-000387,Ownership Proof,1,0,0,2020-01-19,,Submitted
DOC-0003970,LG-000387,Identity Document,1,0,0,2020-01-18,,Submitted
DOC-0003971,LG-000388,Identity Document,1,1,0,2023-09-10,2023-10-13,Verified
DOC-0003972,LG-000388,Survey Record,1,1,0,2023-08-30,2023-09-19,Verified
DOC-0003973,LG-000388,Ownership Proof,1,0,0,2023-09-15,,Submitted
DOC-0003974,LG-000388,Identity Document,1,0,0,2023-09-03,,Submitted
DOC-0003975,LG-000388,Compensation Document,1,1,0,2023-08-23,2023-09-15,Verified
DOC-0003976,LG-000388,Compensation Document,1,1,0,2023-08-20,2023-09-11,Verified
DOC-0003977,LG-000388,Identity Document,1,1,1,2023-08-21,2023-09-09,Verified
DOC-0003978,LG-000388,Land Record,1,1,0,2023-09-05,2023-09-22,Verified
DOC-0003979,LG-000388,Compensation Document,1,1,1,2023-09-18,2023-09-28,Verified
DOC-0003980,LG-000388,Ownership Proof,1,1,0,2023-08-24,2023-09-14,Verified
DOC-0003981,LG-000388,Land Record,1,0,0,2023-10-01,,Submitted
DOC-0003982,LG-000388,Ownership Proof,1,0,0,2023-08-17,,Submitted
DOC-0003983,LG-000388,Survey Record,1,0,1,2023-08-21,,Submitted
DOC-0003984,LG-000389,Ownership Proof,1,1,1,2022-05-13,2022-05-31,Verified
DOC-0003985,LG-000389,Identity Document,0,0,0,,,Pending
DOC-0003986,LG-000389,Ownership Proof,1,1,0,2022-05-16,2022-06-19,Verified
DOC-0003987,LG-000389,Land Record,1,1,0,2022-04-17,2022-05-24,Verified
DOC-0003988,LG-000389,Ownership Proof,1,1,0,2022-04-21,2022-05-23,Verified
DOC-0003989,LG-000389,Land Record,1,1,0,2022-04-06,2022-05-04,Verified
DOC-0003990,LG-000389,Compensation Document,1,1,0,2022-05-19,2022-06-26,Verified
DOC-0003991,LG-000389,Survey Record,1,0,0,2022-04-14,,Submitted
DOC-0003992,LG-000389,Identity Document,1,0,0,2022-04-05,,Submitted
DOC-0003993,LG-000389,Land Record,1,0,0,2022-03-28,,Submitted
DOC-0003994,LG-000389,Land Record,1,1,0,2022-05-12,2022-05-25,Verified
DOC-0003995,LG-000389,Identity Document,0,0,0,,,Pending
DOC-0003996,LG-000389,Identity Document,1,1,0,2022-04-07,2022-04-28,Verified
DOC-0003997,LG-000390,Land Record,0,0,0,,,Pending
DOC-0003998,LG-000390,Ownership Proof,1,0,1,2023-02-18,,Submitted
DOC-0003999,LG-000390,Land Record,1,0,1,2023-03-16,,Submitted
DOC-0004000,LG-000390,Compensation Document,1,1,1,2023-03-18,2023-04-27,Verified
DOC-0004001,LG-000390,Identity Document,1,1,0,2023-03-09,2023-04-12,Verified
DOC-0004002,LG-000390,Land Record,1,1,0,2023-03-21,2023-04-10,Verified
DOC-0004003,LG-000390,Compensation Document,1,1,1,2023-03-31,2023-04-29,Verified
DOC-0004004,LG-000390,Ownership Proof,1,1,1,2023-02-23,2023-03-09,Verified
DOC-0004005,LG-000390,Ownership Proof,1,1,1,2023-04-02,2023-04-19,Verified
DOC-0004006,LG-000390,Compensation Document,1,1,1,2023-02-20,2023-03-05,Verified
DOC-0004007,LG-000390,Land Record,1,1,0,2023-03-28,2023-04-09,Verified
DOC-0004008,LG-000390,Compensation Document,1,1,0,2023-04-04,2023-05-06,Verified
DOC-0004009,LG-000391,Survey Record,1,1,1,2020-12-27,2021-01-08,Verified
DOC-0004010,LG-000391,Land Record,1,1,0,2020-12-06,2020-12-24,Verified
DOC-0004011,LG-000391,Identity Document,1,1,0,2021-01-16,2021-02-06,Verified
DOC-0004012,LG-000391,Survey Record,1,1,0,2020-12-19,2021-01-26,Verified
DOC-0004013,LG-000391,Ownership Proof,1,0,0,2021-01-09,,Submitted
DOC-0004014,LG-000392,Identity Document,1,1,1,2018-08-18,2018-09-03,Verified
DOC-0004015,LG-000392,Land Record,1,0,0,2018-08-15,,Submitted
DOC-0004016,LG-000392,Identity Document,1,1,1,2018-09-03,2018-09-23,Verified
DOC-0004017,LG-000392,Compensation Document,1,0,1,2018-08-28,,Submitted
DOC-0004018,LG-000392,Ownership Proof,1,1,0,2018-08-20,2018-09-12,Verified
DOC-0004019,LG-000392,Identity Document,0,0,0,,,Pending
DOC-0004020,LG-000393,Land Record,1,1,0,2021-08-19,2021-09-24,Verified
DOC-0004021,LG-000393,Ownership Proof,1,1,0,2021-08-28,2021-09-12,Verified
DOC-0004022,LG-000393,Ownership Proof,1,1,0,2021-07-27,2021-08-24,Verified
DOC-0004023,LG-000393,Identity Document,1,1,0,2021-08-07,2021-08-26,Verified
DOC-0004024,LG-000393,Land Record,1,1,1,2021-07-29,2021-08-20,Verified
DOC-0004025,LG-000393,Land Record,1,1,0,2021-09-03,2021-09-28,Verified
DOC-0004026,LG-000393,Compensation Document,1,1,0,2021-08-26,2021-09-05,Verified
DOC-0004027,LG-000393,Survey Record,1,1,0,2021-07-31,2021-08-24,Verified
DOC-0004028,LG-000393,Survey Record,1,1,0,2021-07-24,2021-08-15,Verified
DOC-0004029,LG-000393,Identity Document,1,1,0,2021-08-21,2021-09-19,Verified
DOC-0004030,LG-000393,Ownership Proof,1,0,0,2021-09-04,,Submitted
DOC-0004031,LG-000393,Land Record,1,0,0,2021-08-01,,Submitted
DOC-0004032,LG-000394,Survey Record,1,1,0,2021-12-22,2022-01-07,Verified
DOC-0004033,LG-000394,Ownership Proof,1,0,0,2022-01-21,,Submitted
DOC-0004034,LG-000394,Compensation Document,1,1,1,2021-12-18,2021-12-30,Verified
DOC-0004035,LG-000394,Survey Record,1,0,0,2021-12-18,,Submitted
DOC-0004036,LG-000394,Ownership Proof,1,1,0,2022-01-30,2022-02-09,Verified
DOC-0004037,LG-000394,Land Record,1,0,0,2022-01-26,,Submitted
DOC-0004038,LG-000394,Identity Document,1,1,0,2022-01-09,2022-02-15,Verified
DOC-0004039,LG-000394,Survey Record,1,1,0,2021-12-31,2022-01-22,Verified
DOC-0004040,LG-000394,Land Record,0,0,1,,,Pending
DOC-0004041,LG-000394,Identity Document,1,1,1,2022-01-27,2022-02-11,Verified
DOC-0004042,LG-000394,Compensation Document,1,1,0,2022-01-03,2022-02-01,Verified
DOC-0004043,LG-000394,Identity Document,1,0,0,2021-12-16,,Submitted
DOC-0004044,LG-000394,Survey Record,1,1,0,2021-12-15,2022-01-10,Verified
DOC-0004045,LG-000394,Ownership Proof,1,1,0,2022-01-12,2022-02-05,Verified
DOC-0004046,LG-000395,Survey Record,1,1,1,2023-09-29,2023-10-25,Verified
DOC-0004047,LG-000395,Compensation Document,1,1,1,2023-09-30,2023-10-28,Verified
DOC-0004048,LG-000395,Land Record,0,0,1,,,Pending
DOC-0004049,LG-000395,Ownership Proof,1,0,1,2023-09-28,,Submitted
DOC-0004050,LG-000395,Identity Document,0,0,0,,,Pending
DOC-0004051,LG-000395,Land Record,1,0,1,2023-09-20,,Submitted
DOC-0004052,LG-000395,Compensation Document,1,1,0,2023-09-19,2023-10-17,Verified
DOC-0004053,LG-000396,Land Record,1,0,1,2022-10-15,,Submitted
DOC-0004054,LG-000396,Land Record,0,0,1,,,Pending
DOC-0004055,LG-000396,Identity Document,0,0,1,,,Pending
DOC-0004056,LG-000396,Compensation Document,1,1,1,2022-11-19,2022-12-27,Verified
DOC-0004057,LG-000396,Land Record,1,0,0,2022-11-18,,Submitted
DOC-0004058,LG-000396,Land Record,1,1,0,2022-11-07,2022-11-21,Verified
DOC-0004059,LG-000396,Compensation Document,1,1,0,2022-11-16,2022-12-07,Verified
DOC-0004060,LG-000397,Ownership Proof,1,1,0,2021-11-16,2021-12-22,Verified
DOC-0004061,LG-000397,Identity Document,1,1,0,2021-11-01,2021-12-11,Verified
DOC-0004062,LG-000397,Survey Record,0,0,0,,,Pending
DOC-0004063,LG-000397,Ownership Proof,1,1,0,2021-10-29,2021-12-06,Verified
DOC-0004064,LG-000397,Land Record,1,1,0,2021-11-04,2021-11-19,Verified
DOC-0004065,LG-000397,Identity Document,1,0,0,2021-10-24,,Submitted
DOC-0004066,LG-000398,Survey Record,1,1,0,2024-12-02,2025-01-05,Verified
DOC-0004067,LG-000398,Identity Document,1,0,0,2025-01-13,,Submitted
DOC-0004068,LG-000398,Land Record,1,1,0,2024-12-16,2025-01-05,Verified
DOC-0004069,LG-000398,Survey Record,1,1,0,2024-11-20,2024-12-14,Verified
DOC-0004070,LG-000398,Compensation Document,1,1,0,2024-12-01,2024-12-18,Verified
DOC-0004071,LG-000398,Compensation Document,1,1,0,2024-12-08,2024-12-23,Verified
DOC-0004072,LG-000399,Survey Record,1,0,0,2023-03-28,,Submitted
DOC-0004073,LG-000399,Compensation Document,1,1,0,2023-03-24,2023-04-17,Verified
DOC-0004074,LG-000399,Land Record,1,1,0,2023-02-02,2023-03-14,Verified
DOC-0004075,LG-000399,Survey Record,1,0,1,2023-03-06,,Submitted
DOC-0004076,LG-000399,Identity Document,1,1,0,2023-03-24,2023-04-12,Verified
DOC-0004077,LG-000399,Land Record,1,1,0,2023-02-11,2023-03-16,Verified
DOC-0004078,LG-000399,Identity Document,1,1,0,2023-03-14,2023-03-31,Verified
DOC-0004079,LG-000399,Identity Document,1,1,1,2023-02-13,2023-03-06,Verified
DOC-0004080,LG-000399,Ownership Proof,1,1,0,2023-03-13,2023-04-05,Verified
DOC-0004081,LG-000399,Survey Record,1,1,0,2023-02-27,2023-03-24,Verified
DOC-0004082,LG-000400,Land Record,1,1,0,2024-07-29,2024-08-12,Verified
DOC-0004083,LG-000400,Identity Document,1,0,0,2024-08-08,,Submitted
DOC-0004084,LG-000400,Ownership Proof,1,0,0,2024-07-01,,Submitted
DOC-0004085,LG-000400,Compensation Document,1,1,0,2024-08-15,2024-09-14,Verified
DOC-0004086,LG-000400,Survey Record,1,1,1,2024-06-25,2024-07-06,Verified
DOC-0004087,LG-000400,Survey Record,1,0,0,2024-07-16,,Submitted
DOC-0004088,LG-000400,Compensation Document,1,1,0,2024-07-04,2024-07-20,Verified
DOC-0004089,LG-000400,Compensation Document,1,1,0,2024-08-04,2024-08-15,Verified
DOC-0004090,LG-000400,Survey Record,1,1,0,2024-06-27,2024-07-07,Verified
DOC-0004091,LG-000400,Identity Document,1,1,0,2024-08-04,2024-09-07,Verified
DOC-0004092,LG-000400,Ownership Proof,1,0,0,2024-07-13,,Submitted
DOC-0004093,LG-000400,Ownership Proof,1,1,0,2024-07-06,2024-07-24,Verified
DOC-0004094,LG-000400,Land Record,1,1,0,2024-07-24,2024-08-27,Verified
DOC-0004095,LG-000401,Identity Document,0,0,1,,,Pending
DOC-0004096,LG-000401,Land Record,1,0,1,2018-03-25,,Submitted
DOC-0004097,LG-000401,Ownership Proof,1,0,0,2018-04-09,,Submitted
DOC-0004098,LG-000401,Land Record,1,0,1,2018-04-04,,Submitted
DOC-0004099,LG-000401,Compensation Document,1,1,0,2018-04-21,2018-05-25,Verified
DOC-0004100,LG-000401,Land Record,1,0,0,2018-03-17,,Submitted
DOC-0004101,LG-000401,Compensation Document,1,0,1,2018-04-12,,Submitted
DOC-0004102,LG-000401,Identity Document,1,1,1,2018-04-12,2018-04-28,Verified
DOC-0004103,LG-000401,Identity Document,0,0,0,,,Pending
DOC-0004104,LG-000401,Survey Record,1,0,0,2018-03-31,,Submitted
DOC-0004105,LG-000401,Ownership Proof,1,1,1,2018-03-26,2018-04-23,Verified
DOC-0004106,LG-000401,Survey Record,1,1,1,2018-04-21,2018-05-16,Verified
DOC-0004107,LG-000401,Land Record,1,1,1,2018-03-25,2018-04-29,Verified
DOC-0004108,LG-000401,Survey Record,1,1,1,2018-04-09,2018-04-28,Verified
DOC-0004109,LG-000401,Land Record,1,1,0,2018-04-24,2018-05-23,Verified
DOC-0004110,LG-000402,Land Record,0,0,0,,,Pending
DOC-0004111,LG-000402,Land Record,1,0,0,2024-06-24,,Submitted
DOC-0004112,LG-000402,Survey Record,1,1,0,2024-05-22,2024-06-10,Verified
DOC-0004113,LG-000402,Survey Record,1,1,0,2024-07-01,2024-07-22,Verified
DOC-0004114,LG-000402,Land Record,1,1,1,2024-05-13,2024-06-07,Verified
DOC-0004115,LG-000402,Compensation Document,1,1,0,2024-06-09,2024-06-20,Verified
DOC-0004116,LG-000402,Identity Document,1,1,1,2024-07-01,2024-08-09,Verified
DOC-0004117,LG-000402,Survey Record,0,0,0,,,Pending
DOC-0004118,LG-000402,Survey Record,1,1,0,2024-06-20,2024-07-18,Verified
DOC-0004119,LG-000402,Ownership Proof,1,0,0,2024-05-14,,Submitted
DOC-0004120,LG-000403,Ownership Proof,1,1,1,2024-03-10,2024-04-15,Verified
DOC-0004121,LG-000403,Land Record,1,1,1,2024-03-13,2024-04-08,Verified
DOC-0004122,LG-000403,Compensation Document,1,0,0,2024-02-14,,Submitted
DOC-0004123,LG-000403,Land Record,1,0,0,2024-04-04,,Submitted
DOC-0004124,LG-000403,Land Record,1,1,0,2024-02-15,2024-03-21,Verified
DOC-0004125,LG-000403,Identity Document,1,1,0,2024-03-07,2024-04-13,Verified
DOC-0004126,LG-000404,Identity Document,0,0,0,,,Pending
DOC-0004127,LG-000404,Survey Record,1,1,0,2021-06-12,2021-07-06,Verified
DOC-0004128,LG-000404,Compensation Document,1,1,0,2021-06-10,2021-06-25,Verified
DOC-0004129,LG-000404,Survey Record,1,1,0,2021-06-17,2021-07-10,Verified
DOC-0004130,LG-000404,Land Record,1,1,0,2021-06-23,2021-07-04,Verified
DOC-0004131,LG-000404,Compensation Document,1,0,1,2021-06-05,,Submitted
DOC-0004132,LG-000404,Land Record,1,0,1,2021-06-17,,Submitted
DOC-0004133,LG-000404,Compensation Document,1,1,0,2021-05-26,2021-06-26,Verified
DOC-0004134,LG-000404,Survey Record,1,0,0,2021-07-11,,Submitted
DOC-0004135,LG-000404,Identity Document,1,1,1,2021-05-29,2021-06-27,Verified
DOC-0004136,LG-000404,Ownership Proof,0,0,1,,,Pending
DOC-0004137,LG-000404,Compensation Document,1,1,1,2021-07-07,2021-08-16,Verified
DOC-0004138,LG-000404,Identity Document,0,0,1,,,Pending
DOC-0004139,LG-000405,Land Record,0,0,1,,,Pending
DOC-0004140,LG-000405,Ownership Proof,1,0,0,2022-01-01,,Submitted
DOC-0004141,LG-000405,Compensation Document,1,1,1,2021-12-22,2022-01-16,Verified
DOC-0004142,LG-000405,Compensation Document,1,1,1,2021-12-22,2022-01-01,Verified
DOC-0004143,LG-000405,Compensation Document,1,1,0,2022-01-14,2022-02-10,Verified
DOC-0004144,LG-000405,Compensation Document,1,1,1,2021-12-10,2022-01-09,Verified
DOC-0004145,LG-000405,Land Record,1,1,1,2021-12-03,2021-12-15,Verified
DOC-0004146,LG-000405,Land Record,0,0,1,,,Pending
DOC-0004147,LG-000406,Land Record,1,0,0,2021-12-26,,Submitted
DOC-0004148,LG-000406,Ownership Proof,1,1,0,2021-12-29,2022-01-14,Verified
DOC-0004149,LG-000406,Survey Record,1,0,0,2021-11-07,,Submitted
DOC-0004150,LG-000406,Survey Record,1,0,0,2021-11-11,,Submitted
DOC-0004151,LG-000406,Ownership Proof,1,1,0,2021-11-18,2021-12-18,Verified
DOC-0004152,LG-000406,Survey Record,1,1,0,2021-12-14,2021-12-28,Verified
DOC-0004153,LG-000406,Land Record,1,1,0,2021-12-02,2022-01-11,Verified
DOC-0004154,LG-000407,Land Record,1,1,1,2021-07-19,2021-08-02,Verified
DOC-0004155,LG-000407,Land Record,1,1,0,2021-07-09,2021-08-10,Verified
DOC-0004156,LG-000407,Compensation Document,1,0,0,2021-07-08,,Submitted
DOC-0004157,LG-000407,Land Record,1,0,0,2021-07-25,,Submitted
DOC-0004158,LG-000407,Compensation Document,1,1,0,2021-07-13,2021-08-05,Verified
DOC-0004159,LG-000407,Land Record,1,1,0,2021-07-06,2021-07-26,Verified
DOC-0004160,LG-000407,Identity Document,1,1,0,2021-07-22,2021-08-14,Verified
DOC-0004161,LG-000407,Land Record,1,1,1,2021-06-26,2021-07-21,Verified
DOC-0004162,LG-000407,Land Record,1,0,0,2021-06-19,,Submitted
DOC-0004163,LG-000407,Land Record,1,1,0,2021-07-03,2021-08-07,Verified
DOC-0004164,LG-000407,Identity Document,1,1,0,2021-07-12,2021-08-03,Verified
DOC-0004165,LG-000407,Ownership Proof,1,1,0,2021-07-04,2021-08-06,Verified
DOC-0004166,LG-000407,Compensation Document,1,1,0,2021-06-28,2021-08-01,Verified
DOC-0004167,LG-000407,Compensation Document,1,1,0,2021-06-01,2021-06-12,Verified
DOC-0004168,LG-000407,Ownership Proof,1,1,1,2021-07-01,2021-07-23,Verified
DOC-0004169,LG-000408,Land Record,1,0,0,2021-09-17,,Submitted
DOC-0004170,LG-000408,Ownership Proof,1,0,0,2021-09-04,,Submitted
DOC-0004171,LG-000408,Compensation Document,1,1,0,2021-09-22,2021-10-25,Verified
DOC-0004172,LG-000408,Ownership Proof,1,1,0,2021-09-28,2021-11-06,Verified
DOC-0004173,LG-000408,Ownership Proof,1,1,0,2021-08-26,2021-09-27,Verified
DOC-0004174,LG-000408,Compensation Document,1,1,0,2021-08-21,2021-09-04,Verified
DOC-0004175,LG-000408,Survey Record,1,1,0,2021-08-09,2021-08-23,Verified
DOC-0004176,LG-000408,Survey Record,1,1,0,2021-09-22,2021-10-21,Verified
DOC-0004177,LG-000409,Survey Record,1,0,0,2022-08-12,,Submitted
DOC-0004178,LG-000409,Survey Record,1,1,1,2022-07-14,2022-08-15,Verified
DOC-0004179,LG-000409,Compensation Document,1,1,0,2022-06-29,2022-07-14,Verified
DOC-0004180,LG-000409,Survey Record,0,0,0,,,Pending
DOC-0004181,LG-000409,Ownership Proof,1,0,0,2022-07-15,,Submitted
DOC-0004182,LG-000409,Identity Document,1,0,0,2022-08-11,,Submitted
DOC-0004183,LG-000409,Compensation Document,1,1,0,2022-08-01,2022-08-14,Verified
DOC-0004184,LG-000409,Survey Record,1,0,1,2022-07-31,,Submitted
DOC-0004185,LG-000409,Ownership Proof,1,0,0,2022-07-01,,Submitted
DOC-0004186,LG-000409,Compensation Document,1,0,0,2022-06-25,,Submitted
DOC-0004187,LG-000410,Land Record,0,0,0,,,Pending
DOC-0004188,LG-000410,Land Record,1,0,1,2019-02-20,,Submitted
DOC-0004189,LG-000410,Compensation Document,1,0,0,2019-02-12,,Submitted
DOC-0004190,LG-000410,Land Record,1,1,0,2019-01-11,2019-01-21,Verified
DOC-0004191,LG-000410,Identity Document,1,1,0,2019-02-01,2019-03-07,Verified
DOC-0004192,LG-000411,Land Record,1,1,0,2025-02-18,2025-03-03,Verified
DOC-0004193,LG-000411,Identity Document,1,1,0,2025-02-19,2025-03-11,Verified
DOC-0004194,LG-000411,Ownership Proof,1,1,0,2025-01-14,2025-02-22,Verified
DOC-0004195,LG-000411,Identity Document,1,1,0,2025-01-23,2025-02-09,Verified
DOC-0004196,LG-000411,Survey Record,1,1,0,2025-02-16,2025-03-14,Verified
DOC-0004197,LG-000411,Land Record,1,1,1,2025-01-20,2025-02-06,Verified
DOC-0004198,LG-000412,Ownership Proof,1,0,0,2019-02-25,,Submitted
DOC-0004199,LG-000412,Land Record,0,0,0,,,Pending
DOC-0004200,LG-000412,Survey Record,1,0,1,2019-01-20,,Submitted
DOC-0004201,LG-000412,Ownership Proof,1,1,1,2019-02-10,2019-03-13,Verified
DOC-0004202,LG-000412,Land Record,1,1,0,2019-01-27,2019-02-18,Verified
DOC-0004203,LG-000412,Compensation Document,1,1,1,2019-03-08,2019-03-19,Verified
DOC-0004204,LG-000413,Identity Document,1,1,0,2022-06-30,2022-08-02,Verified
DOC-0004205,LG-000413,Compensation Document,1,1,0,2022-06-01,2022-06-30,Verified
DOC-0004206,LG-000413,Compensation Document,0,0,0,,,Pending
DOC-0004207,LG-000413,Survey Record,0,0,1,,,Pending
DOC-0004208,LG-000413,Compensation Document,1,1,1,2022-06-27,2022-07-13,Verified
DOC-0004209,LG-000413,Compensation Document,1,0,1,2022-06-29,,Submitted
DOC-0004210,LG-000413,Compensation Document,1,1,1,2022-07-06,2022-07-25,Verified
DOC-0004211,LG-000413,Survey Record,1,1,1,2022-05-18,2022-06-26,Verified
DOC-0004212,LG-000413,Land Record,1,1,0,2022-06-10,2022-06-28,Verified
DOC-0004213,LG-000413,Survey Record,1,1,0,2022-06-24,2022-08-01,Verified
DOC-0004214,LG-000413,Identity Document,1,1,0,2022-05-29,2022-06-21,Verified
DOC-0004215,LG-000413,Identity Document,0,0,1,,,Pending
DOC-0004216,LG-000413,Land Record,0,0,0,,,Pending
DOC-0004217,LG-000413,Ownership Proof,0,0,0,,,Pending
DOC-0004218,LG-000414,Identity Document,1,1,0,2023-02-21,2023-03-03,Verified
DOC-0004219,LG-000414,Compensation Document,1,1,0,2023-01-30,2023-02-11,Verified
DOC-0004220,LG-000414,Ownership Proof,1,1,0,2023-02-12,2023-03-13,Verified
DOC-0004221,LG-000414,Land Record,1,0,0,2023-02-27,,Submitted
DOC-0004222,LG-000414,Identity Document,0,0,0,,,Pending
DOC-0004223,LG-000414,Land Record,1,0,0,2023-01-20,,Submitted
DOC-0004224,LG-000414,Compensation Document,1,1,1,2023-01-31,2023-02-12,Verified
DOC-0004225,LG-000415,Land Record,0,0,0,,,Pending
DOC-0004226,LG-000415,Land Record,1,0,0,2020-08-17,,Submitted
DOC-0004227,LG-000415,Survey Record,1,1,0,2020-07-29,2020-08-13,Verified
DOC-0004228,LG-000415,Identity Document,1,1,0,2020-07-18,2020-07-30,Verified
DOC-0004229,LG-000415,Identity Document,1,1,1,2020-09-04,2020-10-10,Verified
DOC-0004230,LG-000416,Compensation Document,1,0,0,2025-01-19,,Submitted
DOC-0004231,LG-000416,Survey Record,1,0,0,2025-02-08,,Submitted
DOC-0004232,LG-000416,Identity Document,1,1,0,2024-12-24,2025-01-20,Verified
DOC-0004233,LG-000416,Land Record,1,1,0,2025-01-31,2025-02-23,Verified
DOC-0004234,LG-000416,Ownership Proof,1,1,0,2025-01-24,2025-02-09,Verified
DOC-0004235,LG-000416,Identity Document,1,0,0,2025-01-05,,Submitted
DOC-0004236,LG-000416,Compensation Document,1,1,0,2025-02-07,2025-03-17,Verified
DOC-0004237,LG-000416,Identity Document,1,1,1,2025-01-18,2025-02-01,Verified
DOC-0004238,LG-000416,Survey Record,0,0,0,,,Pending
DOC-0004239,LG-000417,Land Record,1,1,0,2019-12-16,2019-12-26,Verified
DOC-0004240,LG-000417,Land Record,1,0,0,2019-12-31,,Submitted
DOC-0004241,LG-000417,Survey Record,1,0,0,2020-02-05,,Submitted
DOC-0004242,LG-000417,Ownership Proof,1,1,0,2019-12-31,2020-02-02,Verified
DOC-0004243,LG-000417,Identity Document,1,1,0,2019-12-28,2020-01-14,Verified
DOC-0004244,LG-000417,Compensation Document,1,1,0,2020-01-06,2020-01-16,Verified
DOC-0004245,LG-000417,Identity Document,1,1,0,2020-01-29,2020-03-01,Verified
DOC-0004246,LG-000417,Identity Document,1,1,0,2019-12-31,2020-01-20,Verified
DOC-0004247,LG-000417,Survey Record,1,1,0,2019-12-18,2020-01-23,Verified
DOC-0004248,LG-000417,Land Record,1,1,0,2020-02-01,2020-02-22,Verified
DOC-0004249,LG-000417,Compensation Document,1,0,0,2019-12-19,,Submitted
DOC-0004250,LG-000417,Land Record,1,0,0,2020-01-13,,Submitted
DOC-0004251,LG-000417,Survey Record,1,0,0,2020-01-05,,Submitted
DOC-0004252,LG-000418,Survey Record,1,0,1,2022-07-09,,Submitted
DOC-0004253,LG-000418,Identity Document,1,1,0,2022-07-21,2022-08-30,Verified
DOC-0004254,LG-000418,Ownership Proof,1,1,0,2022-08-01,2022-08-23,Verified
DOC-0004255,LG-000418,Identity Document,1,1,0,2022-07-26,2022-09-03,Verified
DOC-0004256,LG-000418,Land Record,1,0,0,2022-07-12,,Submitted
DOC-0004257,LG-000418,Identity Document,1,0,0,2022-07-17,,Submitted
DOC-0004258,LG-000418,Survey Record,1,1,0,2022-08-09,2022-08-22,Verified
DOC-0004259,LG-000418,Identity Document,1,0,0,2022-07-16,,Submitted
DOC-0004260,LG-000418,Survey Record,1,0,0,2022-07-01,,Submitted
DOC-0004261,LG-000418,Compensation Document,1,1,0,2022-07-24,2022-08-12,Verified
DOC-0004262,LG-000418,Compensation Document,1,1,0,2022-07-03,2022-07-27,Verified
DOC-0004263,LG-000418,Ownership Proof,1,1,0,2022-07-23,2022-08-27,Verified
DOC-0004264,LG-000418,Ownership Proof,1,0,1,2022-08-10,,Submitted
DOC-0004265,LG-000419,Identity Document,1,0,0,2022-12-30,,Submitted
DOC-0004266,LG-000419,Survey Record,1,0,1,2022-12-22,,Submitted
DOC-0004267,LG-000419,Survey Record,1,1,0,2022-12-26,2023-01-18,Verified
DOC-0004268,LG-000419,Identity Document,1,1,0,2023-01-08,2023-01-18,Verified
DOC-0004269,LG-000419,Identity Document,1,0,0,2023-01-02,,Submitted
DOC-0004270,LG-000419,Land Record,1,0,0,2023-01-11,,Submitted
DOC-0004271,LG-000420,Ownership Proof,1,0,1,2018-10-15,,Submitted
DOC-0004272,LG-000420,Ownership Proof,0,0,1,,,Pending
DOC-0004273,LG-000420,Identity Document,1,1,0,2018-11-09,2018-12-18,Verified
DOC-0004274,LG-000420,Survey Record,1,0,1,2018-09-18,,Submitted
DOC-0004275,LG-000420,Identity Document,1,1,1,2018-09-19,2018-10-13,Verified
DOC-0004276,LG-000420,Identity Document,1,1,0,2018-10-10,2018-10-28,Verified
DOC-0004277,LG-000420,Survey Record,1,1,1,2018-10-10,2018-11-01,Verified
DOC-0004278,LG-000420,Land Record,1,0,1,2018-10-27,,Submitted
DOC-0004279,LG-000420,Compensation Document,1,1,1,2018-11-08,2018-12-09,Verified
DOC-0004280,LG-000420,Survey Record,1,0,0,2018-10-04,,Submitted
DOC-0004281,LG-000420,Survey Record,1,0,0,2018-11-05,,Submitted
DOC-0004282,LG-000420,Land Record,0,0,0,,,Pending
DOC-0004283,LG-000420,Identity Document,1,0,0,2018-09-21,,Submitted
DOC-0004284,LG-000420,Survey Record,1,1,1,2018-09-27,2018-10-23,Verified
DOC-0004285,LG-000421,Compensation Document,1,1,0,2024-10-19,2024-11-15,Verified
DOC-0004286,LG-000421,Ownership Proof,1,1,1,2024-09-11,2024-10-09,Verified
DOC-0004287,LG-000421,Land Record,1,0,0,2024-09-11,,Submitted
DOC-0004288,LG-000421,Compensation Document,1,0,0,2024-10-01,,Submitted
DOC-0004289,LG-000421,Survey Record,1,0,0,2024-09-26,,Submitted
DOC-0004290,LG-000421,Identity Document,1,1,0,2024-11-04,2024-12-03,Verified
DOC-0004291,LG-000421,Ownership Proof,1,1,0,2024-09-28,2024-10-12,Verified
DOC-0004292,LG-000421,Survey Record,1,1,0,2024-10-31,2024-11-25,Verified
DOC-0004293,LG-000421,Land Record,1,1,0,2024-10-28,2024-11-20,Verified
DOC-0004294,LG-000421,Compensation Document,1,1,0,2024-09-23,2024-10-25,Verified
DOC-0004295,LG-000421,Ownership Proof,1,0,0,2024-10-22,,Submitted
DOC-0004296,LG-000421,Ownership Proof,1,0,0,2024-10-12,,Submitted
DOC-0004297,LG-000422,Compensation Document,1,1,0,2022-09-29,2022-10-10,Verified
DOC-0004298,LG-000422,Ownership Proof,1,1,0,2022-11-07,2022-11-17,Verified
DOC-0004299,LG-000422,Ownership Proof,1,0,0,2022-11-09,,Submitted
DOC-0004300,LG-000422,Survey Record,0,0,0,,,Pending
DOC-0004301,LG-000422,Compensation Document,1,1,0,2022-10-07,2022-11-10,Verified
DOC-0004302,LG-000422,Compensation Document,1,1,0,2022-10-25,2022-11-23,Verified
DOC-0004303,LG-000422,Survey Record,1,1,1,2022-10-09,2022-10-31,Verified
DOC-0004304,LG-000422,Compensation Document,1,0,0,2022-11-17,,Submitted
DOC-0004305,LG-000422,Ownership Proof,1,0,0,2022-10-23,,Submitted
DOC-0004306,LG-000422,Land Record,1,1,0,2022-10-18,2022-10-31,Verified
DOC-0004307,LG-000422,Survey Record,1,1,1,2022-11-04,2022-12-12,Verified
DOC-0004308,LG-000423,Compensation Document,1,1,0,2023-04-10,2023-05-09,Verified
DOC-0004309,LG-000423,Ownership Proof,1,1,0,2023-05-06,2023-06-03,Verified
DOC-0004310,LG-000423,Compensation Document,1,1,0,2023-04-30,2023-05-10,Verified
DOC-0004311,LG-000423,Survey Record,1,1,0,2023-03-24,2023-04-14,Verified
DOC-0004312,LG-000423,Ownership Proof,1,1,0,2023-04-18,2023-05-11,Verified
DOC-0004313,LG-000423,Compensation Document,1,1,0,2023-03-28,2023-04-12,Verified
DOC-0004314,LG-000423,Identity Document,1,0,0,2023-03-22,,Submitted
DOC-0004315,LG-000423,Compensation Document,1,1,0,2023-04-21,2023-05-16,Verified
DOC-0004316,LG-000423,Identity Document,1,0,0,2023-05-12,,Submitted
DOC-0004317,LG-000423,Survey Record,1,1,0,2023-04-18,2023-05-28,Verified
DOC-0004318,LG-000423,Survey Record,1,1,1,2023-03-25,2023-04-19,Verified
DOC-0004319,LG-000423,Ownership Proof,0,0,0,,,Pending
DOC-0004320,LG-000423,Survey Record,1,1,0,2023-04-11,2023-04-25,Verified
DOC-0004321,LG-000423,Land Record,1,0,0,2023-04-07,,Submitted
DOC-0004322,LG-000424,Land Record,1,1,0,2019-04-10,2019-05-03,Verified
DOC-0004323,LG-000424,Ownership Proof,1,1,0,2019-04-07,2019-05-07,Verified
DOC-0004324,LG-000424,Land Record,1,1,0,2019-04-03,2019-05-13,Verified
DOC-0004325,LG-000424,Survey Record,1,0,0,2019-05-04,,Submitted
DOC-0004326,LG-000424,Identity Document,1,1,0,2019-03-26,2019-04-10,Verified
DOC-0004327,LG-000424,Identity Document,1,0,0,2019-04-18,,Submitted
DOC-0004328,LG-000424,Survey Record,1,1,0,2019-04-28,2019-06-06,Verified
DOC-0004329,LG-000424,Compensation Document,1,1,0,2019-03-31,2019-04-30,Verified
DOC-0004330,LG-000424,Ownership Proof,1,1,0,2019-04-06,2019-04-16,Verified
DOC-0004331,LG-000425,Ownership Proof,1,1,1,2022-02-04,2022-02-18,Verified
DOC-0004332,LG-000425,Compensation Document,1,1,0,2022-01-05,2022-02-11,Verified
DOC-0004333,LG-000425,Identity Document,1,1,0,2021-12-13,2021-12-26,Verified
DOC-0004334,LG-000425,Ownership Proof,1,1,0,2022-01-21,2022-02-17,Verified
DOC-0004335,LG-000425,Ownership Proof,1,1,1,2022-01-09,2022-02-13,Verified
DOC-0004336,LG-000425,Identity Document,1,0,0,2022-01-27,,Submitted
DOC-0004337,LG-000425,Compensation Document,1,1,0,2022-01-14,2022-02-21,Verified
DOC-0004338,LG-000426,Compensation Document,1,1,0,2022-08-14,2022-08-26,Verified
DOC-0004339,LG-000426,Identity Document,1,0,0,2022-09-06,,Submitted
DOC-0004340,LG-000426,Survey Record,1,1,0,2022-09-05,2022-09-29,Verified
DOC-0004341,LG-000426,Land Record,1,0,0,2022-09-26,,Submitted
DOC-0004342,LG-000426,Identity Document,0,0,0,,,Pending
DOC-0004343,LG-000426,Compensation Document,1,1,0,2022-08-15,2022-09-23,Verified
DOC-0004344,LG-000427,Identity Document,0,0,0,,,Pending
DOC-0004345,LG-000427,Land Record,1,1,1,2023-11-04,2023-12-05,Verified
DOC-0004346,LG-000427,Ownership Proof,1,1,1,2023-11-29,2023-12-09,Verified
DOC-0004347,LG-000427,Ownership Proof,1,1,0,2023-11-06,2023-11-20,Verified
DOC-0004348,LG-000427,Survey Record,1,1,1,2023-12-16,2023-12-28,Verified
DOC-0004349,LG-000427,Ownership Proof,1,1,1,2023-11-25,2023-12-18,Verified
DOC-0004350,LG-000427,Land Record,1,0,0,2023-11-13,,Submitted
DOC-0004351,LG-000428,Identity Document,1,1,0,2022-10-29,2022-11-25,Verified
DOC-0004352,LG-000428,Compensation Document,1,1,1,2022-10-08,2022-11-04,Verified
DOC-0004353,LG-000428,Land Record,1,1,1,2022-10-29,2022-11-21,Verified
DOC-0004354,LG-000428,Survey Record,1,1,1,2022-10-04,2022-10-25,Verified
DOC-0004355,LG-000428,Survey Record,0,0,0,,,Pending
DOC-0004356,LG-000428,Survey Record,1,0,1,2022-10-15,,Submitted
DOC-0004357,LG-000429,Ownership Proof,1,1,1,2018-05-09,2018-06-13,Verified
DOC-0004358,LG-000429,Identity Document,0,0,1,,,Pending
DOC-0004359,LG-000429,Identity Document,1,1,0,2018-04-13,2018-05-21,Verified
DOC-0004360,LG-000429,Land Record,0,0,0,,,Pending
DOC-0004361,LG-000429,Land Record,1,0,0,2018-04-26,,Submitted
DOC-0004362,LG-000429,Identity Document,0,0,1,,,Pending
DOC-0004363,LG-000429,Identity Document,1,1,0,2018-04-17,2018-05-12,Verified
DOC-0004364,LG-000429,Identity Document,0,0,1,,,Pending
DOC-0004365,LG-000429,Compensation Document,0,0,1,,,Pending
DOC-0004366,LG-000429,Identity Document,1,1,0,2018-03-31,2018-05-03,Verified
DOC-0004367,LG-000429,Identity Document,1,1,0,2018-04-18,2018-05-22,Verified
DOC-0004368,LG-000429,Survey Record,1,1,0,2018-03-22,2018-04-09,Verified
DOC-0004369,LG-000430,Ownership Proof,1,1,0,2021-11-18,2021-12-19,Verified
DOC-0004370,LG-000430,Ownership Proof,0,0,1,,,Pending
DOC-0004371,LG-000430,Identity Document,1,1,0,2021-10-07,2021-10-19,Verified
DOC-0004372,LG-000430,Ownership Proof,0,0,1,,,Pending
DOC-0004373,LG-000430,Land Record,0,0,1,,,Pending
DOC-0004374,LG-000430,Ownership Proof,1,0,1,2021-10-06,,Submitted
DOC-0004375,LG-000430,Land Record,1,1,1,2021-09-30,2021-11-09,Verified
DOC-0004376,LG-000430,Compensation Document,1,1,0,2021-10-19,2021-11-17,Verified
DOC-0004377,LG-000430,Survey Record,1,1,0,2021-10-28,2021-11-22,Verified
DOC-0004378,LG-000430,Identity Document,1,1,1,2021-10-15,2021-10-26,Verified
DOC-0004379,LG-000430,Survey Record,1,0,0,2021-10-20,,Submitted
DOC-0004380,LG-000431,Land Record,1,1,0,2022-12-15,2023-01-20,Verified
DOC-0004381,LG-000431,Compensation Document,1,1,1,2022-12-17,2023-01-08,Verified
DOC-0004382,LG-000431,Ownership Proof,1,1,0,2022-12-11,2023-01-03,Verified
DOC-0004383,LG-000431,Ownership Proof,1,1,0,2022-11-23,2022-12-27,Verified
DOC-0004384,LG-000431,Compensation Document,1,1,0,2022-12-15,2023-01-21,Verified
DOC-0004385,LG-000431,Ownership Proof,1,0,0,2022-12-16,,Submitted
DOC-0004386,LG-000431,Compensation Document,1,0,0,2022-12-24,,Submitted
DOC-0004387,LG-000431,Compensation Document,1,1,0,2022-11-13,2022-12-22,Verified
DOC-0004388,LG-000432,Compensation Document,1,1,0,2024-11-24,2024-12-05,Verified
DOC-0004389,LG-000432,Identity Document,1,1,0,2024-10-29,2024-11-26,Verified
DOC-0004390,LG-000432,Compensation Document,1,1,0,2024-10-23,2024-11-02,Verified
DOC-0004391,LG-000432,Ownership Proof,1,1,0,2024-11-09,2024-12-01,Verified
DOC-0004392,LG-000432,Survey Record,1,0,0,2024-11-18,,Submitted
DOC-0004393,LG-000432,Ownership Proof,1,1,1,2024-11-06,2024-12-06,Verified
DOC-0004394,LG-000432,Ownership Proof,1,1,0,2024-11-22,2024-12-11,Verified
DOC-0004395,LG-000433,Survey Record,1,1,1,2018-07-15,2018-08-04,Verified
DOC-0004396,LG-000433,Survey Record,0,0,1,,,Pending
DOC-0004397,LG-000433,Compensation Document,0,0,1,,,Pending
DOC-0004398,LG-000433,Survey Record,1,1,0,2018-08-05,2018-09-02,Verified
DOC-0004399,LG-000433,Compensation Document,0,0,0,,,Pending
DOC-0004400,LG-000433,Identity Document,0,0,0,,,Pending
DOC-0004401,LG-000433,Compensation Document,1,0,0,2018-07-11,,Submitted
DOC-0004402,LG-000433,Survey Record,1,1,0,2018-08-29,2018-10-01,Verified
DOC-0004403,LG-000433,Survey Record,1,1,1,2018-08-15,2018-09-13,Verified
DOC-0004404,LG-000433,Identity Document,1,1,0,2018-07-17,2018-08-17,Verified
DOC-0004405,LG-000433,Compensation Document,0,0,0,,,Pending
DOC-0004406,LG-000433,Land Record,0,0,1,,,Pending
DOC-0004407,LG-000433,Ownership Proof,1,1,0,2018-07-24,2018-08-05,Verified
DOC-0004408,LG-000434,Ownership Proof,1,0,0,2021-11-26,,Submitted
DOC-0004409,LG-000434,Identity Document,1,0,0,2021-10-30,,Submitted
DOC-0004410,LG-000434,Land Record,1,1,0,2021-12-01,2021-12-27,Verified
DOC-0004411,LG-000434,Survey Record,1,0,0,2021-10-22,,Submitted
DOC-0004412,LG-000434,Ownership Proof,1,0,0,2021-10-30,,Submitted
DOC-0004413,LG-000434,Land Record,1,1,1,2021-12-07,2021-12-26,Verified
DOC-0004414,LG-000434,Ownership Proof,1,1,0,2021-11-04,2021-11-25,Verified
DOC-0004415,LG-000434,Identity Document,0,0,0,,,Pending
DOC-0004416,LG-000434,Land Record,1,1,0,2021-12-08,2021-12-23,Verified
DOC-0004417,LG-000434,Survey Record,1,1,0,2021-12-13,2021-12-30,Verified
DOC-0004418,LG-000434,Ownership Proof,1,1,0,2021-11-25,2021-12-09,Verified
DOC-0004419,LG-000434,Ownership Proof,1,1,0,2021-11-21,2021-12-26,Verified
DOC-0004420,LG-000434,Survey Record,1,0,0,2021-12-10,,Submitted
DOC-0004421,LG-000435,Compensation Document,1,1,0,2019-09-04,2019-09-18,Verified
DOC-0004422,LG-000435,Survey Record,1,0,0,2019-09-01,,Submitted
DOC-0004423,LG-000435,Identity Document,1,0,0,2019-08-24,,Submitted
DOC-0004424,LG-000435,Survey Record,1,1,0,2019-09-01,2019-09-22,Verified
DOC-0004425,LG-000435,Land Record,1,0,0,2019-09-19,,Submitted
DOC-0004426,LG-000435,Survey Record,1,1,0,2019-08-22,2019-09-06,Verified
DOC-0004427,LG-000435,Compensation Document,1,0,1,2019-08-19,,Submitted
DOC-0004428,LG-000435,Survey Record,1,0,0,2019-09-11,,Submitted
DOC-0004429,LG-000435,Survey Record,1,0,0,2019-09-15,,Submitted
DOC-0004430,LG-000435,Compensation Document,1,1,0,2019-08-12,2019-09-16,Verified
DOC-0004431,LG-000435,Survey Record,1,1,0,2019-08-24,2019-09-29,Verified
DOC-0004432,LG-000435,Compensation Document,1,0,0,2019-08-17,,Submitted
DOC-0004433,LG-000435,Survey Record,1,1,0,2019-08-11,2019-09-18,Verified
DOC-0004434,LG-000435,Survey Record,1,0,0,2019-08-30,,Submitted
DOC-0004435,LG-000436,Survey Record,1,1,0,2024-04-19,2024-05-16,Verified
DOC-0004436,LG-000436,Ownership Proof,1,1,0,2024-03-11,2024-04-07,Verified
DOC-0004437,LG-000436,Ownership Proof,1,1,0,2024-04-26,2024-05-18,Verified
DOC-0004438,LG-000436,Survey Record,1,1,0,2024-04-05,2024-04-18,Verified
DOC-0004439,LG-000436,Survey Record,1,0,0,2024-03-18,,Submitted
DOC-0004440,LG-000436,Compensation Document,1,1,0,2024-04-14,2024-05-24,Verified
DOC-0004441,LG-000436,Identity Document,1,1,0,2024-04-28,2024-05-13,Verified
DOC-0004442,LG-000436,Land Record,1,1,0,2024-04-17,2024-05-09,Verified
DOC-0004443,LG-000436,Ownership Proof,1,1,0,2024-04-20,2024-05-11,Verified
DOC-0004444,LG-000436,Compensation Document,1,1,0,2024-04-20,2024-04-30,Verified
DOC-0004445,LG-000437,Ownership Proof,1,1,0,2022-09-16,2022-10-05,Verified
DOC-0004446,LG-000437,Land Record,1,1,0,2022-09-19,2022-10-02,Verified
DOC-0004447,LG-000437,Land Record,1,0,0,2022-09-04,,Submitted
DOC-0004448,LG-000437,Land Record,1,0,0,2022-10-07,,Submitted
DOC-0004449,LG-000437,Compensation Document,1,1,0,2022-09-03,2022-09-25,Verified
DOC-0004450,LG-000437,Ownership Proof,0,0,0,,,Pending
DOC-0004451,LG-000437,Ownership Proof,1,0,0,2022-09-29,,Submitted
DOC-0004452,LG-000437,Identity Document,1,0,1,2022-09-29,,Submitted
DOC-0004453,LG-000437,Ownership Proof,1,1,0,2022-10-07,2022-11-14,Verified
DOC-0004454,LG-000438,Land Record,1,1,0,2021-06-21,2021-07-19,Verified
DOC-0004455,LG-000438,Identity Document,1,1,0,2021-05-12,2021-06-11,Verified
DOC-0004456,LG-000438,Land Record,0,0,0,,,Pending
DOC-0004457,LG-000438,Land Record,1,1,0,2021-05-25,2021-06-11,Verified
DOC-0004458,LG-000438,Identity Document,1,0,0,2021-06-02,,Submitted
DOC-0004459,LG-000438,Survey Record,0,0,0,,,Pending
DOC-0004460,LG-000438,Land Record,1,1,0,2021-05-30,2021-07-06,Verified
DOC-0004461,LG-000438,Identity Document,1,1,0,2021-06-02,2021-06-21,Verified
DOC-0004462,LG-000439,Land Record,1,1,0,2021-07-04,2021-08-11,Verified
DOC-0004463,LG-000439,Identity Document,1,1,0,2021-07-12,2021-08-18,Verified
DOC-0004464,LG-000439,Survey Record,1,1,1,2021-06-17,2021-07-11,Verified
DOC-0004465,LG-000439,Identity Document,1,1,0,2021-06-17,2021-07-21,Verified
DOC-0004466,LG-000439,Survey Record,1,1,0,2021-05-27,2021-06-26,Verified
DOC-0004467,LG-000440,Survey Record,1,1,0,2019-12-07,2019-12-21,Verified
DOC-0004468,LG-000440,Compensation Document,1,1,0,2019-12-25,2020-01-25,Verified
DOC-0004469,LG-000440,Identity Document,1,1,0,2019-11-22,2019-12-07,Verified
DOC-0004470,LG-000440,Identity Document,1,1,0,2020-01-05,2020-02-07,Verified
DOC-0004471,LG-000440,Identity Document,1,1,1,2019-12-20,2020-01-07,Verified
DOC-0004472,LG-000440,Identity Document,1,1,0,2019-12-02,2019-12-16,Verified
DOC-0004473,LG-000440,Compensation Document,1,1,0,2019-12-13,2020-01-11,Verified
DOC-0004474,LG-000440,Ownership Proof,1,1,0,2020-01-05,2020-01-18,Verified
DOC-0004475,LG-000440,Ownership Proof,1,1,0,2019-12-24,2020-01-19,Verified
DOC-0004476,LG-000440,Identity Document,1,1,0,2019-12-11,2020-01-08,Verified
DOC-0004477,LG-000440,Identity Document,1,1,0,2020-01-04,2020-01-31,Verified
DOC-0004478,LG-000440,Land Record,1,0,0,2020-01-01,,Submitted
DOC-0004479,LG-000440,Land Record,1,1,0,2019-11-22,2019-12-08,Verified
DOC-0004480,LG-000440,Survey Record,0,0,1,,,Pending
DOC-0004481,LG-000440,Ownership Proof,1,1,0,2019-11-22,2019-12-25,Verified
DOC-0004482,LG-000441,Identity Document,1,0,0,2024-10-30,,Submitted
DOC-0004483,LG-000441,Compensation Document,1,0,0,2024-10-15,,Submitted
DOC-0004484,LG-000441,Ownership Proof,1,1,0,2024-11-05,2024-11-25,Verified
DOC-0004485,LG-000441,Compensation Document,1,0,0,2024-10-25,,Submitted
DOC-0004486,LG-000441,Survey Record,1,1,0,2024-10-20,2024-11-14,Verified
DOC-0004487,LG-000441,Land Record,1,1,0,2024-10-08,2024-10-31,Verified
DOC-0004488,LG-000441,Ownership Proof,1,0,0,2024-11-05,,Submitted
DOC-0004489,LG-000441,Compensation Document,1,0,1,2024-11-03,,Submitted
DOC-0004490,LG-000441,Ownership Proof,1,0,0,2024-10-25,,Submitted
DOC-0004491,LG-000441,Land Record,1,1,0,2024-10-20,2024-11-05,Verified
DOC-0004492,LG-000441,Survey Record,1,1,0,2024-10-27,2024-11-15,Verified
DOC-0004493,LG-000441,Identity Document,1,0,0,2024-09-20,,Submitted
DOC-0004494,LG-000441,Survey Record,1,1,0,2024-10-08,2024-10-23,Verified
DOC-0004495,LG-000441,Survey Record,1,0,0,2024-10-06,,Submitted
DOC-0004496,LG-000441,Identity Document,1,1,0,2024-11-06,2024-11-29,Verified
DOC-0004497,LG-000442,Land Record,1,1,1,2021-08-29,2021-09-13,Verified
DOC-0004498,LG-000442,Ownership Proof,0,0,0,,,Pending
DOC-0004499,LG-000442,Ownership Proof,1,0,1,2021-09-28,,Submitted
DOC-0004500,LG-000442,Land Record,1,0,1,2021-08-23,,Submitted
DOC-0004501,LG-000442,Survey Record,1,0,1,2021-09-25,,Submitted
DOC-0004502,LG-000442,Compensation Document,1,0,0,2021-10-07,,Submitted
DOC-0004503,LG-000442,Survey Record,1,0,0,2021-09-19,,Submitted
DOC-0004504,LG-000442,Land Record,1,1,0,2021-09-07,2021-10-03,Verified
DOC-0004505,LG-000442,Land Record,1,1,0,2021-10-04,2021-11-11,Verified
DOC-0004506,LG-000442,Identity Document,1,1,0,2021-09-20,2021-10-16,Verified
DOC-0004507,LG-000443,Survey Record,1,1,0,2023-12-15,2024-01-15,Verified
DOC-0004508,LG-000443,Compensation Document,1,1,1,2023-12-13,2024-01-15,Verified
DOC-0004509,LG-000443,Compensation Document,0,0,0,,,Pending
DOC-0004510,LG-000443,Compensation Document,1,1,0,2024-01-07,2024-02-08,Verified
DOC-0004511,LG-000443,Ownership Proof,1,0,0,2024-01-05,,Submitted
DOC-0004512,LG-000443,Survey Record,1,1,0,2023-12-26,2024-01-27,Verified
DOC-0004513,LG-000443,Identity Document,0,0,0,,,Pending
DOC-0004514,LG-000443,Land Record,0,0,0,,,Pending
DOC-0004515,LG-000443,Identity Document,1,1,1,2023-12-26,2024-01-10,Verified
DOC-0004516,LG-000444,Land Record,1,1,0,2023-11-18,2023-12-27,Verified
DOC-0004517,LG-000444,Land Record,1,1,0,2023-12-07,2023-12-28,Verified
DOC-0004518,LG-000444,Identity Document,1,1,0,2023-11-30,2024-01-08,Verified
DOC-0004519,LG-000444,Survey Record,1,0,0,2023-12-20,,Submitted
DOC-0004520,LG-000444,Compensation Document,1,1,0,2023-12-13,2024-01-02,Verified
DOC-0004521,LG-000445,Ownership Proof,1,0,0,2023-06-11,,Submitted
DOC-0004522,LG-000445,Land Record,1,0,1,2023-07-16,,Submitted
DOC-0004523,LG-000445,Identity Document,0,0,0,,,Pending
DOC-0004524,LG-000445,Identity Document,1,1,0,2023-06-17,2023-07-22,Verified
DOC-0004525,LG-000445,Identity Document,0,0,0,,,Pending
DOC-0004526,LG-000445,Compensation Document,0,0,1,,,Pending
DOC-0004527,LG-000445,Compensation Document,0,0,0,,,Pending
DOC-0004528,LG-000445,Ownership Proof,1,1,1,2023-06-20,2023-07-18,Verified
DOC-0004529,LG-000445,Ownership Proof,0,0,1,,,Pending
DOC-0004530,LG-000445,Ownership Proof,1,0,1,2023-06-06,,Submitted
DOC-0004531,LG-000446,Identity Document,0,0,1,,,Pending
DOC-0004532,LG-000446,Compensation Document,1,1,1,2024-05-18,2024-05-31,Verified
DOC-0004533,LG-000446,Ownership Proof,0,0,1,,,Pending
DOC-0004534,LG-000446,Ownership Proof,1,1,0,2024-04-26,2024-05-11,Verified
DOC-0004535,LG-000446,Land Record,1,0,0,2024-05-07,,Submitted
DOC-0004536,LG-000446,Compensation Document,1,1,0,2024-05-02,2024-06-08,Verified
DOC-0004537,LG-000446,Survey Record,1,0,1,2024-04-21,,Submitted
DOC-0004538,LG-000446,Ownership Proof,1,1,0,2024-04-28,2024-05-22,Verified
DOC-0004539,LG-000446,Compensation Document,1,1,1,2024-03-30,2024-04-21,Verified
DOC-0004540,LG-000446,Land Record,1,1,0,2024-05-16,2024-05-30,Verified
DOC-0004541,LG-000447,Identity Document,1,1,0,2018-03-10,2018-04-11,Verified
DOC-0004542,LG-000447,Ownership Proof,0,0,0,,,Pending
DOC-0004543,LG-000447,Ownership Proof,1,1,1,2018-03-07,2018-04-08,Verified
DOC-0004544,LG-000447,Land Record,0,0,0,,,Pending
DOC-0004545,LG-000447,Land Record,1,0,1,2018-04-06,,Submitted
DOC-0004546,LG-000447,Ownership Proof,1,1,0,2018-04-09,2018-05-06,Verified
DOC-0004547,LG-000447,Ownership Proof,1,1,1,2018-03-20,2018-04-22,Verified
DOC-0004548,LG-000448,Compensation Document,1,1,0,2020-04-11,2020-05-14,Verified
DOC-0004549,LG-000448,Survey Record,1,1,0,2020-03-24,2020-04-12,Verified
DOC-0004550,LG-000448,Ownership Proof,1,1,0,2020-03-28,2020-04-28,Verified
DOC-0004551,LG-000448,Survey Record,1,0,0,2020-03-25,,Submitted
DOC-0004552,LG-000448,Survey Record,1,0,0,2020-04-05,,Submitted
DOC-0004553,LG-000448,Land Record,1,1,0,2020-03-22,2020-04-09,Verified
DOC-0004554,LG-000448,Compensation Document,0,0,0,,,Pending
DOC-0004555,LG-000448,Survey Record,1,1,1,2020-04-21,2020-05-02,Verified
DOC-0004556,LG-000448,Compensation Document,1,0,0,2020-04-18,,Submitted
DOC-0004557,LG-000448,Ownership Proof,1,0,0,2020-04-03,,Submitted
DOC-0004558,LG-000448,Ownership Proof,1,1,0,2020-05-03,2020-06-12,Verified
DOC-0004559,LG-000448,Land Record,1,1,0,2020-03-10,2020-04-14,Verified
DOC-0004560,LG-000449,Compensation Document,1,0,1,2018-04-06,,Submitted
DOC-0004561,LG-000449,Ownership Proof,1,1,1,2018-03-03,2018-03-13,Verified
DOC-0004562,LG-000449,Survey Record,1,0,1,2018-03-03,,Submitted
DOC-0004563,LG-000449,Compensation Document,1,1,1,2018-04-04,2018-05-11,Verified
DOC-0004564,LG-000449,Ownership Proof,1,0,1,2018-04-14,,Submitted
DOC-0004565,LG-000449,Land Record,1,1,1,2018-03-14,2018-03-30,Verified
DOC-0004566,LG-000449,Ownership Proof,0,0,0,,,Pending
DOC-0004567,LG-000449,Survey Record,1,0,1,2018-04-15,,Submitted
DOC-0004568,LG-000449,Compensation Document,1,1,0,2018-03-22,2018-05-01,Verified
DOC-0004569,LG-000450,Compensation Document,1,0,0,2021-03-14,,Submitted
DOC-0004570,LG-000450,Compensation Document,1,1,1,2021-03-10,2021-03-20,Verified
DOC-0004571,LG-000450,Identity Document,1,1,0,2021-02-12,2021-03-22,Verified
DOC-0004572,LG-000450,Ownership Proof,0,0,1,,,Pending
DOC-0004573,LG-000450,Identity Document,1,1,1,2021-03-11,2021-04-02,Verified
DOC-0004574,LG-000450,Identity Document,0,0,1,,,Pending
DOC-0004575,LG-000450,Ownership Proof,1,1,1,2021-02-25,2021-03-13,Verified
DOC-0004576,LG-000450,Identity Document,0,0,0,,,Pending
DOC-0004577,LG-000450,Identity Document,1,1,0,2021-03-12,2021-04-05,Verified
DOC-0004578,LG-000450,Compensation Document,1,1,1,2021-01-29,2021-02-08,Verified
DOC-0004579,LG-000450,Ownership Proof,0,0,0,,,Pending
DOC-0004580,LG-000450,Identity Document,1,0,1,2021-02-13,,Submitted
DOC-0004581,LG-000450,Compensation Document,1,1,0,2021-03-12,2021-04-16,Verified
DOC-0004582,LG-000450,Identity Document,1,1,0,2021-02-13,2021-03-22,Verified
DOC-0004583,LG-000451,Ownership Proof,0,0,1,,,Pending
DOC-0004584,LG-000451,Compensation Document,1,1,1,2020-05-01,2020-06-06,Verified
DOC-0004585,LG-000451,Ownership Proof,1,1,1,2020-05-07,2020-06-02,Verified
DOC-0004586,LG-000451,Ownership Proof,0,0,1,,,Pending
DOC-0004587,LG-000451,Survey Record,1,0,1,2020-05-05,,Submitted
DOC-0004588,LG-000451,Compensation Document,1,1,0,2020-05-04,2020-05-18,Verified
DOC-0004589,LG-000451,Compensation Document,1,1,0,2020-05-04,2020-05-21,Verified
DOC-0004590,LG-000451,Identity Document,1,1,0,2020-06-15,2020-07-03,Verified
DOC-0004591,LG-000451,Survey Record,0,0,0,,,Pending
DOC-0004592,LG-000451,Survey Record,1,1,1,2020-05-30,2020-06-22,Verified
DOC-0004593,LG-000451,Land Record,1,1,0,2020-06-16,2020-07-11,Verified
DOC-0004594,LG-000451,Survey Record,1,0,0,2020-06-07,,Submitted
DOC-0004595,LG-000451,Ownership Proof,1,1,1,2020-06-06,2020-06-29,Verified
DOC-0004596,LG-000451,Identity Document,1,1,0,2020-04-30,2020-05-12,Verified
DOC-0004597,LG-000452,Ownership Proof,1,1,0,2019-06-29,2019-07-22,Verified
DOC-0004598,LG-000452,Compensation Document,1,1,1,2019-06-29,2019-07-30,Verified
DOC-0004599,LG-000452,Identity Document,1,0,0,2019-06-25,,Submitted
DOC-0004600,LG-000452,Ownership Proof,1,0,0,2019-07-17,,Submitted
DOC-0004601,LG-000452,Land Record,1,1,0,2019-07-13,2019-07-29,Verified
DOC-0004602,LG-000452,Survey Record,1,1,0,2019-06-21,2019-07-26,Verified
DOC-0004603,LG-000452,Land Record,1,0,0,2019-07-07,,Submitted
DOC-0004604,LG-000452,Identity Document,1,0,0,2019-06-05,,Submitted
DOC-0004605,LG-000452,Ownership Proof,0,0,1,,,Pending
DOC-0004606,LG-000452,Identity Document,1,1,1,2019-06-14,2019-06-26,Verified
DOC-0004607,LG-000452,Identity Document,0,0,0,,,Pending
DOC-0004608,LG-000452,Land Record,0,0,1,,,Pending
DOC-0004609,LG-000452,Survey Record,0,0,1,,,Pending
DOC-0004610,LG-000452,Identity Document,0,0,0,,,Pending
DOC-0004611,LG-000452,Survey Record,1,1,0,2019-07-11,2019-08-06,Verified
DOC-0004612,LG-000453,Identity Document,1,1,0,2025-01-17,2025-02-13,Verified
DOC-0004613,LG-000453,Compensation Document,1,1,0,2024-12-19,2025-01-17,Verified
DOC-0004614,LG-000453,Ownership Proof,1,0,0,2025-01-20,,Submitted
DOC-0004615,LG-000453,Land Record,1,1,0,2025-01-12,2025-02-10,Verified
DOC-0004616,LG-000453,Identity Document,1,1,0,2025-01-05,2025-02-14,Verified
DOC-0004617,LG-000454,Identity Document,1,1,0,2019-11-01,2019-12-07,Verified
DOC-0004618,LG-000454,Identity Document,1,1,0,2019-11-16,2019-12-19,Verified
DOC-0004619,LG-000454,Ownership Proof,1,0,0,2019-10-28,,Submitted
DOC-0004620,LG-000454,Ownership Proof,1,1,0,2019-11-12,2019-12-22,Verified
DOC-0004621,LG-000454,Compensation Document,1,1,0,2019-11-09,2019-12-01,Verified
DOC-0004622,LG-000454,Identity Document,1,1,0,2019-10-18,2019-11-08,Verified
DOC-0004623,LG-000454,Compensation Document,1,1,1,2019-10-15,2019-10-25,Verified
DOC-0004624,LG-000454,Ownership Proof,1,1,0,2019-10-29,2019-11-22,Verified
DOC-0004625,LG-000454,Compensation Document,1,1,0,2019-11-09,2019-11-27,Verified
DOC-0004626,LG-000454,Identity Document,1,1,0,2019-11-01,2019-11-24,Verified
DOC-0004627,LG-000455,Identity Document,1,1,0,2019-07-22,2019-08-10,Verified
DOC-0004628,LG-000455,Identity Document,1,1,0,2019-08-27,2019-09-24,Verified
DOC-0004629,LG-000455,Survey Record,1,1,1,2019-07-19,2019-08-14,Verified
DOC-0004630,LG-000455,Land Record,1,1,0,2019-07-23,2019-09-01,Verified
DOC-0004631,LG-000455,Survey Record,1,1,0,2019-07-29,2019-08-10,Verified
DOC-0004632,LG-000455,Survey Record,1,0,0,2019-09-04,,Submitted
DOC-0004633,LG-000455,Ownership Proof,1,0,0,2019-07-23,,Submitted
DOC-0004634,LG-000455,Ownership Proof,1,1,0,2019-07-25,2019-08-31,Verified
DOC-0004635,LG-000455,Survey Record,1,1,1,2019-09-03,2019-10-12,Verified
DOC-0004636,LG-000455,Compensation Document,1,1,0,2019-08-27,2019-09-25,Verified
DOC-0004637,LG-000455,Ownership Proof,1,1,0,2019-07-25,2019-08-26,Verified
DOC-0004638,LG-000456,Land Record,1,0,0,2022-12-07,,Submitted
DOC-0004639,LG-000456,Survey Record,1,0,0,2023-01-17,,Submitted
DOC-0004640,LG-000456,Survey Record,1,1,0,2022-12-04,2022-12-26,Verified
DOC-0004641,LG-000456,Identity Document,1,1,0,2023-01-16,2023-02-22,Verified
DOC-0004642,LG-000456,Survey Record,1,1,0,2022-12-23,2023-01-28,Verified
DOC-0004643,LG-000456,Compensation Document,1,0,0,2022-12-22,,Submitted
DOC-0004644,LG-000456,Ownership Proof,1,0,0,2022-12-08,,Submitted
DOC-0004645,LG-000456,Compensation Document,1,1,1,2022-12-11,2023-01-20,Verified
DOC-0004646,LG-000456,Land Record,1,1,0,2022-12-01,2022-12-20,Verified
DOC-0004647,LG-000456,Land Record,1,1,0,2022-12-30,2023-01-30,Verified
DOC-0004648,LG-000456,Compensation Document,1,1,0,2022-12-26,2023-01-19,Verified
DOC-0004649,LG-000456,Identity Document,1,0,0,2023-01-08,,Submitted
DOC-0004650,LG-000456,Identity Document,1,1,0,2022-12-23,2023-01-06,Verified
DOC-0004651,LG-000456,Land Record,1,1,0,2023-01-11,2023-02-03,Verified
DOC-0004652,LG-000456,Land Record,1,0,0,2023-01-06,,Submitted
DOC-0004653,LG-000457,Land Record,1,1,0,2021-07-07,2021-07-18,Verified
DOC-0004654,LG-000457,Ownership Proof,1,1,0,2021-06-28,2021-07-25,Verified
DOC-0004655,LG-000457,Survey Record,1,1,1,2021-07-02,2021-07-15,Verified
DOC-0004656,LG-000457,Ownership Proof,1,0,0,2021-06-18,,Submitted
DOC-0004657,LG-000457,Identity Document,1,1,0,2021-06-13,2021-07-23,Verified
DOC-0004658,LG-000457,Ownership Proof,1,0,0,2021-05-27,,Submitted
DOC-0004659,LG-000457,Identity Document,1,0,0,2021-06-27,,Submitted
DOC-0004660,LG-000457,Survey Record,1,0,0,2021-05-21,,Submitted
DOC-0004661,LG-000457,Compensation Document,1,0,0,2021-05-31,,Submitted
DOC-0004662,LG-000457,Land Record,1,1,1,2021-06-22,2021-07-14,Verified
DOC-0004663,LG-000457,Ownership Proof,1,0,1,2021-07-03,,Submitted
DOC-0004664,LG-000457,Ownership Proof,1,1,0,2021-06-16,2021-07-12,Verified
DOC-0004665,LG-000457,Survey Record,1,1,1,2021-06-01,2021-07-04,Verified
DOC-0004666,LG-000458,Identity Document,0,0,1,,,Pending
DOC-0004667,LG-000458,Ownership Proof,0,0,0,,,Pending
DOC-0004668,LG-000458,Ownership Proof,1,1,0,2018-12-13,2018-12-28,Verified
DOC-0004669,LG-000458,Compensation Document,1,0,1,2019-01-19,,Submitted
DOC-0004670,LG-000458,Compensation Document,1,1,0,2019-01-02,2019-01-12,Verified
DOC-0004671,LG-000458,Identity Document,1,1,0,2019-01-07,2019-02-10,Verified
DOC-0004672,LG-000458,Ownership Proof,1,1,1,2018-12-14,2018-12-31,Verified
DOC-0004673,LG-000458,Compensation Document,1,1,1,2019-01-01,2019-01-12,Verified
DOC-0004674,LG-000458,Compensation Document,1,1,0,2019-01-11,2019-02-05,Verified
DOC-0004675,LG-000458,Identity Document,0,0,0,,,Pending
DOC-0004676,LG-000458,Compensation Document,1,1,0,2018-11-30,2018-12-16,Verified
DOC-0004677,LG-000459,Survey Record,1,1,1,2024-12-10,2024-12-30,Verified
DOC-0004678,LG-000459,Identity Document,1,0,1,2024-12-31,,Submitted
DOC-0004679,LG-000459,Identity Document,1,1,1,2025-01-15,2025-02-08,Verified
DOC-0004680,LG-000459,Land Record,1,1,0,2025-01-14,2025-02-14,Verified
DOC-0004681,LG-000459,Compensation Document,0,0,1,,,Pending
DOC-0004682,LG-000459,Survey Record,1,1,1,2024-11-28,2024-12-16,Verified
DOC-0004683,LG-000459,Survey Record,1,1,0,2025-01-15,2025-02-22,Verified
DOC-0004684,LG-000459,Ownership Proof,0,0,0,,,Pending
DOC-0004685,LG-000459,Compensation Document,1,1,1,2024-12-25,2025-01-29,Verified
DOC-0004686,LG-000459,Ownership Proof,1,1,0,2024-12-01,2024-12-12,Verified
DOC-0004687,LG-000460,Compensation Document,1,1,0,2022-10-12,2022-11-06,Verified
DOC-0004688,LG-000460,Survey Record,1,1,0,2022-09-24,2022-10-20,Verified
DOC-0004689,LG-000460,Identity Document,1,1,0,2022-09-16,2022-10-01,Verified
DOC-0004690,LG-000460,Ownership Proof,1,1,0,2022-10-13,2022-11-13,Verified
DOC-0004691,LG-000460,Ownership Proof,1,1,1,2022-08-21,2022-09-03,Verified
DOC-0004692,LG-000460,Identity Document,1,0,1,2022-09-18,,Submitted
DOC-0004693,LG-000461,Survey Record,1,0,0,2019-08-21,,Submitted
DOC-0004694,LG-000461,Identity Document,1,1,0,2019-08-26,2019-09-26,Verified
DOC-0004695,LG-000461,Ownership Proof,0,0,0,,,Pending
DOC-0004696,LG-000461,Compensation Document,1,0,0,2019-08-04,,Submitted
DOC-0004697,LG-000461,Compensation Document,1,1,0,2019-08-15,2019-09-05,Verified
DOC-0004698,LG-000461,Compensation Document,1,1,0,2019-08-29,2019-09-29,Verified
DOC-0004699,LG-000461,Ownership Proof,1,1,0,2019-07-29,2019-08-24,Verified
DOC-0004700,LG-000461,Identity Document,1,1,0,2019-07-30,2019-08-29,Verified
DOC-0004701,LG-000461,Survey Record,1,0,0,2019-07-31,,Submitted
DOC-0004702,LG-000461,Compensation Document,1,1,0,2019-09-19,2019-10-18,Verified
DOC-0004703,LG-000461,Survey Record,1,1,0,2019-08-21,2019-08-31,Verified
DOC-0004704,LG-000461,Land Record,1,1,0,2019-08-23,2019-10-01,Verified
DOC-0004705,LG-000462,Land Record,1,0,0,2019-10-08,,Submitted
DOC-0004706,LG-000462,Ownership Proof,1,1,0,2019-10-10,2019-11-19,Verified
DOC-0004707,LG-000462,Identity Document,1,1,1,2019-10-18,2019-11-03,Verified
DOC-0004708,LG-000462,Survey Record,1,1,0,2019-10-02,2019-11-09,Verified
DOC-0004709,LG-000462,Survey Record,1,1,0,2019-09-08,2019-09-23,Verified
DOC-0004710,LG-000462,Ownership Proof,1,0,0,2019-10-04,,Submitted
DOC-0004711,LG-000462,Compensation Document,1,0,0,2019-10-19,,Submitted
DOC-0004712,LG-000462,Land Record,1,1,0,2019-10-26,2019-11-22,Verified
DOC-0004713,LG-000462,Land Record,1,1,0,2019-10-27,2019-12-06,Verified
DOC-0004714,LG-000463,Identity Document,1,1,0,2021-10-03,2021-10-16,Verified
DOC-0004715,LG-000463,Land Record,1,0,1,2021-09-14,,Submitted
DOC-0004716,LG-000463,Identity Document,0,0,1,,,Pending
DOC-0004717,LG-000463,Survey Record,1,1,1,2021-09-07,2021-10-11,Verified
DOC-0004718,LG-000463,Compensation Document,1,0,0,2021-09-13,,Submitted
DOC-0004719,LG-000463,Ownership Proof,0,0,0,,,Pending
DOC-0004720,LG-000463,Survey Record,1,0,1,2021-10-03,,Submitted
DOC-0004721,LG-000464,Identity Document,1,1,0,2022-11-06,2022-12-01,Verified
DOC-0004722,LG-000464,Survey Record,1,0,0,2022-12-10,,Submitted
DOC-0004723,LG-000464,Identity Document,1,1,0,2022-11-04,2022-12-06,Verified
DOC-0004724,LG-000464,Survey Record,1,1,0,2022-11-14,2022-12-10,Verified
DOC-0004725,LG-000464,Ownership Proof,1,0,0,2022-12-20,,Submitted
DOC-0004726,LG-000464,Ownership Proof,1,1,0,2022-11-03,2022-12-11,Verified
DOC-0004727,LG-000464,Compensation Document,0,0,0,,,Pending
DOC-0004728,LG-000464,Compensation Document,1,1,0,2022-12-18,2023-01-22,Verified
DOC-0004729,LG-000465,Ownership Proof,1,1,0,2020-08-06,2020-09-03,Verified
DOC-0004730,LG-000465,Survey Record,1,0,0,2020-08-21,,Submitted
DOC-0004731,LG-000465,Compensation Document,0,0,1,,,Pending
DOC-0004732,LG-000465,Identity Document,1,0,0,2020-09-08,,Submitted
DOC-0004733,LG-000465,Ownership Proof,0,0,0,,,Pending
DOC-0004734,LG-000465,Land Record,1,1,1,2020-08-01,2020-08-12,Verified
DOC-0004735,LG-000465,Compensation Document,1,1,1,2020-08-23,2020-09-03,Verified
DOC-0004736,LG-000465,Ownership Proof,0,0,1,,,Pending
DOC-0004737,LG-000465,Compensation Document,1,1,0,2020-08-15,2020-09-10,Verified
DOC-0004738,LG-000465,Ownership Proof,1,0,1,2020-08-23,,Submitted
DOC-0004739,LG-000465,Compensation Document,0,0,1,,,Pending
DOC-0004740,LG-000465,Land Record,1,0,1,2020-09-07,,Submitted
DOC-0004741,LG-000465,Land Record,1,1,0,2020-09-10,2020-10-02,Verified
DOC-0004742,LG-000465,Land Record,1,1,0,2020-09-08,2020-10-14,Verified
DOC-0004743,LG-000465,Identity Document,1,1,0,2020-08-17,2020-09-18,Verified
DOC-0004744,LG-000466,Ownership Proof,1,1,0,2023-05-31,2023-06-20,Verified
DOC-0004745,LG-000466,Identity Document,1,1,0,2023-05-20,2023-06-26,Verified
DOC-0004746,LG-000466,Survey Record,1,1,0,2023-06-13,2023-07-15,Verified
DOC-0004747,LG-000466,Survey Record,1,0,0,2023-06-20,,Submitted
DOC-0004748,LG-000466,Identity Document,1,1,0,2023-06-02,2023-06-29,Verified
DOC-0004749,LG-000466,Survey Record,1,0,0,2023-07-11,,Submitted
DOC-0004750,LG-000466,Ownership Proof,1,1,0,2023-05-29,2023-06-19,Verified
DOC-0004751,LG-000466,Compensation Document,1,1,0,2023-07-07,2023-08-05,Verified
DOC-0004752,LG-000466,Identity Document,0,0,0,,,Pending
DOC-0004753,LG-000466,Survey Record,1,1,1,2023-07-05,2023-07-21,Verified
DOC-0004754,LG-000466,Identity Document,1,0,0,2023-06-11,,Submitted
DOC-0004755,LG-000466,Ownership Proof,1,1,0,2023-06-06,2023-07-07,Verified
DOC-0004756,LG-000467,Land Record,1,0,1,2023-09-28,,Submitted
DOC-0004757,LG-000467,Identity Document,1,0,0,2023-08-19,,Submitted
DOC-0004758,LG-000467,Ownership Proof,1,1,0,2023-09-30,2023-11-06,Verified
DOC-0004759,LG-000467,Compensation Document,1,1,0,2023-09-14,2023-10-02,Verified
DOC-0004760,LG-000467,Ownership Proof,1,0,0,2023-08-24,,Submitted
DOC-0004761,LG-000467,Land Record,1,1,0,2023-08-16,2023-09-10,Verified
DOC-0004762,LG-000467,Identity Document,1,1,0,2023-08-25,2023-09-09,Verified
DOC-0004763,LG-000467,Identity Document,1,1,0,2023-08-22,2023-09-18,Verified
DOC-0004764,LG-000467,Compensation Document,0,0,0,,,Pending
DOC-0004765,LG-000468,Identity Document,0,0,0,,,Pending
DOC-0004766,LG-000468,Identity Document,1,1,1,2023-04-20,2023-05-05,Verified
DOC-0004767,LG-000468,Survey Record,1,0,0,2023-04-29,,Submitted
DOC-0004768,LG-000468,Survey Record,1,1,0,2023-04-25,2023-05-16,Verified
DOC-0004769,LG-000468,Survey Record,1,1,0,2023-05-19,2023-06-27,Verified
DOC-0004770,LG-000468,Land Record,1,1,0,2023-05-10,2023-05-30,Verified
DOC-0004771,LG-000468,Identity Document,1,1,0,2023-05-24,2023-06-08,Verified
DOC-0004772,LG-000469,Land Record,1,1,0,2020-10-10,2020-10-22,Verified
DOC-0004773,LG-000469,Compensation Document,0,0,1,,,Pending
DOC-0004774,LG-000469,Compensation Document,1,1,0,2020-09-26,2020-10-25,Verified
DOC-0004775,LG-000469,Identity Document,1,0,1,2020-10-19,,Submitted
DOC-0004776,LG-000469,Compensation Document,0,0,0,,,Pending
DOC-0004777,LG-000469,Compensation Document,0,0,1,,,Pending
DOC-0004778,LG-000469,Land Record,1,1,0,2020-11-04,2020-11-26,Verified
DOC-0004779,LG-000469,Compensation Document,1,1,1,2020-10-08,2020-11-15,Verified
DOC-0004780,LG-000470,Survey Record,1,1,0,2020-05-27,2020-06-15,Verified
DOC-0004781,LG-000470,Compensation Document,0,0,0,,,Pending
DOC-0004782,LG-000470,Ownership Proof,1,1,0,2020-05-28,2020-06-10,Verified
DOC-0004783,LG-000470,Survey Record,1,0,0,2020-05-28,,Submitted
DOC-0004784,LG-000470,Identity Document,1,0,0,2020-05-23,,Submitted
DOC-0004785,LG-000470,Land Record,1,1,0,2020-06-16,2020-07-17,Verified
DOC-0004786,LG-000470,Survey Record,1,1,0,2020-06-12,2020-07-09,Verified
DOC-0004787,LG-000470,Survey Record,1,0,0,2020-05-22,,Submitted
DOC-0004788,LG-000470,Identity Document,0,0,0,,,Pending
DOC-0004789,LG-000470,Identity Document,1,1,0,2020-07-06,2020-08-07,Verified
DOC-0004790,LG-000470,Survey Record,1,1,0,2020-05-31,2020-06-19,Verified
DOC-0004791,LG-000470,Compensation Document,1,1,0,2020-06-01,2020-07-06,Verified
DOC-0004792,LG-000470,Survey Record,1,1,0,2020-05-30,2020-06-23,Verified
DOC-0004793,LG-000470,Identity Document,1,1,0,2020-06-19,2020-07-18,Verified
DOC-0004794,LG-000470,Survey Record,1,1,0,2020-05-21,2020-06-12,Verified
DOC-0004795,LG-000471,Ownership Proof,1,1,0,2019-01-11,2019-01-24,Verified
DOC-0004796,LG-000471,Identity Document,1,0,0,2019-03-06,,Submitted
DOC-0004797,LG-000471,Survey Record,1,1,0,2019-02-19,2019-03-30,Verified
DOC-0004798,LG-000471,Ownership Proof,1,1,0,2019-01-22,2019-02-22,Verified
DOC-0004799,LG-000471,Survey Record,1,1,0,2019-01-26,2019-03-01,Verified
DOC-0004800,LG-000471,Survey Record,1,0,0,2019-01-13,,Submitted
DOC-0004801,LG-000471,Land Record,1,0,0,2019-02-08,,Submitted
DOC-0004802,LG-000471,Ownership Proof,1,1,0,2019-02-18,2019-03-02,Verified
DOC-0004803,LG-000471,Land Record,1,1,0,2019-02-02,2019-03-08,Verified
DOC-0004804,LG-000471,Identity Document,1,0,0,2019-02-20,,Submitted
DOC-0004805,LG-000471,Compensation Document,1,1,0,2019-02-20,2019-03-08,Verified
DOC-0004806,LG-000471,Compensation Document,1,1,0,2019-01-14,2019-02-07,Verified
DOC-0004807,LG-000471,Ownership Proof,1,1,0,2019-02-06,2019-02-20,Verified
DOC-0004808,LG-000471,Survey Record,1,1,0,2019-02-19,2019-03-31,Verified
DOC-0004809,LG-000472,Compensation Document,1,1,0,2021-11-18,2021-12-11,Verified
DOC-0004810,LG-000472,Land Record,1,1,0,2021-12-27,2022-01-07,Verified
DOC-0004811,LG-000472,Survey Record,1,1,0,2021-12-23,2022-01-10,Verified
DOC-0004812,LG-000472,Survey Record,1,1,0,2021-11-27,2021-12-10,Verified
DOC-0004813,LG-000472,Land Record,1,0,0,2021-12-20,,Submitted
DOC-0004814,LG-000472,Compensation Document,1,1,0,2022-01-01,2022-01-31,Verified
DOC-0004815,LG-000472,Ownership Proof,1,1,0,2021-11-16,2021-12-17,Verified
DOC-0004816,LG-000472,Land Record,1,1,0,2021-12-16,2022-01-03,Verified
DOC-0004817,LG-000472,Land Record,1,1,0,2021-11-24,2021-12-25,Verified
DOC-0004818,LG-000472,Compensation Document,1,0,0,2021-12-04,,Submitted
DOC-0004819,LG-000473,Identity Document,1,0,0,2019-04-08,,Submitted
DOC-0004820,LG-000473,Identity Document,1,1,0,2019-04-07,2019-05-11,Verified
DOC-0004821,LG-000473,Land Record,1,1,0,2019-04-27,2019-05-09,Verified
DOC-0004822,LG-000473,Land Record,1,0,1,2019-04-30,,Submitted
DOC-0004823,LG-000473,Land Record,1,1,0,2019-04-26,2019-05-08,Verified
DOC-0004824,LG-000473,Survey Record,1,0,0,2019-05-03,,Submitted
DOC-0004825,LG-000473,Land Record,1,1,0,2019-05-06,2019-06-09,Verified
DOC-0004826,LG-000473,Ownership Proof,1,1,0,2019-04-01,2019-04-22,Verified
DOC-0004827,LG-000473,Survey Record,1,1,0,2019-04-04,2019-04-26,Verified
DOC-0004828,LG-000474,Ownership Proof,0,0,0,,,Pending
DOC-0004829,LG-000474,Land Record,0,0,0,,,Pending
DOC-0004830,LG-000474,Land Record,1,1,0,2024-10-23,2024-11-05,Verified
DOC-0004831,LG-000474,Ownership Proof,1,0,0,2024-10-30,,Submitted
DOC-0004832,LG-000474,Survey Record,1,0,0,2024-11-02,,Submitted
DOC-0004833,LG-000474,Ownership Proof,1,1,0,2024-10-16,2024-11-21,Verified
DOC-0004834,LG-000474,Compensation Document,1,1,0,2024-11-29,2024-12-27,Verified
DOC-0004835,LG-000474,Compensation Document,1,1,0,2024-12-01,2025-01-01,Verified
DOC-0004836,LG-000474,Identity Document,1,1,0,2024-11-15,2024-12-04,Verified
DOC-0004837,LG-000474,Survey Record,1,0,1,2024-10-25,,Submitted
DOC-0004838,LG-000474,Identity Document,0,0,0,,,Pending
DOC-0004839,LG-000474,Survey Record,1,0,0,2024-11-13,,Submitted
DOC-0004840,LG-000474,Survey Record,1,0,0,2024-10-24,,Submitted
DOC-0004841,LG-000474,Ownership Proof,0,0,0,,,Pending
DOC-0004842,LG-000475,Compensation Document,1,0,0,2020-09-23,,Submitted
DOC-0004843,LG-000475,Identity Document,1,1,0,2020-11-08,2020-11-26,Verified
DOC-0004844,LG-000475,Land Record,1,0,0,2020-10-03,,Submitted
DOC-0004845,LG-000475,Compensation Document,1,1,0,2020-09-28,2020-10-10,Verified
DOC-0004846,LG-000475,Land Record,1,1,0,2020-11-16,2020-12-17,Verified
DOC-0004847,LG-000475,Survey Record,1,1,1,2020-09-30,2020-11-03,Verified
DOC-0004848,LG-000475,Identity Document,1,1,0,2020-11-12,2020-12-07,Verified
DOC-0004849,LG-000476,Land Record,1,1,0,2020-12-12,2021-01-06,Verified
DOC-0004850,LG-000476,Ownership Proof,1,0,0,2020-12-17,,Submitted
DOC-0004851,LG-000476,Identity Document,1,1,0,2020-11-26,2020-12-14,Verified
DOC-0004852,LG-000476,Ownership Proof,1,0,0,2020-11-14,,Submitted
DOC-0004853,LG-000476,Identity Document,1,0,0,2020-11-18,,Submitted
DOC-0004854,LG-000476,Identity Document,1,1,1,2020-12-11,2021-01-11,Verified
DOC-0004855,LG-000476,Identity Document,1,0,1,2020-11-27,,Submitted
DOC-0004856,LG-000476,Compensation Document,1,0,0,2020-12-13,,Submitted
DOC-0004857,LG-000476,Identity Document,1,1,0,2020-12-10,2020-12-31,Verified
DOC-0004858,LG-000477,Ownership Proof,1,0,1,2018-09-06,,Submitted
DOC-0004859,LG-000477,Identity Document,1,1,1,2018-08-07,2018-08-17,Verified
DOC-0004860,LG-000477,Identity Document,1,1,1,2018-09-03,2018-10-03,Verified
DOC-0004861,LG-000477,Identity Document,0,0,0,,,Pending
DOC-0004862,LG-000477,Survey Record,0,0,0,,,Pending
DOC-0004863,LG-000477,Land Record,1,0,1,2018-07-18,,Submitted
DOC-0004864,LG-000477,Compensation Document,1,1,1,2018-08-31,2018-09-15,Verified
DOC-0004865,LG-000477,Ownership Proof,1,0,0,2018-08-13,,Submitted
DOC-0004866,LG-000477,Identity Document,1,0,1,2018-08-16,,Submitted
DOC-0004867,LG-000477,Survey Record,0,0,0,,,Pending
DOC-0004868,LG-000477,Ownership Proof,0,0,0,,,Pending
DOC-0004869,LG-000478,Survey Record,1,0,0,2022-01-29,,Submitted
DOC-0004870,LG-000478,Survey Record,1,0,0,2022-02-07,,Submitted
DOC-0004871,LG-000478,Survey Record,1,1,0,2021-12-31,2022-01-14,Verified
DOC-0004872,LG-000478,Ownership Proof,1,1,0,2022-01-05,2022-02-12,Verified
DOC-0004873,LG-000478,Compensation Document,1,1,0,2022-02-11,2022-02-26,Verified
DOC-0004874,LG-000478,Ownership Proof,1,1,0,2022-01-02,2022-01-12,Verified
DOC-0004875,LG-000479,Survey Record,1,0,0,2018-03-30,,Submitted
DOC-0004876,LG-000479,Land Record,1,1,1,2018-04-20,2018-05-29,Verified
DOC-0004877,LG-000479,Ownership Proof,0,0,0,,,Pending
DOC-0004878,LG-000479,Compensation Document,1,1,1,2018-04-02,2018-04-17,Verified
DOC-0004879,LG-000479,Survey Record,1,1,0,2018-03-20,2018-04-01,Verified
DOC-0004880,LG-000479,Ownership Proof,1,0,1,2018-04-25,,Submitted
DOC-0004881,LG-000479,Compensation Document,1,1,1,2018-04-05,2018-05-08,Verified
DOC-0004882,LG-000479,Land Record,0,0,0,,,Pending
DOC-0004883,LG-000479,Identity Document,0,0,1,,,Pending
DOC-0004884,LG-000479,Ownership Proof,1,1,1,2018-03-06,2018-03-27,Verified
DOC-0004885,LG-000479,Survey Record,1,1,1,2018-03-20,2018-04-08,Verified
DOC-0004886,LG-000480,Land Record,0,0,1,,,Pending
DOC-0004887,LG-000480,Compensation Document,1,1,1,2019-03-09,2019-03-25,Verified
DOC-0004888,LG-000480,Compensation Document,1,0,1,2019-03-18,,Submitted
DOC-0004889,LG-000480,Ownership Proof,1,1,1,2019-03-04,2019-03-24,Verified
DOC-0004890,LG-000480,Survey Record,1,1,1,2019-03-20,2019-04-12,Verified
DOC-0004891,LG-000480,Survey Record,1,1,1,2019-04-06,2019-05-02,Verified
DOC-0004892,LG-000480,Survey Record,1,0,1,2019-04-06,,Submitted
DOC-0004893,LG-000480,Identity Document,1,1,0,2019-04-14,2019-04-24,Verified
DOC-0004894,LG-000481,Ownership Proof,1,0,1,2020-01-10,,Submitted
DOC-0004895,LG-000481,Identity Document,1,1,0,2020-01-18,2020-01-30,Verified
DOC-0004896,LG-000481,Ownership Proof,1,1,0,2020-01-31,2020-02-15,Verified
DOC-0004897,LG-000481,Compensation Document,0,0,1,,,Pending
DOC-0004898,LG-000481,Land Record,0,0,0,,,Pending
DOC-0004899,LG-000481,Ownership Proof,0,0,0,,,Pending
DOC-0004900,LG-000481,Ownership Proof,1,1,1,2020-01-15,2020-02-16,Verified
DOC-0004901,LG-000481,Land Record,1,0,0,2020-03-01,,Submitted
DOC-0004902,LG-000481,Identity Document,1,1,0,2020-02-24,2020-03-26,Verified
DOC-0004903,LG-000481,Identity Document,1,1,0,2020-02-13,2020-03-05,Verified
DOC-0004904,LG-000481,Land Record,1,0,1,2020-02-01,,Submitted
DOC-0004905,LG-000482,Land Record,1,1,1,2019-04-06,2019-05-01,Verified
DOC-0004906,LG-000482,Identity Document,0,0,0,,,Pending
DOC-0004907,LG-000482,Identity Document,1,1,1,2019-04-08,2019-04-21,Verified
DOC-0004908,LG-000482,Identity Document,1,1,0,2019-04-08,2019-05-17,Verified
DOC-0004909,LG-000482,Survey Record,1,0,0,2019-03-05,,Submitted
DOC-0004910,LG-000482,Survey Record,0,0,1,,,Pending
DOC-0004911,LG-000482,Ownership Proof,1,1,1,2019-03-31,2019-05-10,Verified
DOC-0004912,LG-000482,Land Record,1,1,1,2019-04-09,2019-05-04,Verified
DOC-0004913,LG-000482,Identity Document,1,1,0,2019-03-16,2019-04-10,Verified
DOC-0004914,LG-000482,Land Record,1,1,0,2019-03-13,2019-04-08,Verified
DOC-0004915,LG-000483,Ownership Proof,1,1,1,2022-12-05,2023-01-06,Verified
DOC-0004916,LG-000483,Ownership Proof,0,0,0,,,Pending
DOC-0004917,LG-000483,Land Record,1,1,0,2022-12-10,2022-12-21,Verified
DOC-0004918,LG-000483,Land Record,1,1,1,2022-12-25,2023-01-21,Verified
DOC-0004919,LG-000483,Survey Record,1,0,0,2022-12-22,,Submitted
DOC-0004920,LG-000483,Compensation Document,1,0,1,2022-11-07,,Submitted
DOC-0004921,LG-000484,Ownership Proof,1,1,1,2021-02-13,2021-03-06,Verified
DOC-0004922,LG-000484,Compensation Document,0,0,1,,,Pending
DOC-0004923,LG-000484,Land Record,1,1,1,2021-01-11,2021-01-24,Verified
DOC-0004924,LG-000484,Compensation Document,1,0,1,2021-02-08,,Submitted
DOC-0004925,LG-000484,Compensation Document,1,1,1,2021-01-18,2021-02-26,Verified
DOC-0004926,LG-000484,Land Record,1,1,0,2021-02-09,2021-02-26,Verified
DOC-0004927,LG-000484,Compensation Document,0,0,0,,,Pending
DOC-0004928,LG-000484,Compensation Document,0,0,1,,,Pending
DOC-0004929,LG-000484,Land Record,1,1,0,2021-02-08,2021-02-19,Verified
DOC-0004930,LG-000485,Survey Record,0,0,0,,,Pending
DOC-0004931,LG-000485,Identity Document,1,1,0,2018-08-30,2018-09-11,Verified
DOC-0004932,LG-000485,Survey Record,1,1,0,2018-07-20,2018-08-29,Verified
DOC-0004933,LG-000485,Identity Document,1,1,0,2018-08-09,2018-08-24,Verified
DOC-0004934,LG-000485,Compensation Document,1,1,0,2018-07-15,2018-08-04,Verified
DOC-0004935,LG-000485,Compensation Document,1,0,0,2018-08-20,,Submitted
DOC-0004936,LG-000485,Identity Document,1,0,0,2018-08-01,,Submitted
DOC-0004937,LG-000485,Land Record,1,1,0,2018-08-30,2018-09-26,Verified
DOC-0004938,LG-000485,Survey Record,1,1,0,2018-07-17,2018-08-20,Verified
DOC-0004939,LG-000485,Ownership Proof,1,1,0,2018-08-13,2018-09-12,Verified
DOC-0004940,LG-000486,Land Record,1,1,0,2019-04-28,2019-05-11,Verified
DOC-0004941,LG-000486,Ownership Proof,1,1,1,2019-04-14,2019-05-05,Verified
DOC-0004942,LG-000486,Land Record,1,1,0,2019-04-25,2019-05-15,Verified
DOC-0004943,LG-000486,Ownership Proof,1,1,0,2019-03-08,2019-03-24,Verified
DOC-0004944,LG-000486,Compensation Document,1,1,1,2019-03-21,2019-04-29,Verified
DOC-0004945,LG-000486,Survey Record,0,0,0,,,Pending
DOC-0004946,LG-000486,Identity Document,0,0,0,,,Pending
DOC-0004947,LG-000486,Ownership Proof,1,1,1,2019-04-18,2019-04-28,Verified
DOC-0004948,LG-000486,Compensation Document,0,0,0,,,Pending
DOC-0004949,LG-000486,Compensation Document,0,0,0,,,Pending
DOC-0004950,LG-000486,Land Record,1,1,1,2019-04-17,2019-05-25,Verified
DOC-0004951,LG-000486,Survey Record,1,1,1,2019-03-24,2019-04-22,Verified
DOC-0004952,LG-000486,Compensation Document,0,0,1,,,Pending
DOC-0004953,LG-000486,Ownership Proof,1,0,0,2019-03-11,,Submitted
DOC-0004954,LG-000487,Compensation Document,1,1,1,2021-04-06,2021-04-27,Verified
DOC-0004955,LG-000487,Identity Document,1,1,1,2021-04-09,2021-05-02,Verified
DOC-0004956,LG-000487,Land Record,1,1,0,2021-03-22,2021-04-27,Verified
DOC-0004957,LG-000487,Land Record,1,0,1,2021-04-05,,Submitted
DOC-0004958,LG-000487,Survey Record,1,1,1,2021-03-11,2021-04-06,Verified
DOC-0004959,LG-000488,Compensation Document,1,1,1,2019-07-28,2019-08-24,Verified
DOC-0004960,LG-000488,Land Record,1,1,0,2019-08-23,2019-09-27,Verified
DOC-0004961,LG-000488,Land Record,1,1,0,2019-08-25,2019-09-25,Verified
DOC-0004962,LG-000488,Ownership Proof,1,1,0,2019-08-17,2019-09-11,Verified
DOC-0004963,LG-000488,Compensation Document,1,0,0,2019-07-27,,Submitted
DOC-0004964,LG-000488,Ownership Proof,1,1,0,2019-07-12,2019-07-31,Verified
DOC-0004965,LG-000488,Compensation Document,1,1,0,2019-08-02,2019-08-16,Verified
DOC-0004966,LG-000488,Land Record,1,1,0,2019-08-12,2019-09-13,Verified
DOC-0004967,LG-000488,Land Record,1,1,0,2019-07-21,2019-08-11,Verified
DOC-0004968,LG-000489,Compensation Document,1,1,0,2024-05-27,2024-07-06,Verified
DOC-0004969,LG-000489,Compensation Document,1,1,0,2024-05-22,2024-06-08,Verified
DOC-0004970,LG-000489,Ownership Proof,1,1,0,2024-04-10,2024-05-06,Verified
DOC-0004971,LG-000489,Land Record,1,1,0,2024-05-22,2024-06-10,Verified
DOC-0004972,LG-000489,Compensation Document,1,1,0,2024-05-21,2024-06-30,Verified
DOC-0004973,LG-000489,Survey Record,1,1,0,2024-04-15,2024-04-30,Verified
DOC-0004974,LG-000489,Land Record,1,0,0,2024-04-23,,Submitted
DOC-0004975,LG-000489,Identity Document,1,1,1,2024-04-22,2024-05-16,Verified
DOC-0004976,LG-000489,Survey Record,1,0,0,2024-04-16,,Submitted
DOC-0004977,LG-000489,Ownership Proof,1,1,0,2024-05-20,2024-06-09,Verified
DOC-0004978,LG-000489,Survey Record,1,1,0,2024-05-16,2024-06-04,Verified
DOC-0004979,LG-000490,Survey Record,1,1,0,2020-06-12,2020-07-05,Verified
DOC-0004980,LG-000490,Ownership Proof,1,1,0,2020-04-26,2020-05-17,Verified
DOC-0004981,LG-000490,Compensation Document,1,1,0,2020-05-15,2020-05-30,Verified
DOC-0004982,LG-000490,Ownership Proof,0,0,0,,,Pending
DOC-0004983,LG-000490,Identity Document,1,0,0,2020-05-07,,Submitted
DOC-0004984,LG-000490,Land Record,1,1,0,2020-05-30,2020-07-04,Verified
DOC-0004985,LG-000491,Compensation Document,0,0,1,,,Pending
DOC-0004986,LG-000491,Survey Record,1,1,1,2021-09-09,2021-09-21,Verified
DOC-0004987,LG-000491,Identity Document,1,0,0,2021-08-07,,Submitted
DOC-0004988,LG-000491,Land Record,1,1,0,2021-08-04,2021-09-05,Verified
DOC-0004989,LG-000491,Identity Document,1,1,1,2021-09-13,2021-10-19,Verified
DOC-0004990,LG-000491,Identity Document,1,1,1,2021-08-06,2021-08-21,Verified
DOC-0004991,LG-000491,Survey Record,1,1,0,2021-08-04,2021-08-27,Verified
DOC-0004992,LG-000491,Survey Record,1,1,1,2021-09-04,2021-09-14,Verified
DOC-0004993,LG-000491,Compensation Document,1,1,0,2021-07-30,2021-08-09,Verified
DOC-0004994,LG-000491,Compensation Document,1,0,1,2021-09-16,,Submitted
DOC-0004995,LG-000491,Ownership Proof,0,0,1,,,Pending
DOC-0004996,LG-000491,Identity Document,1,0,0,2021-08-06,,Submitted
DOC-0004997,LG-000491,Land Record,1,1,1,2021-08-12,2021-09-05,Verified
DOC-0004998,LG-000492,Compensation Document,1,0,0,2022-08-22,,Submitted
DOC-0004999,LG-000492,Land Record,1,1,0,2022-09-02,2022-09-25,Verified
DOC-0005000,LG-000492,Survey Record,1,0,0,2022-08-18,,Submitted
DOC-0005001,LG-000492,Survey Record,1,1,0,2022-08-31,2022-10-01,Verified
DOC-0005002,LG-000492,Land Record,1,0,0,2022-09-24,,Submitted
DOC-0005003,LG-000492,Identity Document,1,0,0,2022-09-02,,Submitted
DOC-0005004,LG-000492,Identity Document,1,0,0,2022-09-11,,Submitted
DOC-0005005,LG-000492,Ownership Proof,1,1,0,2022-08-13,2022-09-22,Verified
DOC-0005006,LG-000492,Compensation Document,1,1,0,2022-08-20,2022-09-23,Verified
DOC-0005007,LG-000492,Ownership Proof,1,1,0,2022-09-11,2022-10-13,Verified
DOC-0005008,LG-000492,Land Record,1,1,0,2022-09-24,2022-10-08,Verified
DOC-0005009,LG-000492,Survey Record,1,1,1,2022-08-20,2022-09-17,Verified
DOC-0005010,LG-000493,Identity Document,1,1,0,2018-06-22,2018-07-23,Verified
DOC-0005011,LG-000493,Ownership Proof,1,1,0,2018-06-17,2018-07-19,Verified
DOC-0005012,LG-000493,Survey Record,1,0,0,2018-06-13,,Submitted
DOC-0005013,LG-000493,Identity Document,1,0,0,2018-07-04,,Submitted
DOC-0005014,LG-000493,Compensation Document,1,1,1,2018-06-09,2018-06-29,Verified
DOC-0005015,LG-000493,Compensation Document,1,0,0,2018-06-23,,Submitted
DOC-0005016,LG-000493,Identity Document,1,1,0,2018-06-26,2018-07-26,Verified
DOC-0005017,LG-000493,Ownership Proof,1,1,1,2018-05-25,2018-06-23,Verified
DOC-0005018,LG-000493,Identity Document,1,1,0,2018-06-06,2018-06-17,Verified
DOC-0005019,LG-000493,Ownership Proof,1,1,0,2018-06-13,2018-06-27,Verified
DOC-0005020,LG-000494,Survey Record,1,1,0,2022-04-14,2022-05-11,Verified
DOC-0005021,LG-000494,Identity Document,1,1,0,2022-04-05,2022-05-14,Verified
DOC-0005022,LG-000494,Identity Document,1,0,0,2022-04-18,,Submitted
DOC-0005023,LG-000494,Survey Record,1,1,1,2022-04-19,2022-05-28,Verified
DOC-0005024,LG-000494,Ownership Proof,1,1,0,2022-05-20,2022-06-25,Verified
DOC-0005025,LG-000494,Ownership Proof,1,1,1,2022-04-22,2022-05-20,Verified
DOC-0005026,LG-000494,Compensation Document,1,1,1,2022-04-15,2022-05-15,Verified
DOC-0005027,LG-000494,Identity Document,1,1,0,2022-05-15,2022-06-06,Verified
DOC-0005028,LG-000494,Ownership Proof,1,0,0,2022-05-02,,Submitted
DOC-0005029,LG-000494,Compensation Document,1,1,0,2022-04-05,2022-05-11,Verified
DOC-0005030,LG-000495,Compensation Document,1,1,0,2020-07-18,2020-08-16,Verified
DOC-0005031,LG-000495,Land Record,1,1,0,2020-06-12,2020-07-12,Verified
DOC-0005032,LG-000495,Ownership Proof,1,1,0,2020-06-26,2020-07-08,Verified
DOC-0005033,LG-000495,Identity Document,1,1,0,2020-07-19,2020-08-25,Verified
DOC-0005034,LG-000495,Compensation Document,1,1,0,2020-06-30,2020-07-25,Verified
DOC-0005035,LG-000495,Survey Record,1,1,0,2020-06-19,2020-06-30,Verified
DOC-0005036,LG-000495,Survey Record,1,0,1,2020-06-09,,Submitted
DOC-0005037,LG-000495,Land Record,1,1,0,2020-07-25,2020-08-28,Verified
DOC-0005038,LG-000495,Land Record,1,1,0,2020-06-23,2020-07-03,Verified
DOC-0005039,LG-000495,Ownership Proof,1,1,0,2020-07-26,2020-08-29,Verified
DOC-0005040,LG-000495,Identity Document,1,1,0,2020-07-01,2020-07-18,Verified
DOC-0005041,LG-000495,Ownership Proof,1,0,1,2020-07-16,,Submitted
DOC-0005042,LG-000496,Ownership Proof,0,0,0,,,Pending
DOC-0005043,LG-000496,Ownership Proof,1,1,1,2020-04-12,2020-05-22,Verified
DOC-0005044,LG-000496,Survey Record,1,1,1,2020-03-26,2020-04-25,Verified
DOC-0005045,LG-000496,Identity Document,1,1,1,2020-04-25,2020-05-07,Verified
DOC-0005046,LG-000496,Identity Document,1,1,1,2020-04-11,2020-05-15,Verified
DOC-0005047,LG-000496,Ownership Proof,1,1,1,2020-05-05,2020-06-01,Verified
DOC-0005048,LG-000497,Land Record,1,0,0,2023-06-25,,Submitted
DOC-0005049,LG-000497,Ownership Proof,1,1,0,2023-06-05,2023-06-28,Verified
DOC-0005050,LG-000497,Compensation Document,1,0,0,2023-07-09,,Submitted
DOC-0005051,LG-000497,Identity Document,1,1,0,2023-07-02,2023-07-14,Verified
DOC-0005052,LG-000497,Land Record,1,1,0,2023-06-22,2023-07-15,Verified
DOC-0005053,LG-000497,Ownership Proof,1,1,0,2023-07-16,2023-08-10,Verified
DOC-0005054,LG-000497,Compensation Document,1,1,0,2023-05-24,2023-06-12,Verified
DOC-0005055,LG-000497,Ownership Proof,1,1,0,2023-06-20,2023-07-14,Verified
DOC-0005056,LG-000497,Survey Record,1,1,0,2023-05-31,2023-06-21,Verified
DOC-0005057,LG-000497,Identity Document,1,1,0,2023-05-28,2023-07-02,Verified
DOC-0005058,LG-000497,Compensation Document,1,1,0,2023-06-20,2023-07-21,Verified
DOC-0005059,LG-000497,Identity Document,1,1,1,2023-06-10,2023-06-29,Verified
DOC-0005060,LG-000497,Land Record,1,0,0,2023-06-04,,Submitted
DOC-0005061,LG-000497,Identity Document,1,0,0,2023-06-12,,Submitted
DOC-0005062,LG-000497,Identity Document,1,0,1,2023-06-27,,Submitted
DOC-0005063,LG-000498,Compensation Document,1,0,0,2023-03-15,,Submitted
DOC-0005064,LG-000498,Identity Document,1,0,0,2023-03-04,,Submitted
DOC-0005065,LG-000498,Land Record,1,1,1,2023-03-18,2023-04-17,Verified
DOC-0005066,LG-000498,Compensation Document,1,1,0,2023-03-06,2023-03-16,Verified
DOC-0005067,LG-000498,Compensation Document,1,0,0,2023-02-04,,Submitted
DOC-0005068,LG-000498,Compensation Document,1,1,0,2023-02-13,2023-03-08,Verified
DOC-0005069,LG-000498,Compensation Document,1,1,0,2023-03-20,2023-04-01,Verified
DOC-0005070,LG-000498,Ownership Proof,1,0,0,2023-02-06,,Submitted
DOC-0005071,LG-000498,Survey Record,1,1,0,2023-02-08,2023-02-18,Verified
DOC-0005072,LG-000498,Identity Document,1,1,0,2023-02-10,2023-03-10,Verified
DOC-0005073,LG-000498,Ownership Proof,1,1,0,2023-02-25,2023-03-12,Verified
DOC-0005074,LG-000498,Compensation Document,1,1,1,2023-03-16,2023-04-06,Verified
DOC-0005075,LG-000498,Survey Record,1,1,0,2023-02-21,2023-03-16,Verified
DOC-0005076,LG-000499,Compensation Document,1,0,0,2021-04-07,,Submitted
DOC-0005077,LG-000499,Survey Record,0,0,0,,,Pending
DOC-0005078,LG-000499,Land Record,1,1,0,2021-02-20,2021-03-02,Verified
DOC-0005079,LG-000499,Ownership Proof,1,1,0,2021-04-04,2021-04-19,Verified
DOC-0005080,LG-000499,Identity Document,1,1,0,2021-03-15,2021-04-23,Verified
DOC-0005081,LG-000499,Survey Record,1,0,0,2021-03-12,,Submitted
DOC-0005082,LG-000499,Identity Document,1,0,0,2021-02-18,,Submitted
DOC-0005083,LG-000499,Survey Record,1,1,0,2021-03-16,2021-04-02,Verified
DOC-0005084,LG-000499,Ownership Proof,1,1,0,2021-02-26,2021-03-11,Verified
DOC-0005085,LG-000499,Compensation Document,1,1,1,2021-02-17,2021-03-02,Verified
DOC-0005086,LG-000499,Identity Document,1,0,0,2021-04-04,,Submitted
DOC-0005087,LG-000500,Ownership Proof,1,1,0,2022-06-20,2022-07-07,Verified
DOC-0005088,LG-000500,Compensation Document,1,1,1,2022-07-19,2022-08-02,Verified
DOC-0005089,LG-000500,Land Record,1,1,0,2022-07-15,2022-08-05,Verified
DOC-0005090,LG-000500,Compensation Document,1,0,1,2022-07-09,,Submitted
DOC-0005091,LG-000500,Survey Record,1,1,0,2022-06-22,2022-07-06,Verified
DOC-0005092,LG-000500,Compensation Document,0,0,0,,,Pending
DOC-0005093,LG-000500,Ownership Proof,1,1,0,2022-06-03,2022-07-09,Verified
DOC-0005094,LG-000501,Compensation Document,1,0,0,2020-06-09,,Submitted
DOC-0005095,LG-000501,Survey Record,1,1,0,2020-05-15,2020-06-10,Verified
DOC-0005096,LG-000501,Identity Document,1,1,0,2020-05-01,2020-05-19,Verified
DOC-0005097,LG-000501,Land Record,1,1,0,2020-05-18,2020-06-19,Verified
DOC-0005098,LG-000501,Compensation Document,1,1,0,2020-05-19,2020-05-29,Verified
DOC-0005099,LG-000502,Ownership Proof,1,1,0,2018-03-19,2018-04-02,Verified
DOC-0005100,LG-000502,Ownership Proof,1,1,0,2018-03-28,2018-05-02,Verified
DOC-0005101,LG-000502,Ownership Proof,0,0,0,,,Pending
DOC-0005102,LG-000502,Land Record,1,1,0,2018-03-16,2018-04-23,Verified
DOC-0005103,LG-000502,Identity Document,1,1,0,2018-03-02,2018-03-30,Verified
DOC-0005104,LG-000502,Survey Record,1,0,0,2018-02-24,,Submitted
DOC-0005105,LG-000502,Survey Record,1,0,0,2018-04-05,,Submitted
DOC-0005106,LG-000502,Compensation Document,1,0,0,2018-02-23,,Submitted
DOC-0005107,LG-000503,Compensation Document,1,1,0,2024-01-23,2024-02-04,Verified
DOC-0005108,LG-000503,Land Record,1,1,0,2024-01-27,2024-02-12,Verified
DOC-0005109,LG-000503,Ownership Proof,1,0,0,2024-01-28,,Submitted
DOC-0005110,LG-000503,Compensation Document,1,1,0,2024-01-09,2024-02-03,Verified
DOC-0005111,LG-000503,Land Record,1,1,0,2024-01-03,2024-02-02,Verified
DOC-0005112,LG-000503,Survey Record,1,0,0,2024-02-10,,Submitted
DOC-0005113,LG-000503,Ownership Proof,1,1,0,2024-01-02,2024-01-24,Verified
DOC-0005114,LG-000504,Survey Record,1,1,1,2019-01-06,2019-01-27,Verified
DOC-0005115,LG-000504,Land Record,1,1,1,2019-01-14,2019-01-26,Verified
DOC-0005116,LG-000504,Land Record,1,1,0,2018-12-19,2019-01-13,Verified
DOC-0005117,LG-000504,Identity Document,1,1,1,2018-12-28,2019-01-27,Verified
DOC-0005118,LG-000504,Land Record,1,1,1,2019-01-11,2019-02-18,Verified
DOC-0005119,LG-000504,Ownership Proof,1,0,1,2019-01-06,,Submitted
DOC-0005120,LG-000504,Survey Record,0,0,0,,,Pending
DOC-0005121,LG-000504,Compensation Document,1,1,1,2018-12-14,2019-01-10,Verified
DOC-0005122,LG-000504,Land Record,1,1,0,2018-12-05,2019-01-04,Verified
DOC-0005123,LG-000504,Survey Record,1,1,0,2018-12-24,2019-01-29,Verified
DOC-0005124,LG-000504,Ownership Proof,1,1,0,2019-01-21,2019-02-21,Verified
DOC-0005125,LG-000504,Survey Record,1,0,0,2018-12-23,,Submitted
DOC-0005126,LG-000504,Identity Document,1,1,1,2019-01-13,2019-02-02,Verified
DOC-0005127,LG-000505,Identity Document,1,1,1,2019-12-13,2020-01-01,Verified
DOC-0005128,LG-000505,Ownership Proof,0,0,0,,,Pending
DOC-0005129,LG-000505,Identity Document,1,1,1,2019-12-02,2019-12-25,Verified
DOC-0005130,LG-000505,Identity Document,1,1,0,2020-01-14,2020-02-03,Verified
DOC-0005131,LG-000505,Identity Document,0,0,0,,,Pending
DOC-0005132,LG-000505,Land Record,1,0,1,2020-01-10,,Submitted
DOC-0005133,LG-000505,Identity Document,1,1,1,2019-12-11,2020-01-01,Verified
DOC-0005134,LG-000505,Identity Document,1,1,0,2020-01-05,2020-01-18,Verified
DOC-0005135,LG-000505,Identity Document,0,0,1,,,Pending
DOC-0005136,LG-000505,Survey Record,0,0,0,,,Pending
DOC-0005137,LG-000505,Land Record,1,1,1,2020-01-01,2020-01-28,Verified
DOC-0005138,LG-000505,Identity Document,1,0,0,2019-11-28,,Submitted
DOC-0005139,LG-000505,Compensation Document,1,1,1,2020-01-15,2020-01-29,Verified
DOC-0005140,LG-000505,Survey Record,1,1,0,2020-01-10,2020-01-23,Verified
DOC-0005141,LG-000505,Ownership Proof,1,1,0,2019-11-23,2019-12-09,Verified
DOC-0005142,LG-000506,Ownership Proof,1,0,0,2024-07-20,,Submitted
DOC-0005143,LG-000506,Land Record,0,0,0,,,Pending
DOC-0005144,LG-000506,Identity Document,0,0,0,,,Pending
DOC-0005145,LG-000506,Land Record,1,1,1,2024-06-21,2024-07-19,Verified
DOC-0005146,LG-000506,Land Record,1,1,0,2024-07-23,2024-08-08,Verified
DOC-0005147,LG-000506,Land Record,1,1,1,2024-06-30,2024-07-16,Verified
DOC-0005148,LG-000506,Identity Document,1,1,1,2024-07-01,2024-07-21,Verified
DOC-0005149,LG-000506,Identity Document,1,1,1,2024-07-29,2024-09-01,Verified
DOC-0005150,LG-000506,Survey Record,1,0,1,2024-06-30,,Submitted
DOC-0005151,LG-000506,Identity Document,1,1,0,2024-06-14,2024-07-10,Verified
DOC-0005152,LG-000506,Ownership Proof,1,1,0,2024-06-19,2024-07-05,Verified
DOC-0005153,LG-000507,Ownership Proof,1,1,0,2023-07-05,2023-07-20,Verified
DOC-0005154,LG-000507,Ownership Proof,1,1,0,2023-07-16,2023-08-01,Verified
DOC-0005155,LG-000507,Land Record,1,0,0,2023-06-21,,Submitted
DOC-0005156,LG-000507,Land Record,1,1,0,2023-06-05,2023-07-06,Verified
DOC-0005157,LG-000507,Ownership Proof,1,1,0,2023-05-24,2023-06-03,Verified
DOC-0005158,LG-000507,Survey Record,1,1,0,2023-07-03,2023-07-17,Verified
DOC-0005159,LG-000507,Compensation Document,1,0,0,2023-07-05,,Submitted
DOC-0005160,LG-000507,Identity Document,1,1,0,2023-06-10,2023-06-22,Verified
DOC-0005161,LG-000507,Compensation Document,1,0,0,2023-06-23,,Submitted
DOC-0005162,LG-000507,Ownership Proof,1,1,1,2023-07-11,2023-08-04,Verified
DOC-0005163,LG-000507,Compensation Document,0,0,0,,,Pending
DOC-0005164,LG-000507,Identity Document,1,1,0,2023-06-01,2023-06-28,Verified
DOC-0005165,LG-000507,Compensation Document,1,1,1,2023-06-19,2023-07-14,Verified
DOC-0005166,LG-000507,Identity Document,1,1,1,2023-07-12,2023-08-03,Verified
DOC-0005167,LG-000508,Compensation Document,1,0,0,2023-05-19,,Submitted
DOC-0005168,LG-000508,Compensation Document,0,0,0,,,Pending
DOC-0005169,LG-000508,Survey Record,1,1,1,2023-06-17,2023-07-13,Verified
DOC-0005170,LG-000508,Identity Document,1,0,0,2023-05-07,,Submitted
DOC-0005171,LG-000508,Compensation Document,1,0,0,2023-05-01,,Submitted
DOC-0005172,LG-000508,Ownership Proof,1,1,0,2023-06-02,2023-06-27,Verified
DOC-0005173,LG-000508,Survey Record,1,1,0,2023-06-15,2023-07-25,Verified
DOC-0005174,LG-000508,Land Record,1,1,0,2023-06-01,2023-07-03,Verified
DOC-0005175,LG-000509,Ownership Proof,1,1,0,2022-09-07,2022-10-15,Verified
DOC-0005176,LG-000509,Ownership Proof,1,0,0,2022-09-10,,Submitted
DOC-0005177,LG-000509,Identity Document,1,0,0,2022-08-21,,Submitted
DOC-0005178,LG-000509,Land Record,1,1,0,2022-08-24,2022-09-26,Verified
DOC-0005179,LG-000509,Land Record,1,1,0,2022-08-21,2022-09-30,Verified
DOC-0005180,LG-000509,Land Record,1,0,0,2022-08-14,,Submitted
DOC-0005181,LG-000509,Identity Document,1,1,0,2022-08-19,2022-09-16,Verified
DOC-0005182,LG-000509,Compensation Document,1,0,0,2022-10-05,,Submitted
DOC-0005183,LG-000509,Land Record,1,1,0,2022-08-18,2022-09-22,Verified
DOC-0005184,LG-000510,Survey Record,1,1,0,2018-12-10,2019-01-04,Verified
DOC-0005185,LG-000510,Survey Record,1,0,0,2018-12-05,,Submitted
DOC-0005186,LG-000510,Survey Record,1,1,0,2018-11-25,2018-12-16,Verified
DOC-0005187,LG-000510,Survey Record,1,1,0,2018-12-07,2019-01-05,Verified
DOC-0005188,LG-000510,Compensation Document,1,0,0,2018-12-09,,Submitted
DOC-0005189,LG-000510,Land Record,1,1,0,2018-11-16,2018-12-10,Verified
DOC-0005190,LG-000510,Land Record,1,0,0,2018-12-04,,Submitted
DOC-0005191,LG-000510,Land Record,1,0,0,2018-11-14,,Submitted
DOC-0005192,LG-000510,Ownership Proof,1,1,0,2018-12-13,2019-01-10,Verified
DOC-0005193,LG-000510,Identity Document,1,1,0,2018-12-16,2018-12-28,Verified
DOC-0005194,LG-000510,Survey Record,1,0,0,2018-11-21,,Submitted
DOC-0005195,LG-000510,Survey Record,1,1,0,2018-12-11,2019-01-15,Verified
DOC-0005196,LG-000510,Survey Record,1,1,0,2018-12-08,2019-01-06,Verified
DOC-0005197,LG-000511,Land Record,1,1,1,2024-07-04,2024-08-08,Verified
DOC-0005198,LG-000511,Land Record,1,1,1,2024-05-16,2024-06-20,Verified
DOC-0005199,LG-000511,Land Record,1,1,0,2024-05-27,2024-06-27,Verified
DOC-0005200,LG-000511,Land Record,1,1,0,2024-05-11,2024-05-27,Verified
DOC-0005201,LG-000511,Land Record,1,1,0,2024-06-14,2024-07-11,Verified
DOC-0005202,LG-000511,Identity Document,1,1,1,2024-05-20,2024-06-14,Verified
DOC-0005203,LG-000511,Land Record,1,1,0,2024-05-11,2024-05-31,Verified
DOC-0005204,LG-000511,Land Record,1,0,1,2024-05-15,,Submitted
DOC-0005205,LG-000511,Compensation Document,1,0,0,2024-06-05,,Submitted
DOC-0005206,LG-000511,Land Record,1,0,1,2024-06-01,,Submitted
DOC-0005207,LG-000511,Land Record,1,1,0,2024-05-21,2024-06-01,Verified
DOC-0005208,LG-000511,Identity Document,1,1,1,2024-05-21,2024-06-29,Verified
DOC-0005209,LG-000511,Compensation Document,0,0,0,,,Pending
DOC-0005210,LG-000512,Identity Document,1,1,0,2021-07-30,2021-08-15,Verified
DOC-0005211,LG-000512,Identity Document,1,1,0,2021-07-11,2021-08-08,Verified
DOC-0005212,LG-000512,Land Record,1,1,0,2021-06-20,2021-07-03,Verified
DOC-0005213,LG-000512,Land Record,1,1,0,2021-06-27,2021-07-11,Verified
DOC-0005214,LG-000512,Land Record,1,1,0,2021-07-01,2021-08-05,Verified
DOC-0005215,LG-000512,Ownership Proof,1,0,0,2021-08-06,,Submitted
DOC-0005216,LG-000512,Survey Record,1,0,0,2021-07-17,,Submitted
DOC-0005217,LG-000512,Ownership Proof,1,1,0,2021-07-31,2021-08-17,Verified
DOC-0005218,LG-000512,Identity Document,1,1,0,2021-08-10,2021-09-12,Verified
DOC-0005219,LG-000512,Identity Document,1,1,0,2021-08-07,2021-09-14,Verified
DOC-0005220,LG-000512,Survey Record,1,0,0,2021-06-23,,Submitted
DOC-0005221,LG-000512,Survey Record,1,1,0,2021-06-23,2021-07-06,Verified
DOC-0005222,LG-000512,Land Record,1,1,0,2021-07-23,2021-08-04,Verified
DOC-0005223,LG-000512,Land Record,1,0,1,2021-06-24,,Submitted
DOC-0005224,LG-000513,Land Record,0,0,0,,,Pending
DOC-0005225,LG-000513,Land Record,1,1,0,2024-09-03,2024-09-26,Verified
DOC-0005226,LG-000513,Ownership Proof,1,0,0,2024-10-20,,Submitted
DOC-0005227,LG-000513,Survey Record,0,0,1,,,Pending
DOC-0005228,LG-000513,Land Record,1,1,1,2024-09-08,2024-10-05,Verified
DOC-0005229,LG-000513,Compensation Document,1,1,0,2024-10-12,2024-11-16,Verified
DOC-0005230,LG-000513,Compensation Document,1,1,0,2024-10-10,2024-11-09,Verified
DOC-0005231,LG-000513,Survey Record,1,1,0,2024-09-07,2024-09-21,Verified
DOC-0005232,LG-000514,Land Record,1,0,1,2018-06-22,,Submitted
DOC-0005233,LG-000514,Identity Document,1,1,0,2018-05-28,2018-07-01,Verified
DOC-0005234,LG-000514,Ownership Proof,1,1,0,2018-07-08,2018-08-17,Verified
DOC-0005235,LG-000514,Compensation Document,1,1,0,2018-05-31,2018-07-07,Verified
DOC-0005236,LG-000514,Survey Record,1,1,0,2018-05-26,2018-07-04,Verified
DOC-0005237,LG-000514,Land Record,1,0,0,2018-05-19,,Submitted
DOC-0005238,LG-000514,Identity Document,1,0,0,2018-05-19,,Submitted
DOC-0005239,LG-000514,Survey Record,1,0,0,2018-05-24,,Submitted
DOC-0005240,LG-000514,Survey Record,1,1,0,2018-06-27,2018-08-06,Verified
DOC-0005241,LG-000514,Ownership Proof,1,1,0,2018-05-26,2018-06-11,Verified
DOC-0005242,LG-000514,Identity Document,1,1,0,2018-05-19,2018-06-07,Verified
DOC-0005243,LG-000514,Identity Document,1,1,0,2018-06-02,2018-07-01,Verified
DOC-0005244,LG-000514,Land Record,1,0,0,2018-06-22,,Submitted
DOC-0005245,LG-000514,Land Record,1,1,0,2018-05-30,2018-06-21,Verified
DOC-0005246,LG-000514,Identity Document,1,1,0,2018-06-10,2018-07-16,Verified
DOC-0005247,LG-000515,Ownership Proof,1,0,0,2022-11-23,,Submitted
DOC-0005248,LG-000515,Land Record,1,1,0,2022-12-02,2023-01-01,Verified
DOC-0005249,LG-000515,Identity Document,1,1,0,2022-12-01,2022-12-24,Verified
DOC-0005250,LG-000515,Survey Record,1,1,0,2022-10-22,2022-11-17,Verified
DOC-0005251,LG-000515,Identity Document,1,1,0,2022-12-04,2022-12-19,Verified
DOC-0005252,LG-000515,Identity Document,1,1,0,2022-10-30,2022-11-10,Verified
DOC-0005253,LG-000515,Land Record,1,1,0,2022-12-01,2022-12-18,Verified
DOC-0005254,LG-000516,Ownership Proof,1,1,0,2022-03-20,2022-04-16,Verified
DOC-0005255,LG-000516,Ownership Proof,0,0,0,,,Pending
DOC-0005256,LG-000516,Ownership Proof,1,1,0,2022-04-01,2022-04-25,Verified
DOC-0005257,LG-000516,Ownership Proof,0,0,0,,,Pending
DOC-0005258,LG-000516,Survey Record,1,0,0,2022-03-05,,Submitted
DOC-0005259,LG-000516,Identity Document,1,1,0,2022-03-12,2022-04-01,Verified
DOC-0005260,LG-000516,Ownership Proof,1,0,0,2022-03-21,,Submitted
DOC-0005261,LG-000516,Identity Document,1,1,1,2022-04-01,2022-04-19,Verified
DOC-0005262,LG-000516,Land Record,1,0,1,2022-04-17,,Submitted
DOC-0005263,LG-000516,Identity Document,1,1,0,2022-03-15,2022-04-07,Verified
DOC-0005264,LG-000516,Survey Record,1,1,1,2022-04-11,2022-05-05,Verified
DOC-0005265,LG-000516,Identity Document,1,1,1,2022-04-13,2022-05-19,Verified
DOC-0005266,LG-000516,Survey Record,1,0,0,2022-04-08,,Submitted
DOC-0005267,LG-000516,Ownership Proof,0,0,1,,,Pending
DOC-0005268,LG-000517,Ownership Proof,1,1,0,2018-05-09,2018-05-22,Verified
DOC-0005269,LG-000517,Land Record,1,1,0,2018-04-19,2018-05-13,Verified
DOC-0005270,LG-000517,Survey Record,1,0,1,2018-05-08,,Submitted
DOC-0005271,LG-000517,Ownership Proof,1,0,1,2018-03-27,,Submitted
DOC-0005272,LG-000517,Survey Record,1,1,0,2018-04-19,2018-05-01,Verified
DOC-0005273,LG-000517,Compensation Document,1,1,1,2018-03-17,2018-04-26,Verified
DOC-0005274,LG-000517,Compensation Document,1,1,0,2018-04-27,2018-05-23,Verified
DOC-0005275,LG-000517,Survey Record,1,1,1,2018-04-22,2018-05-25,Verified
DOC-0005276,LG-000517,Ownership Proof,1,1,1,2018-04-01,2018-04-22,Verified
DOC-0005277,LG-000517,Identity Document,1,1,1,2018-04-02,2018-04-12,Verified
DOC-0005278,LG-000517,Land Record,1,1,1,2018-03-21,2018-04-27,Verified
DOC-0005279,LG-000517,Ownership Proof,1,1,0,2018-04-25,2018-05-11,Verified
DOC-0005280,LG-000517,Land Record,1,1,1,2018-03-30,2018-05-07,Verified
DOC-0005281,LG-000517,Ownership Proof,1,1,0,2018-05-07,2018-06-12,Verified
DOC-0005282,LG-000518,Survey Record,0,0,0,,,Pending
DOC-0005283,LG-000518,Survey Record,1,1,0,2024-07-16,2024-08-15,Verified
DOC-0005284,LG-000518,Land Record,1,0,0,2024-06-05,,Submitted
DOC-0005285,LG-000518,Ownership Proof,0,0,0,,,Pending
DOC-0005286,LG-000518,Ownership Proof,1,1,0,2024-05-29,2024-06-09,Verified
DOC-0005287,LG-000518,Identity Document,1,0,0,2024-06-16,,Submitted
DOC-0005288,LG-000518,Compensation Document,1,1,1,2024-07-06,2024-07-22,Verified
DOC-0005289,LG-000518,Survey Record,1,1,0,2024-07-07,2024-07-21,Verified
DOC-0005290,LG-000519,Identity Document,1,1,0,2019-10-10,2019-10-31,Verified
DOC-0005291,LG-000519,Ownership Proof,1,1,0,2019-09-25,2019-10-20,Verified
DOC-0005292,LG-000519,Ownership Proof,1,1,0,2019-09-16,2019-10-19,Verified
DOC-0005293,LG-000519,Identity Document,1,1,0,2019-09-19,2019-10-26,Verified
DOC-0005294,LG-000519,Ownership Proof,1,1,0,2019-08-27,2019-09-23,Verified
DOC-0005295,LG-000519,Survey Record,1,1,0,2019-08-21,2019-09-07,Verified
DOC-0005296,LG-000519,Survey Record,0,0,0,,,Pending
DOC-0005297,LG-000519,Compensation Document,1,1,0,2019-09-05,2019-09-26,Verified
DOC-0005298,LG-000520,Land Record,1,1,1,2020-03-04,2020-03-15,Verified
DOC-0005299,LG-000520,Compensation Document,0,0,1,,,Pending
DOC-0005300,LG-000520,Land Record,1,1,0,2020-03-06,2020-04-12,Verified
DOC-0005301,LG-000520,Ownership Proof,0,0,0,,,Pending
DOC-0005302,LG-000520,Compensation Document,0,0,1,,,Pending
DOC-0005303,LG-000520,Ownership Proof,1,0,0,2020-03-09,,Submitted
DOC-0005304,LG-000520,Identity Document,1,0,0,2020-03-19,,Submitted
DOC-0005305,LG-000520,Land Record,1,0,1,2020-02-28,,Submitted
DOC-0005306,LG-000520,Identity Document,1,1,1,2020-03-12,2020-04-15,Verified
DOC-0005307,LG-000520,Land Record,1,1,0,2020-04-02,2020-04-30,Verified
DOC-0005308,LG-000520,Survey Record,1,1,0,2020-03-31,2020-04-12,Verified
DOC-0005309,LG-000521,Ownership Proof,1,1,0,2020-02-24,2020-03-27,Verified
DOC-0005310,LG-000521,Identity Document,0,0,1,,,Pending
DOC-0005311,LG-000521,Survey Record,1,1,0,2020-02-04,2020-03-05,Verified
DOC-0005312,LG-000521,Ownership Proof,1,1,1,2020-02-15,2020-03-24,Verified
DOC-0005313,LG-000521,Identity Document,0,0,1,,,Pending
DOC-0005314,LG-000521,Compensation Document,1,1,1,2020-01-03,2020-02-09,Verified
DOC-0005315,LG-000521,Survey Record,1,1,1,2020-02-16,2020-03-03,Verified
DOC-0005316,LG-000521,Ownership Proof,1,1,1,2020-01-15,2020-02-09,Verified
DOC-0005317,LG-000522,Ownership Proof,1,1,0,2019-02-08,2019-02-23,Verified
DOC-0005318,LG-000522,Identity Document,1,1,0,2019-01-27,2019-02-11,Verified
DOC-0005319,LG-000522,Land Record,0,0,0,,,Pending
DOC-0005320,LG-000522,Survey Record,1,1,0,2018-12-28,2019-01-26,Verified
DOC-0005321,LG-000522,Land Record,1,1,0,2019-02-11,2019-02-22,Verified
DOC-0005322,LG-000522,Land Record,0,0,1,,,Pending
DOC-0005323,LG-000522,Land Record,1,1,0,2019-02-15,2019-03-16,Verified
DOC-0005324,LG-000522,Land Record,1,0,0,2019-01-27,,Submitted
DOC-0005325,LG-000522,Land Record,1,1,1,2018-12-27,2019-01-20,Verified
DOC-0005326,LG-000522,Identity Document,1,0,0,2019-01-02,,Submitted
DOC-0005327,LG-000523,Identity Document,1,1,0,2019-04-05,2019-05-13,Verified
DOC-0005328,LG-000523,Survey Record,1,1,1,2019-03-26,2019-05-04,Verified
DOC-0005329,LG-000523,Compensation Document,0,0,0,,,Pending
DOC-0005330,LG-000523,Identity Document,1,1,0,2019-02-20,2019-03-11,Verified
DOC-0005331,LG-000523,Ownership Proof,1,1,0,2019-02-26,2019-03-29,Verified
DOC-0005332,LG-000523,Ownership Proof,1,1,0,2019-03-24,2019-04-15,Verified
DOC-0005333,LG-000523,Survey Record,1,1,0,2019-02-26,2019-04-06,Verified
DOC-0005334,LG-000523,Ownership Proof,1,1,0,2019-02-15,2019-03-10,Verified
DOC-0005335,LG-000523,Ownership Proof,1,1,0,2019-03-20,2019-04-10,Verified
DOC-0005336,LG-000523,Ownership Proof,1,1,0,2019-04-07,2019-04-29,Verified
DOC-0005337,LG-000523,Land Record,1,1,0,2019-03-21,2019-04-05,Verified
DOC-0005338,LG-000524,Land Record,0,0,0,,,Pending
DOC-0005339,LG-000524,Survey Record,1,1,1,2022-04-02,2022-04-21,Verified
DOC-0005340,LG-000524,Ownership Proof,0,0,0,,,Pending
DOC-0005341,LG-000524,Survey Record,0,0,0,,,Pending
DOC-0005342,LG-000524,Land Record,0,0,0,,,Pending
DOC-0005343,LG-000524,Survey Record,0,0,0,,,Pending
DOC-0005344,LG-000524,Compensation Document,1,0,0,2022-03-30,,Submitted
DOC-0005345,LG-000524,Identity Document,1,1,1,2022-02-15,2022-03-10,Verified
DOC-0005346,LG-000524,Land Record,1,1,1,2022-03-28,2022-04-12,Verified
DOC-0005347,LG-000524,Ownership Proof,1,1,0,2022-03-21,2022-04-20,Verified
DOC-0005348,LG-000524,Land Record,1,1,1,2022-02-21,2022-03-20,Verified
DOC-0005349,LG-000524,Identity Document,0,0,1,,,Pending
DOC-0005350,LG-000524,Survey Record,1,1,1,2022-03-16,2022-04-22,Verified
DOC-0005351,LG-000525,Compensation Document,1,1,1,2022-08-26,2022-09-20,Verified
DOC-0005352,LG-000525,Ownership Proof,1,0,0,2022-09-02,,Submitted
DOC-0005353,LG-000525,Land Record,1,0,0,2022-08-18,,Submitted
DOC-0005354,LG-000525,Identity Document,0,0,1,,,Pending
DOC-0005355,LG-000525,Land Record,1,1,1,2022-09-21,2022-10-19,Verified
DOC-0005356,LG-000525,Land Record,1,1,1,2022-09-19,2022-10-24,Verified
DOC-0005357,LG-000526,Survey Record,1,1,1,2024-08-23,2024-09-15,Verified
DOC-0005358,LG-000526,Ownership Proof,1,0,1,2024-08-31,,Submitted
DOC-0005359,LG-000526,Ownership Proof,1,1,1,2024-07-17,2024-07-29,Verified
DOC-0005360,LG-000526,Identity Document,1,0,1,2024-09-06,,Submitted
DOC-0005361,LG-000526,Survey Record,1,1,0,2024-08-05,2024-08-19,Verified
DOC-0005362,LG-000526,Identity Document,1,1,1,2024-08-23,2024-09-19,Verified
DOC-0005363,LG-000526,Survey Record,1,1,0,2024-07-21,2024-08-06,Verified
DOC-0005364,LG-000526,Compensation Document,1,0,1,2024-07-25,,Submitted
DOC-0005365,LG-000526,Ownership Proof,0,0,1,,,Pending
DOC-0005366,LG-000526,Identity Document,1,1,1,2024-08-29,2024-10-04,Verified
DOC-0005367,LG-000526,Ownership Proof,1,1,0,2024-09-06,2024-09-16,Verified
DOC-0005368,LG-000526,Ownership Proof,1,1,1,2024-07-15,2024-08-15,Verified
DOC-0005369,LG-000526,Identity Document,0,0,0,,,Pending
DOC-0005370,LG-000526,Survey Record,1,1,1,2024-07-21,2024-08-09,Verified
DOC-0005371,LG-000526,Survey Record,0,0,1,,,Pending
DOC-0005372,LG-000527,Ownership Proof,1,0,0,2020-09-07,,Submitted
DOC-0005373,LG-000527,Survey Record,0,0,0,,,Pending
DOC-0005374,LG-000527,Survey Record,1,1,0,2020-09-22,2020-10-19,Verified
DOC-0005375,LG-000527,Ownership Proof,1,0,0,2020-08-15,,Submitted
DOC-0005376,LG-000527,Land Record,1,1,0,2020-09-26,2020-10-19,Verified
DOC-0005377,LG-000527,Ownership Proof,1,0,0,2020-09-14,,Submitted
DOC-0005378,LG-000527,Identity Document,1,1,0,2020-09-19,2020-10-20,Verified
DOC-0005379,LG-000527,Compensation Document,1,0,0,2020-09-12,,Submitted
DOC-0005380,LG-000527,Land Record,1,1,0,2020-08-22,2020-09-10,Verified
DOC-0005381,LG-000527,Ownership Proof,1,1,0,2020-08-30,2020-09-26,Verified
DOC-0005382,LG-000527,Land Record,1,0,0,2020-08-24,,Submitted
DOC-0005383,LG-000527,Land Record,1,1,1,2020-08-25,2020-09-09,Verified
DOC-0005384,LG-000527,Compensation Document,1,1,0,2020-08-27,2020-09-26,Verified
DOC-0005385,LG-000527,Identity Document,1,1,0,2020-09-03,2020-09-14,Verified
DOC-0005386,LG-000527,Identity Document,1,1,0,2020-08-10,2020-08-24,Verified
DOC-0005387,LG-000528,Ownership Proof,1,0,0,2023-11-19,,Submitted
DOC-0005388,LG-000528,Land Record,1,0,0,2023-12-21,,Submitted
DOC-0005389,LG-000528,Compensation Document,1,0,1,2024-01-02,,Submitted
DOC-0005390,LG-000528,Compensation Document,1,0,0,2023-12-02,,Submitted
DOC-0005391,LG-000528,Land Record,1,1,0,2024-01-07,2024-02-08,Verified
DOC-0005392,LG-000528,Survey Record,1,0,0,2023-12-02,,Submitted
DOC-0005393,LG-000528,Land Record,1,1,0,2023-12-29,2024-02-01,Verified
DOC-0005394,LG-000528,Compensation Document,1,1,0,2023-12-09,2023-12-30,Verified
DOC-0005395,LG-000528,Survey Record,1,1,0,2023-12-27,2024-02-02,Verified
DOC-0005396,LG-000528,Ownership Proof,1,0,0,2023-12-03,,Submitted
DOC-0005397,LG-000528,Survey Record,1,1,0,2023-11-17,2023-12-21,Verified
DOC-0005398,LG-000529,Identity Document,1,1,0,2024-08-15,2024-09-09,Verified
DOC-0005399,LG-000529,Compensation Document,1,1,0,2024-09-05,2024-10-09,Verified
DOC-0005400,LG-000529,Compensation Document,1,1,0,2024-09-04,2024-09-28,Verified
DOC-0005401,LG-000529,Identity Document,1,1,0,2024-08-25,2024-10-01,Verified
DOC-0005402,LG-000529,Land Record,1,0,0,2024-09-23,,Submitted
DOC-0005403,LG-000529,Land Record,1,0,0,2024-08-19,,Submitted
DOC-0005404,LG-000529,Land Record,1,1,0,2024-08-18,2024-08-29,Verified
DOC-0005405,LG-000529,Compensation Document,1,0,1,2024-08-19,,Submitted
DOC-0005406,LG-000529,Identity Document,1,1,0,2024-08-19,2024-09-21,Verified
DOC-0005407,LG-000529,Identity Document,1,1,0,2024-09-07,2024-09-28,Verified
DOC-0005408,LG-000529,Ownership Proof,0,0,0,,,Pending
DOC-0005409,LG-000529,Survey Record,1,0,0,2024-08-26,,Submitted
DOC-0005410,LG-000529,Land Record,1,1,0,2024-09-12,2024-10-17,Verified
DOC-0005411,LG-000529,Land Record,1,1,1,2024-08-24,2024-09-15,Verified
DOC-0005412,LG-000529,Identity Document,1,1,0,2024-09-20,2024-10-29,Verified
DOC-0005413,LG-000530,Compensation Document,1,1,0,2020-06-24,2020-08-03,Verified
DOC-0005414,LG-000530,Compensation Document,1,1,0,2020-06-11,2020-07-17,Verified
DOC-0005415,LG-000530,Land Record,1,1,0,2020-07-10,2020-08-17,Verified
DOC-0005416,LG-000530,Ownership Proof,1,0,0,2020-06-27,,Submitted
DOC-0005417,LG-000530,Compensation Document,1,0,0,2020-06-04,,Submitted
DOC-0005418,LG-000531,Identity Document,1,1,0,2022-09-30,2022-10-22,Verified
DOC-0005419,LG-000531,Ownership Proof,1,1,1,2022-10-11,2022-11-11,Verified
DOC-0005420,LG-000531,Ownership Proof,1,1,0,2022-10-06,2022-11-15,Verified
DOC-0005421,LG-000531,Identity Document,1,1,0,2022-10-25,2022-11-08,Verified
DOC-0005422,LG-000531,Ownership Proof,0,0,0,,,Pending
DOC-0005423,LG-000531,Survey Record,1,1,0,2022-09-30,2022-11-03,Verified
DOC-0005424,LG-000531,Land Record,0,0,0,,,Pending
DOC-0005425,LG-000531,Identity Document,0,0,1,,,Pending
DOC-0005426,LG-000531,Identity Document,1,0,0,2022-10-28,,Submitted
DOC-0005427,LG-000531,Identity Document,1,1,1,2022-10-09,2022-10-20,Verified
DOC-0005428,LG-000531,Survey Record,1,1,0,2022-11-06,2022-11-19,Verified
DOC-0005429,LG-000531,Survey Record,1,0,1,2022-10-22,,Submitted
DOC-0005430,LG-000531,Land Record,1,1,1,2022-11-07,2022-12-08,Verified
DOC-0005431,LG-000531,Identity Document,0,0,0,,,Pending
DOC-0005432,LG-000531,Land Record,1,0,1,2022-11-05,,Submitted
DOC-0005433,LG-000532,Compensation Document,1,0,1,2021-08-16,,Submitted
DOC-0005434,LG-000532,Identity Document,1,1,0,2021-07-10,2021-08-14,Verified
DOC-0005435,LG-000532,Survey Record,1,0,0,2021-07-21,,Submitted
DOC-0005436,LG-000532,Identity Document,1,0,0,2021-07-03,,Submitted
DOC-0005437,LG-000532,Compensation Document,1,1,1,2021-08-16,2021-09-14,Verified
DOC-0005438,LG-000532,Ownership Proof,1,1,1,2021-07-25,2021-08-15,Verified
DOC-0005439,LG-000532,Compensation Document,0,0,1,,,Pending
DOC-0005440,LG-000532,Land Record,1,1,0,2021-08-09,2021-08-22,Verified
DOC-0005441,LG-000532,Compensation Document,1,1,1,2021-07-26,2021-08-15,Verified
DOC-0005442,LG-000532,Compensation Document,0,0,0,,,Pending
DOC-0005443,LG-000532,Land Record,1,1,1,2021-07-10,2021-07-22,Verified
DOC-0005444,LG-000532,Identity Document,1,1,0,2021-07-25,2021-09-01,Verified
DOC-0005445,LG-000532,Land Record,1,1,0,2021-07-04,2021-07-21,Verified
DOC-0005446,LG-000533,Identity Document,1,1,1,2024-04-21,2024-05-07,Verified
DOC-0005447,LG-000533,Compensation Document,1,0,1,2024-04-29,,Submitted
DOC-0005448,LG-000533,Identity Document,1,1,1,2024-04-01,2024-04-17,Verified
DOC-0005449,LG-000533,Land Record,0,0,1,,,Pending
DOC-0005450,LG-000533,Compensation Document,1,1,1,2024-04-03,2024-04-23,Verified
DOC-0005451,LG-000533,Compensation Document,1,1,0,2024-03-31,2024-05-09,Verified
DOC-0005452,LG-000533,Compensation Document,1,0,1,2024-03-28,,Submitted
DOC-0005453,LG-000533,Compensation Document,1,1,0,2024-04-11,2024-05-12,Verified
DOC-0005454,LG-000533,Ownership Proof,1,1,1,2024-03-20,2024-04-08,Verified
DOC-0005455,LG-000533,Survey Record,1,1,0,2024-04-18,2024-05-28,Verified
DOC-0005456,LG-000533,Land Record,1,1,0,2024-04-18,2024-05-10,Verified
DOC-0005457,LG-000534,Identity Document,1,1,0,2022-12-30,2023-01-25,Verified
DOC-0005458,LG-000534,Compensation Document,1,0,0,2023-02-10,,Submitted
DOC-0005459,LG-000534,Survey Record,1,1,1,2023-01-26,2023-02-24,Verified
DOC-0005460,LG-000534,Compensation Document,1,1,1,2022-12-27,2023-01-07,Verified
DOC-0005461,LG-000534,Survey Record,1,0,0,2023-02-06,,Submitted
DOC-0005462,LG-000534,Survey Record,1,1,1,2023-01-30,2023-02-10,Verified
DOC-0005463,LG-000534,Identity Document,1,1,0,2023-02-08,2023-02-25,Verified
DOC-0005464,LG-000535,Identity Document,1,0,0,2025-02-14,,Submitted
DOC-0005465,LG-000535,Land Record,1,1,0,2025-01-23,2025-02-20,Verified
DOC-0005466,LG-000535,Compensation Document,1,0,0,2024-12-25,,Submitted
DOC-0005467,LG-000535,Ownership Proof,1,1,0,2025-01-06,2025-01-29,Verified
DOC-0005468,LG-000535,Ownership Proof,1,0,0,2024-12-31,,Submitted
DOC-0005469,LG-000535,Identity Document,1,1,1,2025-01-23,2025-02-27,Verified
DOC-0005470,LG-000535,Compensation Document,1,1,0,2025-01-11,2025-02-18,Verified
DOC-0005471,LG-000535,Identity Document,1,1,0,2024-12-24,2025-01-05,Verified
DOC-0005472,LG-000535,Land Record,0,0,0,,,Pending
DOC-0005473,LG-000535,Identity Document,1,1,0,2025-02-03,2025-02-27,Verified
DOC-0005474,LG-000535,Survey Record,0,0,0,,,Pending
DOC-0005475,LG-000535,Identity Document,0,0,0,,,Pending
DOC-0005476,LG-000535,Compensation Document,1,0,0,2025-02-04,,Submitted
DOC-0005477,LG-000535,Land Record,1,1,0,2024-12-26,2025-01-10,Verified
DOC-0005478,LG-000535,Ownership Proof,1,0,0,2025-02-04,,Submitted
DOC-0005479,LG-000536,Land Record,1,1,0,2023-02-03,2023-02-23,Verified
DOC-0005480,LG-000536,Identity Document,1,1,0,2023-03-07,2023-04-08,Verified
DOC-0005481,LG-000536,Identity Document,1,1,0,2023-01-23,2023-03-03,Verified
DOC-0005482,LG-000536,Ownership Proof,1,1,0,2023-02-27,2023-03-18,Verified
DOC-0005483,LG-000536,Survey Record,1,1,0,2023-02-08,2023-02-23,Verified
DOC-0005484,LG-000536,Land Record,1,0,0,2023-02-14,,Submitted
DOC-0005485,LG-000536,Survey Record,1,1,0,2023-01-31,2023-03-06,Verified
DOC-0005486,LG-000536,Compensation Document,1,1,0,2023-01-14,2023-01-26,Verified
DOC-0005487,LG-000536,Ownership Proof,1,1,0,2023-01-30,2023-02-24,Verified
DOC-0005488,LG-000536,Compensation Document,1,1,0,2023-03-06,2023-04-03,Verified
DOC-0005489,LG-000536,Land Record,1,0,0,2023-01-29,,Submitted
DOC-0005490,LG-000536,Compensation Document,1,1,0,2023-01-15,2023-02-12,Verified
DOC-0005491,LG-000537,Compensation Document,1,1,0,2023-05-04,2023-05-15,Verified
DOC-0005492,LG-000537,Ownership Proof,1,1,0,2023-06-09,2023-06-26,Verified
DOC-0005493,LG-000537,Compensation Document,1,1,0,2023-05-06,2023-05-29,Verified
DOC-0005494,LG-000537,Land Record,1,1,0,2023-05-18,2023-06-20,Verified
DOC-0005495,LG-000537,Identity Document,1,1,0,2023-06-22,2023-07-26,Verified
DOC-0005496,LG-000537,Land Record,1,0,0,2023-05-10,,Submitted
DOC-0005497,LG-000537,Ownership Proof,1,0,0,2023-05-30,,Submitted
DOC-0005498,LG-000537,Ownership Proof,1,1,0,2023-06-18,2023-07-12,Verified
DOC-0005499,LG-000537,Ownership Proof,1,0,0,2023-05-28,,Submitted
DOC-0005500,LG-000537,Survey Record,1,1,0,2023-05-12,2023-06-06,Verified
DOC-0005501,LG-000537,Land Record,1,1,0,2023-05-14,2023-06-05,Verified
DOC-0005502,LG-000537,Compensation Document,1,0,0,2023-06-02,,Submitted
DOC-0005503,LG-000537,Land Record,1,1,0,2023-06-09,2023-07-11,Verified
DOC-0005504,LG-000538,Survey Record,1,0,1,2020-02-28,,Submitted
DOC-0005505,LG-000538,Survey Record,1,1,0,2020-02-22,2020-03-10,Verified
DOC-0005506,LG-000538,Ownership Proof,1,1,1,2020-02-25,2020-03-30,Verified
DOC-0005507,LG-000538,Land Record,1,0,0,2020-03-30,,Submitted
DOC-0005508,LG-000538,Land Record,1,0,0,2020-03-10,,Submitted
DOC-0005509,LG-000538,Survey Record,1,0,0,2020-03-12,,Submitted
DOC-0005510,LG-000538,Ownership Proof,1,1,0,2020-03-23,2020-04-03,Verified
DOC-0005511,LG-000538,Land Record,1,1,0,2020-03-07,2020-04-01,Verified
DOC-0005512,LG-000538,Survey Record,0,0,0,,,Pending
DOC-0005513,LG-000538,Ownership Proof,0,0,1,,,Pending
DOC-0005514,LG-000538,Identity Document,1,1,0,2020-04-15,2020-05-19,Verified
DOC-0005515,LG-000538,Land Record,1,1,1,2020-03-16,2020-04-03,Verified
DOC-0005516,LG-000539,Ownership Proof,1,1,0,2025-01-14,2025-01-30,Verified
DOC-0005517,LG-000539,Ownership Proof,1,0,0,2024-12-16,,Submitted
DOC-0005518,LG-000539,Survey Record,1,1,0,2024-12-30,2025-01-27,Verified
DOC-0005519,LG-000539,Ownership Proof,1,1,0,2024-12-11,2025-01-01,Verified
DOC-0005520,LG-000539,Survey Record,1,0,1,2024-11-28,,Submitted
DOC-0005521,LG-000539,Land Record,1,0,0,2025-01-04,,Submitted
DOC-0005522,LG-000539,Compensation Document,1,0,0,2025-01-13,,Submitted
DOC-0005523,LG-000539,Compensation Document,1,1,1,2024-11-24,2025-01-03,Verified
DOC-0005524,LG-000539,Land Record,1,1,0,2024-11-29,2024-12-21,Verified
DOC-0005525,LG-000539,Survey Record,1,1,0,2024-12-11,2024-12-26,Verified
DOC-0005526,LG-000539,Ownership Proof,1,1,0,2025-01-17,2025-02-22,Verified
DOC-0005527,LG-000539,Land Record,0,0,0,,,Pending
DOC-0005528,LG-000539,Identity Document,1,1,0,2024-12-18,2024-12-30,Verified
DOC-0005529,LG-000540,Compensation Document,0,0,1,,,Pending
DOC-0005530,LG-000540,Survey Record,1,1,1,2019-01-20,2019-02-09,Verified
DOC-0005531,LG-000540,Land Record,0,0,0,,,Pending
DOC-0005532,LG-000540,Land Record,1,1,1,2019-02-10,2019-03-20,Verified
DOC-0005533,LG-000540,Compensation Document,1,0,1,2019-02-09,,Submitted
DOC-0005534,LG-000540,Compensation Document,1,0,0,2019-02-15,,Submitted
DOC-0005535,LG-000540,Compensation Document,1,0,1,2019-02-15,,Submitted
DOC-0005536,LG-000540,Survey Record,0,0,1,,,Pending
DOC-0005537,LG-000540,Land Record,1,1,0,2019-01-30,2019-02-20,Verified
DOC-0005538,LG-000540,Survey Record,0,0,0,,,Pending
DOC-0005539,LG-000540,Identity Document,1,1,0,2019-01-22,2019-02-18,Verified
DOC-0005540,LG-000540,Ownership Proof,1,0,1,2019-01-13,,Submitted
DOC-0005541,LG-000540,Ownership Proof,1,1,1,2019-01-08,2019-02-06,Verified
DOC-0005542,LG-000541,Ownership Proof,1,1,0,2022-11-21,2022-12-28,Verified
DOC-0005543,LG-000541,Survey Record,1,1,0,2022-12-17,2023-01-01,Verified
DOC-0005544,LG-000541,Identity Document,1,1,0,2022-12-09,2022-12-22,Verified
DOC-0005545,LG-000541,Compensation Document,1,0,0,2022-12-02,,Submitted
DOC-0005546,LG-000541,Ownership Proof,1,1,0,2022-12-14,2022-12-29,Verified
DOC-0005547,LG-000541,Land Record,1,0,0,2022-12-03,,Submitted
DOC-0005548,LG-000541,Land Record,1,1,0,2022-12-26,2023-02-01,Verified
DOC-0005549,LG-000542,Land Record,0,0,0,,,Pending
DOC-0005550,LG-000542,Ownership Proof,1,0,0,2020-11-24,,Submitted
DOC-0005551,LG-000542,Ownership Proof,1,0,1,2020-11-24,,Submitted
DOC-0005552,LG-000542,Ownership Proof,1,1,0,2020-11-27,2020-12-20,Verified
DOC-0005553,LG-000542,Identity Document,1,1,1,2020-10-13,2020-11-13,Verified
DOC-0005554,LG-000542,Identity Document,0,0,0,,,Pending
DOC-0005555,LG-000542,Compensation Document,1,1,1,2020-11-16,2020-12-17,Verified
DOC-0005556,LG-000543,Survey Record,0,0,1,,,Pending
DOC-0005557,LG-000543,Identity Document,1,1,1,2018-06-14,2018-07-01,Verified
DOC-0005558,LG-000543,Compensation Document,1,1,1,2018-07-16,2018-08-15,Verified
DOC-0005559,LG-000543,Survey Record,0,0,1,,,Pending
DOC-0005560,LG-000543,Ownership Proof,1,1,1,2018-07-29,2018-08-18,Verified
DOC-0005561,LG-000544,Survey Record,1,1,1,2019-09-16,2019-10-13,Verified
DOC-0005562,LG-000544,Ownership Proof,0,0,0,,,Pending
DOC-0005563,LG-000544,Survey Record,1,0,1,2019-09-20,,Submitted
DOC-0005564,LG-000544,Identity Document,1,0,0,2019-08-22,,Submitted
DOC-0005565,LG-000544,Land Record,1,0,0,2019-09-02,,Submitted
DOC-0005566,LG-000544,Identity Document,1,1,0,2019-10-09,2019-10-28,Verified
DOC-0005567,LG-000544,Ownership Proof,1,1,1,2019-10-09,2019-11-13,Verified
DOC-0005568,LG-000544,Ownership Proof,1,1,1,2019-10-05,2019-10-26,Verified
DOC-0005569,LG-000544,Land Record,1,1,1,2019-10-05,2019-10-30,Verified
DOC-0005570,LG-000544,Survey Record,1,1,0,2019-08-31,2019-09-28,Verified
DOC-0005571,LG-000544,Identity Document,1,0,0,2019-10-06,,Submitted
DOC-0005572,LG-000544,Ownership Proof,1,1,0,2019-10-11,2019-11-12,Verified
DOC-0005573,LG-000544,Land Record,1,0,1,2019-09-24,,Submitted
DOC-0005574,LG-000544,Compensation Document,1,1,0,2019-08-27,2019-10-03,Verified
DOC-0005575,LG-000544,Identity Document,1,1,0,2019-09-12,2019-09-25,Verified
DOC-0005576,LG-000545,Compensation Document,1,1,0,2019-03-20,2019-04-08,Verified
DOC-0005577,LG-000545,Land Record,1,1,1,2019-02-24,2019-04-03,Verified
DOC-0005578,LG-000545,Survey Record,0,0,1,,,Pending
DOC-0005579,LG-000545,Compensation Document,1,0,0,2019-03-21,,Submitted
DOC-0005580,LG-000545,Land Record,1,1,0,2019-02-20,2019-03-11,Verified
DOC-0005581,LG-000545,Land Record,1,1,1,2019-02-12,2019-03-07,Verified
DOC-0005582,LG-000546,Survey Record,1,1,1,2022-10-24,2022-11-06,Verified
DOC-0005583,LG-000546,Compensation Document,0,0,1,,,Pending
DOC-0005584,LG-000546,Compensation Document,1,1,1,2022-11-10,2022-11-23,Verified
DOC-0005585,LG-000546,Ownership Proof,1,1,1,2022-11-10,2022-12-16,Verified
DOC-0005586,LG-000546,Ownership Proof,0,0,1,,,Pending
DOC-0005587,LG-000546,Ownership Proof,1,0,0,2022-12-02,,Submitted
DOC-0005588,LG-000546,Land Record,1,0,1,2022-11-06,,Submitted
DOC-0005589,LG-000546,Identity Document,1,1,1,2022-11-10,2022-12-04,Verified
DOC-0005590,LG-000546,Compensation Document,1,1,0,2022-11-28,2022-12-23,Verified
DOC-0005591,LG-000546,Compensation Document,1,1,0,2022-10-25,2022-11-24,Verified
DOC-0005592,LG-000546,Identity Document,1,1,1,2022-12-03,2023-01-08,Verified
DOC-0005593,LG-000546,Compensation Document,0,0,1,,,Pending
DOC-0005594,LG-000546,Ownership Proof,1,1,0,2022-12-09,2022-12-23,Verified
DOC-0005595,LG-000546,Land Record,1,1,0,2022-12-06,2022-12-26,Verified
DOC-0005596,LG-000546,Identity Document,1,1,0,2022-11-14,2022-12-06,Verified
DOC-0005597,LG-000547,Ownership Proof,1,1,1,2019-02-25,2019-03-18,Verified
DOC-0005598,LG-000547,Identity Document,1,1,0,2019-02-27,2019-03-11,Verified
DOC-0005599,LG-000547,Survey Record,1,0,0,2019-02-25,,Submitted
DOC-0005600,LG-000547,Land Record,1,1,0,2019-03-11,2019-04-02,Verified
DOC-0005601,LG-000547,Ownership Proof,1,1,1,2019-03-08,2019-04-12,Verified
DOC-0005602,LG-000547,Ownership Proof,1,0,0,2019-03-05,,Submitted
DOC-0005603,LG-000547,Land Record,0,0,1,,,Pending
DOC-0005604,LG-000547,Ownership Proof,0,0,0,,,Pending
DOC-0005605,LG-000547,Ownership Proof,1,1,0,2019-03-16,2019-04-04,Verified
DOC-0005606,LG-000547,Identity Document,0,0,1,,,Pending
DOC-0005607,LG-000547,Ownership Proof,1,0,1,2019-03-08,,Submitted
DOC-0005608,LG-000547,Identity Document,1,1,0,2019-02-09,2019-03-04,Verified
DOC-0005609,LG-000547,Identity Document,1,1,1,2019-02-26,2019-03-18,Verified
DOC-0005610,LG-000548,Ownership Proof,0,0,1,,,Pending
DOC-0005611,LG-000548,Identity Document,1,1,1,2021-05-20,2021-06-11,Verified
DOC-0005612,LG-000548,Land Record,1,1,0,2021-05-23,2021-06-05,Verified
DOC-0005613,LG-000548,Land Record,0,0,1,,,Pending
DOC-0005614,LG-000548,Compensation Document,1,1,1,2021-05-11,2021-05-27,Verified
DOC-0005615,LG-000548,Survey Record,1,0,1,2021-05-29,,Submitted
DOC-0005616,LG-000548,Identity Document,1,1,1,2021-06-06,2021-06-21,Verified
DOC-0005617,LG-000548,Survey Record,0,0,1,,,Pending
DOC-0005618,LG-000548,Identity Document,1,1,1,2021-06-13,2021-07-10,Verified
DOC-0005619,LG-000548,Survey Record,1,0,0,2021-05-15,,Submitted
DOC-0005620,LG-000548,Survey Record,1,1,1,2021-06-13,2021-06-25,Verified
DOC-0005621,LG-000548,Identity Document,0,0,1,,,Pending
DOC-0005622,LG-000548,Compensation Document,1,0,1,2021-05-07,,Submitted
DOC-0005623,LG-000549,Identity Document,1,1,1,2019-07-20,2019-08-07,Verified
DOC-0005624,LG-000549,Ownership Proof,1,1,0,2019-08-01,2019-09-01,Verified
DOC-0005625,LG-000549,Land Record,1,0,0,2019-08-23,,Submitted
DOC-0005626,LG-000549,Identity Document,1,1,0,2019-07-20,2019-08-05,Verified
DOC-0005627,LG-000549,Identity Document,1,1,0,2019-07-28,2019-08-12,Verified
DOC-0005628,LG-000549,Survey Record,1,1,0,2019-08-19,2019-09-08,Verified
DOC-0005629,LG-000549,Land Record,1,1,0,2019-08-17,2019-09-02,Verified
DOC-0005630,LG-000549,Land Record,1,1,0,2019-08-06,2019-08-26,Verified
DOC-0005631,LG-000549,Survey Record,1,1,0,2019-07-28,2019-08-31,Verified
DOC-0005632,LG-000549,Land Record,1,1,0,2019-07-26,2019-08-19,Verified
DOC-0005633,LG-000550,Land Record,1,0,0,2021-09-20,,Submitted
DOC-0005634,LG-000550,Survey Record,1,0,0,2021-09-10,,Submitted
DOC-0005635,LG-000550,Ownership Proof,1,0,0,2021-08-28,,Submitted
DOC-0005636,LG-000550,Survey Record,1,1,0,2021-09-19,2021-10-22,Verified
DOC-0005637,LG-000550,Survey Record,1,1,0,2021-09-20,2021-10-12,Verified
DOC-0005638,LG-000550,Compensation Document,1,1,0,2021-09-11,2021-10-20,Verified
DOC-0005639,LG-000550,Land Record,1,1,0,2021-09-22,2021-10-18,Verified
DOC-0005640,LG-000551,Compensation Document,1,1,1,2019-11-05,2019-11-30,Verified
DOC-0005641,LG-000551,Land Record,1,1,0,2019-10-16,2019-11-21,Verified
DOC-0005642,LG-000551,Identity Document,1,1,1,2019-11-18,2019-12-19,Verified
DOC-0005643,LG-000551,Ownership Proof,1,1,1,2019-10-25,2019-11-16,Verified
DOC-0005644,LG-000551,Identity Document,1,1,1,2019-10-06,2019-10-22,Verified
DOC-0005645,LG-000551,Compensation Document,0,0,0,,,Pending
DOC-0005646,LG-000551,Ownership Proof,1,1,0,2019-10-09,2019-10-28,Verified
DOC-0005647,LG-000551,Land Record,1,1,1,2019-11-01,2019-11-14,Verified
DOC-0005648,LG-000551,Land Record,1,1,1,2019-11-02,2019-12-02,Verified
DOC-0005649,LG-000551,Survey Record,1,1,0,2019-09-28,2019-11-03,Verified
DOC-0005650,LG-000551,Land Record,1,1,1,2019-11-04,2019-12-13,Verified
DOC-0005651,LG-000552,Survey Record,1,1,0,2023-09-17,2023-10-12,Verified
DOC-0005652,LG-000552,Identity Document,1,1,0,2023-09-21,2023-10-01,Verified
DOC-0005653,LG-000552,Survey Record,1,1,0,2023-09-13,2023-10-03,Verified
DOC-0005654,LG-000552,Compensation Document,1,1,1,2023-08-21,2023-09-20,Verified
DOC-0005655,LG-000552,Identity Document,1,1,1,2023-09-12,2023-09-27,Verified
DOC-0005656,LG-000552,Ownership Proof,1,1,0,2023-09-03,2023-09-18,Verified
DOC-0005657,LG-000552,Compensation Document,1,0,1,2023-09-09,,Submitted
DOC-0005658,LG-000552,Survey Record,1,0,0,2023-09-01,,Submitted
DOC-0005659,LG-000552,Land Record,1,0,0,2023-09-25,,Submitted
DOC-0005660,LG-000552,Land Record,0,0,0,,,Pending
DOC-0005661,LG-000553,Land Record,1,1,1,2019-11-12,2019-11-27,Verified
DOC-0005662,LG-000553,Compensation Document,1,0,0,2019-11-13,,Submitted
DOC-0005663,LG-000553,Compensation Document,1,1,0,2019-10-10,2019-10-23,Verified
DOC-0005664,LG-000553,Land Record,1,1,0,2019-09-30,2019-11-06,Verified
DOC-0005665,LG-000553,Ownership Proof,1,0,1,2019-10-21,,Submitted
DOC-0005666,LG-000553,Land Record,1,1,0,2019-10-23,2019-11-16,Verified
DOC-0005667,LG-000554,Survey Record,0,0,0,,,Pending
DOC-0005668,LG-000554,Survey Record,1,1,1,2021-03-22,2021-04-30,Verified
DOC-0005669,LG-000554,Survey Record,1,1,1,2021-03-16,2021-04-01,Verified
DOC-0005670,LG-000554,Compensation Document,1,1,0,2021-03-09,2021-04-07,Verified
DOC-0005671,LG-000554,Land Record,0,0,0,,,Pending
DOC-0005672,LG-000554,Compensation Document,1,0,0,2021-03-15,,Submitted
DOC-0005673,LG-000554,Survey Record,1,1,0,2021-04-09,2021-04-30,Verified
DOC-0005674,LG-000554,Ownership Proof,1,1,0,2021-03-10,2021-04-18,Verified
DOC-0005675,LG-000554,Land Record,1,1,1,2021-03-17,2021-04-07,Verified
DOC-0005676,LG-000555,Compensation Document,0,0,1,,,Pending
DOC-0005677,LG-000555,Identity Document,0,0,0,,,Pending
DOC-0005678,LG-000555,Identity Document,1,1,1,2018-07-15,2018-07-27,Verified
DOC-0005679,LG-000555,Identity Document,1,0,0,2018-07-21,,Submitted
DOC-0005680,LG-000555,Survey Record,1,1,0,2018-09-02,2018-09-24,Verified
DOC-0005681,LG-000556,Survey Record,1,1,1,2020-07-19,2020-07-29,Verified
DOC-0005682,LG-000556,Survey Record,1,1,0,2020-06-12,2020-07-05,Verified
DOC-0005683,LG-000556,Survey Record,1,1,0,2020-06-23,2020-07-16,Verified
DOC-0005684,LG-000556,Identity Document,1,1,0,2020-07-16,2020-08-02,Verified
DOC-0005685,LG-000556,Land Record,1,1,0,2020-06-18,2020-07-26,Verified
DOC-0005686,LG-000556,Land Record,1,0,0,2020-08-01,,Submitted
DOC-0005687,LG-000556,Compensation Document,1,1,0,2020-06-13,2020-07-18,Verified
DOC-0005688,LG-000556,Ownership Proof,1,1,0,2020-06-22,2020-07-17,Verified
DOC-0005689,LG-000556,Ownership Proof,1,1,0,2020-06-22,2020-07-06,Verified
DOC-0005690,LG-000556,Identity Document,1,1,0,2020-06-14,2020-07-10,Verified
DOC-0005691,LG-000557,Ownership Proof,1,1,0,2021-02-01,2021-02-12,Verified
DOC-0005692,LG-000557,Survey Record,0,0,0,,,Pending
DOC-0005693,LG-000557,Ownership Proof,1,0,0,2021-02-07,,Submitted
DOC-0005694,LG-000557,Survey Record,1,1,0,2021-01-19,2021-02-06,Verified
DOC-0005695,LG-000557,Compensation Document,1,1,0,2021-01-31,2021-02-20,Verified
DOC-0005696,LG-000557,Compensation Document,1,1,1,2021-01-30,2021-02-14,Verified
DOC-0005697,LG-000557,Identity Document,0,0,0,,,Pending
DOC-0005698,LG-000557,Survey Record,1,1,0,2021-01-24,2021-02-09,Verified
DOC-0005699,LG-000557,Compensation Document,0,0,0,,,Pending
DOC-0005700,LG-000557,Compensation Document,1,1,0,2021-02-03,2021-02-23,Verified
DOC-0005701,LG-000558,Identity Document,1,0,1,2021-07-26,,Submitted
DOC-0005702,LG-000558,Compensation Document,1,1,1,2021-07-27,2021-09-05,Verified
DOC-0005703,LG-000558,Survey Record,1,1,0,2021-06-08,2021-07-06,Verified
DOC-0005704,LG-000558,Compensation Document,1,1,1,2021-06-12,2021-07-12,Verified
DOC-0005705,LG-000558,Identity Document,1,0,1,2021-06-14,,Submitted
DOC-0005706,LG-000558,Ownership Proof,1,1,0,2021-08-01,2021-08-28,Verified
DOC-0005707,LG-000558,Land Record,1,1,0,2021-07-31,2021-08-28,Verified
DOC-0005708,LG-000558,Survey Record,1,1,1,2021-06-09,2021-06-27,Verified
DOC-0005709,LG-000558,Compensation Document,1,1,1,2021-06-26,2021-07-17,Verified
DOC-0005710,LG-000558,Ownership Proof,1,1,1,2021-07-12,2021-08-06,Verified
DOC-0005711,LG-000558,Ownership Proof,1,1,1,2021-06-14,2021-07-20,Verified
DOC-0005712,LG-000558,Survey Record,1,1,0,2021-06-18,2021-07-26,Verified
DOC-0005713,LG-000559,Compensation Document,1,1,1,2024-10-13,2024-11-09,Verified
DOC-0005714,LG-000559,Compensation Document,1,1,0,2024-10-17,2024-11-17,Verified
DOC-0005715,LG-000559,Identity Document,1,0,0,2024-10-06,,Submitted
DOC-0005716,LG-000559,Survey Record,1,0,0,2024-10-14,,Submitted
DOC-0005717,LG-000559,Survey Record,1,0,0,2024-11-12,,Submitted
DOC-0005718,LG-000559,Identity Document,1,1,0,2024-10-12,2024-11-20,Verified
DOC-0005719,LG-000560,Compensation Document,1,1,0,2022-07-18,2022-07-29,Verified
DOC-0005720,LG-000560,Ownership Proof,1,0,0,2022-05-31,,Submitted
DOC-0005721,LG-000560,Compensation Document,1,1,0,2022-06-13,2022-07-01,Verified
DOC-0005722,LG-000560,Compensation Document,1,0,0,2022-06-26,,Submitted
DOC-0005723,LG-000560,Land Record,1,1,1,2022-05-25,2022-06-07,Verified
DOC-0005724,LG-000560,Land Record,1,1,0,2022-07-05,2022-08-02,Verified
DOC-0005725,LG-000560,Identity Document,1,0,0,2022-06-17,,Submitted
DOC-0005726,LG-000560,Compensation Document,1,0,0,2022-05-30,,Submitted
DOC-0005727,LG-000560,Compensation Document,1,0,0,2022-06-18,,Submitted
DOC-0005728,LG-000560,Land Record,1,0,0,2022-07-02,,Submitted
DOC-0005729,LG-000560,Identity Document,1,1,0,2022-07-03,2022-07-24,Verified
DOC-0005730,LG-000560,Identity Document,1,0,0,2022-07-14,,Submitted
DOC-0005731,LG-000560,Survey Record,1,1,1,2022-06-08,2022-06-19,Verified
DOC-0005732,LG-000560,Survey Record,0,0,0,,,Pending
DOC-0005733,LG-000560,Identity Document,1,1,0,2022-06-16,2022-07-17,Verified
DOC-0005734,LG-000561,Land Record,1,1,0,2023-09-20,2023-10-13,Verified
DOC-0005735,LG-000561,Survey Record,1,1,1,2023-09-08,2023-10-13,Verified
DOC-0005736,LG-000561,Identity Document,0,0,0,,,Pending
DOC-0005737,LG-000561,Land Record,1,1,0,2023-08-26,2023-09-25,Verified
DOC-0005738,LG-000561,Compensation Document,1,1,0,2023-09-03,2023-09-23,Verified
DOC-0005739,LG-000561,Compensation Document,1,0,0,2023-08-30,,Submitted
DOC-0005740,LG-000561,Survey Record,1,0,1,2023-09-02,,Submitted
DOC-0005741,LG-000561,Compensation Document,1,1,1,2023-09-12,2023-10-01,Verified
DOC-0005742,LG-000561,Survey Record,0,0,0,,,Pending
DOC-0005743,LG-000561,Survey Record,1,0,0,2023-09-11,,Submitted
DOC-0005744,LG-000561,Survey Record,1,0,0,2023-09-12,,Submitted
DOC-0005745,LG-000561,Compensation Document,0,0,1,,,Pending
DOC-0005746,LG-000561,Survey Record,1,1,1,2023-09-29,2023-10-10,Verified
DOC-0005747,LG-000561,Land Record,1,1,0,2023-08-31,2023-09-10,Verified
DOC-0005748,LG-000561,Compensation Document,1,0,0,2023-08-17,,Submitted
DOC-0005749,LG-000562,Land Record,0,0,0,,,Pending
DOC-0005750,LG-000562,Compensation Document,1,1,0,2022-09-11,2022-10-12,Verified
DOC-0005751,LG-000562,Ownership Proof,1,1,0,2022-08-31,2022-10-06,Verified
DOC-0005752,LG-000562,Ownership Proof,1,1,0,2022-08-13,2022-09-16,Verified
DOC-0005753,LG-000562,Identity Document,1,1,0,2022-08-12,2022-09-04,Verified
DOC-0005754,LG-000562,Identity Document,1,1,0,2022-09-05,2022-10-07,Verified
DOC-0005755,LG-000562,Identity Document,1,0,0,2022-09-10,,Submitted
DOC-0005756,LG-000562,Compensation Document,1,1,0,2022-08-23,2022-09-04,Verified
DOC-0005757,LG-000562,Compensation Document,1,0,0,2022-09-06,,Submitted
DOC-0005758,LG-000562,Survey Record,1,1,0,2022-09-07,2022-10-06,Verified
DOC-0005759,LG-000562,Compensation Document,1,1,0,2022-08-08,2022-09-15,Verified
DOC-0005760,LG-000562,Survey Record,1,0,0,2022-09-08,,Submitted
DOC-0005761,LG-000562,Compensation Document,1,1,0,2022-08-28,2022-09-30,Verified
DOC-0005762,LG-000563,Land Record,1,1,1,2021-07-24,2021-09-02,Verified
DOC-0005763,LG-000563,Identity Document,1,1,1,2021-08-10,2021-09-12,Verified
DOC-0005764,LG-000563,Identity Document,1,1,0,2021-08-09,2021-08-31,Verified
DOC-0005765,LG-000563,Ownership Proof,1,0,1,2021-07-14,,Submitted
DOC-0005766,LG-000563,Land Record,1,0,1,2021-08-22,,Submitted
DOC-0005767,LG-000563,Compensation Document,1,0,0,2021-08-03,,Submitted
DOC-0005768,LG-000563,Survey Record,1,1,0,2021-09-03,2021-09-16,Verified
DOC-0005769,LG-000563,Compensation Document,1,1,0,2021-09-04,2021-10-12,Verified
DOC-0005770,LG-000563,Land Record,1,0,0,2021-09-04,,Submitted
DOC-0005771,LG-000563,Identity Document,1,1,0,2021-07-12,2021-08-13,Verified
DOC-0005772,LG-000563,Identity Document,1,1,0,2021-07-17,2021-08-04,Verified
DOC-0005773,LG-000563,Survey Record,1,1,0,2021-08-25,2021-10-04,Verified
DOC-0005774,LG-000564,Compensation Document,0,0,0,,,Pending
DOC-0005775,LG-000564,Survey Record,1,0,0,2024-09-22,,Submitted
DOC-0005776,LG-000564,Compensation Document,1,0,0,2024-09-12,,Submitted
DOC-0005777,LG-000564,Identity Document,1,1,0,2024-08-22,2024-09-04,Verified
DOC-0005778,LG-000564,Land Record,1,1,0,2024-09-20,2024-10-20,Verified
DOC-0005779,LG-000564,Compensation Document,1,0,0,2024-09-18,,Submitted
DOC-0005780,LG-000564,Ownership Proof,1,1,0,2024-08-17,2024-08-30,Verified
DOC-0005781,LG-000565,Compensation Document,1,1,1,2022-06-20,2022-07-16,Verified
DOC-0005782,LG-000565,Compensation Document,1,0,0,2022-06-22,,Submitted
DOC-0005783,LG-000565,Identity Document,1,1,0,2022-06-09,2022-07-19,Verified
DOC-0005784,LG-000565,Ownership Proof,1,1,0,2022-07-07,2022-08-16,Verified
DOC-0005785,LG-000565,Ownership Proof,1,1,0,2022-06-15,2022-07-09,Verified
DOC-0005786,LG-000565,Compensation Document,1,0,0,2022-07-03,,Submitted
DOC-0005787,LG-000565,Land Record,1,0,0,2022-07-10,,Submitted
DOC-0005788,LG-000565,Compensation Document,1,0,0,2022-06-12,,Submitted
DOC-0005789,LG-000565,Ownership Proof,1,1,0,2022-07-07,2022-08-02,Verified
DOC-0005790,LG-000566,Land Record,1,0,0,2023-02-27,,Submitted
DOC-0005791,LG-000566,Land Record,1,1,0,2023-03-11,2023-03-22,Verified
DOC-0005792,LG-000566,Compensation Document,1,1,0,2023-03-14,2023-04-07,Verified
DOC-0005793,LG-000566,Land Record,1,0,0,2023-03-03,,Submitted
DOC-0005794,LG-000566,Compensation Document,1,1,0,2023-03-03,2023-04-01,Verified
DOC-0005795,LG-000566,Identity Document,1,1,0,2023-03-07,2023-04-04,Verified
DOC-0005796,LG-000566,Land Record,1,1,1,2023-03-16,2023-04-11,Verified
DOC-0005797,LG-000566,Ownership Proof,1,1,1,2023-02-11,2023-02-26,Verified
DOC-0005798,LG-000566,Ownership Proof,1,1,0,2023-03-16,2023-04-24,Verified
DOC-0005799,LG-000566,Land Record,1,1,0,2023-02-25,2023-03-11,Verified
DOC-0005800,LG-000567,Ownership Proof,1,1,0,2023-05-24,2023-07-02,Verified
DOC-0005801,LG-000567,Ownership Proof,1,1,0,2023-07-07,2023-07-30,Verified
DOC-0005802,LG-000567,Ownership Proof,1,1,0,2023-06-07,2023-07-12,Verified
DOC-0005803,LG-000567,Survey Record,1,1,0,2023-06-13,2023-07-05,Verified
DOC-0005804,LG-000567,Ownership Proof,1,1,1,2023-05-28,2023-06-07,Verified
DOC-0005805,LG-000567,Land Record,1,1,0,2023-05-22,2023-06-13,Verified
DOC-0005806,LG-000567,Compensation Document,1,1,0,2023-06-10,2023-06-25,Verified
DOC-0005807,LG-000567,Compensation Document,1,0,0,2023-07-11,,Submitted
DOC-0005808,LG-000567,Land Record,1,0,0,2023-07-14,,Submitted
DOC-0005809,LG-000568,Survey Record,0,0,1,,,Pending
DOC-0005810,LG-000568,Land Record,1,1,1,2023-12-07,2024-01-01,Verified
DOC-0005811,LG-000568,Survey Record,1,0,1,2023-12-26,,Submitted
DOC-0005812,LG-000568,Survey Record,0,0,1,,,Pending
DOC-0005813,LG-000568,Survey Record,1,1,0,2023-12-07,2023-12-29,Verified
DOC-0005814,LG-000568,Ownership Proof,0,0,0,,,Pending
DOC-0005815,LG-000568,Ownership Proof,1,1,0,2023-12-02,2024-01-11,Verified
DOC-0005816,LG-000568,Ownership Proof,1,1,0,2023-11-30,2023-12-17,Verified
DOC-0005817,LG-000568,Compensation Document,0,0,0,,,Pending
DOC-0005818,LG-000568,Identity Document,1,1,0,2023-12-30,2024-01-19,Verified
DOC-0005819,LG-000569,Survey Record,0,0,0,,,Pending
DOC-0005820,LG-000569,Identity Document,1,0,0,2021-09-27,,Submitted
DOC-0005821,LG-000569,Ownership Proof,1,1,1,2021-09-29,2021-10-09,Verified
DOC-0005822,LG-000569,Identity Document,1,1,0,2021-10-01,2021-11-10,Verified
DOC-0005823,LG-000569,Survey Record,0,0,1,,,Pending
DOC-0005824,LG-000569,Compensation Document,0,0,0,,,Pending
DOC-0005825,LG-000569,Compensation Document,0,0,1,,,Pending
DOC-0005826,LG-000569,Identity Document,1,1,0,2021-10-24,2021-11-08,Verified
DOC-0005827,LG-000569,Land Record,1,1,1,2021-10-24,2021-11-06,Verified
DOC-0005828,LG-000570,Land Record,0,0,0,,,Pending
DOC-0005829,LG-000570,Ownership Proof,1,0,1,2022-09-08,,Submitted
DOC-0005830,LG-000570,Survey Record,1,0,0,2022-09-07,,Submitted
DOC-0005831,LG-000570,Ownership Proof,1,1,0,2022-09-07,2022-10-16,Verified
DOC-0005832,LG-000570,Identity Document,1,1,1,2022-09-18,2022-10-08,Verified
DOC-0005833,LG-000570,Survey Record,1,1,1,2022-09-14,2022-10-02,Verified
DOC-0005834,LG-000570,Compensation Document,0,0,0,,,Pending
DOC-0005835,LG-000570,Survey Record,0,0,1,,,Pending
DOC-0005836,LG-000570,Identity Document,0,0,1,,,Pending
DOC-0005837,LG-000570,Identity Document,1,1,0,2022-08-21,2022-09-19,Verified
DOC-0005838,LG-000570,Survey Record,1,0,0,2022-08-01,,Submitted
DOC-0005839,LG-000570,Identity Document,1,1,1,2022-09-15,2022-09-30,Verified
DOC-0005840,LG-000570,Land Record,0,0,0,,,Pending
DOC-0005841,LG-000570,Compensation Document,1,0,1,2022-09-21,,Submitted
DOC-0005842,LG-000571,Compensation Document,1,1,0,2018-05-15,2018-06-16,Verified
DOC-0005843,LG-000571,Compensation Document,0,0,0,,,Pending
DOC-0005844,LG-000571,Ownership Proof,1,1,0,2018-07-01,2018-07-29,Verified
DOC-0005845,LG-000571,Survey Record,1,0,0,2018-06-16,,Submitted
DOC-0005846,LG-000571,Survey Record,1,1,0,2018-06-18,2018-07-13,Verified
DOC-0005847,LG-000571,Identity Document,1,0,0,2018-06-13,,Submitted
DOC-0005848,LG-000571,Compensation Document,1,1,0,2018-07-02,2018-07-31,Verified
DOC-0005849,LG-000571,Survey Record,1,1,0,2018-05-24,2018-06-05,Verified
DOC-0005850,LG-000571,Compensation Document,1,1,0,2018-05-28,2018-07-06,Verified
DOC-0005851,LG-000571,Survey Record,1,0,1,2018-06-01,,Submitted
DOC-0005852,LG-000571,Identity Document,1,1,0,2018-05-30,2018-07-08,Verified
DOC-0005853,LG-000571,Ownership Proof,1,1,0,2018-07-01,2018-08-09,Verified
DOC-0005854,LG-000571,Compensation Document,1,1,0,2018-06-20,2018-07-05,Verified
DOC-0005855,LG-000571,Compensation Document,1,0,0,2018-05-25,,Submitted
DOC-0005856,LG-000571,Land Record,1,1,0,2018-05-30,2018-06-28,Verified
DOC-0005857,LG-000572,Land Record,1,0,0,2024-06-30,,Submitted
DOC-0005858,LG-000572,Ownership Proof,1,0,0,2024-05-17,,Submitted
DOC-0005859,LG-000572,Survey Record,1,1,0,2024-06-22,2024-08-01,Verified
DOC-0005860,LG-000572,Ownership Proof,1,1,0,2024-06-12,2024-07-01,Verified
DOC-0005861,LG-000572,Compensation Document,1,1,0,2024-07-06,2024-07-26,Verified
DOC-0005862,LG-000572,Ownership Proof,1,0,0,2024-06-15,,Submitted
DOC-0005863,LG-000572,Survey Record,0,0,0,,,Pending
DOC-0005864,LG-000572,Survey Record,1,1,0,2024-07-02,2024-07-28,Verified
DOC-0005865,LG-000572,Identity Document,1,1,0,2024-05-30,2024-06-29,Verified
DOC-0005866,LG-000572,Compensation Document,1,1,0,2024-07-07,2024-08-02,Verified
DOC-0005867,LG-000572,Compensation Document,1,1,0,2024-07-11,2024-08-10,Verified
DOC-0005868,LG-000572,Identity Document,1,0,0,2024-06-10,,Submitted
DOC-0005869,LG-000572,Survey Record,1,0,0,2024-06-24,,Submitted
DOC-0005870,LG-000573,Survey Record,1,1,0,2018-05-24,2018-06-22,Verified
DOC-0005871,LG-000573,Ownership Proof,1,1,0,2018-04-28,2018-05-11,Verified
DOC-0005872,LG-000573,Survey Record,1,1,0,2018-05-27,2018-07-02,Verified
DOC-0005873,LG-000573,Land Record,1,1,1,2018-05-20,2018-06-28,Verified
DOC-0005874,LG-000573,Survey Record,1,1,0,2018-06-16,2018-07-01,Verified
DOC-0005875,LG-000573,Identity Document,1,0,0,2018-05-22,,Submitted
DOC-0005876,LG-000573,Ownership Proof,1,1,0,2018-05-23,2018-06-13,Verified
DOC-0005877,LG-000573,Identity Document,1,0,0,2018-05-13,,Submitted
DOC-0005878,LG-000573,Identity Document,1,0,0,2018-05-15,,Submitted
DOC-0005879,LG-000573,Compensation Document,1,0,0,2018-06-10,,Submitted
DOC-0005880,LG-000574,Identity Document,1,1,0,2024-06-24,2024-07-28,Verified
DOC-0005881,LG-000574,Identity Document,1,1,0,2024-07-16,2024-08-04,Verified
DOC-0005882,LG-000574,Identity Document,1,1,0,2024-07-12,2024-08-14,Verified
DOC-0005883,LG-000574,Land Record,1,1,0,2024-07-05,2024-07-23,Verified
DOC-0005884,LG-000574,Compensation Document,1,1,0,2024-08-04,2024-09-04,Verified
DOC-0005885,LG-000574,Land Record,1,0,0,2024-06-16,,Submitted
DOC-0005886,LG-000574,Identity Document,1,1,0,2024-07-23,2024-08-25,Verified
DOC-0005887,LG-000575,Survey Record,1,1,0,2019-02-08,2019-03-07,Verified
DOC-0005888,LG-000575,Identity Document,1,1,1,2019-02-23,2019-03-08,Verified
DOC-0005889,LG-000575,Compensation Document,1,1,0,2019-03-15,2019-03-28,Verified
DOC-0005890,LG-000575,Survey Record,1,1,0,2019-03-17,2019-04-24,Verified
DOC-0005891,LG-000575,Ownership Proof,1,1,0,2019-03-10,2019-03-30,Verified
DOC-0005892,LG-000575,Land Record,1,1,0,2019-02-11,2019-03-03,Verified
DOC-0005893,LG-000575,Ownership Proof,1,1,0,2019-03-25,2019-04-18,Verified
DOC-0005894,LG-000575,Compensation Document,0,0,0,,,Pending
DOC-0005895,LG-000575,Survey Record,1,1,1,2019-02-14,2019-03-23,Verified
DOC-0005896,LG-000575,Identity Document,1,0,0,2019-03-13,,Submitted
DOC-0005897,LG-000575,Land Record,1,1,0,2019-04-02,2019-04-19,Verified
DOC-0005898,LG-000575,Survey Record,1,1,0,2019-03-10,2019-03-20,Verified
DOC-0005899,LG-000576,Land Record,1,1,1,2018-08-26,2018-09-22,Verified
DOC-0005900,LG-000576,Ownership Proof,0,0,1,,,Pending
DOC-0005901,LG-000576,Identity Document,1,0,0,2018-08-06,,Submitted
DOC-0005902,LG-000576,Compensation Document,1,1,0,2018-08-24,2018-09-05,Verified
DOC-0005903,LG-000576,Ownership Proof,1,1,1,2018-09-05,2018-10-12,Verified
DOC-0005904,LG-000576,Identity Document,1,1,1,2018-08-02,2018-08-25,Verified
DOC-0005905,LG-000576,Compensation Document,1,1,0,2018-09-04,2018-09-20,Verified
DOC-0005906,LG-000576,Identity Document,1,1,1,2018-09-16,2018-10-03,Verified
DOC-0005907,LG-000576,Survey Record,0,0,0,,,Pending
DOC-0005908,LG-000576,Survey Record,0,0,0,,,Pending
DOC-0005909,LG-000576,Land Record,1,1,1,2018-08-22,2018-09-01,Verified
DOC-0005910,LG-000576,Land Record,1,1,0,2018-09-06,2018-10-13,Verified
DOC-0005911,LG-000577,Ownership Proof,1,0,0,2023-11-18,,Submitted
DOC-0005912,LG-000577,Compensation Document,1,1,0,2023-11-02,2023-11-19,Verified
DOC-0005913,LG-000577,Survey Record,1,0,0,2023-10-09,,Submitted
DOC-0005914,LG-000577,Ownership Proof,1,0,0,2023-10-02,,Submitted
DOC-0005915,LG-000577,Land Record,1,1,0,2023-10-19,2023-11-06,Verified
DOC-0005916,LG-000577,Identity Document,1,1,0,2023-10-10,2023-10-20,Verified
DOC-0005917,LG-000577,Survey Record,1,1,0,2023-09-25,2023-10-08,Verified
DOC-0005918,LG-000578,Identity Document,1,1,0,2020-06-14,2020-07-22,Verified
DOC-0005919,LG-000578,Compensation Document,1,1,0,2020-06-08,2020-07-18,Verified
DOC-0005920,LG-000578,Land Record,1,0,0,2020-07-20,,Submitted
DOC-0005921,LG-000578,Land Record,1,0,0,2020-06-10,,Submitted
DOC-0005922,LG-000578,Identity Document,1,1,0,2020-06-12,2020-07-15,Verified
DOC-0005923,LG-000578,Compensation Document,1,1,0,2020-08-01,2020-08-25,Verified
DOC-0005924,LG-000579,Survey Record,0,0,0,,,Pending
DOC-0005925,LG-000579,Land Record,1,1,0,2021-11-17,2021-12-24,Verified
DOC-0005926,LG-000579,Ownership Proof,0,0,0,,,Pending
DOC-0005927,LG-000579,Ownership Proof,1,1,1,2021-10-30,2021-11-14,Verified
DOC-0005928,LG-000579,Survey Record,1,0,0,2021-11-19,,Submitted
DOC-0005929,LG-000580,Identity Document,1,1,0,2023-06-17,2023-07-04,Verified
DOC-0005930,LG-000580,Survey Record,1,0,1,2023-08-10,,Submitted
DOC-0005931,LG-000580,Survey Record,0,0,0,,,Pending
DOC-0005932,LG-000580,Ownership Proof,1,1,1,2023-07-29,2023-09-01,Verified
DOC-0005933,LG-000580,Compensation Document,1,0,1,2023-08-11,,Submitted
DOC-0005934,LG-000580,Land Record,1,1,0,2023-07-13,2023-08-15,Verified
DOC-0005935,LG-000580,Identity Document,1,1,0,2023-06-20,2023-07-25,Verified
DOC-0005936,LG-000580,Survey Record,1,1,0,2023-06-18,2023-07-18,Verified
DOC-0005937,LG-000581,Ownership Proof,1,1,1,2019-04-30,2019-06-05,Verified
DOC-0005938,LG-000581,Ownership Proof,1,0,0,2019-04-23,,Submitted
DOC-0005939,LG-000581,Ownership Proof,1,0,0,2019-05-21,,Submitted
DOC-0005940,LG-000581,Compensation Document,1,1,0,2019-05-16,2019-06-21,Verified
DOC-0005941,LG-000581,Identity Document,1,1,0,2019-05-30,2019-06-21,Verified
DOC-0005942,LG-000581,Identity Document,1,1,0,2019-05-16,2019-06-20,Verified
DOC-0005943,LG-000581,Ownership Proof,1,1,0,2019-05-28,2019-06-11,Verified
DOC-0005944,LG-000581,Identity Document,0,0,0,,,Pending
DOC-0005945,LG-000581,Identity Document,1,0,1,2019-05-21,,Submitted
DOC-0005946,LG-000581,Ownership Proof,1,1,1,2019-05-28,2019-06-24,Verified
DOC-0005947,LG-000581,Identity Document,1,0,1,2019-05-19,,Submitted
DOC-0005948,LG-000581,Ownership Proof,1,1,0,2019-05-29,2019-07-04,Verified
DOC-0005949,LG-000581,Land Record,1,0,0,2019-05-31,,Submitted
DOC-0005950,LG-000582,Land Record,1,1,0,2018-08-31,2018-09-19,Verified
DOC-0005951,LG-000582,Ownership Proof,1,1,0,2018-08-14,2018-09-13,Verified
DOC-0005952,LG-000582,Ownership Proof,1,0,0,2018-08-13,,Submitted
DOC-0005953,LG-000582,Ownership Proof,1,1,0,2018-08-28,2018-09-11,Verified
DOC-0005954,LG-000582,Ownership Proof,1,1,0,2018-08-22,2018-09-26,Verified
DOC-0005955,LG-000582,Land Record,1,1,0,2018-08-22,2018-09-19,Verified
DOC-0005956,LG-000582,Compensation Document,1,1,0,2018-09-05,2018-09-19,Verified
DOC-0005957,LG-000582,Identity Document,1,1,1,2018-07-20,2018-08-03,Verified
DOC-0005958,LG-000582,Ownership Proof,1,1,0,2018-08-04,2018-08-29,Verified
DOC-0005959,LG-000583,Survey Record,1,1,0,2024-05-17,2024-06-08,Verified
DOC-0005960,LG-000583,Ownership Proof,1,1,0,2024-04-17,2024-05-20,Verified
DOC-0005961,LG-000583,Land Record,0,0,0,,,Pending
DOC-0005962,LG-000583,Survey Record,1,1,0,2024-04-08,2024-05-09,Verified
DOC-0005963,LG-000583,Land Record,1,0,0,2024-04-28,,Submitted
DOC-0005964,LG-000583,Compensation Document,1,1,0,2024-04-22,2024-05-29,Verified
DOC-0005965,LG-000583,Identity Document,1,1,0,2024-05-05,2024-05-23,Verified
DOC-0005966,LG-000583,Ownership Proof,1,1,0,2024-04-03,2024-05-12,Verified
DOC-0005967,LG-000584,Survey Record,1,0,0,2019-11-16,,Submitted
DOC-0005968,LG-000584,Land Record,1,0,0,2019-12-28,,Submitted
DOC-0005969,LG-000584,Identity Document,1,1,0,2019-12-25,2020-01-18,Verified
DOC-0005970,LG-000584,Identity Document,1,1,0,2019-12-16,2020-01-04,Verified
DOC-0005971,LG-000584,Ownership Proof,1,1,1,2019-12-26,2020-01-23,Verified
DOC-0005972,LG-000584,Compensation Document,0,0,0,,,Pending
DOC-0005973,LG-000585,Land Record,1,1,0,2018-07-04,2018-08-01,Verified
DOC-0005974,LG-000585,Identity Document,0,0,0,,,Pending
DOC-0005975,LG-000585,Ownership Proof,1,1,0,2018-05-29,2018-06-15,Verified
DOC-0005976,LG-000585,Survey Record,1,1,0,2018-05-19,2018-06-03,Verified
DOC-0005977,LG-000585,Identity Document,1,1,1,2018-06-05,2018-07-01,Verified
DOC-0005978,LG-000585,Land Record,0,0,0,,,Pending
DOC-0005979,LG-000585,Identity Document,1,1,1,2018-06-06,2018-07-03,Verified
DOC-0005980,LG-000585,Land Record,1,0,0,2018-07-03,,Submitted
DOC-0005981,LG-000585,Compensation Document,0,0,0,,,Pending
DOC-0005982,LG-000585,Land Record,0,0,0,,,Pending
DOC-0005983,LG-000585,Land Record,1,1,0,2018-06-07,2018-06-19,Verified
DOC-0005984,LG-000586,Land Record,1,0,0,2023-09-24,,Submitted
DOC-0005985,LG-000586,Survey Record,1,1,1,2023-09-08,2023-09-27,Verified
DOC-0005986,LG-000586,Ownership Proof,1,1,0,2023-08-16,2023-09-18,Verified
DOC-0005987,LG-000586,Survey Record,1,0,0,2023-09-09,,Submitted
DOC-0005988,LG-000586,Land Record,1,0,0,2023-09-18,,Submitted
DOC-0005989,LG-000586,Land Record,1,1,0,2023-08-08,2023-09-05,Verified
DOC-0005990,LG-000586,Identity Document,1,1,0,2023-08-13,2023-09-08,Verified
DOC-0005991,LG-000586,Compensation Document,1,1,1,2023-09-21,2023-10-31,Verified
DOC-0005992,LG-000586,Land Record,1,0,0,2023-08-04,,Submitted
DOC-0005993,LG-000587,Compensation Document,1,1,1,2023-02-19,2023-03-06,Verified
DOC-0005994,LG-000587,Ownership Proof,1,0,1,2023-02-17,,Submitted
DOC-0005995,LG-000587,Survey Record,1,1,0,2023-02-13,2023-03-18,Verified
DOC-0005996,LG-000587,Identity Document,1,1,1,2023-03-16,2023-04-23,Verified
DOC-0005997,LG-000587,Survey Record,1,1,1,2023-02-08,2023-03-04,Verified
DOC-0005998,LG-000587,Survey Record,1,1,1,2023-01-31,2023-02-19,Verified
DOC-0005999,LG-000587,Land Record,1,1,0,2023-03-01,2023-03-23,Verified
DOC-0006000,LG-000587,Identity Document,1,1,0,2023-03-02,2023-03-16,Verified
DOC-0006001,LG-000587,Survey Record,1,1,0,2023-02-26,2023-03-14,Verified
DOC-0006002,LG-000587,Compensation Document,0,0,1,,,Pending
DOC-0006003,LG-000587,Survey Record,0,0,1,,,Pending
DOC-0006004,LG-000588,Compensation Document,1,1,0,2022-08-08,2022-09-12,Verified
DOC-0006005,LG-000588,Land Record,1,0,0,2022-07-29,,Submitted
DOC-0006006,LG-000588,Ownership Proof,1,0,0,2022-08-09,,Submitted
DOC-0006007,LG-000588,Land Record,1,0,0,2022-07-02,,Submitted
DOC-0006008,LG-000588,Compensation Document,1,1,0,2022-07-02,2022-07-30,Verified
DOC-0006009,LG-000588,Land Record,1,1,1,2022-08-10,2022-08-28,Verified
DOC-0006010,LG-000588,Land Record,1,1,0,2022-06-27,2022-07-16,Verified
DOC-0006011,LG-000588,Compensation Document,1,0,0,2022-08-19,,Submitted
DOC-0006012,LG-000588,Survey Record,1,0,0,2022-07-29,,Submitted
DOC-0006013,LG-000588,Survey Record,1,0,1,2022-08-13,,Submitted
DOC-0006014,LG-000588,Ownership Proof,1,1,1,2022-08-14,2022-09-10,Verified
DOC-0006015,LG-000588,Compensation Document,1,0,0,2022-08-13,,Submitted
DOC-0006016,LG-000588,Compensation Document,1,1,0,2022-08-18,2022-09-23,Verified
DOC-0006017,LG-000589,Survey Record,0,0,0,,,Pending
DOC-0006018,LG-000589,Compensation Document,1,1,1,2021-12-19,2022-01-23,Verified
DOC-0006019,LG-000589,Survey Record,0,0,0,,,Pending
DOC-0006020,LG-000589,Land Record,0,0,0,,,Pending
DOC-0006021,LG-000589,Identity Document,1,1,1,2021-12-29,2022-01-09,Verified
DOC-0006022,LG-000589,Land Record,0,0,0,,,Pending
DOC-0006023,LG-000589,Survey Record,0,0,1,,,Pending
DOC-0006024,LG-000589,Survey Record,1,1,0,2021-11-27,2021-12-17,Verified
DOC-0006025,LG-000589,Compensation Document,0,0,1,,,Pending
DOC-0006026,LG-000589,Identity Document,1,1,0,2021-12-18,2022-01-13,Verified
DOC-0006027,LG-000589,Land Record,1,1,0,2021-12-19,2022-01-26,Verified
DOC-0006028,LG-000589,Ownership Proof,1,1,0,2021-11-18,2021-12-21,Verified
DOC-0006029,LG-000589,Ownership Proof,1,1,1,2021-11-21,2021-12-24,Verified
DOC-0006030,LG-000589,Identity Document,1,1,0,2022-01-02,2022-02-08,Verified
DOC-0006031,LG-000589,Ownership Proof,1,1,0,2021-11-19,2021-12-24,Verified
DOC-0006032,LG-000590,Land Record,1,1,0,2022-07-11,2022-07-21,Verified
DOC-0006033,LG-000590,Identity Document,1,1,0,2022-06-26,2022-07-14,Verified
DOC-0006034,LG-000590,Compensation Document,1,1,1,2022-07-03,2022-07-28,Verified
DOC-0006035,LG-000590,Compensation Document,1,1,0,2022-08-05,2022-08-30,Verified
DOC-0006036,LG-000590,Identity Document,1,0,0,2022-06-26,,Submitted
DOC-0006037,LG-000590,Ownership Proof,1,1,0,2022-06-30,2022-07-31,Verified
DOC-0006038,LG-000590,Ownership Proof,1,0,0,2022-06-17,,Submitted
DOC-0006039,LG-000590,Identity Document,1,0,0,2022-07-16,,Submitted
DOC-0006040,LG-000590,Identity Document,1,0,0,2022-06-25,,Submitted
DOC-0006041,LG-000590,Land Record,0,0,0,,,Pending
DOC-0006042,LG-000591,Survey Record,1,1,0,2021-05-24,2021-06-14,Verified
DOC-0006043,LG-000591,Survey Record,1,1,0,2021-06-05,2021-07-05,Verified
DOC-0006044,LG-000591,Ownership Proof,1,0,0,2021-05-16,,Submitted
DOC-0006045,LG-000591,Identity Document,1,1,0,2021-04-24,2021-05-11,Verified
DOC-0006046,LG-000591,Ownership Proof,1,1,1,2021-06-03,2021-07-03,Verified
DOC-0006047,LG-000591,Ownership Proof,1,1,0,2021-06-11,2021-06-24,Verified
DOC-0006048,LG-000591,Identity Document,1,0,0,2021-05-17,,Submitted
DOC-0006049,LG-000591,Ownership Proof,0,0,0,,,Pending
DOC-0006050,LG-000591,Ownership Proof,1,1,0,2021-05-02,2021-06-02,Verified
DOC-0006051,LG-000591,Land Record,1,1,1,2021-05-24,2021-06-08,Verified
DOC-0006052,LG-000592,Ownership Proof,1,1,0,2018-07-03,2018-07-24,Verified
DOC-0006053,LG-000592,Identity Document,1,0,0,2018-06-15,,Submitted
DOC-0006054,LG-000592,Survey Record,1,1,0,2018-06-30,2018-08-06,Verified
DOC-0006055,LG-000592,Identity Document,1,0,0,2018-07-27,,Submitted
DOC-0006056,LG-000592,Identity Document,1,1,0,2018-06-28,2018-08-02,Verified
DOC-0006057,LG-000593,Ownership Proof,1,0,0,2019-04-18,,Submitted
DOC-0006058,LG-000593,Ownership Proof,1,0,0,2019-04-20,,Submitted
DOC-0006059,LG-000593,Land Record,1,1,0,2019-04-06,2019-04-22,Verified
DOC-0006060,LG-000593,Land Record,1,1,0,2019-03-27,2019-04-30,Verified
DOC-0006061,LG-000593,Survey Record,1,0,0,2019-03-27,,Submitted
DOC-0006062,LG-000593,Identity Document,1,1,0,2019-04-08,2019-05-07,Verified
DOC-0006063,LG-000594,Ownership Proof,1,1,0,2024-09-15,2024-10-03,Verified
DOC-0006064,LG-000594,Identity Document,1,1,1,2024-09-23,2024-10-18,Verified
DOC-0006065,LG-000594,Ownership Proof,1,0,0,2024-10-06,,Submitted
DOC-0006066,LG-000594,Compensation Document,1,1,0,2024-09-13,2024-09-25,Verified
DOC-0006067,LG-000594,Ownership Proof,1,1,0,2024-10-13,2024-11-05,Verified
DOC-0006068,LG-000594,Land Record,1,1,0,2024-09-06,2024-10-07,Verified
DOC-0006069,LG-000594,Land Record,1,0,0,2024-10-01,,Submitted
DOC-0006070,LG-000594,Identity Document,1,1,1,2024-08-30,2024-09-25,Verified
DOC-0006071,LG-000595,Survey Record,1,0,1,2020-03-03,,Submitted
DOC-0006072,LG-000595,Compensation Document,1,1,0,2020-01-18,2020-02-07,Verified
DOC-0006073,LG-000595,Land Record,1,0,1,2020-03-09,,Submitted
DOC-0006074,LG-000595,Land Record,1,1,0,2020-02-12,2020-02-27,Verified
DOC-0006075,LG-000595,Ownership Proof,1,1,1,2020-02-16,2020-03-24,Verified
DOC-0006076,LG-000595,Land Record,0,0,1,,,Pending
DOC-0006077,LG-000595,Land Record,0,0,1,,,Pending
DOC-0006078,LG-000595,Ownership Proof,1,1,1,2020-01-23,2020-02-08,Verified
DOC-0006079,LG-000595,Compensation Document,0,0,1,,,Pending
DOC-0006080,LG-000595,Compensation Document,1,0,1,2020-01-25,,Submitted
DOC-0006081,LG-000595,Identity Document,1,0,1,2020-01-17,,Submitted
DOC-0006082,LG-000595,Identity Document,1,0,0,2020-02-01,,Submitted
DOC-0006083,LG-000595,Survey Record,1,1,1,2020-03-06,2020-03-28,Verified
DOC-0006084,LG-000595,Compensation Document,0,0,0,,,Pending
DOC-0006085,LG-000596,Identity Document,1,0,0,2021-06-18,,Submitted
DOC-0006086,LG-000596,Survey Record,1,0,0,2021-06-03,,Submitted
DOC-0006087,LG-000596,Identity Document,1,1,1,2021-05-05,2021-05-28,Verified
DOC-0006088,LG-000596,Survey Record,1,0,0,2021-05-30,,Submitted
DOC-0006089,LG-000596,Compensation Document,1,0,0,2021-06-05,,Submitted
DOC-0006090,LG-000596,Ownership Proof,1,1,0,2021-05-29,2021-06-23,Verified
DOC-0006091,LG-000596,Survey Record,1,1,0,2021-06-18,2021-07-04,Verified
DOC-0006092,LG-000596,Land Record,1,1,1,2021-06-03,2021-07-03,Verified
DOC-0006093,LG-000596,Land Record,0,0,0,,,Pending
DOC-0006094,LG-000596,Land Record,1,0,0,2021-06-21,,Submitted
DOC-0006095,LG-000597,Survey Record,1,1,0,2024-12-30,2025-01-28,Verified
DOC-0006096,LG-000597,Ownership Proof,1,1,0,2025-02-02,2025-03-03,Verified
DOC-0006097,LG-000597,Land Record,1,1,0,2024-12-27,2025-02-01,Verified
DOC-0006098,LG-000597,Ownership Proof,1,1,0,2025-02-07,2025-03-13,Verified
DOC-0006099,LG-000597,Land Record,1,1,0,2025-02-05,2025-02-24,Verified
DOC-0006100,LG-000597,Survey Record,1,0,0,2024-12-24,,Submitted
DOC-0006101,LG-000597,Compensation Document,1,1,0,2025-01-25,2025-02-08,Verified
DOC-0006102,LG-000598,Land Record,1,0,0,2019-12-08,,Submitted
DOC-0006103,LG-000598,Identity Document,1,1,0,2019-12-24,2020-01-27,Verified
DOC-0006104,LG-000598,Survey Record,1,1,1,2019-11-16,2019-12-01,Verified
DOC-0006105,LG-000598,Land Record,1,1,0,2019-12-03,2020-01-01,Verified
DOC-0006106,LG-000598,Survey Record,1,1,0,2019-12-15,2020-01-10,Verified
DOC-0006107,LG-000598,Land Record,0,0,1,,,Pending
DOC-0006108,LG-000598,Survey Record,1,0,1,2020-01-08,,Submitted
DOC-0006109,LG-000598,Survey Record,1,0,1,2019-12-09,,Submitted
DOC-0006110,LG-000599,Identity Document,1,1,0,2018-08-02,2018-08-22,Verified
DOC-0006111,LG-000599,Ownership Proof,1,0,0,2018-07-20,,Submitted
DOC-0006112,LG-000599,Survey Record,1,1,0,2018-07-27,2018-08-12,Verified
DOC-0006113,LG-000599,Land Record,1,0,0,2018-07-18,,Submitted
DOC-0006114,LG-000599,Identity Document,1,1,0,2018-08-03,2018-09-03,Verified
DOC-0006115,LG-000599,Survey Record,1,1,0,2018-06-15,2018-07-03,Verified
DOC-0006116,LG-000599,Land Record,1,1,0,2018-06-21,2018-07-03,Verified
DOC-0006117,LG-000599,Land Record,1,1,0,2018-07-12,2018-07-25,Verified
DOC-0006118,LG-000599,Identity Document,1,1,0,2018-06-28,2018-07-21,Verified
DOC-0006119,LG-000599,Compensation Document,1,1,0,2018-06-29,2018-07-26,Verified
DOC-0006120,LG-000599,Ownership Proof,1,0,0,2018-07-17,,Submitted
DOC-0006121,LG-000599,Ownership Proof,1,0,0,2018-07-01,,Submitted
DOC-0006122,LG-000600,Ownership Proof,1,0,1,2023-07-01,,Submitted
DOC-0006123,LG-000600,Ownership Proof,1,0,1,2023-05-24,,Submitted
DOC-0006124,LG-000600,Land Record,1,1,0,2023-07-01,2023-07-20,Verified
DOC-0006125,LG-000600,Land Record,0,0,0,,,Pending
DOC-0006126,LG-000600,Identity Document,0,0,1,,,Pending
DOC-0006127,LG-000601,Survey Record,1,1,0,2018-12-19,2019-01-23,Verified
DOC-0006128,LG-000601,Identity Document,1,1,0,2019-01-15,2019-02-10,Verified
DOC-0006129,LG-000601,Survey Record,1,1,1,2019-01-23,2019-02-04,Verified
DOC-0006130,LG-000601,Ownership Proof,1,1,0,2019-01-06,2019-02-03,Verified
DOC-0006131,LG-000601,Survey Record,1,1,0,2019-01-08,2019-01-25,Verified
DOC-0006132,LG-000601,Compensation Document,1,0,0,2019-01-22,,Submitted
DOC-0006133,LG-000601,Land Record,1,1,0,2018-12-23,2019-01-15,Verified
DOC-0006134,LG-000601,Compensation Document,1,1,1,2019-01-12,2019-02-15,Verified
DOC-0006135,LG-000601,Identity Document,1,1,0,2019-01-13,2019-02-06,Verified
DOC-0006136,LG-000601,Survey Record,1,1,0,2019-01-26,2019-02-24,Verified
DOC-0006137,LG-000602,Land Record,1,1,0,2018-11-29,2018-12-23,Verified
DOC-0006138,LG-000602,Compensation Document,1,1,0,2019-01-05,2019-01-19,Verified
DOC-0006139,LG-000602,Survey Record,1,1,0,2018-12-04,2018-12-27,Verified
DOC-0006140,LG-000602,Identity Document,1,1,0,2018-12-01,2018-12-25,Verified
DOC-0006141,LG-000602,Identity Document,1,1,0,2018-12-24,2019-01-22,Verified
DOC-0006142,LG-000602,Ownership Proof,1,0,0,2018-11-30,,Submitted
DOC-0006143,LG-000602,Compensation Document,1,0,0,2018-11-25,,Submitted
DOC-0006144,LG-000602,Ownership Proof,1,0,0,2019-01-10,,Submitted
DOC-0006145,LG-000602,Identity Document,1,1,0,2018-12-26,2019-01-06,Verified
DOC-0006146,LG-000602,Land Record,1,0,0,2018-11-27,,Submitted
DOC-0006147,LG-000602,Land Record,1,0,0,2018-12-31,,Submitted
DOC-0006148,LG-000602,Ownership Proof,1,1,1,2018-12-28,2019-01-17,Verified
DOC-0006149,LG-000602,Identity Document,1,0,0,2018-11-29,,Submitted
DOC-0006150,LG-000603,Ownership Proof,1,0,0,2021-12-20,,Submitted
DOC-0006151,LG-000603,Identity Document,1,1,0,2022-01-24,2022-02-06,Verified
DOC-0006152,LG-000603,Survey Record,1,0,0,2021-12-29,,Submitted
DOC-0006153,LG-000603,Land Record,1,1,0,2022-01-14,2022-02-18,Verified
DOC-0006154,LG-000603,Land Record,1,0,0,2022-01-26,,Submitted
DOC-0006155,LG-000603,Land Record,0,0,0,,,Pending
DOC-0006156,LG-000603,Compensation Document,1,1,0,2022-01-10,2022-01-29,Verified
DOC-0006157,LG-000603,Land Record,1,1,0,2022-02-01,2022-02-23,Verified
DOC-0006158,LG-000604,Ownership Proof,1,0,1,2022-10-24,,Submitted
DOC-0006159,LG-000604,Survey Record,0,0,0,,,Pending
DOC-0006160,LG-000604,Compensation Document,1,0,1,2022-10-21,,Submitted
DOC-0006161,LG-000604,Compensation Document,1,0,0,2022-10-27,,Submitted
DOC-0006162,LG-000604,Compensation Document,0,0,1,,,Pending
DOC-0006163,LG-000604,Survey Record,0,0,0,,,Pending
DOC-0006164,LG-000604,Survey Record,1,1,1,2022-10-30,2022-11-17,Verified
DOC-0006165,LG-000604,Ownership Proof,1,1,0,2022-10-19,2022-11-12,Verified
DOC-0006166,LG-000604,Ownership Proof,1,0,1,2022-10-05,,Submitted
DOC-0006167,LG-000604,Compensation Document,1,0,0,2022-10-25,,Submitted
DOC-0006168,LG-000604,Compensation Document,1,1,0,2022-11-13,2022-11-24,Verified
DOC-0006169,LG-000604,Survey Record,1,1,0,2022-10-29,2022-11-25,Verified
DOC-0006170,LG-000604,Land Record,0,0,1,,,Pending
DOC-0006171,LG-000604,Survey Record,1,1,0,2022-10-10,2022-10-31,Verified
DOC-0006172,LG-000605,Identity Document,1,1,0,2020-04-23,2020-05-25,Verified
DOC-0006173,LG-000605,Land Record,1,1,1,2020-03-17,2020-03-30,Verified
DOC-0006174,LG-000605,Survey Record,1,0,0,2020-04-04,,Submitted
DOC-0006175,LG-000605,Survey Record,1,1,1,2020-03-10,2020-03-31,Verified
DOC-0006176,LG-000605,Land Record,1,1,0,2020-03-18,2020-03-30,Verified
DOC-0006177,LG-000605,Identity Document,1,1,0,2020-04-07,2020-05-12,Verified
DOC-0006178,LG-000605,Survey Record,1,0,0,2020-03-14,,Submitted
DOC-0006179,LG-000605,Identity Document,1,0,1,2020-03-30,,Submitted
DOC-0006180,LG-000605,Survey Record,1,1,1,2020-03-08,2020-03-19,Verified
DOC-0006181,LG-000605,Survey Record,1,1,0,2020-04-30,2020-05-13,Verified
DOC-0006182,LG-000605,Ownership Proof,1,1,0,2020-03-25,2020-04-16,Verified
DOC-0006183,LG-000605,Compensation Document,0,0,1,,,Pending
DOC-0006184,LG-000605,Land Record,1,1,0,2020-04-15,2020-05-05,Verified
DOC-0006185,LG-000606,Ownership Proof,1,1,0,2024-10-19,2024-11-15,Verified
DOC-0006186,LG-000606,Identity Document,1,1,0,2024-11-08,2024-12-10,Verified
DOC-0006187,LG-000606,Compensation Document,1,1,0,2024-11-24,2025-01-02,Verified
DOC-0006188,LG-000606,Compensation Document,1,1,0,2024-10-15,2024-11-07,Verified
DOC-0006189,LG-000606,Identity Document,1,1,0,2024-10-30,2024-12-06,Verified
DOC-0006190,LG-000606,Survey Record,1,1,0,2024-10-10,2024-10-31,Verified
DOC-0006191,LG-000607,Land Record,0,0,0,,,Pending
DOC-0006192,LG-000607,Survey Record,1,1,0,2021-11-20,2021-12-12,Verified
DOC-0006193,LG-000607,Compensation Document,0,0,1,,,Pending
DOC-0006194,LG-000607,Compensation Document,0,0,1,,,Pending
DOC-0006195,LG-000607,Land Record,1,0,0,2021-12-15,,Submitted
DOC-0006196,LG-000607,Ownership Proof,1,1,1,2021-12-02,2021-12-31,Verified
DOC-0006197,LG-000607,Survey Record,1,0,1,2021-10-31,,Submitted
DOC-0006198,LG-000607,Survey Record,1,1,0,2021-12-06,2022-01-05,Verified
DOC-0006199,LG-000608,Survey Record,1,1,1,2022-06-03,2022-07-07,Verified
DOC-0006200,LG-000608,Ownership Proof,1,1,1,2022-06-02,2022-06-28,Verified
DOC-0006201,LG-000608,Compensation Document,1,1,1,2022-07-13,2022-07-23,Verified
DOC-0006202,LG-000608,Compensation Document,1,1,0,2022-05-31,2022-07-02,Verified
DOC-0006203,LG-000608,Survey Record,0,0,0,,,Pending
DOC-0006204,LG-000608,Compensation Document,1,1,0,2022-06-27,2022-07-25,Verified
DOC-0006205,LG-000608,Identity Document,1,0,1,2022-06-22,,Submitted
DOC-0006206,LG-000608,Compensation Document,1,1,1,2022-07-15,2022-08-09,Verified
DOC-0006207,LG-000608,Survey Record,1,1,1,2022-07-08,2022-07-28,Verified
DOC-0006208,LG-000608,Ownership Proof,1,0,1,2022-06-19,,Submitted
DOC-0006209,LG-000609,Ownership Proof,0,0,0,,,Pending
DOC-0006210,LG-000609,Ownership Proof,0,0,0,,,Pending
DOC-0006211,LG-000609,Land Record,0,0,1,,,Pending
DOC-0006212,LG-000609,Ownership Proof,1,1,0,2021-05-27,2021-06-21,Verified
DOC-0006213,LG-000609,Identity Document,1,1,0,2021-05-25,2021-06-28,Verified
DOC-0006214,LG-000609,Land Record,1,1,1,2021-05-28,2021-06-19,Verified
DOC-0006215,LG-000609,Land Record,1,1,0,2021-05-27,2021-06-21,Verified
DOC-0006216,LG-000609,Land Record,1,0,0,2021-05-31,,Submitted
DOC-0006217,LG-000609,Survey Record,1,1,1,2021-05-05,2021-06-10,Verified
DOC-0006218,LG-000610,Compensation Document,1,1,0,2022-05-10,2022-05-28,Verified
DOC-0006219,LG-000610,Compensation Document,0,0,0,,,Pending
DOC-0006220,LG-000610,Compensation Document,1,1,0,2022-04-01,2022-05-09,Verified
DOC-0006221,LG-000610,Ownership Proof,1,1,0,2022-04-22,2022-05-02,Verified
DOC-0006222,LG-000610,Land Record,1,1,0,2022-03-29,2022-04-22,Verified
DOC-0006223,LG-000610,Identity Document,1,1,0,2022-04-29,2022-05-28,Verified
DOC-0006224,LG-000610,Survey Record,1,1,0,2022-04-13,2022-04-23,Verified
DOC-0006225,LG-000610,Ownership Proof,1,1,1,2022-04-16,2022-05-14,Verified
DOC-0006226,LG-000610,Ownership Proof,1,1,1,2022-04-02,2022-04-13,Verified
DOC-0006227,LG-000611,Compensation Document,1,1,0,2019-04-27,2019-06-05,Verified
DOC-0006228,LG-000611,Land Record,1,1,1,2019-03-23,2019-04-08,Verified
DOC-0006229,LG-000611,Ownership Proof,1,1,0,2019-04-16,2019-05-07,Verified
DOC-0006230,LG-000611,Survey Record,1,1,0,2019-03-14,2019-04-02,Verified
DOC-0006231,LG-000611,Land Record,1,0,1,2019-04-01,,Submitted
DOC-0006232,LG-000611,Compensation Document,1,0,0,2019-05-04,,Submitted
DOC-0006233,LG-000611,Identity Document,1,0,0,2019-04-07,,Submitted
DOC-0006234,LG-000611,Identity Document,1,1,0,2019-04-13,2019-05-10,Verified
DOC-0006235,LG-000611,Land Record,1,0,0,2019-04-10,,Submitted
DOC-0006236,LG-000611,Identity Document,1,0,0,2019-04-26,,Submitted
DOC-0006237,LG-000611,Compensation Document,1,1,0,2019-03-26,2019-04-08,Verified
DOC-0006238,LG-000611,Survey Record,1,0,0,2019-04-17,,Submitted
DOC-0006239,LG-000611,Ownership Proof,1,1,0,2019-03-21,2019-04-16,Verified
DOC-0006240,LG-000611,Survey Record,1,0,0,2019-03-18,,Submitted
DOC-0006241,LG-000611,Land Record,1,0,1,2019-04-28,,Submitted
DOC-0006242,LG-000612,Survey Record,1,1,0,2022-09-28,2022-10-23,Verified
DOC-0006243,LG-000612,Ownership Proof,1,1,0,2022-08-28,2022-09-26,Verified
DOC-0006244,LG-000612,Survey Record,1,1,0,2022-09-01,2022-09-19,Verified
DOC-0006245,LG-000612,Identity Document,1,1,0,2022-08-28,2022-10-06,Verified
DOC-0006246,LG-000612,Land Record,1,0,0,2022-10-08,,Submitted
DOC-0006247,LG-000612,Land Record,1,0,0,2022-10-13,,Submitted
DOC-0006248,LG-000612,Identity Document,1,1,1,2022-09-14,2022-10-24,Verified
DOC-0006249,LG-000612,Compensation Document,1,1,0,2022-10-04,2022-10-30,Verified
DOC-0006250,LG-000612,Identity Document,1,0,1,2022-10-11,,Submitted
DOC-0006251,LG-000613,Identity Document,0,0,0,,,Pending
DOC-0006252,LG-000613,Land Record,1,0,1,2020-04-13,,Submitted
DOC-0006253,LG-000613,Ownership Proof,0,0,1,,,Pending
DOC-0006254,LG-000613,Survey Record,1,0,0,2020-05-06,,Submitted
DOC-0006255,LG-000613,Identity Document,1,1,1,2020-04-04,2020-04-28,Verified
DOC-0006256,LG-000613,Compensation Document,0,0,1,,,Pending
DOC-0006257,LG-000613,Land Record,1,1,0,2020-04-01,2020-05-10,Verified
DOC-0006258,LG-000614,Compensation Document,0,0,0,,,Pending
DOC-0006259,LG-000614,Compensation Document,0,0,1,,,Pending
DOC-0006260,LG-000614,Compensation Document,1,0,0,2019-11-17,,Submitted
DOC-0006261,LG-000614,Survey Record,1,1,0,2019-12-19,2020-01-21,Verified
DOC-0006262,LG-000614,Identity Document,1,0,1,2019-11-12,,Submitted
DOC-0006263,LG-000614,Ownership Proof,1,0,1,2019-12-11,,Submitted
DOC-0006264,LG-000614,Ownership Proof,1,0,0,2019-12-10,,Submitted
DOC-0006265,LG-000614,Land Record,1,1,0,2019-12-24,2020-01-12,Verified
DOC-0006266,LG-000614,Identity Document,1,1,0,2019-11-18,2019-12-10,Verified
DOC-0006267,LG-000615,Survey Record,1,0,0,2019-10-24,,Submitted
DOC-0006268,LG-000615,Land Record,1,1,0,2019-10-05,2019-10-21,Verified
DOC-0006269,LG-000615,Ownership Proof,0,0,0,,,Pending
DOC-0006270,LG-000615,Compensation Document,1,1,0,2019-10-08,2019-10-30,Verified
DOC-0006271,LG-000615,Identity Document,1,1,0,2019-09-08,2019-10-05,Verified
DOC-0006272,LG-000615,Survey Record,1,0,0,2019-10-03,,Submitted
DOC-0006273,LG-000615,Compensation Document,1,0,0,2019-10-27,,Submitted
DOC-0006274,LG-000615,Compensation Document,1,0,0,2019-09-05,,Submitted
DOC-0006275,LG-000615,Compensation Document,1,1,1,2019-10-27,2019-11-09,Verified
DOC-0006276,LG-000616,Survey Record,1,1,0,2020-07-05,2020-08-01,Verified
DOC-0006277,LG-000616,Compensation Document,1,0,0,2020-08-04,,Submitted
DOC-0006278,LG-000616,Survey Record,1,1,0,2020-06-26,2020-07-24,Verified
DOC-0006279,LG-000616,Identity Document,0,0,1,,,Pending
DOC-0006280,LG-000616,Compensation Document,0,0,0,,,Pending
DOC-0006281,LG-000616,Land Record,1,1,1,2020-06-22,2020-07-15,Verified
DOC-0006282,LG-000616,Ownership Proof,1,1,0,2020-08-02,2020-09-09,Verified
DOC-0006283,LG-000616,Compensation Document,1,1,0,2020-08-04,2020-08-18,Verified
DOC-0006284,LG-000616,Identity Document,1,1,0,2020-07-02,2020-07-22,Verified
DOC-0006285,LG-000617,Survey Record,1,0,1,2021-10-30,,Submitted
DOC-0006286,LG-000617,Identity Document,1,1,0,2021-11-01,2021-11-19,Verified
DOC-0006287,LG-000617,Land Record,0,0,0,,,Pending
DOC-0006288,LG-000617,Compensation Document,1,1,0,2021-10-13,2021-11-19,Verified
DOC-0006289,LG-000617,Ownership Proof,1,1,1,2021-10-26,2021-11-17,Verified
DOC-0006290,LG-000617,Identity Document,1,1,1,2021-10-29,2021-11-24,Verified
DOC-0006291,LG-000617,Compensation Document,0,0,1,,,Pending
DOC-0006292,LG-000617,Compensation Document,1,1,1,2021-10-12,2021-11-08,Verified
DOC-0006293,LG-000617,Compensation Document,1,0,0,2021-10-06,,Submitted
DOC-0006294,LG-000617,Identity Document,1,0,0,2021-10-18,,Submitted
DOC-0006295,LG-000617,Survey Record,1,1,1,2021-10-03,2021-10-29,Verified
DOC-0006296,LG-000617,Survey Record,1,0,0,2021-10-24,,Submitted
DOC-0006297,LG-000617,Land Record,1,1,1,2021-09-27,2021-10-20,Verified
DOC-0006298,LG-000617,Compensation Document,1,0,1,2021-10-24,,Submitted
DOC-0006299,LG-000618,Identity Document,0,0,1,,,Pending
DOC-0006300,LG-000618,Identity Document,0,0,1,,,Pending
DOC-0006301,LG-000618,Land Record,1,1,1,2023-06-04,2023-07-09,Verified
DOC-0006302,LG-000618,Ownership Proof,1,1,1,2023-04-24,2023-05-22,Verified
DOC-0006303,LG-000618,Ownership Proof,1,0,1,2023-06-04,,Submitted
DOC-0006304,LG-000618,Compensation Document,1,0,0,2023-05-15,,Submitted
DOC-0006305,LG-000618,Land Record,1,0,0,2023-04-30,,Submitted
DOC-0006306,LG-000618,Ownership Proof,1,0,1,2023-04-30,,Submitted
DOC-0006307,LG-000618,Identity Document,0,0,1,,,Pending
DOC-0006308,LG-000618,Ownership Proof,1,1,0,2023-06-06,2023-06-23,Verified
DOC-0006309,LG-000618,Ownership Proof,0,0,0,,,Pending
DOC-0006310,LG-000618,Survey Record,1,1,0,2023-05-24,2023-06-04,Verified
DOC-0006311,LG-000618,Ownership Proof,1,1,1,2023-05-14,2023-06-06,Verified
DOC-0006312,LG-000618,Survey Record,0,0,0,,,Pending
DOC-0006313,LG-000618,Survey Record,1,1,1,2023-05-09,2023-05-20,Verified
DOC-0006314,LG-000619,Land Record,1,1,1,2023-05-04,2023-06-03,Verified
DOC-0006315,LG-000619,Land Record,1,0,0,2023-05-04,,Submitted
DOC-0006316,LG-000619,Compensation Document,1,1,1,2023-04-01,2023-04-25,Verified
DOC-0006317,LG-000619,Survey Record,1,0,0,2023-04-30,,Submitted
DOC-0006318,LG-000619,Identity Document,0,0,1,,,Pending
DOC-0006319,LG-000619,Identity Document,1,1,0,2023-04-09,2023-05-03,Verified
DOC-0006320,LG-000619,Identity Document,1,1,0,2023-04-30,2023-05-27,Verified
DOC-0006321,LG-000619,Compensation Document,0,0,1,,,Pending
DOC-0006322,LG-000619,Survey Record,1,1,1,2023-04-11,2023-04-26,Verified
DOC-0006323,LG-000619,Compensation Document,1,1,1,2023-04-05,2023-05-14,Verified
DOC-0006324,LG-000619,Compensation Document,1,1,0,2023-03-24,2023-04-07,Verified
DOC-0006325,LG-000619,Ownership Proof,1,1,0,2023-04-21,2023-05-31,Verified
DOC-0006326,LG-000619,Land Record,1,0,0,2023-03-23,,Submitted
DOC-0006327,LG-000619,Survey Record,1,1,1,2023-03-22,2023-04-21,Verified
DOC-0006328,LG-000619,Compensation Document,0,0,1,,,Pending
DOC-0006329,LG-000620,Survey Record,1,1,1,2024-09-24,2024-10-25,Verified
DOC-0006330,LG-000620,Land Record,1,1,1,2024-09-23,2024-10-12,Verified
DOC-0006331,LG-000620,Ownership Proof,1,1,1,2024-10-13,2024-11-01,Verified
DOC-0006332,LG-000620,Land Record,1,0,1,2024-09-01,,Submitted
DOC-0006333,LG-000620,Compensation Document,0,0,0,,,Pending
DOC-0006334,LG-000620,Ownership Proof,0,0,1,,,Pending
DOC-0006335,LG-000620,Compensation Document,0,0,1,,,Pending
DOC-0006336,LG-000621,Identity Document,1,1,0,2023-04-17,2023-04-30,Verified
DOC-0006337,LG-000621,Land Record,1,0,0,2023-05-13,,Submitted
DOC-0006338,LG-000621,Identity Document,1,1,0,2023-05-06,2023-06-10,Verified
DOC-0006339,LG-000621,Compensation Document,1,1,0,2023-04-25,2023-05-08,Verified
DOC-0006340,LG-000621,Land Record,1,1,0,2023-04-08,2023-04-18,Verified
DOC-0006341,LG-000622,Land Record,1,0,0,2022-11-05,,Submitted
DOC-0006342,LG-000622,Land Record,0,0,0,,,Pending
DOC-0006343,LG-000622,Land Record,1,0,0,2022-12-14,,Submitted
DOC-0006344,LG-000622,Land Record,1,0,0,2022-11-14,,Submitted
DOC-0006345,LG-000622,Compensation Document,1,1,1,2022-11-24,2022-12-15,Verified
DOC-0006346,LG-000622,Ownership Proof,1,0,0,2022-12-15,,Submitted
DOC-0006347,LG-000622,Compensation Document,0,0,1,,,Pending
DOC-0006348,LG-000622,Ownership Proof,0,0,0,,,Pending
DOC-0006349,LG-000622,Ownership Proof,1,1,1,2022-11-02,2022-11-20,Verified
DOC-0006350,LG-000622,Survey Record,1,1,0,2022-10-24,2022-12-01,Verified
DOC-0006351,LG-000622,Land Record,0,0,0,,,Pending
DOC-0006352,LG-000623,Compensation Document,1,1,0,2019-06-05,2019-07-14,Verified
DOC-0006353,LG-000623,Identity Document,1,1,0,2019-06-26,2019-07-15,Verified
DOC-0006354,LG-000623,Compensation Document,1,1,0,2019-07-04,2019-07-26,Verified
DOC-0006355,LG-000623,Compensation Document,1,1,0,2019-07-12,2019-07-27,Verified
DOC-0006356,LG-000623,Ownership Proof,0,0,0,,,Pending
DOC-0006357,LG-000623,Compensation Document,1,0,1,2019-06-24,,Submitted
DOC-0006358,LG-000623,Compensation Document,1,0,0,2019-07-23,,Submitted
DOC-0006359,LG-000623,Ownership Proof,1,1,0,2019-06-29,2019-07-30,Verified
DOC-0006360,LG-000623,Survey Record,1,1,0,2019-07-23,2019-08-09,Verified
DOC-0006361,LG-000623,Identity Document,1,1,1,2019-07-10,2019-08-01,Verified
DOC-0006362,LG-000623,Land Record,1,0,1,2019-06-05,,Submitted
DOC-0006363,LG-000623,Identity Document,1,1,0,2019-07-02,2019-07-17,Verified
DOC-0006364,LG-000623,Land Record,1,1,0,2019-07-06,2019-07-29,Verified
DOC-0006365,LG-000623,Survey Record,1,1,0,2019-06-28,2019-07-26,Verified
DOC-0006366,LG-000623,Survey Record,1,0,0,2019-07-18,,Submitted
DOC-0006367,LG-000624,Survey Record,1,1,0,2019-10-31,2019-11-24,Verified
DOC-0006368,LG-000624,Survey Record,1,0,1,2019-10-21,,Submitted
DOC-0006369,LG-000624,Land Record,0,0,0,,,Pending
DOC-0006370,LG-000624,Ownership Proof,1,1,0,2019-09-18,2019-10-26,Verified
DOC-0006371,LG-000624,Compensation Document,1,1,1,2019-10-11,2019-11-16,Verified
DOC-0006372,LG-000624,Ownership Proof,1,0,1,2019-09-13,,Submitted
DOC-0006373,LG-000624,Survey Record,1,1,1,2019-10-23,2019-11-30,Verified
DOC-0006374,LG-000625,Land Record,1,1,0,2024-03-17,2024-04-21,Verified
DOC-0006375,LG-000625,Ownership Proof,1,1,0,2024-03-11,2024-03-27,Verified
DOC-0006376,LG-000625,Land Record,1,1,0,2024-02-17,2024-03-23,Verified
DOC-0006377,LG-000625,Land Record,1,1,0,2024-03-05,2024-03-15,Verified
DOC-0006378,LG-000625,Land Record,1,0,0,2024-03-06,,Submitted
DOC-0006379,LG-000625,Ownership Proof,1,1,0,2024-03-17,2024-04-19,Verified
DOC-0006380,LG-000625,Compensation Document,1,0,1,2024-03-10,,Submitted
DOC-0006381,LG-000625,Land Record,1,1,0,2024-03-03,2024-03-23,Verified
DOC-0006382,LG-000625,Compensation Document,1,1,0,2024-03-21,2024-04-24,Verified
DOC-0006383,LG-000626,Survey Record,1,1,0,2020-08-01,2020-09-09,Verified
DOC-0006384,LG-000626,Land Record,1,1,1,2020-07-11,2020-07-27,Verified
DOC-0006385,LG-000626,Ownership Proof,1,1,0,2020-07-15,2020-07-28,Verified
DOC-0006386,LG-000626,Identity Document,1,1,0,2020-07-06,2020-08-06,Verified
DOC-0006387,LG-000626,Identity Document,1,1,1,2020-07-28,2020-08-13,Verified
DOC-0006388,LG-000626,Ownership Proof,1,1,1,2020-07-11,2020-07-31,Verified
DOC-0006389,LG-000626,Land Record,1,0,0,2020-06-26,,Submitted
DOC-0006390,LG-000626,Survey Record,1,1,1,2020-06-29,2020-08-06,Verified
DOC-0006391,LG-000626,Survey Record,1,0,1,2020-07-22,,Submitted
DOC-0006392,LG-000626,Ownership Proof,1,0,0,2020-07-21,,Submitted
DOC-0006393,LG-000626,Land Record,0,0,1,,,Pending
DOC-0006394,LG-000627,Land Record,0,0,1,,,Pending
DOC-0006395,LG-000627,Ownership Proof,0,0,1,,,Pending
DOC-0006396,LG-000627,Survey Record,0,0,0,,,Pending
DOC-0006397,LG-000627,Survey Record,0,0,1,,,Pending
DOC-0006398,LG-000627,Land Record,1,0,1,2018-11-15,,Submitted
DOC-0006399,LG-000627,Survey Record,1,1,1,2018-12-18,2019-01-13,Verified
DOC-0006400,LG-000628,Compensation Document,0,0,1,,,Pending
DOC-0006401,LG-000628,Survey Record,1,0,0,2020-02-10,,Submitted
DOC-0006402,LG-000628,Ownership Proof,1,1,0,2020-03-07,2020-04-10,Verified
DOC-0006403,LG-000628,Compensation Document,1,1,0,2020-01-29,2020-02-18,Verified
DOC-0006404,LG-000628,Survey Record,1,1,0,2020-03-01,2020-04-05,Verified
DOC-0006405,LG-000628,Ownership Proof,1,1,1,2020-02-27,2020-03-31,Verified
DOC-0006406,LG-000628,Ownership Proof,1,1,1,2020-02-19,2020-03-26,Verified
DOC-0006407,LG-000628,Compensation Document,1,1,1,2020-03-18,2020-04-08,Verified
DOC-0006408,LG-000629,Identity Document,1,0,1,2018-09-04,,Submitted
DOC-0006409,LG-000629,Survey Record,1,0,1,2018-08-24,,Submitted
DOC-0006410,LG-000629,Survey Record,1,1,0,2018-07-19,2018-08-09,Verified
DOC-0006411,LG-000629,Ownership Proof,1,1,1,2018-07-31,2018-08-13,Verified
DOC-0006412,LG-000629,Identity Document,1,1,1,2018-07-25,2018-08-27,Verified
DOC-0006413,LG-000629,Land Record,0,0,0,,,Pending
DOC-0006414,LG-000629,Compensation Document,1,1,1,2018-08-21,2018-09-27,Verified
DOC-0006415,LG-000629,Survey Record,1,1,0,2018-07-16,2018-07-26,Verified
DOC-0006416,LG-000630,Land Record,1,0,1,2019-01-31,,Submitted
DOC-0006417,LG-000630,Land Record,1,1,1,2019-01-27,2019-03-08,Verified
DOC-0006418,LG-000630,Ownership Proof,1,1,0,2019-02-12,2019-03-10,Verified
DOC-0006419,LG-000630,Land Record,1,1,1,2019-01-22,2019-02-11,Verified
DOC-0006420,LG-000630,Identity Document,1,1,0,2019-03-06,2019-04-01,Verified
DOC-0006421,LG-000631,Survey Record,1,0,0,2018-12-20,,Submitted
DOC-0006422,LG-000631,Identity Document,1,1,0,2018-12-19,2019-01-16,Verified
DOC-0006423,LG-000631,Compensation Document,1,1,0,2019-02-03,2019-03-08,Verified
DOC-0006424,LG-000631,Compensation Document,1,1,0,2018-12-26,2019-01-28,Verified
DOC-0006425,LG-000631,Ownership Proof,1,1,0,2019-01-22,2019-02-03,Verified
DOC-0006426,LG-000632,Ownership Proof,1,0,0,2024-02-25,,Submitted
DOC-0006427,LG-000632,Ownership Proof,1,1,0,2024-03-26,2024-04-18,Verified
DOC-0006428,LG-000632,Ownership Proof,1,0,1,2024-03-10,,Submitted
DOC-0006429,LG-000632,Compensation Document,1,0,0,2024-02-13,,Submitted
DOC-0006430,LG-000632,Ownership Proof,1,1,0,2024-02-27,2024-03-21,Verified
DOC-0006431,LG-000632,Survey Record,1,0,0,2024-02-16,,Submitted
DOC-0006432,LG-000632,Identity Document,1,1,0,2024-02-29,2024-03-19,Verified
DOC-0006433,LG-000632,Land Record,1,1,0,2024-03-10,2024-04-11,Verified
DOC-0006434,LG-000632,Compensation Document,1,1,0,2024-03-10,2024-04-02,Verified
DOC-0006435,LG-000632,Identity Document,1,0,0,2024-03-22,,Submitted
DOC-0006436,LG-000632,Ownership Proof,1,1,0,2024-03-04,2024-03-18,Verified
DOC-0006437,LG-000632,Identity Document,1,1,0,2024-04-02,2024-05-03,Verified
DOC-0006438,LG-000632,Identity Document,1,1,1,2024-02-13,2024-03-20,Verified
DOC-0006439,LG-000632,Compensation Document,1,0,0,2024-04-01,,Submitted
DOC-0006440,LG-000633,Land Record,1,0,1,2024-07-10,,Submitted
DOC-0006441,LG-000633,Land Record,1,0,1,2024-07-10,,Submitted
DOC-0006442,LG-000633,Identity Document,1,1,1,2024-07-21,2024-08-16,Verified
DOC-0006443,LG-000633,Compensation Document,0,0,0,,,Pending
DOC-0006444,LG-000633,Compensation Document,1,1,1,2024-06-25,2024-07-23,Verified
DOC-0006445,LG-000633,Identity Document,1,1,1,2024-07-23,2024-08-24,Verified
DOC-0006446,LG-000633,Identity Document,1,1,1,2024-06-10,2024-07-04,Verified
DOC-0006447,LG-000634,Identity Document,1,1,0,2024-03-19,2024-04-18,Verified
DOC-0006448,LG-000634,Survey Record,1,1,0,2024-03-20,2024-04-25,Verified
DOC-0006449,LG-000634,Ownership Proof,1,0,0,2024-03-11,,Submitted
DOC-0006450,LG-000634,Compensation Document,1,1,0,2024-04-23,2024-05-31,Verified
DOC-0006451,LG-000634,Compensation Document,1,1,0,2024-04-17,2024-05-07,Verified
DOC-0006452,LG-000634,Ownership Proof,1,1,0,2024-04-20,2024-05-15,Verified
DOC-0006453,LG-000634,Land Record,1,1,0,2024-04-27,2024-05-28,Verified
DOC-0006454,LG-000634,Identity Document,1,1,0,2024-03-06,2024-03-28,Verified
DOC-0006455,LG-000634,Survey Record,1,1,0,2024-03-07,2024-03-17,Verified
DOC-0006456,LG-000634,Ownership Proof,1,0,0,2024-04-17,,Submitted
DOC-0006457,LG-000634,Land Record,1,1,1,2024-03-30,2024-04-25,Verified
DOC-0006458,LG-000634,Survey Record,1,1,0,2024-04-08,2024-05-16,Verified
DOC-0006459,LG-000634,Ownership Proof,1,1,0,2024-03-08,2024-03-28,Verified
DOC-0006460,LG-000634,Compensation Document,1,1,0,2024-03-25,2024-04-14,Verified
DOC-0006461,LG-000635,Ownership Proof,1,1,1,2019-04-08,2019-05-15,Verified
DOC-0006462,LG-000635,Survey Record,0,0,0,,,Pending
DOC-0006463,LG-000635,Ownership Proof,0,0,0,,,Pending
DOC-0006464,LG-000635,Identity Document,1,1,0,2019-02-19,2019-03-01,Verified
DOC-0006465,LG-000635,Compensation Document,1,0,0,2019-02-13,,Submitted
DOC-0006466,LG-000636,Identity Document,0,0,0,,,Pending
DOC-0006467,LG-000636,Land Record,1,0,0,2024-12-24,,Submitted
DOC-0006468,LG-000636,Land Record,1,0,0,2025-01-13,,Submitted
DOC-0006469,LG-000636,Ownership Proof,1,0,0,2024-12-31,,Submitted
DOC-0006470,LG-000636,Ownership Proof,1,1,0,2025-01-30,2025-02-18,Verified
DOC-0006471,LG-000636,Compensation Document,1,1,0,2024-12-11,2025-01-08,Verified
DOC-0006472,LG-000637,Survey Record,1,1,0,2022-04-19,2022-05-15,Verified
DOC-0006473,LG-000637,Land Record,1,0,0,2022-04-01,,Submitted
DOC-0006474,LG-000637,Survey Record,1,0,0,2022-04-17,,Submitted
DOC-0006475,LG-000637,Identity Document,1,0,0,2022-05-14,,Submitted
DOC-0006476,LG-000637,Ownership Proof,1,0,0,2022-04-27,,Submitted
DOC-0006477,LG-000637,Survey Record,1,1,0,2022-04-30,2022-05-23,Verified
DOC-0006478,LG-000637,Survey Record,1,1,0,2022-03-26,2022-04-13,Verified
DOC-0006479,LG-000638,Land Record,1,1,0,2024-02-04,2024-03-04,Verified
DOC-0006480,LG-000638,Identity Document,1,1,0,2024-02-14,2024-03-22,Verified
DOC-0006481,LG-000638,Identity Document,1,1,0,2024-01-19,2024-02-14,Verified
DOC-0006482,LG-000638,Land Record,1,1,0,2024-01-19,2024-02-06,Verified
DOC-0006483,LG-000638,Survey Record,1,1,0,2024-01-21,2024-02-19,Verified
DOC-0006484,LG-000638,Compensation Document,1,1,0,2024-01-02,2024-01-15,Verified
DOC-0006485,LG-000638,Land Record,1,0,0,2024-01-14,,Submitted
DOC-0006486,LG-000638,Ownership Proof,1,1,0,2024-01-19,2024-02-12,Verified
DOC-0006487,LG-000638,Compensation Document,1,1,0,2024-01-15,2024-02-04,Verified
DOC-0006488,LG-000638,Survey Record,1,1,0,2024-01-03,2024-01-19,Verified
DOC-0006489,LG-000638,Compensation Document,1,1,0,2024-02-19,2024-03-24,Verified
DOC-0006490,LG-000639,Compensation Document,1,1,0,2022-04-14,2022-05-01,Verified
DOC-0006491,LG-000639,Compensation Document,1,1,0,2022-05-09,2022-05-28,Verified
DOC-0006492,LG-000639,Identity Document,1,1,0,2022-05-10,2022-05-28,Verified
DOC-0006493,LG-000639,Land Record,1,1,0,2022-04-18,2022-05-26,Verified
DOC-0006494,LG-000639,Identity Document,1,1,0,2022-04-12,2022-05-10,Verified
DOC-0006495,LG-000639,Survey Record,1,1,0,2022-03-26,2022-04-14,Verified
DOC-0006496,LG-000639,Ownership Proof,1,0,0,2022-05-03,,Submitted
DOC-0006497,LG-000639,Compensation Document,1,1,0,2022-03-30,2022-04-25,Verified
DOC-0006498,LG-000639,Ownership Proof,1,0,0,2022-05-04,,Submitted
DOC-0006499,LG-000639,Survey Record,1,1,1,2022-05-15,2022-06-16,Verified
DOC-0006500,LG-000639,Survey Record,1,0,0,2022-05-13,,Submitted
DOC-0006501,LG-000639,Survey Record,1,0,0,2022-05-09,,Submitted
DOC-0006502,LG-000639,Identity Document,1,1,0,2022-05-13,2022-06-22,Verified
DOC-0006503,LG-000639,Identity Document,1,0,0,2022-03-27,,Submitted
DOC-0006504,LG-000639,Compensation Document,1,0,0,2022-04-17,,Submitted
DOC-0006505,LG-000640,Land Record,1,1,0,2020-05-01,2020-05-30,Verified
DOC-0006506,LG-000640,Compensation Document,1,1,0,2020-05-16,2020-06-09,Verified
DOC-0006507,LG-000640,Ownership Proof,1,1,1,2020-04-11,2020-05-16,Verified
DOC-0006508,LG-000640,Land Record,1,0,0,2020-05-25,,Submitted
DOC-0006509,LG-000640,Compensation Document,1,1,0,2020-04-30,2020-06-06,Verified
DOC-0006510,LG-000640,Ownership Proof,1,1,0,2020-05-25,2020-06-11,Verified
DOC-0006511,LG-000640,Ownership Proof,1,1,0,2020-05-29,2020-06-24,Verified
DOC-0006512,LG-000640,Land Record,1,1,0,2020-04-17,2020-05-04,Verified
DOC-0006513,LG-000640,Compensation Document,1,1,0,2020-05-05,2020-05-23,Verified
DOC-0006514,LG-000640,Compensation Document,1,0,0,2020-05-01,,Submitted
DOC-0006515,LG-000640,Identity Document,1,0,0,2020-05-04,,Submitted
DOC-0006516,LG-000641,Ownership Proof,1,1,0,2024-05-02,2024-05-26,Verified
DOC-0006517,LG-000641,Ownership Proof,1,1,0,2024-05-22,2024-06-19,Verified
DOC-0006518,LG-000641,Ownership Proof,0,0,0,,,Pending
DOC-0006519,LG-000641,Land Record,1,0,0,2024-04-12,,Submitted
DOC-0006520,LG-000641,Identity Document,0,0,1,,,Pending
DOC-0006521,LG-000641,Identity Document,0,0,1,,,Pending
DOC-0006522,LG-000641,Ownership Proof,1,0,1,2024-04-22,,Submitted
DOC-0006523,LG-000642,Survey Record,1,1,0,2022-08-04,2022-08-26,Verified
DOC-0006524,LG-000642,Ownership Proof,1,0,0,2022-08-04,,Submitted
DOC-0006525,LG-000642,Compensation Document,1,1,0,2022-07-27,2022-08-23,Verified
DOC-0006526,LG-000642,Identity Document,1,1,0,2022-07-22,2022-08-17,Verified
DOC-0006527,LG-000642,Identity Document,1,1,0,2022-08-22,2022-10-01,Verified
DOC-0006528,LG-000642,Ownership Proof,1,1,0,2022-07-17,2022-08-18,Verified
DOC-0006529,LG-000642,Compensation Document,1,1,1,2022-08-06,2022-09-14,Verified
DOC-0006530,LG-000642,Ownership Proof,1,1,0,2022-08-17,2022-09-20,Verified
DOC-0006531,LG-000642,Survey Record,1,1,0,2022-08-05,2022-09-06,Verified
DOC-0006532,LG-000643,Land Record,0,0,1,,,Pending
DOC-0006533,LG-000643,Land Record,0,0,0,,,Pending
DOC-0006534,LG-000643,Compensation Document,1,0,0,2021-04-09,,Submitted
DOC-0006535,LG-000643,Compensation Document,0,0,1,,,Pending
DOC-0006536,LG-000643,Ownership Proof,0,0,1,,,Pending
DOC-0006537,LG-000643,Compensation Document,1,1,1,2021-03-05,2021-03-26,Verified
DOC-0006538,LG-000643,Compensation Document,1,1,0,2021-03-01,2021-03-27,Verified
DOC-0006539,LG-000643,Survey Record,1,0,1,2021-04-16,,Submitted
DOC-0006540,LG-000643,Ownership Proof,1,1,0,2021-04-12,2021-05-19,Verified
DOC-0006541,LG-000643,Compensation Document,1,1,0,2021-02-21,2021-03-03,Verified
DOC-0006542,LG-000643,Compensation Document,1,1,0,2021-03-01,2021-04-10,Verified
DOC-0006543,LG-000643,Identity Document,1,1,1,2021-03-19,2021-04-07,Verified
DOC-0006544,LG-000643,Land Record,1,1,1,2021-03-18,2021-04-03,Verified
DOC-0006545,LG-000644,Ownership Proof,1,0,0,2024-11-24,,Submitted
DOC-0006546,LG-000644,Survey Record,1,1,0,2024-12-12,2024-12-28,Verified
DOC-0006547,LG-000644,Survey Record,1,1,0,2024-11-22,2024-12-26,Verified
DOC-0006548,LG-000644,Survey Record,1,0,0,2024-11-29,,Submitted
DOC-0006549,LG-000644,Identity Document,1,1,0,2024-12-16,2025-01-13,Verified
DOC-0006550,LG-000644,Land Record,0,0,0,,,Pending
DOC-0006551,LG-000644,Survey Record,0,0,0,,,Pending
DOC-0006552,LG-000644,Ownership Proof,1,1,1,2024-11-30,2024-12-22,Verified
DOC-0006553,LG-000644,Land Record,1,1,0,2024-11-24,2024-12-14,Verified
DOC-0006554,LG-000645,Land Record,1,0,0,2022-04-25,,Submitted
DOC-0006555,LG-000645,Survey Record,1,1,0,2022-05-09,2022-06-03,Verified
DOC-0006556,LG-000645,Identity Document,1,1,1,2022-04-15,2022-05-03,Verified
DOC-0006557,LG-000645,Identity Document,1,1,0,2022-04-27,2022-06-06,Verified
DOC-0006558,LG-000645,Land Record,1,1,1,2022-05-21,2022-06-09,Verified
DOC-0006559,LG-000645,Land Record,0,0,0,,,Pending
DOC-0006560,LG-000645,Survey Record,1,1,1,2022-05-26,2022-06-11,Verified
DOC-0006561,LG-000645,Ownership Proof,0,0,1,,,Pending
DOC-0006562,LG-000645,Survey Record,1,0,1,2022-05-17,,Submitted
DOC-0006563,LG-000646,Survey Record,1,1,0,2023-11-13,2023-12-02,Verified
DOC-0006564,LG-000646,Survey Record,1,0,0,2023-12-05,,Submitted
DOC-0006565,LG-000646,Identity Document,1,1,1,2023-12-12,2024-01-06,Verified
DOC-0006566,LG-000646,Identity Document,0,0,0,,,Pending
DOC-0006567,LG-000646,Compensation Document,1,0,0,2023-12-28,,Submitted
DOC-0006568,LG-000646,Survey Record,1,1,0,2023-11-18,2023-12-18,Verified
DOC-0006569,LG-000646,Survey Record,0,0,0,,,Pending
DOC-0006570,LG-000646,Identity Document,1,1,1,2023-11-20,2023-12-05,Verified
DOC-0006571,LG-000646,Identity Document,1,1,0,2024-01-03,2024-01-26,Verified
DOC-0006572,LG-000646,Compensation Document,1,1,0,2023-12-29,2024-01-17,Verified
DOC-0006573,LG-000646,Compensation Document,0,0,1,,,Pending
DOC-0006574,LG-000646,Land Record,0,0,0,,,Pending
DOC-0006575,LG-000647,Survey Record,1,1,0,2023-11-27,2023-12-20,Verified
DOC-0006576,LG-000647,Compensation Document,1,0,0,2024-01-15,,Submitted
DOC-0006577,LG-000647,Identity Document,1,0,0,2023-11-29,,Submitted
DOC-0006578,LG-000647,Identity Document,1,1,0,2024-01-04,2024-01-30,Verified
DOC-0006579,LG-000647,Ownership Proof,1,1,0,2024-01-14,2024-02-20,Verified
DOC-0006580,LG-000647,Ownership Proof,1,1,0,2024-01-19,2024-02-14,Verified
DOC-0006581,LG-000647,Land Record,1,0,0,2023-12-25,,Submitted
DOC-0006582,LG-000647,Land Record,1,1,0,2023-12-18,2024-01-15,Verified
DOC-0006583,LG-000647,Identity Document,1,0,0,2024-01-17,,Submitted
DOC-0006584,LG-000647,Survey Record,1,1,0,2023-12-15,2023-12-27,Verified
DOC-0006585,LG-000647,Ownership Proof,1,0,0,2023-12-26,,Submitted
DOC-0006586,LG-000647,Compensation Document,1,1,0,2024-01-15,2024-02-18,Verified
DOC-0006587,LG-000647,Compensation Document,1,0,0,2024-01-06,,Submitted
DOC-0006588,LG-000647,Land Record,1,0,0,2023-12-05,,Submitted
DOC-0006589,LG-000648,Survey Record,1,1,0,2020-10-23,2020-11-09,Verified
DOC-0006590,LG-000648,Identity Document,1,1,0,2020-10-17,2020-10-30,Verified
DOC-0006591,LG-000648,Survey Record,1,1,0,2020-10-14,2020-10-25,Verified
DOC-0006592,LG-000648,Land Record,1,1,0,2020-11-02,2020-12-09,Verified
DOC-0006593,LG-000648,Land Record,0,0,0,,,Pending
DOC-0006594,LG-000649,Land Record,1,1,0,2020-11-20,2020-12-19,Verified
DOC-0006595,LG-000649,Identity Document,1,0,0,2020-11-17,,Submitted
DOC-0006596,LG-000649,Identity Document,0,0,1,,,Pending
DOC-0006597,LG-000649,Identity Document,1,1,0,2020-11-09,2020-12-10,Verified
DOC-0006598,LG-000649,Land Record,1,1,1,2020-12-07,2020-12-20,Verified
DOC-0006599,LG-000649,Ownership Proof,1,0,1,2020-12-07,,Submitted
DOC-0006600,LG-000650,Ownership Proof,1,1,0,2018-02-18,2018-03-01,Verified
DOC-0006601,LG-000650,Compensation Document,0,0,0,,,Pending
DOC-0006602,LG-000650,Survey Record,1,1,0,2018-02-05,2018-03-11,Verified
DOC-0006603,LG-000650,Land Record,1,1,0,2018-03-10,2018-04-01,Verified
DOC-0006604,LG-000650,Identity Document,0,0,1,,,Pending
DOC-0006605,LG-000650,Land Record,0,0,0,,,Pending
DOC-0006606,LG-000650,Land Record,1,1,0,2018-02-09,2018-03-13,Verified
DOC-0006607,LG-000651,Compensation Document,1,1,1,2018-08-31,2018-10-09,Verified
DOC-0006608,LG-000651,Compensation Document,1,0,1,2018-08-23,,Submitted
DOC-0006609,LG-000651,Ownership Proof,1,1,0,2018-09-16,2018-10-01,Verified
DOC-0006610,LG-000651,Ownership Proof,1,1,0,2018-08-25,2018-09-21,Verified
DOC-0006611,LG-000651,Identity Document,1,1,1,2018-09-17,2018-10-01,Verified
DOC-0006612,LG-000652,Compensation Document,1,0,0,2018-03-05,,Submitted
DOC-0006613,LG-000652,Survey Record,1,0,0,2018-03-04,,Submitted
DOC-0006614,LG-000652,Compensation Document,1,0,0,2018-03-04,,Submitted
DOC-0006615,LG-000652,Land Record,0,0,0,,,Pending
DOC-0006616,LG-000652,Land Record,1,1,0,2018-03-02,2018-03-30,Verified
DOC-0006617,LG-000652,Land Record,1,1,0,2018-02-12,2018-03-13,Verified
DOC-0006618,LG-000652,Compensation Document,1,1,0,2018-02-17,2018-03-12,Verified
DOC-0006619,LG-000652,Land Record,1,1,0,2018-02-16,2018-03-10,Verified
DOC-0006620,LG-000652,Ownership Proof,1,1,0,2018-02-09,2018-02-25,Verified
DOC-0006621,LG-000652,Compensation Document,1,0,0,2018-01-20,,Submitted
DOC-0006622,LG-000652,Ownership Proof,1,1,0,2018-03-05,2018-03-19,Verified
DOC-0006623,LG-000652,Compensation Document,1,0,0,2018-02-27,,Submitted
DOC-0006624,LG-000652,Compensation Document,1,1,0,2018-02-18,2018-03-03,Verified
DOC-0006625,LG-000652,Identity Document,1,1,0,2018-03-02,2018-03-13,Verified
DOC-0006626,LG-000652,Compensation Document,1,1,0,2018-01-20,2018-02-06,Verified
DOC-0006627,LG-000653,Ownership Proof,1,0,1,2020-02-04,,Submitted
DOC-0006628,LG-000653,Survey Record,1,1,1,2020-02-03,2020-03-14,Verified
DOC-0006629,LG-000653,Compensation Document,1,1,0,2020-02-17,2020-03-07,Verified
DOC-0006630,LG-000653,Land Record,1,1,1,2020-01-24,2020-03-04,Verified
DOC-0006631,LG-000653,Compensation Document,1,0,0,2020-02-24,,Submitted
DOC-0006632,LG-000653,Land Record,1,0,0,2020-01-25,,Submitted
DOC-0006633,LG-000653,Identity Document,1,0,0,2020-01-22,,Submitted
DOC-0006634,LG-000653,Land Record,1,1,0,2020-01-02,2020-01-20,Verified
DOC-0006635,LG-000654,Land Record,1,0,0,2021-11-07,,Submitted
DOC-0006636,LG-000654,Land Record,1,1,0,2021-12-11,2022-01-13,Verified
DOC-0006637,LG-000654,Ownership Proof,0,0,1,,,Pending
DOC-0006638,LG-000654,Ownership Proof,1,0,1,2021-11-20,,Submitted
DOC-0006639,LG-000654,Compensation Document,1,1,1,2021-12-20,2022-01-07,Verified
DOC-0006640,LG-000654,Ownership Proof,1,1,0,2021-12-13,2022-01-16,Verified
DOC-0006641,LG-000655,Land Record,1,1,1,2023-08-08,2023-08-18,Verified
DOC-0006642,LG-000655,Survey Record,1,1,0,2023-08-04,2023-08-16,Verified
DOC-0006643,LG-000655,Compensation Document,1,0,0,2023-07-13,,Submitted
DOC-0006644,LG-000655,Compensation Document,1,1,0,2023-07-25,2023-08-05,Verified
DOC-0006645,LG-000655,Survey Record,1,0,0,2023-08-06,,Submitted
DOC-0006646,LG-000655,Land Record,1,1,0,2023-07-25,2023-08-05,Verified
DOC-0006647,LG-000655,Ownership Proof,1,1,0,2023-08-12,2023-08-26,Verified
DOC-0006648,LG-000655,Compensation Document,0,0,0,,,Pending
DOC-0006649,LG-000656,Survey Record,1,0,0,2018-09-27,,Submitted
DOC-0006650,LG-000656,Compensation Document,1,0,0,2018-10-13,,Submitted
DOC-0006651,LG-000656,Ownership Proof,1,1,0,2018-10-05,2018-10-29,Verified
DOC-0006652,LG-000656,Land Record,1,1,0,2018-10-30,2018-11-18,Verified
DOC-0006653,LG-000656,Land Record,1,1,0,2018-09-24,2018-11-01,Verified
DOC-0006654,LG-000656,Compensation Document,1,0,0,2018-10-11,,Submitted
DOC-0006655,LG-000656,Compensation Document,0,0,0,,,Pending
DOC-0006656,LG-000656,Land Record,1,0,0,2018-09-30,,Submitted
DOC-0006657,LG-000656,Land Record,1,0,1,2018-09-30,,Submitted
DOC-0006658,LG-000656,Compensation Document,1,1,0,2018-10-25,2018-11-24,Verified
DOC-0006659,LG-000656,Survey Record,0,0,0,,,Pending
DOC-0006660,LG-000656,Ownership Proof,1,1,0,2018-09-20,2018-10-24,Verified
DOC-0006661,LG-000656,Survey Record,1,1,0,2018-10-26,2018-12-04,Verified
DOC-0006662,LG-000656,Compensation Document,1,0,0,2018-09-25,,Submitted
DOC-0006663,LG-000656,Survey Record,1,1,0,2018-09-24,2018-10-26,Verified
DOC-0006664,LG-000657,Survey Record,1,1,0,2020-12-04,2021-01-05,Verified
DOC-0006665,LG-000657,Ownership Proof,1,1,0,2020-12-20,2021-01-05,Verified
DOC-0006666,LG-000657,Identity Document,1,1,0,2020-12-05,2020-12-23,Verified
DOC-0006667,LG-000657,Survey Record,1,1,0,2020-11-07,2020-11-29,Verified
DOC-0006668,LG-000657,Survey Record,1,0,0,2020-12-04,,Submitted
DOC-0006669,LG-000657,Identity Document,1,1,0,2020-12-10,2020-12-23,Verified
DOC-0006670,LG-000657,Land Record,1,1,0,2020-11-02,2020-11-16,Verified
DOC-0006671,LG-000657,Ownership Proof,1,0,0,2020-11-23,,Submitted
DOC-0006672,LG-000657,Survey Record,1,0,0,2020-12-06,,Submitted
DOC-0006673,LG-000657,Ownership Proof,1,1,0,2020-12-23,2021-01-28,Verified
DOC-0006674,LG-000657,Ownership Proof,1,0,0,2020-12-21,,Submitted
DOC-0006675,LG-000658,Ownership Proof,1,0,0,2021-09-30,,Submitted
DOC-0006676,LG-000658,Survey Record,1,1,0,2021-10-01,2021-10-15,Verified
DOC-0006677,LG-000658,Land Record,1,1,0,2021-10-07,2021-11-15,Verified
DOC-0006678,LG-000658,Ownership Proof,1,1,0,2021-09-24,2021-10-25,Verified
DOC-0006679,LG-000658,Identity Document,1,0,0,2021-09-26,,Submitted
DOC-0006680,LG-000658,Identity Document,1,1,1,2021-10-24,2021-11-23,Verified
DOC-0006681,LG-000659,Ownership Proof,1,1,0,2022-08-10,2022-09-09,Verified
DOC-0006682,LG-000659,Identity Document,1,1,0,2022-07-25,2022-08-27,Verified
DOC-0006683,LG-000659,Survey Record,1,1,0,2022-07-23,2022-08-21,Verified
DOC-0006684,LG-000659,Ownership Proof,1,1,0,2022-06-21,2022-07-30,Verified
DOC-0006685,LG-000659,Survey Record,1,1,0,2022-07-01,2022-08-01,Verified
DOC-0006686,LG-000659,Survey Record,1,1,0,2022-07-29,2022-08-18,Verified
DOC-0006687,LG-000659,Survey Record,1,1,0,2022-07-11,2022-08-10,Verified
DOC-0006688,LG-000659,Survey Record,1,1,0,2022-08-03,2022-09-03,Verified
DOC-0006689,LG-000660,Survey Record,1,0,1,2019-04-01,,Submitted
DOC-0006690,LG-000660,Compensation Document,1,1,0,2019-02-17,2019-03-06,Verified
DOC-0006691,LG-000660,Survey Record,1,1,1,2019-03-08,2019-03-29,Verified
DOC-0006692,LG-000660,Identity Document,1,1,1,2019-02-27,2019-03-12,Verified
DOC-0006693,LG-000660,Ownership Proof,1,0,0,2019-02-21,,Submitted
DOC-0006694,LG-000660,Survey Record,1,0,1,2019-04-09,,Submitted
DOC-0006695,LG-000660,Land Record,0,0,0,,,Pending
DOC-0006696,LG-000660,Ownership Proof,1,1,1,2019-04-03,2019-04-21,Verified
DOC-0006697,LG-000660,Compensation Document,1,0,0,2019-04-01,,Submitted
DOC-0006698,LG-000660,Land Record,1,1,0,2019-02-19,2019-03-21,Verified
DOC-0006699,LG-000660,Ownership Proof,1,1,0,2019-03-27,2019-05-02,Verified
DOC-0006700,LG-000660,Compensation Document,1,1,1,2019-03-30,2019-04-16,Verified
DOC-0006701,LG-000660,Land Record,1,0,0,2019-03-22,,Submitted
DOC-0006702,LG-000660,Compensation Document,1,1,1,2019-03-30,2019-04-25,Verified
DOC-0006703,LG-000660,Compensation Document,0,0,0,,,Pending
DOC-0006704,LG-000661,Land Record,1,1,0,2019-12-22,2020-01-14,Verified
DOC-0006705,LG-000661,Compensation Document,0,0,0,,,Pending
DOC-0006706,LG-000661,Compensation Document,1,0,0,2019-12-31,,Submitted
DOC-0006707,LG-000661,Compensation Document,1,1,0,2019-12-25,2020-01-22,Verified
DOC-0006708,LG-000661,Identity Document,1,0,1,2020-02-03,,Submitted
DOC-0006709,LG-000661,Compensation Document,1,1,1,2020-01-14,2020-02-20,Verified
DOC-0006710,LG-000661,Land Record,1,1,0,2020-02-04,2020-03-12,Verified
DOC-0006711,LG-000661,Land Record,1,1,0,2019-12-24,2020-01-15,Verified
DOC-0006712,LG-000661,Land Record,0,0,0,,,Pending
DOC-0006713,LG-000661,Land Record,1,1,0,2020-01-05,2020-01-20,Verified
DOC-0006714,LG-000661,Survey Record,1,1,0,2020-01-13,2020-01-28,Verified
DOC-0006715,LG-000661,Compensation Document,1,1,0,2020-01-05,2020-01-20,Verified
DOC-0006716,LG-000662,Land Record,1,0,0,2021-03-16,,Submitted
DOC-0006717,LG-000662,Survey Record,1,1,1,2021-04-06,2021-05-05,Verified
DOC-0006718,LG-000662,Compensation Document,1,1,1,2021-03-20,2021-03-30,Verified
DOC-0006719,LG-000662,Compensation Document,0,0,1,,,Pending
DOC-0006720,LG-000662,Identity Document,0,0,0,,,Pending
DOC-0006721,LG-000662,Identity Document,1,1,0,2021-03-22,2021-04-17,Verified
DOC-0006722,LG-000662,Ownership Proof,1,1,1,2021-04-25,2021-05-31,Verified
DOC-0006723,LG-000662,Compensation Document,1,1,0,2021-04-26,2021-06-03,Verified
DOC-0006724,LG-000662,Identity Document,1,0,1,2021-04-24,,Submitted
DOC-0006725,LG-000662,Identity Document,1,0,1,2021-04-08,,Submitted
DOC-0006726,LG-000662,Survey Record,1,0,1,2021-04-16,,Submitted
DOC-0006727,LG-000662,Identity Document,1,1,0,2021-04-06,2021-04-28,Verified
DOC-0006728,LG-000662,Survey Record,0,0,0,,,Pending
DOC-0006729,LG-000662,Compensation Document,0,0,0,,,Pending
DOC-0006730,LG-000662,Ownership Proof,0,0,1,,,Pending
DOC-0006731,LG-000663,Identity Document,1,1,0,2021-03-04,2021-03-20,Verified
DOC-0006732,LG-000663,Land Record,1,0,0,2021-03-08,,Submitted
DOC-0006733,LG-000663,Land Record,1,1,1,2021-04-13,2021-05-20,Verified
DOC-0006734,LG-000663,Survey Record,1,1,1,2021-03-05,2021-04-01,Verified
DOC-0006735,LG-000663,Identity Document,0,0,1,,,Pending
DOC-0006736,LG-000663,Identity Document,0,0,0,,,Pending
DOC-0006737,LG-000663,Ownership Proof,1,1,1,2021-03-26,2021-04-19,Verified
DOC-0006738,LG-000663,Identity Document,1,0,0,2021-03-23,,Submitted
DOC-0006739,LG-000663,Compensation Document,1,1,1,2021-04-15,2021-05-24,Verified
DOC-0006740,LG-000663,Ownership Proof,0,0,1,,,Pending
DOC-0006741,LG-000663,Ownership Proof,1,0,0,2021-03-01,,Submitted
DOC-0006742,LG-000663,Survey Record,1,0,1,2021-04-02,,Submitted
DOC-0006743,LG-000664,Land Record,1,0,0,2023-12-02,,Submitted
DOC-0006744,LG-000664,Compensation Document,1,0,0,2023-12-25,,Submitted
DOC-0006745,LG-000664,Land Record,1,0,0,2024-01-02,,Submitted
DOC-0006746,LG-000664,Ownership Proof,1,0,0,2023-11-29,,Submitted
DOC-0006747,LG-000664,Ownership Proof,1,1,0,2023-11-23,2023-12-08,Verified
DOC-0006748,LG-000664,Identity Document,1,1,0,2024-01-01,2024-01-16,Verified
DOC-0006749,LG-000664,Land Record,1,0,0,2023-11-17,,Submitted
DOC-0006750,LG-000664,Land Record,1,0,0,2023-11-27,,Submitted
DOC-0006751,LG-000664,Ownership Proof,1,1,0,2024-01-03,2024-02-08,Verified
DOC-0006752,LG-000664,Ownership Proof,1,1,0,2023-12-28,2024-01-11,Verified
DOC-0006753,LG-000664,Compensation Document,1,1,0,2023-12-09,2024-01-04,Verified
DOC-0006754,LG-000665,Survey Record,1,0,0,2019-01-17,,Submitted
DOC-0006755,LG-000665,Land Record,1,1,0,2019-01-29,2019-02-08,Verified
DOC-0006756,LG-000665,Compensation Document,1,1,0,2018-12-21,2019-01-10,Verified
DOC-0006757,LG-000665,Compensation Document,1,1,0,2019-01-24,2019-02-27,Verified
DOC-0006758,LG-000665,Compensation Document,1,1,0,2019-02-05,2019-03-17,Verified
DOC-0006759,LG-000665,Land Record,0,0,0,,,Pending
DOC-0006760,LG-000665,Survey Record,1,1,0,2019-01-09,2019-01-31,Verified
DOC-0006761,LG-000665,Compensation Document,1,0,0,2019-01-26,,Submitted
DOC-0006762,LG-000665,Survey Record,1,1,0,2018-12-26,2019-01-07,Verified
DOC-0006763,LG-000665,Compensation Document,1,0,0,2018-12-23,,Submitted
DOC-0006764,LG-000665,Compensation Document,1,1,0,2019-01-10,2019-01-26,Verified
DOC-0006765,LG-000665,Ownership Proof,1,0,0,2019-01-14,,Submitted
DOC-0006766,LG-000666,Identity Document,1,1,1,2018-02-16,2018-03-21,Verified
DOC-0006767,LG-000666,Identity Document,1,1,1,2018-02-20,2018-03-26,Verified
DOC-0006768,LG-000666,Ownership Proof,0,0,0,,,Pending
DOC-0006769,LG-000666,Survey Record,1,1,0,2018-02-13,2018-02-28,Verified
DOC-0006770,LG-000666,Land Record,1,1,0,2018-03-07,2018-04-13,Verified
DOC-0006771,LG-000666,Compensation Document,1,1,0,2018-03-13,2018-04-18,Verified
DOC-0006772,LG-000666,Survey Record,0,0,1,,,Pending
DOC-0006773,LG-000666,Survey Record,1,1,0,2018-01-26,2018-02-19,Verified
DOC-0006774,LG-000666,Identity Document,0,0,1,,,Pending
DOC-0006775,LG-000666,Identity Document,1,1,0,2018-02-11,2018-03-16,Verified
DOC-0006776,LG-000666,Ownership Proof,1,1,1,2018-02-15,2018-03-08,Verified
DOC-0006777,LG-000666,Identity Document,1,1,1,2018-01-29,2018-02-21,Verified
DOC-0006778,LG-000667,Compensation Document,1,1,0,2021-07-25,2021-08-31,Verified
DOC-0006779,LG-000667,Identity Document,1,1,0,2021-06-28,2021-07-26,Verified
DOC-0006780,LG-000667,Survey Record,1,1,0,2021-06-18,2021-07-04,Verified
DOC-0006781,LG-000667,Land Record,1,1,0,2021-07-21,2021-08-06,Verified
DOC-0006782,LG-000667,Survey Record,1,0,0,2021-06-17,,Submitted
DOC-0006783,LG-000667,Compensation Document,1,0,1,2021-07-28,,Submitted
DOC-0006784,LG-000667,Ownership Proof,1,1,1,2021-07-04,2021-08-06,Verified
DOC-0006785,LG-000667,Identity Document,1,0,0,2021-07-13,,Submitted
DOC-0006786,LG-000667,Ownership Proof,1,0,0,2021-07-08,,Submitted
DOC-0006787,LG-000667,Identity Document,1,1,0,2021-07-27,2021-08-25,Verified
DOC-0006788,LG-000667,Survey Record,1,0,0,2021-07-13,,Submitted
DOC-0006789,LG-000667,Ownership Proof,1,1,0,2021-07-09,2021-08-07,Verified
DOC-0006790,LG-000667,Identity Document,1,1,0,2021-07-06,2021-08-03,Verified
DOC-0006791,LG-000668,Ownership Proof,1,1,0,2021-04-14,2021-05-10,Verified
DOC-0006792,LG-000668,Land Record,1,1,0,2021-05-13,2021-06-17,Verified
DOC-0006793,LG-000668,Survey Record,1,1,0,2021-04-20,2021-05-07,Verified
DOC-0006794,LG-000668,Identity Document,1,0,0,2021-05-16,,Submitted
DOC-0006795,LG-000668,Identity Document,1,1,1,2021-04-28,2021-05-23,Verified
DOC-0006796,LG-000668,Ownership Proof,1,1,0,2021-04-29,2021-06-01,Verified
DOC-0006797,LG-000668,Survey Record,1,1,0,2021-05-19,2021-06-26,Verified
DOC-0006798,LG-000669,Ownership Proof,1,1,0,2024-03-22,2024-04-27,Verified
DOC-0006799,LG-000669,Identity Document,1,1,0,2024-04-11,2024-05-11,Verified
DOC-0006800,LG-000669,Survey Record,0,0,0,,,Pending
DOC-0006801,LG-000669,Land Record,1,1,0,2024-05-05,2024-05-30,Verified
DOC-0006802,LG-000669,Identity Document,1,1,0,2024-05-06,2024-05-16,Verified
DOC-0006803,LG-000669,Ownership Proof,1,1,0,2024-03-19,2024-04-24,Verified
DOC-0006804,LG-000669,Survey Record,1,0,0,2024-03-25,,Submitted
DOC-0006805,LG-000670,Identity Document,1,1,0,2021-12-15,2021-12-31,Verified
DOC-0006806,LG-000670,Survey Record,1,1,0,2021-11-09,2021-12-17,Verified
DOC-0006807,LG-000670,Land Record,1,0,0,2021-11-06,,Submitted
DOC-0006808,LG-000670,Survey Record,1,1,0,2021-12-17,2022-01-15,Verified
DOC-0006809,LG-000670,Survey Record,1,1,0,2021-12-16,2022-01-16,Verified
DOC-0006810,LG-000670,Ownership Proof,1,1,0,2021-12-20,2022-01-14,Verified
DOC-0006811,LG-000670,Ownership Proof,1,0,0,2021-11-09,,Submitted
DOC-0006812,LG-000670,Land Record,1,0,0,2021-12-16,,Submitted
DOC-0006813,LG-000670,Identity Document,1,1,0,2021-12-23,2022-01-08,Verified
DOC-0006814,LG-000670,Survey Record,1,1,0,2021-12-08,2022-01-09,Verified
DOC-0006815,LG-000670,Identity Document,1,1,0,2021-11-19,2021-12-25,Verified
DOC-0006816,LG-000670,Land Record,1,1,0,2021-11-17,2021-12-08,Verified
DOC-0006817,LG-000670,Compensation Document,1,0,0,2021-11-05,,Submitted
DOC-0006818,LG-000670,Survey Record,1,1,0,2021-11-23,2021-12-24,Verified
DOC-0006819,LG-000671,Land Record,1,1,0,2022-07-03,2022-07-17,Verified
DOC-0006820,LG-000671,Compensation Document,0,0,0,,,Pending
DOC-0006821,LG-000671,Compensation Document,1,1,0,2022-06-26,2022-07-13,Verified
DOC-0006822,LG-000671,Land Record,1,0,0,2022-05-31,,Submitted
DOC-0006823,LG-000671,Ownership Proof,1,1,0,2022-05-14,2022-06-23,Verified
DOC-0006824,LG-000671,Ownership Proof,1,1,0,2022-05-16,2022-06-19,Verified
DOC-0006825,LG-000671,Land Record,1,0,1,2022-05-10,,Submitted
DOC-0006826,LG-000671,Land Record,1,1,0,2022-05-21,2022-06-27,Verified
DOC-0006827,LG-000671,Identity Document,0,0,1,,,Pending
DOC-0006828,LG-000672,Compensation Document,0,0,1,,,Pending
DOC-0006829,LG-000672,Survey Record,0,0,1,,,Pending
DOC-0006830,LG-000672,Compensation Document,0,0,1,,,Pending
DOC-0006831,LG-000672,Land Record,1,1,0,2020-09-28,2020-11-02,Verified
DOC-0006832,LG-000672,Land Record,1,0,0,2020-08-14,,Submitted
DOC-0006833,LG-000672,Compensation Document,1,1,1,2020-08-27,2020-09-15,Verified
DOC-0006834,LG-000673,Survey Record,1,1,0,2020-12-20,2021-01-29,Verified
DOC-0006835,LG-000673,Compensation Document,1,1,1,2021-01-16,2021-02-04,Verified
DOC-0006836,LG-000673,Identity Document,0,0,0,,,Pending
DOC-0006837,LG-000673,Identity Document,1,0,0,2021-01-25,,Submitted
DOC-0006838,LG-000673,Land Record,1,1,0,2021-02-08,2021-03-19,Verified
DOC-0006839,LG-000673,Survey Record,0,0,0,,,Pending
DOC-0006840,LG-000673,Land Record,1,1,1,2021-01-30,2021-02-18,Verified
DOC-0006841,LG-000673,Survey Record,1,1,0,2021-01-06,2021-02-15,Verified
DOC-0006842,LG-000673,Survey Record,1,1,0,2021-01-09,2021-02-02,Verified
DOC-0006843,LG-000673,Land Record,1,1,1,2021-02-05,2021-02-21,Verified
DOC-0006844,LG-000673,Land Record,1,1,0,2021-01-16,2021-02-11,Verified
DOC-0006845,LG-000673,Land Record,1,0,0,2021-01-24,,Submitted
DOC-0006846,LG-000673,Compensation Document,1,1,0,2021-01-06,2021-02-05,Verified
DOC-0006847,LG-000673,Compensation Document,1,0,1,2020-12-29,,Submitted
DOC-0006848,LG-000673,Identity Document,1,1,0,2021-02-04,2021-02-17,Verified
DOC-0006849,LG-000674,Compensation Document,1,0,0,2023-11-21,,Submitted
DOC-0006850,LG-000674,Compensation Document,1,0,1,2023-12-14,,Submitted
DOC-0006851,LG-000674,Land Record,1,0,0,2023-11-06,,Submitted
DOC-0006852,LG-000674,Survey Record,1,1,0,2023-11-27,2023-12-27,Verified
DOC-0006853,LG-000674,Land Record,1,1,0,2023-11-23,2023-12-16,Verified
DOC-0006854,LG-000674,Survey Record,1,1,0,2023-12-17,2024-01-01,Verified
DOC-0006855,LG-000674,Compensation Document,1,0,0,2023-11-18,,Submitted
DOC-0006856,LG-000674,Survey Record,1,0,0,2023-11-18,,Submitted
DOC-0006857,LG-000674,Survey Record,1,1,1,2023-12-16,2024-01-06,Verified
DOC-0006858,LG-000674,Ownership Proof,1,1,0,2023-12-04,2023-12-18,Verified
DOC-0006859,LG-000674,Compensation Document,1,0,0,2023-12-10,,Submitted
DOC-0006860,LG-000674,Survey Record,1,1,1,2023-11-17,2023-12-26,Verified
DOC-0006861,LG-000675,Ownership Proof,1,0,0,2018-12-21,,Submitted
DOC-0006862,LG-000675,Land Record,1,1,1,2018-11-22,2018-12-19,Verified
DOC-0006863,LG-000675,Survey Record,1,1,0,2018-11-20,2018-12-23,Verified
DOC-0006864,LG-000675,Compensation Document,1,0,0,2018-12-26,,Submitted
DOC-0006865,LG-000675,Survey Record,1,0,0,2018-12-10,,Submitted
DOC-0006866,LG-000676,Survey Record,1,0,0,2018-10-05,,Submitted
DOC-0006867,LG-000676,Identity Document,1,1,0,2018-09-16,2018-09-29,Verified
DOC-0006868,LG-000676,Land Record,1,1,1,2018-10-13,2018-11-04,Verified
DOC-0006869,LG-000676,Compensation Document,1,1,0,2018-09-30,2018-10-21,Verified
DOC-0006870,LG-000676,Identity Document,1,0,0,2018-10-19,,Submitted
DOC-0006871,LG-000676,Survey Record,1,1,1,2018-09-13,2018-10-20,Verified
DOC-0006872,LG-000676,Land Record,1,1,0,2018-10-04,2018-10-16,Verified
DOC-0006873,LG-000676,Compensation Document,1,1,0,2018-10-30,2018-11-30,Verified
DOC-0006874,LG-000676,Ownership Proof,1,0,1,2018-10-15,,Submitted
DOC-0006875,LG-000676,Survey Record,1,1,0,2018-10-07,2018-10-21,Verified
DOC-0006876,LG-000676,Ownership Proof,1,1,0,2018-10-12,2018-10-24,Verified
DOC-0006877,LG-000676,Survey Record,1,1,0,2018-10-24,2018-11-16,Verified
DOC-0006878,LG-000677,Identity Document,1,1,0,2024-06-02,2024-06-13,Verified
DOC-0006879,LG-000677,Survey Record,1,1,0,2024-06-03,2024-06-13,Verified
DOC-0006880,LG-000677,Survey Record,1,1,0,2024-05-11,2024-06-09,Verified
DOC-0006881,LG-000677,Land Record,1,1,0,2024-05-13,2024-06-21,Verified
DOC-0006882,LG-000677,Ownership Proof,1,1,0,2024-05-25,2024-06-22,Verified
DOC-0006883,LG-000677,Land Record,1,0,0,2024-06-02,,Submitted
DOC-0006884,LG-000677,Survey Record,1,1,0,2024-05-15,2024-06-24,Verified
DOC-0006885,LG-000677,Identity Document,1,0,0,2024-05-17,,Submitted
DOC-0006886,LG-000677,Survey Record,1,1,0,2024-06-16,2024-07-24,Verified
DOC-0006887,LG-000677,Compensation Document,1,1,0,2024-05-26,2024-06-21,Verified
DOC-0006888,LG-000677,Ownership Proof,1,1,0,2024-04-25,2024-06-02,Verified
DOC-0006889,LG-000677,Ownership Proof,1,1,0,2024-05-12,2024-06-04,Verified
DOC-0006890,LG-000678,Compensation Document,1,1,0,2023-07-02,2023-08-07,Verified
DOC-0006891,LG-000678,Survey Record,0,0,1,,,Pending
DOC-0006892,LG-000678,Compensation Document,1,1,0,2023-05-30,2023-06-21,Verified
DOC-0006893,LG-000678,Land Record,1,0,0,2023-06-30,,Submitted
DOC-0006894,LG-000678,Land Record,1,1,0,2023-05-22,2023-06-04,Verified
DOC-0006895,LG-000679,Identity Document,0,0,0,,,Pending
DOC-0006896,LG-000679,Land Record,1,1,0,2024-01-06,2024-01-31,Verified
DOC-0006897,LG-000679,Land Record,1,1,0,2023-12-21,2024-01-20,Verified
DOC-0006898,LG-000679,Survey Record,1,1,0,2023-12-04,2024-01-12,Verified
DOC-0006899,LG-000679,Compensation Document,1,1,1,2024-01-18,2024-02-14,Verified
DOC-0006900,LG-000679,Compensation Document,1,0,0,2024-01-20,,Submitted
DOC-0006901,LG-000680,Land Record,1,1,0,2018-10-03,2018-10-24,Verified
DOC-0006902,LG-000680,Land Record,1,0,0,2018-08-16,,Submitted
DOC-0006903,LG-000680,Survey Record,1,1,0,2018-08-25,2018-09-06,Verified
DOC-0006904,LG-000680,Land Record,1,1,0,2018-10-03,2018-11-07,Verified
DOC-0006905,LG-000680,Ownership Proof,1,0,0,2018-10-04,,Submitted
DOC-0006906,LG-000680,Compensation Document,1,1,0,2018-08-12,2018-09-18,Verified
DOC-0006907,LG-000680,Compensation Document,1,0,0,2018-10-04,,Submitted
DOC-0006908,LG-000680,Compensation Document,1,1,0,2018-08-29,2018-10-06,Verified
DOC-0006909,LG-000680,Identity Document,1,1,0,2018-09-04,2018-10-07,Verified
DOC-0006910,LG-000680,Compensation Document,1,1,0,2018-09-23,2018-10-21,Verified
DOC-0006911,LG-000680,Compensation Document,1,1,0,2018-10-06,2018-10-30,Verified
DOC-0006912,LG-000680,Identity Document,1,0,0,2018-09-08,,Submitted
DOC-0006913,LG-000680,Survey Record,1,1,0,2018-09-18,2018-10-26,Verified
DOC-0006914,LG-000680,Ownership Proof,1,1,1,2018-09-01,2018-09-28,Verified
DOC-0006915,LG-000681,Ownership Proof,1,1,0,2018-08-05,2018-08-16,Verified
DOC-0006916,LG-000681,Land Record,0,0,0,,,Pending
DOC-0006917,LG-000681,Land Record,1,1,1,2018-08-12,2018-08-22,Verified
DOC-0006918,LG-000681,Ownership Proof,1,1,1,2018-08-29,2018-09-21,Verified
DOC-0006919,LG-000681,Survey Record,1,1,1,2018-08-31,2018-10-08,Verified
DOC-0006920,LG-000681,Survey Record,1,0,0,2018-08-06,,Submitted
DOC-0006921,LG-000681,Land Record,1,0,0,2018-07-28,,Submitted
DOC-0006922,LG-000681,Identity Document,1,0,1,2018-09-16,,Submitted
DOC-0006923,LG-000681,Ownership Proof,1,0,0,2018-08-28,,Submitted
DOC-0006924,LG-000681,Ownership Proof,1,1,1,2018-09-15,2018-10-14,Verified
DOC-0006925,LG-000681,Compensation Document,1,1,1,2018-08-15,2018-08-28,Verified
DOC-0006926,LG-000681,Survey Record,1,0,0,2018-09-14,,Submitted
DOC-0006927,LG-000681,Ownership Proof,1,0,0,2018-08-09,,Submitted
DOC-0006928,LG-000682,Compensation Document,1,1,0,2018-10-05,2018-10-15,Verified
DOC-0006929,LG-000682,Compensation Document,1,0,0,2018-09-26,,Submitted
DOC-0006930,LG-000682,Survey Record,1,1,0,2018-09-24,2018-10-16,Verified
DOC-0006931,LG-000682,Compensation Document,1,0,0,2018-10-14,,Submitted
DOC-0006932,LG-000682,Identity Document,1,1,0,2018-09-16,2018-10-15,Verified
DOC-0006933,LG-000682,Survey Record,1,1,0,2018-10-22,2018-11-08,Verified
DOC-0006934,LG-000682,Compensation Document,1,0,0,2018-10-08,,Submitted
DOC-0006935,LG-000682,Land Record,1,0,0,2018-09-23,,Submitted
DOC-0006936,LG-000682,Ownership Proof,1,1,0,2018-10-03,2018-10-24,Verified
DOC-0006937,LG-000682,Ownership Proof,1,1,1,2018-10-15,2018-10-29,Verified
DOC-0006938,LG-000683,Identity Document,0,0,1,,,Pending
DOC-0006939,LG-000683,Survey Record,0,0,0,,,Pending
DOC-0006940,LG-000683,Survey Record,1,1,0,2023-08-10,2023-08-27,Verified
DOC-0006941,LG-000683,Ownership Proof,1,0,1,2023-07-03,,Submitted
DOC-0006942,LG-000683,Ownership Proof,1,1,1,2023-07-26,2023-09-03,Verified
DOC-0006943,LG-000683,Compensation Document,1,0,1,2023-08-07,,Submitted
DOC-0006944,LG-000683,Ownership Proof,1,1,1,2023-06-26,2023-07-21,Verified
DOC-0006945,LG-000683,Survey Record,1,1,1,2023-08-04,2023-08-26,Verified
DOC-0006946,LG-000683,Land Record,1,1,1,2023-06-22,2023-07-16,Verified
DOC-0006947,LG-000684,Land Record,1,1,0,2023-01-16,2023-02-21,Verified
DOC-0006948,LG-000684,Identity Document,1,1,0,2023-02-17,2023-03-13,Verified
DOC-0006949,LG-000684,Survey Record,1,1,1,2023-03-02,2023-03-27,Verified
DOC-0006950,LG-000684,Identity Document,1,1,0,2023-02-25,2023-03-31,Verified
DOC-0006951,LG-000684,Identity Document,0,0,0,,,Pending
DOC-0006952,LG-000685,Identity Document,1,1,0,2024-06-20,2024-07-27,Verified
DOC-0006953,LG-000685,Compensation Document,1,0,0,2024-07-19,,Submitted
DOC-0006954,LG-000685,Identity Document,1,0,0,2024-06-22,,Submitted
DOC-0006955,LG-000685,Ownership Proof,1,0,1,2024-07-11,,Submitted
DOC-0006956,LG-000685,Land Record,1,0,0,2024-06-23,,Submitted
DOC-0006957,LG-000685,Land Record,1,1,0,2024-07-17,2024-08-07,Verified
DOC-0006958,LG-000685,Identity Document,1,1,0,2024-07-09,2024-08-02,Verified
DOC-0006959,LG-000685,Identity Document,0,0,0,,,Pending
DOC-0006960,LG-000685,Identity Document,1,1,0,2024-07-03,2024-08-08,Verified
DOC-0006961,LG-000686,Ownership Proof,1,1,0,2020-02-22,2020-03-04,Verified
DOC-0006962,LG-000686,Compensation Document,1,1,1,2020-03-10,2020-04-10,Verified
DOC-0006963,LG-000686,Compensation Document,1,1,1,2020-03-16,2020-04-16,Verified
DOC-0006964,LG-000686,Compensation Document,0,0,0,,,Pending
DOC-0006965,LG-000686,Land Record,1,1,0,2020-03-09,2020-03-22,Verified
DOC-0006966,LG-000686,Ownership Proof,1,1,1,2020-03-29,2020-05-08,Verified
DOC-0006967,LG-000686,Survey Record,1,1,0,2020-03-23,2020-04-03,Verified
DOC-0006968,LG-000686,Compensation Document,0,0,0,,,Pending
DOC-0006969,LG-000686,Ownership Proof,1,0,1,2020-02-23,,Submitted
DOC-0006970,LG-000686,Compensation Document,1,1,0,2020-04-11,2020-05-20,Verified
DOC-0006971,LG-000686,Ownership Proof,1,1,1,2020-03-21,2020-04-19,Verified
DOC-0006972,LG-000686,Compensation Document,1,1,0,2020-03-01,2020-03-11,Verified
DOC-0006973,LG-000686,Survey Record,1,0,1,2020-03-03,,Submitted
DOC-0006974,LG-000686,Ownership Proof,1,0,1,2020-02-29,,Submitted
DOC-0006975,LG-000687,Land Record,1,0,0,2023-05-03,,Submitted
DOC-0006976,LG-000687,Survey Record,1,1,0,2023-04-23,2023-05-07,Verified
DOC-0006977,LG-000687,Survey Record,1,1,0,2023-05-10,2023-06-04,Verified
DOC-0006978,LG-000687,Ownership Proof,1,1,0,2023-05-05,2023-06-09,Verified
DOC-0006979,LG-000687,Identity Document,1,1,0,2023-04-20,2023-05-29,Verified
DOC-0006980,LG-000687,Identity Document,1,0,0,2023-05-05,,Submitted
DOC-0006981,LG-000687,Identity Document,1,1,0,2023-05-03,2023-06-01,Verified
DOC-0006982,LG-000687,Compensation Document,1,1,0,2023-05-08,2023-06-07,Verified
DOC-0006983,LG-000687,Land Record,1,1,0,2023-04-04,2023-05-10,Verified
DOC-0006984,LG-000687,Identity Document,1,1,0,2023-04-29,2023-06-03,Verified
DOC-0006985,LG-000687,Ownership Proof,1,0,0,2023-05-01,,Submitted
DOC-0006986,LG-000687,Land Record,1,1,1,2023-04-13,2023-05-20,Verified
DOC-0006987,LG-000688,Ownership Proof,1,0,0,2022-07-13,,Submitted
DOC-0006988,LG-000688,Survey Record,0,0,0,,,Pending
DOC-0006989,LG-000688,Identity Document,1,1,1,2022-05-23,2022-06-28,Verified
DOC-0006990,LG-000688,Compensation Document,1,1,1,2022-07-06,2022-08-07,Verified
DOC-0006991,LG-000688,Land Record,1,1,0,2022-05-29,2022-06-25,Verified
DOC-0006992,LG-000688,Ownership Proof,0,0,0,,,Pending
DOC-0006993,LG-000689,Land Record,1,1,0,2024-03-25,2024-04-24,Verified
DOC-0006994,LG-000689,Survey Record,1,0,0,2024-02-27,,Submitted
DOC-0006995,LG-000689,Land Record,1,1,0,2024-04-12,2024-05-11,Verified
DOC-0006996,LG-000689,Survey Record,1,1,0,2024-04-06,2024-05-16,Verified
DOC-0006997,LG-000689,Compensation Document,1,1,0,2024-03-11,2024-04-06,Verified
DOC-0006998,LG-000690,Ownership Proof,1,1,0,2020-11-16,2020-12-16,Verified
DOC-0006999,LG-000690,Survey Record,1,1,0,2020-10-15,2020-11-06,Verified
DOC-0007000,LG-000690,Survey Record,1,1,0,2020-10-17,2020-11-25,Verified
DOC-0007001,LG-000690,Compensation Document,1,0,0,2020-10-13,,Submitted
DOC-0007002,LG-000690,Compensation Document,1,1,0,2020-10-26,2020-11-10,Verified
DOC-0007003,LG-000690,Ownership Proof,1,0,1,2020-11-06,,Submitted
DOC-0007004,LG-000690,Ownership Proof,1,0,0,2020-10-24,,Submitted
DOC-0007005,LG-000690,Ownership Proof,1,1,0,2020-10-03,2020-11-07,Verified
DOC-0007006,LG-000690,Ownership Proof,1,1,0,2020-10-10,2020-11-17,Verified
DOC-0007007,LG-000690,Identity Document,0,0,0,,,Pending
DOC-0007008,LG-000690,Survey Record,0,0,0,,,Pending
DOC-0007009,LG-000690,Identity Document,1,1,1,2020-10-19,2020-11-28,Verified
DOC-0007010,LG-000691,Land Record,1,1,0,2023-06-15,2023-07-12,Verified
DOC-0007011,LG-000691,Survey Record,1,1,0,2023-07-21,2023-08-05,Verified
DOC-0007012,LG-000691,Ownership Proof,1,1,0,2023-07-26,2023-08-21,Verified
DOC-0007013,LG-000691,Survey Record,1,1,0,2023-06-20,2023-07-30,Verified
DOC-0007014,LG-000691,Identity Document,1,1,0,2023-06-26,2023-07-25,Verified
DOC-0007015,LG-000692,Identity Document,1,0,1,2020-12-25,,Submitted
DOC-0007016,LG-000692,Ownership Proof,1,1,1,2020-12-31,2021-01-25,Verified
DOC-0007017,LG-000692,Land Record,1,1,1,2020-11-29,2020-12-20,Verified
DOC-0007018,LG-000692,Compensation Document,0,0,1,,,Pending
DOC-0007019,LG-000692,Identity Document,1,1,0,2020-11-17,2020-12-04,Verified
DOC-0007020,LG-000692,Identity Document,1,1,0,2020-12-10,2021-01-17,Verified
DOC-0007021,LG-000692,Survey Record,1,0,0,2020-12-12,,Submitted
DOC-0007022,LG-000692,Land Record,0,0,1,,,Pending
DOC-0007023,LG-000692,Ownership Proof,1,1,0,2020-12-29,2021-01-12,Verified
DOC-0007024,LG-000692,Compensation Document,0,0,1,,,Pending
DOC-0007025,LG-000692,Identity Document,1,1,1,2020-12-07,2020-12-19,Verified
DOC-0007026,LG-000693,Identity Document,1,1,0,2021-06-14,2021-06-26,Verified
DOC-0007027,LG-000693,Land Record,1,0,0,2021-06-14,,Submitted
DOC-0007028,LG-000693,Compensation Document,1,0,0,2021-05-31,,Submitted
DOC-0007029,LG-000693,Compensation Document,1,1,0,2021-07-19,2021-08-13,Verified
DOC-0007030,LG-000693,Compensation Document,1,1,1,2021-06-07,2021-07-11,Verified
DOC-0007031,LG-000693,Compensation Document,1,1,0,2021-06-26,2021-07-30,Verified
DOC-0007032,LG-000693,Land Record,1,1,0,2021-06-20,2021-07-26,Verified
DOC-0007033,LG-000693,Land Record,1,0,0,2021-07-12,,Submitted
DOC-0007034,LG-000693,Land Record,1,1,1,2021-07-14,2021-08-06,Verified
DOC-0007035,LG-000693,Land Record,1,0,0,2021-07-22,,Submitted
DOC-0007036,LG-000693,Compensation Document,1,1,0,2021-07-09,2021-07-25,Verified
DOC-0007037,LG-000693,Ownership Proof,1,1,0,2021-06-25,2021-07-17,Verified
DOC-0007038,LG-000693,Ownership Proof,1,0,0,2021-07-07,,Submitted
DOC-0007039,LG-000693,Survey Record,1,1,0,2021-07-04,2021-08-04,Verified
DOC-0007040,LG-000694,Ownership Proof,1,1,0,2020-08-21,2020-09-20,Verified
DOC-0007041,LG-000694,Identity Document,1,1,0,2020-08-24,2020-09-08,Verified
DOC-0007042,LG-000694,Survey Record,1,1,1,2020-08-11,2020-09-15,Verified
DOC-0007043,LG-000694,Ownership Proof,1,1,0,2020-08-11,2020-09-06,Verified
DOC-0007044,LG-000694,Survey Record,1,1,0,2020-08-24,2020-09-15,Verified
DOC-0007045,LG-000694,Identity Document,1,1,0,2020-09-02,2020-09-29,Verified
DOC-0007046,LG-000694,Land Record,1,1,0,2020-09-11,2020-09-28,Verified
DOC-0007047,LG-000694,Ownership Proof,1,0,1,2020-08-12,,Submitted
DOC-0007048,LG-000694,Identity Document,1,1,0,2020-08-13,2020-09-13,Verified
DOC-0007049,LG-000694,Identity Document,1,1,0,2020-09-01,2020-09-19,Verified
DOC-0007050,LG-000694,Compensation Document,1,0,0,2020-09-12,,Submitted
DOC-0007051,LG-000694,Compensation Document,1,1,1,2020-10-02,2020-10-27,Verified
DOC-0007052,LG-000694,Compensation Document,1,0,0,2020-08-25,,Submitted
DOC-0007053,LG-000695,Survey Record,1,1,0,2018-10-10,2018-10-30,Verified
DOC-0007054,LG-000695,Survey Record,1,1,0,2018-10-05,2018-10-25,Verified
DOC-0007055,LG-000695,Ownership Proof,1,1,0,2018-11-17,2018-12-04,Verified
DOC-0007056,LG-000695,Survey Record,1,1,0,2018-10-11,2018-11-05,Verified
DOC-0007057,LG-000695,Land Record,1,1,0,2018-10-27,2018-11-30,Verified
DOC-0007058,LG-000695,Ownership Proof,1,0,0,2018-10-03,,Submitted
DOC-0007059,LG-000695,Land Record,1,1,0,2018-10-02,2018-10-12,Verified
DOC-0007060,LG-000695,Land Record,1,0,0,2018-11-06,,Submitted
DOC-0007061,LG-000695,Land Record,1,1,0,2018-09-30,2018-11-07,Verified
DOC-0007062,LG-000695,Identity Document,1,1,0,2018-10-17,2018-11-13,Verified
DOC-0007063,LG-000696,Ownership Proof,1,0,0,2019-12-23,,Submitted
DOC-0007064,LG-000696,Survey Record,1,1,0,2020-01-23,2020-02-11,Verified
DOC-0007065,LG-000696,Compensation Document,1,0,0,2020-01-09,,Submitted
DOC-0007066,LG-000696,Compensation Document,1,1,0,2020-01-25,2020-03-04,Verified
DOC-0007067,LG-000696,Compensation Document,1,1,0,2019-12-28,2020-01-07,Verified
DOC-0007068,LG-000696,Survey Record,1,1,0,2019-12-12,2020-01-18,Verified
DOC-0007069,LG-000696,Compensation Document,1,1,0,2020-01-09,2020-01-25,Verified
DOC-0007070,LG-000696,Land Record,1,1,0,2020-01-02,2020-01-19,Verified
DOC-0007071,LG-000697,Identity Document,1,1,0,2024-09-25,2024-10-10,Verified
DOC-0007072,LG-000697,Land Record,1,0,0,2024-11-05,,Submitted
DOC-0007073,LG-000697,Ownership Proof,1,0,0,2024-09-21,,Submitted
DOC-0007074,LG-000697,Land Record,1,1,0,2024-10-14,2024-10-28,Verified
DOC-0007075,LG-000697,Land Record,1,1,0,2024-11-08,2024-12-06,Verified
DOC-0007076,LG-000697,Ownership Proof,1,1,0,2024-11-11,2024-11-25,Verified
DOC-0007077,LG-000697,Identity Document,1,1,0,2024-11-12,2024-12-11,Verified
DOC-0007078,LG-000697,Compensation Document,1,0,0,2024-10-22,,Submitted
DOC-0007079,LG-000697,Land Record,1,1,0,2024-11-15,2024-12-04,Verified
DOC-0007080,LG-000697,Ownership Proof,1,1,0,2024-10-05,2024-10-15,Verified
DOC-0007081,LG-000698,Identity Document,1,1,0,2022-03-29,2022-05-03,Verified
DOC-0007082,LG-000698,Compensation Document,0,0,0,,,Pending
DOC-0007083,LG-000698,Land Record,1,0,0,2022-04-15,,Submitted
DOC-0007084,LG-000698,Ownership Proof,1,1,0,2022-04-01,2022-04-29,Verified
DOC-0007085,LG-000698,Land Record,1,0,0,2022-04-01,,Submitted
DOC-0007086,LG-000698,Compensation Document,1,1,0,2022-04-14,2022-05-24,Verified
DOC-0007087,LG-000698,Identity Document,1,1,0,2022-05-01,2022-05-25,Verified
DOC-0007088,LG-000698,Compensation Document,1,1,0,2022-03-21,2022-04-08,Verified
DOC-0007089,LG-000698,Ownership Proof,1,1,1,2022-04-25,2022-05-19,Verified
DOC-0007090,LG-000698,Identity Document,1,1,1,2022-04-04,2022-05-13,Verified
DOC-0007091,LG-000698,Survey Record,1,1,0,2022-04-24,2022-05-15,Verified
DOC-0007092,LG-000698,Compensation Document,1,1,0,2022-03-24,2022-04-21,Verified
DOC-0007093,LG-000698,Survey Record,1,1,1,2022-04-02,2022-04-14,Verified
DOC-0007094,LG-000698,Identity Document,1,1,1,2022-04-07,2022-04-23,Verified
DOC-0007095,LG-000698,Survey Record,1,1,0,2022-03-14,2022-04-06,Verified
DOC-0007096,LG-000699,Survey Record,1,0,0,2023-03-07,,Submitted
DOC-0007097,LG-000699,Compensation Document,1,0,0,2023-03-12,,Submitted
DOC-0007098,LG-000699,Survey Record,1,1,1,2023-02-21,2023-03-10,Verified
DOC-0007099,LG-000699,Land Record,1,1,0,2023-02-17,2023-03-15,Verified
DOC-0007100,LG-000699,Compensation Document,1,0,1,2023-03-04,,Submitted
DOC-0007101,LG-000699,Land Record,1,1,0,2023-02-26,2023-03-19,Verified
DOC-0007102,LG-000699,Survey Record,1,1,1,2023-02-15,2023-02-27,Verified
DOC-0007103,LG-000699,Survey Record,1,1,0,2023-02-01,2023-02-21,Verified
DOC-0007104,LG-000699,Ownership Proof,1,1,0,2023-03-05,2023-03-25,Verified
DOC-0007105,LG-000699,Land Record,1,1,0,2023-03-02,2023-04-06,Verified
DOC-0007106,LG-000699,Identity Document,1,1,0,2023-03-19,2023-04-20,Verified
DOC-0007107,LG-000700,Ownership Proof,1,1,0,2024-01-09,2024-02-05,Verified
DOC-0007108,LG-000700,Ownership Proof,1,0,1,2023-12-21,,Submitted
DOC-0007109,LG-000700,Identity Document,1,1,0,2023-12-27,2024-01-13,Verified
DOC-0007110,LG-000700,Land Record,1,1,0,2023-12-11,2024-01-11,Verified
DOC-0007111,LG-000700,Survey Record,0,0,0,,,Pending
DOC-0007112,LG-000700,Compensation Document,1,0,1,2023-12-26,,Submitted
DOC-0007113,LG-000700,Compensation Document,1,0,1,2024-01-31,,Submitted
DOC-0007114,LG-000700,Compensation Document,1,0,0,2023-12-13,,Submitted
DOC-0007115,LG-000700,Survey Record,1,1,1,2024-01-28,2024-02-20,Verified
DOC-0007116,LG-000700,Compensation Document,1,1,0,2023-12-24,2024-01-16,Verified
DOC-0007117,LG-000700,Ownership Proof,1,1,0,2023-12-14,2024-01-15,Verified
DOC-0007118,LG-000700,Survey Record,1,1,0,2024-01-23,2024-02-18,Verified
DOC-0007119,LG-000700,Identity Document,0,0,1,,,Pending
DOC-0007120,LG-000700,Identity Document,1,1,1,2024-01-24,2024-02-03,Verified
DOC-0007121,LG-000701,Ownership Proof,1,1,0,2019-05-04,2019-06-01,Verified
DOC-0007122,LG-000701,Identity Document,1,1,0,2019-05-11,2019-06-19,Verified
DOC-0007123,LG-000701,Land Record,1,1,0,2019-05-15,2019-06-17,Verified
DOC-0007124,LG-000701,Ownership Proof,1,1,0,2019-05-14,2019-05-29,Verified
DOC-0007125,LG-000701,Survey Record,1,1,0,2019-05-12,2019-05-25,Verified
DOC-0007126,LG-000701,Identity Document,1,0,1,2019-04-25,,Submitted
DOC-0007127,LG-000701,Land Record,1,1,0,2019-05-18,2019-06-10,Verified
DOC-0007128,LG-000701,Survey Record,1,0,0,2019-05-13,,Submitted
DOC-0007129,LG-000701,Identity Document,1,1,1,2019-04-03,2019-04-15,Verified
DOC-0007130,LG-000701,Ownership Proof,1,1,0,2019-05-23,2019-07-01,Verified
DOC-0007131,LG-000701,Compensation Document,1,1,0,2019-05-05,2019-05-30,Verified
DOC-0007132,LG-000701,Identity Document,1,0,0,2019-05-13,,Submitted
DOC-0007133,LG-000701,Land Record,1,0,0,2019-05-01,,Submitted
DOC-0007134,LG-000701,Identity Document,1,1,1,2019-04-15,2019-05-06,Verified
DOC-0007135,LG-000701,Identity Document,1,1,0,2019-04-18,2019-05-15,Verified
DOC-0007136,LG-000702,Survey Record,1,1,0,2020-11-13,2020-12-17,Verified
DOC-0007137,LG-000702,Ownership Proof,1,1,0,2020-12-16,2020-12-30,Verified
DOC-0007138,LG-000702,Compensation Document,0,0,0,,,Pending
DOC-0007139,LG-000702,Ownership Proof,1,1,0,2020-12-29,2021-01-20,Verified
DOC-0007140,LG-000702,Ownership Proof,1,1,0,2020-12-05,2021-01-10,Verified
DOC-0007141,LG-000703,Survey Record,1,1,0,2021-08-22,2021-09-30,Verified
DOC-0007142,LG-000703,Land Record,0,0,1,,,Pending
DOC-0007143,LG-000703,Compensation Document,1,1,0,2021-09-07,2021-09-29,Verified
DOC-0007144,LG-000703,Land Record,1,1,0,2021-09-12,2021-10-04,Verified
DOC-0007145,LG-000703,Survey Record,1,1,0,2021-09-23,2021-10-03,Verified
DOC-0007146,LG-000703,Compensation Document,0,0,0,,,Pending
DOC-0007147,LG-000703,Survey Record,0,0,1,,,Pending
DOC-0007148,LG-000703,Land Record,0,0,0,,,Pending
DOC-0007149,LG-000703,Ownership Proof,1,0,1,2021-09-17,,Submitted
DOC-0007150,LG-000703,Identity Document,1,1,1,2021-09-26,2021-10-22,Verified
DOC-0007151,LG-000703,Compensation Document,1,1,1,2021-09-11,2021-10-09,Verified
DOC-0007152,LG-000704,Land Record,1,0,0,2020-07-17,,Submitted
DOC-0007153,LG-000704,Survey Record,1,1,0,2020-06-28,2020-07-21,Verified
DOC-0007154,LG-000704,Survey Record,1,1,0,2020-07-25,2020-09-02,Verified
DOC-0007155,LG-000704,Ownership Proof,0,0,0,,,Pending
DOC-0007156,LG-000704,Ownership Proof,1,1,0,2020-07-12,2020-08-06,Verified
DOC-0007157,LG-000704,Identity Document,1,1,1,2020-08-01,2020-09-01,Verified
DOC-0007158,LG-000704,Survey Record,1,1,0,2020-06-24,2020-07-13,Verified
DOC-0007159,LG-000704,Ownership Proof,1,1,0,2020-06-25,2020-08-02,Verified
DOC-0007160,LG-000705,Land Record,0,0,1,,,Pending
DOC-0007161,LG-000705,Land Record,0,0,1,,,Pending
DOC-0007162,LG-000705,Land Record,1,1,1,2018-06-02,2018-07-03,Verified
DOC-0007163,LG-000705,Compensation Document,1,1,0,2018-05-17,2018-06-23,Verified
DOC-0007164,LG-000705,Compensation Document,1,1,0,2018-05-28,2018-06-13,Verified
DOC-0007165,LG-000705,Ownership Proof,1,0,0,2018-05-10,,Submitted
DOC-0007166,LG-000705,Land Record,1,1,0,2018-05-10,2018-06-03,Verified
DOC-0007167,LG-000706,Compensation Document,0,0,1,,,Pending
DOC-0007168,LG-000706,Identity Document,1,0,0,2024-12-01,,Submitted
DOC-0007169,LG-000706,Ownership Proof,0,0,0,,,Pending
DOC-0007170,LG-000706,Identity Document,0,0,1,,,Pending
DOC-0007171,LG-000706,Ownership Proof,1,0,1,2024-12-03,,Submitted
DOC-0007172,LG-000706,Ownership Proof,0,0,0,,,Pending
DOC-0007173,LG-000706,Compensation Document,1,1,0,2024-12-30,2025-02-03,Verified
DOC-0007174,LG-000706,Land Record,1,0,0,2024-12-01,,Submitted
DOC-0007175,LG-000706,Identity Document,1,0,1,2024-11-09,,Submitted
DOC-0007176,LG-000706,Compensation Document,1,1,0,2024-12-23,2025-01-09,Verified
DOC-0007177,LG-000707,Identity Document,1,1,1,2022-12-30,2023-02-07,Verified
DOC-0007178,LG-000707,Compensation Document,1,0,0,2022-12-31,,Submitted
DOC-0007179,LG-000707,Compensation Document,1,1,1,2023-01-08,2023-02-06,Verified
DOC-0007180,LG-000707,Survey Record,1,1,0,2022-12-28,2023-02-04,Verified
DOC-0007181,LG-000707,Compensation Document,1,0,1,2022-12-29,,Submitted
DOC-0007182,LG-000707,Land Record,1,1,1,2022-12-22,2023-01-08,Verified
DOC-0007183,LG-000707,Compensation Document,0,0,1,,,Pending
DOC-0007184,LG-000707,Land Record,0,0,0,,,Pending
DOC-0007185,LG-000707,Identity Document,1,1,0,2023-02-11,2023-03-09,Verified
DOC-0007186,LG-000707,Ownership Proof,0,0,0,,,Pending
DOC-0007187,LG-000707,Survey Record,1,1,1,2023-02-06,2023-03-10,Verified
DOC-0007188,LG-000707,Land Record,1,1,0,2023-01-07,2023-02-10,Verified
DOC-0007189,LG-000708,Ownership Proof,1,1,0,2021-12-07,2022-01-06,Verified
DOC-0007190,LG-000708,Land Record,0,0,0,,,Pending
DOC-0007191,LG-000708,Ownership Proof,1,0,0,2021-12-11,,Submitted
DOC-0007192,LG-000708,Survey Record,1,0,1,2021-12-18,,Submitted
DOC-0007193,LG-000708,Ownership Proof,1,1,0,2021-11-29,2021-12-12,Verified
DOC-0007194,LG-000709,Identity Document,0,0,0,,,Pending
DOC-0007195,LG-000709,Land Record,1,0,0,2018-08-08,,Submitted
DOC-0007196,LG-000709,Compensation Document,1,0,0,2018-08-12,,Submitted
DOC-0007197,LG-000709,Survey Record,1,1,0,2018-07-11,2018-07-23,Verified
DOC-0007198,LG-000709,Survey Record,1,1,0,2018-08-25,2018-09-17,Verified
DOC-0007199,LG-000709,Identity Document,1,1,0,2018-07-26,2018-08-18,Verified
DOC-0007200,LG-000710,Land Record,1,0,0,2018-02-15,,Submitted
DOC-0007201,LG-000710,Ownership Proof,1,0,0,2018-01-23,,Submitted
DOC-0007202,LG-000710,Survey Record,1,1,0,2018-01-18,2018-02-23,Verified
DOC-0007203,LG-000710,Ownership Proof,1,1,1,2018-02-20,2018-03-30,Verified
DOC-0007204,LG-000710,Land Record,1,1,0,2018-01-18,2018-02-05,Verified
DOC-0007205,LG-000710,Compensation Document,1,1,0,2018-02-23,2018-03-14,Verified
DOC-0007206,LG-000710,Survey Record,1,1,1,2018-01-29,2018-02-22,Verified
DOC-0007207,LG-000710,Identity Document,0,0,0,,,Pending
DOC-0007208,LG-000711,Land Record,1,1,0,2019-07-23,2019-08-25,Verified
DOC-0007209,LG-000711,Ownership Proof,1,0,0,2019-08-17,,Submitted
DOC-0007210,LG-000711,Identity Document,1,0,0,2019-07-30,,Submitted
DOC-0007211,LG-000711,Survey Record,1,0,0,2019-07-16,,Submitted
DOC-0007212,LG-000711,Compensation Document,1,1,0,2019-08-12,2019-09-14,Verified
DOC-0007213,LG-000711,Identity Document,1,0,0,2019-07-26,,Submitted
DOC-0007214,LG-000711,Land Record,1,1,0,2019-08-24,2019-09-30,Verified
DOC-0007215,LG-000711,Land Record,1,0,0,2019-07-12,,Submitted
DOC-0007216,LG-000711,Land Record,1,1,0,2019-07-26,2019-08-14,Verified
DOC-0007217,LG-000711,Survey Record,1,1,0,2019-08-28,2019-10-06,Verified
DOC-0007218,LG-000712,Ownership Proof,1,0,1,2019-04-02,,Submitted
DOC-0007219,LG-000712,Ownership Proof,1,1,1,2019-04-27,2019-05-18,Verified
DOC-0007220,LG-000712,Land Record,1,1,1,2019-04-16,2019-05-05,Verified
DOC-0007221,LG-000712,Land Record,1,1,1,2019-04-12,2019-05-09,Verified
DOC-0007222,LG-000712,Compensation Document,0,0,0,,,Pending
DOC-0007223,LG-000712,Ownership Proof,1,1,1,2019-05-04,2019-05-21,Verified
DOC-0007224,LG-000713,Ownership Proof,1,1,1,2023-09-24,2023-11-02,Verified
DOC-0007225,LG-000713,Ownership Proof,1,1,0,2023-09-09,2023-10-02,Verified
DOC-0007226,LG-000713,Compensation Document,1,1,0,2023-09-10,2023-10-04,Verified
DOC-0007227,LG-000713,Ownership Proof,0,0,0,,,Pending
DOC-0007228,LG-000713,Land Record,0,0,0,,,Pending
DOC-0007229,LG-000713,Identity Document,1,1,0,2023-08-30,2023-10-07,Verified
DOC-0007230,LG-000713,Identity Document,1,0,1,2023-10-06,,Submitted
DOC-0007231,LG-000713,Survey Record,1,1,1,2023-09-20,2023-10-09,Verified
DOC-0007232,LG-000713,Identity Document,1,1,1,2023-08-16,2023-08-26,Verified
DOC-0007233,LG-000713,Ownership Proof,1,0,0,2023-09-23,,Submitted
DOC-0007234,LG-000713,Identity Document,1,1,1,2023-08-28,2023-10-04,Verified
DOC-0007235,LG-000713,Identity Document,1,1,0,2023-08-30,2023-09-21,Verified
DOC-0007236,LG-000714,Identity Document,1,0,0,2023-02-02,,Submitted
DOC-0007237,LG-000714,Survey Record,1,1,0,2023-01-21,2023-02-04,Verified
DOC-0007238,LG-000714,Compensation Document,1,0,0,2023-01-17,,Submitted
DOC-0007239,LG-000714,Survey Record,0,0,1,,,Pending
DOC-0007240,LG-000714,Ownership Proof,1,1,0,2022-12-28,2023-01-10,Verified
DOC-0007241,LG-000714,Ownership Proof,1,1,0,2022-12-19,2023-01-17,Verified
DOC-0007242,LG-000714,Identity Document,1,1,0,2023-01-26,2023-02-28,Verified
DOC-0007243,LG-000714,Ownership Proof,1,1,0,2023-01-28,2023-03-06,Verified
DOC-0007244,LG-000715,Survey Record,1,1,1,2020-04-13,2020-05-04,Verified
DOC-0007245,LG-000715,Land Record,1,1,0,2020-04-11,2020-05-03,Verified
DOC-0007246,LG-000715,Survey Record,1,1,1,2020-04-01,2020-04-13,Verified
DOC-0007247,LG-000715,Compensation Document,1,0,1,2020-04-10,,Submitted
DOC-0007248,LG-000715,Ownership Proof,1,0,1,2020-02-26,,Submitted
DOC-0007249,LG-000715,Survey Record,1,1,1,2020-02-22,2020-03-04,Verified
DOC-0007250,LG-000715,Ownership Proof,1,1,1,2020-03-10,2020-03-26,Verified
DOC-0007251,LG-000715,Ownership Proof,1,1,1,2020-04-08,2020-05-14,Verified
DOC-0007252,LG-000715,Compensation Document,1,1,1,2020-03-15,2020-04-17,Verified
DOC-0007253,LG-000715,Survey Record,1,1,0,2020-03-21,2020-03-31,Verified
DOC-0007254,LG-000715,Identity Document,1,0,0,2020-03-16,,Submitted
DOC-0007255,LG-000715,Land Record,1,0,1,2020-04-02,,Submitted
DOC-0007256,LG-000715,Survey Record,1,1,0,2020-04-05,2020-05-15,Verified
DOC-0007257,LG-000716,Compensation Document,1,1,0,2019-02-06,2019-02-28,Verified
DOC-0007258,LG-000716,Survey Record,1,0,0,2019-02-27,,Submitted
DOC-0007259,LG-000716,Survey Record,1,0,0,2019-02-20,,Submitted
DOC-0007260,LG-000716,Compensation Document,0,0,1,,,Pending
DOC-0007261,LG-000716,Compensation Document,1,1,1,2019-02-24,2019-04-01,Verified
DOC-0007262,LG-000716,Ownership Proof,1,1,1,2019-03-02,2019-03-29,Verified
DOC-0007263,LG-000716,Survey Record,0,0,1,,,Pending
DOC-0007264,LG-000716,Identity Document,1,0,0,2019-02-08,,Submitted
DOC-0007265,LG-000717,Identity Document,1,1,0,2018-02-14,2018-03-04,Verified
DOC-0007266,LG-000717,Ownership Proof,0,0,0,,,Pending
DOC-0007267,LG-000717,Ownership Proof,1,1,0,2018-03-12,2018-03-25,Verified
DOC-0007268,LG-000717,Compensation Document,1,0,0,2018-02-11,,Submitted
DOC-0007269,LG-000717,Ownership Proof,1,1,0,2018-03-18,2018-04-24,Verified
DOC-0007270,LG-000717,Survey Record,1,0,0,2018-02-12,,Submitted
DOC-0007271,LG-000717,Identity Document,1,0,0,2018-03-23,,Submitted
DOC-0007272,LG-000717,Identity Document,1,0,0,2018-03-23,,Submitted
DOC-0007273,LG-000717,Compensation Document,1,1,0,2018-02-07,2018-02-26,Verified
DOC-0007274,LG-000717,Compensation Document,1,1,0,2018-03-13,2018-03-29,Verified
DOC-0007275,LG-000718,Compensation Document,1,1,1,2018-06-01,2018-07-04,Verified
DOC-0007276,LG-000718,Survey Record,1,1,0,2018-05-21,2018-06-30,Verified
DOC-0007277,LG-000718,Compensation Document,1,1,1,2018-06-16,2018-07-14,Verified
DOC-0007278,LG-000718,Land Record,0,0,1,,,Pending
DOC-0007279,LG-000718,Compensation Document,1,1,1,2018-06-15,2018-07-12,Verified
DOC-0007280,LG-000718,Land Record,1,1,0,2018-06-07,2018-07-15,Verified
DOC-0007281,LG-000718,Identity Document,1,1,0,2018-06-21,2018-07-03,Verified
DOC-0007282,LG-000718,Compensation Document,1,1,0,2018-06-22,2018-07-31,Verified
DOC-0007283,LG-000718,Land Record,1,1,0,2018-06-07,2018-07-16,Verified
DOC-0007284,LG-000718,Identity Document,1,0,0,2018-06-13,,Submitted
DOC-0007285,LG-000718,Survey Record,1,1,1,2018-06-08,2018-07-13,Verified
DOC-0007286,LG-000718,Survey Record,1,1,1,2018-05-29,2018-06-10,Verified
DOC-0007287,LG-000718,Ownership Proof,1,1,1,2018-05-27,2018-06-30,Verified
DOC-0007288,LG-000719,Ownership Proof,0,0,1,,,Pending
DOC-0007289,LG-000719,Compensation Document,0,0,1,,,Pending
DOC-0007290,LG-000719,Identity Document,1,0,1,2021-06-03,,Submitted
DOC-0007291,LG-000719,Survey Record,1,0,1,2021-05-09,,Submitted
DOC-0007292,LG-000719,Identity Document,1,1,0,2021-06-22,2021-07-05,Verified
DOC-0007293,LG-000719,Compensation Document,0,0,0,,,Pending
DOC-0007294,LG-000719,Identity Document,1,1,0,2021-06-25,2021-07-22,Verified
DOC-0007295,LG-000719,Identity Document,1,1,0,2021-06-13,2021-07-05,Verified
DOC-0007296,LG-000719,Survey Record,1,1,1,2021-06-01,2021-06-30,Verified
DOC-0007297,LG-000719,Identity Document,1,1,0,2021-06-04,2021-06-23,Verified
DOC-0007298,LG-000719,Ownership Proof,1,0,1,2021-06-22,,Submitted
DOC-0007299,LG-000720,Ownership Proof,1,0,0,2024-05-30,,Submitted
DOC-0007300,LG-000720,Survey Record,1,1,1,2024-05-31,2024-06-20,Verified
DOC-0007301,LG-000720,Survey Record,0,0,1,,,Pending
DOC-0007302,LG-000720,Compensation Document,1,0,0,2024-06-29,,Submitted
DOC-0007303,LG-000720,Land Record,1,1,1,2024-07-13,2024-08-04,Verified
DOC-0007304,LG-000720,Ownership Proof,1,1,1,2024-05-27,2024-06-19,Verified
DOC-0007305,LG-000720,Land Record,1,1,1,2024-06-28,2024-07-17,Verified
DOC-0007306,LG-000720,Identity Document,1,1,0,2024-07-01,2024-07-17,Verified
DOC-0007307,LG-000720,Identity Document,1,1,0,2024-06-16,2024-07-08,Verified
DOC-0007308,LG-000720,Land Record,1,0,1,2024-06-29,,Submitted
DOC-0007309,LG-000720,Ownership Proof,1,1,1,2024-06-03,2024-06-13,Verified
DOC-0007310,LG-000721,Ownership Proof,1,0,0,2024-11-16,,Submitted
DOC-0007311,LG-000721,Compensation Document,1,1,0,2024-11-25,2024-12-10,Verified
DOC-0007312,LG-000721,Identity Document,1,1,0,2024-12-01,2025-01-08,Verified
DOC-0007313,LG-000721,Compensation Document,1,0,0,2024-12-03,,Submitted
DOC-0007314,LG-000721,Land Record,1,1,0,2024-12-09,2025-01-11,Verified
DOC-0007315,LG-000721,Ownership Proof,1,0,0,2024-11-10,,Submitted
DOC-0007316,LG-000721,Survey Record,1,1,0,2024-11-02,2024-12-07,Verified
DOC-0007317,LG-000721,Land Record,0,0,0,,,Pending
DOC-0007318,LG-000721,Ownership Proof,1,1,0,2024-10-29,2024-11-29,Verified
DOC-0007319,LG-000721,Survey Record,1,0,0,2024-11-14,,Submitted
DOC-0007320,LG-000721,Ownership Proof,1,1,0,2024-11-16,2024-12-25,Verified
DOC-0007321,LG-000721,Survey Record,1,0,0,2024-10-19,,Submitted
DOC-0007322,LG-000721,Compensation Document,1,1,0,2024-10-25,2024-11-11,Verified
DOC-0007323,LG-000721,Land Record,1,1,0,2024-11-04,2024-11-17,Verified
DOC-0007324,LG-000722,Land Record,1,1,1,2023-08-26,2023-09-18,Verified
DOC-0007325,LG-000722,Ownership Proof,1,1,1,2023-09-06,2023-09-26,Verified
DOC-0007326,LG-000722,Identity Document,1,0,0,2023-08-28,,Submitted
DOC-0007327,LG-000722,Compensation Document,1,1,0,2023-08-27,2023-10-06,Verified
DOC-0007328,LG-000722,Identity Document,1,1,1,2023-08-18,2023-08-30,Verified
DOC-0007329,LG-000722,Survey Record,1,1,0,2023-09-15,2023-09-25,Verified
DOC-0007330,LG-000723,Compensation Document,1,1,1,2018-12-30,2019-01-24,Verified
DOC-0007331,LG-000723,Compensation Document,1,1,0,2019-01-03,2019-01-18,Verified
DOC-0007332,LG-000723,Survey Record,1,0,0,2018-12-11,,Submitted
DOC-0007333,LG-000723,Land Record,0,0,0,,,Pending
DOC-0007334,LG-000723,Survey Record,1,1,0,2019-01-26,2019-03-01,Verified
DOC-0007335,LG-000724,Land Record,0,0,1,,,Pending
DOC-0007336,LG-000724,Compensation Document,1,1,0,2022-06-13,2022-07-11,Verified
DOC-0007337,LG-000724,Survey Record,1,1,0,2022-07-13,2022-07-23,Verified
DOC-0007338,LG-000724,Survey Record,1,1,0,2022-07-07,2022-07-17,Verified
DOC-0007339,LG-000724,Ownership Proof,1,1,0,2022-06-20,2022-07-29,Verified
DOC-0007340,LG-000724,Compensation Document,1,0,0,2022-07-17,,Submitted
DOC-0007341,LG-000724,Ownership Proof,1,1,0,2022-06-05,2022-06-18,Verified
DOC-0007342,LG-000724,Land Record,1,1,0,2022-06-10,2022-07-08,Verified
DOC-0007343,LG-000724,Identity Document,1,1,0,2022-07-16,2022-08-05,Verified
DOC-0007344,LG-000724,Land Record,1,1,0,2022-05-31,2022-07-06,Verified
DOC-0007345,LG-000724,Land Record,1,1,0,2022-05-30,2022-07-07,Verified
DOC-0007346,LG-000724,Ownership Proof,1,1,0,2022-07-09,2022-07-25,Verified
DOC-0007347,LG-000724,Land Record,1,1,0,2022-06-22,2022-07-22,Verified
DOC-0007348,LG-000724,Ownership Proof,1,0,0,2022-06-21,,Submitted
DOC-0007349,LG-000724,Land Record,1,1,0,2022-06-22,2022-07-15,Verified
DOC-0007350,LG-000725,Survey Record,1,1,0,2021-07-08,2021-07-22,Verified
DOC-0007351,LG-000725,Survey Record,1,0,0,2021-05-18,,Submitted
DOC-0007352,LG-000725,Survey Record,1,0,0,2021-06-21,,Submitted
DOC-0007353,LG-000725,Ownership Proof,1,0,1,2021-05-21,,Submitted
DOC-0007354,LG-000725,Identity Document,1,1,1,2021-06-08,2021-06-18,Verified
DOC-0007355,LG-000725,Identity Document,1,1,0,2021-06-15,2021-06-30,Verified
DOC-0007356,LG-000725,Ownership Proof,0,0,1,,,Pending
DOC-0007357,LG-000725,Land Record,1,0,0,2021-06-22,,Submitted
DOC-0007358,LG-000725,Identity Document,1,1,0,2021-07-02,2021-07-28,Verified
DOC-0007359,LG-000725,Compensation Document,1,1,1,2021-05-31,2021-06-25,Verified
DOC-0007360,LG-000725,Compensation Document,1,1,0,2021-05-27,2021-06-18,Verified
DOC-0007361,LG-000726,Ownership Proof,1,1,0,2020-05-30,2020-06-17,Verified
DOC-0007362,LG-000726,Compensation Document,1,1,0,2020-06-15,2020-06-28,Verified
DOC-0007363,LG-000726,Compensation Document,1,1,0,2020-05-14,2020-06-04,Verified
DOC-0007364,LG-000726,Compensation Document,1,1,0,2020-05-18,2020-06-25,Verified
DOC-0007365,LG-000726,Identity Document,1,1,0,2020-04-30,2020-05-29,Verified
DOC-0007366,LG-000727,Survey Record,1,1,0,2022-02-03,2022-02-21,Verified
DOC-0007367,LG-000727,Survey Record,0,0,1,,,Pending
DOC-0007368,LG-000727,Ownership Proof,1,0,0,2022-01-15,,Submitted
DOC-0007369,LG-000727,Compensation Document,1,1,1,2022-02-28,2022-03-10,Verified
DOC-0007370,LG-000727,Compensation Document,1,0,1,2022-02-19,,Submitted
DOC-0007371,LG-000728,Ownership Proof,1,0,0,2020-08-26,,Submitted
DOC-0007372,LG-000728,Identity Document,1,1,0,2020-08-02,2020-08-17,Verified
DOC-0007373,LG-000728,Survey Record,1,1,0,2020-07-25,2020-08-10,Verified
DOC-0007374,LG-000728,Identity Document,1,1,0,2020-09-03,2020-09-14,Verified
DOC-0007375,LG-000728,Survey Record,1,0,0,2020-08-06,,Submitted
DOC-0007376,LG-000728,Ownership Proof,1,0,0,2020-08-10,,Submitted
DOC-0007377,LG-000728,Survey Record,1,0,0,2020-08-23,,Submitted
DOC-0007378,LG-000728,Land Record,1,0,0,2020-09-02,,Submitted
DOC-0007379,LG-000728,Survey Record,1,1,0,2020-09-02,2020-09-18,Verified
DOC-0007380,LG-000728,Identity Document,0,0,0,,,Pending
DOC-0007381,LG-000728,Identity Document,1,0,0,2020-08-16,,Submitted
DOC-0007382,LG-000728,Land Record,1,0,0,2020-08-29,,Submitted
DOC-0007383,LG-000729,Land Record,1,1,0,2018-12-23,2019-01-31,Verified
DOC-0007384,LG-000729,Survey Record,1,1,0,2019-01-15,2019-01-31,Verified
DOC-0007385,LG-000729,Compensation Document,1,0,0,2018-11-23,,Submitted
DOC-0007386,LG-000729,Identity Document,1,1,0,2018-12-01,2018-12-20,Verified
DOC-0007387,LG-000729,Compensation Document,1,1,0,2019-01-09,2019-01-19,Verified
DOC-0007388,LG-000729,Survey Record,1,1,0,2018-11-26,2018-12-14,Verified
DOC-0007389,LG-000729,Identity Document,1,1,1,2018-12-09,2019-01-03,Verified
DOC-0007390,LG-000729,Land Record,1,1,0,2018-11-24,2018-12-09,Verified
DOC-0007391,LG-000729,Compensation Document,1,1,0,2018-11-25,2018-12-14,Verified
DOC-0007392,LG-000729,Compensation Document,1,0,0,2018-12-15,,Submitted
DOC-0007393,LG-000730,Survey Record,1,1,0,2021-12-02,2021-12-19,Verified
DOC-0007394,LG-000730,Ownership Proof,1,0,0,2021-12-04,,Submitted
DOC-0007395,LG-000730,Survey Record,1,1,1,2021-12-11,2022-01-06,Verified
DOC-0007396,LG-000730,Identity Document,1,1,0,2021-12-13,2022-01-06,Verified
DOC-0007397,LG-000730,Land Record,1,1,0,2021-12-25,2022-01-24,Verified
DOC-0007398,LG-000730,Ownership Proof,1,1,0,2021-11-28,2022-01-05,Verified
DOC-0007399,LG-000730,Ownership Proof,1,1,0,2021-12-19,2022-01-09,Verified
DOC-0007400,LG-000731,Compensation Document,1,1,0,2022-04-08,2022-05-16,Verified
DOC-0007401,LG-000731,Survey Record,1,0,1,2022-03-20,,Submitted
DOC-0007402,LG-000731,Land Record,0,0,1,,,Pending
DOC-0007403,LG-000731,Land Record,1,1,1,2022-03-05,2022-04-11,Verified
DOC-0007404,LG-000731,Compensation Document,0,0,1,,,Pending
DOC-0007405,LG-000731,Compensation Document,0,0,1,,,Pending
DOC-0007406,LG-000731,Survey Record,0,0,0,,,Pending
DOC-0007407,LG-000731,Survey Record,1,1,1,2022-03-14,2022-03-28,Verified
DOC-0007408,LG-000731,Compensation Document,1,1,1,2022-04-08,2022-04-22,Verified
DOC-0007409,LG-000731,Land Record,0,0,0,,,Pending
DOC-0007410,LG-000731,Ownership Proof,1,1,1,2022-04-01,2022-04-15,Verified
DOC-0007411,LG-000732,Compensation Document,1,0,1,2019-04-21,,Submitted
DOC-0007412,LG-000732,Compensation Document,1,1,0,2019-04-21,2019-05-12,Verified
DOC-0007413,LG-000732,Identity Document,1,1,0,2019-04-27,2019-05-25,Verified
DOC-0007414,LG-000732,Ownership Proof,1,1,0,2019-04-18,2019-05-01,Verified
DOC-0007415,LG-000732,Land Record,1,0,0,2019-05-07,,Submitted
DOC-0007416,LG-000732,Ownership Proof,1,1,0,2019-05-11,2019-05-31,Verified
DOC-0007417,LG-000732,Ownership Proof,1,1,0,2019-04-14,2019-05-14,Verified
DOC-0007418,LG-000732,Survey Record,1,1,0,2019-05-15,2019-06-03,Verified
DOC-0007419,LG-000732,Compensation Document,1,1,0,2019-04-19,2019-05-09,Verified
DOC-0007420,LG-000732,Land Record,1,0,0,2019-04-02,,Submitted
DOC-0007421,LG-000732,Ownership Proof,1,1,0,2019-04-27,2019-06-01,Verified
DOC-0007422,LG-000732,Identity Document,1,0,0,2019-04-22,,Submitted
DOC-0007423,LG-000732,Ownership Proof,1,1,0,2019-05-02,2019-05-28,Verified
DOC-0007424,LG-000733,Identity Document,1,1,0,2023-05-05,2023-06-11,Verified
DOC-0007425,LG-000733,Survey Record,1,0,1,2023-05-13,,Submitted
DOC-0007426,LG-000733,Land Record,1,0,0,2023-04-23,,Submitted
DOC-0007427,LG-000733,Land Record,1,0,0,2023-05-14,,Submitted
DOC-0007428,LG-000733,Survey Record,1,1,0,2023-05-21,2023-06-17,Verified
DOC-0007429,LG-000733,Compensation Document,1,1,0,2023-05-09,2023-05-28,Verified
DOC-0007430,LG-000733,Ownership Proof,1,0,0,2023-04-30,,Submitted
DOC-0007431,LG-000733,Land Record,1,0,1,2023-05-31,,Submitted
DOC-0007432,LG-000733,Ownership Proof,1,1,0,2023-04-20,2023-05-18,Verified
DOC-0007433,LG-000733,Survey Record,1,1,0,2023-05-04,2023-05-30,Verified
DOC-0007434,LG-000733,Ownership Proof,1,1,0,2023-05-08,2023-06-02,Verified
DOC-0007435,LG-000733,Compensation Document,1,1,1,2023-05-05,2023-05-29,Verified
DOC-0007436,LG-000733,Compensation Document,1,1,0,2023-04-28,2023-05-13,Verified
DOC-0007437,LG-000734,Land Record,0,0,1,,,Pending
DOC-0007438,LG-000734,Compensation Document,1,1,1,2022-10-10,2022-10-23,Verified
DOC-0007439,LG-000734,Identity Document,1,1,0,2022-10-06,2022-11-04,Verified
DOC-0007440,LG-000734,Ownership Proof,1,1,1,2022-09-14,2022-10-21,Verified
DOC-0007441,LG-000734,Ownership Proof,0,0,1,,,Pending
DOC-0007442,LG-000735,Land Record,1,0,0,2023-11-11,,Submitted
DOC-0007443,LG-000735,Compensation Document,1,0,0,2023-10-23,,Submitted
DOC-0007444,LG-000735,Land Record,1,1,0,2023-11-12,2023-12-14,Verified
DOC-0007445,LG-000735,Land Record,1,1,0,2023-11-18,2023-12-24,Verified
DOC-0007446,LG-000735,Land Record,1,1,0,2023-11-30,2023-12-19,Verified
DOC-0007447,LG-000736,Compensation Document,1,0,0,2019-10-04,,Submitted
DOC-0007448,LG-000736,Identity Document,1,0,0,2019-09-06,,Submitted
DOC-0007449,LG-000736,Identity Document,1,0,0,2019-09-13,,Submitted
DOC-0007450,LG-000736,Land Record,1,0,0,2019-09-16,,Submitted
DOC-0007451,LG-000736,Ownership Proof,1,1,0,2019-09-16,2019-09-30,Verified
DOC-0007452,LG-000736,Ownership Proof,1,1,0,2019-09-30,2019-10-30,Verified
DOC-0007453,LG-000736,Ownership Proof,1,1,0,2019-09-22,2019-10-04,Verified
DOC-0007454,LG-000736,Identity Document,1,1,0,2019-09-22,2019-10-18,Verified
DOC-0007455,LG-000736,Ownership Proof,1,0,0,2019-10-08,,Submitted
DOC-0007456,LG-000737,Identity Document,1,1,0,2019-10-11,2019-10-30,Verified
DOC-0007457,LG-000737,Survey Record,1,1,0,2019-10-06,2019-11-08,Verified
DOC-0007458,LG-000737,Compensation Document,1,1,0,2019-09-26,2019-10-26,Verified
DOC-0007459,LG-000737,Compensation Document,1,0,0,2019-09-18,,Submitted
DOC-0007460,LG-000737,Survey Record,1,1,0,2019-08-25,2019-09-05,Verified
DOC-0007461,LG-000738,Ownership Proof,1,0,0,2023-02-24,,Submitted
DOC-0007462,LG-000738,Land Record,1,1,0,2023-02-17,2023-03-17,Verified
DOC-0007463,LG-000738,Compensation Document,1,0,0,2023-02-22,,Submitted
DOC-0007464,LG-000738,Identity Document,1,1,1,2023-02-12,2023-02-25,Verified
DOC-0007465,LG-000738,Compensation Document,1,1,0,2023-01-16,2023-02-03,Verified
DOC-0007466,LG-000738,Ownership Proof,0,0,0,,,Pending
DOC-0007467,LG-000738,Compensation Document,0,0,1,,,Pending
DOC-0007468,LG-000738,Land Record,1,0,1,2023-02-19,,Submitted
DOC-0007469,LG-000738,Compensation Document,1,0,1,2023-02-27,,Submitted
DOC-0007470,LG-000738,Survey Record,1,1,1,2023-02-08,2023-03-09,Verified
DOC-0007471,LG-000738,Survey Record,1,1,1,2023-01-11,2023-01-25,Verified
DOC-0007472,LG-000738,Land Record,0,0,1,,,Pending
DOC-0007473,LG-000739,Ownership Proof,1,1,1,2019-11-07,2019-11-26,Verified
DOC-0007474,LG-000739,Survey Record,1,1,0,2019-11-09,2019-12-06,Verified
DOC-0007475,LG-000739,Land Record,1,1,0,2019-10-08,2019-10-27,Verified
DOC-0007476,LG-000739,Survey Record,1,0,0,2019-10-21,,Submitted
DOC-0007477,LG-000739,Compensation Document,0,0,1,,,Pending
DOC-0007478,LG-000739,Land Record,1,1,1,2019-10-20,2019-11-19,Verified
DOC-0007479,LG-000739,Land Record,1,1,1,2019-11-24,2019-12-30,Verified
DOC-0007480,LG-000739,Compensation Document,0,0,0,,,Pending
DOC-0007481,LG-000739,Land Record,1,0,0,2019-10-07,,Submitted
DOC-0007482,LG-000739,Compensation Document,0,0,1,,,Pending
DOC-0007483,LG-000740,Ownership Proof,1,1,1,2022-04-21,2022-05-21,Verified
DOC-0007484,LG-000740,Identity Document,1,1,1,2022-04-10,2022-05-01,Verified
DOC-0007485,LG-000740,Survey Record,1,0,1,2022-04-19,,Submitted
DOC-0007486,LG-000740,Compensation Document,0,0,1,,,Pending
DOC-0007487,LG-000740,Land Record,0,0,1,,,Pending
DOC-0007488,LG-000740,Land Record,1,0,0,2022-03-18,,Submitted
DOC-0007489,LG-000740,Ownership Proof,1,1,1,2022-03-19,2022-04-08,Verified
DOC-0007490,LG-000740,Identity Document,1,1,1,2022-04-06,2022-05-09,Verified
DOC-0007491,LG-000740,Ownership Proof,0,0,0,,,Pending
DOC-0007492,LG-000741,Compensation Document,1,1,0,2023-01-11,2023-02-02,Verified
DOC-0007493,LG-000741,Survey Record,1,0,1,2022-12-20,,Submitted
DOC-0007494,LG-000741,Compensation Document,1,1,1,2023-01-23,2023-02-02,Verified
DOC-0007495,LG-000741,Ownership Proof,1,0,1,2022-12-18,,Submitted
DOC-0007496,LG-000741,Ownership Proof,1,0,0,2023-01-17,,Submitted
DOC-0007497,LG-000741,Identity Document,1,0,1,2023-01-04,,Submitted
DOC-0007498,LG-000741,Survey Record,1,1,0,2022-12-31,2023-01-18,Verified
DOC-0007499,LG-000741,Compensation Document,0,0,0,,,Pending
DOC-0007500,LG-000741,Land Record,0,0,0,,,Pending
DOC-0007501,LG-000741,Identity Document,1,0,0,2022-12-24,,Submitted
DOC-0007502,LG-000741,Identity Document,1,1,0,2023-01-13,2023-02-01,Verified
DOC-0007503,LG-000741,Ownership Proof,1,1,0,2022-12-16,2023-01-01,Verified
DOC-0007504,LG-000741,Compensation Document,1,0,1,2023-01-04,,Submitted
DOC-0007505,LG-000741,Identity Document,1,0,1,2023-01-15,,Submitted
DOC-0007506,LG-000741,Ownership Proof,1,1,1,2023-01-06,2023-02-15,Verified
DOC-0007507,LG-000742,Ownership Proof,1,0,0,2018-08-18,,Submitted
DOC-0007508,LG-000742,Compensation Document,1,0,0,2018-09-19,,Submitted
DOC-0007509,LG-000742,Survey Record,1,0,0,2018-09-30,,Submitted
DOC-0007510,LG-000742,Ownership Proof,1,0,0,2018-09-26,,Submitted
DOC-0007511,LG-000742,Ownership Proof,1,1,0,2018-08-28,2018-09-30,Verified
DOC-0007512,LG-000742,Identity Document,1,1,0,2018-09-04,2018-10-14,Verified
DOC-0007513,LG-000742,Compensation Document,1,1,0,2018-10-08,2018-11-17,Verified
DOC-0007514,LG-000742,Compensation Document,1,1,0,2018-08-28,2018-10-04,Verified
DOC-0007515,LG-000742,Survey Record,1,1,0,2018-09-08,2018-09-30,Verified
DOC-0007516,LG-000743,Compensation Document,1,1,0,2021-07-01,2021-07-30,Verified
DOC-0007517,LG-000743,Ownership Proof,1,1,0,2021-07-10,2021-07-26,Verified
DOC-0007518,LG-000743,Identity Document,1,1,0,2021-05-27,2021-07-02,Verified
DOC-0007519,LG-000743,Compensation Document,1,1,0,2021-06-07,2021-06-18,Verified
DOC-0007520,LG-000743,Land Record,1,0,0,2021-05-29,,Submitted
DOC-0007521,LG-000743,Ownership Proof,1,1,0,2021-07-02,2021-07-27,Verified
DOC-0007522,LG-000743,Compensation Document,1,1,0,2021-06-19,2021-07-19,Verified
DOC-0007523,LG-000743,Land Record,1,1,0,2021-05-25,2021-06-17,Verified
DOC-0007524,LG-000743,Land Record,1,1,0,2021-07-09,2021-07-21,Verified
DOC-0007525,LG-000743,Survey Record,1,1,0,2021-07-07,2021-08-12,Verified
DOC-0007526,LG-000743,Survey Record,1,1,0,2021-07-09,2021-07-19,Verified
DOC-0007527,LG-000743,Compensation Document,1,1,0,2021-07-07,2021-07-25,Verified
DOC-0007528,LG-000743,Compensation Document,1,0,0,2021-06-19,,Submitted
DOC-0007529,LG-000743,Compensation Document,1,1,0,2021-05-24,2021-06-08,Verified
DOC-0007530,LG-000744,Survey Record,1,1,1,2021-07-27,2021-08-13,Verified
DOC-0007531,LG-000744,Land Record,1,1,1,2021-06-24,2021-08-03,Verified
DOC-0007532,LG-000744,Ownership Proof,1,1,1,2021-07-02,2021-08-04,Verified
DOC-0007533,LG-000744,Identity Document,0,0,1,,,Pending
DOC-0007534,LG-000744,Identity Document,1,0,1,2021-07-21,,Submitted
DOC-0007535,LG-000744,Compensation Document,1,1,0,2021-07-13,2021-08-04,Verified
DOC-0007536,LG-000744,Ownership Proof,1,1,1,2021-06-26,2021-07-12,Verified
DOC-0007537,LG-000744,Ownership Proof,1,1,0,2021-07-17,2021-07-29,Verified
DOC-0007538,LG-000744,Ownership Proof,1,1,0,2021-06-30,2021-07-28,Verified
DOC-0007539,LG-000745,Ownership Proof,1,1,0,2018-01-29,2018-03-02,Verified
DOC-0007540,LG-000745,Survey Record,1,1,0,2018-03-04,2018-03-24,Verified
DOC-0007541,LG-000745,Ownership Proof,1,0,0,2018-03-14,,Submitted
DOC-0007542,LG-000745,Compensation Document,1,1,0,2018-01-27,2018-02-09,Verified
DOC-0007543,LG-000745,Identity Document,1,1,0,2018-02-08,2018-02-23,Verified
DOC-0007544,LG-000745,Land Record,1,0,0,2018-02-11,,Submitted
DOC-0007545,LG-000745,Identity Document,1,1,0,2018-01-22,2018-02-04,Verified
DOC-0007546,LG-000745,Land Record,1,0,0,2018-02-20,,Submitted
DOC-0007547,LG-000745,Compensation Document,1,1,0,2018-01-20,2018-01-31,Verified
DOC-0007548,LG-000745,Ownership Proof,1,1,0,2018-02-23,2018-03-08,Verified
DOC-0007549,LG-000745,Identity Document,1,1,0,2018-02-21,2018-03-24,Verified
DOC-0007550,LG-000746,Compensation Document,1,1,1,2020-08-03,2020-08-21,Verified
DOC-0007551,LG-000746,Land Record,1,1,0,2020-07-30,2020-08-23,Verified
DOC-0007552,LG-000746,Land Record,1,1,0,2020-08-22,2020-09-16,Verified
DOC-0007553,LG-000746,Identity Document,1,1,0,2020-07-18,2020-08-18,Verified
DOC-0007554,LG-000746,Land Record,1,0,1,2020-07-28,,Submitted
DOC-0007555,LG-000746,Compensation Document,1,0,1,2020-07-25,,Submitted
DOC-0007556,LG-000746,Ownership Proof,1,0,1,2020-08-24,,Submitted
DOC-0007557,LG-000746,Survey Record,1,1,0,2020-08-04,2020-08-22,Verified
DOC-0007558,LG-000746,Ownership Proof,1,1,0,2020-08-09,2020-09-06,Verified
DOC-0007559,LG-000746,Identity Document,1,0,0,2020-07-13,,Submitted
DOC-0007560,LG-000746,Ownership Proof,1,1,1,2020-07-03,2020-08-11,Verified
DOC-0007561,LG-000746,Compensation Document,1,1,1,2020-08-21,2020-09-04,Verified
DOC-0007562,LG-000746,Compensation Document,1,1,1,2020-08-13,2020-08-31,Verified
DOC-0007563,LG-000746,Land Record,1,1,0,2020-08-25,2020-09-22,Verified
DOC-0007564,LG-000746,Identity Document,1,0,1,2020-07-03,,Submitted
DOC-0007565,LG-000747,Survey Record,1,1,0,2022-11-01,2022-12-01,Verified
DOC-0007566,LG-000747,Identity Document,1,0,1,2022-12-13,,Submitted
DOC-0007567,LG-000747,Survey Record,1,1,0,2022-10-28,2022-11-22,Verified
DOC-0007568,LG-000747,Land Record,1,0,0,2022-11-09,,Submitted
DOC-0007569,LG-000747,Identity Document,1,1,0,2022-10-27,2022-11-17,Verified
DOC-0007570,LG-000747,Land Record,1,1,0,2022-11-04,2022-11-18,Verified
DOC-0007571,LG-000747,Land Record,1,1,0,2022-10-23,2022-11-25,Verified
DOC-0007572,LG-000747,Identity Document,1,0,0,2022-11-21,,Submitted
DOC-0007573,LG-000747,Identity Document,1,1,0,2022-10-23,2022-11-11,Verified
DOC-0007574,LG-000747,Identity Document,1,1,0,2022-11-27,2023-01-01,Verified
DOC-0007575,LG-000747,Land Record,1,1,0,2022-12-10,2022-12-26,Verified
DOC-0007576,LG-000748,Compensation Document,1,1,1,2024-05-17,2024-06-14,Verified
DOC-0007577,LG-000748,Ownership Proof,1,1,0,2024-05-25,2024-06-25,Verified
DOC-0007578,LG-000748,Identity Document,0,0,1,,,Pending
DOC-0007579,LG-000748,Land Record,1,1,1,2024-06-03,2024-06-29,Verified
DOC-0007580,LG-000748,Ownership Proof,1,1,0,2024-06-02,2024-06-19,Verified
DOC-0007581,LG-000748,Ownership Proof,0,0,0,,,Pending
DOC-0007582,LG-000748,Identity Document,0,0,0,,,Pending
DOC-0007583,LG-000749,Land Record,1,1,1,2020-08-01,2020-08-26,Verified
DOC-0007584,LG-000749,Ownership Proof,1,0,0,2020-06-21,,Submitted
DOC-0007585,LG-000749,Ownership Proof,1,1,0,2020-06-23,2020-07-21,Verified
DOC-0007586,LG-000749,Ownership Proof,1,1,0,2020-08-01,2020-08-23,Verified
DOC-0007587,LG-000749,Survey Record,1,1,0,2020-06-22,2020-08-01,Verified
DOC-0007588,LG-000749,Ownership Proof,1,0,0,2020-08-04,,Submitted
DOC-0007589,LG-000750,Land Record,1,0,0,2020-02-15,,Submitted
DOC-0007590,LG-000750,Land Record,1,1,0,2020-01-18,2020-02-21,Verified
DOC-0007591,LG-000750,Survey Record,1,0,0,2020-02-29,,Submitted
DOC-0007592,LG-000750,Ownership Proof,1,1,0,2020-01-13,2020-02-14,Verified
DOC-0007593,LG-000750,Survey Record,1,0,0,2020-01-19,,Submitted
DOC-0007594,LG-000750,Survey Record,1,1,0,2020-02-23,2020-03-11,Verified
DOC-0007595,LG-000750,Survey Record,1,1,0,2020-02-12,2020-02-25,Verified
DOC-0007596,LG-000750,Compensation Document,1,0,0,2020-02-18,,Submitted
DOC-0007597,LG-000751,Land Record,1,1,0,2023-01-16,2023-02-12,Verified
DOC-0007598,LG-000751,Ownership Proof,1,0,0,2023-02-24,,Submitted
DOC-0007599,LG-000751,Identity Document,1,1,1,2023-03-03,2023-03-18,Verified
DOC-0007600,LG-000751,Compensation Document,1,1,0,2023-02-22,2023-03-04,Verified
DOC-0007601,LG-000751,Land Record,1,1,0,2023-03-02,2023-04-08,Verified
DOC-0007602,LG-000751,Ownership Proof,1,1,0,2023-01-30,2023-03-02,Verified
DOC-0007603,LG-000751,Survey Record,1,0,0,2023-01-20,,Submitted
DOC-0007604,LG-000751,Ownership Proof,1,1,0,2023-02-13,2023-02-28,Verified
DOC-0007605,LG-000751,Survey Record,1,0,0,2023-02-20,,Submitted
DOC-0007606,LG-000751,Survey Record,1,1,0,2023-01-21,2023-02-11,Verified
DOC-0007607,LG-000751,Land Record,1,0,0,2023-02-07,,Submitted
DOC-0007608,LG-000751,Survey Record,1,1,1,2023-02-04,2023-02-20,Verified
DOC-0007609,LG-000751,Identity Document,0,0,0,,,Pending
DOC-0007610,LG-000751,Compensation Document,1,1,0,2023-01-29,2023-02-27,Verified
DOC-0007611,LG-000752,Ownership Proof,1,1,0,2019-05-30,2019-06-17,Verified
DOC-0007612,LG-000752,Land Record,1,0,0,2019-06-30,,Submitted
DOC-0007613,LG-000752,Ownership Proof,0,0,0,,,Pending
DOC-0007614,LG-000752,Ownership Proof,1,1,0,2019-05-29,2019-06-15,Verified
DOC-0007615,LG-000752,Compensation Document,1,1,0,2019-07-07,2019-07-22,Verified
DOC-0007616,LG-000752,Survey Record,1,1,0,2019-07-06,2019-08-15,Verified
DOC-0007617,LG-000752,Compensation Document,1,1,0,2019-07-12,2019-08-07,Verified
DOC-0007618,LG-000752,Compensation Document,1,1,0,2019-07-03,2019-07-31,Verified
DOC-0007619,LG-000752,Land Record,1,1,0,2019-06-29,2019-07-20,Verified
DOC-0007620,LG-000752,Survey Record,1,1,0,2019-07-08,2019-08-14,Verified
DOC-0007621,LG-000752,Survey Record,1,1,0,2019-06-22,2019-07-07,Verified
DOC-0007622,LG-000752,Compensation Document,1,1,0,2019-07-06,2019-07-25,Verified
DOC-0007623,LG-000752,Survey Record,1,0,0,2019-06-05,,Submitted
DOC-0007624,LG-000752,Identity Document,0,0,0,,,Pending
DOC-0007625,LG-000753,Land Record,1,1,1,2018-12-14,2018-12-25,Verified
DOC-0007626,LG-000753,Ownership Proof,1,1,1,2018-11-18,2018-12-23,Verified
DOC-0007627,LG-000753,Ownership Proof,1,1,1,2018-11-15,2018-11-30,Verified
DOC-0007628,LG-000753,Identity Document,0,0,1,,,Pending
DOC-0007629,LG-000753,Land Record,1,1,0,2018-11-25,2018-12-15,Verified
DOC-0007630,LG-000753,Identity Document,1,1,0,2019-01-03,2019-02-08,Verified
DOC-0007631,LG-000754,Survey Record,1,0,0,2019-09-20,,Submitted
DOC-0007632,LG-000754,Ownership Proof,1,1,0,2019-08-24,2019-09-06,Verified
DOC-0007633,LG-000754,Survey Record,1,1,0,2019-10-01,2019-10-29,Verified
DOC-0007634,LG-000754,Land Record,1,1,0,2019-10-07,2019-11-14,Verified
DOC-0007635,LG-000754,Ownership Proof,1,1,0,2019-09-29,2019-10-19,Verified
DOC-0007636,LG-000754,Land Record,1,1,0,2019-09-11,2019-10-01,Verified
DOC-0007637,LG-000754,Ownership Proof,1,1,0,2019-09-16,2019-09-28,Verified
DOC-0007638,LG-000754,Ownership Proof,1,0,0,2019-10-08,,Submitted
DOC-0007639,LG-000754,Ownership Proof,1,1,0,2019-10-06,2019-10-24,Verified
DOC-0007640,LG-000754,Survey Record,1,1,0,2019-09-26,2019-10-16,Verified
DOC-0007641,LG-000754,Identity Document,1,1,0,2019-08-21,2019-09-09,Verified
DOC-0007642,LG-000754,Identity Document,1,0,1,2019-08-24,,Submitted
DOC-0007643,LG-000755,Survey Record,1,1,1,2020-07-22,2020-08-18,Verified
DOC-0007644,LG-000755,Compensation Document,1,0,1,2020-08-22,,Submitted
DOC-0007645,LG-000755,Compensation Document,1,1,1,2020-07-08,2020-08-12,Verified
DOC-0007646,LG-000755,Land Record,1,1,1,2020-08-12,2020-09-15,Verified
DOC-0007647,LG-000755,Land Record,1,1,1,2020-08-15,2020-09-22,Verified
DOC-0007648,LG-000755,Ownership Proof,1,0,1,2020-08-08,,Submitted
DOC-0007649,LG-000755,Land Record,0,0,1,,,Pending
DOC-0007650,LG-000755,Survey Record,0,0,1,,,Pending
DOC-0007651,LG-000755,Survey Record,1,1,0,2020-07-03,2020-07-19,Verified
DOC-0007652,LG-000755,Survey Record,0,0,1,,,Pending
DOC-0007653,LG-000755,Compensation Document,1,0,0,2020-08-10,,Submitted
DOC-0007654,LG-000755,Ownership Proof,1,1,1,2020-07-31,2020-08-15,Verified
DOC-0007655,LG-000755,Compensation Document,1,1,1,2020-08-19,2020-09-19,Verified
DOC-0007656,LG-000756,Survey Record,1,1,0,2022-06-08,2022-06-21,Verified
DOC-0007657,LG-000756,Land Record,1,1,1,2022-05-25,2022-06-25,Verified
DOC-0007658,LG-000756,Land Record,1,1,1,2022-06-08,2022-07-11,Verified
DOC-0007659,LG-000756,Compensation Document,0,0,0,,,Pending
DOC-0007660,LG-000756,Land Record,1,1,0,2022-06-27,2022-07-19,Verified
DOC-0007661,LG-000756,Land Record,1,0,0,2022-07-08,,Submitted
DOC-0007662,LG-000756,Identity Document,1,1,0,2022-07-06,2022-07-21,Verified
DOC-0007663,LG-000756,Land Record,0,0,1,,,Pending
DOC-0007664,LG-000756,Ownership Proof,1,0,0,2022-05-17,,Submitted
DOC-0007665,LG-000756,Ownership Proof,1,1,1,2022-05-24,2022-06-22,Verified
DOC-0007666,LG-000756,Survey Record,1,1,1,2022-06-25,2022-07-07,Verified
DOC-0007667,LG-000757,Ownership Proof,0,0,1,,,Pending
DOC-0007668,LG-000757,Identity Document,0,0,0,,,Pending
DOC-0007669,LG-000757,Survey Record,1,1,0,2020-12-04,2020-12-20,Verified
DOC-0007670,LG-000757,Ownership Proof,0,0,0,,,Pending
DOC-0007671,LG-000757,Land Record,0,0,0,,,Pending
DOC-0007672,LG-000757,Identity Document,1,1,1,2020-12-07,2021-01-01,Verified
DOC-0007673,LG-000757,Identity Document,0,0,0,,,Pending
DOC-0007674,LG-000757,Survey Record,1,0,1,2020-11-22,,Submitted
DOC-0007675,LG-000758,Compensation Document,1,1,0,2022-02-20,2022-03-08,Verified
DOC-0007676,LG-000758,Land Record,1,0,0,2022-02-27,,Submitted
DOC-0007677,LG-000758,Ownership Proof,1,1,0,2022-02-08,2022-03-02,Verified
DOC-0007678,LG-000758,Survey Record,1,1,0,2022-02-25,2022-03-27,Verified
DOC-0007679,LG-000758,Ownership Proof,1,0,0,2022-03-22,,Submitted
DOC-0007680,LG-000759,Land Record,1,1,0,2018-10-03,2018-11-04,Verified
DOC-0007681,LG-000759,Survey Record,1,0,0,2018-09-12,,Submitted
DOC-0007682,LG-000759,Compensation Document,1,1,0,2018-10-10,2018-11-09,Verified
DOC-0007683,LG-000759,Land Record,1,1,0,2018-10-17,2018-11-20,Verified
DOC-0007684,LG-000759,Land Record,1,0,0,2018-09-06,,Submitted
DOC-0007685,LG-000759,Compensation Document,1,1,0,2018-08-28,2018-10-07,Verified
DOC-0007686,LG-000759,Compensation Document,1,0,0,2018-09-17,,Submitted
DOC-0007687,LG-000759,Compensation Document,1,1,0,2018-09-02,2018-10-05,Verified
DOC-0007688,LG-000759,Compensation Document,1,0,0,2018-09-19,,Submitted
DOC-0007689,LG-000759,Identity Document,1,1,0,2018-10-17,2018-11-03,Verified
DOC-0007690,LG-000759,Identity Document,1,1,0,2018-09-04,2018-09-18,Verified
DOC-0007691,LG-000759,Identity Document,1,1,0,2018-10-05,2018-11-01,Verified
DOC-0007692,LG-000759,Compensation Document,1,1,0,2018-09-01,2018-09-21,Verified
DOC-0007693,LG-000760,Land Record,1,1,1,2021-10-27,2021-11-16,Verified
DOC-0007694,LG-000760,Identity Document,1,0,1,2021-10-05,,Submitted
DOC-0007695,LG-000760,Identity Document,0,0,0,,,Pending
DOC-0007696,LG-000760,Land Record,1,0,0,2021-10-24,,Submitted
DOC-0007697,LG-000760,Identity Document,1,1,0,2021-10-20,2021-11-21,Verified
DOC-0007698,LG-000760,Survey Record,1,1,0,2021-10-03,2021-11-02,Verified
DOC-0007699,LG-000760,Survey Record,0,0,1,,,Pending
DOC-0007700,LG-000760,Land Record,1,1,1,2021-10-08,2021-10-22,Verified
DOC-0007701,LG-000760,Land Record,1,1,1,2021-10-23,2021-11-12,Verified
DOC-0007702,LG-000760,Land Record,1,1,0,2021-10-20,2021-11-10,Verified
DOC-0007703,LG-000760,Identity Document,1,1,1,2021-11-07,2021-11-28,Verified
DOC-0007704,LG-000760,Ownership Proof,1,1,0,2021-10-26,2021-11-12,Verified
DOC-0007705,LG-000760,Land Record,1,1,0,2021-10-28,2021-11-23,Verified
DOC-0007706,LG-000760,Compensation Document,0,0,1,,,Pending
DOC-0007707,LG-000760,Compensation Document,1,0,1,2021-09-15,,Submitted
DOC-0007708,LG-000761,Survey Record,1,0,0,2022-12-01,,Submitted
DOC-0007709,LG-000761,Compensation Document,1,0,0,2022-12-06,,Submitted
DOC-0007710,LG-000761,Land Record,0,0,0,,,Pending
DOC-0007711,LG-000761,Compensation Document,1,0,0,2022-11-07,,Submitted
DOC-0007712,LG-000761,Identity Document,1,1,0,2022-11-12,2022-11-27,Verified
DOC-0007713,LG-000762,Survey Record,1,0,1,2022-10-19,,Submitted
DOC-0007714,LG-000762,Compensation Document,1,1,1,2022-10-17,2022-11-05,Verified
DOC-0007715,LG-000762,Land Record,1,1,1,2022-10-21,2022-11-08,Verified
DOC-0007716,LG-000762,Survey Record,1,0,0,2022-10-02,,Submitted
DOC-0007717,LG-000762,Identity Document,0,0,1,,,Pending
DOC-0007718,LG-000762,Compensation Document,1,1,1,2022-09-17,2022-10-04,Verified
DOC-0007719,LG-000762,Identity Document,1,1,0,2022-11-03,2022-12-06,Verified
DOC-0007720,LG-000762,Compensation Document,0,0,0,,,Pending
DOC-0007721,LG-000762,Land Record,1,1,1,2022-10-06,2022-11-02,Verified
DOC-0007722,LG-000762,Compensation Document,1,0,0,2022-09-28,,Submitted
DOC-0007723,LG-000763,Survey Record,1,0,1,2018-08-09,,Submitted
DOC-0007724,LG-000763,Compensation Document,1,1,0,2018-08-02,2018-08-29,Verified
DOC-0007725,LG-000763,Identity Document,1,0,0,2018-08-22,,Submitted
DOC-0007726,LG-000763,Ownership Proof,0,0,1,,,Pending
DOC-0007727,LG-000763,Compensation Document,0,0,1,,,Pending
DOC-0007728,LG-000763,Compensation Document,1,1,1,2018-07-18,2018-07-31,Verified
DOC-0007729,LG-000763,Identity Document,1,1,1,2018-08-23,2018-09-06,Verified
DOC-0007730,LG-000763,Ownership Proof,1,0,0,2018-08-21,,Submitted
DOC-0007731,LG-000763,Compensation Document,1,0,1,2018-08-03,,Submitted
DOC-0007732,LG-000763,Compensation Document,1,0,0,2018-08-01,,Submitted
DOC-0007733,LG-000763,Land Record,1,1,1,2018-08-17,2018-09-02,Verified
DOC-0007734,LG-000763,Land Record,1,1,0,2018-08-14,2018-09-17,Verified
DOC-0007735,LG-000764,Identity Document,1,1,0,2022-07-07,2022-08-10,Verified
DOC-0007736,LG-000764,Compensation Document,1,1,0,2022-07-17,2022-08-15,Verified
DOC-0007737,LG-000764,Compensation Document,1,0,0,2022-07-25,,Submitted
DOC-0007738,LG-000764,Land Record,1,1,0,2022-06-20,2022-07-24,Verified
DOC-0007739,LG-000764,Land Record,1,1,0,2022-07-26,2022-08-17,Verified
DOC-0007740,LG-000764,Survey Record,0,0,0,,,Pending
DOC-0007741,LG-000764,Survey Record,1,1,0,2022-07-15,2022-08-12,Verified
DOC-0007742,LG-000764,Identity Document,1,1,0,2022-07-26,2022-08-20,Verified
DOC-0007743,LG-000764,Identity Document,1,1,0,2022-07-26,2022-08-18,Verified
DOC-0007744,LG-000764,Land Record,1,0,0,2022-06-18,,Submitted
DOC-0007745,LG-000765,Identity Document,1,1,1,2024-07-24,2024-08-14,Verified
DOC-0007746,LG-000765,Land Record,1,1,0,2024-06-28,2024-07-19,Verified
DOC-0007747,LG-000765,Land Record,1,1,0,2024-06-27,2024-07-11,Verified
DOC-0007748,LG-000765,Land Record,1,0,0,2024-07-21,,Submitted
DOC-0007749,LG-000765,Compensation Document,1,0,1,2024-08-16,,Submitted
DOC-0007750,LG-000766,Ownership Proof,1,1,0,2019-05-31,2019-07-10,Verified
DOC-0007751,LG-000766,Ownership Proof,1,1,1,2019-05-29,2019-06-16,Verified
DOC-0007752,LG-000766,Survey Record,1,1,0,2019-06-09,2019-07-11,Verified
DOC-0007753,LG-000766,Identity Document,1,1,0,2019-05-12,2019-05-29,Verified
DOC-0007754,LG-000766,Land Record,1,1,0,2019-05-04,2019-05-17,Verified
DOC-0007755,LG-000766,Ownership Proof,1,1,0,2019-06-13,2019-07-19,Verified
DOC-0007756,LG-000766,Land Record,1,0,0,2019-04-29,,Submitted
DOC-0007757,LG-000766,Identity Document,1,1,0,2019-05-04,2019-06-13,Verified
DOC-0007758,LG-000767,Identity Document,0,0,0,,,Pending
DOC-0007759,LG-000767,Survey Record,1,0,1,2021-11-05,,Submitted
DOC-0007760,LG-000767,Ownership Proof,0,0,1,,,Pending
DOC-0007761,LG-000767,Survey Record,1,1,0,2021-11-21,2021-12-20,Verified
DOC-0007762,LG-000767,Land Record,1,0,1,2021-10-27,,Submitted
DOC-0007763,LG-000767,Identity Document,1,0,0,2021-10-18,,Submitted
DOC-0007764,LG-000767,Land Record,0,0,0,,,Pending
DOC-0007765,LG-000767,Ownership Proof,1,1,0,2021-11-25,2021-12-20,Verified
DOC-0007766,LG-000767,Survey Record,1,1,1,2021-11-11,2021-11-22,Verified
DOC-0007767,LG-000767,Land Record,0,0,1,,,Pending
DOC-0007768,LG-000767,Land Record,1,1,0,2021-10-11,2021-11-03,Verified
DOC-0007769,LG-000767,Land Record,1,1,0,2021-11-10,2021-12-20,Verified
DOC-0007770,LG-000767,Compensation Document,0,0,1,,,Pending
DOC-0007771,LG-000767,Ownership Proof,1,0,1,2021-11-17,,Submitted
DOC-0007772,LG-000767,Ownership Proof,0,0,1,,,Pending
DOC-0007773,LG-000768,Identity Document,1,1,0,2023-11-07,2023-12-05,Verified
DOC-0007774,LG-000768,Survey Record,1,1,0,2023-10-18,2023-11-19,Verified
DOC-0007775,LG-000768,Identity Document,1,1,0,2023-11-28,2024-01-01,Verified
DOC-0007776,LG-000768,Land Record,1,1,0,2023-10-22,2023-11-28,Verified
DOC-0007777,LG-000768,Survey Record,1,0,1,2023-10-20,,Submitted
DOC-0007778,LG-000768,Ownership Proof,1,1,0,2023-11-24,2023-12-25,Verified
DOC-0007779,LG-000768,Ownership Proof,1,1,0,2023-10-27,2023-11-14,Verified
DOC-0007780,LG-000768,Compensation Document,1,0,0,2023-11-04,,Submitted
DOC-0007781,LG-000769,Survey Record,1,1,0,2023-05-30,2023-06-19,Verified
DOC-0007782,LG-000769,Compensation Document,1,1,0,2023-05-21,2023-06-05,Verified
DOC-0007783,LG-000769,Land Record,1,1,0,2023-06-01,2023-07-10,Verified
DOC-0007784,LG-000769,Identity Document,1,1,0,2023-05-19,2023-06-17,Verified
DOC-0007785,LG-000769,Ownership Proof,1,1,0,2023-06-30,2023-08-02,Verified
DOC-0007786,LG-000769,Survey Record,1,0,0,2023-05-21,,Submitted
DOC-0007787,LG-000769,Land Record,1,1,0,2023-06-19,2023-07-27,Verified
DOC-0007788,LG-000770,Survey Record,1,1,0,2023-10-08,2023-10-29,Verified
DOC-0007789,LG-000770,Compensation Document,1,0,0,2023-09-20,,Submitted
DOC-0007790,LG-000770,Compensation Document,1,1,0,2023-10-20,2023-11-03,Verified
DOC-0007791,LG-000770,Survey Record,1,1,0,2023-10-05,2023-11-07,Verified
DOC-0007792,LG-000770,Ownership Proof,1,1,0,2023-10-18,2023-11-07,Verified
DOC-0007793,LG-000770,Identity Document,1,0,0,2023-09-20,,Submitted
DOC-0007794,LG-000770,Survey Record,1,1,0,2023-09-14,2023-10-16,Verified
DOC-0007795,LG-000770,Land Record,1,1,0,2023-09-16,2023-10-18,Verified
DOC-0007796,LG-000770,Identity Document,1,1,0,2023-10-13,2023-10-31,Verified
DOC-0007797,LG-000770,Land Record,1,1,0,2023-09-19,2023-09-29,Verified
DOC-0007798,LG-000770,Ownership Proof,1,1,0,2023-10-20,2023-11-10,Verified
DOC-0007799,LG-000770,Survey Record,1,0,0,2023-10-22,,Submitted
DOC-0007800,LG-000770,Identity Document,1,1,0,2023-10-18,2023-11-19,Verified
DOC-0007801,LG-000770,Compensation Document,1,1,0,2023-10-27,2023-11-10,Verified
DOC-0007802,LG-000770,Survey Record,1,1,1,2023-09-24,2023-10-08,Verified
DOC-0007803,LG-000771,Land Record,1,1,0,2021-01-09,2021-02-14,Verified
DOC-0007804,LG-000771,Ownership Proof,1,0,0,2021-01-05,,Submitted
DOC-0007805,LG-000771,Ownership Proof,1,0,0,2020-12-22,,Submitted
DOC-0007806,LG-000771,Ownership Proof,1,0,0,2021-01-10,,Submitted
DOC-0007807,LG-000771,Survey Record,1,1,0,2021-02-07,2021-03-14,Verified
DOC-0007808,LG-000771,Land Record,1,1,0,2021-01-18,2021-02-24,Verified
DOC-0007809,LG-000772,Ownership Proof,1,1,0,2020-06-20,2020-07-06,Verified
DOC-0007810,LG-000772,Survey Record,1,1,1,2020-05-16,2020-06-25,Verified
DOC-0007811,LG-000772,Land Record,1,0,0,2020-05-01,,Submitted
DOC-0007812,LG-000772,Land Record,1,1,0,2020-06-08,2020-06-18,Verified
DOC-0007813,LG-000772,Land Record,1,1,0,2020-05-27,2020-06-23,Verified
DOC-0007814,LG-000772,Compensation Document,1,1,0,2020-06-12,2020-06-27,Verified
DOC-0007815,LG-000772,Survey Record,1,0,0,2020-04-27,,Submitted
DOC-0007816,LG-000772,Land Record,1,1,0,2020-05-25,2020-06-27,Verified
DOC-0007817,LG-000772,Identity Document,1,1,0,2020-05-13,2020-05-29,Verified
DOC-0007818,LG-000773,Land Record,1,1,0,2021-09-17,2021-10-04,Verified
DOC-0007819,LG-000773,Identity Document,1,1,0,2021-10-09,2021-11-01,Verified
DOC-0007820,LG-000773,Identity Document,1,1,0,2021-10-17,2021-11-21,Verified
DOC-0007821,LG-000773,Compensation Document,1,1,1,2021-09-18,2021-09-29,Verified
DOC-0007822,LG-000773,Ownership Proof,0,0,1,,,Pending
DOC-0007823,LG-000773,Survey Record,1,1,0,2021-10-21,2021-11-01,Verified
DOC-0007824,LG-000773,Land Record,1,1,0,2021-10-17,2021-11-22,Verified
DOC-0007825,LG-000773,Compensation Document,1,1,0,2021-09-22,2021-10-13,Verified
DOC-0007826,LG-000773,Land Record,0,0,0,,,Pending
DOC-0007827,LG-000773,Compensation Document,1,1,0,2021-10-21,2021-11-03,Verified
DOC-0007828,LG-000773,Ownership Proof,1,1,0,2021-09-16,2021-10-10,Verified
DOC-0007829,LG-000773,Compensation Document,1,1,0,2021-10-05,2021-10-24,Verified
DOC-0007830,LG-000774,Survey Record,1,1,0,2019-09-18,2019-10-08,Verified
DOC-0007831,LG-000774,Ownership Proof,1,1,1,2019-09-24,2019-10-31,Verified
DOC-0007832,LG-000774,Land Record,1,1,0,2019-09-28,2019-10-18,Verified
DOC-0007833,LG-000774,Compensation Document,1,1,0,2019-09-23,2019-10-21,Verified
DOC-0007834,LG-000774,Survey Record,1,0,0,2019-10-04,,Submitted
DOC-0007835,LG-000774,Identity Document,0,0,1,,,Pending
DOC-0007836,LG-000774,Survey Record,1,1,1,2019-10-08,2019-11-16,Verified
DOC-0007837,LG-000774,Survey Record,1,0,0,2019-08-24,,Submitted
DOC-0007838,LG-000774,Ownership Proof,1,1,0,2019-09-08,2019-09-28,Verified
DOC-0007839,LG-000775,Identity Document,1,1,0,2021-02-09,2021-02-21,Verified
DOC-0007840,LG-000775,Compensation Document,0,0,1,,,Pending
DOC-0007841,LG-000775,Survey Record,1,0,1,2021-01-18,,Submitted
DOC-0007842,LG-000775,Compensation Document,1,0,1,2021-01-30,,Submitted
DOC-0007843,LG-000775,Compensation Document,1,0,0,2021-01-01,,Submitted
DOC-0007844,LG-000775,Survey Record,1,1,0,2021-01-09,2021-02-04,Verified
DOC-0007845,LG-000776,Land Record,1,0,0,2023-07-17,,Submitted
DOC-0007846,LG-000776,Compensation Document,1,0,0,2023-07-22,,Submitted
DOC-0007847,LG-000776,Ownership Proof,1,0,1,2023-08-05,,Submitted
DOC-0007848,LG-000776,Survey Record,1,0,0,2023-06-26,,Submitted
DOC-0007849,LG-000776,Land Record,1,0,0,2023-06-17,,Submitted
DOC-0007850,LG-000776,Ownership Proof,1,1,0,2023-06-28,2023-07-31,Verified
DOC-0007851,LG-000776,Ownership Proof,1,1,0,2023-08-03,2023-08-20,Verified
DOC-0007852,LG-000776,Ownership Proof,1,1,0,2023-07-08,2023-08-17,Verified
DOC-0007853,LG-000776,Ownership Proof,1,1,0,2023-07-20,2023-08-17,Verified
DOC-0007854,LG-000776,Survey Record,1,1,0,2023-07-02,2023-07-29,Verified
DOC-0007855,LG-000776,Compensation Document,1,1,0,2023-08-05,2023-09-03,Verified
DOC-0007856,LG-000776,Survey Record,1,1,0,2023-06-22,2023-07-20,Verified
DOC-0007857,LG-000776,Ownership Proof,1,1,0,2023-07-27,2023-08-18,Verified
DOC-0007858,LG-000776,Identity Document,1,1,0,2023-06-28,2023-07-26,Verified
DOC-0007859,LG-000776,Identity Document,1,0,0,2023-06-19,,Submitted
DOC-0007860,LG-000777,Compensation Document,1,1,0,2019-07-31,2019-08-26,Verified
DOC-0007861,LG-000777,Ownership Proof,0,0,1,,,Pending
DOC-0007862,LG-000777,Ownership Proof,1,1,0,2019-08-18,2019-09-07,Verified
DOC-0007863,LG-000777,Identity Document,1,0,1,2019-08-10,,Submitted
DOC-0007864,LG-000777,Identity Document,1,1,1,2019-08-04,2019-08-25,Verified
DOC-0007865,LG-000777,Compensation Document,0,0,1,,,Pending
DOC-0007866,LG-000777,Identity Document,1,0,1,2019-08-20,,Submitted
DOC-0007867,LG-000777,Land Record,0,0,1,,,Pending
DOC-0007868,LG-000777,Ownership Proof,1,0,1,2019-08-18,,Submitted
DOC-0007869,LG-000777,Identity Document,0,0,0,,,Pending
DOC-0007870,LG-000777,Compensation Document,1,1,0,2019-08-21,2019-09-17,Verified
DOC-0007871,LG-000777,Land Record,1,1,1,2019-08-07,2019-08-25,Verified
DOC-0007872,LG-000777,Ownership Proof,0,0,1,,,Pending
DOC-0007873,LG-000777,Survey Record,1,1,1,2019-07-06,2019-07-19,Verified
DOC-0007874,LG-000777,Land Record,1,1,0,2019-08-07,2019-09-08,Verified
DOC-0007875,LG-000778,Survey Record,1,0,0,2024-10-31,,Submitted
DOC-0007876,LG-000778,Land Record,1,1,0,2024-10-23,2024-11-30,Verified
DOC-0007877,LG-000778,Survey Record,1,0,0,2024-11-05,,Submitted
DOC-0007878,LG-000778,Compensation Document,1,1,0,2024-10-23,2024-12-01,Verified
DOC-0007879,LG-000778,Compensation Document,1,0,0,2024-09-22,,Submitted
DOC-0007880,LG-000779,Ownership Proof,1,1,0,2019-03-23,2019-04-27,Verified
DOC-0007881,LG-000779,Ownership Proof,1,1,0,2019-04-29,2019-05-17,Verified
DOC-0007882,LG-000779,Land Record,1,0,0,2019-05-09,,Submitted
DOC-0007883,LG-000779,Ownership Proof,1,0,0,2019-04-08,,Submitted
DOC-0007884,LG-000779,Ownership Proof,1,1,0,2019-03-20,2019-04-19,Verified
DOC-0007885,LG-000779,Survey Record,1,1,0,2019-04-29,2019-05-17,Verified
DOC-0007886,LG-000779,Ownership Proof,1,1,1,2019-03-18,2019-04-27,Verified
DOC-0007887,LG-000779,Compensation Document,1,0,0,2019-04-07,,Submitted
DOC-0007888,LG-000779,Land Record,1,0,0,2019-04-23,,Submitted
DOC-0007889,LG-000779,Land Record,1,1,0,2019-03-16,2019-04-24,Verified
DOC-0007890,LG-000779,Survey Record,1,0,0,2019-03-16,,Submitted
DOC-0007891,LG-000779,Ownership Proof,1,1,0,2019-04-10,2019-04-24,Verified
DOC-0007892,LG-000779,Ownership Proof,1,1,0,2019-03-27,2019-04-10,Verified
DOC-0007893,LG-000780,Identity Document,1,1,0,2020-08-01,2020-08-14,Verified
DOC-0007894,LG-000780,Compensation Document,1,0,0,2020-07-14,,Submitted
DOC-0007895,LG-000780,Identity Document,1,1,0,2020-07-19,2020-08-07,Verified
DOC-0007896,LG-000780,Survey Record,1,0,0,2020-06-20,,Submitted
DOC-0007897,LG-000780,Ownership Proof,1,1,0,2020-07-02,2020-07-12,Verified
DOC-0007898,LG-000780,Identity Document,1,0,0,2020-07-22,,Submitted
DOC-0007899,LG-000780,Identity Document,1,1,0,2020-06-27,2020-07-12,Verified
DOC-0007900,LG-000780,Identity Document,1,1,0,2020-07-29,2020-09-07,Verified
DOC-0007901,LG-000780,Compensation Document,1,0,0,2020-06-18,,Submitted
DOC-0007902,LG-000780,Survey Record,1,1,0,2020-07-21,2020-08-30,Verified
DOC-0007903,LG-000780,Land Record,1,1,0,2020-06-21,2020-07-13,Verified
DOC-0007904,LG-000781,Land Record,1,1,0,2024-06-01,2024-06-29,Verified
DOC-0007905,LG-000781,Identity Document,1,1,0,2024-06-14,2024-07-24,Verified
DOC-0007906,LG-000781,Survey Record,1,1,0,2024-05-21,2024-06-20,Verified
DOC-0007907,LG-000781,Identity Document,1,0,0,2024-06-01,,Submitted
DOC-0007908,LG-000781,Identity Document,1,1,0,2024-04-29,2024-05-23,Verified
DOC-0007909,LG-000781,Compensation Document,1,0,0,2024-05-24,,Submitted
DOC-0007910,LG-000781,Identity Document,1,1,0,2024-05-17,2024-06-20,Verified
DOC-0007911,LG-000781,Land Record,1,1,0,2024-05-12,2024-05-27,Verified
DOC-0007912,LG-000781,Ownership Proof,1,1,0,2024-05-12,2024-06-16,Verified
DOC-0007913,LG-000782,Survey Record,1,0,0,2022-05-29,,Submitted
DOC-0007914,LG-000782,Land Record,1,1,1,2022-05-13,2022-06-06,Verified
DOC-0007915,LG-000782,Compensation Document,1,0,0,2022-04-23,,Submitted
DOC-0007916,LG-000782,Ownership Proof,1,1,0,2022-05-23,2022-06-02,Verified
DOC-0007917,LG-000782,Compensation Document,1,0,0,2022-06-15,,Submitted
DOC-0007918,LG-000782,Land Record,1,1,1,2022-06-09,2022-07-14,Verified
DOC-0007919,LG-000782,Survey Record,1,0,0,2022-05-16,,Submitted
DOC-0007920,LG-000782,Land Record,1,0,1,2022-05-18,,Submitted
DOC-0007921,LG-000782,Land Record,0,0,0,,,Pending
DOC-0007922,LG-000782,Land Record,1,0,0,2022-06-01,,Submitted
DOC-0007923,LG-000782,Identity Document,1,0,0,2022-05-19,,Submitted
DOC-0007924,LG-000782,Identity Document,1,1,0,2022-05-17,2022-06-04,Verified
DOC-0007925,LG-000783,Land Record,1,1,0,2024-11-23,2024-12-26,Verified
DOC-0007926,LG-000783,Compensation Document,1,1,0,2024-12-01,2024-12-20,Verified
DOC-0007927,LG-000783,Ownership Proof,1,0,1,2024-12-04,,Submitted
DOC-0007928,LG-000783,Identity Document,1,1,1,2024-12-12,2024-12-31,Verified
DOC-0007929,LG-000783,Identity Document,1,1,0,2024-12-04,2025-01-13,Verified
DOC-0007930,LG-000783,Land Record,1,0,0,2024-12-16,,Submitted
DOC-0007931,LG-000783,Compensation Document,0,0,1,,,Pending
DOC-0007932,LG-000784,Land Record,1,1,1,2019-09-16,2019-09-27,Verified
DOC-0007933,LG-000784,Land Record,0,0,0,,,Pending
DOC-0007934,LG-000784,Ownership Proof,1,1,0,2019-08-17,2019-09-18,Verified
DOC-0007935,LG-000784,Identity Document,1,1,0,2019-09-14,2019-10-14,Verified
DOC-0007936,LG-000784,Compensation Document,1,1,0,2019-10-04,2019-10-16,Verified
DOC-0007937,LG-000784,Land Record,0,0,1,,,Pending
DOC-0007938,LG-000784,Survey Record,1,0,1,2019-09-06,,Submitted
DOC-0007939,LG-000784,Identity Document,1,0,0,2019-09-13,,Submitted
DOC-0007940,LG-000784,Identity Document,1,1,0,2019-09-25,2019-10-30,Verified
DOC-0007941,LG-000784,Compensation Document,1,0,1,2019-09-12,,Submitted
DOC-0007942,LG-000784,Land Record,1,0,0,2019-09-01,,Submitted
DOC-0007943,LG-000784,Survey Record,1,0,0,2019-08-20,,Submitted
DOC-0007944,LG-000784,Compensation Document,1,0,0,2019-10-11,,Submitted
DOC-0007945,LG-000784,Identity Document,1,1,1,2019-10-07,2019-10-27,Verified
DOC-0007946,LG-000785,Survey Record,1,1,1,2019-01-01,2019-01-28,Verified
DOC-0007947,LG-000785,Land Record,1,0,1,2018-12-12,,Submitted
DOC-0007948,LG-000785,Ownership Proof,1,1,1,2018-12-14,2019-01-04,Verified
DOC-0007949,LG-000785,Ownership Proof,0,0,0,,,Pending
DOC-0007950,LG-000785,Identity Document,1,1,1,2019-01-25,2019-02-14,Verified
DOC-0007951,LG-000786,Identity Document,1,1,0,2022-03-12,2022-04-16,Verified
DOC-0007952,LG-000786,Survey Record,1,1,0,2022-05-01,2022-05-25,Verified
DOC-0007953,LG-000786,Ownership Proof,1,1,0,2022-03-14,2022-04-03,Verified
DOC-0007954,LG-000786,Identity Document,1,1,0,2022-03-14,2022-04-01,Verified
DOC-0007955,LG-000786,Ownership Proof,1,1,0,2022-04-22,2022-05-09,Verified
DOC-0007956,LG-000786,Compensation Document,1,1,0,2022-03-21,2022-04-19,Verified
DOC-0007957,LG-000786,Ownership Proof,1,1,0,2022-04-19,2022-05-18,Verified
DOC-0007958,LG-000786,Ownership Proof,1,1,1,2022-05-01,2022-05-31,Verified
DOC-0007959,LG-000786,Compensation Document,1,1,0,2022-03-20,2022-04-02,Verified
DOC-0007960,LG-000786,Survey Record,1,0,0,2022-03-14,,Submitted
DOC-0007961,LG-000786,Identity Document,1,0,0,2022-03-14,,Submitted
DOC-0007962,LG-000786,Identity Document,1,1,0,2022-04-18,2022-05-26,Verified
DOC-0007963,LG-000787,Land Record,1,1,1,2018-11-05,2018-11-23,Verified
DOC-0007964,LG-000787,Compensation Document,1,0,0,2018-11-01,,Submitted
DOC-0007965,LG-000787,Ownership Proof,1,1,1,2018-10-26,2018-12-02,Verified
DOC-0007966,LG-000787,Identity Document,1,0,1,2018-11-07,,Submitted
DOC-0007967,LG-000787,Compensation Document,1,1,0,2018-11-26,2018-12-20,Verified
DOC-0007968,LG-000787,Land Record,1,1,1,2018-11-28,2018-12-21,Verified
DOC-0007969,LG-000787,Survey Record,1,1,0,2018-11-27,2018-12-15,Verified
DOC-0007970,LG-000787,Compensation Document,1,1,0,2018-10-31,2018-11-29,Verified
DOC-0007971,LG-000787,Identity Document,1,1,1,2018-10-30,2018-12-07,Verified
DOC-0007972,LG-000787,Ownership Proof,1,0,0,2018-10-30,,Submitted
DOC-0007973,LG-000787,Identity Document,1,0,0,2018-11-19,,Submitted
DOC-0007974,LG-000788,Survey Record,1,1,1,2020-11-02,2020-11-24,Verified
DOC-0007975,LG-000788,Ownership Proof,0,0,1,,,Pending
DOC-0007976,LG-000788,Identity Document,0,0,0,,,Pending
DOC-0007977,LG-000788,Survey Record,1,0,1,2020-09-26,,Submitted
DOC-0007978,LG-000788,Compensation Document,1,1,0,2020-11-10,2020-11-24,Verified
DOC-0007979,LG-000788,Survey Record,1,1,1,2020-10-21,2020-11-14,Verified
DOC-0007980,LG-000788,Land Record,1,1,1,2020-10-05,2020-10-24,Verified
DOC-0007981,LG-000788,Land Record,1,1,1,2020-09-26,2020-10-15,Verified
DOC-0007982,LG-000788,Identity Document,0,0,0,,,Pending
DOC-0007983,LG-000789,Land Record,1,0,1,2018-03-06,,Submitted
DOC-0007984,LG-000789,Identity Document,1,0,0,2018-02-28,,Submitted
DOC-0007985,LG-000789,Identity Document,1,1,0,2018-01-24,2018-03-04,Verified
DOC-0007986,LG-000789,Ownership Proof,1,1,0,2018-01-31,2018-02-23,Verified
DOC-0007987,LG-000789,Survey Record,0,0,0,,,Pending
DOC-0007988,LG-000789,Survey Record,1,0,1,2018-02-16,,Submitted
DOC-0007989,LG-000789,Survey Record,1,0,0,2018-02-17,,Submitted
DOC-0007990,LG-000789,Identity Document,0,0,1,,,Pending
DOC-0007991,LG-000789,Ownership Proof,0,0,0,,,Pending
DOC-0007992,LG-000789,Survey Record,0,0,1,,,Pending
DOC-0007993,LG-000789,Survey Record,0,0,1,,,Pending
DOC-0007994,LG-000789,Compensation Document,1,1,1,2018-02-11,2018-02-22,Verified
DOC-0007995,LG-000789,Compensation Document,1,1,0,2018-02-17,2018-03-29,Verified
DOC-0007996,LG-000789,Identity Document,1,1,1,2018-01-26,2018-02-22,Verified
DOC-0007997,LG-000789,Ownership Proof,1,1,0,2018-01-18,2018-02-27,Verified
DOC-0007998,LG-000790,Land Record,1,0,0,2024-10-05,,Submitted
DOC-0007999,LG-000790,Identity Document,1,1,0,2024-10-20,2024-11-20,Verified
DOC-0008000,LG-000790,Land Record,1,0,1,2024-09-15,,Submitted
DOC-0008001,LG-000790,Identity Document,1,0,0,2024-09-18,,Submitted
DOC-0008002,LG-000790,Ownership Proof,0,0,1,,,Pending
DOC-0008003,LG-000790,Land Record,1,0,1,2024-10-21,,Submitted
DOC-0008004,LG-000790,Ownership Proof,1,1,1,2024-10-30,2024-12-02,Verified
DOC-0008005,LG-000790,Ownership Proof,1,1,0,2024-10-22,2024-11-25,Verified
DOC-0008006,LG-000790,Compensation Document,1,0,1,2024-09-29,,Submitted
DOC-0008007,LG-000791,Compensation Document,1,0,1,2024-12-01,,Submitted
DOC-0008008,LG-000791,Compensation Document,1,0,0,2024-12-02,,Submitted
DOC-0008009,LG-000791,Land Record,1,1,0,2025-01-09,2025-01-24,Verified
DOC-0008010,LG-000791,Land Record,0,0,1,,,Pending
DOC-0008011,LG-000791,Compensation Document,1,0,1,2024-11-29,,Submitted
DOC-0008012,LG-000791,Identity Document,1,1,1,2024-11-25,2024-12-17,Verified
DOC-0008013,LG-000792,Compensation Document,0,0,0,,,Pending
DOC-0008014,LG-000792,Identity Document,1,0,0,2022-11-05,,Submitted
DOC-0008015,LG-000792,Identity Document,0,0,1,,,Pending
DOC-0008016,LG-000792,Land Record,0,0,0,,,Pending
DOC-0008017,LG-000792,Compensation Document,1,1,1,2022-10-20,2022-11-23,Verified
DOC-0008018,LG-000792,Land Record,0,0,1,,,Pending
DOC-0008019,LG-000792,Land Record,1,1,0,2022-11-10,2022-12-14,Verified
DOC-0008020,LG-000793,Compensation Document,1,0,1,2021-05-09,,Submitted
DOC-0008021,LG-000793,Ownership Proof,1,1,0,2021-05-16,2021-05-31,Verified
DOC-0008022,LG-000793,Survey Record,1,0,1,2021-05-03,,Submitted
DOC-0008023,LG-000793,Identity Document,0,0,1,,,Pending
DOC-0008024,LG-000793,Land Record,0,0,1,,,Pending
DOC-0008025,LG-000793,Identity Document,1,1,0,2021-04-07,2021-04-25,Verified
DOC-0008026,LG-000793,Ownership Proof,1,1,0,2021-04-19,2021-05-20,Verified
DOC-0008027,LG-000793,Compensation Document,0,0,0,,,Pending
DOC-0008028,LG-000793,Land Record,0,0,1,,,Pending
DOC-0008029,LG-000793,Identity Document,1,1,1,2021-03-30,2021-04-22,Verified
DOC-0008030,LG-000793,Land Record,1,1,1,2021-05-12,2021-05-31,Verified
DOC-0008031,LG-000793,Survey Record,1,0,1,2021-04-15,,Submitted
DOC-0008032,LG-000793,Identity Document,1,0,1,2021-04-09,,Submitted
DOC-0008033,LG-000793,Identity Document,1,1,0,2021-05-17,2021-06-12,Verified
DOC-0008034,LG-000793,Compensation Document,1,0,1,2021-05-13,,Submitted
DOC-0008035,LG-000794,Survey Record,1,1,0,2024-07-30,2024-09-02,Verified
DOC-0008036,LG-000794,Land Record,1,1,0,2024-06-15,2024-07-24,Verified
DOC-0008037,LG-000794,Survey Record,1,1,0,2024-07-08,2024-07-30,Verified
DOC-0008038,LG-000794,Survey Record,1,1,0,2024-06-14,2024-06-24,Verified
DOC-0008039,LG-000794,Land Record,1,1,0,2024-06-15,2024-06-30,Verified
DOC-0008040,LG-000794,Ownership Proof,1,0,0,2024-06-25,,Submitted
DOC-0008041,LG-000795,Land Record,1,1,1,2022-10-24,2022-11-30,Verified
DOC-0008042,LG-000795,Identity Document,0,0,1,,,Pending
DOC-0008043,LG-000795,Compensation Document,1,0,0,2022-09-09,,Submitted
DOC-0008044,LG-000795,Land Record,0,0,0,,,Pending
DOC-0008045,LG-000795,Land Record,1,0,0,2022-09-22,,Submitted
DOC-0008046,LG-000795,Survey Record,1,0,0,2022-09-16,,Submitted
DOC-0008047,LG-000796,Land Record,1,0,0,2019-04-25,,Submitted
DOC-0008048,LG-000796,Identity Document,0,0,1,,,Pending
DOC-0008049,LG-000796,Identity Document,0,0,1,,,Pending
DOC-0008050,LG-000796,Identity Document,1,0,0,2019-05-12,,Submitted
DOC-0008051,LG-000796,Ownership Proof,1,0,0,2019-06-03,,Submitted
DOC-0008052,LG-000796,Land Record,0,0,0,,,Pending
DOC-0008053,LG-000796,Survey Record,1,0,1,2019-05-03,,Submitted
DOC-0008054,LG-000796,Land Record,1,0,0,2019-04-23,,Submitted
DOC-0008055,LG-000796,Identity Document,1,0,1,2019-05-21,,Submitted
DOC-0008056,LG-000796,Land Record,1,1,0,2019-05-08,2019-05-21,Verified
DOC-0008057,LG-000796,Ownership Proof,1,1,0,2019-04-13,2019-05-11,Verified
DOC-0008058,LG-000796,Compensation Document,1,1,1,2019-05-10,2019-06-13,Verified
DOC-0008059,LG-000796,Land Record,1,1,0,2019-04-15,2019-04-25,Verified
DOC-0008060,LG-000796,Compensation Document,1,1,1,2019-04-30,2019-05-26,Verified
DOC-0008061,LG-000797,Land Record,1,1,0,2022-07-17,2022-08-25,Verified
DOC-0008062,LG-000797,Ownership Proof,1,0,1,2022-07-25,,Submitted
DOC-0008063,LG-000797,Survey Record,1,1,0,2022-09-08,2022-10-10,Verified
DOC-0008064,LG-000797,Compensation Document,1,0,1,2022-07-27,,Submitted
DOC-0008065,LG-000797,Survey Record,1,1,0,2022-07-20,2022-08-11,Verified
DOC-0008066,LG-000797,Identity Document,1,1,0,2022-08-31,2022-09-30,Verified
DOC-0008067,LG-000797,Identity Document,0,0,0,,,Pending
DOC-0008068,LG-000797,Compensation Document,1,1,1,2022-09-05,2022-10-13,Verified
DOC-0008069,LG-000797,Compensation Document,1,1,1,2022-07-30,2022-08-11,Verified
DOC-0008070,LG-000797,Land Record,1,1,1,2022-08-24,2022-09-21,Verified
DOC-0008071,LG-000797,Ownership Proof,1,1,0,2022-08-11,2022-08-23,Verified
DOC-0008072,LG-000797,Survey Record,1,1,0,2022-08-29,2022-10-04,Verified
DOC-0008073,LG-000797,Identity Document,1,1,1,2022-08-30,2022-09-12,Verified
DOC-0008074,LG-000797,Survey Record,1,0,1,2022-09-08,,Submitted
DOC-0008075,LG-000798,Compensation Document,1,1,1,2020-10-19,2020-11-05,Verified
DOC-0008076,LG-000798,Survey Record,1,1,1,2020-09-09,2020-09-30,Verified
DOC-0008077,LG-000798,Identity Document,0,0,0,,,Pending
DOC-0008078,LG-000798,Land Record,1,1,0,2020-10-09,2020-10-29,Verified
DOC-0008079,LG-000798,Survey Record,1,1,0,2020-10-09,2020-11-01,Verified
DOC-0008080,LG-000798,Land Record,1,0,0,2020-10-11,,Submitted
DOC-0008081,LG-000798,Compensation Document,1,1,0,2020-09-20,2020-10-05,Verified
DOC-0008082,LG-000798,Compensation Document,1,0,0,2020-09-28,,Submitted
DOC-0008083,LG-000798,Land Record,1,1,0,2020-09-06,2020-10-06,Verified
DOC-0008084,LG-000798,Survey Record,1,1,0,2020-09-09,2020-09-22,Verified
DOC-0008085,LG-000798,Compensation Document,1,1,1,2020-10-15,2020-10-26,Verified
DOC-0008086,LG-000799,Land Record,1,1,0,2022-12-14,2023-01-17,Verified
DOC-0008087,LG-000799,Compensation Document,1,1,0,2022-12-29,2023-01-24,Verified
DOC-0008088,LG-000799,Land Record,1,1,0,2022-11-22,2022-12-28,Verified
DOC-0008089,LG-000799,Compensation Document,1,1,0,2023-01-07,2023-02-08,Verified
DOC-0008090,LG-000799,Ownership Proof,1,1,0,2022-11-27,2022-12-29,Verified
DOC-0008091,LG-000799,Ownership Proof,0,0,0,,,Pending
DOC-0008092,LG-000799,Survey Record,1,1,0,2022-12-14,2023-01-16,Verified
DOC-0008093,LG-000799,Compensation Document,1,0,0,2023-01-04,,Submitted
DOC-0008094,LG-000800,Survey Record,1,0,0,2018-09-04,,Submitted
DOC-0008095,LG-000800,Compensation Document,1,0,0,2018-09-17,,Submitted
DOC-0008096,LG-000800,Ownership Proof,1,0,0,2018-08-26,,Submitted
DOC-0008097,LG-000800,Land Record,1,1,0,2018-09-11,2018-10-09,Verified
DOC-0008098,LG-000800,Ownership Proof,0,0,0,,,Pending
DOC-0008099,LG-000800,Survey Record,1,0,0,2018-09-22,,Submitted
DOC-0008100,LG-000800,Survey Record,1,1,0,2018-09-22,2018-10-22,Verified
DOC-0008101,LG-000800,Identity Document,0,0,0,,,Pending
DOC-0008102,LG-000800,Land Record,1,1,0,2018-09-16,2018-10-20,Verified
DOC-0008103,LG-000800,Compensation Document,1,1,0,2018-08-26,2018-09-08,Verified
DOC-0008104,LG-000800,Compensation Document,1,1,0,2018-08-31,2018-10-08,Verified
DOC-0008105,LG-000800,Land Record,1,0,0,2018-09-22,,Submitted
DOC-0008106,LG-000801,Ownership Proof,1,0,0,2022-02-13,,Submitted
DOC-0008107,LG-000801,Compensation Document,1,1,1,2021-12-26,2022-02-01,Verified
DOC-0008108,LG-000801,Identity Document,1,1,1,2021-12-26,2022-01-15,Verified
DOC-0008109,LG-000801,Survey Record,0,0,1,,,Pending
DOC-0008110,LG-000801,Compensation Document,1,1,1,2021-12-27,2022-01-17,Verified
DOC-0008111,LG-000801,Identity Document,1,1,1,2022-02-10,2022-02-28,Verified
DOC-0008112,LG-000801,Identity Document,1,1,0,2022-01-09,2022-02-06,Verified
DOC-0008113,LG-000801,Land Record,1,1,0,2022-01-10,2022-02-18,Verified
DOC-0008114,LG-000801,Ownership Proof,1,1,1,2022-02-10,2022-03-06,Verified
DOC-0008115,LG-000801,Land Record,0,0,1,,,Pending
DOC-0008116,LG-000801,Survey Record,1,1,0,2022-01-16,2022-02-08,Verified
DOC-0008117,LG-000801,Ownership Proof,1,0,1,2022-02-05,,Submitted
DOC-0008118,LG-000801,Identity Document,1,1,0,2022-01-19,2022-02-09,Verified
DOC-0008119,LG-000802,Land Record,1,1,0,2019-02-26,2019-03-08,Verified
DOC-0008120,LG-000802,Compensation Document,1,1,0,2019-03-21,2019-04-11,Verified
DOC-0008121,LG-000802,Ownership Proof,1,1,0,2019-02-25,2019-03-21,Verified
DOC-0008122,LG-000802,Identity Document,1,1,0,2019-04-07,2019-04-21,Verified
DOC-0008123,LG-000802,Ownership Proof,1,1,0,2019-04-09,2019-04-20,Verified
DOC-0008124,LG-000802,Ownership Proof,1,0,0,2019-04-06,,Submitted
DOC-0008125,LG-000802,Survey Record,1,0,0,2019-03-18,,Submitted
DOC-0008126,LG-000802,Identity Document,1,1,0,2019-03-27,2019-05-02,Verified
DOC-0008127,LG-000802,Ownership Proof,1,1,0,2019-03-22,2019-04-09,Verified
DOC-0008128,LG-000802,Ownership Proof,1,0,0,2019-04-14,,Submitted
DOC-0008129,LG-000802,Identity Document,1,0,0,2019-04-09,,Submitted
DOC-0008130,LG-000802,Land Record,1,1,0,2019-03-08,2019-04-02,Verified
DOC-0008131,LG-000802,Survey Record,1,0,0,2019-03-04,,Submitted
DOC-0008132,LG-000802,Ownership Proof,1,1,0,2019-03-31,2019-04-23,Verified
DOC-0008133,LG-000802,Survey Record,1,1,0,2019-03-28,2019-04-07,Verified
DOC-0008134,LG-000803,Compensation Document,0,0,1,,,Pending
DOC-0008135,LG-000803,Identity Document,1,1,0,2018-12-03,2018-12-28,Verified
DOC-0008136,LG-000803,Survey Record,1,1,0,2018-11-25,2018-12-14,Verified
DOC-0008137,LG-000803,Survey Record,1,1,0,2018-11-17,2018-12-27,Verified
DOC-0008138,LG-000803,Land Record,1,1,1,2018-11-03,2018-11-27,Verified
DOC-0008139,LG-000803,Compensation Document,0,0,1,,,Pending
DOC-0008140,LG-000803,Compensation Document,1,1,1,2018-11-27,2018-12-23,Verified
DOC-0008141,LG-000803,Ownership Proof,1,1,1,2018-12-15,2019-01-05,Verified
DOC-0008142,LG-000803,Land Record,1,1,0,2018-11-30,2018-12-28,Verified
DOC-0008143,LG-000803,Land Record,0,0,1,,,Pending
DOC-0008144,LG-000803,Identity Document,0,0,0,,,Pending
DOC-0008145,LG-000803,Ownership Proof,1,1,1,2018-11-03,2018-11-21,Verified
DOC-0008146,LG-000804,Ownership Proof,1,0,0,2023-02-03,,Submitted
DOC-0008147,LG-000804,Land Record,1,1,0,2022-12-25,2023-01-04,Verified
DOC-0008148,LG-000804,Land Record,1,1,0,2023-02-01,2023-03-10,Verified
DOC-0008149,LG-000804,Survey Record,1,1,0,2022-12-30,2023-02-05,Verified
DOC-0008150,LG-000804,Survey Record,1,0,0,2023-01-23,,Submitted
DOC-0008151,LG-000804,Ownership Proof,1,1,0,2023-01-31,2023-03-11,Verified
DOC-0008152,LG-000804,Identity Document,1,1,0,2022-12-28,2023-02-03,Verified
DOC-0008153,LG-000804,Compensation Document,1,1,0,2022-12-27,2023-01-12,Verified
DOC-0008154,LG-000804,Identity Document,1,1,0,2023-02-13,2023-03-20,Verified
DOC-0008155,LG-000804,Identity Document,1,1,0,2022-12-29,2023-01-11,Verified
DOC-0008156,LG-000804,Land Record,1,0,0,2023-02-06,,Submitted
DOC-0008157,LG-000804,Land Record,1,1,0,2022-12-29,2023-01-23,Verified
DOC-0008158,LG-000804,Survey Record,1,1,1,2023-01-12,2023-02-06,Verified
DOC-0008159,LG-000805,Compensation Document,1,0,0,2018-10-26,,Submitted
DOC-0008160,LG-000805,Ownership Proof,1,1,0,2018-12-03,2019-01-06,Verified
DOC-0008161,LG-000805,Ownership Proof,1,0,1,2018-12-15,,Submitted
DOC-0008162,LG-000805,Identity Document,1,1,0,2018-12-15,2019-01-10,Verified
DOC-0008163,LG-000805,Land Record,1,1,0,2018-12-03,2018-12-20,Verified
DOC-0008164,LG-000805,Survey Record,1,1,0,2018-11-20,2018-12-12,Verified
DOC-0008165,LG-000805,Ownership Proof,1,1,0,2018-12-04,2019-01-13,Verified
DOC-0008166,LG-000805,Ownership Proof,1,1,0,2018-11-13,2018-12-04,Verified
DOC-0008167,LG-000806,Ownership Proof,1,1,0,2021-04-02,2021-05-05,Verified
DOC-0008168,LG-000806,Compensation Document,1,1,0,2021-04-16,2021-05-01,Verified
DOC-0008169,LG-000806,Land Record,1,1,0,2021-04-27,2021-05-20,Verified
DOC-0008170,LG-000806,Survey Record,1,1,0,2021-05-15,2021-06-23,Verified
DOC-0008171,LG-000806,Ownership Proof,0,0,0,,,Pending
DOC-0008172,LG-000806,Survey Record,1,1,0,2021-04-09,2021-05-13,Verified
DOC-0008173,LG-000806,Land Record,1,0,0,2021-04-20,,Submitted
DOC-0008174,LG-000806,Survey Record,1,0,0,2021-05-20,,Submitted
DOC-0008175,LG-000806,Compensation Document,1,1,0,2021-04-11,2021-05-10,Verified
DOC-0008176,LG-000806,Compensation Document,1,1,0,2021-04-05,2021-05-07,Verified
DOC-0008177,LG-000807,Land Record,1,0,0,2024-10-31,,Submitted
DOC-0008178,LG-000807,Ownership Proof,1,0,1,2024-11-14,,Submitted
DOC-0008179,LG-000807,Identity Document,1,1,0,2024-10-29,2024-11-29,Verified
DOC-0008180,LG-000807,Compensation Document,1,1,1,2024-11-02,2024-11-17,Verified
DOC-0008181,LG-000807,Identity Document,1,1,0,2024-10-21,2024-11-22,Verified
DOC-0008182,LG-000807,Land Record,1,1,1,2024-10-30,2024-12-08,Verified
DOC-0008183,LG-000807,Identity Document,1,1,0,2024-11-08,2024-12-17,Verified
DOC-0008184,LG-000807,Ownership Proof,0,0,1,,,Pending
DOC-0008185,LG-000807,Survey Record,1,1,1,2024-11-18,2024-12-25,Verified
DOC-0008186,LG-000807,Compensation Document,1,1,0,2024-10-26,2024-12-05,Verified
DOC-0008187,LG-000807,Compensation Document,1,1,0,2024-11-02,2024-11-27,Verified
DOC-0008188,LG-000807,Identity Document,1,0,0,2024-10-13,,Submitted
DOC-0008189,LG-000808,Survey Record,1,1,0,2022-03-28,2022-04-20,Verified
DOC-0008190,LG-000808,Compensation Document,1,1,0,2022-02-20,2022-03-20,Verified
DOC-0008191,LG-000808,Identity Document,1,1,0,2022-03-28,2022-04-18,Verified
DOC-0008192,LG-000808,Land Record,1,0,0,2022-02-28,,Submitted
DOC-0008193,LG-000808,Land Record,1,0,0,2022-03-18,,Submitted
DOC-0008194,LG-000808,Identity Document,1,0,0,2022-03-22,,Submitted
DOC-0008195,LG-000809,Identity Document,1,0,0,2020-10-03,,Submitted
DOC-0008196,LG-000809,Ownership Proof,1,0,1,2020-08-24,,Submitted
DOC-0008197,LG-000809,Identity Document,0,0,0,,,Pending
DOC-0008198,LG-000809,Survey Record,1,1,1,2020-10-06,2020-10-28,Verified
DOC-0008199,LG-000809,Land Record,1,1,1,2020-09-11,2020-09-22,Verified
DOC-0008200,LG-000809,Land Record,1,1,0,2020-10-02,2020-11-04,Verified
DOC-0008201,LG-000809,Identity Document,1,1,1,2020-09-03,2020-09-15,Verified
DOC-0008202,LG-000809,Survey Record,1,1,1,2020-09-11,2020-09-21,Verified
DOC-0008203,LG-000810,Land Record,1,1,0,2021-03-08,2021-03-30,Verified
DOC-0008204,LG-000810,Ownership Proof,1,1,0,2021-03-14,2021-03-26,Verified
DOC-0008205,LG-000810,Ownership Proof,1,1,0,2021-03-17,2021-04-24,Verified
DOC-0008206,LG-000810,Compensation Document,1,0,0,2021-04-19,,Submitted
DOC-0008207,LG-000810,Survey Record,1,0,1,2021-03-27,,Submitted
DOC-0008208,LG-000810,Land Record,1,0,0,2021-04-03,,Submitted
DOC-0008209,LG-000810,Identity Document,1,0,0,2021-04-12,,Submitted
DOC-0008210,LG-000810,Survey Record,1,1,0,2021-04-27,2021-05-31,Verified
DOC-0008211,LG-000810,Survey Record,1,1,0,2021-04-01,2021-04-14,Verified
DOC-0008212,LG-000810,Identity Document,1,1,0,2021-04-26,2021-05-13,Verified
DOC-0008213,LG-000811,Survey Record,1,1,0,2020-02-12,2020-02-24,Verified
DOC-0008214,LG-000811,Compensation Document,1,1,0,2020-03-12,2020-03-25,Verified
DOC-0008215,LG-000811,Land Record,0,0,1,,,Pending
DOC-0008216,LG-000811,Survey Record,1,1,1,2020-03-17,2020-04-14,Verified
DOC-0008217,LG-000811,Survey Record,1,1,1,2020-02-28,2020-04-05,Verified
DOC-0008218,LG-000811,Survey Record,1,1,0,2020-03-06,2020-03-18,Verified
DOC-0008219,LG-000811,Compensation Document,1,1,1,2020-02-18,2020-03-10,Verified
DOC-0008220,LG-000812,Survey Record,1,0,0,2018-05-13,,Submitted
DOC-0008221,LG-000812,Land Record,1,1,0,2018-06-02,2018-07-07,Verified
DOC-0008222,LG-000812,Compensation Document,1,1,0,2018-04-26,2018-05-08,Verified
DOC-0008223,LG-000812,Identity Document,1,0,0,2018-05-22,,Submitted
DOC-0008224,LG-000812,Land Record,1,1,0,2018-05-27,2018-06-25,Verified
DOC-0008225,LG-000812,Survey Record,1,0,0,2018-05-01,,Submitted
DOC-0008226,LG-000812,Survey Record,1,0,0,2018-05-23,,Submitted
DOC-0008227,LG-000812,Survey Record,1,0,0,2018-04-22,,Submitted
DOC-0008228,LG-000812,Ownership Proof,1,1,1,2018-05-29,2018-07-03,Verified
DOC-0008229,LG-000812,Survey Record,1,1,1,2018-04-19,2018-05-13,Verified
DOC-0008230,LG-000812,Ownership Proof,1,0,0,2018-05-09,,Submitted
DOC-0008231,LG-000812,Ownership Proof,1,1,0,2018-05-10,2018-06-16,Verified
DOC-0008232,LG-000812,Identity Document,1,1,0,2018-05-29,2018-06-15,Verified
DOC-0008233,LG-000812,Compensation Document,1,0,0,2018-06-05,,Submitted
DOC-0008234,LG-000812,Land Record,1,1,0,2018-05-09,2018-06-11,Verified
DOC-0008235,LG-000813,Survey Record,1,0,1,2021-08-27,,Submitted
DOC-0008236,LG-000813,Ownership Proof,1,1,0,2021-09-30,2021-11-03,Verified
DOC-0008237,LG-000813,Land Record,0,0,0,,,Pending
DOC-0008238,LG-000813,Ownership Proof,1,1,1,2021-09-20,2021-10-15,Verified
DOC-0008239,LG-000813,Compensation Document,1,1,1,2021-09-05,2021-10-08,Verified
DOC-0008240,LG-000813,Land Record,1,1,0,2021-09-10,2021-10-18,Verified
DOC-0008241,LG-000813,Ownership Proof,1,1,1,2021-09-20,2021-10-03,Verified
DOC-0008242,LG-000813,Compensation Document,1,0,0,2021-08-21,,Submitted
DOC-0008243,LG-000813,Land Record,1,0,0,2021-09-15,,Submitted
DOC-0008244,LG-000813,Land Record,0,0,0,,,Pending
DOC-0008245,LG-000813,Compensation Document,1,1,0,2021-08-29,2021-09-10,Verified
DOC-0008246,LG-000814,Land Record,1,1,0,2024-12-04,2025-01-06,Verified
DOC-0008247,LG-000814,Ownership Proof,1,1,0,2024-11-27,2024-12-31,Verified
DOC-0008248,LG-000814,Survey Record,1,0,0,2024-12-01,,Submitted
DOC-0008249,LG-000814,Ownership Proof,1,0,0,2025-01-18,,Submitted
DOC-0008250,LG-000814,Ownership Proof,1,1,0,2024-12-14,2025-01-11,Verified
DOC-0008251,LG-000815,Ownership Proof,1,1,0,2018-02-16,2018-03-12,Verified
DOC-0008252,LG-000815,Compensation Document,0,0,0,,,Pending
DOC-0008253,LG-000815,Ownership Proof,1,1,0,2018-01-22,2018-03-01,Verified
DOC-0008254,LG-000815,Survey Record,1,1,0,2018-02-05,2018-03-06,Verified
DOC-0008255,LG-000815,Compensation Document,1,1,0,2018-01-31,2018-03-03,Verified
DOC-0008256,LG-000815,Land Record,1,1,0,2018-02-24,2018-03-24,Verified
DOC-0008257,LG-000815,Identity Document,1,1,0,2018-02-25,2018-03-25,Verified
DOC-0008258,LG-000815,Compensation Document,1,1,0,2018-02-20,2018-03-27,Verified
DOC-0008259,LG-000815,Identity Document,1,0,0,2018-02-25,,Submitted
DOC-0008260,LG-000815,Ownership Proof,1,1,0,2018-02-28,2018-04-06,Verified
DOC-0008261,LG-000815,Survey Record,1,1,0,2018-01-16,2018-02-18,Verified
DOC-0008262,LG-000815,Land Record,1,0,0,2018-02-26,,Submitted
DOC-0008263,LG-000816,Identity Document,1,1,0,2022-12-04,2022-12-15,Verified
DOC-0008264,LG-000816,Compensation Document,0,0,0,,,Pending
DOC-0008265,LG-000816,Identity Document,1,1,1,2022-12-22,2023-01-31,Verified
DOC-0008266,LG-000816,Compensation Document,1,1,1,2022-11-14,2022-12-23,Verified
DOC-0008267,LG-000816,Survey Record,1,0,1,2022-12-21,,Submitted
DOC-0008268,LG-000816,Compensation Document,1,0,0,2022-11-08,,Submitted
DOC-0008269,LG-000816,Ownership Proof,1,0,1,2022-12-11,,Submitted
DOC-0008270,LG-000816,Land Record,0,0,1,,,Pending
DOC-0008271,LG-000816,Survey Record,0,0,1,,,Pending
DOC-0008272,LG-000816,Survey Record,1,0,0,2022-11-02,,Submitted
DOC-0008273,LG-000816,Land Record,1,1,1,2022-11-22,2022-12-20,Verified
DOC-0008274,LG-000816,Land Record,1,1,1,2022-11-14,2022-12-03,Verified
DOC-0008275,LG-000817,Identity Document,0,0,1,,,Pending
DOC-0008276,LG-000817,Land Record,1,1,0,2022-07-28,2022-09-06,Verified
DOC-0008277,LG-000817,Compensation Document,1,1,1,2022-07-22,2022-08-06,Verified
DOC-0008278,LG-000817,Land Record,1,1,1,2022-07-17,2022-08-26,Verified
DOC-0008279,LG-000817,Land Record,1,1,0,2022-08-21,2022-09-02,Verified
DOC-0008280,LG-000817,Ownership Proof,1,1,1,2022-08-25,2022-09-28,Verified
DOC-0008281,LG-000817,Ownership Proof,1,1,1,2022-09-04,2022-10-03,Verified
DOC-0008282,LG-000817,Survey Record,0,0,1,,,Pending
DOC-0008283,LG-000817,Land Record,0,0,0,,,Pending
DOC-0008284,LG-000817,Land Record,1,0,1,2022-07-22,,Submitted
DOC-0008285,LG-000817,Ownership Proof,1,0,0,2022-07-28,,Submitted
DOC-0008286,LG-000817,Identity Document,1,0,1,2022-07-31,,Submitted
DOC-0008287,LG-000817,Compensation Document,1,0,1,2022-07-28,,Submitted
DOC-0008288,LG-000818,Compensation Document,1,0,1,2022-11-21,,Submitted
DOC-0008289,LG-000818,Compensation Document,1,0,0,2022-12-09,,Submitted
DOC-0008290,LG-000818,Survey Record,1,1,0,2022-10-26,2022-12-04,Verified
DOC-0008291,LG-000818,Compensation Document,1,1,1,2022-10-25,2022-11-06,Verified
DOC-0008292,LG-000818,Compensation Document,1,1,1,2022-11-24,2022-12-20,Verified
DOC-0008293,LG-000818,Ownership Proof,1,0,1,2022-10-20,,Submitted
DOC-0008294,LG-000818,Ownership Proof,1,1,0,2022-12-04,2022-12-23,Verified
DOC-0008295,LG-000818,Compensation Document,1,1,1,2022-10-22,2022-11-02,Verified
DOC-0008296,LG-000818,Ownership Proof,1,1,1,2022-11-20,2022-12-30,Verified
DOC-0008297,LG-000818,Ownership Proof,1,1,0,2022-10-24,2022-11-11,Verified
DOC-0008298,LG-000818,Ownership Proof,1,1,1,2022-10-28,2022-11-22,Verified
DOC-0008299,LG-000818,Survey Record,0,0,1,,,Pending
DOC-0008300,LG-000818,Land Record,1,1,0,2022-12-02,2023-01-11,Verified
DOC-0008301,LG-000818,Survey Record,1,1,1,2022-10-17,2022-11-09,Verified
DOC-0008302,LG-000818,Identity Document,1,1,0,2022-11-18,2022-12-25,Verified
DOC-0008303,LG-000819,Identity Document,1,0,1,2023-04-03,,Submitted
DOC-0008304,LG-000819,Compensation Document,1,0,0,2023-04-02,,Submitted
DOC-0008305,LG-000819,Identity Document,1,1,0,2023-04-10,2023-05-13,Verified
DOC-0008306,LG-000819,Ownership Proof,0,0,0,,,Pending
DOC-0008307,LG-000819,Identity Document,1,1,0,2023-03-23,2023-04-10,Verified
DOC-0008308,LG-000820,Identity Document,1,1,0,2020-05-07,2020-06-13,Verified
DOC-0008309,LG-000820,Land Record,1,1,1,2020-04-30,2020-05-20,Verified
DOC-0008310,LG-000820,Survey Record,1,0,1,2020-04-23,,Submitted
DOC-0008311,LG-000820,Ownership Proof,1,0,0,2020-04-22,,Submitted
DOC-0008312,LG-000820,Compensation Document,1,0,1,2020-05-05,,Submitted
DOC-0008313,LG-000820,Survey Record,1,1,0,2020-04-08,2020-05-13,Verified
DOC-0008314,LG-000820,Ownership Proof,1,0,0,2020-04-13,,Submitted
DOC-0008315,LG-000820,Identity Document,0,0,0,,,Pending
DOC-0008316,LG-000820,Land Record,1,0,0,2020-05-18,,Submitted
DOC-0008317,LG-000820,Ownership Proof,1,1,0,2020-05-17,2020-06-13,Verified
DOC-0008318,LG-000820,Compensation Document,1,1,0,2020-04-29,2020-05-15,Verified
DOC-0008319,LG-000820,Land Record,1,1,0,2020-04-18,2020-05-04,Verified
DOC-0008320,LG-000820,Survey Record,1,1,0,2020-04-01,2020-04-28,Verified
DOC-0008321,LG-000820,Compensation Document,1,1,0,2020-04-10,2020-05-04,Verified
DOC-0008322,LG-000820,Land Record,1,1,0,2020-04-22,2020-05-28,Verified
DOC-0008323,LG-000821,Compensation Document,0,0,0,,,Pending
DOC-0008324,LG-000821,Land Record,1,0,0,2018-04-28,,Submitted
DOC-0008325,LG-000821,Ownership Proof,1,1,0,2018-04-01,2018-04-22,Verified
DOC-0008326,LG-000821,Survey Record,1,1,0,2018-04-20,2018-05-13,Verified
DOC-0008327,LG-000821,Land Record,1,0,0,2018-05-03,,Submitted
DOC-0008328,LG-000821,Land Record,1,1,0,2018-03-30,2018-05-07,Verified
DOC-0008329,LG-000822,Survey Record,1,1,0,2021-07-27,2021-08-09,Verified
DOC-0008330,LG-000822,Compensation Document,1,1,0,2021-07-29,2021-08-13,Verified
DOC-0008331,LG-000822,Identity Document,1,1,0,2021-07-24,2021-08-24,Verified
DOC-0008332,LG-000822,Land Record,1,1,0,2021-06-27,2021-07-12,Verified
DOC-0008333,LG-000822,Compensation Document,1,0,0,2021-07-04,,Submitted
DOC-0008334,LG-000823,Land Record,0,0,0,,,Pending
DOC-0008335,LG-000823,Ownership Proof,1,1,0,2021-09-01,2021-09-12,Verified
DOC-0008336,LG-000823,Compensation Document,1,1,0,2021-09-05,2021-09-16,Verified
DOC-0008337,LG-000823,Survey Record,1,1,0,2021-09-17,2021-10-06,Verified
DOC-0008338,LG-000823,Compensation Document,1,1,1,2021-09-18,2021-09-28,Verified
DOC-0008339,LG-000823,Compensation Document,1,1,0,2021-08-29,2021-09-11,Verified
DOC-0008340,LG-000823,Identity Document,1,1,0,2021-09-08,2021-09-25,Verified
DOC-0008341,LG-000823,Survey Record,1,0,0,2021-08-15,,Submitted
DOC-0008342,LG-000823,Ownership Proof,1,1,0,2021-08-20,2021-09-01,Verified
DOC-0008343,LG-000823,Ownership Proof,1,0,0,2021-08-16,,Submitted
DOC-0008344,LG-000823,Ownership Proof,1,0,0,2021-07-31,,Submitted
DOC-0008345,LG-000824,Survey Record,1,1,0,2021-07-31,2021-09-05,Verified
DOC-0008346,LG-000824,Compensation Document,1,0,0,2021-06-29,,Submitted
DOC-0008347,LG-000824,Identity Document,1,1,0,2021-07-12,2021-08-06,Verified
DOC-0008348,LG-000824,Land Record,1,0,0,2021-06-23,,Submitted
DOC-0008349,LG-000824,Compensation Document,1,1,0,2021-08-01,2021-09-05,Verified
DOC-0008350,LG-000824,Identity Document,1,1,0,2021-07-26,2021-08-23,Verified
DOC-0008351,LG-000825,Compensation Document,1,0,0,2022-10-28,,Submitted
DOC-0008352,LG-000825,Identity Document,1,1,0,2022-09-30,2022-10-18,Verified
DOC-0008353,LG-000825,Ownership Proof,1,1,0,2022-09-16,2022-10-01,Verified
DOC-0008354,LG-000825,Compensation Document,1,0,0,2022-10-31,,Submitted
DOC-0008355,LG-000825,Compensation Document,1,1,0,2022-09-19,2022-10-16,Verified
DOC-0008356,LG-000825,Ownership Proof,1,0,0,2022-10-05,,Submitted
DOC-0008357,LG-000825,Identity Document,1,1,0,2022-10-18,2022-10-30,Verified
DOC-0008358,LG-000825,Land Record,1,0,0,2022-09-22,,Submitted
DOC-0008359,LG-000825,Identity Document,1,1,0,2022-09-19,2022-10-19,Verified
DOC-0008360,LG-000825,Compensation Document,1,1,0,2022-10-07,2022-11-11,Verified
DOC-0008361,LG-000826,Survey Record,1,1,0,2023-01-29,2023-03-05,Verified
DOC-0008362,LG-000826,Survey Record,1,1,0,2023-02-03,2023-02-28,Verified
DOC-0008363,LG-000826,Ownership Proof,1,0,0,2023-01-09,,Submitted
DOC-0008364,LG-000826,Survey Record,1,1,0,2023-02-02,2023-02-22,Verified
DOC-0008365,LG-000826,Land Record,1,1,0,2023-02-04,2023-03-04,Verified
DOC-0008366,LG-000826,Compensation Document,1,1,0,2023-02-18,2023-03-20,Verified
DOC-0008367,LG-000826,Compensation Document,1,1,0,2023-01-18,2023-02-19,Verified
DOC-0008368,LG-000826,Identity Document,0,0,0,,,Pending
DOC-0008369,LG-000826,Ownership Proof,1,1,0,2023-01-11,2023-02-10,Verified
DOC-0008370,LG-000826,Survey Record,1,1,0,2023-02-25,2023-03-21,Verified
DOC-0008371,LG-000827,Compensation Document,1,0,0,2021-06-28,,Submitted
DOC-0008372,LG-000827,Compensation Document,1,1,0,2021-05-26,2021-06-10,Verified
DOC-0008373,LG-000827,Ownership Proof,1,1,0,2021-06-19,2021-07-04,Verified
DOC-0008374,LG-000827,Identity Document,1,0,1,2021-06-30,,Submitted
DOC-0008375,LG-000827,Identity Document,1,1,0,2021-05-28,2021-06-13,Verified
DOC-0008376,LG-000827,Survey Record,1,0,0,2021-05-11,,Submitted
DOC-0008377,LG-000827,Land Record,1,1,1,2021-06-30,2021-08-04,Verified
DOC-0008378,LG-000827,Survey Record,1,0,0,2021-05-17,,Submitted
DOC-0008379,LG-000827,Land Record,1,1,0,2021-06-22,2021-07-15,Verified
DOC-0008380,LG-000827,Land Record,1,1,0,2021-05-24,2021-06-28,Verified
DOC-0008381,LG-000827,Compensation Document,1,1,0,2021-07-02,2021-07-18,Verified
DOC-0008382,LG-000827,Compensation Document,1,1,0,2021-06-12,2021-07-15,Verified
DOC-0008383,LG-000827,Ownership Proof,1,0,1,2021-05-22,,Submitted
DOC-0008384,LG-000828,Compensation Document,1,0,0,2024-05-16,,Submitted
DOC-0008385,LG-000828,Identity Document,1,1,0,2024-05-03,2024-05-28,Verified
DOC-0008386,LG-000828,Land Record,1,0,0,2024-04-15,,Submitted
DOC-0008387,LG-000828,Land Record,1,1,0,2024-05-17,2024-06-08,Verified
DOC-0008388,LG-000828,Survey Record,1,1,0,2024-04-30,2024-06-06,Verified
DOC-0008389,LG-000828,Compensation Document,1,1,0,2024-05-28,2024-06-19,Verified
DOC-0008390,LG-000828,Survey Record,1,1,0,2024-05-10,2024-05-30,Verified
DOC-0008391,LG-000828,Identity Document,1,1,0,2024-04-22,2024-05-08,Verified
DOC-0008392,LG-000828,Compensation Document,1,0,0,2024-04-14,,Submitted
DOC-0008393,LG-000828,Survey Record,1,0,0,2024-04-30,,Submitted
DOC-0008394,LG-000828,Survey Record,1,0,0,2024-05-26,,Submitted
DOC-0008395,LG-000828,Identity Document,0,0,0,,,Pending
DOC-0008396,LG-000828,Survey Record,1,0,0,2024-04-29,,Submitted
DOC-0008397,LG-000828,Identity Document,1,1,0,2024-05-28,2024-06-07,Verified
DOC-0008398,LG-000829,Survey Record,1,0,0,2018-11-13,,Submitted
DOC-0008399,LG-000829,Land Record,1,0,0,2018-11-13,,Submitted
DOC-0008400,LG-000829,Land Record,1,1,0,2018-11-22,2018-12-24,Verified
DOC-0008401,LG-000829,Compensation Document,1,1,0,2018-10-26,2018-11-14,Verified
DOC-0008402,LG-000829,Identity Document,0,0,0,,,Pending
DOC-0008403,LG-000830,Identity Document,0,0,0,,,Pending
DOC-0008404,LG-000830,Ownership Proof,1,1,0,2021-01-31,2021-03-05,Verified
DOC-0008405,LG-000830,Survey Record,1,1,1,2021-02-06,2021-03-15,Verified
DOC-0008406,LG-000830,Identity Document,1,0,0,2021-01-28,,Submitted
DOC-0008407,LG-000830,Survey Record,1,1,1,2021-02-06,2021-03-04,Verified
DOC-0008408,LG-000830,Land Record,1,1,0,2020-12-23,2021-01-09,Verified
DOC-0008409,LG-000830,Land Record,1,1,0,2021-01-14,2021-02-01,Verified
DOC-0008410,LG-000831,Ownership Proof,1,1,0,2021-07-07,2021-07-26,Verified
DOC-0008411,LG-000831,Ownership Proof,1,1,0,2021-07-21,2021-08-04,Verified
DOC-0008412,LG-000831,Land Record,1,1,0,2021-07-14,2021-08-15,Verified
DOC-0008413,LG-000831,Compensation Document,1,1,0,2021-07-25,2021-08-11,Verified
DOC-0008414,LG-000831,Compensation Document,1,0,0,2021-07-10,,Submitted
DOC-0008415,LG-000831,Compensation Document,1,0,0,2021-06-28,,Submitted
DOC-0008416,LG-000831,Ownership Proof,1,0,0,2021-07-18,,Submitted
DOC-0008417,LG-000831,Compensation Document,0,0,0,,,Pending
DOC-0008418,LG-000831,Survey Record,1,1,0,2021-08-05,2021-08-31,Verified
DOC-0008419,LG-000831,Land Record,1,1,0,2021-07-01,2021-08-01,Verified
DOC-0008420,LG-000831,Identity Document,1,1,0,2021-06-22,2021-07-04,Verified
DOC-0008421,LG-000831,Land Record,1,0,0,2021-06-21,,Submitted
DOC-0008422,LG-000832,Ownership Proof,1,1,0,2022-12-13,2022-12-26,Verified
DOC-0008423,LG-000832,Compensation Document,1,0,1,2023-01-09,,Submitted
DOC-0008424,LG-000832,Survey Record,1,0,0,2022-12-03,,Submitted
DOC-0008425,LG-000832,Identity Document,1,1,0,2022-12-12,2023-01-16,Verified
DOC-0008426,LG-000832,Identity Document,1,1,0,2022-12-09,2023-01-04,Verified
DOC-0008427,LG-000832,Ownership Proof,1,1,0,2022-12-13,2023-01-03,Verified
DOC-0008428,LG-000832,Identity Document,1,1,0,2023-01-01,2023-01-13,Verified
DOC-0008429,LG-000832,Land Record,1,1,0,2022-12-25,2023-01-14,Verified
DOC-0008430,LG-000832,Ownership Proof,1,1,1,2022-12-28,2023-02-05,Verified
DOC-0008431,LG-000832,Ownership Proof,1,1,0,2023-01-11,2023-02-20,Verified
DOC-0008432,LG-000832,Ownership Proof,1,0,0,2022-11-30,,Submitted
DOC-0008433,LG-000833,Land Record,1,1,0,2024-11-03,2024-12-06,Verified
DOC-0008434,LG-000833,Survey Record,1,1,0,2024-11-16,2024-12-07,Verified
DOC-0008435,LG-000833,Ownership Proof,1,0,0,2024-12-21,,Submitted
DOC-0008436,LG-000833,Compensation Document,1,0,0,2024-12-08,,Submitted
DOC-0008437,LG-000833,Identity Document,1,1,1,2024-11-16,2024-12-08,Verified
DOC-0008438,LG-000833,Land Record,1,1,0,2024-11-18,2024-12-28,Verified
DOC-0008439,LG-000833,Compensation Document,1,1,0,2024-11-18,2024-12-01,Verified
DOC-0008440,LG-000833,Survey Record,1,1,0,2024-11-24,2024-12-27,Verified
DOC-0008441,LG-000833,Compensation Document,1,0,0,2024-11-04,,Submitted
DOC-0008442,LG-000833,Land Record,1,1,0,2024-11-11,2024-11-23,Verified
DOC-0008443,LG-000833,Identity Document,1,1,0,2024-11-17,2024-12-26,Verified
DOC-0008444,LG-000833,Compensation Document,1,1,0,2024-11-28,2024-12-31,Verified
DOC-0008445,LG-000833,Land Record,1,1,0,2024-11-01,2024-11-22,Verified
DOC-0008446,LG-000833,Survey Record,1,0,0,2024-11-17,,Submitted
DOC-0008447,LG-000833,Survey Record,1,1,1,2024-11-18,2024-12-22,Verified
DOC-0008448,LG-000834,Identity Document,1,1,0,2021-12-22,2022-01-11,Verified
DOC-0008449,LG-000834,Survey Record,1,1,0,2021-12-06,2021-12-24,Verified
DOC-0008450,LG-000834,Ownership Proof,1,1,0,2021-12-20,2021-12-30,Verified
DOC-0008451,LG-000834,Identity Document,1,0,1,2021-12-02,,Submitted
DOC-0008452,LG-000834,Ownership Proof,1,0,0,2021-12-24,,Submitted
DOC-0008453,LG-000834,Identity Document,1,1,0,2021-11-29,2021-12-19,Verified
DOC-0008454,LG-000834,Land Record,1,1,0,2022-01-04,2022-01-23,Verified
DOC-0008455,LG-000834,Land Record,1,1,0,2022-01-03,2022-02-01,Verified
DOC-0008456,LG-000834,Identity Document,1,1,0,2021-11-24,2021-12-25,Verified
DOC-0008457,LG-000834,Land Record,1,1,0,2021-12-29,2022-01-10,Verified
DOC-0008458,LG-000834,Land Record,0,0,0,,,Pending
DOC-0008459,LG-000835,Ownership Proof,0,0,0,,,Pending
DOC-0008460,LG-000835,Survey Record,0,0,0,,,Pending
DOC-0008461,LG-000835,Survey Record,1,1,0,2024-05-17,2024-06-22,Verified
DOC-0008462,LG-000835,Ownership Proof,1,0,0,2024-06-04,,Submitted
DOC-0008463,LG-000835,Survey Record,1,0,0,2024-06-27,,Submitted
DOC-0008464,LG-000835,Identity Document,1,0,0,2024-05-29,,Submitted
DOC-0008465,LG-000835,Land Record,1,1,0,2024-05-16,2024-06-10,Verified
DOC-0008466,LG-000835,Land Record,1,1,0,2024-06-10,2024-07-09,Verified
DOC-0008467,LG-000835,Survey Record,0,0,0,,,Pending
DOC-0008468,LG-000836,Land Record,1,0,0,2020-04-15,,Submitted
DOC-0008469,LG-000836,Land Record,1,1,0,2020-05-04,2020-05-31,Verified
DOC-0008470,LG-000836,Ownership Proof,0,0,0,,,Pending
DOC-0008471,LG-000836,Identity Document,1,1,0,2020-05-05,2020-05-20,Verified
DOC-0008472,LG-000836,Compensation Document,1,1,0,2020-04-10,2020-04-22,Verified
DOC-0008473,LG-000836,Survey Record,1,0,0,2020-04-03,,Submitted
DOC-0008474,LG-000836,Survey Record,1,1,0,2020-05-15,2020-05-28,Verified
DOC-0008475,LG-000836,Ownership Proof,1,1,0,2020-04-26,2020-05-11,Verified
DOC-0008476,LG-000836,Survey Record,1,1,0,2020-04-01,2020-05-09,Verified
DOC-0008477,LG-000837,Land Record,1,1,0,2018-03-01,2018-03-18,Verified
DOC-0008478,LG-000837,Compensation Document,1,0,0,2018-03-21,,Submitted
DOC-0008479,LG-000837,Survey Record,1,0,0,2018-03-22,,Submitted
DOC-0008480,LG-000837,Compensation Document,1,1,0,2018-03-07,2018-04-03,Verified
DOC-0008481,LG-000837,Land Record,1,1,0,2018-03-02,2018-03-20,Verified
DOC-0008482,LG-000837,Ownership Proof,1,0,0,2018-03-24,,Submitted
DOC-0008483,LG-000837,Identity Document,0,0,0,,,Pending
DOC-0008484,LG-000837,Identity Document,1,0,0,2018-02-26,,Submitted
DOC-0008485,LG-000837,Compensation Document,1,0,1,2018-03-06,,Submitted
DOC-0008486,LG-000838,Ownership Proof,1,0,0,2022-04-22,,Submitted
DOC-0008487,LG-000838,Land Record,1,0,0,2022-05-14,,Submitted
DOC-0008488,LG-000838,Land Record,1,0,0,2022-05-10,,Submitted
DOC-0008489,LG-000838,Land Record,1,0,0,2022-04-24,,Submitted
DOC-0008490,LG-000838,Survey Record,1,0,0,2022-04-15,,Submitted
DOC-0008491,LG-000838,Land Record,1,1,0,2022-05-08,2022-05-22,Verified
DOC-0008492,LG-000838,Identity Document,1,1,0,2022-04-25,2022-06-03,Verified
DOC-0008493,LG-000838,Compensation Document,1,1,0,2022-04-24,2022-05-19,Verified
DOC-0008494,LG-000838,Survey Record,1,0,0,2022-04-15,,Submitted
DOC-0008495,LG-000838,Compensation Document,1,1,0,2022-05-06,2022-05-21,Verified
DOC-0008496,LG-000838,Survey Record,1,0,0,2022-04-18,,Submitted
DOC-0008497,LG-000838,Ownership Proof,1,1,0,2022-05-29,2022-07-02,Verified
DOC-0008498,LG-000838,Identity Document,1,1,0,2022-04-18,2022-05-19,Verified
DOC-0008499,LG-000838,Compensation Document,1,1,0,2022-05-02,2022-05-19,Verified
DOC-0008500,LG-000838,Compensation Document,1,1,0,2022-04-23,2022-05-15,Verified
DOC-0008501,LG-000839,Identity Document,1,1,0,2020-07-16,2020-08-13,Verified
DOC-0008502,LG-000839,Land Record,1,1,0,2020-06-02,2020-06-19,Verified
DOC-0008503,LG-000839,Ownership Proof,1,1,0,2020-06-25,2020-08-03,Verified
DOC-0008504,LG-000839,Land Record,1,1,0,2020-06-29,2020-07-24,Verified
DOC-0008505,LG-000839,Survey Record,1,1,0,2020-07-03,2020-08-12,Verified
DOC-0008506,LG-000839,Land Record,1,1,0,2020-06-08,2020-06-26,Verified
DOC-0008507,LG-000839,Compensation Document,1,0,0,2020-06-19,,Submitted
DOC-0008508,LG-000839,Ownership Proof,1,1,0,2020-06-25,2020-07-13,Verified
DOC-0008509,LG-000839,Ownership Proof,1,1,0,2020-06-02,2020-06-30,Verified
DOC-0008510,LG-000839,Survey Record,0,0,0,,,Pending
DOC-0008511,LG-000839,Survey Record,1,1,0,2020-07-16,2020-08-10,Verified
DOC-0008512,LG-000839,Ownership Proof,1,0,0,2020-06-22,,Submitted
DOC-0008513,LG-000839,Identity Document,1,0,0,2020-06-09,,Submitted
DOC-0008514,LG-000840,Compensation Document,1,1,0,2019-12-11,2020-01-15,Verified
DOC-0008515,LG-000840,Identity Document,1,1,0,2020-01-18,2020-02-08,Verified
DOC-0008516,LG-000840,Land Record,1,0,0,2020-01-09,,Submitted
DOC-0008517,LG-000840,Land Record,1,1,0,2019-12-30,2020-01-18,Verified
DOC-0008518,LG-000840,Survey Record,1,0,0,2020-01-23,,Submitted
DOC-0008519,LG-000840,Identity Document,0,0,0,,,Pending
DOC-0008520,LG-000840,Ownership Proof,1,1,0,2020-01-13,2020-02-03,Verified
DOC-0008521,LG-000840,Land Record,1,0,0,2020-01-07,,Submitted
DOC-0008522,LG-000840,Compensation Document,1,0,0,2020-01-26,,Submitted
DOC-0008523,LG-000840,Land Record,1,1,0,2020-01-02,2020-01-23,Verified
DOC-0008524,LG-000841,Identity Document,1,0,0,2018-05-04,,Submitted
DOC-0008525,LG-000841,Ownership Proof,1,1,0,2018-04-01,2018-04-21,Verified
DOC-0008526,LG-000841,Land Record,1,1,0,2018-04-29,2018-05-25,Verified
DOC-0008527,LG-000841,Survey Record,1,0,0,2018-04-14,,Submitted
DOC-0008528,LG-000841,Compensation Document,1,1,0,2018-03-26,2018-04-06,Verified
DOC-0008529,LG-000841,Compensation Document,1,1,0,2018-04-29,2018-06-04,Verified
DOC-0008530,LG-000841,Compensation Document,1,1,0,2018-03-28,2018-05-03,Verified
DOC-0008531,LG-000841,Identity Document,1,1,0,2018-03-19,2018-04-15,Verified
DOC-0008532,LG-000841,Ownership Proof,1,1,0,2018-05-01,2018-05-26,Verified
DOC-0008533,LG-000841,Identity Document,1,1,0,2018-03-24,2018-04-12,Verified
DOC-0008534,LG-000841,Land Record,1,0,0,2018-04-13,,Submitted
DOC-0008535,LG-000841,Compensation Document,1,1,1,2018-03-24,2018-04-28,Verified
DOC-0008536,LG-000841,Land Record,1,0,1,2018-04-06,,Submitted
DOC-0008537,LG-000841,Ownership Proof,1,1,0,2018-03-25,2018-04-24,Verified
DOC-0008538,LG-000841,Identity Document,1,0,0,2018-04-06,,Submitted
DOC-0008539,LG-000842,Survey Record,0,0,0,,,Pending
DOC-0008540,LG-000842,Survey Record,1,1,0,2020-04-25,2020-05-27,Verified
DOC-0008541,LG-000842,Ownership Proof,1,1,1,2020-04-09,2020-05-08,Verified
DOC-0008542,LG-000842,Compensation Document,1,0,0,2020-04-13,,Submitted
DOC-0008543,LG-000842,Ownership Proof,1,1,0,2020-05-21,2020-06-05,Verified
DOC-0008544,LG-000842,Survey Record,1,0,1,2020-06-01,,Submitted
DOC-0008545,LG-000842,Identity Document,1,1,1,2020-05-06,2020-05-17,Verified
DOC-0008546,LG-000842,Survey Record,1,1,0,2020-04-14,2020-05-04,Verified
DOC-0008547,LG-000842,Compensation Document,1,0,0,2020-04-11,,Submitted
DOC-0008548,LG-000842,Survey Record,1,0,0,2020-06-01,,Submitted
DOC-0008549,LG-000843,Compensation Document,1,1,1,2021-01-14,2021-02-18,Verified
DOC-0008550,LG-000843,Identity Document,1,1,0,2021-02-03,2021-02-26,Verified
DOC-0008551,LG-000843,Land Record,1,0,0,2021-01-18,,Submitted
DOC-0008552,LG-000843,Identity Document,1,1,1,2020-12-26,2021-02-01,Verified
DOC-0008553,LG-000843,Survey Record,1,1,0,2021-01-29,2021-03-08,Verified
DOC-0008554,LG-000844,Compensation Document,1,1,0,2022-12-12,2023-01-13,Verified
DOC-0008555,LG-000844,Identity Document,1,1,1,2022-11-20,2022-12-29,Verified
DOC-0008556,LG-000844,Compensation Document,0,0,1,,,Pending
DOC-0008557,LG-000844,Ownership Proof,1,1,1,2022-12-11,2022-12-26,Verified
DOC-0008558,LG-000844,Survey Record,1,1,1,2022-10-28,2022-11-08,Verified
DOC-0008559,LG-000844,Survey Record,1,1,0,2022-11-25,2022-12-22,Verified
DOC-0008560,LG-000844,Land Record,1,1,1,2022-12-01,2022-12-18,Verified
DOC-0008561,LG-000844,Ownership Proof,1,1,1,2022-10-25,2022-11-23,Verified
DOC-0008562,LG-000844,Identity Document,1,0,1,2022-11-02,,Submitted
DOC-0008563,LG-000844,Survey Record,0,0,1,,,Pending
DOC-0008564,LG-000844,Land Record,1,1,0,2022-10-25,2022-11-22,Verified
DOC-0008565,LG-000844,Ownership Proof,1,1,1,2022-11-08,2022-12-07,Verified
DOC-0008566,LG-000844,Ownership Proof,1,1,0,2022-11-07,2022-12-01,Verified
DOC-0008567,LG-000845,Compensation Document,1,1,0,2024-03-26,2024-04-26,Verified
DOC-0008568,LG-000845,Compensation Document,1,1,1,2024-03-27,2024-04-17,Verified
DOC-0008569,LG-000845,Survey Record,1,1,1,2024-03-10,2024-04-04,Verified
DOC-0008570,LG-000845,Compensation Document,1,0,0,2024-02-23,,Submitted
DOC-0008571,LG-000845,Land Record,1,1,1,2024-03-09,2024-04-06,Verified
DOC-0008572,LG-000846,Land Record,1,1,1,2018-06-15,2018-06-27,Verified
DOC-0008573,LG-000846,Compensation Document,1,1,0,2018-05-10,2018-06-08,Verified
DOC-0008574,LG-000846,Identity Document,1,1,0,2018-06-01,2018-06-17,Verified
DOC-0008575,LG-000846,Survey Record,1,0,0,2018-05-07,,Submitted
DOC-0008576,LG-000846,Identity Document,1,1,1,2018-05-19,2018-06-11,Verified
DOC-0008577,LG-000846,Identity Document,1,1,1,2018-05-10,2018-06-17,Verified
DOC-0008578,LG-000846,Survey Record,1,1,0,2018-06-28,2018-07-30,Verified
DOC-0008579,LG-000846,Compensation Document,1,1,0,2018-05-11,2018-06-01,Verified
DOC-0008580,LG-000846,Ownership Proof,1,1,0,2018-06-26,2018-07-21,Verified
DOC-0008581,LG-000846,Ownership Proof,1,0,0,2018-06-03,,Submitted
DOC-0008582,LG-000846,Land Record,1,1,0,2018-06-24,2018-07-16,Verified
DOC-0008583,LG-000846,Identity Document,1,0,0,2018-06-19,,Submitted
DOC-0008584,LG-000846,Survey Record,1,1,1,2018-05-09,2018-06-11,Verified
DOC-0008585,LG-000847,Land Record,1,1,0,2023-07-19,2023-08-08,Verified
DOC-0008586,LG-000847,Ownership Proof,1,1,0,2023-07-02,2023-07-31,Verified
DOC-0008587,LG-000847,Identity Document,1,0,0,2023-08-14,,Submitted
DOC-0008588,LG-000847,Survey Record,1,0,0,2023-07-16,,Submitted
DOC-0008589,LG-000847,Identity Document,1,1,0,2023-07-25,2023-08-15,Verified
DOC-0008590,LG-000847,Identity Document,1,0,0,2023-07-04,,Submitted
DOC-0008591,LG-000847,Identity Document,1,1,0,2023-07-25,2023-08-28,Verified
DOC-0008592,LG-000847,Land Record,1,1,0,2023-07-14,2023-08-03,Verified
DOC-0008593,LG-000847,Compensation Document,1,1,0,2023-08-21,2023-09-15,Verified
DOC-0008594,LG-000847,Ownership Proof,1,0,0,2023-08-05,,Submitted
DOC-0008595,LG-000847,Compensation Document,1,1,0,2023-07-29,2023-08-25,Verified
DOC-0008596,LG-000847,Identity Document,1,0,1,2023-07-10,,Submitted
DOC-0008597,LG-000847,Compensation Document,1,1,0,2023-07-04,2023-08-05,Verified
DOC-0008598,LG-000847,Compensation Document,1,0,0,2023-08-19,,Submitted
DOC-0008599,LG-000847,Survey Record,1,0,0,2023-07-10,,Submitted
DOC-0008600,LG-000848,Identity Document,1,1,0,2018-06-25,2018-07-27,Verified
DOC-0008601,LG-000848,Identity Document,0,0,0,,,Pending
DOC-0008602,LG-000848,Ownership Proof,1,1,1,2018-07-05,2018-07-22,Verified
DOC-0008603,LG-000848,Land Record,1,1,0,2018-06-30,2018-07-10,Verified
DOC-0008604,LG-000848,Ownership Proof,0,0,1,,,Pending
DOC-0008605,LG-000848,Ownership Proof,1,1,0,2018-07-13,2018-08-10,Verified
DOC-0008606,LG-000848,Survey Record,1,1,1,2018-07-17,2018-07-29,Verified
DOC-0008607,LG-000848,Ownership Proof,0,0,0,,,Pending
DOC-0008608,LG-000848,Land Record,1,1,0,2018-06-25,2018-07-17,Verified
DOC-0008609,LG-000848,Ownership Proof,1,0,1,2018-07-18,,Submitted
DOC-0008610,LG-000849,Identity Document,1,1,1,2022-07-17,2022-08-20,Verified
DOC-0008611,LG-000849,Survey Record,1,1,0,2022-07-24,2022-08-20,Verified
DOC-0008612,LG-000849,Land Record,1,1,0,2022-08-10,2022-09-03,Verified
DOC-0008613,LG-000849,Identity Document,1,1,0,2022-06-30,2022-07-17,Verified
DOC-0008614,LG-000849,Identity Document,0,0,0,,,Pending
DOC-0008615,LG-000849,Survey Record,1,0,1,2022-07-01,,Submitted
DOC-0008616,LG-000849,Ownership Proof,1,0,0,2022-08-14,,Submitted
DOC-0008617,LG-000849,Survey Record,1,1,1,2022-07-25,2022-08-12,Verified
DOC-0008618,LG-000849,Ownership Proof,1,1,0,2022-08-10,2022-09-06,Verified
DOC-0008619,LG-000849,Compensation Document,1,1,0,2022-08-19,2022-09-25,Verified
DOC-0008620,LG-000849,Compensation Document,1,1,1,2022-08-12,2022-09-11,Verified
DOC-0008621,LG-000849,Identity Document,1,1,0,2022-08-19,2022-09-12,Verified
DOC-0008622,LG-000850,Survey Record,1,1,1,2023-04-18,2023-05-19,Verified
DOC-0008623,LG-000850,Land Record,1,1,0,2023-04-23,2023-05-08,Verified
DOC-0008624,LG-000850,Compensation Document,1,0,0,2023-03-20,,Submitted
DOC-0008625,LG-000850,Survey Record,1,1,1,2023-03-28,2023-04-08,Verified
DOC-0008626,LG-000850,Ownership Proof,1,0,0,2023-04-09,,Submitted
DOC-0008627,LG-000850,Identity Document,0,0,0,,,Pending
DOC-0008628,LG-000850,Ownership Proof,1,0,1,2023-04-27,,Submitted
DOC-0008629,LG-000850,Land Record,0,0,1,,,Pending
DOC-0008630,LG-000850,Ownership Proof,0,0,0,,,Pending
DOC-0008631,LG-000850,Survey Record,1,0,1,2023-04-17,,Submitted
DOC-0008632,LG-000851,Identity Document,1,1,1,2018-11-30,2018-12-31,Verified
DOC-0008633,LG-000851,Land Record,1,1,0,2018-12-06,2018-12-22,Verified
DOC-0008634,LG-000851,Compensation Document,0,0,1,,,Pending
DOC-0008635,LG-000851,Compensation Document,0,0,1,,,Pending
DOC-0008636,LG-000851,Land Record,1,1,1,2018-11-27,2018-12-20,Verified
DOC-0008637,LG-000851,Identity Document,1,1,0,2018-11-27,2018-12-14,Verified
DOC-0008638,LG-000851,Identity Document,1,1,1,2018-11-05,2018-12-09,Verified
DOC-0008639,LG-000851,Identity Document,1,1,1,2018-10-31,2018-12-02,Verified
DOC-0008640,LG-000851,Land Record,1,1,0,2018-11-15,2018-12-09,Verified
DOC-0008641,LG-000851,Survey Record,1,0,1,2018-10-24,,Submitted
DOC-0008642,LG-000851,Land Record,1,1,0,2018-10-25,2018-11-09,Verified
DOC-0008643,LG-000852,Land Record,0,0,1,,,Pending
DOC-0008644,LG-000852,Identity Document,0,0,0,,,Pending
DOC-0008645,LG-000852,Identity Document,0,0,1,,,Pending
DOC-0008646,LG-000852,Ownership Proof,1,1,1,2024-08-07,2024-09-01,Verified
DOC-0008647,LG-000852,Land Record,1,1,1,2024-08-02,2024-08-31,Verified
DOC-0008648,LG-000852,Identity Document,1,0,0,2024-09-07,,Submitted
DOC-0008649,LG-000852,Ownership Proof,1,0,1,2024-08-22,,Submitted
DOC-0008650,LG-000852,Survey Record,1,1,0,2024-07-31,2024-08-14,Verified
DOC-0008651,LG-000852,Compensation Document,1,0,0,2024-07-30,,Submitted
DOC-0008652,LG-000852,Ownership Proof,1,1,0,2024-08-24,2024-09-15,Verified
DOC-0008653,LG-000853,Land Record,1,0,0,2021-03-04,,Submitted
DOC-0008654,LG-000853,Identity Document,1,1,1,2021-03-28,2021-04-27,Verified
DOC-0008655,LG-000853,Survey Record,1,1,1,2021-02-28,2021-04-09,Verified
DOC-0008656,LG-000853,Land Record,0,0,0,,,Pending
DOC-0008657,LG-000853,Survey Record,1,1,1,2021-03-29,2021-05-02,Verified
DOC-0008658,LG-000853,Survey Record,1,0,0,2021-03-31,,Submitted
DOC-0008659,LG-000853,Land Record,1,1,1,2021-03-04,2021-03-16,Verified
DOC-0008660,LG-000853,Identity Document,0,0,1,,,Pending
DOC-0008661,LG-000853,Ownership Proof,0,0,1,,,Pending
DOC-0008662,LG-000853,Identity Document,1,1,0,2021-04-17,2021-05-15,Verified
DOC-0008663,LG-000853,Land Record,1,1,0,2021-03-26,2021-04-24,Verified
DOC-0008664,LG-000853,Survey Record,1,1,0,2021-03-16,2021-03-28,Verified
DOC-0008665,LG-000853,Ownership Proof,1,1,1,2021-03-22,2021-04-17,Verified
DOC-0008666,LG-000853,Identity Document,1,0,1,2021-03-03,,Submitted
DOC-0008667,LG-000853,Land Record,1,1,0,2021-04-19,2021-05-26,Verified
DOC-0008668,LG-000854,Ownership Proof,1,1,1,2018-10-01,2018-10-17,Verified
DOC-0008669,LG-000854,Identity Document,0,0,1,,,Pending
DOC-0008670,LG-000854,Ownership Proof,1,1,1,2018-09-28,2018-11-07,Verified
DOC-0008671,LG-000854,Land Record,1,1,0,2018-10-16,2018-10-28,Verified
DOC-0008672,LG-000854,Land Record,1,1,1,2018-09-18,2018-10-10,Verified
DOC-0008673,LG-000854,Identity Document,1,1,0,2018-10-27,2018-12-03,Verified
DOC-0008674,LG-000854,Ownership Proof,1,1,0,2018-10-05,2018-10-19,Verified
DOC-0008675,LG-000854,Land Record,1,1,1,2018-10-09,2018-11-10,Verified
DOC-0008676,LG-000855,Identity Document,1,1,0,2019-11-23,2019-12-05,Verified
DOC-0008677,LG-000855,Compensation Document,1,0,0,2019-12-15,,Submitted
DOC-0008678,LG-000855,Identity Document,1,1,0,2019-12-02,2020-01-04,Verified
DOC-0008679,LG-000855,Identity Document,1,1,1,2019-12-17,2020-01-04,Verified
DOC-0008680,LG-000855,Compensation Document,0,0,1,,,Pending
DOC-0008681,LG-000856,Survey Record,1,1,0,2023-05-10,2023-05-21,Verified
DOC-0008682,LG-000856,Survey Record,1,1,1,2023-05-02,2023-05-27,Verified
DOC-0008683,LG-000856,Survey Record,1,0,1,2023-05-16,,Submitted
DOC-0008684,LG-000856,Ownership Proof,1,1,1,2023-04-13,2023-05-13,Verified
DOC-0008685,LG-000856,Land Record,1,1,0,2023-04-29,2023-05-17,Verified
DOC-0008686,LG-000856,Land Record,1,1,0,2023-04-15,2023-04-28,Verified
DOC-0008687,LG-000856,Land Record,1,1,0,2023-04-17,2023-05-11,Verified
DOC-0008688,LG-000856,Compensation Document,1,0,0,2023-05-15,,Submitted
DOC-0008689,LG-000856,Ownership Proof,1,0,0,2023-04-22,,Submitted
DOC-0008690,LG-000857,Land Record,0,0,0,,,Pending
DOC-0008691,LG-000857,Ownership Proof,0,0,0,,,Pending
DOC-0008692,LG-000857,Identity Document,1,1,1,2020-04-15,2020-05-09,Verified
DOC-0008693,LG-000857,Land Record,1,1,0,2020-02-28,2020-04-01,Verified
DOC-0008694,LG-000857,Land Record,1,1,1,2020-03-13,2020-04-13,Verified
DOC-0008695,LG-000857,Land Record,1,0,0,2020-02-27,,Submitted
DOC-0008696,LG-000857,Land Record,0,0,1,,,Pending
DOC-0008697,LG-000858,Compensation Document,1,0,0,2025-02-11,,Submitted
DOC-0008698,LG-000858,Land Record,1,1,0,2025-01-15,2025-02-12,Verified
DOC-0008699,LG-000858,Compensation Document,1,1,0,2024-12-25,2025-01-23,Verified
DOC-0008700,LG-000858,Survey Record,1,1,0,2025-02-01,2025-02-20,Verified
DOC-0008701,LG-000858,Survey Record,1,1,0,2025-01-31,2025-02-11,Verified
DOC-0008702,LG-000858,Identity Document,1,1,0,2025-01-11,2025-02-13,Verified
DOC-0008703,LG-000859,Compensation Document,1,1,0,2021-02-14,2021-03-13,Verified
DOC-0008704,LG-000859,Identity Document,1,1,0,2021-02-15,2021-03-05,Verified
DOC-0008705,LG-000859,Ownership Proof,1,0,0,2021-01-15,,Submitted
DOC-0008706,LG-000859,Ownership Proof,1,1,0,2021-02-24,2021-04-03,Verified
DOC-0008707,LG-000859,Survey Record,1,1,0,2021-02-01,2021-03-08,Verified
DOC-0008708,LG-000859,Ownership Proof,1,1,0,2021-02-14,2021-03-07,Verified
DOC-0008709,LG-000859,Identity Document,1,1,0,2021-02-12,2021-03-21,Verified
DOC-0008710,LG-000860,Survey Record,1,1,0,2023-07-26,2023-08-25,Verified
DOC-0008711,LG-000860,Ownership Proof,1,1,1,2023-08-12,2023-09-11,Verified
DOC-0008712,LG-000860,Ownership Proof,1,1,0,2023-08-11,2023-09-18,Verified
DOC-0008713,LG-000860,Compensation Document,1,1,0,2023-08-03,2023-09-02,Verified
DOC-0008714,LG-000860,Survey Record,0,0,0,,,Pending
DOC-0008715,LG-000860,Land Record,1,1,0,2023-08-06,2023-08-28,Verified
DOC-0008716,LG-000860,Identity Document,1,1,0,2023-09-09,2023-09-27,Verified
DOC-0008717,LG-000860,Identity Document,1,1,0,2023-08-28,2023-09-07,Verified
DOC-0008718,LG-000860,Survey Record,1,1,1,2023-09-05,2023-10-06,Verified
DOC-0008719,LG-000860,Survey Record,1,0,0,2023-09-12,,Submitted
DOC-0008720,LG-000860,Land Record,1,1,0,2023-08-20,2023-09-24,Verified
DOC-0008721,LG-000860,Identity Document,1,1,0,2023-09-08,2023-09-29,Verified
DOC-0008722,LG-000860,Identity Document,1,1,0,2023-08-11,2023-08-28,Verified
DOC-0008723,LG-000861,Ownership Proof,1,0,0,2018-05-09,,Submitted
DOC-0008724,LG-000861,Land Record,0,0,0,,,Pending
DOC-0008725,LG-000861,Survey Record,1,0,0,2018-06-06,,Submitted
DOC-0008726,LG-000861,Survey Record,1,1,0,2018-05-12,2018-05-30,Verified
DOC-0008727,LG-000861,Ownership Proof,1,1,0,2018-05-13,2018-06-13,Verified
DOC-0008728,LG-000861,Ownership Proof,1,1,0,2018-06-18,2018-06-28,Verified
DOC-0008729,LG-000862,Identity Document,1,1,1,2024-02-24,2024-03-08,Verified
DOC-0008730,LG-000862,Ownership Proof,1,1,1,2024-03-30,2024-04-17,Verified
DOC-0008731,LG-000862,Land Record,1,1,0,2024-02-27,2024-03-21,Verified
DOC-0008732,LG-000862,Survey Record,0,0,1,,,Pending
DOC-0008733,LG-000862,Identity Document,1,0,0,2024-03-03,,Submitted
DOC-0008734,LG-000862,Identity Document,1,1,1,2024-03-02,2024-03-19,Verified
DOC-0008735,LG-000862,Ownership Proof,0,0,0,,,Pending
DOC-0008736,LG-000862,Survey Record,1,0,0,2024-03-02,,Submitted
DOC-0008737,LG-000862,Compensation Document,1,1,0,2024-03-24,2024-04-05,Verified
DOC-0008738,LG-000862,Compensation Document,1,1,1,2024-03-15,2024-04-20,Verified
DOC-0008739,LG-000862,Ownership Proof,1,0,0,2024-03-10,,Submitted
DOC-0008740,LG-000863,Compensation Document,1,1,0,2024-02-20,2024-03-04,Verified
DOC-0008741,LG-000863,Compensation Document,1,0,0,2024-01-29,,Submitted
DOC-0008742,LG-000863,Compensation Document,1,0,0,2024-01-06,,Submitted
DOC-0008743,LG-000863,Compensation Document,1,0,0,2024-01-18,,Submitted
DOC-0008744,LG-000863,Identity Document,1,1,0,2024-02-17,2024-03-18,Verified
DOC-0008745,LG-000863,Ownership Proof,1,0,0,2024-01-15,,Submitted
DOC-0008746,LG-000863,Compensation Document,1,1,0,2024-02-07,2024-02-17,Verified
DOC-0008747,LG-000863,Survey Record,1,0,0,2024-02-17,,Submitted
DOC-0008748,LG-000864,Identity Document,1,1,0,2021-01-13,2021-01-31,Verified
DOC-0008749,LG-000864,Land Record,1,0,0,2020-12-17,,Submitted
DOC-0008750,LG-000864,Ownership Proof,1,0,0,2020-12-14,,Submitted
DOC-0008751,LG-000864,Identity Document,1,1,0,2021-01-26,2021-02-13,Verified
DOC-0008752,LG-000864,Ownership Proof,1,0,0,2021-01-07,,Submitted
DOC-0008753,LG-000864,Compensation Document,1,0,0,2021-01-25,,Submitted
DOC-0008754,LG-000864,Identity Document,1,1,0,2021-01-27,2021-03-01,Verified
DOC-0008755,LG-000864,Survey Record,1,1,0,2021-01-17,2021-02-08,Verified
DOC-0008756,LG-000864,Ownership Proof,1,0,0,2020-12-19,,Submitted
DOC-0008757,LG-000865,Land Record,1,0,0,2023-09-03,,Submitted
DOC-0008758,LG-000865,Ownership Proof,1,1,0,2023-09-18,2023-10-15,Verified
DOC-0008759,LG-000865,Land Record,1,1,0,2023-10-15,2023-11-01,Verified
DOC-0008760,LG-000865,Compensation Document,1,1,0,2023-10-20,2023-11-28,Verified
DOC-0008761,LG-000865,Compensation Document,1,1,0,2023-10-08,2023-10-23,Verified
DOC-0008762,LG-000865,Survey Record,1,1,0,2023-09-01,2023-10-02,Verified
DOC-0008763,LG-000865,Survey Record,1,0,0,2023-10-08,,Submitted
DOC-0008764,LG-000865,Land Record,0,0,0,,,Pending
DOC-0008765,LG-000865,Land Record,1,0,0,2023-09-01,,Submitted
DOC-0008766,LG-000865,Compensation Document,1,1,1,2023-10-09,2023-10-29,Verified
DOC-0008767,LG-000865,Ownership Proof,1,1,0,2023-09-08,2023-10-13,Verified
DOC-0008768,LG-000866,Land Record,1,0,0,2024-09-14,,Submitted
DOC-0008769,LG-000866,Ownership Proof,1,0,0,2024-08-29,,Submitted
DOC-0008770,LG-000866,Ownership Proof,1,1,0,2024-09-13,2024-09-27,Verified
DOC-0008771,LG-000866,Identity Document,1,1,0,2024-10-03,2024-10-18,Verified
DOC-0008772,LG-000866,Land Record,1,1,0,2024-10-02,2024-11-10,Verified
DOC-0008773,LG-000866,Identity Document,1,1,0,2024-09-12,2024-09-25,Verified
DOC-0008774,LG-000866,Land Record,1,1,1,2024-09-29,2024-10-21,Verified
DOC-0008775,LG-000867,Ownership Proof,1,1,0,2019-08-14,2019-09-23,Verified
DOC-0008776,LG-000867,Identity Document,1,1,0,2019-07-16,2019-08-04,Verified
DOC-0008777,LG-000867,Ownership Proof,1,1,0,2019-08-28,2019-09-08,Verified
DOC-0008778,LG-000867,Identity Document,1,1,0,2019-07-31,2019-08-18,Verified
DOC-0008779,LG-000867,Identity Document,1,0,0,2019-08-30,,Submitted
DOC-0008780,LG-000867,Compensation Document,1,0,0,2019-07-26,,Submitted
DOC-0008781,LG-000867,Identity Document,1,1,0,2019-08-05,2019-09-01,Verified
DOC-0008782,LG-000867,Compensation Document,1,0,0,2019-07-26,,Submitted
DOC-0008783,LG-000868,Survey Record,1,1,1,2024-03-14,2024-04-21,Verified
DOC-0008784,LG-000868,Identity Document,1,1,0,2024-02-17,2024-03-10,Verified
DOC-0008785,LG-000868,Land Record,0,0,1,,,Pending
DOC-0008786,LG-000868,Identity Document,1,0,1,2024-02-08,,Submitted
DOC-0008787,LG-000868,Compensation Document,1,1,1,2024-01-25,2024-03-03,Verified
DOC-0008788,LG-000868,Land Record,1,0,1,2024-02-25,,Submitted
DOC-0008789,LG-000868,Ownership Proof,1,0,0,2024-01-28,,Submitted
DOC-0008790,LG-000868,Identity Document,1,0,1,2024-02-18,,Submitted
DOC-0008791,LG-000868,Survey Record,1,1,1,2024-02-13,2024-03-11,Verified
DOC-0008792,LG-000868,Identity Document,1,1,1,2024-03-02,2024-03-15,Verified
DOC-0008793,LG-000869,Land Record,0,0,1,,,Pending
DOC-0008794,LG-000869,Identity Document,1,1,0,2018-09-22,2018-10-11,Verified
DOC-0008795,LG-000869,Land Record,1,1,0,2018-09-21,2018-10-16,Verified
DOC-0008796,LG-000869,Land Record,1,0,0,2018-09-13,,Submitted
DOC-0008797,LG-000869,Compensation Document,1,0,1,2018-09-23,,Submitted
DOC-0008798,LG-000869,Survey Record,1,0,0,2018-09-01,,Submitted
DOC-0008799,LG-000869,Ownership Proof,1,0,1,2018-09-01,,Submitted
DOC-0008800,LG-000869,Ownership Proof,1,1,1,2018-09-17,2018-10-25,Verified
DOC-0008801,LG-000869,Compensation Document,1,0,0,2018-09-10,,Submitted
DOC-0008802,LG-000869,Compensation Document,1,1,0,2018-08-22,2018-09-19,Verified
DOC-0008803,LG-000869,Compensation Document,1,1,0,2018-09-04,2018-10-11,Verified
DOC-0008804,LG-000869,Land Record,1,1,0,2018-09-22,2018-10-27,Verified
DOC-0008805,LG-000869,Ownership Proof,1,1,0,2018-09-21,2018-10-27,Verified
DOC-0008806,LG-000869,Compensation Document,1,1,1,2018-09-16,2018-10-20,Verified
DOC-0008807,LG-000869,Identity Document,1,1,0,2018-08-12,2018-08-27,Verified
DOC-0008808,LG-000870,Identity Document,1,1,0,2022-02-20,2022-03-24,Verified
DOC-0008809,LG-000870,Land Record,1,0,0,2022-02-18,,Submitted
DOC-0008810,LG-000870,Ownership Proof,1,1,1,2022-02-03,2022-03-10,Verified
DOC-0008811,LG-000870,Ownership Proof,1,0,0,2022-03-25,,Submitted
DOC-0008812,LG-000870,Survey Record,1,1,0,2022-02-22,2022-03-11,Verified
DOC-0008813,LG-000870,Ownership Proof,1,0,0,2022-03-04,,Submitted
DOC-0008814,LG-000870,Compensation Document,1,1,0,2022-03-03,2022-03-24,Verified
DOC-0008815,LG-000871,Survey Record,1,1,0,2023-09-29,2023-11-02,Verified
DOC-0008816,LG-000871,Survey Record,1,1,0,2023-08-18,2023-09-15,Verified
DOC-0008817,LG-000871,Ownership Proof,1,1,0,2023-09-11,2023-09-21,Verified
DOC-0008818,LG-000871,Compensation Document,0,0,0,,,Pending
DOC-0008819,LG-000871,Survey Record,1,1,0,2023-10-07,2023-11-16,Verified
DOC-0008820,LG-000871,Survey Record,1,0,0,2023-10-04,,Submitted
DOC-0008821,LG-000871,Identity Document,1,1,0,2023-08-15,2023-09-14,Verified
DOC-0008822,LG-000871,Land Record,1,1,0,2023-09-08,2023-09-21,Verified
DOC-0008823,LG-000871,Identity Document,1,1,0,2023-09-20,2023-10-12,Verified
DOC-0008824,LG-000872,Survey Record,1,1,0,2018-04-26,2018-05-06,Verified
DOC-0008825,LG-000872,Identity Document,1,0,0,2018-04-06,,Submitted
DOC-0008826,LG-000872,Survey Record,0,0,0,,,Pending
DOC-0008827,LG-000872,Compensation Document,1,1,0,2018-04-13,2018-04-24,Verified
DOC-0008828,LG-000872,Ownership Proof,1,0,0,2018-03-30,,Submitted
DOC-0008829,LG-000872,Ownership Proof,1,1,0,2018-04-25,2018-05-31,Verified
DOC-0008830,LG-000872,Compensation Document,1,1,0,2018-04-06,2018-05-09,Verified
DOC-0008831,LG-000873,Land Record,1,1,0,2022-07-04,2022-07-27,Verified
DOC-0008832,LG-000873,Identity Document,1,0,0,2022-07-19,,Submitted
DOC-0008833,LG-000873,Ownership Proof,1,0,1,2022-06-18,,Submitted
DOC-0008834,LG-000873,Compensation Document,1,1,0,2022-08-10,2022-08-20,Verified
DOC-0008835,LG-000873,Land Record,0,0,0,,,Pending
DOC-0008836,LG-000873,Ownership Proof,1,1,0,2022-06-26,2022-07-06,Verified
DOC-0008837,LG-000873,Identity Document,1,0,0,2022-06-26,,Submitted
DOC-0008838,LG-000874,Identity Document,1,1,0,2020-02-10,2020-02-22,Verified
DOC-0008839,LG-000874,Land Record,1,0,0,2020-01-14,,Submitted
DOC-0008840,LG-000874,Survey Record,1,0,0,2020-02-16,,Submitted
DOC-0008841,LG-000874,Identity Document,1,0,0,2020-01-26,,Submitted
DOC-0008842,LG-000874,Survey Record,1,1,0,2020-02-21,2020-03-06,Verified
DOC-0008843,LG-000874,Survey Record,0,0,1,,,Pending
DOC-0008844,LG-000874,Identity Document,1,1,0,2020-01-13,2020-02-03,Verified
DOC-0008845,LG-000874,Compensation Document,1,1,0,2020-01-02,2020-02-06,Verified
DOC-0008846,LG-000875,Land Record,0,0,0,,,Pending
DOC-0008847,LG-000875,Land Record,1,0,0,2019-12-24,,Submitted
DOC-0008848,LG-000875,Land Record,1,1,1,2019-12-28,2020-01-22,Verified
DOC-0008849,LG-000875,Compensation Document,1,0,1,2019-12-28,,Submitted
DOC-0008850,LG-000875,Land Record,0,0,1,,,Pending
DOC-0008851,LG-000875,Survey Record,1,1,1,2019-12-08,2020-01-07,Verified
DOC-0008852,LG-000875,Ownership Proof,1,1,0,2019-12-04,2019-12-25,Verified
DOC-0008853,LG-000875,Compensation Document,1,1,1,2019-12-15,2019-12-25,Verified
DOC-0008854,LG-000875,Survey Record,1,0,0,2019-12-31,,Submitted
DOC-0008855,LG-000875,Identity Document,1,1,1,2019-12-31,2020-01-29,Verified
DOC-0008856,LG-000875,Survey Record,1,1,0,2019-12-29,2020-01-23,Verified
DOC-0008857,LG-000875,Ownership Proof,0,0,1,,,Pending
DOC-0008858,LG-000875,Identity Document,1,1,1,2019-12-09,2020-01-05,Verified
DOC-0008859,LG-000875,Survey Record,1,1,0,2019-12-16,2019-12-26,Verified
DOC-0008860,LG-000876,Survey Record,1,1,0,2018-02-04,2018-02-16,Verified
DOC-0008861,LG-000876,Survey Record,1,1,0,2018-01-26,2018-03-06,Verified
DOC-0008862,LG-000876,Survey Record,1,1,0,2018-03-06,2018-03-27,Verified
DOC-0008863,LG-000876,Compensation Document,1,1,0,2018-01-29,2018-02-22,Verified
DOC-0008864,LG-000876,Identity Document,1,1,1,2018-02-24,2018-03-13,Verified
DOC-0008865,LG-000876,Ownership Proof,0,0,0,,,Pending
DOC-0008866,LG-000876,Land Record,1,0,0,2018-03-05,,Submitted
DOC-0008867,LG-000876,Identity Document,1,0,0,2018-02-11,,Submitted
DOC-0008868,LG-000876,Ownership Proof,1,1,0,2018-03-07,2018-03-26,Verified
DOC-0008869,LG-000876,Compensation Document,1,1,0,2018-03-04,2018-03-14,Verified
DOC-0008870,LG-000876,Compensation Document,1,1,0,2018-03-08,2018-03-27,Verified
DOC-0008871,LG-000876,Survey Record,1,1,0,2018-01-26,2018-02-07,Verified
DOC-0008872,LG-000876,Identity Document,1,0,1,2018-03-11,,Submitted
DOC-0008873,LG-000877,Survey Record,1,0,0,2018-11-12,,Submitted
DOC-0008874,LG-000877,Compensation Document,1,0,0,2018-11-08,,Submitted
DOC-0008875,LG-000877,Land Record,1,0,0,2018-10-30,,Submitted
DOC-0008876,LG-000877,Land Record,1,1,0,2018-10-03,2018-10-16,Verified
DOC-0008877,LG-000877,Identity Document,1,0,0,2018-10-01,,Submitted
DOC-0008878,LG-000878,Survey Record,1,1,0,2020-07-30,2020-09-04,Verified
DOC-0008879,LG-000878,Compensation Document,1,0,0,2020-08-07,,Submitted
DOC-0008880,LG-000878,Compensation Document,1,0,0,2020-07-26,,Submitted
DOC-0008881,LG-000878,Survey Record,1,0,0,2020-08-02,,Submitted
DOC-0008882,LG-000878,Identity Document,1,1,0,2020-06-21,2020-07-19,Verified
DOC-0008883,LG-000878,Identity Document,1,0,0,2020-06-19,,Submitted
DOC-0008884,LG-000878,Land Record,1,0,0,2020-06-19,,Submitted
DOC-0008885,LG-000878,Ownership Proof,1,1,1,2020-07-23,2020-08-29,Verified
DOC-0008886,LG-000878,Land Record,1,1,0,2020-08-01,2020-08-12,Verified
DOC-0008887,LG-000878,Land Record,1,1,0,2020-08-12,2020-09-21,Verified
DOC-0008888,LG-000879,Compensation Document,1,1,1,2018-09-09,2018-10-10,Verified
DOC-0008889,LG-000879,Identity Document,1,1,0,2018-09-06,2018-09-21,Verified
DOC-0008890,LG-000879,Land Record,1,1,1,2018-10-15,2018-11-17,Verified
DOC-0008891,LG-000879,Compensation Document,1,1,0,2018-10-10,2018-11-15,Verified
DOC-0008892,LG-000879,Compensation Document,1,1,1,2018-09-16,2018-10-13,Verified
DOC-0008893,LG-000879,Land Record,0,0,0,,,Pending
DOC-0008894,LG-000879,Land Record,0,0,0,,,Pending
DOC-0008895,LG-000879,Compensation Document,0,0,0,,,Pending
DOC-0008896,LG-000879,Land Record,0,0,1,,,Pending
DOC-0008897,LG-000879,Land Record,1,1,1,2018-09-08,2018-10-03,Verified
DOC-0008898,LG-000879,Identity Document,0,0,0,,,Pending
DOC-0008899,LG-000879,Ownership Proof,0,0,0,,,Pending
DOC-0008900,LG-000879,Ownership Proof,0,0,0,,,Pending
DOC-0008901,LG-000879,Survey Record,1,1,0,2018-09-24,2018-10-10,Verified
DOC-0008902,LG-000880,Identity Document,1,0,1,2022-12-24,,Submitted
DOC-0008903,LG-000880,Survey Record,1,1,0,2022-12-18,2023-01-17,Verified
DOC-0008904,LG-000880,Survey Record,1,1,0,2022-11-24,2022-12-20,Verified
DOC-0008905,LG-000880,Land Record,1,1,0,2023-01-09,2023-02-08,Verified
DOC-0008906,LG-000880,Land Record,0,0,0,,,Pending
DOC-0008907,LG-000880,Survey Record,1,1,0,2022-12-29,2023-01-29,Verified
DOC-0008908,LG-000880,Survey Record,1,1,0,2022-12-08,2023-01-15,Verified
DOC-0008909,LG-000880,Land Record,0,0,0,,,Pending
DOC-0008910,LG-000880,Identity Document,1,1,0,2022-12-17,2022-12-30,Verified
DOC-0008911,LG-000880,Identity Document,1,1,0,2022-12-10,2023-01-09,Verified
DOC-0008912,LG-000880,Identity Document,1,1,1,2022-12-28,2023-02-06,Verified
DOC-0008913,LG-000880,Ownership Proof,1,1,0,2022-11-24,2022-12-26,Verified
DOC-0008914,LG-000880,Compensation Document,1,1,0,2023-01-13,2023-01-24,Verified
DOC-0008915,LG-000880,Survey Record,1,0,0,2023-01-02,,Submitted
DOC-0008916,LG-000881,Ownership Proof,1,1,1,2021-05-24,2021-06-28,Verified
DOC-0008917,LG-000881,Identity Document,1,1,1,2021-05-26,2021-06-20,Verified
DOC-0008918,LG-000881,Identity Document,1,0,1,2021-04-10,,Submitted
DOC-0008919,LG-000881,Land Record,1,1,0,2021-05-19,2021-06-24,Verified
DOC-0008920,LG-000881,Compensation Document,1,1,0,2021-05-27,2021-07-06,Verified
DOC-0008921,LG-000881,Ownership Proof,1,1,0,2021-05-10,2021-05-21,Verified
DOC-0008922,LG-000881,Land Record,1,1,0,2021-04-21,2021-05-17,Verified
DOC-0008923,LG-000882,Compensation Document,1,0,0,2021-06-12,,Submitted
DOC-0008924,LG-000882,Ownership Proof,1,0,0,2021-06-24,,Submitted
DOC-0008925,LG-000882,Survey Record,1,1,0,2021-05-31,2021-06-25,Verified
DOC-0008926,LG-000882,Survey Record,1,0,0,2021-06-27,,Submitted
DOC-0008927,LG-000882,Ownership Proof,1,1,0,2021-05-26,2021-06-13,Verified
DOC-0008928,LG-000882,Survey Record,1,0,0,2021-05-31,,Submitted
DOC-0008929,LG-000882,Land Record,1,1,0,2021-05-20,2021-05-31,Verified
DOC-0008930,LG-000882,Land Record,1,1,0,2021-06-19,2021-07-01,Verified
DOC-0008931,LG-000882,Survey Record,1,0,1,2021-06-13,,Submitted
DOC-0008932,LG-000882,Compensation Document,0,0,0,,,Pending
DOC-0008933,LG-000882,Compensation Document,1,1,0,2021-06-23,2021-07-15,Verified
DOC-0008934,LG-000882,Compensation Document,1,0,0,2021-06-28,,Submitted
DOC-0008935,LG-000882,Identity Document,1,1,0,2021-05-25,2021-06-08,Verified
DOC-0008936,LG-000882,Land Record,1,1,0,2021-06-05,2021-06-15,Verified
DOC-0008937,LG-000882,Land Record,1,1,0,2021-05-28,2021-06-23,Verified
DOC-0008938,LG-000883,Land Record,1,1,0,2024-11-10,2024-11-24,Verified
DOC-0008939,LG-000883,Ownership Proof,1,0,0,2024-12-21,,Submitted
DOC-0008940,LG-000883,Survey Record,1,0,1,2024-11-19,,Submitted
DOC-0008941,LG-000883,Ownership Proof,1,1,0,2024-11-17,2024-12-10,Verified
DOC-0008942,LG-000883,Ownership Proof,1,0,0,2024-12-26,,Submitted
DOC-0008943,LG-000883,Identity Document,1,1,1,2024-12-05,2024-12-24,Verified
DOC-0008944,LG-000883,Identity Document,1,0,1,2024-12-09,,Submitted
DOC-0008945,LG-000883,Survey Record,1,1,0,2025-01-03,2025-02-11,Verified
DOC-0008946,LG-000884,Identity Document,1,0,0,2023-08-01,,Submitted
DOC-0008947,LG-000884,Survey Record,1,1,0,2023-08-31,2023-10-01,Verified
DOC-0008948,LG-000884,Land Record,1,0,0,2023-08-24,,Submitted
DOC-0008949,LG-000884,Land Record,1,1,0,2023-09-12,2023-10-22,Verified
DOC-0008950,LG-000884,Compensation Document,1,1,0,2023-08-27,2023-09-26,Verified
DOC-0008951,LG-000884,Ownership Proof,1,0,0,2023-09-20,,Submitted
DOC-0008952,LG-000884,Ownership Proof,1,1,0,2023-09-09,2023-09-29,Verified
DOC-0008953,LG-000884,Identity Document,1,1,1,2023-09-19,2023-10-21,Verified
DOC-0008954,LG-000884,Land Record,1,1,0,2023-08-28,2023-09-09,Verified
DOC-0008955,LG-000884,Ownership Proof,1,1,0,2023-08-13,2023-09-03,Verified
DOC-0008956,LG-000885,Ownership Proof,1,1,0,2023-11-02,2023-12-02,Verified
DOC-0008957,LG-000885,Ownership Proof,1,1,0,2023-10-21,2023-11-25,Verified
DOC-0008958,LG-000885,Survey Record,1,1,0,2023-11-01,2023-12-01,Verified
DOC-0008959,LG-000885,Ownership Proof,1,0,0,2023-11-10,,Submitted
DOC-0008960,LG-000885,Land Record,1,0,0,2023-11-04,,Submitted
DOC-0008961,LG-000885,Compensation Document,1,1,0,2023-11-26,2024-01-01,Verified
DOC-0008962,LG-000885,Survey Record,1,1,0,2023-11-24,2023-12-24,Verified
DOC-0008963,LG-000886,Survey Record,1,1,0,2018-02-17,2018-03-20,Verified
DOC-0008964,LG-000886,Identity Document,1,0,0,2018-02-25,,Submitted
DOC-0008965,LG-000886,Land Record,1,0,0,2018-02-26,,Submitted
DOC-0008966,LG-000886,Compensation Document,1,0,0,2018-02-19,,Submitted
DOC-0008967,LG-000886,Ownership Proof,1,1,0,2018-03-12,2018-04-05,Verified
DOC-0008968,LG-000886,Compensation Document,1,0,0,2018-02-23,,Submitted
DOC-0008969,LG-000886,Ownership Proof,1,1,0,2018-03-15,2018-04-03,Verified
DOC-0008970,LG-000887,Compensation Document,1,1,0,2020-08-23,2020-10-01,Verified
DOC-0008971,LG-000887,Land Record,1,1,0,2020-07-08,2020-08-15,Verified
DOC-0008972,LG-000887,Ownership Proof,1,1,0,2020-06-30,2020-08-03,Verified
DOC-0008973,LG-000887,Ownership Proof,1,1,0,2020-08-02,2020-08-21,Verified
DOC-0008974,LG-000887,Ownership Proof,1,0,0,2020-08-14,,Submitted
DOC-0008975,LG-000887,Ownership Proof,0,0,1,,,Pending
DOC-0008976,LG-000887,Compensation Document,1,1,0,2020-08-01,2020-08-15,Verified
DOC-0008977,LG-000887,Land Record,1,0,0,2020-07-04,,Submitted
DOC-0008978,LG-000887,Land Record,1,0,0,2020-07-24,,Submitted
DOC-0008979,LG-000888,Ownership Proof,1,0,0,2021-10-07,,Submitted
DOC-0008980,LG-000888,Identity Document,1,1,0,2021-10-04,2021-10-26,Verified
DOC-0008981,LG-000888,Land Record,1,0,0,2021-10-26,,Submitted
DOC-0008982,LG-000888,Compensation Document,1,1,1,2021-09-16,2021-09-30,Verified
DOC-0008983,LG-000888,Land Record,1,0,0,2021-10-03,,Submitted
DOC-0008984,LG-000888,Identity Document,1,1,0,2021-09-25,2021-10-09,Verified
DOC-0008985,LG-000888,Identity Document,1,0,0,2021-09-13,,Submitted
DOC-0008986,LG-000889,Compensation Document,1,0,0,2018-05-19,,Submitted
DOC-0008987,LG-000889,Ownership Proof,1,1,0,2018-05-27,2018-06-23,Verified
DOC-0008988,LG-000889,Compensation Document,1,1,0,2018-05-21,2018-06-16,Verified
DOC-0008989,LG-000889,Identity Document,1,1,0,2018-06-07,2018-07-09,Verified
DOC-0008990,LG-000889,Identity Document,1,1,0,2018-05-03,2018-05-13,Verified
DOC-0008991,LG-000889,Land Record,1,1,0,2018-05-07,2018-06-11,Verified
DOC-0008992,LG-000889,Ownership Proof,1,1,1,2018-05-02,2018-05-23,Verified
DOC-0008993,LG-000889,Land Record,1,0,0,2018-06-15,,Submitted
DOC-0008994,LG-000889,Identity Document,1,1,1,2018-05-22,2018-06-08,Verified
DOC-0008995,LG-000889,Compensation Document,1,1,1,2018-05-05,2018-05-29,Verified
DOC-0008996,LG-000889,Ownership Proof,1,1,0,2018-04-28,2018-05-22,Verified
DOC-0008997,LG-000889,Ownership Proof,1,0,0,2018-05-09,,Submitted
DOC-0008998,LG-000889,Ownership Proof,1,1,0,2018-06-01,2018-06-27,Verified
DOC-0008999,LG-000889,Identity Document,1,1,0,2018-06-01,2018-07-10,Verified
DOC-0009000,LG-000890,Survey Record,1,0,0,2019-04-17,,Submitted
DOC-0009001,LG-000890,Compensation Document,1,0,0,2019-05-03,,Submitted
DOC-0009002,LG-000890,Compensation Document,0,0,0,,,Pending
DOC-0009003,LG-000890,Identity Document,1,0,0,2019-03-22,,Submitted
DOC-0009004,LG-000890,Compensation Document,1,1,0,2019-03-22,2019-04-13,Verified
DOC-0009005,LG-000890,Ownership Proof,1,1,0,2019-05-07,2019-05-27,Verified
DOC-0009006,LG-000890,Ownership Proof,1,1,0,2019-05-03,2019-05-14,Verified
DOC-0009007,LG-000890,Land Record,1,0,0,2019-04-04,,Submitted
DOC-0009008,LG-000890,Identity Document,0,0,0,,,Pending
DOC-0009009,LG-000890,Land Record,1,0,0,2019-05-12,,Submitted
DOC-0009010,LG-000890,Ownership Proof,1,0,0,2019-05-03,,Submitted
DOC-0009011,LG-000890,Land Record,1,1,0,2019-04-10,2019-04-30,Verified
DOC-0009012,LG-000890,Identity Document,1,1,0,2019-05-15,2019-05-30,Verified
DOC-0009013,LG-000890,Survey Record,1,1,0,2019-04-10,2019-04-29,Verified
DOC-0009014,LG-000890,Land Record,1,1,0,2019-04-04,2019-04-15,Verified
DOC-0009015,LG-000891,Land Record,1,1,0,2018-06-21,2018-07-30,Verified
DOC-0009016,LG-000891,Survey Record,1,1,0,2018-06-26,2018-07-30,Verified
DOC-0009017,LG-000891,Identity Document,1,1,0,2018-06-25,2018-07-25,Verified
DOC-0009018,LG-000891,Survey Record,1,1,0,2018-07-17,2018-08-12,Verified
DOC-0009019,LG-000891,Land Record,1,1,0,2018-07-05,2018-07-22,Verified
DOC-0009020,LG-000891,Survey Record,1,1,0,2018-07-30,2018-08-27,Verified
DOC-0009021,LG-000892,Land Record,1,0,0,2018-12-19,,Submitted
DOC-0009022,LG-000892,Identity Document,1,1,1,2018-11-18,2018-12-26,Verified
DOC-0009023,LG-000892,Survey Record,1,0,1,2018-12-28,,Submitted
DOC-0009024,LG-000892,Ownership Proof,1,1,1,2018-11-19,2018-12-23,Verified
DOC-0009025,LG-000892,Survey Record,0,0,0,,,Pending
DOC-0009026,LG-000892,Identity Document,1,1,0,2019-01-03,2019-01-29,Verified
DOC-0009027,LG-000892,Compensation Document,0,0,1,,,Pending
DOC-0009028,LG-000892,Ownership Proof,1,1,1,2018-12-25,2019-01-31,Verified
DOC-0009029,LG-000892,Ownership Proof,1,1,0,2018-12-29,2019-01-10,Verified
DOC-0009030,LG-000892,Land Record,1,1,0,2018-12-17,2019-01-07,Verified
DOC-0009031,LG-000892,Land Record,1,1,1,2018-11-23,2018-12-20,Verified
DOC-0009032,LG-000892,Survey Record,1,0,0,2019-01-11,,Submitted
DOC-0009033,LG-000892,Compensation Document,1,1,1,2018-12-23,2019-01-30,Verified
DOC-0009034,LG-000892,Ownership Proof,1,1,1,2019-01-04,2019-01-29,Verified
DOC-0009035,LG-000893,Land Record,0,0,1,,,Pending
DOC-0009036,LG-000893,Ownership Proof,0,0,0,,,Pending
DOC-0009037,LG-000893,Identity Document,1,1,0,2021-06-02,2021-06-14,Verified
DOC-0009038,LG-000893,Identity Document,1,1,1,2021-04-23,2021-05-27,Verified
DOC-0009039,LG-000893,Identity Document,1,1,0,2021-05-10,2021-06-02,Verified
DOC-0009040,LG-000893,Ownership Proof,1,0,0,2021-05-31,,Submitted
DOC-0009041,LG-000893,Land Record,0,0,0,,,Pending
DOC-0009042,LG-000893,Ownership Proof,1,1,1,2021-05-27,2021-06-25,Verified
DOC-0009043,LG-000893,Ownership Proof,1,0,0,2021-04-26,,Submitted
DOC-0009044,LG-000893,Compensation Document,0,0,0,,,Pending
DOC-0009045,LG-000893,Land Record,1,1,0,2021-05-06,2021-05-29,Verified
DOC-0009046,LG-000893,Survey Record,1,0,1,2021-05-24,,Submitted
DOC-0009047,LG-000893,Compensation Document,1,1,1,2021-04-19,2021-05-19,Verified
DOC-0009048,LG-000893,Ownership Proof,0,0,0,,,Pending
DOC-0009049,LG-000894,Land Record,1,0,0,2019-12-29,,Submitted
DOC-0009050,LG-000894,Compensation Document,1,1,0,2020-01-06,2020-01-31,Verified
DOC-0009051,LG-000894,Land Record,1,1,0,2020-01-05,2020-02-14,Verified
DOC-0009052,LG-000894,Compensation Document,1,1,0,2019-12-11,2020-01-04,Verified
DOC-0009053,LG-000894,Ownership Proof,1,1,0,2019-12-11,2019-12-28,Verified
DOC-0009054,LG-000894,Survey Record,1,0,1,2019-12-29,,Submitted
DOC-0009055,LG-000894,Land Record,1,1,0,2019-12-30,2020-01-31,Verified
DOC-0009056,LG-000895,Identity Document,1,0,1,2021-04-23,,Submitted
DOC-0009057,LG-000895,Land Record,1,1,0,2021-04-27,2021-05-16,Verified
DOC-0009058,LG-000895,Compensation Document,1,0,1,2021-03-18,,Submitted
DOC-0009059,LG-000895,Land Record,1,1,0,2021-04-01,2021-05-10,Verified
DOC-0009060,LG-000895,Land Record,1,1,1,2021-03-29,2021-04-14,Verified
DOC-0009061,LG-000895,Identity Document,0,0,1,,,Pending
DOC-0009062,LG-000895,Identity Document,1,1,1,2021-05-07,2021-05-21,Verified
DOC-0009063,LG-000896,Land Record,1,1,1,2023-02-03,2023-03-03,Verified
DOC-0009064,LG-000896,Land Record,1,1,1,2023-01-23,2023-02-18,Verified
DOC-0009065,LG-000896,Survey Record,1,0,1,2023-01-28,,Submitted
DOC-0009066,LG-000896,Ownership Proof,1,1,1,2023-03-03,2023-04-04,Verified
DOC-0009067,LG-000896,Land Record,1,1,0,2023-02-07,2023-02-21,Verified
DOC-0009068,LG-000896,Survey Record,1,1,0,2023-02-13,2023-03-17,Verified
DOC-0009069,LG-000896,Ownership Proof,1,1,0,2023-02-28,2023-04-09,Verified
DOC-0009070,LG-000896,Land Record,1,0,1,2023-03-08,,Submitted
DOC-0009071,LG-000896,Land Record,1,1,0,2023-02-16,2023-03-12,Verified
DOC-0009072,LG-000897,Identity Document,1,1,0,2024-03-27,2024-04-26,Verified
DOC-0009073,LG-000897,Compensation Document,1,1,0,2024-03-02,2024-03-31,Verified
DOC-0009074,LG-000897,Compensation Document,1,1,0,2024-03-08,2024-04-04,Verified
DOC-0009075,LG-000897,Identity Document,1,0,0,2024-04-08,,Submitted
DOC-0009076,LG-000897,Ownership Proof,1,0,0,2024-03-27,,Submitted
DOC-0009077,LG-000897,Compensation Document,1,1,0,2024-03-30,2024-05-08,Verified
DOC-0009078,LG-000897,Identity Document,1,1,0,2024-03-31,2024-04-18,Verified
DOC-0009079,LG-000897,Land Record,0,0,0,,,Pending
DOC-0009080,LG-000897,Compensation Document,1,1,0,2024-03-09,2024-04-18,Verified
DOC-0009081,LG-000897,Land Record,1,0,0,2024-03-08,,Submitted
DOC-0009082,LG-000897,Ownership Proof,1,0,0,2024-04-07,,Submitted
DOC-0009083,LG-000897,Ownership Proof,1,1,0,2024-02-29,2024-04-09,Verified
DOC-0009084,LG-000897,Survey Record,1,1,0,2024-03-02,2024-03-14,Verified
DOC-0009085,LG-000897,Survey Record,1,1,0,2024-02-28,2024-03-10,Verified
DOC-0009086,LG-000898,Survey Record,1,0,0,2024-10-06,,Submitted
DOC-0009087,LG-000898,Land Record,1,1,0,2024-11-06,2024-11-25,Verified
DOC-0009088,LG-000898,Survey Record,0,0,0,,,Pending
DOC-0009089,LG-000898,Ownership Proof,0,0,0,,,Pending
DOC-0009090,LG-000898,Compensation Document,1,1,0,2024-10-21,2024-11-23,Verified
DOC-0009091,LG-000898,Land Record,1,1,0,2024-11-25,2024-12-18,Verified
DOC-0009092,LG-000898,Survey Record,0,0,0,,,Pending
DOC-0009093,LG-000898,Identity Document,1,1,0,2024-10-09,2024-11-14,Verified
DOC-0009094,LG-000898,Compensation Document,1,1,0,2024-11-04,2024-12-11,Verified
DOC-0009095,LG-000898,Survey Record,1,1,0,2024-10-28,2024-11-18,Verified
DOC-0009096,LG-000898,Survey Record,1,0,0,2024-10-04,,Submitted
DOC-0009097,LG-000899,Land Record,1,1,0,2021-06-15,2021-07-09,Verified
DOC-0009098,LG-000899,Identity Document,1,1,0,2021-06-09,2021-06-29,Verified
DOC-0009099,LG-000899,Ownership Proof,1,1,0,2021-05-25,2021-06-07,Verified
DOC-0009100,LG-000899,Land Record,1,1,0,2021-06-01,2021-06-11,Verified
DOC-0009101,LG-000899,Survey Record,1,1,0,2021-07-02,2021-08-10,Verified
DOC-0009102,LG-000899,Ownership Proof,1,0,0,2021-06-30,,Submitted
DOC-0009103,LG-000899,Survey Record,1,0,1,2021-06-23,,Submitted
DOC-0009104,LG-000899,Ownership Proof,0,0,1,,,Pending
DOC-0009105,LG-000899,Identity Document,1,0,0,2021-06-23,,Submitted
DOC-0009106,LG-000899,Ownership Proof,1,1,1,2021-05-31,2021-06-22,Verified
DOC-0009107,LG-000899,Survey Record,1,0,0,2021-06-07,,Submitted
DOC-0009108,LG-000899,Land Record,0,0,0,,,Pending
DOC-0009109,LG-000900,Compensation Document,1,1,0,2019-10-26,2019-11-25,Verified
DOC-0009110,LG-000900,Compensation Document,1,0,0,2019-10-19,,Submitted
DOC-0009111,LG-000900,Identity Document,1,1,1,2019-10-23,2019-11-14,Verified
DOC-0009112,LG-000900,Survey Record,0,0,0,,,Pending
DOC-0009113,LG-000900,Compensation Document,0,0,1,,,Pending
DOC-0009114,LG-000900,Compensation Document,1,0,0,2019-11-02,,Submitted
DOC-0009115,LG-000900,Ownership Proof,1,1,0,2019-11-04,2019-11-23,Verified
DOC-0009116,LG-000900,Identity Document,1,1,1,2019-10-30,2019-11-25,Verified
DOC-0009117,LG-000901,Land Record,1,0,0,2020-06-29,,Submitted
DOC-0009118,LG-000901,Ownership Proof,1,1,1,2020-06-17,2020-07-05,Verified
DOC-0009119,LG-000901,Ownership Proof,1,1,1,2020-06-27,2020-07-15,Verified
DOC-0009120,LG-000901,Compensation Document,1,0,1,2020-06-20,,Submitted
DOC-0009121,LG-000901,Ownership Proof,0,0,1,,,Pending
DOC-0009122,LG-000901,Ownership Proof,1,0,0,2020-07-01,,Submitted
DOC-0009123,LG-000901,Land Record,1,1,0,2020-07-03,2020-08-11,Verified
DOC-0009124,LG-000901,Ownership Proof,1,1,1,2020-07-07,2020-07-26,Verified
DOC-0009125,LG-000901,Identity Document,0,0,1,,,Pending
DOC-0009126,LG-000901,Land Record,0,0,0,,,Pending
DOC-0009127,LG-000902,Identity Document,1,1,0,2021-02-26,2021-03-29,Verified
DOC-0009128,LG-000902,Identity Document,1,1,0,2021-01-20,2021-01-30,Verified
DOC-0009129,LG-000902,Survey Record,1,1,0,2021-02-22,2021-03-09,Verified
DOC-0009130,LG-000902,Compensation Document,1,1,1,2021-02-03,2021-02-23,Verified
DOC-0009131,LG-000902,Survey Record,1,1,1,2021-01-15,2021-02-17,Verified
DOC-0009132,LG-000903,Survey Record,1,1,1,2019-06-26,2019-07-30,Verified
DOC-0009133,LG-000903,Land Record,1,0,0,2019-06-30,,Submitted
DOC-0009134,LG-000903,Identity Document,1,1,0,2019-06-25,2019-07-16,Verified
DOC-0009135,LG-000903,Ownership Proof,1,1,0,2019-07-20,2019-08-05,Verified
DOC-0009136,LG-000903,Land Record,1,1,0,2019-06-23,2019-07-11,Verified
DOC-0009137,LG-000903,Identity Document,1,1,0,2019-06-03,2019-07-08,Verified
DOC-0009138,LG-000904,Survey Record,1,1,0,2021-06-02,2021-06-30,Verified
DOC-0009139,LG-000904,Land Record,1,1,0,2021-06-22,2021-07-03,Verified
DOC-0009140,LG-000904,Ownership Proof,1,1,0,2021-06-11,2021-07-02,Verified
DOC-0009141,LG-000904,Identity Document,1,1,0,2021-06-15,2021-06-29,Verified
DOC-0009142,LG-000904,Identity Document,1,1,0,2021-05-15,2021-05-26,Verified
DOC-0009143,LG-000905,Ownership Proof,1,0,1,2021-03-04,,Submitted
DOC-0009144,LG-000905,Land Record,1,0,1,2021-04-07,,Submitted
DOC-0009145,LG-000905,Land Record,1,0,0,2021-04-09,,Submitted
DOC-0009146,LG-000905,Compensation Document,0,0,1,,,Pending
DOC-0009147,LG-000905,Land Record,1,1,1,2021-04-12,2021-05-09,Verified
DOC-0009148,LG-000905,Ownership Proof,1,1,0,2021-03-20,2021-04-17,Verified
DOC-0009149,LG-000905,Land Record,1,1,0,2021-04-15,2021-04-30,Verified
DOC-0009150,LG-000905,Ownership Proof,1,0,0,2021-03-26,,Submitted
DOC-0009151,LG-000905,Identity Document,0,0,1,,,Pending
DOC-0009152,LG-000905,Identity Document,1,0,1,2021-04-05,,Submitted
DOC-0009153,LG-000906,Identity Document,1,0,0,2023-06-06,,Submitted
DOC-0009154,LG-000906,Identity Document,1,1,0,2023-06-27,2023-07-13,Verified
DOC-0009155,LG-000906,Identity Document,1,1,0,2023-05-23,2023-06-14,Verified
DOC-0009156,LG-000906,Land Record,1,1,1,2023-06-27,2023-07-29,Verified
DOC-0009157,LG-000906,Land Record,0,0,0,,,Pending
DOC-0009158,LG-000907,Compensation Document,1,0,0,2024-01-02,,Submitted
DOC-0009159,LG-000907,Ownership Proof,1,1,0,2024-01-17,2024-02-16,Verified
DOC-0009160,LG-000907,Compensation Document,1,1,0,2023-12-23,2024-01-13,Verified
DOC-0009161,LG-000907,Compensation Document,1,0,0,2024-01-30,,Submitted
DOC-0009162,LG-000907,Land Record,1,1,0,2023-12-21,2024-01-29,Verified
DOC-0009163,LG-000907,Compensation Document,1,1,0,2024-01-26,2024-02-10,Verified
DOC-0009164,LG-000907,Identity Document,1,1,0,2024-02-06,2024-03-01,Verified
DOC-0009165,LG-000907,Survey Record,1,1,0,2023-12-27,2024-02-02,Verified
DOC-0009166,LG-000907,Ownership Proof,0,0,0,,,Pending
DOC-0009167,LG-000907,Identity Document,1,1,0,2024-01-30,2024-02-25,Verified
DOC-0009168,LG-000907,Ownership Proof,1,1,1,2023-12-26,2024-01-12,Verified
DOC-0009169,LG-000907,Ownership Proof,1,1,0,2024-01-23,2024-02-04,Verified
DOC-0009170,LG-000907,Ownership Proof,1,0,0,2024-01-09,,Submitted
DOC-0009171,LG-000907,Compensation Document,1,1,0,2024-02-02,2024-03-11,Verified
DOC-0009172,LG-000908,Ownership Proof,1,0,1,2022-12-28,,Submitted
DOC-0009173,LG-000908,Identity Document,1,0,0,2023-01-17,,Submitted
DOC-0009174,LG-000908,Identity Document,1,0,1,2023-01-06,,Submitted
DOC-0009175,LG-000908,Land Record,1,1,0,2023-02-05,2023-02-27,Verified
DOC-0009176,LG-000908,Ownership Proof,1,1,1,2023-01-23,2023-02-09,Verified
DOC-0009177,LG-000908,Land Record,1,1,0,2023-02-13,2023-03-05,Verified
DOC-0009178,LG-000908,Land Record,1,1,0,2023-01-24,2023-02-24,Verified
DOC-0009179,LG-000908,Identity Document,1,1,0,2023-01-07,2023-02-01,Verified
DOC-0009180,LG-000908,Ownership Proof,1,1,0,2023-01-01,2023-01-21,Verified
DOC-0009181,LG-000908,Land Record,0,0,0,,,Pending
DOC-0009182,LG-000909,Land Record,1,1,0,2024-06-11,2024-07-18,Verified
DOC-0009183,LG-000909,Identity Document,0,0,0,,,Pending
DOC-0009184,LG-000909,Identity Document,1,1,1,2024-07-20,2024-08-14,Verified
DOC-0009185,LG-000909,Ownership Proof,1,1,1,2024-07-09,2024-07-25,Verified
DOC-0009186,LG-000909,Identity Document,1,1,1,2024-07-21,2024-08-29,Verified
DOC-0009187,LG-000909,Identity Document,1,0,0,2024-07-31,,Submitted
DOC-0009188,LG-000910,Land Record,1,1,0,2018-03-24,2018-04-13,Verified
DOC-0009189,LG-000910,Survey Record,1,1,0,2018-03-02,2018-04-01,Verified
DOC-0009190,LG-000910,Survey Record,1,1,0,2018-02-22,2018-03-27,Verified
DOC-0009191,LG-000910,Compensation Document,1,1,0,2018-02-22,2018-03-08,Verified
DOC-0009192,LG-000910,Land Record,1,1,0,2018-04-06,2018-04-16,Verified
DOC-0009193,LG-000910,Land Record,1,1,0,2018-04-07,2018-05-13,Verified
DOC-0009194,LG-000910,Ownership Proof,1,1,0,2018-03-13,2018-04-07,Verified
DOC-0009195,LG-000910,Ownership Proof,1,1,0,2018-03-17,2018-04-20,Verified
DOC-0009196,LG-000911,Ownership Proof,1,0,0,2019-12-21,,Submitted
DOC-0009197,LG-000911,Ownership Proof,0,0,1,,,Pending
DOC-0009198,LG-000911,Survey Record,1,1,1,2020-01-14,2020-02-01,Verified
DOC-0009199,LG-000911,Land Record,1,1,1,2020-01-01,2020-01-14,Verified
DOC-0009200,LG-000911,Compensation Document,0,0,0,,,Pending
DOC-0009201,LG-000911,Land Record,1,0,0,2019-12-27,,Submitted
DOC-0009202,LG-000911,Ownership Proof,1,1,1,2020-01-29,2020-03-08,Verified
DOC-0009203,LG-000911,Ownership Proof,0,0,1,,,Pending
DOC-0009204,LG-000912,Land Record,1,1,0,2021-09-29,2021-10-14,Verified
DOC-0009205,LG-000912,Compensation Document,1,1,0,2021-10-03,2021-11-01,Verified
DOC-0009206,LG-000912,Compensation Document,1,1,0,2021-09-10,2021-10-06,Verified
DOC-0009207,LG-000912,Ownership Proof,1,1,0,2021-09-24,2021-11-01,Verified
DOC-0009208,LG-000912,Compensation Document,1,0,0,2021-09-26,,Submitted
DOC-0009209,LG-000912,Compensation Document,1,0,0,2021-09-13,,Submitted
DOC-0009210,LG-000912,Compensation Document,1,1,1,2021-08-30,2021-10-03,Verified
DOC-0009211,LG-000912,Ownership Proof,1,1,1,2021-09-30,2021-10-12,Verified
DOC-0009212,LG-000913,Identity Document,1,0,0,2023-10-16,,Submitted
DOC-0009213,LG-000913,Survey Record,0,0,0,,,Pending
DOC-0009214,LG-000913,Ownership Proof,1,1,0,2023-09-03,2023-09-19,Verified
DOC-0009215,LG-000913,Identity Document,1,1,0,2023-08-27,2023-09-15,Verified
DOC-0009216,LG-000913,Compensation Document,1,1,0,2023-09-11,2023-10-05,Verified
DOC-0009217,LG-000913,Identity Document,1,1,0,2023-09-28,2023-11-05,Verified
DOC-0009218,LG-000913,Compensation Document,1,1,0,2023-10-07,2023-11-03,Verified
DOC-0009219,LG-000913,Ownership Proof,1,0,0,2023-09-13,,Submitted
DOC-0009220,LG-000913,Compensation Document,1,1,0,2023-10-04,2023-10-17,Verified
DOC-0009221,LG-000913,Compensation Document,1,0,0,2023-09-20,,Submitted
DOC-0009222,LG-000913,Survey Record,1,1,0,2023-10-09,2023-10-27,Verified
DOC-0009223,LG-000913,Identity Document,1,0,1,2023-10-17,,Submitted
DOC-0009224,LG-000914,Identity Document,1,1,0,2024-08-07,2024-08-29,Verified
DOC-0009225,LG-000914,Ownership Proof,1,1,0,2024-07-12,2024-08-04,Verified
DOC-0009226,LG-000914,Compensation Document,1,1,0,2024-07-20,2024-08-06,Verified
DOC-0009227,LG-000914,Identity Document,1,1,0,2024-09-01,2024-09-18,Verified
DOC-0009228,LG-000914,Ownership Proof,1,0,0,2024-08-31,,Submitted
DOC-0009229,LG-000914,Identity Document,1,1,0,2024-09-01,2024-10-09,Verified
DOC-0009230,LG-000914,Compensation Document,1,1,0,2024-07-21,2024-08-15,Verified
DOC-0009231,LG-000915,Land Record,1,1,0,2018-11-23,2018-12-27,Verified
DOC-0009232,LG-000915,Land Record,1,1,0,2018-11-04,2018-12-09,Verified
DOC-0009233,LG-000915,Ownership Proof,1,1,0,2018-10-20,2018-10-30,Verified
DOC-0009234,LG-000915,Land Record,1,1,0,2018-11-18,2018-11-30,Verified
DOC-0009235,LG-000915,Survey Record,1,1,1,2018-10-28,2018-12-06,Verified
DOC-0009236,LG-000915,Ownership Proof,1,1,1,2018-11-05,2018-11-20,Verified
DOC-0009237,LG-000915,Ownership Proof,0,0,1,,,Pending
DOC-0009238,LG-000915,Identity Document,0,0,1,,,Pending
DOC-0009239,LG-000915,Compensation Document,1,1,0,2018-11-05,2018-11-24,Verified
DOC-0009240,LG-000916,Compensation Document,1,0,0,2020-08-15,,Submitted
DOC-0009241,LG-000916,Survey Record,1,1,0,2020-07-28,2020-08-07,Verified
DOC-0009242,LG-000916,Compensation Document,1,0,0,2020-09-06,,Submitted
DOC-0009243,LG-000916,Land Record,1,1,0,2020-08-27,2020-10-06,Verified
DOC-0009244,LG-000916,Identity Document,0,0,1,,,Pending
DOC-0009245,LG-000916,Survey Record,1,0,0,2020-07-24,,Submitted
DOC-0009246,LG-000916,Identity Document,1,0,0,2020-07-25,,Submitted
DOC-0009247,LG-000916,Land Record,1,0,0,2020-09-07,,Submitted
DOC-0009248,LG-000916,Ownership Proof,1,1,0,2020-09-04,2020-10-11,Verified
DOC-0009249,LG-000916,Survey Record,1,0,1,2020-09-09,,Submitted
DOC-0009250,LG-000916,Ownership Proof,1,1,0,2020-09-06,2020-10-05,Verified
DOC-0009251,LG-000917,Ownership Proof,1,1,0,2020-11-21,2020-12-21,Verified
DOC-0009252,LG-000917,Identity Document,1,1,0,2020-11-08,2020-11-21,Verified
DOC-0009253,LG-000917,Survey Record,1,0,0,2020-12-02,,Submitted
DOC-0009254,LG-000917,Land Record,1,0,0,2020-11-25,,Submitted
DOC-0009255,LG-000917,Survey Record,1,1,0,2020-11-25,2020-12-20,Verified
DOC-0009256,LG-000917,Ownership Proof,1,1,0,2020-10-27,2020-11-08,Verified
DOC-0009257,LG-000917,Identity Document,0,0,0,,,Pending
DOC-0009258,LG-000917,Ownership Proof,1,0,0,2020-11-19,,Submitted
DOC-0009259,LG-000917,Compensation Document,1,1,0,2020-11-16,2020-12-22,Verified
DOC-0009260,LG-000917,Identity Document,1,0,0,2020-10-19,,Submitted
DOC-0009261,LG-000917,Identity Document,1,1,0,2020-11-22,2020-12-20,Verified
DOC-0009262,LG-000917,Land Record,1,1,0,2020-11-20,2020-12-05,Verified
DOC-0009263,LG-000917,Land Record,1,1,0,2020-10-28,2020-11-30,Verified
DOC-0009264,LG-000918,Land Record,1,1,0,2019-05-26,2019-06-24,Verified
DOC-0009265,LG-000918,Ownership Proof,1,1,0,2019-05-26,2019-06-06,Verified
DOC-0009266,LG-000918,Survey Record,1,1,0,2019-05-27,2019-06-19,Verified
DOC-0009267,LG-000918,Compensation Document,1,1,0,2019-06-10,2019-07-06,Verified
DOC-0009268,LG-000918,Compensation Document,1,1,0,2019-06-11,2019-06-27,Verified
DOC-0009269,LG-000918,Ownership Proof,1,1,0,2019-06-04,2019-06-24,Verified
DOC-0009270,LG-000918,Compensation Document,1,1,0,2019-05-10,2019-05-21,Verified
DOC-0009271,LG-000918,Survey Record,1,1,0,2019-06-01,2019-06-29,Verified
DOC-0009272,LG-000919,Identity Document,0,0,0,,,Pending
DOC-0009273,LG-000919,Survey Record,1,1,0,2018-05-30,2018-06-20,Verified
DOC-0009274,LG-000919,Ownership Proof,1,1,1,2018-06-21,2018-07-02,Verified
DOC-0009275,LG-000919,Identity Document,1,0,1,2018-05-04,,Submitted
DOC-0009276,LG-000919,Survey Record,1,1,1,2018-05-27,2018-06-14,Verified
DOC-0009277,LG-000919,Identity Document,0,0,1,,,Pending
DOC-0009278,LG-000919,Survey Record,1,0,1,2018-05-06,,Submitted
DOC-0009279,LG-000919,Compensation Document,0,0,1,,,Pending
DOC-0009280,LG-000919,Ownership Proof,1,0,1,2018-05-15,,Submitted
DOC-0009281,LG-000919,Ownership Proof,1,1,1,2018-05-18,2018-06-14,Verified
DOC-0009282,LG-000919,Land Record,1,1,1,2018-06-02,2018-07-06,Verified
DOC-0009283,LG-000920,Ownership Proof,1,0,0,2018-05-16,,Submitted
DOC-0009284,LG-000920,Survey Record,1,1,0,2018-05-13,2018-06-08,Verified
DOC-0009285,LG-000920,Land Record,1,1,0,2018-05-19,2018-06-14,Verified
DOC-0009286,LG-000920,Compensation Document,0,0,0,,,Pending
DOC-0009287,LG-000920,Survey Record,1,1,0,2018-05-28,2018-06-24,Verified
DOC-0009288,LG-000920,Ownership Proof,1,1,1,2018-06-14,2018-07-19,Verified
DOC-0009289,LG-000920,Survey Record,1,1,0,2018-06-12,2018-07-19,Verified
DOC-0009290,LG-000920,Identity Document,1,1,0,2018-06-03,2018-06-25,Verified
DOC-0009291,LG-000921,Survey Record,1,0,0,2022-11-04,,Submitted
DOC-0009292,LG-000921,Identity Document,1,1,0,2022-09-30,2022-10-20,Verified
DOC-0009293,LG-000921,Ownership Proof,1,1,0,2022-11-18,2022-12-22,Verified
DOC-0009294,LG-000921,Compensation Document,1,1,0,2022-11-14,2022-11-24,Verified
DOC-0009295,LG-000921,Identity Document,1,1,0,2022-11-23,2023-01-01,Verified
DOC-0009296,LG-000921,Land Record,1,0,0,2022-11-19,,Submitted
DOC-0009297,LG-000921,Land Record,0,0,0,,,Pending
DOC-0009298,LG-000921,Compensation Document,1,0,0,2022-10-18,,Submitted
DOC-0009299,LG-000921,Land Record,1,1,0,2022-10-20,2022-11-09,Verified
DOC-0009300,LG-000921,Ownership Proof,1,1,0,2022-10-30,2022-11-20,Verified
DOC-0009301,LG-000921,Survey Record,1,1,0,2022-10-14,2022-10-29,Verified
DOC-0009302,LG-000921,Ownership Proof,1,1,0,2022-10-07,2022-11-02,Verified
DOC-0009303,LG-000921,Ownership Proof,1,0,0,2022-11-24,,Submitted
DOC-0009304,LG-000922,Land Record,1,1,0,2018-10-19,2018-11-24,Verified
DOC-0009305,LG-000922,Land Record,1,1,1,2018-10-18,2018-10-30,Verified
DOC-0009306,LG-000922,Compensation Document,1,1,0,2018-11-24,2018-12-06,Verified
DOC-0009307,LG-000922,Ownership Proof,1,1,0,2018-11-16,2018-12-04,Verified
DOC-0009308,LG-000922,Identity Document,0,0,0,,,Pending
DOC-0009309,LG-000922,Identity Document,1,0,1,2018-12-07,,Submitted
DOC-0009310,LG-000922,Land Record,1,1,0,2018-10-27,2018-12-01,Verified
DOC-0009311,LG-000923,Survey Record,1,0,0,2018-06-16,,Submitted
DOC-0009312,LG-000923,Survey Record,1,1,0,2018-05-14,2018-05-27,Verified
DOC-0009313,LG-000923,Survey Record,1,0,0,2018-05-10,,Submitted
DOC-0009314,LG-000923,Land Record,1,1,1,2018-05-06,2018-06-07,Verified
DOC-0009315,LG-000923,Survey Record,0,0,0,,,Pending
DOC-0009316,LG-000923,Compensation Document,1,1,0,2018-06-18,2018-07-10,Verified
DOC-0009317,LG-000923,Ownership Proof,1,0,1,2018-05-31,,Submitted
DOC-0009318,LG-000923,Identity Document,1,1,0,2018-05-16,2018-06-05,Verified
DOC-0009319,LG-000923,Ownership Proof,1,1,0,2018-06-06,2018-07-14,Verified
DOC-0009320,LG-000923,Survey Record,1,0,0,2018-05-09,,Submitted
DOC-0009321,LG-000923,Survey Record,1,0,0,2018-05-18,,Submitted
DOC-0009322,LG-000924,Survey Record,1,0,1,2022-01-04,,Submitted
DOC-0009323,LG-000924,Identity Document,1,1,1,2022-02-04,2022-02-24,Verified
DOC-0009324,LG-000924,Identity Document,1,1,0,2022-01-14,2022-02-21,Verified
DOC-0009325,LG-000924,Compensation Document,0,0,0,,,Pending
DOC-0009326,LG-000924,Survey Record,1,0,1,2022-01-30,,Submitted
DOC-0009327,LG-000924,Compensation Document,1,1,1,2022-01-18,2022-02-24,Verified
DOC-0009328,LG-000924,Land Record,1,0,0,2022-02-06,,Submitted
DOC-0009329,LG-000924,Ownership Proof,0,0,0,,,Pending
DOC-0009330,LG-000924,Survey Record,1,1,0,2022-01-09,2022-02-16,Verified
DOC-0009331,LG-000924,Ownership Proof,0,0,1,,,Pending
DOC-0009332,LG-000924,Survey Record,1,0,0,2022-02-12,,Submitted
DOC-0009333,LG-000924,Compensation Document,0,0,1,,,Pending
DOC-0009334,LG-000925,Land Record,1,1,0,2019-07-25,2019-08-20,Verified
DOC-0009335,LG-000925,Compensation Document,1,0,1,2019-06-28,,Submitted
DOC-0009336,LG-000925,Land Record,1,0,0,2019-07-04,,Submitted
DOC-0009337,LG-000925,Identity Document,1,1,0,2019-07-19,2019-08-26,Verified
DOC-0009338,LG-000925,Land Record,1,1,0,2019-06-30,2019-07-30,Verified
DOC-0009339,LG-000925,Land Record,1,1,0,2019-07-25,2019-08-27,Verified
DOC-0009340,LG-000925,Survey Record,1,1,0,2019-08-01,2019-08-22,Verified
DOC-0009341,LG-000925,Compensation Document,1,1,0,2019-07-20,2019-08-21,Verified
DOC-0009342,LG-000925,Identity Document,1,0,0,2019-08-11,,Submitted
DOC-0009343,LG-000925,Ownership Proof,1,0,0,2019-08-17,,Submitted
DOC-0009344,LG-000925,Compensation Document,1,1,0,2019-07-08,2019-08-04,Verified
DOC-0009345,LG-000925,Identity Document,1,0,0,2019-07-31,,Submitted
DOC-0009346,LG-000926,Compensation Document,1,0,0,2022-03-30,,Submitted
DOC-0009347,LG-000926,Survey Record,0,0,0,,,Pending
DOC-0009348,LG-000926,Compensation Document,1,1,0,2022-03-24,2022-04-12,Verified
DOC-0009349,LG-000926,Identity Document,1,1,0,2022-04-07,2022-04-25,Verified
DOC-0009350,LG-000926,Survey Record,1,0,0,2022-03-27,,Submitted
DOC-0009351,LG-000926,Compensation Document,1,0,1,2022-03-28,,Submitted
DOC-0009352,LG-000926,Land Record,1,1,0,2022-03-27,2022-04-18,Verified
DOC-0009353,LG-000926,Survey Record,1,1,0,2022-03-31,2022-04-11,Verified
DOC-0009354,LG-000926,Identity Document,1,0,1,2022-02-24,,Submitted
DOC-0009355,LG-000926,Compensation Document,1,1,0,2022-02-15,2022-03-23,Verified
DOC-0009356,LG-000926,Ownership Proof,1,1,0,2022-03-25,2022-04-18,Verified
DOC-0009357,LG-000926,Land Record,1,0,0,2022-03-29,,Submitted
DOC-0009358,LG-000926,Compensation Document,1,0,0,2022-03-13,,Submitted
DOC-0009359,LG-000927,Compensation Document,1,1,0,2018-10-27,2018-11-20,Verified
DOC-0009360,LG-000927,Identity Document,1,0,0,2018-11-14,,Submitted
DOC-0009361,LG-000927,Land Record,1,0,0,2018-12-15,,Submitted
DOC-0009362,LG-000927,Compensation Document,1,1,0,2018-11-14,2018-12-23,Verified
DOC-0009363,LG-000927,Identity Document,1,1,0,2018-12-03,2018-12-29,Verified
DOC-0009364,LG-000927,Ownership Proof,1,1,1,2018-11-05,2018-12-08,Verified
DOC-0009365,LG-000927,Survey Record,1,1,0,2018-12-03,2018-12-23,Verified
DOC-0009366,LG-000927,Compensation Document,0,0,0,,,Pending
DOC-0009367,LG-000927,Identity Document,1,1,0,2018-12-12,2019-01-04,Verified
DOC-0009368,LG-000927,Compensation Document,1,1,0,2018-11-08,2018-11-22,Verified
DOC-0009369,LG-000927,Survey Record,1,1,0,2018-11-12,2018-12-21,Verified
DOC-0009370,LG-000927,Survey Record,1,1,0,2018-10-24,2018-11-22,Verified
DOC-0009371,LG-000927,Land Record,1,1,0,2018-11-07,2018-11-19,Verified
DOC-0009372,LG-000928,Ownership Proof,1,1,0,2018-04-30,2018-05-25,Verified
DOC-0009373,LG-000928,Land Record,1,1,0,2018-04-04,2018-05-09,Verified
DOC-0009374,LG-000928,Land Record,1,1,0,2018-03-17,2018-03-31,Verified
DOC-0009375,LG-000928,Survey Record,0,0,0,,,Pending
DOC-0009376,LG-000928,Ownership Proof,1,1,1,2018-04-02,2018-05-08,Verified
DOC-0009377,LG-000928,Identity Document,1,1,0,2018-04-11,2018-05-09,Verified
DOC-0009378,LG-000928,Land Record,1,1,1,2018-03-11,2018-04-06,Verified
DOC-0009379,LG-000928,Compensation Document,1,0,1,2018-03-17,,Submitted
DOC-0009380,LG-000928,Identity Document,1,1,1,2018-05-02,2018-05-20,Verified
DOC-0009381,LG-000928,Compensation Document,0,0,0,,,Pending
DOC-0009382,LG-000928,Land Record,1,0,1,2018-04-21,,Submitted
DOC-0009383,LG-000928,Compensation Document,1,0,1,2018-04-11,,Submitted
DOC-0009384,LG-000928,Land Record,1,1,1,2018-04-18,2018-05-02,Verified
DOC-0009385,LG-000928,Land Record,1,1,0,2018-03-18,2018-04-20,Verified
DOC-0009386,LG-000928,Identity Document,0,0,1,,,Pending
DOC-0009387,LG-000929,Compensation Document,1,0,0,2018-04-06,,Submitted
DOC-0009388,LG-000929,Compensation Document,1,1,0,2018-03-31,2018-04-11,Verified
DOC-0009389,LG-000929,Identity Document,1,1,0,2018-04-03,2018-04-20,Verified
DOC-0009390,LG-000929,Identity Document,1,1,0,2018-04-28,2018-05-08,Verified
DOC-0009391,LG-000929,Land Record,1,1,0,2018-04-11,2018-05-07,Verified
DOC-0009392,LG-000929,Compensation Document,0,0,0,,,Pending
DOC-0009393,LG-000929,Compensation Document,1,1,0,2018-03-08,2018-03-30,Verified
DOC-0009394,LG-000929,Land Record,1,1,0,2018-04-13,2018-04-23,Verified
DOC-0009395,LG-000929,Compensation Document,1,1,0,2018-03-11,2018-04-03,Verified
DOC-0009396,LG-000929,Survey Record,1,0,0,2018-03-22,,Submitted
DOC-0009397,LG-000929,Identity Document,1,0,0,2018-04-11,,Submitted
DOC-0009398,LG-000929,Land Record,1,1,0,2018-04-20,2018-05-09,Verified
DOC-0009399,LG-000929,Identity Document,1,1,0,2018-03-16,2018-04-06,Verified
DOC-0009400,LG-000930,Identity Document,1,0,0,2022-01-25,,Submitted
DOC-0009401,LG-000930,Compensation Document,1,1,0,2022-03-09,2022-04-01,Verified
DOC-0009402,LG-000930,Compensation Document,1,1,0,2022-02-01,2022-02-28,Verified
DOC-0009403,LG-000930,Ownership Proof,1,0,0,2022-02-06,,Submitted
DOC-0009404,LG-000930,Land Record,1,1,1,2022-03-01,2022-04-07,Verified
DOC-0009405,LG-000931,Ownership Proof,1,1,0,2022-10-04,2022-10-23,Verified
DOC-0009406,LG-000931,Land Record,1,1,1,2022-09-17,2022-10-24,Verified
DOC-0009407,LG-000931,Identity Document,1,1,0,2022-08-21,2022-09-17,Verified
DOC-0009408,LG-000931,Survey Record,1,1,1,2022-09-20,2022-10-02,Verified
DOC-0009409,LG-000931,Survey Record,1,0,1,2022-08-31,,Submitted
DOC-0009410,LG-000931,Identity Document,1,0,1,2022-09-27,,Submitted
DOC-0009411,LG-000931,Compensation Document,1,0,1,2022-09-09,,Submitted
DOC-0009412,LG-000931,Survey Record,1,0,1,2022-09-10,,Submitted
DOC-0009413,LG-000932,Land Record,1,1,0,2024-02-25,2024-03-06,Verified
DOC-0009414,LG-000932,Survey Record,1,1,1,2024-01-27,2024-02-07,Verified
DOC-0009415,LG-000932,Ownership Proof,1,0,0,2024-01-18,,Submitted
DOC-0009416,LG-000932,Identity Document,1,0,0,2024-01-27,,Submitted
DOC-0009417,LG-000932,Compensation Document,1,1,0,2024-03-04,2024-04-03,Verified
DOC-0009418,LG-000932,Land Record,1,1,1,2024-01-31,2024-02-29,Verified
DOC-0009419,LG-000933,Identity Document,1,1,0,2022-01-10,2022-02-09,Verified
DOC-0009420,LG-000933,Survey Record,1,1,0,2021-11-24,2021-12-07,Verified
DOC-0009421,LG-000933,Identity Document,1,1,0,2022-01-01,2022-01-16,Verified
DOC-0009422,LG-000933,Survey Record,1,1,0,2022-01-06,2022-01-23,Verified
DOC-0009423,LG-000933,Identity Document,1,1,0,2022-01-06,2022-02-12,Verified
DOC-0009424,LG-000933,Identity Document,1,1,0,2021-11-25,2022-01-01,Verified
DOC-0009425,LG-000933,Land Record,1,0,0,2021-12-25,,Submitted
DOC-0009426,LG-000934,Ownership Proof,1,1,0,2024-04-27,2024-05-11,Verified
DOC-0009427,LG-000934,Land Record,1,1,1,2024-04-03,2024-04-18,Verified
DOC-0009428,LG-000934,Ownership Proof,1,1,0,2024-03-27,2024-05-06,Verified
DOC-0009429,LG-000934,Compensation Document,1,0,0,2024-04-11,,Submitted
DOC-0009430,LG-000934,Compensation Document,1,1,0,2024-04-22,2024-05-10,Verified
DOC-0009431,LG-000934,Compensation Document,1,0,0,2024-04-25,,Submitted
DOC-0009432,LG-000934,Land Record,1,1,0,2024-03-25,2024-04-10,Verified
DOC-0009433,LG-000934,Land Record,1,1,0,2024-03-18,2024-04-01,Verified
DOC-0009434,LG-000934,Identity Document,1,0,0,2024-04-05,,Submitted
DOC-0009435,LG-000934,Ownership Proof,1,0,0,2024-03-24,,Submitted
DOC-0009436,LG-000934,Ownership Proof,1,1,0,2024-04-17,2024-05-04,Verified
DOC-0009437,LG-000934,Compensation Document,1,0,0,2024-04-20,,Submitted
DOC-0009438,LG-000934,Identity Document,1,0,1,2024-04-28,,Submitted
DOC-0009439,LG-000935,Ownership Proof,1,1,1,2024-01-30,2024-02-26,Verified
DOC-0009440,LG-000935,Survey Record,1,0,1,2024-01-25,,Submitted
DOC-0009441,LG-000935,Identity Document,1,1,0,2023-12-20,2024-01-09,Verified
DOC-0009442,LG-000935,Compensation Document,0,0,1,,,Pending
DOC-0009443,LG-000935,Ownership Proof,1,1,1,2023-12-28,2024-01-31,Verified
DOC-0009444,LG-000935,Ownership Proof,1,0,1,2024-01-09,,Submitted
DOC-0009445,LG-000936,Identity Document,1,0,0,2019-01-03,,Submitted
DOC-0009446,LG-000936,Survey Record,1,1,0,2019-01-29,2019-02-11,Verified
DOC-0009447,LG-000936,Identity Document,0,0,0,,,Pending
DOC-0009448,LG-000936,Land Record,1,1,0,2018-12-18,2019-01-27,Verified
DOC-0009449,LG-000936,Land Record,1,1,0,2019-01-17,2019-02-16,Verified
DOC-0009450,LG-000936,Ownership Proof,1,0,0,2019-02-03,,Submitted
DOC-0009451,LG-000936,Survey Record,1,0,0,2018-12-29,,Submitted
DOC-0009452,LG-000936,Ownership Proof,1,1,1,2019-01-18,2019-02-26,Verified
DOC-0009453,LG-000936,Compensation Document,1,1,0,2019-01-07,2019-01-19,Verified
DOC-0009454,LG-000936,Compensation Document,1,1,0,2018-12-25,2019-01-10,Verified
DOC-0009455,LG-000937,Ownership Proof,0,0,0,,,Pending
DOC-0009456,LG-000937,Compensation Document,1,0,0,2024-07-25,,Submitted
DOC-0009457,LG-000937,Identity Document,1,1,0,2024-08-04,2024-09-04,Verified
DOC-0009458,LG-000937,Identity Document,1,1,0,2024-07-12,2024-08-17,Verified
DOC-0009459,LG-000937,Land Record,1,0,0,2024-08-07,,Submitted
DOC-0009460,LG-000937,Survey Record,1,0,1,2024-08-19,,Submitted
DOC-0009461,LG-000937,Ownership Proof,1,1,0,2024-07-22,2024-08-24,Verified
DOC-0009462,LG-000937,Ownership Proof,1,1,0,2024-07-18,2024-08-01,Verified
DOC-0009463,LG-000937,Land Record,1,1,0,2024-08-04,2024-08-25,Verified
DOC-0009464,LG-000937,Survey Record,1,1,0,2024-07-06,2024-08-10,Verified
DOC-0009465,LG-000937,Compensation Document,1,1,0,2024-08-11,2024-08-21,Verified
DOC-0009466,LG-000937,Identity Document,1,0,0,2024-06-27,,Submitted
DOC-0009467,LG-000938,Identity Document,1,1,1,2024-04-16,2024-05-24,Verified
DOC-0009468,LG-000938,Survey Record,1,0,1,2024-03-24,,Submitted
DOC-0009469,LG-000938,Compensation Document,1,1,0,2024-04-22,2024-05-07,Verified
DOC-0009470,LG-000938,Compensation Document,1,1,0,2024-04-26,2024-05-26,Verified
DOC-0009471,LG-000938,Survey Record,0,0,0,,,Pending
DOC-0009472,LG-000938,Compensation Document,0,0,0,,,Pending
DOC-0009473,LG-000938,Compensation Document,0,0,1,,,Pending
DOC-0009474,LG-000938,Identity Document,1,1,1,2024-04-11,2024-04-27,Verified
DOC-0009475,LG-000938,Compensation Document,0,0,0,,,Pending
DOC-0009476,LG-000938,Land Record,1,1,1,2024-04-12,2024-05-14,Verified
DOC-0009477,LG-000939,Land Record,1,1,0,2023-01-24,2023-02-03,Verified
DOC-0009478,LG-000939,Land Record,0,0,0,,,Pending
DOC-0009479,LG-000939,Compensation Document,1,0,0,2023-02-08,,Submitted
DOC-0009480,LG-000939,Land Record,0,0,0,,,Pending
DOC-0009481,LG-000939,Land Record,1,1,0,2023-01-31,2023-02-20,Verified
DOC-0009482,LG-000939,Ownership Proof,1,1,0,2023-03-09,2023-04-03,Verified
DOC-0009483,LG-000939,Identity Document,1,1,0,2023-02-09,2023-03-08,Verified
DOC-0009484,LG-000939,Survey Record,1,1,0,2023-01-23,2023-02-09,Verified
DOC-0009485,LG-000940,Land Record,1,1,0,2024-02-19,2024-03-03,Verified
DOC-0009486,LG-000940,Identity Document,1,1,0,2024-02-12,2024-03-04,Verified
DOC-0009487,LG-000940,Identity Document,1,1,0,2024-02-23,2024-03-05,Verified
DOC-0009488,LG-000940,Ownership Proof,1,0,0,2024-03-01,,Submitted
DOC-0009489,LG-000940,Identity Document,1,1,0,2024-03-12,2024-04-16,Verified
DOC-0009490,LG-000940,Compensation Document,0,0,0,,,Pending
DOC-0009491,LG-000940,Land Record,1,1,1,2024-03-02,2024-04-10,Verified
DOC-0009492,LG-000940,Land Record,1,0,0,2024-02-04,,Submitted
DOC-0009493,LG-000940,Ownership Proof,1,1,0,2024-03-05,2024-03-27,Verified
DOC-0009494,LG-000940,Survey Record,1,1,0,2024-02-09,2024-03-11,Verified
DOC-0009495,LG-000940,Compensation Document,1,1,0,2024-03-04,2024-04-04,Verified
DOC-0009496,LG-000940,Compensation Document,1,0,0,2024-03-27,,Submitted
DOC-0009497,LG-000940,Land Record,1,1,0,2024-03-27,2024-04-27,Verified
DOC-0009498,LG-000940,Ownership Proof,1,1,0,2024-03-01,2024-04-01,Verified
DOC-0009499,LG-000941,Land Record,1,1,0,2022-03-27,2022-04-28,Verified
DOC-0009500,LG-000941,Compensation Document,1,1,1,2022-03-25,2022-04-30,Verified
DOC-0009501,LG-000941,Land Record,1,1,1,2022-04-03,2022-05-07,Verified
DOC-0009502,LG-000941,Compensation Document,0,0,0,,,Pending
DOC-0009503,LG-000941,Survey Record,1,1,1,2022-03-25,2022-04-21,Verified
DOC-0009504,LG-000941,Survey Record,1,1,1,2022-04-08,2022-05-01,Verified
DOC-0009505,LG-000941,Compensation Document,0,0,1,,,Pending
DOC-0009506,LG-000941,Ownership Proof,1,0,0,2022-03-17,,Submitted
DOC-0009507,LG-000941,Ownership Proof,0,0,0,,,Pending
DOC-0009508,LG-000942,Ownership Proof,1,1,1,2020-01-23,2020-02-05,Verified
DOC-0009509,LG-000942,Land Record,0,0,1,,,Pending
DOC-0009510,LG-000942,Compensation Document,1,0,0,2019-12-27,,Submitted
DOC-0009511,LG-000942,Ownership Proof,1,1,1,2020-01-26,2020-02-18,Verified
DOC-0009512,LG-000942,Survey Record,0,0,0,,,Pending
DOC-0009513,LG-000942,Compensation Document,1,0,1,2020-01-11,,Submitted
DOC-0009514,LG-000942,Compensation Document,1,0,1,2020-01-03,,Submitted
DOC-0009515,LG-000942,Compensation Document,1,1,0,2020-01-23,2020-02-28,Verified
DOC-0009516,LG-000942,Identity Document,1,1,0,2019-12-31,2020-02-08,Verified
DOC-0009517,LG-000942,Ownership Proof,0,0,0,,,Pending
DOC-0009518,LG-000942,Identity Document,1,0,1,2019-12-25,,Submitted
DOC-0009519,LG-000942,Survey Record,1,1,1,2020-01-02,2020-01-17,Verified
DOC-0009520,LG-000943,Ownership Proof,1,1,0,2021-10-17,2021-11-06,Verified
DOC-0009521,LG-000943,Ownership Proof,1,1,1,2021-10-16,2021-10-27,Verified
DOC-0009522,LG-000943,Survey Record,1,0,1,2021-09-19,,Submitted
DOC-0009523,LG-000943,Ownership Proof,1,1,1,2021-10-10,2021-11-01,Verified
DOC-0009524,LG-000943,Land Record,1,1,0,2021-11-01,2021-12-08,Verified
DOC-0009525,LG-000943,Ownership Proof,1,1,1,2021-10-09,2021-11-03,Verified
DOC-0009526,LG-000943,Compensation Document,1,1,1,2021-10-22,2021-12-01,Verified
DOC-0009527,LG-000943,Survey Record,1,1,0,2021-09-28,2021-11-04,Verified
DOC-0009528,LG-000943,Identity Document,1,0,0,2021-10-12,,Submitted
DOC-0009529,LG-000943,Identity Document,1,0,0,2021-10-16,,Submitted
DOC-0009530,LG-000943,Compensation Document,1,0,0,2021-10-20,,Submitted
DOC-0009531,LG-000944,Land Record,1,1,0,2020-12-21,2021-01-02,Verified
DOC-0009532,LG-000944,Land Record,1,0,0,2020-12-29,,Submitted
DOC-0009533,LG-000944,Ownership Proof,1,1,0,2020-12-10,2020-12-28,Verified
DOC-0009534,LG-000944,Identity Document,1,1,0,2020-12-15,2020-12-31,Verified
DOC-0009535,LG-000944,Land Record,1,0,1,2020-12-19,,Submitted
DOC-0009536,LG-000944,Land Record,1,1,0,2020-12-22,2021-01-26,Verified
DOC-0009537,LG-000944,Compensation Document,1,1,1,2020-11-30,2020-12-24,Verified
DOC-0009538,LG-000944,Identity Document,1,1,1,2020-12-17,2020-12-31,Verified
DOC-0009539,LG-000945,Compensation Document,1,1,0,2018-12-11,2019-01-13,Verified
DOC-0009540,LG-000945,Survey Record,1,1,0,2018-11-02,2018-11-19,Verified
DOC-0009541,LG-000945,Identity Document,0,0,0,,,Pending
DOC-0009542,LG-000945,Compensation Document,1,1,0,2018-12-10,2019-01-14,Verified
DOC-0009543,LG-000945,Identity Document,1,0,0,2018-11-30,,Submitted
DOC-0009544,LG-000945,Identity Document,1,1,0,2018-10-24,2018-11-10,Verified
DOC-0009545,LG-000945,Ownership Proof,1,1,0,2018-11-26,2019-01-01,Verified
DOC-0009546,LG-000945,Land Record,1,1,1,2018-12-10,2019-01-10,Verified
DOC-0009547,LG-000945,Ownership Proof,1,1,0,2018-12-16,2019-01-18,Verified
DOC-0009548,LG-000945,Survey Record,1,1,0,2018-11-21,2018-12-20,Verified
DOC-0009549,LG-000946,Land Record,1,1,1,2024-02-26,2024-04-03,Verified
DOC-0009550,LG-000946,Ownership Proof,1,0,1,2024-02-27,,Submitted
DOC-0009551,LG-000946,Land Record,1,1,1,2024-03-15,2024-04-14,Verified
DOC-0009552,LG-000946,Survey Record,1,1,1,2024-03-08,2024-04-06,Verified
DOC-0009553,LG-000946,Ownership Proof,1,0,1,2024-01-27,,Submitted
DOC-0009554,LG-000946,Survey Record,1,1,0,2024-03-02,2024-04-10,Verified
DOC-0009555,LG-000946,Identity Document,1,0,1,2024-02-23,,Submitted
DOC-0009556,LG-000946,Land Record,1,1,0,2024-02-16,2024-03-24,Verified
DOC-0009557,LG-000946,Land Record,1,1,0,2024-02-18,2024-03-10,Verified
DOC-0009558,LG-000946,Identity Document,1,1,1,2024-02-10,2024-03-08,Verified
DOC-0009559,LG-000946,Survey Record,1,0,1,2024-02-25,,Submitted
DOC-0009560,LG-000947,Survey Record,1,0,1,2023-08-08,,Submitted
DOC-0009561,LG-000947,Ownership Proof,1,0,1,2023-09-29,,Submitted
DOC-0009562,LG-000947,Survey Record,1,1,1,2023-08-19,2023-09-03,Verified
DOC-0009563,LG-000947,Ownership Proof,1,1,1,2023-09-22,2023-10-13,Verified
DOC-0009564,LG-000947,Identity Document,1,1,1,2023-09-24,2023-10-21,Verified
DOC-0009565,LG-000947,Identity Document,1,1,1,2023-09-16,2023-10-16,Verified
DOC-0009566,LG-000947,Land Record,1,1,1,2023-09-16,2023-10-10,Verified
DOC-0009567,LG-000947,Land Record,1,1,1,2023-09-12,2023-10-05,Verified
DOC-0009568,LG-000947,Identity Document,1,1,1,2023-08-13,2023-09-12,Verified
DOC-0009569,LG-000947,Land Record,0,0,0,,,Pending
DOC-0009570,LG-000947,Survey Record,0,0,0,,,Pending
DOC-0009571,LG-000947,Survey Record,1,1,0,2023-09-19,2023-10-04,Verified
DOC-0009572,LG-000947,Compensation Document,1,0,1,2023-09-23,,Submitted
DOC-0009573,LG-000947,Land Record,1,0,0,2023-08-22,,Submitted
DOC-0009574,LG-000947,Land Record,0,0,1,,,Pending
DOC-0009575,LG-000948,Identity Document,1,1,1,2025-02-17,2025-03-13,Verified
DOC-0009576,LG-000948,Land Record,1,1,0,2025-01-19,2025-02-28,Verified
DOC-0009577,LG-000948,Ownership Proof,1,0,1,2025-01-05,,Submitted
DOC-0009578,LG-000948,Compensation Document,1,0,1,2024-12-29,,Submitted
DOC-0009579,LG-000948,Land Record,1,1,0,2025-02-15,2025-03-19,Verified
DOC-0009580,LG-000948,Survey Record,0,0,0,,,Pending
DOC-0009581,LG-000948,Compensation Document,1,0,0,2025-02-14,,Submitted
DOC-0009582,LG-000948,Land Record,0,0,0,,,Pending
DOC-0009583,LG-000948,Survey Record,1,0,0,2025-01-19,,Submitted
DOC-0009584,LG-000948,Survey Record,1,1,0,2025-01-18,2025-02-10,Verified
DOC-0009585,LG-000949,Survey Record,1,1,0,2024-04-04,2024-04-20,Verified
DOC-0009586,LG-000949,Survey Record,1,1,0,2024-02-24,2024-03-19,Verified
DOC-0009587,LG-000949,Ownership Proof,1,1,0,2024-03-11,2024-03-21,Verified
DOC-0009588,LG-000949,Identity Document,1,1,0,2024-03-13,2024-04-13,Verified
DOC-0009589,LG-000949,Land Record,0,0,1,,,Pending
DOC-0009590,LG-000949,Survey Record,1,1,1,2024-04-08,2024-04-22,Verified
DOC-0009591,LG-000949,Identity Document,0,0,0,,,Pending
DOC-0009592,LG-000949,Identity Document,1,1,0,2024-03-15,2024-04-18,Verified
DOC-0009593,LG-000949,Land Record,1,0,1,2024-03-08,,Submitted
DOC-0009594,LG-000949,Identity Document,1,1,1,2024-04-01,2024-04-28,Verified
DOC-0009595,LG-000949,Land Record,1,1,0,2024-02-28,2024-03-18,Verified
DOC-0009596,LG-000949,Ownership Proof,1,1,0,2024-02-27,2024-03-23,Verified
DOC-0009597,LG-000950,Survey Record,1,1,0,2019-07-21,2019-08-13,Verified
DOC-0009598,LG-000950,Land Record,1,1,0,2019-06-11,2019-06-24,Verified
DOC-0009599,LG-000950,Identity Document,1,1,0,2019-06-10,2019-07-03,Verified
DOC-0009600,LG-000950,Ownership Proof,1,1,0,2019-06-15,2019-06-29,Verified
DOC-0009601,LG-000950,Land Record,1,0,0,2019-06-22,,Submitted
DOC-0009602,LG-000950,Ownership Proof,1,0,0,2019-07-13,,Submitted
DOC-0009603,LG-000950,Survey Record,0,0,0,,,Pending
DOC-0009604,LG-000950,Land Record,1,1,0,2019-06-12,2019-07-15,Verified
DOC-0009605,LG-000950,Compensation Document,1,1,0,2019-07-15,2019-07-31,Verified
DOC-0009606,LG-000950,Ownership Proof,1,1,0,2019-07-09,2019-07-31,Verified
DOC-0009607,LG-000951,Land Record,1,0,0,2020-01-12,,Submitted
DOC-0009608,LG-000951,Ownership Proof,1,1,1,2019-12-30,2020-02-01,Verified
DOC-0009609,LG-000951,Identity Document,0,0,0,,,Pending
DOC-0009610,LG-000951,Land Record,1,1,0,2020-01-31,2020-02-12,Verified
DOC-0009611,LG-000951,Land Record,1,1,0,2020-01-08,2020-02-06,Verified
DOC-0009612,LG-000951,Survey Record,0,0,1,,,Pending
DOC-0009613,LG-000951,Ownership Proof,0,0,0,,,Pending
DOC-0009614,LG-000951,Compensation Document,0,0,0,,,Pending
DOC-0009615,LG-000951,Ownership Proof,1,1,0,2020-01-29,2020-03-02,Verified
DOC-0009616,LG-000951,Identity Document,1,0,0,2020-01-29,,Submitted
DOC-0009617,LG-000951,Ownership Proof,1,1,1,2019-12-28,2020-01-22,Verified
DOC-0009618,LG-000951,Land Record,1,1,0,2019-12-17,2019-12-29,Verified
DOC-0009619,LG-000951,Land Record,1,1,0,2019-12-12,2020-01-01,Verified
DOC-0009620,LG-000951,Compensation Document,1,0,1,2020-01-17,,Submitted
DOC-0009621,LG-000951,Compensation Document,1,0,0,2019-12-14,,Submitted
DOC-0009622,LG-000952,Ownership Proof,1,1,0,2019-09-10,2019-09-27,Verified
DOC-0009623,LG-000952,Survey Record,1,1,0,2019-09-12,2019-10-03,Verified
DOC-0009624,LG-000952,Identity Document,1,1,1,2019-09-09,2019-10-14,Verified
DOC-0009625,LG-000952,Land Record,0,0,1,,,Pending
DOC-0009626,LG-000952,Ownership Proof,1,1,0,2019-09-16,2019-10-18,Verified
DOC-0009627,LG-000952,Ownership Proof,1,1,0,2019-10-19,2019-11-05,Verified
DOC-0009628,LG-000952,Land Record,0,0,0,,,Pending
DOC-0009629,LG-000952,Ownership Proof,1,1,1,2019-10-15,2019-11-13,Verified
DOC-0009630,LG-000952,Ownership Proof,1,1,0,2019-10-10,2019-10-29,Verified
DOC-0009631,LG-000952,Ownership Proof,1,0,0,2019-09-14,,Submitted
DOC-0009632,LG-000952,Ownership Proof,1,1,0,2019-09-14,2019-10-05,Verified
DOC-0009633,LG-000953,Land Record,1,0,1,2022-03-17,,Submitted
DOC-0009634,LG-000953,Identity Document,1,1,0,2022-05-01,2022-05-11,Verified
DOC-0009635,LG-000953,Ownership Proof,1,1,1,2022-04-26,2022-05-26,Verified
DOC-0009636,LG-000953,Compensation Document,1,1,0,2022-04-20,2022-05-03,Verified
DOC-0009637,LG-000953,Survey Record,1,1,0,2022-04-22,2022-05-03,Verified
DOC-0009638,LG-000953,Land Record,1,0,0,2022-04-30,,Submitted
DOC-0009639,LG-000953,Identity Document,1,0,0,2022-04-05,,Submitted
DOC-0009640,LG-000954,Compensation Document,1,1,0,2018-07-01,2018-08-08,Verified
DOC-0009641,LG-000954,Survey Record,1,1,0,2018-07-30,2018-08-30,Verified
DOC-0009642,LG-000954,Survey Record,1,1,0,2018-06-23,2018-07-23,Verified
DOC-0009643,LG-000954,Identity Document,1,1,0,2018-08-13,2018-09-17,Verified
DOC-0009644,LG-000954,Identity Document,1,1,1,2018-07-18,2018-08-22,Verified
DOC-0009645,LG-000954,Identity Document,1,1,0,2018-07-07,2018-07-25,Verified
DOC-0009646,LG-000955,Compensation Document,1,1,1,2020-06-16,2020-07-11,Verified
DOC-0009647,LG-000955,Identity Document,0,0,1,,,Pending
DOC-0009648,LG-000955,Land Record,1,1,1,2020-06-03,2020-06-15,Verified
DOC-0009649,LG-000955,Ownership Proof,1,0,0,2020-07-16,,Submitted
DOC-0009650,LG-000955,Land Record,1,1,0,2020-05-30,2020-06-11,Verified
DOC-0009651,LG-000955,Land Record,0,0,0,,,Pending
DOC-0009652,LG-000955,Compensation Document,1,1,1,2020-05-27,2020-07-02,Verified
DOC-0009653,LG-000955,Identity Document,1,0,0,2020-07-05,,Submitted
DOC-0009654,LG-000955,Survey Record,1,0,1,2020-05-27,,Submitted
DOC-0009655,LG-000955,Survey Record,1,1,1,2020-06-28,2020-07-29,Verified
DOC-0009656,LG-000955,Compensation Document,1,0,0,2020-07-10,,Submitted
DOC-0009657,LG-000955,Compensation Document,0,0,0,,,Pending
DOC-0009658,LG-000955,Land Record,1,1,0,2020-07-20,2020-08-18,Verified
DOC-0009659,LG-000955,Ownership Proof,1,1,0,2020-07-01,2020-07-17,Verified
DOC-0009660,LG-000956,Ownership Proof,1,1,0,2022-02-12,2022-03-04,Verified
DOC-0009661,LG-000956,Survey Record,1,1,0,2022-02-10,2022-03-17,Verified
DOC-0009662,LG-000956,Compensation Document,1,0,0,2022-01-24,,Submitted
DOC-0009663,LG-000956,Land Record,1,1,0,2022-02-07,2022-02-25,Verified
DOC-0009664,LG-000956,Compensation Document,1,0,0,2021-12-28,,Submitted
DOC-0009665,LG-000957,Ownership Proof,1,0,0,2022-11-26,,Submitted
DOC-0009666,LG-000957,Land Record,1,1,1,2022-11-11,2022-12-18,Verified
DOC-0009667,LG-000957,Ownership Proof,0,0,1,,,Pending
DOC-0009668,LG-000957,Ownership Proof,0,0,1,,,Pending
DOC-0009669,LG-000957,Land Record,1,1,1,2022-11-18,2022-12-26,Verified
DOC-0009670,LG-000957,Ownership Proof,0,0,1,,,Pending
DOC-0009671,LG-000957,Ownership Proof,1,0,1,2022-11-03,,Submitted
DOC-0009672,LG-000957,Survey Record,1,0,0,2022-10-16,,Submitted
DOC-0009673,LG-000957,Identity Document,1,1,0,2022-10-11,2022-10-31,Verified
DOC-0009674,LG-000957,Survey Record,1,0,0,2022-11-18,,Submitted
DOC-0009675,LG-000957,Identity Document,1,0,0,2022-10-31,,Submitted
DOC-0009676,LG-000958,Survey Record,1,1,0,2019-02-02,2019-03-06,Verified
DOC-0009677,LG-000958,Land Record,1,1,0,2019-01-09,2019-01-28,Verified
DOC-0009678,LG-000958,Compensation Document,1,1,1,2018-12-19,2019-01-16,Verified
DOC-0009679,LG-000958,Identity Document,1,1,0,2018-12-20,2019-01-28,Verified
DOC-0009680,LG-000958,Identity Document,1,1,0,2019-01-24,2019-02-10,Verified
DOC-0009681,LG-000958,Compensation Document,1,1,0,2019-01-26,2019-02-26,Verified
DOC-0009682,LG-000958,Ownership Proof,1,1,0,2019-01-03,2019-02-04,Verified
DOC-0009683,LG-000958,Survey Record,1,0,0,2019-01-08,,Submitted
DOC-0009684,LG-000958,Survey Record,1,1,0,2019-01-01,2019-02-04,Verified
DOC-0009685,LG-000959,Compensation Document,1,0,0,2018-05-13,,Submitted
DOC-0009686,LG-000959,Land Record,1,0,0,2018-05-19,,Submitted
DOC-0009687,LG-000959,Compensation Document,1,1,0,2018-04-27,2018-05-21,Verified
DOC-0009688,LG-000959,Compensation Document,1,0,1,2018-04-04,,Submitted
DOC-0009689,LG-000959,Land Record,1,1,0,2018-04-08,2018-04-22,Verified
DOC-0009690,LG-000959,Ownership Proof,1,1,0,2018-05-20,2018-06-11,Verified
DOC-0009691,LG-000959,Compensation Document,1,1,0,2018-03-31,2018-05-08,Verified
DOC-0009692,LG-000960,Identity Document,1,1,1,2023-08-24,2023-09-03,Verified
DOC-0009693,LG-000960,Survey Record,1,1,0,2023-10-03,2023-10-20,Verified
DOC-0009694,LG-000960,Compensation Document,1,0,0,2023-09-27,,Submitted
DOC-0009695,LG-000960,Survey Record,0,0,1,,,Pending
DOC-0009696,LG-000960,Survey Record,1,1,0,2023-08-22,2023-09-21,Verified
DOC-0009697,LG-000960,Compensation Document,1,1,1,2023-09-02,2023-10-05,Verified
DOC-0009698,LG-000961,Ownership Proof,1,1,0,2022-03-02,2022-04-06,Verified
DOC-0009699,LG-000961,Compensation Document,1,0,0,2022-03-09,,Submitted
DOC-0009700,LG-000961,Ownership Proof,1,1,0,2022-04-06,2022-04-25,Verified
DOC-0009701,LG-000961,Identity Document,1,0,0,2022-03-03,,Submitted
DOC-0009702,LG-000961,Survey Record,1,1,0,2022-02-27,2022-04-03,Verified
DOC-0009703,LG-000961,Survey Record,1,1,0,2022-03-24,2022-05-03,Verified
DOC-0009704,LG-000961,Land Record,1,1,0,2022-03-28,2022-04-18,Verified
DOC-0009705,LG-000961,Land Record,1,1,0,2022-03-01,2022-03-17,Verified
DOC-0009706,LG-000961,Land Record,1,1,0,2022-03-05,2022-04-05,Verified
DOC-0009707,LG-000961,Compensation Document,1,0,0,2022-04-02,,Submitted
DOC-0009708,LG-000962,Survey Record,1,1,0,2020-05-17,2020-06-21,Verified
DOC-0009709,LG-000962,Ownership Proof,1,1,0,2020-05-15,2020-06-17,Verified
DOC-0009710,LG-000962,Ownership Proof,1,0,0,2020-05-13,,Submitted
DOC-0009711,LG-000962,Identity Document,1,1,0,2020-03-31,2020-04-11,Verified
DOC-0009712,LG-000962,Ownership Proof,1,1,0,2020-05-07,2020-05-20,Verified
DOC-0009713,LG-000962,Land Record,1,1,0,2020-03-27,2020-04-19,Verified
DOC-0009714,LG-000962,Compensation Document,1,1,0,2020-05-21,2020-06-29,Verified
DOC-0009715,LG-000962,Compensation Document,1,0,0,2020-05-03,,Submitted
DOC-0009716,LG-000962,Compensation Document,1,1,0,2020-04-09,2020-05-19,Verified
DOC-0009717,LG-000963,Survey Record,1,1,1,2021-09-23,2021-10-24,Verified
DOC-0009718,LG-000963,Survey Record,1,0,1,2021-10-07,,Submitted
DOC-0009719,LG-000963,Compensation Document,1,1,1,2021-10-15,2021-11-13,Verified
DOC-0009720,LG-000963,Compensation Document,1,0,1,2021-10-31,,Submitted
DOC-0009721,LG-000963,Survey Record,1,1,0,2021-09-11,2021-10-04,Verified
DOC-0009722,LG-000963,Survey Record,1,1,0,2021-09-12,2021-10-22,Verified
DOC-0009723,LG-000963,Identity Document,1,1,1,2021-09-19,2021-10-25,Verified
DOC-0009724,LG-000963,Identity Document,1,0,0,2021-10-21,,Submitted
DOC-0009725,LG-000963,Ownership Proof,0,0,1,,,Pending
DOC-0009726,LG-000963,Land Record,0,0,1,,,Pending
DOC-0009727,LG-000963,Ownership Proof,1,1,0,2021-10-08,2021-11-09,Verified
DOC-0009728,LG-000963,Identity Document,1,0,0,2021-10-21,,Submitted
DOC-0009729,LG-000963,Land Record,1,1,0,2021-09-15,2021-10-23,Verified
DOC-0009730,LG-000963,Compensation Document,1,0,1,2021-10-16,,Submitted
DOC-0009731,LG-000964,Identity Document,1,0,0,2019-03-06,,Submitted
DOC-0009732,LG-000964,Identity Document,1,0,0,2019-02-11,,Submitted
DOC-0009733,LG-000964,Compensation Document,1,1,0,2019-02-14,2019-03-18,Verified
DOC-0009734,LG-000964,Survey Record,1,1,0,2019-02-07,2019-03-15,Verified
DOC-0009735,LG-000964,Survey Record,1,1,0,2019-01-26,2019-02-20,Verified
DOC-0009736,LG-000964,Identity Document,0,0,0,,,Pending
DOC-0009737,LG-000964,Land Record,1,1,0,2019-03-07,2019-03-24,Verified
DOC-0009738,LG-000964,Identity Document,1,0,1,2019-03-08,,Submitted
DOC-0009739,LG-000964,Compensation Document,1,1,1,2019-02-26,2019-03-31,Verified
DOC-0009740,LG-000964,Identity Document,1,1,1,2019-03-06,2019-04-11,Verified
DOC-0009741,LG-000964,Survey Record,1,1,1,2019-03-02,2019-03-14,Verified
DOC-0009742,LG-000965,Compensation Document,0,0,0,,,Pending
DOC-0009743,LG-000965,Identity Document,1,1,1,2023-08-11,2023-09-05,Verified
DOC-0009744,LG-000965,Ownership Proof,1,1,0,2023-07-07,2023-08-10,Verified
DOC-0009745,LG-000965,Compensation Document,1,1,0,2023-07-17,2023-08-05,Verified
DOC-0009746,LG-000965,Identity Document,1,1,0,2023-07-16,2023-08-16,Verified
DOC-0009747,LG-000965,Survey Record,1,1,0,2023-06-30,2023-08-09,Verified
DOC-0009748,LG-000965,Land Record,1,0,0,2023-07-30,,Submitted
DOC-0009749,LG-000965,Survey Record,1,1,0,2023-08-07,2023-09-14,Verified
DOC-0009750,LG-000966,Compensation Document,1,1,0,2018-09-23,2018-10-08,Verified
DOC-0009751,LG-000966,Survey Record,1,1,0,2018-10-26,2018-11-28,Verified
DOC-0009752,LG-000966,Land Record,1,1,0,2018-10-07,2018-10-20,Verified
DOC-0009753,LG-000966,Compensation Document,1,1,0,2018-10-18,2018-11-10,Verified
DOC-0009754,LG-000966,Survey Record,1,0,0,2018-10-12,,Submitted
DOC-0009755,LG-000966,Identity Document,1,1,0,2018-09-28,2018-11-02,Verified
DOC-0009756,LG-000966,Identity Document,1,0,1,2018-10-15,,Submitted
DOC-0009757,LG-000966,Identity Document,0,0,0,,,Pending
DOC-0009758,LG-000967,Ownership Proof,1,1,0,2019-11-13,2019-12-02,Verified
DOC-0009759,LG-000967,Survey Record,1,1,0,2019-11-30,2019-12-10,Verified
DOC-0009760,LG-000967,Compensation Document,1,1,0,2019-10-14,2019-11-23,Verified
DOC-0009761,LG-000967,Ownership Proof,1,0,0,2019-12-04,,Submitted
DOC-0009762,LG-000967,Ownership Proof,1,0,0,2019-12-06,,Submitted
DOC-0009763,LG-000967,Compensation Document,1,1,1,2019-11-26,2019-12-07,Verified
DOC-0009764,LG-000967,Land Record,1,0,0,2019-11-02,,Submitted
DOC-0009765,LG-000967,Compensation Document,1,1,1,2019-12-04,2019-12-29,Verified
DOC-0009766,LG-000967,Identity Document,1,0,1,2019-12-05,,Submitted
DOC-0009767,LG-000967,Compensation Document,1,1,1,2019-11-20,2019-12-19,Verified
DOC-0009768,LG-000967,Ownership Proof,1,1,0,2019-11-20,2019-11-30,Verified
DOC-0009769,LG-000968,Compensation Document,0,0,0,,,Pending
DOC-0009770,LG-000968,Land Record,1,1,0,2021-08-27,2021-09-12,Verified
DOC-0009771,LG-000968,Survey Record,1,1,1,2021-08-26,2021-09-10,Verified
DOC-0009772,LG-000968,Survey Record,0,0,0,,,Pending
DOC-0009773,LG-000968,Survey Record,1,1,0,2021-09-07,2021-10-13,Verified
DOC-0009774,LG-000968,Land Record,1,1,1,2021-08-17,2021-09-19,Verified
DOC-0009775,LG-000968,Survey Record,1,1,1,2021-07-15,2021-07-25,Verified
DOC-0009776,LG-000968,Survey Record,1,1,0,2021-09-07,2021-10-08,Verified
DOC-0009777,LG-000968,Ownership Proof,0,0,0,,,Pending
DOC-0009778,LG-000968,Survey Record,1,1,0,2021-09-06,2021-10-13,Verified
DOC-0009779,LG-000968,Compensation Document,1,1,0,2021-08-15,2021-08-26,Verified
DOC-0009780,LG-000969,Land Record,1,0,1,2020-05-07,,Submitted
DOC-0009781,LG-000969,Ownership Proof,0,0,1,,,Pending
DOC-0009782,LG-000969,Compensation Document,1,1,1,2020-05-28,2020-07-05,Verified
DOC-0009783,LG-000969,Compensation Document,1,0,0,2020-05-20,,Submitted
DOC-0009784,LG-000969,Land Record,1,1,1,2020-04-21,2020-05-11,Verified
DOC-0009785,LG-000969,Survey Record,1,0,1,2020-05-13,,Submitted
DOC-0009786,LG-000969,Land Record,1,0,1,2020-05-13,,Submitted
DOC-0009787,LG-000969,Compensation Document,1,1,0,2020-05-13,2020-05-30,Verified
DOC-0009788,LG-000969,Compensation Document,1,1,0,2020-05-09,2020-05-19,Verified
DOC-0009789,LG-000969,Compensation Document,1,1,0,2020-05-20,2020-06-24,Verified
DOC-0009790,LG-000969,Land Record,1,1,1,2020-06-13,2020-07-15,Verified
DOC-0009791,LG-000969,Ownership Proof,1,1,1,2020-04-26,2020-05-13,Verified
DOC-0009792,LG-000969,Compensation Document,0,0,1,,,Pending
DOC-0009793,LG-000970,Ownership Proof,1,1,0,2022-01-20,2022-02-04,Verified
DOC-0009794,LG-000970,Survey Record,1,1,0,2022-01-24,2022-02-23,Verified
DOC-0009795,LG-000970,Identity Document,1,1,0,2021-12-30,2022-01-27,Verified
DOC-0009796,LG-000970,Survey Record,1,1,0,2022-01-24,2022-03-05,Verified
DOC-0009797,LG-000970,Land Record,1,1,0,2021-12-05,2021-12-28,Verified
DOC-0009798,LG-000971,Compensation Document,1,1,1,2018-07-21,2018-08-21,Verified
DOC-0009799,LG-000971,Survey Record,1,0,0,2018-07-04,,Submitted
DOC-0009800,LG-000971,Ownership Proof,0,0,1,,,Pending
DOC-0009801,LG-000971,Survey Record,0,0,0,,,Pending
DOC-0009802,LG-000971,Land Record,1,1,1,2018-07-16,2018-08-24,Verified
DOC-0009803,LG-000971,Land Record,1,1,1,2018-06-16,2018-07-07,Verified
DOC-0009804,LG-000971,Land Record,1,0,0,2018-06-27,,Submitted
DOC-0009805,LG-000972,Identity Document,1,1,1,2021-08-21,2021-09-07,Verified
DOC-0009806,LG-000972,Ownership Proof,1,1,0,2021-10-01,2021-10-23,Verified
DOC-0009807,LG-000972,Identity Document,0,0,0,,,Pending
DOC-0009808,LG-000972,Ownership Proof,1,0,1,2021-08-20,,Submitted
DOC-0009809,LG-000972,Land Record,1,1,1,2021-08-26,2021-09-27,Verified
DOC-0009810,LG-000972,Survey Record,1,0,1,2021-09-20,,Submitted
DOC-0009811,LG-000972,Compensation Document,1,1,1,2021-08-31,2021-10-04,Verified
DOC-0009812,LG-000972,Land Record,1,0,0,2021-09-12,,Submitted
DOC-0009813,LG-000972,Survey Record,0,0,0,,,Pending
DOC-0009814,LG-000972,Ownership Proof,1,1,1,2021-10-01,2021-10-21,Verified
DOC-0009815,LG-000972,Compensation Document,1,1,1,2021-08-29,2021-10-04,Verified
DOC-0009816,LG-000972,Identity Document,1,0,1,2021-09-28,,Submitted
DOC-0009817,LG-000972,Land Record,0,0,1,,,Pending
DOC-0009818,LG-000973,Compensation Document,1,0,0,2018-10-23,,Submitted
DOC-0009819,LG-000973,Compensation Document,1,0,0,2018-09-30,,Submitted
DOC-0009820,LG-000973,Ownership Proof,1,1,0,2018-10-29,2018-11-30,Verified
DOC-0009821,LG-000973,Compensation Document,1,1,0,2018-11-09,2018-11-19,Verified
DOC-0009822,LG-000973,Identity Document,1,1,0,2018-11-04,2018-11-30,Verified
DOC-0009823,LG-000973,Compensation Document,1,1,1,2018-10-11,2018-11-19,Verified
DOC-0009824,LG-000973,Compensation Document,1,1,0,2018-10-23,2018-12-01,Verified
DOC-0009825,LG-000973,Ownership Proof,1,1,0,2018-11-06,2018-11-22,Verified
DOC-0009826,LG-000973,Land Record,0,0,0,,,Pending
DOC-0009827,LG-000973,Ownership Proof,1,1,0,2018-10-24,2018-11-14,Verified
DOC-0009828,LG-000974,Survey Record,1,1,0,2019-07-23,2019-08-20,Verified
DOC-0009829,LG-000974,Compensation Document,1,1,0,2019-08-13,2019-08-27,Verified
DOC-0009830,LG-000974,Land Record,1,0,0,2019-08-21,,Submitted
DOC-0009831,LG-000974,Compensation Document,1,1,1,2019-08-06,2019-09-13,Verified
DOC-0009832,LG-000974,Compensation Document,1,0,0,2019-08-13,,Submitted
DOC-0009833,LG-000974,Survey Record,1,1,0,2019-08-03,2019-09-06,Verified
DOC-0009834,LG-000974,Compensation Document,1,1,0,2019-09-03,2019-09-23,Verified
DOC-0009835,LG-000974,Land Record,1,1,0,2019-09-11,2019-10-17,Verified
DOC-0009836,LG-000974,Identity Document,1,1,0,2019-08-02,2019-08-20,Verified
DOC-0009837,LG-000974,Land Record,1,1,0,2019-09-03,2019-09-15,Verified
DOC-0009838,LG-000974,Land Record,1,1,0,2019-08-31,2019-09-30,Verified
DOC-0009839,LG-000975,Survey Record,1,1,0,2019-11-09,2019-12-08,Verified
DOC-0009840,LG-000975,Land Record,1,0,0,2019-10-26,,Submitted
DOC-0009841,LG-000975,Survey Record,1,1,0,2019-11-30,2019-12-11,Verified
DOC-0009842,LG-000975,Ownership Proof,1,1,0,2019-10-28,2019-12-01,Verified
DOC-0009843,LG-000975,Land Record,1,1,0,2019-10-25,2019-12-03,Verified
DOC-0009844,LG-000975,Land Record,1,1,0,2019-11-18,2019-12-22,Verified
DOC-0009845,LG-000975,Land Record,1,0,0,2019-11-27,,Submitted
DOC-0009846,LG-000975,Compensation Document,1,1,0,2019-10-19,2019-11-10,Verified
DOC-0009847,LG-000975,Compensation Document,1,1,0,2019-11-03,2019-11-20,Verified
DOC-0009848,LG-000975,Compensation Document,1,1,0,2019-11-03,2019-11-19,Verified
DOC-0009849,LG-000976,Compensation Document,1,1,0,2023-04-16,2023-05-03,Verified
DOC-0009850,LG-000976,Ownership Proof,1,1,0,2023-03-21,2023-04-06,Verified
DOC-0009851,LG-000976,Ownership Proof,1,0,0,2023-03-21,,Submitted
DOC-0009852,LG-000976,Identity Document,1,1,1,2023-03-17,2023-04-14,Verified
DOC-0009853,LG-000976,Identity Document,1,1,0,2023-04-29,2023-05-20,Verified
DOC-0009854,LG-000976,Ownership Proof,1,1,0,2023-03-19,2023-04-26,Verified
DOC-0009855,LG-000976,Ownership Proof,0,0,0,,,Pending
DOC-0009856,LG-000976,Land Record,1,1,0,2023-05-02,2023-05-31,Verified
DOC-0009857,LG-000976,Ownership Proof,1,1,0,2023-04-20,2023-05-14,Verified
DOC-0009858,LG-000976,Land Record,1,1,0,2023-03-23,2023-04-25,Verified
DOC-0009859,LG-000976,Identity Document,1,1,0,2023-04-12,2023-05-16,Verified
DOC-0009860,LG-000976,Land Record,1,0,0,2023-04-14,,Submitted
DOC-0009861,LG-000976,Land Record,1,1,0,2023-04-26,2023-05-10,Verified
DOC-0009862,LG-000976,Land Record,1,0,0,2023-03-28,,Submitted
DOC-0009863,LG-000976,Compensation Document,1,1,0,2023-04-06,2023-05-06,Verified
DOC-0009864,LG-000977,Ownership Proof,1,1,0,2020-10-17,2020-11-01,Verified
DOC-0009865,LG-000977,Identity Document,1,0,0,2020-10-23,,Submitted
DOC-0009866,LG-000977,Compensation Document,1,1,0,2020-09-29,2020-10-14,Verified
DOC-0009867,LG-000977,Survey Record,1,0,0,2020-10-15,,Submitted
DOC-0009868,LG-000977,Compensation Document,1,0,0,2020-10-23,,Submitted
DOC-0009869,LG-000977,Land Record,1,1,0,2020-10-02,2020-10-22,Verified
DOC-0009870,LG-000977,Ownership Proof,1,1,0,2020-10-01,2020-10-19,Verified
DOC-0009871,LG-000977,Compensation Document,1,1,0,2020-11-15,2020-11-26,Verified
DOC-0009872,LG-000977,Ownership Proof,1,0,0,2020-10-03,,Submitted
DOC-0009873,LG-000977,Compensation Document,1,0,0,2020-10-24,,Submitted
DOC-0009874,LG-000977,Compensation Document,1,0,0,2020-11-20,,Submitted
DOC-0009875,LG-000977,Land Record,1,0,0,2020-10-06,,Submitted
DOC-0009876,LG-000977,Identity Document,1,1,0,2020-11-14,2020-11-24,Verified
DOC-0009877,LG-000977,Land Record,1,0,0,2020-11-20,,Submitted
DOC-0009878,LG-000977,Compensation Document,1,1,0,2020-10-22,2020-11-07,Verified
DOC-0009879,LG-000978,Ownership Proof,1,0,0,2020-06-23,,Submitted
DOC-0009880,LG-000978,Compensation Document,1,1,0,2020-05-19,2020-06-26,Verified
DOC-0009881,LG-000978,Identity Document,1,1,0,2020-06-21,2020-07-25,Verified
DOC-0009882,LG-000978,Land Record,1,1,0,2020-06-28,2020-07-16,Verified
DOC-0009883,LG-000978,Survey Record,1,0,0,2020-07-09,,Submitted
DOC-0009884,LG-000978,Land Record,1,0,0,2020-06-07,,Submitted
DOC-0009885,LG-000978,Land Record,1,1,0,2020-05-21,2020-06-05,Verified
DOC-0009886,LG-000978,Compensation Document,1,1,1,2020-06-18,2020-07-18,Verified
DOC-0009887,LG-000978,Land Record,1,1,0,2020-05-23,2020-06-22,Verified
DOC-0009888,LG-000978,Ownership Proof,1,1,0,2020-06-10,2020-06-20,Verified
DOC-0009889,LG-000978,Identity Document,1,1,0,2020-06-22,2020-07-26,Verified
DOC-0009890,LG-000978,Ownership Proof,1,1,0,2020-06-04,2020-06-26,Verified
DOC-0009891,LG-000978,Survey Record,1,1,0,2020-06-28,2020-08-06,Verified
DOC-0009892,LG-000979,Compensation Document,1,0,0,2023-02-25,,Submitted
DOC-0009893,LG-000979,Land Record,1,1,1,2023-04-14,2023-05-21,Verified
DOC-0009894,LG-000979,Survey Record,1,1,0,2023-04-14,2023-04-25,Verified
DOC-0009895,LG-000979,Compensation Document,1,1,0,2023-03-13,2023-03-26,Verified
DOC-0009896,LG-000979,Land Record,1,1,0,2023-04-09,2023-05-02,Verified
DOC-0009897,LG-000979,Compensation Document,1,1,0,2023-04-10,2023-05-12,Verified
DOC-0009898,LG-000979,Identity Document,1,1,0,2023-03-09,2023-04-10,Verified
DOC-0009899,LG-000979,Identity Document,0,0,0,,,Pending
DOC-0009900,LG-000979,Land Record,1,1,0,2023-03-05,2023-03-27,Verified
DOC-0009901,LG-000979,Identity Document,1,1,0,2023-03-20,2023-04-05,Verified
DOC-0009902,LG-000979,Identity Document,1,0,0,2023-03-29,,Submitted
DOC-0009903,LG-000979,Identity Document,1,1,0,2023-03-23,2023-04-24,Verified
DOC-0009904,LG-000979,Identity Document,1,1,0,2023-03-18,2023-04-12,Verified
DOC-0009905,LG-000979,Ownership Proof,1,0,0,2023-04-12,,Submitted
DOC-0009906,LG-000979,Ownership Proof,1,1,0,2023-03-26,2023-05-02,Verified
DOC-0009907,LG-000980,Land Record,1,1,1,2024-10-02,2024-10-17,Verified
DOC-0009908,LG-000980,Survey Record,1,0,0,2024-09-29,,Submitted
DOC-0009909,LG-000980,Compensation Document,1,0,0,2024-10-05,,Submitted
DOC-0009910,LG-000980,Identity Document,1,1,0,2024-09-17,2024-10-05,Verified
DOC-0009911,LG-000980,Identity Document,1,1,1,2024-09-23,2024-10-05,Verified
DOC-0009912,LG-000980,Survey Record,1,1,0,2024-08-26,2024-09-16,Verified
DOC-0009913,LG-000981,Identity Document,1,0,0,2023-08-07,,Submitted
DOC-0009914,LG-000981,Survey Record,1,0,1,2023-08-30,,Submitted
DOC-0009915,LG-000981,Compensation Document,1,0,0,2023-08-01,,Submitted
DOC-0009916,LG-000981,Survey Record,1,0,1,2023-08-27,,Submitted
DOC-0009917,LG-000981,Compensation Document,1,1,1,2023-07-26,2023-08-08,Verified
DOC-0009918,LG-000981,Land Record,0,0,0,,,Pending
DOC-0009919,LG-000981,Compensation Document,1,1,0,2023-08-08,2023-09-16,Verified
DOC-0009920,LG-000981,Survey Record,1,1,0,2023-07-13,2023-08-02,Verified
DOC-0009921,LG-000981,Identity Document,1,0,0,2023-07-22,,Submitted
DOC-0009922,LG-000981,Survey Record,1,0,0,2023-08-11,,Submitted
DOC-0009923,LG-000981,Identity Document,1,1,0,2023-08-09,2023-08-29,Verified
DOC-0009924,LG-000981,Compensation Document,1,1,1,2023-08-27,2023-09-17,Verified
DOC-0009925,LG-000981,Survey Record,1,1,1,2023-08-16,2023-08-27,Verified
DOC-0009926,LG-000982,Land Record,1,1,0,2023-02-05,2023-03-04,Verified
DOC-0009927,LG-000982,Survey Record,1,1,0,2023-02-05,2023-02-19,Verified
DOC-0009928,LG-000982,Compensation Document,1,1,0,2022-12-21,2023-01-02,Verified
DOC-0009929,LG-000982,Identity Document,1,1,0,2023-01-06,2023-02-03,Verified
DOC-0009930,LG-000982,Survey Record,1,0,0,2023-01-06,,Submitted
DOC-0009931,LG-000982,Ownership Proof,1,1,0,2023-01-09,2023-01-25,Verified
DOC-0009932,LG-000982,Identity Document,1,1,0,2023-01-04,2023-01-26,Verified
DOC-0009933,LG-000982,Land Record,1,1,1,2023-01-24,2023-02-17,Verified
DOC-0009934,LG-000982,Survey Record,1,1,0,2023-01-16,2023-01-30,Verified
DOC-0009935,LG-000982,Ownership Proof,1,0,0,2023-01-06,,Submitted
DOC-0009936,LG-000982,Compensation Document,1,1,0,2023-01-02,2023-02-06,Verified
DOC-0009937,LG-000982,Land Record,1,1,0,2023-01-06,2023-02-01,Verified
DOC-0009938,LG-000982,Land Record,1,1,0,2023-01-07,2023-01-17,Verified
DOC-0009939,LG-000982,Identity Document,1,0,0,2022-12-19,,Submitted
DOC-0009940,LG-000983,Land Record,1,1,1,2020-12-06,2021-01-06,Verified
DOC-0009941,LG-000983,Land Record,1,1,1,2020-12-09,2021-01-15,Verified
DOC-0009942,LG-000983,Survey Record,1,1,0,2020-11-28,2020-12-28,Verified
DOC-0009943,LG-000983,Compensation Document,1,1,0,2020-11-01,2020-12-06,Verified
DOC-0009944,LG-000983,Identity Document,1,1,0,2020-11-07,2020-12-16,Verified
DOC-0009945,LG-000983,Compensation Document,0,0,0,,,Pending
DOC-0009946,LG-000983,Compensation Document,1,0,0,2020-11-11,,Submitted
DOC-0009947,LG-000983,Land Record,1,1,0,2020-10-21,2020-11-29,Verified
DOC-0009948,LG-000983,Identity Document,1,1,0,2020-12-13,2021-01-22,Verified
DOC-0009949,LG-000983,Survey Record,1,1,0,2020-10-21,2020-11-08,Verified
DOC-0009950,LG-000983,Land Record,1,1,0,2020-11-20,2020-12-14,Verified
DOC-0009951,LG-000983,Identity Document,1,1,0,2020-11-07,2020-11-20,Verified
DOC-0009952,LG-000983,Compensation Document,1,0,0,2020-11-23,,Submitted
DOC-0009953,LG-000983,Identity Document,1,1,0,2020-11-02,2020-11-18,Verified
DOC-0009954,LG-000983,Identity Document,1,1,0,2020-10-20,2020-11-10,Verified
DOC-0009955,LG-000984,Identity Document,1,1,1,2024-10-10,2024-11-11,Verified
DOC-0009956,LG-000984,Land Record,1,0,0,2024-09-21,,Submitted
DOC-0009957,LG-000984,Ownership Proof,1,0,0,2024-10-28,,Submitted
DOC-0009958,LG-000984,Survey Record,1,0,1,2024-10-30,,Submitted
DOC-0009959,LG-000984,Survey Record,1,0,0,2024-09-20,,Submitted
DOC-0009960,LG-000985,Survey Record,1,1,0,2023-09-06,2023-10-11,Verified
DOC-0009961,LG-000985,Survey Record,1,1,0,2023-08-31,2023-09-30,Verified
DOC-0009962,LG-000985,Compensation Document,1,1,0,2023-09-18,2023-10-05,Verified
DOC-0009963,LG-000985,Land Record,1,0,0,2023-09-04,,Submitted
DOC-0009964,LG-000985,Identity Document,1,1,0,2023-08-27,2023-09-21,Verified
DOC-0009965,LG-000985,Identity Document,1,1,0,2023-09-07,2023-10-09,Verified
DOC-0009966,LG-000985,Land Record,1,0,0,2023-08-31,,Submitted
DOC-0009967,LG-000985,Compensation Document,1,1,0,2023-08-28,2023-10-05,Verified
DOC-0009968,LG-000985,Ownership Proof,1,1,0,2023-08-25,2023-09-13,Verified
DOC-0009969,LG-000985,Survey Record,1,1,0,2023-09-10,2023-09-24,Verified
DOC-0009970,LG-000985,Survey Record,1,1,0,2023-09-07,2023-09-29,Verified
DOC-0009971,LG-000985,Land Record,1,1,0,2023-09-15,2023-09-30,Verified
DOC-0009972,LG-000985,Compensation Document,1,1,0,2023-09-17,2023-10-12,Verified
DOC-0009973,LG-000985,Compensation Document,1,1,0,2023-08-21,2023-08-31,Verified
DOC-0009974,LG-000986,Ownership Proof,1,0,0,2018-06-24,,Submitted
DOC-0009975,LG-000986,Land Record,1,1,0,2018-05-29,2018-06-15,Verified
DOC-0009976,LG-000986,Identity Document,1,1,0,2018-05-21,2018-06-04,Verified
DOC-0009977,LG-000986,Compensation Document,1,1,0,2018-05-17,2018-05-31,Verified
DOC-0009978,LG-000986,Survey Record,1,1,1,2018-06-26,2018-07-30,Verified
DOC-0009979,LG-000986,Ownership Proof,1,0,0,2018-06-04,,Submitted
DOC-0009980,LG-000986,Compensation Document,1,1,1,2018-06-30,2018-07-31,Verified
DOC-0009981,LG-000986,Compensation Document,1,1,0,2018-06-03,2018-06-24,Verified
DOC-0009982,LG-000986,Compensation Document,1,1,0,2018-06-10,2018-07-20,Verified
DOC-0009983,LG-000986,Survey Record,1,0,0,2018-06-05,,Submitted
DOC-0009984,LG-000986,Ownership Proof,1,1,0,2018-07-11,2018-08-16,Verified
DOC-0009985,LG-000986,Identity Document,1,1,1,2018-07-06,2018-08-11,Verified
DOC-0009986,LG-000986,Land Record,1,0,0,2018-06-23,,Submitted
DOC-0009987,LG-000986,Land Record,1,1,0,2018-07-01,2018-07-14,Verified
DOC-0009988,LG-000986,Identity Document,0,0,0,,,Pending
DOC-0009989,LG-000987,Compensation Document,1,1,0,2021-04-09,2021-04-25,Verified
DOC-0009990,LG-000987,Compensation Document,1,1,0,2021-03-25,2021-05-03,Verified
DOC-0009991,LG-000987,Identity Document,1,1,1,2021-04-23,2021-05-19,Verified
DOC-0009992,LG-000987,Ownership Proof,1,0,1,2021-03-11,,Submitted
DOC-0009993,LG-000987,Survey Record,1,1,0,2021-03-09,2021-03-23,Verified
DOC-0009994,LG-000987,Identity Document,1,0,0,2021-04-01,,Submitted
DOC-0009995,LG-000987,Compensation Document,0,0,0,,,Pending
DOC-0009996,LG-000987,Survey Record,1,1,0,2021-03-20,2021-04-26,Verified
DOC-0009997,LG-000987,Land Record,1,0,0,2021-04-04,,Submitted
DOC-0009998,LG-000988,Survey Record,1,1,0,2023-04-19,2023-04-29,Verified
DOC-0009999,LG-000988,Survey Record,1,1,0,2023-05-19,2023-06-22,Verified
DOC-0010000,LG-000988,Survey Record,1,1,0,2023-05-13,2023-06-03,Verified
DOC-0010001,LG-000988,Compensation Document,1,1,0,2023-05-03,2023-06-02,Verified
DOC-0010002,LG-000988,Identity Document,1,0,0,2023-06-08,,Submitted
DOC-0010003,LG-000988,Compensation Document,1,1,0,2023-06-06,2023-06-23,Verified
DOC-0010004,LG-000988,Identity Document,1,1,0,2023-05-14,2023-05-27,Verified
DOC-0010005,LG-000989,Identity Document,1,1,0,2023-02-03,2023-03-04,Verified
DOC-0010006,LG-000989,Survey Record,1,1,0,2023-03-03,2023-04-01,Verified
DOC-0010007,LG-000989,Identity Document,1,1,0,2023-03-07,2023-04-05,Verified
DOC-0010008,LG-000989,Survey Record,1,1,0,2023-03-03,2023-04-02,Verified
DOC-0010009,LG-000989,Survey Record,1,1,0,2023-01-24,2023-03-05,Verified
DOC-0010010,LG-000989,Land Record,1,1,1,2023-02-04,2023-03-06,Verified
DOC-0010011,LG-000989,Survey Record,1,1,0,2023-02-15,2023-03-25,Verified
DOC-0010012,LG-000989,Ownership Proof,1,1,0,2023-03-06,2023-04-08,Verified
DOC-0010013,LG-000989,Compensation Document,1,0,0,2023-03-03,,Submitted
DOC-0010014,LG-000989,Survey Record,1,1,0,2023-02-09,2023-02-19,Verified
DOC-0010015,LG-000989,Compensation Document,1,0,0,2023-03-12,,Submitted
DOC-0010016,LG-000989,Identity Document,1,1,0,2023-02-22,2023-03-21,Verified
DOC-0010017,LG-000989,Survey Record,1,1,0,2023-03-01,2023-04-04,Verified
DOC-0010018,LG-000989,Compensation Document,1,1,0,2023-03-04,2023-03-26,Verified
DOC-0010019,LG-000990,Identity Document,1,1,0,2022-06-04,2022-07-10,Verified
DOC-0010020,LG-000990,Identity Document,1,1,0,2022-06-06,2022-06-21,Verified
DOC-0010021,LG-000990,Identity Document,1,1,0,2022-05-08,2022-06-17,Verified
DOC-0010022,LG-000990,Ownership Proof,1,1,0,2022-05-30,2022-06-12,Verified
DOC-0010023,LG-000990,Identity Document,1,1,0,2022-06-19,2022-07-01,Verified
DOC-0010024,LG-000990,Survey Record,1,1,0,2022-05-30,2022-07-02,Verified
DOC-0010025,LG-000990,Ownership Proof,1,0,0,2022-06-05,,Submitted
DOC-0010026,LG-000990,Identity Document,1,0,0,2022-07-02,,Submitted
DOC-0010027,LG-000990,Identity Document,1,1,0,2022-06-21,2022-07-26,Verified
DOC-0010028,LG-000990,Land Record,1,0,0,2022-06-16,,Submitted
DOC-0010029,LG-000991,Land Record,1,1,1,2021-10-20,2021-11-03,Verified
DOC-0010030,LG-000991,Land Record,1,1,0,2021-10-15,2021-11-21,Verified
DOC-0010031,LG-000991,Identity Document,1,1,0,2021-11-21,2021-12-29,Verified
DOC-0010032,LG-000991,Identity Document,1,1,0,2021-11-08,2021-11-25,Verified
DOC-0010033,LG-000991,Land Record,1,1,1,2021-11-18,2021-12-23,Verified
DOC-0010034,LG-000991,Identity Document,1,0,0,2021-10-25,,Submitted
DOC-0010035,LG-000991,Land Record,1,1,0,2021-11-01,2021-11-26,Verified
DOC-0010036,LG-000991,Compensation Document,1,0,0,2021-12-04,,Submitted
DOC-0010037,LG-000991,Survey Record,1,0,0,2021-11-09,,Submitted
DOC-0010038,LG-000991,Survey Record,1,1,0,2021-11-13,2021-12-06,Verified
DOC-0010039,LG-000991,Compensation Document,1,0,0,2021-11-20,,Submitted
DOC-0010040,LG-000991,Survey Record,1,1,0,2021-10-18,2021-11-23,Verified
DOC-0010041,LG-000991,Ownership Proof,1,1,0,2021-10-14,2021-10-28,Verified
DOC-0010042,LG-000992,Ownership Proof,1,1,1,2020-04-01,2020-04-26,Verified
DOC-0010043,LG-000992,Compensation Document,0,0,1,,,Pending
DOC-0010044,LG-000992,Ownership Proof,0,0,1,,,Pending
DOC-0010045,LG-000992,Identity Document,1,1,0,2020-02-24,2020-03-26,Verified
DOC-0010046,LG-000992,Ownership Proof,1,1,1,2020-03-02,2020-03-24,Verified
DOC-0010047,LG-000992,Land Record,1,1,1,2020-03-09,2020-04-16,Verified
DOC-0010048,LG-000993,Compensation Document,1,0,0,2021-10-28,,Submitted
DOC-0010049,LG-000993,Compensation Document,1,1,0,2021-11-03,2021-11-23,Verified
DOC-0010050,LG-000993,Land Record,1,1,0,2021-10-27,2021-11-20,Verified
DOC-0010051,LG-000993,Compensation Document,1,1,0,2021-10-04,2021-10-14,Verified
DOC-0010052,LG-000993,Identity Document,1,0,0,2021-10-01,,Submitted
DOC-0010053,LG-000993,Compensation Document,1,1,0,2021-10-08,2021-10-22,Verified
DOC-0010054,LG-000993,Survey Record,1,1,0,2021-10-25,2021-11-27,Verified
DOC-0010055,LG-000993,Compensation Document,1,1,0,2021-10-20,2021-11-22,Verified
DOC-0010056,LG-000993,Identity Document,1,0,0,2021-11-01,,Submitted
DOC-0010057,LG-000993,Identity Document,1,1,1,2021-10-10,2021-10-21,Verified
DOC-0010058,LG-000993,Ownership Proof,1,1,0,2021-10-05,2021-11-12,Verified
DOC-0010059,LG-000993,Land Record,1,1,1,2021-10-17,2021-11-08,Verified
DOC-0010060,LG-000993,Survey Record,1,1,0,2021-11-13,2021-11-30,Verified
DOC-0010061,LG-000993,Survey Record,1,0,0,2021-11-11,,Submitted
DOC-0010062,LG-000994,Ownership Proof,1,1,0,2022-10-03,2022-11-09,Verified
DOC-0010063,LG-000994,Ownership Proof,1,0,0,2022-09-16,,Submitted
DOC-0010064,LG-000994,Identity Document,1,1,1,2022-09-02,2022-10-12,Verified
DOC-0010065,LG-000994,Ownership Proof,1,1,1,2022-08-22,2022-09-09,Verified
DOC-0010066,LG-000994,Identity Document,1,1,0,2022-09-15,2022-09-30,Verified
DOC-0010067,LG-000994,Land Record,1,1,1,2022-08-30,2022-09-19,Verified
DOC-0010068,LG-000994,Land Record,0,0,0,,,Pending
DOC-0010069,LG-000994,Survey Record,1,1,0,2022-10-12,2022-11-16,Verified
DOC-0010070,LG-000994,Land Record,1,0,0,2022-09-03,,Submitted
DOC-0010071,LG-000994,Identity Document,1,0,0,2022-09-27,,Submitted
DOC-0010072,LG-000994,Ownership Proof,0,0,0,,,Pending
DOC-0010073,LG-000994,Compensation Document,0,0,0,,,Pending
DOC-0010074,LG-000994,Land Record,1,1,0,2022-09-28,2022-10-19,Verified
DOC-0010075,LG-000995,Identity Document,1,1,0,2018-05-25,2018-06-27,Verified
DOC-0010076,LG-000995,Compensation Document,1,1,0,2018-04-20,2018-05-20,Verified
DOC-0010077,LG-000995,Identity Document,1,1,0,2018-06-13,2018-06-26,Verified
DOC-0010078,LG-000995,Identity Document,1,1,0,2018-05-10,2018-05-21,Verified
DOC-0010079,LG-000995,Identity Document,1,1,0,2018-05-21,2018-06-12,Verified
DOC-0010080,LG-000995,Identity Document,1,1,0,2018-05-26,2018-06-11,Verified
DOC-0010081,LG-000996,Survey Record,1,1,1,2023-07-16,2023-08-14,Verified
DOC-0010082,LG-000996,Survey Record,1,0,1,2023-07-19,,Submitted
DOC-0010083,LG-000996,Survey Record,0,0,1,,,Pending
DOC-0010084,LG-000996,Land Record,0,0,1,,,Pending
DOC-0010085,LG-000996,Identity Document,1,1,1,2023-07-15,2023-08-20,Verified
DOC-0010086,LG-000996,Ownership Proof,1,1,0,2023-08-23,2023-09-26,Verified
DOC-0010087,LG-000996,Survey Record,1,1,1,2023-07-16,2023-08-13,Verified
DOC-0010088,LG-000996,Survey Record,1,0,0,2023-08-18,,Submitted
DOC-0010089,LG-000996,Compensation Document,0,0,1,,,Pending
DOC-0010090,LG-000997,Identity Document,1,1,0,2021-10-28,2021-11-09,Verified
DOC-0010091,LG-000997,Survey Record,1,1,0,2021-12-13,2022-01-06,Verified
DOC-0010092,LG-000997,Survey Record,1,1,0,2021-11-11,2021-12-19,Verified
DOC-0010093,LG-000997,Identity Document,1,1,0,2021-11-03,2021-11-29,Verified
DOC-0010094,LG-000997,Compensation Document,1,1,0,2021-10-28,2021-11-11,Verified
DOC-0010095,LG-000997,Ownership Proof,1,1,1,2021-10-20,2021-11-06,Verified
DOC-0010096,LG-000997,Land Record,1,0,0,2021-11-20,,Submitted
DOC-0010097,LG-000997,Compensation Document,1,1,0,2021-10-25,2021-11-16,Verified
DOC-0010098,LG-000997,Survey Record,1,1,0,2021-11-07,2021-12-06,Verified
DOC-0010099,LG-000997,Ownership Proof,1,1,0,2021-12-10,2022-01-01,Verified
DOC-0010100,LG-000997,Compensation Document,1,1,0,2021-11-03,2021-12-05,Verified
DOC-0010101,LG-000997,Land Record,1,1,0,2021-11-05,2021-12-05,Verified
DOC-0010102,LG-000997,Compensation Document,1,1,1,2021-11-27,2022-01-01,Verified
DOC-0010103,LG-000998,Ownership Proof,1,1,0,2019-02-22,2019-04-02,Verified
DOC-0010104,LG-000998,Compensation Document,1,0,0,2019-02-22,,Submitted
DOC-0010105,LG-000998,Identity Document,1,1,0,2019-02-17,2019-03-13,Verified
DOC-0010106,LG-000998,Survey Record,1,1,0,2019-02-19,2019-03-11,Verified
DOC-0010107,LG-000998,Survey Record,1,0,0,2019-02-27,,Submitted
DOC-0010108,LG-000998,Survey Record,1,1,0,2019-03-23,2019-04-02,Verified
DOC-0010109,LG-000998,Survey Record,1,1,0,2019-03-17,2019-04-13,Verified
DOC-0010110,LG-000998,Identity Document,1,0,0,2019-02-19,,Submitted
DOC-0010111,LG-000998,Survey Record,1,1,0,2019-03-19,2019-04-22,Verified
DOC-0010112,LG-000998,Ownership Proof,0,0,0,,,Pending
DOC-0010113,LG-000999,Land Record,0,0,0,,,Pending
DOC-0010114,LG-000999,Survey Record,1,1,1,2024-01-12,2024-02-07,Verified
DOC-0010115,LG-000999,Survey Record,1,1,1,2024-01-17,2024-02-02,Verified
DOC-0010116,LG-000999,Survey Record,1,1,0,2024-01-26,2024-02-29,Verified
DOC-0010117,LG-000999,Ownership Proof,1,1,0,2024-01-06,2024-02-02,Verified
DOC-0010118,LG-001000,Compensation Document,1,0,1,2021-02-15,,Submitted
DOC-0010119,LG-001000,Survey Record,1,1,0,2021-03-23,2021-04-11,Verified
DOC-0010120,LG-001000,Survey Record,1,1,0,2021-02-12,2021-03-14,Verified
DOC-0010121,LG-001000,Ownership Proof,1,0,0,2021-03-20,,Submitted
DOC-0010122,LG-001000,Ownership Proof,1,0,0,2021-02-28,,Submitted
DOC-0010123,LG-001000,Land Record,1,1,1,2021-03-04,2021-04-01,Verified
DOC-0010124,LG-001000,Identity Document,1,1,0,2021-02-21,2021-03-21,Verified
DOC-0010125,LG-001000,Identity Document,1,1,0,2021-03-31,2021-04-10,Verified
DOC-0010126,LG-001000,Land Record,1,0,0,2021-02-25,,Submitted
DOC-0010127,LG-001000,Ownership Proof,1,1,0,2021-02-22,2021-03-23,Verified
DOC-0010128,LG-001000,Identity Document,1,1,0,2021-03-23,2021-04-29,Verified
DOC-0010129,LG-001000,Ownership Proof,1,1,0,2021-03-02,2021-03-30,Verified
DOC-0010130,LG-001000,Compensation Document,1,0,0,2021-03-24,,Submitted
DOC-0010131,LG-001001,Land Record,0,0,1,,,Pending
DOC-0010132,LG-001001,Identity Document,1,0,1,2024-01-07,,Submitted
DOC-0010133,LG-001001,Identity Document,1,0,1,2024-01-14,,Submitted
DOC-0010134,LG-001001,Compensation Document,1,1,1,2024-02-01,2024-03-03,Verified
DOC-0010135,LG-001001,Ownership Proof,1,0,1,2023-12-19,,Submitted
DOC-0010136,LG-001001,Ownership Proof,1,1,1,2023-12-30,2024-01-11,Verified
DOC-0010137,LG-001001,Ownership Proof,1,1,0,2023-12-21,2024-01-22,Verified
DOC-0010138,LG-001002,Ownership Proof,1,0,0,2022-05-21,,Submitted
DOC-0010139,LG-001002,Ownership Proof,1,1,0,2022-05-28,2022-07-04,Verified
DOC-0010140,LG-001002,Survey Record,1,0,1,2022-05-23,,Submitted
DOC-0010141,LG-001002,Ownership Proof,1,1,1,2022-05-26,2022-06-28,Verified
DOC-0010142,LG-001002,Ownership Proof,1,1,1,2022-05-24,2022-06-14,Verified
DOC-0010143,LG-001002,Ownership Proof,0,0,1,,,Pending
DOC-0010144,LG-001002,Ownership Proof,1,1,1,2022-06-22,2022-07-27,Verified
DOC-0010145,LG-001003,Survey Record,1,0,0,2023-12-15,,Submitted
DOC-0010146,LG-001003,Survey Record,1,1,0,2023-12-13,2024-01-15,Verified
DOC-0010147,LG-001003,Ownership Proof,1,0,0,2023-12-06,,Submitted
DOC-0010148,LG-001003,Ownership Proof,1,1,0,2023-12-21,2024-01-11,Verified
DOC-0010149,LG-001003,Compensation Document,1,0,0,2023-11-25,,Submitted
DOC-0010150,LG-001003,Identity Document,1,1,0,2023-11-11,2023-12-15,Verified
DOC-0010151,LG-001003,Survey Record,1,1,0,2023-12-25,2024-01-04,Verified
DOC-0010152,LG-001003,Ownership Proof,1,0,0,2023-11-11,,Submitted
DOC-0010153,LG-001004,Identity Document,1,0,0,2020-06-30,,Submitted
DOC-0010154,LG-001004,Ownership Proof,0,0,0,,,Pending
DOC-0010155,LG-001004,Survey Record,1,1,0,2020-07-14,2020-08-02,Verified
DOC-0010156,LG-001004,Compensation Document,1,1,0,2020-06-17,2020-07-24,Verified
DOC-0010157,LG-001004,Survey Record,1,1,0,2020-06-18,2020-07-10,Verified
DOC-0010158,LG-001004,Land Record,1,0,1,2020-06-19,,Submitted
DOC-0010159,LG-001005,Land Record,1,1,0,2021-05-21,2021-06-02,Verified
DOC-0010160,LG-001005,Survey Record,1,1,1,2021-06-06,2021-07-15,Verified
DOC-0010161,LG-001005,Identity Document,1,1,1,2021-06-14,2021-07-20,Verified
DOC-0010162,LG-001005,Survey Record,1,1,0,2021-05-13,2021-05-31,Verified
DOC-0010163,LG-001005,Compensation Document,1,1,0,2021-06-02,2021-06-14,Verified
DOC-0010164,LG-001005,Survey Record,1,1,0,2021-05-11,2021-06-03,Verified
DOC-0010165,LG-001005,Ownership Proof,1,1,0,2021-06-04,2021-07-13,Verified
DOC-0010166,LG-001005,Survey Record,1,0,0,2021-05-25,,Submitted
DOC-0010167,LG-001005,Land Record,1,1,0,2021-06-24,2021-07-24,Verified
DOC-0010168,LG-001005,Identity Document,1,1,0,2021-05-27,2021-06-30,Verified
DOC-0010169,LG-001005,Identity Document,1,0,0,2021-06-24,,Submitted
DOC-0010170,LG-001005,Land Record,1,0,0,2021-05-27,,Submitted
DOC-0010171,LG-001005,Compensation Document,1,0,0,2021-05-03,,Submitted
DOC-0010172,LG-001005,Ownership Proof,1,1,0,2021-06-07,2021-06-23,Verified
DOC-0010173,LG-001005,Identity Document,1,1,0,2021-06-03,2021-07-02,Verified
DOC-0010174,LG-001006,Land Record,1,0,0,2024-01-08,,Submitted
DOC-0010175,LG-001006,Identity Document,1,1,0,2024-01-14,2024-02-11,Verified
DOC-0010176,LG-001006,Survey Record,1,0,0,2024-01-17,,Submitted
DOC-0010177,LG-001006,Ownership Proof,1,0,0,2024-01-07,,Submitted
DOC-0010178,LG-001006,Ownership Proof,1,0,0,2023-12-09,,Submitted
DOC-0010179,LG-001006,Land Record,1,1,0,2023-12-27,2024-01-11,Verified
DOC-0010180,LG-001007,Survey Record,0,0,0,,,Pending
DOC-0010181,LG-001007,Identity Document,1,1,0,2021-10-14,2021-10-27,Verified
DOC-0010182,LG-001007,Land Record,1,1,0,2021-10-18,2021-11-11,Verified
DOC-0010183,LG-001007,Identity Document,1,1,1,2021-10-22,2021-11-18,Verified
DOC-0010184,LG-001007,Ownership Proof,1,1,0,2021-11-15,2021-12-19,Verified
DOC-0010185,LG-001007,Land Record,1,0,1,2021-10-12,,Submitted
DOC-0010186,LG-001007,Land Record,1,1,1,2021-11-06,2021-12-06,Verified
DOC-0010187,LG-001007,Identity Document,1,1,0,2021-09-26,2021-10-12,Verified
DOC-0010188,LG-001007,Ownership Proof,1,0,0,2021-10-02,,Submitted
DOC-0010189,LG-001008,Survey Record,1,1,0,2019-11-20,2019-12-22,Verified
DOC-0010190,LG-001008,Survey Record,1,1,0,2019-11-11,2019-12-20,Verified
DOC-0010191,LG-001008,Land Record,1,0,1,2019-11-16,,Submitted
DOC-0010192,LG-001008,Ownership Proof,1,0,0,2019-10-23,,Submitted
DOC-0010193,LG-001008,Ownership Proof,1,1,0,2019-11-19,2019-12-06,Verified
DOC-0010194,LG-001008,Compensation Document,1,0,0,2019-10-30,,Submitted
DOC-0010195,LG-001008,Ownership Proof,1,0,0,2019-12-02,,Submitted
DOC-0010196,LG-001008,Land Record,1,0,0,2019-11-18,,Submitted
DOC-0010197,LG-001008,Compensation Document,1,1,0,2019-11-25,2019-12-18,Verified
DOC-0010198,LG-001008,Identity Document,1,1,0,2019-11-08,2019-11-26,Verified
DOC-0010199,LG-001008,Survey Record,1,1,0,2019-11-05,2019-11-17,Verified
DOC-0010200,LG-001008,Survey Record,1,1,1,2019-10-20,2019-11-23,Verified
DOC-0010201,LG-001008,Compensation Document,1,1,0,2019-10-23,2019-11-28,Verified
DOC-0010202,LG-001008,Identity Document,1,1,0,2019-10-31,2019-11-14,Verified
DOC-0010203,LG-001008,Compensation Document,1,1,0,2019-12-04,2020-01-12,Verified
DOC-0010204,LG-001009,Land Record,1,1,0,2020-08-31,2020-09-16,Verified
DOC-0010205,LG-001009,Identity Document,1,1,0,2020-09-08,2020-09-29,Verified
DOC-0010206,LG-001009,Compensation Document,0,0,0,,,Pending
DOC-0010207,LG-001009,Identity Document,1,1,0,2020-09-14,2020-09-30,Verified
DOC-0010208,LG-001009,Identity Document,1,1,0,2020-08-21,2020-09-05,Verified
DOC-0010209,LG-001009,Identity Document,1,1,0,2020-10-05,2020-11-04,Verified
DOC-0010210,LG-001009,Survey Record,1,0,0,2020-08-19,,Submitted
DOC-0010211,LG-001009,Compensation Document,1,1,0,2020-09-24,2020-10-19,Verified
DOC-0010212,LG-001009,Land Record,1,1,0,2020-09-30,2020-11-07,Verified
DOC-0010213,LG-001009,Ownership Proof,1,1,1,2020-09-12,2020-09-30,Verified
DOC-0010214,LG-001009,Identity Document,1,1,0,2020-09-03,2020-09-17,Verified
DOC-0010215,LG-001009,Land Record,1,1,0,2020-10-03,2020-10-25,Verified
DOC-0010216,LG-001010,Land Record,1,1,1,2022-09-24,2022-10-17,Verified
DOC-0010217,LG-001010,Ownership Proof,0,0,0,,,Pending
DOC-0010218,LG-001010,Identity Document,1,1,1,2022-09-15,2022-10-07,Verified
DOC-0010219,LG-001010,Land Record,0,0,1,,,Pending
DOC-0010220,LG-001010,Land Record,1,1,1,2022-08-25,2022-09-23,Verified
DOC-0010221,LG-001010,Land Record,1,1,0,2022-09-24,2022-10-24,Verified
DOC-0010222,LG-001010,Ownership Proof,1,1,0,2022-08-28,2022-10-04,Verified
DOC-0010223,LG-001010,Survey Record,1,0,1,2022-08-08,,Submitted
DOC-0010224,LG-001010,Compensation Document,1,0,0,2022-08-31,,Submitted
DOC-0010225,LG-001010,Land Record,0,0,1,,,Pending
DOC-0010226,LG-001011,Ownership Proof,1,1,0,2024-03-03,2024-04-10,Verified
DOC-0010227,LG-001011,Ownership Proof,0,0,1,,,Pending
DOC-0010228,LG-001011,Identity Document,1,0,1,2024-02-06,,Submitted
DOC-0010229,LG-001011,Ownership Proof,1,1,1,2024-02-24,2024-04-04,Verified
DOC-0010230,LG-001011,Identity Document,1,1,1,2024-02-16,2024-03-27,Verified
DOC-0010231,LG-001012,Survey Record,1,1,0,2019-08-20,2019-09-18,Verified
DOC-0010232,LG-001012,Survey Record,1,0,0,2019-09-13,,Submitted
DOC-0010233,LG-001012,Ownership Proof,1,1,0,2019-08-31,2019-09-22,Verified
DOC-0010234,LG-001012,Land Record,1,1,0,2019-09-17,2019-10-25,Verified
DOC-0010235,LG-001012,Ownership Proof,1,1,0,2019-10-01,2019-11-08,Verified
DOC-0010236,LG-001012,Compensation Document,1,1,0,2019-09-11,2019-10-09,Verified
DOC-0010237,LG-001012,Survey Record,1,1,0,2019-09-18,2019-10-05,Verified
DOC-0010238,LG-001012,Land Record,1,1,0,2019-09-01,2019-09-23,Verified
DOC-0010239,LG-001012,Identity Document,1,1,0,2019-08-23,2019-09-03,Verified
DOC-0010240,LG-001012,Land Record,1,0,0,2019-09-18,,Submitted
DOC-0010241,LG-001012,Survey Record,1,1,0,2019-10-01,2019-11-08,Verified
DOC-0010242,LG-001013,Survey Record,1,1,0,2020-12-26,2021-01-10,Verified
DOC-0010243,LG-001013,Ownership Proof,1,1,0,2021-02-03,2021-02-17,Verified
DOC-0010244,LG-001013,Identity Document,1,0,0,2021-01-23,,Submitted
DOC-0010245,LG-001013,Survey Record,1,1,0,2021-01-16,2021-02-04,Verified
DOC-0010246,LG-001013,Survey Record,1,1,0,2021-01-12,2021-02-09,Verified
DOC-0010247,LG-001013,Identity Document,1,0,0,2020-12-26,,Submitted
DOC-0010248,LG-001013,Identity Document,1,0,0,2021-01-29,,Submitted
DOC-0010249,LG-001013,Compensation Document,1,1,0,2021-01-26,2021-02-26,Verified
DOC-0010250,LG-001013,Survey Record,1,0,0,2020-12-18,,Submitted
DOC-0010251,LG-001013,Survey Record,1,1,0,2021-01-29,2021-03-03,Verified
DOC-0010252,LG-001013,Ownership Proof,1,1,0,2021-01-19,2021-02-26,Verified
DOC-0010253,LG-001014,Compensation Document,1,1,1,2024-10-23,2024-11-14,Verified
DOC-0010254,LG-001014,Compensation Document,1,1,0,2024-10-22,2024-11-11,Verified
DOC-0010255,LG-001014,Survey Record,0,0,1,,,Pending
DOC-0010256,LG-001014,Land Record,0,0,0,,,Pending
DOC-0010257,LG-001014,Land Record,1,0,1,2024-10-13,,Submitted
DOC-0010258,LG-001014,Identity Document,1,0,1,2024-10-19,,Submitted
DOC-0010259,LG-001014,Survey Record,1,0,1,2024-09-30,,Submitted
DOC-0010260,LG-001015,Ownership Proof,1,1,0,2023-08-25,2023-10-04,Verified
DOC-0010261,LG-001015,Compensation Document,1,1,1,2023-08-24,2023-09-08,Verified
DOC-0010262,LG-001015,Survey Record,1,1,1,2023-08-24,2023-09-25,Verified
DOC-0010263,LG-001015,Identity Document,1,1,0,2023-09-18,2023-10-26,Verified
DOC-0010264,LG-001015,Survey Record,1,1,0,2023-08-31,2023-10-10,Verified
DOC-0010265,LG-001015,Identity Document,1,0,0,2023-09-26,,Submitted
DOC-0010266,LG-001015,Identity Document,1,1,0,2023-10-10,2023-11-13,Verified
DOC-0010267,LG-001015,Identity Document,1,1,1,2023-09-01,2023-09-22,Verified
DOC-0010268,LG-001015,Compensation Document,1,1,0,2023-09-09,2023-10-08,Verified
DOC-0010269,LG-001015,Land Record,0,0,0,,,Pending
DOC-0010270,LG-001015,Survey Record,0,0,1,,,Pending
DOC-0010271,LG-001015,Land Record,1,1,0,2023-09-10,2023-10-07,Verified
DOC-0010272,LG-001016,Identity Document,1,1,0,2022-08-26,2022-09-10,Verified
DOC-0010273,LG-001016,Survey Record,1,0,0,2022-08-09,,Submitted
DOC-0010274,LG-001016,Compensation Document,0,0,1,,,Pending
DOC-0010275,LG-001016,Survey Record,1,0,0,2022-07-31,,Submitted
DOC-0010276,LG-001016,Survey Record,0,0,1,,,Pending
DOC-0010277,LG-001016,Survey Record,1,1,1,2022-08-02,2022-08-20,Verified
DOC-0010278,LG-001016,Ownership Proof,1,1,0,2022-08-30,2022-10-07,Verified
DOC-0010279,LG-001016,Identity Document,1,1,1,2022-08-21,2022-09-13,Verified
DOC-0010280,LG-001016,Ownership Proof,1,1,1,2022-07-16,2022-08-24,Verified
DOC-0010281,LG-001017,Survey Record,1,1,1,2024-03-29,2024-04-16,Verified
DOC-0010282,LG-001017,Ownership Proof,1,0,0,2024-03-16,,Submitted
DOC-0010283,LG-001017,Ownership Proof,1,1,0,2024-02-29,2024-03-19,Verified
DOC-0010284,LG-001017,Identity Document,1,1,1,2024-03-01,2024-03-29,Verified
DOC-0010285,LG-001017,Compensation Document,1,1,1,2024-03-29,2024-05-05,Verified
DOC-0010286,LG-001017,Survey Record,1,1,0,2024-03-06,2024-04-12,Verified
DOC-0010287,LG-001017,Identity Document,1,1,0,2024-03-27,2024-04-19,Verified
DOC-0010288,LG-001017,Identity Document,1,1,0,2024-02-25,2024-03-14,Verified
DOC-0010289,LG-001017,Survey Record,1,0,0,2024-02-20,,Submitted
DOC-0010290,LG-001017,Ownership Proof,1,1,0,2024-02-28,2024-03-29,Verified
DOC-0010291,LG-001018,Survey Record,1,1,1,2020-05-17,2020-06-25,Verified
DOC-0010292,LG-001018,Identity Document,1,1,0,2020-05-29,2020-06-19,Verified
DOC-0010293,LG-001018,Identity Document,1,1,0,2020-05-30,2020-07-05,Verified
DOC-0010294,LG-001018,Ownership Proof,1,0,0,2020-06-06,,Submitted
DOC-0010295,LG-001018,Survey Record,1,1,1,2020-06-24,2020-07-31,Verified
DOC-0010296,LG-001018,Ownership Proof,1,1,1,2020-05-13,2020-06-18,Verified
DOC-0010297,LG-001019,Compensation Document,1,0,0,2023-07-27,,Submitted
DOC-0010298,LG-001019,Land Record,1,1,0,2023-07-15,2023-08-22,Verified
DOC-0010299,LG-001019,Identity Document,1,1,0,2023-08-04,2023-08-23,Verified
DOC-0010300,LG-001019,Land Record,1,1,1,2023-07-26,2023-08-29,Verified
DOC-0010301,LG-001019,Identity Document,0,0,0,,,Pending
DOC-0010302,LG-001019,Land Record,1,1,0,2023-06-29,2023-08-06,Verified
DOC-0010303,LG-001019,Survey Record,1,1,1,2023-06-26,2023-08-01,Verified
DOC-0010304,LG-001019,Identity Document,1,1,0,2023-07-07,2023-08-01,Verified
DOC-0010305,LG-001019,Identity Document,1,1,0,2023-07-11,2023-08-02,Verified
DOC-0010306,LG-001019,Land Record,1,1,0,2023-07-25,2023-08-29,Verified
DOC-0010307,LG-001019,Compensation Document,0,0,0,,,Pending
DOC-0010308,LG-001019,Land Record,1,0,0,2023-08-09,,Submitted
DOC-0010309,LG-001019,Compensation Document,1,1,0,2023-07-02,2023-08-01,Verified
DOC-0010310,LG-001019,Compensation Document,1,1,0,2023-07-22,2023-08-09,Verified
DOC-0010311,LG-001020,Compensation Document,1,1,0,2025-01-01,2025-01-13,Verified
DOC-0010312,LG-001020,Survey Record,1,1,0,2025-01-07,2025-02-12,Verified
DOC-0010313,LG-001020,Survey Record,1,1,1,2025-01-13,2025-02-21,Verified
DOC-0010314,LG-001020,Land Record,0,0,0,,,Pending
DOC-0010315,LG-001020,Land Record,1,1,0,2025-01-01,2025-01-15,Verified
DOC-0010316,LG-001020,Ownership Proof,1,0,0,2025-01-24,,Submitted
DOC-0010317,LG-001020,Compensation Document,1,1,1,2024-12-26,2025-01-06,Verified
DOC-0010318,LG-001020,Survey Record,1,0,0,2025-01-30,,Submitted
DOC-0010319,LG-001020,Survey Record,1,1,0,2025-01-10,2025-01-26,Verified
DOC-0010320,LG-001020,Compensation Document,1,1,0,2025-01-11,2025-02-15,Verified
DOC-0010321,LG-001020,Compensation Document,1,1,0,2025-02-08,2025-03-04,Verified
DOC-0010322,LG-001020,Compensation Document,1,1,0,2025-01-04,2025-01-20,Verified
DOC-0010323,LG-001020,Survey Record,1,1,0,2025-02-06,2025-03-15,Verified
DOC-0010324,LG-001020,Compensation Document,1,0,0,2025-01-19,,Submitted
DOC-0010325,LG-001020,Identity Document,1,1,0,2025-01-11,2025-02-18,Verified
DOC-0010326,LG-001021,Compensation Document,1,1,1,2023-03-01,2023-04-10,Verified
DOC-0010327,LG-001021,Identity Document,1,1,1,2023-02-25,2023-04-06,Verified
DOC-0010328,LG-001021,Land Record,1,0,0,2023-03-15,,Submitted
DOC-0010329,LG-001021,Ownership Proof,1,1,1,2023-01-31,2023-02-15,Verified
DOC-0010330,LG-001021,Survey Record,1,1,1,2023-03-09,2023-04-06,Verified
DOC-0010331,LG-001021,Identity Document,1,1,1,2023-02-27,2023-04-03,Verified
DOC-0010332,LG-001022,Land Record,1,1,1,2020-05-27,2020-07-04,Verified
DOC-0010333,LG-001022,Identity Document,1,1,0,2020-05-19,2020-06-02,Verified
DOC-0010334,LG-001022,Identity Document,1,1,0,2020-05-13,2020-05-26,Verified
DOC-0010335,LG-001022,Compensation Document,1,1,0,2020-05-10,2020-06-18,Verified
DOC-0010336,LG-001022,Ownership Proof,1,1,0,2020-04-17,2020-05-02,Verified
DOC-0010337,LG-001022,Identity Document,1,1,0,2020-06-01,2020-06-15,Verified
DOC-0010338,LG-001022,Survey Record,1,0,0,2020-04-25,,Submitted
DOC-0010339,LG-001022,Compensation Document,1,1,0,2020-05-29,2020-07-06,Verified
DOC-0010340,LG-001022,Survey Record,1,1,0,2020-04-20,2020-05-04,Verified
DOC-0010341,LG-001022,Land Record,1,0,0,2020-06-04,,Submitted
DOC-0010342,LG-001022,Land Record,1,1,0,2020-05-29,2020-06-18,Verified
DOC-0010343,LG-001022,Land Record,1,1,0,2020-05-12,2020-06-20,Verified
DOC-0010344,LG-001022,Ownership Proof,1,1,0,2020-05-02,2020-05-15,Verified
DOC-0010345,LG-001022,Identity Document,0,0,1,,,Pending
DOC-0010346,LG-001022,Ownership Proof,0,0,1,,,Pending
DOC-0010347,LG-001023,Identity Document,1,0,0,2019-02-02,,Submitted
DOC-0010348,LG-001023,Survey Record,0,0,0,,,Pending
DOC-0010349,LG-001023,Compensation Document,1,1,0,2018-12-27,2019-01-12,Verified
DOC-0010350,LG-001023,Survey Record,0,0,1,,,Pending
DOC-0010351,LG-001023,Identity Document,1,1,0,2019-01-29,2019-03-07,Verified
DOC-0010352,LG-001023,Identity Document,0,0,0,,,Pending
DOC-0010353,LG-001023,Compensation Document,0,0,1,,,Pending
DOC-0010354,LG-001023,Identity Document,1,1,0,2019-01-16,2019-02-14,Verified
DOC-0010355,LG-001023,Land Record,1,1,0,2019-02-03,2019-02-25,Verified
DOC-0010356,LG-001023,Compensation Document,1,1,1,2019-01-26,2019-02-05,Verified
DOC-0010357,LG-001024,Land Record,1,0,0,2024-01-01,,Submitted
DOC-0010358,LG-001024,Identity Document,1,1,0,2024-02-05,2024-02-29,Verified
DOC-0010359,LG-001024,Survey Record,1,1,0,2024-01-29,2024-02-27,Verified
DOC-0010360,LG-001024,Compensation Document,1,0,0,2024-02-09,,Submitted
DOC-0010361,LG-001024,Identity Document,1,0,0,2024-01-16,,Submitted
DOC-0010362,LG-001024,Land Record,1,0,0,2024-01-30,,Submitted
DOC-0010363,LG-001024,Compensation Document,1,1,0,2023-12-31,2024-01-10,Verified
DOC-0010364,LG-001025,Land Record,1,0,1,2018-05-19,,Submitted
DOC-0010365,LG-001025,Ownership Proof,1,0,1,2018-06-21,,Submitted
DOC-0010366,LG-001025,Land Record,1,1,1,2018-07-04,2018-07-21,Verified
DOC-0010367,LG-001025,Survey Record,1,0,0,2018-06-19,,Submitted
DOC-0010368,LG-001025,Ownership Proof,1,0,0,2018-07-02,,Submitted
DOC-0010369,LG-001025,Land Record,1,1,0,2018-05-25,2018-06-21,Verified
DOC-0010370,LG-001025,Identity Document,1,0,1,2018-06-12,,Submitted
DOC-0010371,LG-001025,Compensation Document,0,0,0,,,Pending
DOC-0010372,LG-001026,Land Record,1,1,0,2022-05-15,2022-05-28,Verified
DOC-0010373,LG-001026,Survey Record,1,1,0,2022-05-21,2022-06-26,Verified
DOC-0010374,LG-001026,Survey Record,1,0,0,2022-04-18,,Submitted
DOC-0010375,LG-001026,Identity Document,1,1,0,2022-06-09,2022-07-05,Verified
DOC-0010376,LG-001026,Compensation Document,1,1,0,2022-06-03,2022-07-01,Verified
DOC-0010377,LG-001026,Ownership Proof,1,1,0,2022-04-26,2022-05-12,Verified
DOC-0010378,LG-001026,Identity Document,1,1,0,2022-05-09,2022-06-04,Verified
DOC-0010379,LG-001027,Identity Document,0,0,0,,,Pending
DOC-0010380,LG-001027,Land Record,1,1,0,2019-01-09,2019-02-02,Verified
DOC-0010381,LG-001027,Compensation Document,1,1,0,2018-12-07,2018-12-17,Verified
DOC-0010382,LG-001027,Survey Record,1,1,0,2018-12-12,2019-01-06,Verified
DOC-0010383,LG-001027,Identity Document,1,1,0,2019-01-05,2019-02-09,Verified
DOC-0010384,LG-001027,Land Record,1,0,0,2019-01-21,,Submitted
DOC-0010385,LG-001027,Ownership Proof,1,0,0,2018-12-04,,Submitted
DOC-0010386,LG-001027,Ownership Proof,1,0,0,2018-12-25,,Submitted
DOC-0010387,LG-001027,Ownership Proof,1,1,0,2019-01-01,2019-01-21,Verified
DOC-0010388,LG-001027,Survey Record,1,1,0,2019-01-08,2019-01-24,Verified
DOC-0010389,LG-001027,Ownership Proof,1,0,0,2019-01-07,,Submitted
DOC-0010390,LG-001027,Compensation Document,1,0,0,2019-01-24,,Submitted
DOC-0010391,LG-001027,Ownership Proof,1,1,0,2019-01-16,2019-01-30,Verified
DOC-0010392,LG-001027,Ownership Proof,1,0,0,2018-12-31,,Submitted
DOC-0010393,LG-001027,Identity Document,1,1,0,2019-01-01,2019-02-10,Verified
DOC-0010394,LG-001028,Compensation Document,1,1,0,2020-05-17,2020-05-29,Verified
DOC-0010395,LG-001028,Land Record,1,1,1,2020-05-08,2020-06-03,Verified
DOC-0010396,LG-001028,Compensation Document,0,0,1,,,Pending
DOC-0010397,LG-001028,Ownership Proof,1,0,1,2020-04-22,,Submitted
DOC-0010398,LG-001028,Survey Record,1,1,1,2020-06-16,2020-07-07,Verified
DOC-0010399,LG-001028,Identity Document,1,0,1,2020-05-06,,Submitted
DOC-0010400,LG-001028,Ownership Proof,1,0,0,2020-06-14,,Submitted
DOC-0010401,LG-001028,Land Record,1,1,0,2020-05-01,2020-06-04,Verified
DOC-0010402,LG-001028,Land Record,1,1,1,2020-04-29,2020-05-20,Verified
DOC-0010403,LG-001028,Compensation Document,1,1,0,2020-06-16,2020-07-03,Verified
DOC-0010404,LG-001029,Ownership Proof,1,1,0,2021-01-04,2021-01-16,Verified
DOC-0010405,LG-001029,Ownership Proof,1,1,0,2021-01-20,2021-02-20,Verified
DOC-0010406,LG-001029,Land Record,1,1,0,2020-12-11,2020-12-28,Verified
DOC-0010407,LG-001029,Compensation Document,1,1,0,2021-01-06,2021-02-06,Verified
DOC-0010408,LG-001029,Identity Document,1,1,0,2020-12-24,2021-01-10,Verified
DOC-0010409,LG-001029,Identity Document,1,0,0,2021-01-11,,Submitted
DOC-0010410,LG-001030,Compensation Document,1,1,0,2020-06-25,2020-07-27,Verified
DOC-0010411,LG-001030,Ownership Proof,1,1,0,2020-05-21,2020-06-13,Verified
DOC-0010412,LG-001030,Compensation Document,1,0,0,2020-06-03,,Submitted
DOC-0010413,LG-001030,Ownership Proof,1,1,0,2020-05-22,2020-06-28,Verified
DOC-0010414,LG-001030,Survey Record,1,1,0,2020-06-23,2020-07-13,Verified
DOC-0010415,LG-001030,Compensation Document,1,1,1,2020-05-25,2020-06-11,Verified
DOC-0010416,LG-001030,Ownership Proof,1,1,0,2020-06-04,2020-07-11,Verified
DOC-0010417,LG-001030,Compensation Document,1,1,1,2020-05-16,2020-06-21,Verified
DOC-0010418,LG-001030,Identity Document,1,0,0,2020-06-14,,Submitted
DOC-0010419,LG-001030,Land Record,1,1,0,2020-05-25,2020-06-23,Verified
DOC-0010420,LG-001030,Land Record,1,1,0,2020-06-25,2020-07-26,Verified
DOC-0010421,LG-001030,Compensation Document,1,1,0,2020-06-21,2020-07-05,Verified
DOC-0010422,LG-001031,Ownership Proof,1,1,0,2022-01-31,2022-02-17,Verified
DOC-0010423,LG-001031,Survey Record,1,1,0,2022-03-13,2022-04-03,Verified
DOC-0010424,LG-001031,Identity Document,1,1,0,2022-02-06,2022-03-06,Verified
DOC-0010425,LG-001031,Compensation Document,1,1,0,2022-03-20,2022-04-14,Verified
DOC-0010426,LG-001031,Land Record,1,1,0,2022-03-11,2022-04-14,Verified
DOC-0010427,LG-001031,Survey Record,1,1,0,2022-01-27,2022-02-09,Verified
DOC-0010428,LG-001031,Compensation Document,0,0,0,,,Pending
DOC-0010429,LG-001031,Ownership Proof,0,0,0,,,Pending
DOC-0010430,LG-001031,Survey Record,1,1,0,2022-02-15,2022-03-14,Verified
DOC-0010431,LG-001031,Survey Record,1,1,0,2022-03-11,2022-04-14,Verified
DOC-0010432,LG-001032,Compensation Document,1,0,1,2020-09-07,,Submitted
DOC-0010433,LG-001032,Land Record,1,1,0,2020-10-19,2020-11-09,Verified
DOC-0010434,LG-001032,Ownership Proof,1,1,1,2020-09-30,2020-11-07,Verified
DOC-0010435,LG-001032,Ownership Proof,1,0,0,2020-09-21,,Submitted
DOC-0010436,LG-001032,Land Record,1,1,0,2020-09-02,2020-10-06,Verified
DOC-0010437,LG-001032,Identity Document,1,1,0,2020-10-06,2020-11-07,Verified
DOC-0010438,LG-001032,Land Record,1,0,0,2020-09-21,,Submitted
DOC-0010439,LG-001032,Survey Record,1,1,0,2020-09-12,2020-10-20,Verified
DOC-0010440,LG-001032,Identity Document,1,0,0,2020-10-25,,Submitted
DOC-0010441,LG-001032,Identity Document,1,1,1,2020-09-05,2020-09-23,Verified
DOC-0010442,LG-001032,Land Record,1,1,0,2020-10-05,2020-10-15,Verified
DOC-0010443,LG-001032,Ownership Proof,1,1,0,2020-10-12,2020-11-11,Verified
DOC-0010444,LG-001032,Ownership Proof,1,1,0,2020-09-22,2020-10-20,Verified
DOC-0010445,LG-001032,Identity Document,1,0,0,2020-10-03,,Submitted
DOC-0010446,LG-001032,Land Record,1,1,0,2020-09-24,2020-10-13,Verified
DOC-0010447,LG-001033,Compensation Document,1,0,0,2020-06-25,,Submitted
DOC-0010448,LG-001033,Land Record,1,1,0,2020-06-20,2020-07-28,Verified
DOC-0010449,LG-001033,Ownership Proof,1,1,0,2020-07-21,2020-08-20,Verified
DOC-0010450,LG-001033,Identity Document,1,1,0,2020-07-16,2020-08-22,Verified
DOC-0010451,LG-001033,Survey Record,1,1,0,2020-07-23,2020-08-23,Verified
DOC-0010452,LG-001033,Ownership Proof,1,1,1,2020-06-10,2020-06-22,Verified
DOC-0010453,LG-001033,Compensation Document,1,1,0,2020-07-08,2020-08-06,Verified
DOC-0010454,LG-001033,Compensation Document,1,1,0,2020-06-16,2020-07-13,Verified
DOC-0010455,LG-001033,Survey Record,1,1,0,2020-07-26,2020-08-15,Verified
DOC-0010456,LG-001034,Land Record,1,1,1,2022-12-12,2023-01-07,Verified
DOC-0010457,LG-001034,Land Record,1,1,0,2023-01-12,2023-02-08,Verified
DOC-0010458,LG-001034,Ownership Proof,1,0,0,2022-12-12,,Submitted
DOC-0010459,LG-001034,Ownership Proof,1,1,0,2023-01-13,2023-02-08,Verified
DOC-0010460,LG-001034,Land Record,1,1,0,2023-01-03,2023-01-27,Verified
DOC-0010461,LG-001034,Compensation Document,1,1,0,2022-12-19,2023-01-15,Verified
DOC-0010462,LG-001034,Land Record,1,1,0,2023-01-02,2023-01-27,Verified
DOC-0010463,LG-001034,Ownership Proof,1,1,0,2023-01-04,2023-01-21,Verified
DOC-0010464,LG-001034,Land Record,1,1,0,2022-12-25,2023-01-14,Verified
DOC-0010465,LG-001034,Survey Record,1,1,0,2022-12-05,2022-12-21,Verified
DOC-0010466,LG-001034,Land Record,1,1,0,2023-01-19,2023-02-05,Verified
DOC-0010467,LG-001034,Ownership Proof,1,0,0,2023-01-07,,Submitted
DOC-0010468,LG-001034,Identity Document,1,1,0,2022-12-16,2022-12-26,Verified
DOC-0010469,LG-001035,Survey Record,1,1,0,2023-09-01,2023-10-08,Verified
DOC-0010470,LG-001035,Identity Document,1,0,0,2023-08-11,,Submitted
DOC-0010471,LG-001035,Identity Document,1,0,0,2023-08-23,,Submitted
DOC-0010472,LG-001035,Land Record,1,0,0,2023-08-02,,Submitted
DOC-0010473,LG-001035,Survey Record,1,1,0,2023-08-12,2023-09-17,Verified
DOC-0010474,LG-001035,Compensation Document,1,0,1,2023-09-02,,Submitted
DOC-0010475,LG-001035,Compensation Document,1,0,0,2023-08-15,,Submitted
DOC-0010476,LG-001035,Ownership Proof,1,1,0,2023-08-13,2023-08-23,Verified
DOC-0010477,LG-001036,Compensation Document,1,1,0,2020-07-06,2020-08-09,Verified
DOC-0010478,LG-001036,Land Record,1,1,0,2020-08-06,2020-08-17,Verified
DOC-0010479,LG-001036,Survey Record,1,1,1,2020-07-18,2020-08-10,Verified
DOC-0010480,LG-001036,Land Record,1,1,0,2020-08-15,2020-09-13,Verified
DOC-0010481,LG-001036,Identity Document,1,1,1,2020-08-04,2020-09-11,Verified
DOC-0010482,LG-001036,Land Record,1,1,0,2020-08-05,2020-08-31,Verified
DOC-0010483,LG-001036,Land Record,1,1,1,2020-07-09,2020-07-23,Verified
DOC-0010484,LG-001036,Identity Document,1,1,0,2020-08-02,2020-09-02,Verified
DOC-0010485,LG-001036,Compensation Document,1,1,0,2020-08-03,2020-08-13,Verified
DOC-0010486,LG-001036,Ownership Proof,1,1,0,2020-08-02,2020-08-26,Verified
DOC-0010487,LG-001037,Ownership Proof,1,1,0,2018-04-25,2018-05-19,Verified
DOC-0010488,LG-001037,Ownership Proof,1,0,0,2018-04-28,,Submitted
DOC-0010489,LG-001037,Compensation Document,1,1,0,2018-04-28,2018-06-02,Verified
DOC-0010490,LG-001037,Identity Document,1,1,0,2018-04-14,2018-05-21,Verified
DOC-0010491,LG-001037,Identity Document,1,1,0,2018-05-09,2018-06-14,Verified
DOC-0010492,LG-001037,Survey Record,1,1,0,2018-05-29,2018-06-11,Verified
DOC-0010493,LG-001037,Compensation Document,1,1,0,2018-04-16,2018-04-30,Verified
DOC-0010494,LG-001037,Identity Document,1,0,0,2018-05-11,,Submitted
DOC-0010495,LG-001037,Survey Record,1,1,0,2018-05-30,2018-06-14,Verified
DOC-0010496,LG-001037,Survey Record,1,1,0,2018-05-06,2018-06-01,Verified
DOC-0010497,LG-001038,Survey Record,1,1,0,2022-07-05,2022-08-14,Verified
DOC-0010498,LG-001038,Ownership Proof,1,1,0,2022-07-22,2022-08-08,Verified
DOC-0010499,LG-001038,Land Record,1,1,0,2022-07-01,2022-07-17,Verified
DOC-0010500,LG-001038,Land Record,1,1,0,2022-08-11,2022-09-08,Verified
DOC-0010501,LG-001038,Ownership Proof,1,0,0,2022-07-27,,Submitted
DOC-0010502,LG-001038,Land Record,1,1,0,2022-08-04,2022-09-01,Verified
DOC-0010503,LG-001038,Identity Document,1,0,1,2022-08-13,,Submitted
DOC-0010504,LG-001038,Land Record,1,1,0,2022-07-29,2022-09-01,Verified
DOC-0010505,LG-001038,Identity Document,1,1,0,2022-07-29,2022-08-28,Verified
DOC-0010506,LG-001038,Compensation Document,1,1,0,2022-07-07,2022-08-05,Verified
DOC-0010507,LG-001038,Land Record,1,0,0,2022-07-26,,Submitted
DOC-0010508,LG-001038,Identity Document,1,1,0,2022-07-14,2022-08-04,Verified
DOC-0010509,LG-001038,Compensation Document,1,0,0,2022-08-08,,Submitted
DOC-0010510,LG-001039,Compensation Document,1,1,0,2024-06-08,2024-07-06,Verified
DOC-0010511,LG-001039,Identity Document,1,1,0,2024-06-17,2024-06-30,Verified
DOC-0010512,LG-001039,Survey Record,1,1,0,2024-07-11,2024-08-03,Verified
DOC-0010513,LG-001039,Ownership Proof,1,1,0,2024-06-16,2024-06-29,Verified
DOC-0010514,LG-001039,Survey Record,1,1,0,2024-06-13,2024-07-01,Verified
DOC-0010515,LG-001039,Ownership Proof,1,1,0,2024-07-23,2024-08-08,Verified
DOC-0010516,LG-001039,Compensation Document,1,1,0,2024-07-07,2024-07-24,Verified
DOC-0010517,LG-001039,Compensation Document,1,1,0,2024-06-12,2024-06-27,Verified
DOC-0010518,LG-001039,Land Record,1,0,0,2024-06-23,,Submitted
DOC-0010519,LG-001039,Identity Document,1,0,0,2024-07-07,,Submitted
DOC-0010520,LG-001040,Land Record,1,0,0,2024-06-13,,Submitted
DOC-0010521,LG-001040,Compensation Document,1,1,0,2024-07-19,2024-08-18,Verified
DOC-0010522,LG-001040,Identity Document,1,1,0,2024-07-28,2024-09-04,Verified
DOC-0010523,LG-001040,Land Record,1,1,0,2024-06-26,2024-07-19,Verified
DOC-0010524,LG-001040,Ownership Proof,0,0,0,,,Pending
DOC-0010525,LG-001040,Identity Document,1,1,1,2024-07-04,2024-08-06,Verified
DOC-0010526,LG-001040,Identity Document,1,0,0,2024-08-01,,Submitted
DOC-0010527,LG-001040,Survey Record,1,0,0,2024-07-12,,Submitted
DOC-0010528,LG-001040,Land Record,1,0,1,2024-07-05,,Submitted
DOC-0010529,LG-001041,Survey Record,1,0,1,2022-04-11,,Submitted
DOC-0010530,LG-001041,Ownership Proof,1,0,0,2022-04-07,,Submitted
DOC-0010531,LG-001041,Survey Record,0,0,0,,,Pending
DOC-0010532,LG-001041,Ownership Proof,1,1,1,2022-04-28,2022-06-04,Verified
DOC-0010533,LG-001041,Compensation Document,1,1,1,2022-04-18,2022-05-11,Verified
DOC-0010534,LG-001041,Survey Record,0,0,1,,,Pending
DOC-0010535,LG-001041,Identity Document,0,0,1,,,Pending
DOC-0010536,LG-001041,Identity Document,1,0,0,2022-03-26,,Submitted
DOC-0010537,LG-001041,Compensation Document,1,1,0,2022-04-09,2022-05-05,Verified
DOC-0010538,LG-001041,Ownership Proof,0,0,1,,,Pending
DOC-0010539,LG-001041,Land Record,1,0,1,2022-04-14,,Submitted
DOC-0010540,LG-001042,Ownership Proof,1,1,0,2023-02-21,2023-03-28,Verified
DOC-0010541,LG-001042,Ownership Proof,1,0,0,2023-03-19,,Submitted
DOC-0010542,LG-001042,Ownership Proof,1,1,0,2023-03-15,2023-04-13,Verified
DOC-0010543,LG-001042,Compensation Document,1,0,0,2023-03-08,,Submitted
DOC-0010544,LG-001042,Survey Record,1,1,0,2023-03-05,2023-04-14,Verified
DOC-0010545,LG-001043,Identity Document,1,0,0,2019-05-28,,Submitted
DOC-0010546,LG-001043,Land Record,1,1,0,2019-05-29,2019-06-12,Verified
DOC-0010547,LG-001043,Identity Document,1,1,0,2019-05-16,2019-06-21,Verified
DOC-0010548,LG-001043,Identity Document,1,1,0,2019-05-27,2019-06-12,Verified
DOC-0010549,LG-001043,Survey Record,1,1,0,2019-05-26,2019-06-21,Verified
DOC-0010550,LG-001043,Land Record,1,1,1,2019-05-25,2019-06-20,Verified
DOC-0010551,LG-001043,Compensation Document,1,1,0,2019-06-01,2019-06-24,Verified
DOC-0010552,LG-001044,Compensation Document,1,0,0,2021-07-22,,Submitted
DOC-0010553,LG-001044,Survey Record,1,1,0,2021-07-28,2021-08-11,Verified
DOC-0010554,LG-001044,Identity Document,1,0,0,2021-08-16,,Submitted
DOC-0010555,LG-001044,Land Record,1,0,0,2021-07-26,,Submitted
DOC-0010556,LG-001044,Ownership Proof,1,1,0,2021-08-13,2021-09-18,Verified
DOC-0010557,LG-001044,Ownership Proof,1,0,0,2021-09-04,,Submitted
DOC-0010558,LG-001044,Ownership Proof,1,0,0,2021-08-01,,Submitted
DOC-0010559,LG-001044,Identity Document,1,0,0,2021-08-02,,Submitted
DOC-0010560,LG-001044,Survey Record,1,1,0,2021-07-24,2021-08-03,Verified
DOC-0010561,LG-001044,Land Record,1,1,1,2021-07-17,2021-08-01,Verified
DOC-0010562,LG-001044,Compensation Document,1,1,0,2021-07-18,2021-08-04,Verified
DOC-0010563,LG-001044,Compensation Document,1,1,0,2021-08-10,2021-09-12,Verified
DOC-0010564,LG-001044,Land Record,1,1,1,2021-08-28,2021-09-07,Verified
DOC-0010565,LG-001044,Ownership Proof,1,0,0,2021-07-15,,Submitted
DOC-0010566,LG-001044,Land Record,0,0,0,,,Pending
DOC-0010567,LG-001045,Survey Record,0,0,0,,,Pending
DOC-0010568,LG-001045,Land Record,1,1,1,2022-08-30,2022-09-24,Verified
DOC-0010569,LG-001045,Identity Document,1,1,1,2022-09-02,2022-09-21,Verified
DOC-0010570,LG-001045,Ownership Proof,1,1,1,2022-09-01,2022-10-06,Verified
DOC-0010571,LG-001045,Compensation Document,0,0,0,,,Pending
DOC-0010572,LG-001045,Compensation Document,1,0,1,2022-08-13,,Submitted
DOC-0010573,LG-001045,Survey Record,1,1,0,2022-08-22,2022-09-16,Verified
DOC-0010574,LG-001045,Land Record,1,1,1,2022-09-01,2022-09-23,Verified
DOC-0010575,LG-001045,Ownership Proof,1,0,0,2022-09-21,,Submitted
DOC-0010576,LG-001045,Compensation Document,1,1,1,2022-09-08,2022-10-18,Verified
DOC-0010577,LG-001045,Land Record,1,1,1,2022-08-07,2022-08-29,Verified
DOC-0010578,LG-001045,Land Record,0,0,1,,,Pending
DOC-0010579,LG-001045,Land Record,1,0,1,2022-09-20,,Submitted
DOC-0010580,LG-001046,Land Record,1,1,1,2019-09-04,2019-09-24,Verified
DOC-0010581,LG-001046,Survey Record,1,1,0,2019-08-30,2019-09-19,Verified
DOC-0010582,LG-001046,Survey Record,1,1,0,2019-09-20,2019-10-26,Verified
DOC-0010583,LG-001046,Compensation Document,1,1,0,2019-08-02,2019-08-29,Verified
DOC-0010584,LG-001046,Land Record,1,1,0,2019-09-17,2019-10-12,Verified
DOC-0010585,LG-001046,Compensation Document,1,1,0,2019-09-25,2019-10-23,Verified
DOC-0010586,LG-001046,Survey Record,1,0,0,2019-08-16,,Submitted
DOC-0010587,LG-001046,Ownership Proof,1,1,0,2019-08-11,2019-09-13,Verified
DOC-0010588,LG-001046,Ownership Proof,1,1,0,2019-09-17,2019-10-09,Verified
DOC-0010589,LG-001046,Ownership Proof,1,0,0,2019-08-03,,Submitted
DOC-0010590,LG-001046,Survey Record,1,1,0,2019-08-09,2019-09-02,Verified
DOC-0010591,LG-001047,Ownership Proof,1,0,1,2019-11-28,,Submitted
DOC-0010592,LG-001047,Ownership Proof,1,1,0,2019-11-19,2019-12-17,Verified
DOC-0010593,LG-001047,Land Record,1,1,0,2019-10-22,2019-11-01,Verified
DOC-0010594,LG-001047,Compensation Document,1,1,1,2019-10-25,2019-11-05,Verified
DOC-0010595,LG-001047,Identity Document,1,0,1,2019-11-05,,Submitted
DOC-0010596,LG-001047,Land Record,1,0,1,2019-11-16,,Submitted
DOC-0010597,LG-001047,Identity Document,0,0,1,,,Pending
DOC-0010598,LG-001047,Land Record,1,1,1,2019-11-20,2019-12-26,Verified
DOC-0010599,LG-001047,Ownership Proof,1,0,1,2019-11-06,,Submitted
DOC-0010600,LG-001047,Land Record,1,0,0,2019-11-14,,Submitted
DOC-0010601,LG-001047,Land Record,1,1,0,2019-10-18,2019-11-27,Verified
DOC-0010602,LG-001047,Identity Document,0,0,0,,,Pending
DOC-0010603,LG-001047,Land Record,1,1,1,2019-11-14,2019-12-23,Verified
DOC-0010604,LG-001048,Ownership Proof,1,1,0,2020-07-24,2020-08-30,Verified
DOC-0010605,LG-001048,Land Record,1,1,0,2020-07-05,2020-08-05,Verified
DOC-0010606,LG-001048,Compensation Document,1,0,0,2020-06-17,,Submitted
DOC-0010607,LG-001048,Land Record,1,1,0,2020-06-15,2020-06-29,Verified
DOC-0010608,LG-001048,Identity Document,1,1,0,2020-07-23,2020-08-06,Verified
DOC-0010609,LG-001048,Land Record,1,1,0,2020-08-07,2020-08-28,Verified
DOC-0010610,LG-001048,Compensation Document,1,1,0,2020-07-27,2020-09-02,Verified
DOC-0010611,LG-001048,Ownership Proof,1,0,1,2020-07-15,,Submitted
DOC-0010612,LG-001048,Identity Document,1,0,0,2020-07-03,,Submitted
DOC-0010613,LG-001048,Ownership Proof,1,0,0,2020-07-04,,Submitted
DOC-0010614,LG-001048,Compensation Document,1,0,0,2020-07-01,,Submitted
DOC-0010615,LG-001048,Land Record,1,1,1,2020-06-24,2020-07-11,Verified
DOC-0010616,LG-001049,Survey Record,0,0,1,,,Pending
DOC-0010617,LG-001049,Land Record,1,1,0,2019-03-30,2019-04-16,Verified
DOC-0010618,LG-001049,Land Record,1,1,0,2019-04-02,2019-05-05,Verified
DOC-0010619,LG-001049,Compensation Document,1,0,0,2019-03-05,,Submitted
DOC-0010620,LG-001049,Compensation Document,1,1,0,2019-03-24,2019-04-12,Verified
DOC-0010621,LG-001049,Compensation Document,1,0,0,2019-03-05,,Submitted
DOC-0010622,LG-001049,Land Record,0,0,0,,,Pending
DOC-0010623,LG-001049,Compensation Document,1,0,0,2019-03-26,,Submitted
DOC-0010624,LG-001049,Compensation Document,1,1,0,2019-03-20,2019-04-18,Verified
DOC-0010625,LG-001049,Ownership Proof,1,0,0,2019-04-14,,Submitted
DOC-0010626,LG-001049,Survey Record,1,1,0,2019-03-03,2019-03-29,Verified
DOC-0010627,LG-001049,Ownership Proof,1,0,0,2019-03-23,,Submitted
DOC-0010628,LG-001049,Ownership Proof,1,0,1,2019-02-24,,Submitted
DOC-0010629,LG-001049,Land Record,1,1,0,2019-03-05,2019-03-23,Verified
DOC-0010630,LG-001049,Survey Record,0,0,1,,,Pending
DOC-0010631,LG-001050,Identity Document,1,1,1,2022-09-04,2022-10-10,Verified
DOC-0010632,LG-001050,Compensation Document,0,0,1,,,Pending
DOC-0010633,LG-001050,Land Record,1,0,0,2022-09-22,,Submitted
DOC-0010634,LG-001050,Identity Document,1,1,1,2022-09-02,2022-09-20,Verified
DOC-0010635,LG-001050,Ownership Proof,1,0,1,2022-09-12,,Submitted
DOC-0010636,LG-001050,Compensation Document,1,1,1,2022-09-02,2022-10-07,Verified
DOC-0010637,LG-001051,Identity Document,1,1,0,2019-10-18,2019-11-07,Verified
DOC-0010638,LG-001051,Land Record,1,1,0,2019-10-24,2019-11-24,Verified
DOC-0010639,LG-001051,Ownership Proof,1,0,0,2019-10-31,,Submitted
DOC-0010640,LG-001051,Land Record,1,0,0,2019-11-12,,Submitted
DOC-0010641,LG-001051,Identity Document,1,0,1,2019-10-09,,Submitted
DOC-0010642,LG-001051,Compensation Document,1,0,0,2019-09-24,,Submitted
DOC-0010643,LG-001051,Ownership Proof,1,1,1,2019-10-30,2019-11-28,Verified
DOC-0010644,LG-001052,Land Record,1,1,1,2024-06-09,2024-07-14,Verified
DOC-0010645,LG-001052,Identity Document,1,1,1,2024-05-23,2024-06-03,Verified
DOC-0010646,LG-001052,Identity Document,1,1,1,2024-06-03,2024-06-16,Verified
DOC-0010647,LG-001052,Identity Document,1,1,0,2024-05-26,2024-07-02,Verified
DOC-0010648,LG-001052,Survey Record,0,0,0,,,Pending
DOC-0010649,LG-001052,Survey Record,1,1,0,2024-04-26,2024-05-19,Verified
DOC-0010650,LG-001052,Land Record,1,0,0,2024-05-08,,Submitted
DOC-0010651,LG-001053,Ownership Proof,1,1,0,2022-12-19,2023-01-06,Verified
DOC-0010652,LG-001053,Ownership Proof,1,0,0,2023-01-15,,Submitted
DOC-0010653,LG-001053,Survey Record,1,1,0,2022-11-30,2022-12-22,Verified
DOC-0010654,LG-001053,Compensation Document,1,1,0,2023-01-16,2023-01-27,Verified
DOC-0010655,LG-001053,Survey Record,1,1,0,2023-01-06,2023-01-24,Verified
DOC-0010656,LG-001053,Land Record,1,1,0,2022-12-14,2022-12-31,Verified
DOC-0010657,LG-001053,Land Record,1,1,0,2022-12-09,2023-01-06,Verified
DOC-0010658,LG-001053,Land Record,1,0,0,2022-12-01,,Submitted
DOC-0010659,LG-001053,Compensation Document,0,0,0,,,Pending
DOC-0010660,LG-001053,Ownership Proof,1,1,1,2023-01-08,2023-02-10,Verified
DOC-0010661,LG-001053,Ownership Proof,1,1,0,2022-12-15,2023-01-14,Verified
DOC-0010662,LG-001053,Compensation Document,1,1,0,2022-12-10,2023-01-11,Verified
DOC-0010663,LG-001053,Survey Record,1,1,0,2022-12-01,2022-12-19,Verified
DOC-0010664,LG-001054,Compensation Document,1,1,0,2023-12-10,2024-01-18,Verified
DOC-0010665,LG-001054,Compensation Document,1,1,0,2023-12-11,2024-01-07,Verified
DOC-0010666,LG-001054,Land Record,1,1,0,2023-12-26,2024-01-13,Verified
DOC-0010667,LG-001054,Identity Document,1,0,0,2023-12-03,,Submitted
DOC-0010668,LG-001054,Compensation Document,1,1,0,2023-12-26,2024-01-17,Verified
DOC-0010669,LG-001054,Land Record,1,0,0,2023-12-10,,Submitted
DOC-0010670,LG-001054,Survey Record,1,0,0,2024-01-17,,Submitted
DOC-0010671,LG-001054,Land Record,1,1,0,2024-01-10,2024-01-20,Verified
DOC-0010672,LG-001054,Identity Document,1,1,0,2023-12-08,2023-12-28,Verified
DOC-0010673,LG-001054,Survey Record,1,0,0,2023-12-01,,Submitted
DOC-0010674,LG-001054,Survey Record,1,1,0,2023-12-11,2024-01-14,Verified
DOC-0010675,LG-001055,Survey Record,1,0,0,2023-07-11,,Submitted
DOC-0010676,LG-001055,Land Record,1,1,0,2023-07-28,2023-08-31,Verified
DOC-0010677,LG-001055,Identity Document,1,1,0,2023-06-18,2023-07-15,Verified
DOC-0010678,LG-001055,Survey Record,1,0,0,2023-07-16,,Submitted
DOC-0010679,LG-001055,Survey Record,1,1,0,2023-06-09,2023-06-24,Verified
DOC-0010680,LG-001055,Identity Document,1,0,0,2023-08-02,,Submitted
DOC-0010681,LG-001056,Ownership Proof,1,0,0,2022-01-09,,Submitted
DOC-0010682,LG-001056,Identity Document,1,1,0,2021-12-16,2022-01-11,Verified
DOC-0010683,LG-001056,Identity Document,1,1,0,2022-01-11,2022-02-17,Verified
DOC-0010684,LG-001056,Identity Document,1,1,0,2021-12-05,2021-12-25,Verified
DOC-0010685,LG-001056,Identity Document,1,1,0,2021-12-02,2022-01-03,Verified
DOC-0010686,LG-001056,Land Record,1,1,0,2021-12-20,2022-01-03,Verified
DOC-0010687,LG-001056,Compensation Document,1,1,0,2021-11-21,2021-12-24,Verified
DOC-0010688,LG-001056,Identity Document,1,0,0,2021-11-26,,Submitted
DOC-0010689,LG-001056,Compensation Document,1,1,0,2021-12-14,2022-01-15,Verified
DOC-0010690,LG-001056,Ownership Proof,1,1,0,2021-12-31,2022-02-07,Verified
DOC-0010691,LG-001056,Compensation Document,1,1,1,2021-12-05,2021-12-24,Verified
DOC-0010692,LG-001056,Compensation Document,1,1,1,2021-12-26,2022-02-03,Verified
DOC-0010693,LG-001056,Identity Document,1,1,0,2021-12-12,2021-12-27,Verified
DOC-0010694,LG-001057,Identity Document,1,0,0,2022-12-10,,Submitted
DOC-0010695,LG-001057,Compensation Document,1,1,0,2022-12-28,2023-01-10,Verified
DOC-0010696,LG-001057,Ownership Proof,1,1,0,2022-12-30,2023-01-22,Verified
DOC-0010697,LG-001057,Ownership Proof,1,0,0,2023-01-18,,Submitted
DOC-0010698,LG-001057,Identity Document,1,0,0,2023-01-22,,Submitted
DOC-0010699,LG-001057,Identity Document,1,0,0,2023-01-31,,Submitted
DOC-0010700,LG-001057,Ownership Proof,1,0,1,2023-01-11,,Submitted
DOC-0010701,LG-001057,Survey Record,1,1,0,2022-12-11,2022-12-23,Verified
DOC-0010702,LG-001057,Survey Record,1,0,0,2022-12-13,,Submitted
DOC-0010703,LG-001057,Survey Record,1,1,0,2023-01-18,2023-02-02,Verified
DOC-0010704,LG-001058,Land Record,0,0,0,,,Pending
DOC-0010705,LG-001058,Survey Record,0,0,0,,,Pending
DOC-0010706,LG-001058,Ownership Proof,1,1,0,2018-11-01,2018-11-23,Verified
DOC-0010707,LG-001058,Identity Document,1,1,0,2018-10-22,2018-11-14,Verified
DOC-0010708,LG-001058,Ownership Proof,0,0,0,,,Pending
DOC-0010709,LG-001058,Survey Record,1,1,1,2018-11-17,2018-12-03,Verified
DOC-0010710,LG-001058,Survey Record,1,0,1,2018-11-26,,Submitted
DOC-0010711,LG-001058,Land Record,1,1,1,2018-10-30,2018-11-27,Verified
DOC-0010712,LG-001058,Land Record,1,0,1,2018-11-06,,Submitted
DOC-0010713,LG-001058,Survey Record,1,0,0,2018-10-30,,Submitted
DOC-0010714,LG-001058,Ownership Proof,1,1,1,2018-11-12,2018-12-16,Verified
DOC-0010715,LG-001058,Land Record,1,1,0,2018-11-27,2019-01-02,Verified
DOC-0010716,LG-001059,Identity Document,1,0,0,2022-03-12,,Submitted
DOC-0010717,LG-001059,Land Record,1,1,0,2022-03-18,2022-04-14,Verified
DOC-0010718,LG-001059,Ownership Proof,1,1,0,2022-03-15,2022-04-13,Verified
DOC-0010719,LG-001059,Survey Record,1,1,1,2022-03-29,2022-05-02,Verified
DOC-0010720,LG-001059,Land Record,0,0,1,,,Pending
DOC-0010721,LG-001059,Land Record,1,1,0,2022-03-07,2022-03-23,Verified
DOC-0010722,LG-001060,Compensation Document,1,1,0,2018-06-09,2018-07-09,Verified
DOC-0010723,LG-001060,Survey Record,1,1,0,2018-06-30,2018-08-03,Verified
DOC-0010724,LG-001060,Land Record,1,1,0,2018-07-12,2018-08-09,Verified
DOC-0010725,LG-001060,Compensation Document,1,0,0,2018-06-04,,Submitted
DOC-0010726,LG-001060,Compensation Document,1,1,0,2018-07-09,2018-07-26,Verified
DOC-0010727,LG-001060,Land Record,1,0,0,2018-06-07,,Submitted
DOC-0010728,LG-001061,Ownership Proof,1,1,0,2023-02-27,2023-03-18,Verified
DOC-0010729,LG-001061,Survey Record,1,0,0,2023-03-12,,Submitted
DOC-0010730,LG-001061,Land Record,1,1,0,2023-03-01,2023-04-05,Verified
DOC-0010731,LG-001061,Survey Record,1,1,1,2023-01-27,2023-02-24,Verified
DOC-0010732,LG-001061,Survey Record,1,1,0,2023-02-07,2023-03-16,Verified
DOC-0010733,LG-001061,Compensation Document,1,0,0,2023-01-31,,Submitted
DOC-0010734,LG-001061,Ownership Proof,0,0,0,,,Pending
DOC-0010735,LG-001061,Compensation Document,1,1,0,2023-01-23,2023-03-04,Verified
DOC-0010736,LG-001061,Ownership Proof,1,1,0,2023-02-25,2023-03-13,Verified
DOC-0010737,LG-001061,Compensation Document,1,1,0,2023-01-24,2023-02-12,Verified
DOC-0010738,LG-001061,Ownership Proof,1,1,0,2023-03-12,2023-04-04,Verified
DOC-0010739,LG-001062,Identity Document,1,1,1,2024-06-12,2024-07-20,Verified
DOC-0010740,LG-001062,Compensation Document,1,1,0,2024-06-04,2024-06-14,Verified
DOC-0010741,LG-001062,Ownership Proof,1,0,0,2024-06-15,,Submitted
DOC-0010742,LG-001062,Identity Document,1,0,0,2024-05-16,,Submitted
DOC-0010743,LG-001062,Ownership Proof,1,1,0,2024-06-11,2024-07-16,Verified
DOC-0010744,LG-001063,Land Record,1,1,0,2021-08-31,2021-09-19,Verified
DOC-0010745,LG-001063,Identity Document,1,0,0,2021-08-31,,Submitted
DOC-0010746,LG-001063,Survey Record,1,1,0,2021-08-24,2021-09-27,Verified
DOC-0010747,LG-001063,Survey Record,1,1,0,2021-08-17,2021-09-18,Verified
DOC-0010748,LG-001063,Identity Document,1,1,0,2021-08-23,2021-09-09,Verified
DOC-0010749,LG-001063,Compensation Document,1,1,0,2021-08-27,2021-09-09,Verified
DOC-0010750,LG-001063,Compensation Document,1,1,0,2021-07-31,2021-08-18,Verified
DOC-0010751,LG-001063,Compensation Document,1,1,1,2021-08-24,2021-09-15,Verified
DOC-0010752,LG-001063,Ownership Proof,1,0,0,2021-07-17,,Submitted
DOC-0010753,LG-001063,Compensation Document,1,1,0,2021-07-12,2021-08-09,Verified
DOC-0010754,LG-001064,Survey Record,1,1,0,2022-10-27,2022-12-06,Verified
DOC-0010755,LG-001064,Ownership Proof,0,0,0,,,Pending
DOC-0010756,LG-001064,Ownership Proof,1,1,0,2022-10-26,2022-11-10,Verified
DOC-0010757,LG-001064,Compensation Document,0,0,1,,,Pending
DOC-0010758,LG-001064,Survey Record,1,0,1,2022-09-21,,Submitted
DOC-0010759,LG-001064,Land Record,1,1,1,2022-10-31,2022-11-23,Verified
DOC-0010760,LG-001065,Compensation Document,1,1,1,2018-03-10,2018-03-29,Verified
DOC-0010761,LG-001065,Compensation Document,1,1,1,2018-03-15,2018-04-11,Verified
DOC-0010762,LG-001065,Identity Document,1,1,1,2018-02-07,2018-03-15,Verified
DOC-0010763,LG-001065,Identity Document,0,0,0,,,Pending
DOC-0010764,LG-001065,Ownership Proof,1,0,0,2018-01-29,,Submitted
DOC-0010765,LG-001065,Land Record,1,0,1,2018-03-03,,Submitted
DOC-0010766,LG-001065,Survey Record,1,1,0,2018-01-27,2018-02-25,Verified
DOC-0010767,LG-001066,Compensation Document,1,1,0,2024-01-23,2024-02-06,Verified
DOC-0010768,LG-001066,Identity Document,1,1,0,2024-01-07,2024-02-10,Verified
DOC-0010769,LG-001066,Survey Record,1,1,0,2023-12-20,2024-01-10,Verified
DOC-0010770,LG-001066,Ownership Proof,1,0,0,2024-01-15,,Submitted
DOC-0010771,LG-001066,Land Record,1,1,0,2024-01-15,2024-02-04,Verified
DOC-0010772,LG-001066,Compensation Document,1,1,0,2023-12-09,2023-12-27,Verified
DOC-0010773,LG-001066,Land Record,1,1,0,2024-01-12,2024-01-28,Verified
DOC-0010774,LG-001066,Identity Document,1,1,0,2024-01-20,2024-02-09,Verified
DOC-0010775,LG-001066,Ownership Proof,1,1,0,2023-12-26,2024-01-08,Verified
DOC-0010776,LG-001066,Compensation Document,1,0,0,2024-01-08,,Submitted
DOC-0010777,LG-001066,Ownership Proof,1,1,1,2024-01-20,2024-02-02,Verified
DOC-0010778,LG-001066,Compensation Document,1,1,0,2023-12-10,2023-12-22,Verified
DOC-0010779,LG-001066,Survey Record,1,0,0,2023-12-14,,Submitted
DOC-0010780,LG-001067,Compensation Document,1,0,0,2020-02-03,,Submitted
DOC-0010781,LG-001067,Survey Record,1,1,0,2020-01-15,2020-02-09,Verified
DOC-0010782,LG-001067,Survey Record,1,1,0,2020-03-05,2020-03-16,Verified
DOC-0010783,LG-001067,Land Record,1,1,0,2020-01-30,2020-02-17,Verified
DOC-0010784,LG-001067,Compensation Document,1,0,1,2020-02-20,,Submitted
DOC-0010785,LG-001067,Land Record,1,1,0,2020-03-01,2020-03-12,Verified
DOC-0010786,LG-001067,Survey Record,1,0,0,2020-02-23,,Submitted
DOC-0010787,LG-001067,Survey Record,1,1,0,2020-02-28,2020-03-10,Verified
DOC-0010788,LG-001067,Identity Document,1,1,0,2020-02-20,2020-03-09,Verified
DOC-0010789,LG-001067,Compensation Document,1,0,0,2020-01-14,,Submitted
DOC-0010790,LG-001067,Ownership Proof,1,1,0,2020-02-14,2020-03-02,Verified
DOC-0010791,LG-001067,Land Record,1,0,0,2020-01-19,,Submitted
DOC-0010792,LG-001067,Ownership Proof,0,0,0,,,Pending
DOC-0010793,LG-001067,Survey Record,1,0,1,2020-01-20,,Submitted
DOC-0010794,LG-001067,Survey Record,1,1,0,2020-02-12,2020-03-17,Verified
DOC-0010795,LG-001068,Compensation Document,1,1,0,2019-09-14,2019-10-13,Verified
DOC-0010796,LG-001068,Identity Document,1,0,0,2019-09-09,,Submitted
DOC-0010797,LG-001068,Land Record,1,0,0,2019-08-15,,Submitted
DOC-0010798,LG-001068,Identity Document,1,0,0,2019-09-26,,Submitted
DOC-0010799,LG-001068,Survey Record,1,1,0,2019-09-07,2019-10-05,Verified
DOC-0010800,LG-001068,Land Record,1,1,0,2019-10-02,2019-10-17,Verified
DOC-0010801,LG-001068,Land Record,1,1,0,2019-10-02,2019-10-23,Verified
DOC-0010802,LG-001068,Survey Record,1,1,0,2019-09-13,2019-10-21,Verified
DOC-0010803,LG-001068,Identity Document,1,1,1,2019-09-21,2019-10-08,Verified
DOC-0010804,LG-001069,Identity Document,1,1,1,2019-06-10,2019-07-16,Verified
DOC-0010805,LG-001069,Ownership Proof,1,1,1,2019-05-07,2019-05-29,Verified
DOC-0010806,LG-001069,Compensation Document,0,0,0,,,Pending
DOC-0010807,LG-001069,Identity Document,1,1,0,2019-05-13,2019-06-22,Verified
DOC-0010808,LG-001069,Land Record,1,1,0,2019-04-29,2019-05-12,Verified
DOC-0010809,LG-001069,Compensation Document,0,0,0,,,Pending
DOC-0010810,LG-001069,Ownership Proof,1,1,1,2019-05-15,2019-06-05,Verified
DOC-0010811,LG-001069,Compensation Document,1,1,0,2019-05-18,2019-06-24,Verified
DOC-0010812,LG-001069,Compensation Document,1,0,0,2019-05-30,,Submitted
DOC-0010813,LG-001069,Identity Document,0,0,0,,,Pending
DOC-0010814,LG-001069,Survey Record,1,1,0,2019-06-10,2019-07-18,Verified
DOC-0010815,LG-001069,Survey Record,1,1,1,2019-04-24,2019-05-16,Verified
DOC-0010816,LG-001069,Ownership Proof,0,0,0,,,Pending
DOC-0010817,LG-001069,Compensation Document,1,0,0,2019-05-02,,Submitted
DOC-0010818,LG-001069,Compensation Document,1,1,1,2019-04-26,2019-06-03,Verified
DOC-0010819,LG-001070,Ownership Proof,1,1,0,2019-08-29,2019-09-15,Verified
DOC-0010820,LG-001070,Ownership Proof,1,1,1,2019-09-06,2019-10-16,Verified
DOC-0010821,LG-001070,Ownership Proof,0,0,1,,,Pending
DOC-0010822,LG-001070,Survey Record,1,1,0,2019-10-12,2019-11-17,Verified
DOC-0010823,LG-001070,Identity Document,1,0,0,2019-10-03,,Submitted
DOC-0010824,LG-001070,Compensation Document,0,0,0,,,Pending
DOC-0010825,LG-001070,Ownership Proof,1,1,0,2019-10-05,2019-11-03,Verified
DOC-0010826,LG-001071,Ownership Proof,1,1,0,2023-02-26,2023-03-10,Verified
DOC-0010827,LG-001071,Ownership Proof,1,0,1,2023-01-21,,Submitted
DOC-0010828,LG-001071,Ownership Proof,1,1,0,2023-02-26,2023-04-05,Verified
DOC-0010829,LG-001071,Compensation Document,1,1,0,2023-02-18,2023-03-24,Verified
DOC-0010830,LG-001071,Land Record,1,0,0,2023-01-14,,Submitted
DOC-0010831,LG-001071,Land Record,0,0,0,,,Pending
DOC-0010832,LG-001071,Compensation Document,1,1,0,2023-02-14,2023-03-21,Verified
DOC-0010833,LG-001071,Ownership Proof,1,0,0,2023-02-14,,Submitted
DOC-0010834,LG-001071,Ownership Proof,1,1,0,2023-02-15,2023-03-04,Verified
DOC-0010835,LG-001071,Survey Record,1,1,0,2023-02-06,2023-02-21,Verified
DOC-0010836,LG-001071,Land Record,1,0,0,2023-01-25,,Submitted
DOC-0010837,LG-001071,Survey Record,1,1,0,2023-02-19,2023-03-05,Verified
DOC-0010838,LG-001072,Survey Record,1,1,1,2020-10-27,2020-11-23,Verified
DOC-0010839,LG-001072,Survey Record,1,1,0,2020-11-22,2020-12-13,Verified
DOC-0010840,LG-001072,Land Record,0,0,1,,,Pending
DOC-0010841,LG-001072,Survey Record,0,0,0,,,Pending
DOC-0010842,LG-001072,Identity Document,1,1,1,2020-11-17,2020-12-01,Verified
DOC-0010843,LG-001072,Compensation Document,1,1,1,2020-11-07,2020-11-22,Verified
DOC-0010844,LG-001072,Land Record,1,1,0,2020-10-15,2020-10-25,Verified
DOC-0010845,LG-001072,Land Record,1,1,0,2020-11-03,2020-12-08,Verified
DOC-0010846,LG-001072,Identity Document,0,0,1,,,Pending
DOC-0010847,LG-001072,Identity Document,1,0,1,2020-10-29,,Submitted
DOC-0010848,LG-001072,Survey Record,1,1,1,2020-11-30,2020-12-17,Verified
DOC-0010849,LG-001072,Compensation Document,1,0,0,2020-12-02,,Submitted
DOC-0010850,LG-001072,Survey Record,1,1,1,2020-10-23,2020-11-16,Verified
DOC-0010851,LG-001073,Survey Record,0,0,0,,,Pending
DOC-0010852,LG-001073,Identity Document,0,0,0,,,Pending
DOC-0010853,LG-001073,Survey Record,1,1,0,2024-08-31,2024-10-05,Verified
DOC-0010854,LG-001073,Ownership Proof,1,0,0,2024-09-01,,Submitted
DOC-0010855,LG-001073,Ownership Proof,1,1,0,2024-08-18,2024-09-12,Verified
DOC-0010856,LG-001073,Survey Record,1,0,0,2024-08-14,,Submitted
DOC-0010857,LG-001073,Ownership Proof,1,0,0,2024-08-27,,Submitted
DOC-0010858,LG-001074,Survey Record,1,1,1,2018-11-06,2018-11-29,Verified
DOC-0010859,LG-001074,Compensation Document,1,1,1,2018-10-14,2018-11-12,Verified
DOC-0010860,LG-001074,Land Record,1,1,0,2018-11-10,2018-11-22,Verified
DOC-0010861,LG-001074,Identity Document,1,1,0,2018-10-02,2018-10-29,Verified
DOC-0010862,LG-001074,Survey Record,1,1,1,2018-10-04,2018-11-08,Verified
DOC-0010863,LG-001074,Ownership Proof,1,1,0,2018-10-02,2018-11-10,Verified
DOC-0010864,LG-001074,Compensation Document,1,1,0,2018-11-12,2018-12-14,Verified
DOC-0010865,LG-001074,Land Record,1,1,1,2018-10-26,2018-11-13,Verified
DOC-0010866,LG-001075,Identity Document,1,1,0,2022-12-25,2023-01-24,Verified
DOC-0010867,LG-001075,Land Record,1,0,0,2023-01-14,,Submitted
DOC-0010868,LG-001075,Identity Document,0,0,0,,,Pending
DOC-0010869,LG-001075,Survey Record,1,0,0,2023-02-01,,Submitted
DOC-0010870,LG-001075,Identity Document,1,0,0,2022-12-23,,Submitted
DOC-0010871,LG-001075,Survey Record,1,1,0,2022-12-27,2023-01-09,Verified
DOC-0010872,LG-001075,Survey Record,1,1,0,2023-01-15,2023-02-15,Verified
DOC-0010873,LG-001075,Identity Document,1,1,0,2022-12-29,2023-01-22,Verified
DOC-0010874,LG-001075,Ownership Proof,1,1,0,2023-01-13,2023-01-23,Verified
DOC-0010875,LG-001076,Land Record,1,1,0,2021-05-02,2021-05-20,Verified
DOC-0010876,LG-001076,Identity Document,1,1,0,2021-03-17,2021-03-31,Verified
DOC-0010877,LG-001076,Identity Document,1,1,0,2021-03-29,2021-04-12,Verified
DOC-0010878,LG-001076,Land Record,1,0,0,2021-04-14,,Submitted
DOC-0010879,LG-001076,Ownership Proof,1,0,0,2021-05-05,,Submitted
DOC-0010880,LG-001076,Survey Record,1,0,0,2021-04-27,,Submitted
DOC-0010881,LG-001076,Ownership Proof,1,0,0,2021-05-06,,Submitted
DOC-0010882,LG-001076,Land Record,1,0,0,2021-03-17,,Submitted
DOC-0010883,LG-001076,Survey Record,1,1,0,2021-04-26,2021-05-27,Verified
DOC-0010884,LG-001076,Land Record,1,1,0,2021-04-14,2021-04-26,Verified
DOC-0010885,LG-001076,Ownership Proof,1,1,1,2021-04-13,2021-05-18,Verified
DOC-0010886,LG-001076,Survey Record,1,1,0,2021-05-01,2021-05-24,Verified
DOC-0010887,LG-001077,Identity Document,1,1,0,2018-07-19,2018-07-29,Verified
DOC-0010888,LG-001077,Compensation Document,1,1,0,2018-07-12,2018-08-02,Verified
DOC-0010889,LG-001077,Compensation Document,1,1,1,2018-08-01,2018-08-25,Verified
DOC-0010890,LG-001077,Identity Document,1,1,0,2018-07-25,2018-09-02,Verified
DOC-0010891,LG-001077,Land Record,1,1,0,2018-08-03,2018-09-02,Verified
DOC-0010892,LG-001077,Compensation Document,1,1,1,2018-07-10,2018-08-06,Verified
DOC-0010893,LG-001077,Land Record,1,1,0,2018-07-15,2018-08-04,Verified
DOC-0010894,LG-001077,Identity Document,1,0,1,2018-06-22,,Submitted
DOC-0010895,LG-001077,Land Record,1,1,0,2018-07-26,2018-08-05,Verified
DOC-0010896,LG-001077,Survey Record,1,0,0,2018-07-14,,Submitted
DOC-0010897,LG-001077,Identity Document,1,1,0,2018-07-12,2018-07-30,Verified
DOC-0010898,LG-001077,Land Record,1,1,0,2018-07-05,2018-07-17,Verified
DOC-0010899,LG-001077,Compensation Document,1,0,0,2018-07-07,,Submitted
DOC-0010900,LG-001077,Survey Record,1,1,0,2018-07-25,2018-08-17,Verified
DOC-0010901,LG-001078,Ownership Proof,1,1,0,2020-05-20,2020-06-29,Verified
DOC-0010902,LG-001078,Compensation Document,1,1,0,2020-05-14,2020-06-18,Verified
DOC-0010903,LG-001078,Identity Document,1,0,0,2020-05-02,,Submitted
DOC-0010904,LG-001078,Compensation Document,1,1,0,2020-06-09,2020-07-09,Verified
DOC-0010905,LG-001078,Identity Document,1,1,1,2020-06-19,2020-07-29,Verified
DOC-0010906,LG-001079,Ownership Proof,1,1,0,2021-06-06,2021-07-04,Verified
DOC-0010907,LG-001079,Survey Record,1,0,0,2021-06-01,,Submitted
DOC-0010908,LG-001079,Land Record,1,0,0,2021-05-17,,Submitted
DOC-0010909,LG-001079,Ownership Proof,1,0,0,2021-05-11,,Submitted
DOC-0010910,LG-001079,Compensation Document,1,0,0,2021-05-05,,Submitted
DOC-0010911,LG-001080,Land Record,1,1,1,2018-09-01,2018-09-11,Verified
DOC-0010912,LG-001080,Ownership Proof,1,1,1,2018-07-25,2018-08-05,Verified
DOC-0010913,LG-001080,Ownership Proof,1,0,0,2018-07-30,,Submitted
DOC-0010914,LG-001080,Ownership Proof,1,1,0,2018-08-17,2018-09-23,Verified
DOC-0010915,LG-001080,Survey Record,1,1,0,2018-08-23,2018-09-03,Verified
DOC-0010916,LG-001080,Survey Record,0,0,1,,,Pending
DOC-0010917,LG-001080,Identity Document,0,0,1,,,Pending
DOC-0010918,LG-001081,Identity Document,1,0,0,2024-09-17,,Submitted
DOC-0010919,LG-001081,Survey Record,1,1,0,2024-10-13,2024-10-26,Verified
DOC-0010920,LG-001081,Identity Document,1,1,0,2024-10-06,2024-11-07,Verified
DOC-0010921,LG-001081,Ownership Proof,1,1,1,2024-09-13,2024-10-22,Verified
DOC-0010922,LG-001081,Survey Record,1,0,0,2024-09-12,,Submitted
DOC-0010923,LG-001081,Compensation Document,0,0,0,,,Pending
DOC-0010924,LG-001081,Ownership Proof,1,1,1,2024-10-16,2024-11-02,Verified
DOC-0010925,LG-001081,Survey Record,1,1,0,2024-10-08,2024-10-23,Verified
DOC-0010926,LG-001081,Compensation Document,1,1,0,2024-10-07,2024-10-19,Verified
DOC-0010927,LG-001081,Survey Record,0,0,1,,,Pending
DOC-0010928,LG-001081,Identity Document,1,1,0,2024-10-02,2024-10-13,Verified
DOC-0010929,LG-001081,Survey Record,1,1,1,2024-10-03,2024-11-05,Verified
DOC-0010930,LG-001082,Land Record,0,0,1,,,Pending
DOC-0010931,LG-001082,Identity Document,1,1,0,2024-05-03,2024-05-18,Verified
DOC-0010932,LG-001082,Compensation Document,1,1,0,2024-04-23,2024-05-22,Verified
DOC-0010933,LG-001082,Identity Document,1,1,0,2024-06-03,2024-07-10,Verified
DOC-0010934,LG-001082,Survey Record,1,1,1,2024-05-23,2024-06-27,Verified
DOC-0010935,LG-001082,Land Record,0,0,1,,,Pending
DOC-0010936,LG-001082,Compensation Document,1,1,0,2024-04-28,2024-05-08,Verified
DOC-0010937,LG-001082,Identity Document,1,0,1,2024-06-05,,Submitted
DOC-0010938,LG-001082,Compensation Document,1,1,1,2024-04-20,2024-05-28,Verified
DOC-0010939,LG-001082,Survey Record,1,0,1,2024-04-30,,Submitted
DOC-0010940,LG-001083,Identity Document,1,1,0,2023-05-11,2023-05-25,Verified
DOC-0010941,LG-001083,Ownership Proof,1,0,0,2023-06-16,,Submitted
DOC-0010942,LG-001083,Compensation Document,1,1,0,2023-05-13,2023-06-09,Verified
DOC-0010943,LG-001083,Land Record,1,1,0,2023-05-05,2023-05-24,Verified
DOC-0010944,LG-001083,Survey Record,1,0,0,2023-05-24,,Submitted
DOC-0010945,LG-001083,Survey Record,1,0,0,2023-06-06,,Submitted
DOC-0010946,LG-001083,Land Record,0,0,0,,,Pending
DOC-0010947,LG-001083,Ownership Proof,1,1,0,2023-05-28,2023-06-23,Verified
DOC-0010948,LG-001083,Ownership Proof,1,1,0,2023-06-21,2023-07-15,Verified
DOC-0010949,LG-001083,Survey Record,1,1,0,2023-05-28,2023-06-14,Verified
DOC-0010950,LG-001083,Compensation Document,1,1,1,2023-05-25,2023-06-14,Verified
DOC-0010951,LG-001083,Land Record,1,1,0,2023-06-16,2023-07-17,Verified
DOC-0010952,LG-001083,Survey Record,1,1,0,2023-05-09,2023-05-24,Verified
DOC-0010953,LG-001084,Ownership Proof,1,1,0,2024-01-13,2024-01-27,Verified
DOC-0010954,LG-001084,Identity Document,1,0,1,2024-01-15,,Submitted
DOC-0010955,LG-001084,Ownership Proof,1,1,1,2023-12-31,2024-01-28,Verified
DOC-0010956,LG-001084,Ownership Proof,1,1,0,2024-02-07,2024-03-05,Verified
DOC-0010957,LG-001084,Ownership Proof,1,0,1,2024-01-29,,Submitted
DOC-0010958,LG-001084,Compensation Document,0,0,1,,,Pending
DOC-0010959,LG-001084,Compensation Document,0,0,0,,,Pending
DOC-0010960,LG-001084,Survey Record,1,1,1,2024-01-19,2024-02-18,Verified
DOC-0010961,LG-001084,Identity Document,1,1,1,2024-02-13,2024-02-24,Verified
DOC-0010962,LG-001084,Ownership Proof,1,1,1,2024-02-15,2024-03-13,Verified
DOC-0010963,LG-001084,Compensation Document,1,1,0,2024-01-22,2024-02-02,Verified
DOC-0010964,LG-001084,Ownership Proof,1,0,1,2023-12-28,,Submitted
DOC-0010965,LG-001085,Survey Record,0,0,0,,,Pending
DOC-0010966,LG-001085,Compensation Document,1,1,0,2024-08-22,2024-09-05,Verified
DOC-0010967,LG-001085,Land Record,1,1,0,2024-08-10,2024-09-12,Verified
DOC-0010968,LG-001085,Ownership Proof,0,0,0,,,Pending
DOC-0010969,LG-001085,Land Record,1,1,0,2024-08-05,2024-09-10,Verified
DOC-0010970,LG-001085,Compensation Document,1,1,0,2024-08-21,2024-09-29,Verified
DOC-0010971,LG-001085,Compensation Document,1,0,0,2024-08-17,,Submitted
DOC-0010972,LG-001085,Land Record,1,0,0,2024-08-27,,Submitted
DOC-0010973,LG-001085,Survey Record,1,1,0,2024-08-06,2024-09-06,Verified
DOC-0010974,LG-001085,Identity Document,1,1,0,2024-08-29,2024-09-08,Verified
DOC-0010975,LG-001085,Compensation Document,1,1,0,2024-09-03,2024-09-21,Verified
DOC-0010976,LG-001085,Identity Document,1,1,0,2024-07-14,2024-08-13,Verified
DOC-0010977,LG-001086,Compensation Document,1,1,1,2021-06-06,2021-06-18,Verified
DOC-0010978,LG-001086,Survey Record,1,1,1,2021-06-05,2021-07-12,Verified
DOC-0010979,LG-001086,Compensation Document,1,1,1,2021-04-19,2021-05-03,Verified
DOC-0010980,LG-001086,Land Record,1,0,0,2021-05-05,,Submitted
DOC-0010981,LG-001086,Land Record,1,0,0,2021-05-14,,Submitted
DOC-0010982,LG-001086,Survey Record,1,1,0,2021-05-09,2021-06-06,Verified
DOC-0010983,LG-001086,Survey Record,1,0,1,2021-04-30,,Submitted
DOC-0010984,LG-001086,Ownership Proof,0,0,0,,,Pending
DOC-0010985,LG-001086,Ownership Proof,1,0,0,2021-05-01,,Submitted
DOC-0010986,LG-001086,Identity Document,1,1,1,2021-05-08,2021-06-04,Verified
DOC-0010987,LG-001087,Land Record,1,1,0,2022-11-28,2023-01-06,Verified
DOC-0010988,LG-001087,Compensation Document,1,1,0,2022-12-11,2022-12-30,Verified
DOC-0010989,LG-001087,Ownership Proof,1,0,1,2022-12-31,,Submitted
DOC-0010990,LG-001087,Ownership Proof,1,1,0,2022-12-15,2023-01-01,Verified
DOC-0010991,LG-001087,Survey Record,1,1,0,2022-11-27,2022-12-13,Verified
DOC-0010992,LG-001087,Survey Record,1,1,0,2023-01-05,2023-01-20,Verified
DOC-0010993,LG-001087,Compensation Document,1,1,1,2023-01-07,2023-01-30,Verified
DOC-0010994,LG-001087,Survey Record,1,1,1,2022-12-08,2023-01-08,Verified
DOC-0010995,LG-001087,Survey Record,1,0,1,2022-12-11,,Submitted
DOC-0010996,LG-001087,Survey Record,1,1,0,2022-12-21,2023-01-30,Verified
DOC-0010997,LG-001087,Identity Document,1,1,1,2023-01-13,2023-01-30,Verified
DOC-0010998,LG-001087,Survey Record,1,1,0,2022-12-06,2023-01-04,Verified
DOC-0010999,LG-001087,Land Record,1,1,1,2023-01-18,2023-01-31,Verified
DOC-0011000,LG-001087,Survey Record,1,1,1,2022-12-22,2023-01-16,Verified
DOC-0011001,LG-001088,Compensation Document,0,0,1,,,Pending
DOC-0011002,LG-001088,Survey Record,1,1,1,2023-08-15,2023-09-13,Verified
DOC-0011003,LG-001088,Identity Document,1,1,1,2023-07-14,2023-08-07,Verified
DOC-0011004,LG-001088,Identity Document,0,0,0,,,Pending
DOC-0011005,LG-001088,Ownership Proof,1,1,1,2023-06-28,2023-08-01,Verified
DOC-0011006,LG-001088,Identity Document,0,0,0,,,Pending
DOC-0011007,LG-001088,Identity Document,0,0,0,,,Pending
DOC-0011008,LG-001088,Identity Document,1,0,1,2023-07-21,,Submitted
DOC-0011009,LG-001089,Ownership Proof,1,1,0,2024-11-12,2024-12-17,Verified
DOC-0011010,LG-001089,Land Record,1,1,0,2024-11-10,2024-12-07,Verified
DOC-0011011,LG-001089,Land Record,1,1,0,2024-11-29,2024-12-13,Verified
DOC-0011012,LG-001089,Survey Record,1,1,0,2024-12-02,2025-01-09,Verified
DOC-0011013,LG-001089,Identity Document,1,1,0,2024-11-21,2024-12-08,Verified
DOC-0011014,LG-001090,Ownership Proof,1,1,1,2019-08-10,2019-09-15,Verified
DOC-0011015,LG-001090,Survey Record,1,1,1,2019-09-22,2019-10-09,Verified
DOC-0011016,LG-001090,Ownership Proof,1,1,0,2019-08-09,2019-09-01,Verified
DOC-0011017,LG-001090,Survey Record,1,1,1,2019-09-22,2019-10-25,Verified
DOC-0011018,LG-001090,Ownership Proof,1,1,1,2019-08-26,2019-10-04,Verified
DOC-0011019,LG-001090,Land Record,1,1,0,2019-09-17,2019-10-24,Verified
DOC-0011020,LG-001090,Compensation Document,1,0,1,2019-08-12,,Submitted
DOC-0011021,LG-001090,Compensation Document,1,1,0,2019-08-28,2019-10-01,Verified
DOC-0011022,LG-001090,Land Record,1,1,1,2019-08-11,2019-08-27,Verified
DOC-0011023,LG-001090,Identity Document,1,1,1,2019-09-13,2019-10-01,Verified
DOC-0011024,LG-001090,Identity Document,0,0,1,,,Pending
DOC-0011025,LG-001090,Compensation Document,1,1,0,2019-08-18,2019-09-18,Verified
DOC-0011026,LG-001090,Compensation Document,1,0,1,2019-07-31,,Submitted
DOC-0011027,LG-001090,Land Record,0,0,0,,,Pending
DOC-0011028,LG-001091,Compensation Document,1,0,1,2020-11-10,,Submitted
DOC-0011029,LG-001091,Identity Document,1,1,0,2020-11-14,2020-12-06,Verified
DOC-0011030,LG-001091,Survey Record,1,0,1,2020-10-12,,Submitted
DOC-0011031,LG-001091,Compensation Document,1,1,0,2020-11-09,2020-12-10,Verified
DOC-0011032,LG-001091,Ownership Proof,1,0,0,2020-10-04,,Submitted
DOC-0011033,LG-001091,Survey Record,1,1,0,2020-11-06,2020-12-16,Verified
DOC-0011034,LG-001091,Survey Record,1,1,0,2020-09-29,2020-10-09,Verified
DOC-0011035,LG-001091,Compensation Document,1,1,0,2020-10-21,2020-11-23,Verified
DOC-0011036,LG-001092,Ownership Proof,1,1,0,2020-10-07,2020-10-30,Verified
DOC-0011037,LG-001092,Survey Record,1,1,0,2020-09-19,2020-10-28,Verified
DOC-0011038,LG-001092,Compensation Document,0,0,0,,,Pending
DOC-0011039,LG-001092,Identity Document,1,1,0,2020-10-25,2020-12-04,Verified
DOC-0011040,LG-001092,Land Record,1,1,1,2020-09-29,2020-10-28,Verified
DOC-0011041,LG-001092,Ownership Proof,1,1,0,2020-10-06,2020-10-16,Verified
DOC-0011042,LG-001092,Identity Document,1,1,0,2020-10-14,2020-11-13,Verified
DOC-0011043,LG-001092,Land Record,1,1,0,2020-10-21,2020-11-08,Verified
DOC-0011044,LG-001092,Survey Record,1,0,0,2020-09-13,,Submitted
DOC-0011045,LG-001093,Compensation Document,1,1,0,2020-10-18,2020-11-11,Verified
DOC-0011046,LG-001093,Compensation Document,0,0,0,,,Pending
DOC-0011047,LG-001093,Land Record,1,1,0,2020-11-08,2020-12-10,Verified
DOC-0011048,LG-001093,Survey Record,1,1,0,2020-10-25,2020-11-06,Verified
DOC-0011049,LG-001093,Identity Document,1,1,0,2020-09-29,2020-10-27,Verified
DOC-0011050,LG-001093,Ownership Proof,1,0,1,2020-09-26,,Submitted
DOC-0011051,LG-001093,Ownership Proof,1,0,0,2020-09-26,,Submitted
DOC-0011052,LG-001093,Compensation Document,1,1,0,2020-10-24,2020-11-28,Verified
DOC-0011053,LG-001093,Land Record,1,0,0,2020-11-10,,Submitted
DOC-0011054,LG-001093,Ownership Proof,1,1,1,2020-11-15,2020-12-07,Verified
DOC-0011055,LG-001093,Identity Document,0,0,0,,,Pending
DOC-0011056,LG-001093,Land Record,1,1,1,2020-10-01,2020-11-07,Verified
DOC-0011057,LG-001094,Land Record,1,1,0,2022-02-14,2022-03-16,Verified
DOC-0011058,LG-001094,Survey Record,1,0,0,2022-02-10,,Submitted
DOC-0011059,LG-001094,Land Record,1,1,0,2022-02-08,2022-03-17,Verified
DOC-0011060,LG-001094,Survey Record,1,1,0,2022-02-27,2022-04-01,Verified
DOC-0011061,LG-001094,Identity Document,1,0,0,2022-02-15,,Submitted
DOC-0011062,LG-001094,Ownership Proof,0,0,0,,,Pending
DOC-0011063,LG-001094,Land Record,1,0,0,2022-02-19,,Submitted
DOC-0011064,LG-001094,Ownership Proof,1,0,0,2022-02-23,,Submitted
DOC-0011065,LG-001094,Ownership Proof,1,0,0,2022-02-16,,Submitted
DOC-0011066,LG-001094,Ownership Proof,1,1,0,2022-01-30,2022-02-17,Verified
DOC-0011067,LG-001094,Identity Document,1,0,0,2022-02-04,,Submitted
DOC-0011068,LG-001094,Survey Record,1,1,0,2022-02-05,2022-03-08,Verified
DOC-0011069,LG-001094,Survey Record,1,1,0,2022-02-18,2022-02-28,Verified
DOC-0011070,LG-001094,Land Record,1,0,0,2022-02-17,,Submitted
DOC-0011071,LG-001095,Ownership Proof,1,0,0,2022-05-17,,Submitted
DOC-0011072,LG-001095,Survey Record,0,0,1,,,Pending
DOC-0011073,LG-001095,Land Record,1,1,1,2022-04-21,2022-05-06,Verified
DOC-0011074,LG-001095,Identity Document,1,1,1,2022-05-08,2022-05-18,Verified
DOC-0011075,LG-001095,Identity Document,0,0,0,,,Pending
DOC-0011076,LG-001095,Compensation Document,0,0,1,,,Pending
DOC-0011077,LG-001095,Compensation Document,1,0,1,2022-05-26,,Submitted
DOC-0011078,LG-001095,Land Record,1,0,0,2022-06-03,,Submitted
DOC-0011079,LG-001095,Land Record,0,0,0,,,Pending
DOC-0011080,LG-001095,Identity Document,0,0,1,,,Pending
DOC-0011081,LG-001095,Compensation Document,0,0,1,,,Pending
DOC-0011082,LG-001095,Identity Document,1,1,1,2022-05-31,2022-07-03,Verified
DOC-0011083,LG-001095,Compensation Document,1,1,1,2022-05-26,2022-06-10,Verified
DOC-0011084,LG-001095,Survey Record,1,0,0,2022-04-17,,Submitted
DOC-0011085,LG-001096,Land Record,0,0,1,,,Pending
DOC-0011086,LG-001096,Identity Document,1,1,0,2023-11-27,2024-01-05,Verified
DOC-0011087,LG-001096,Ownership Proof,1,1,1,2023-12-12,2023-12-28,Verified
DOC-0011088,LG-001096,Identity Document,0,0,1,,,Pending
DOC-0011089,LG-001096,Compensation Document,1,1,0,2024-01-09,2024-02-10,Verified
DOC-0011090,LG-001096,Identity Document,1,1,0,2023-12-10,2024-01-14,Verified
DOC-0011091,LG-001096,Identity Document,1,1,1,2023-12-09,2024-01-17,Verified
DOC-0011092,LG-001096,Ownership Proof,1,1,1,2023-12-14,2024-01-02,Verified
DOC-0011093,LG-001096,Compensation Document,1,1,1,2023-12-13,2024-01-09,Verified
DOC-0011094,LG-001097,Ownership Proof,1,1,1,2018-10-14,2018-11-05,Verified
DOC-0011095,LG-001097,Land Record,1,1,0,2018-11-18,2018-12-05,Verified
DOC-0011096,LG-001097,Land Record,1,0,0,2018-11-05,,Submitted
DOC-0011097,LG-001097,Land Record,1,0,1,2018-10-27,,Submitted
DOC-0011098,LG-001097,Survey Record,0,0,1,,,Pending
DOC-0011099,LG-001097,Ownership Proof,1,1,0,2018-11-12,2018-12-10,Verified
DOC-0011100,LG-001098,Land Record,1,1,0,2023-12-23,2024-01-21,Verified
DOC-0011101,LG-001098,Compensation Document,1,1,0,2023-12-30,2024-01-25,Verified
DOC-0011102,LG-001098,Compensation Document,1,1,0,2024-01-29,2024-03-09,Verified
DOC-0011103,LG-001098,Ownership Proof,1,0,0,2024-01-30,,Submitted
DOC-0011104,LG-001098,Compensation Document,1,0,1,2024-01-16,,Submitted
DOC-0011105,LG-001098,Ownership Proof,1,1,0,2024-01-19,2024-02-05,Verified
DOC-0011106,LG-001098,Ownership Proof,1,1,0,2024-02-01,2024-03-10,Verified
DOC-0011107,LG-001098,Identity Document,1,0,0,2023-12-12,,Submitted
DOC-0011108,LG-001099,Ownership Proof,0,0,0,,,Pending
DOC-0011109,LG-001099,Survey Record,1,1,1,2023-05-26,2023-07-04,Verified
DOC-0011110,LG-001099,Compensation Document,1,1,1,2023-06-12,2023-07-21,Verified
DOC-0011111,LG-001099,Compensation Document,1,1,0,2023-04-28,2023-05-20,Verified
DOC-0011112,LG-001099,Land Record,1,0,1,2023-05-18,,Submitted
DOC-0011113,LG-001099,Identity Document,1,0,1,2023-05-24,,Submitted
DOC-0011114,LG-001099,Ownership Proof,1,1,1,2023-06-02,2023-07-02,Verified
DOC-0011115,LG-001099,Identity Document,1,1,1,2023-06-16,2023-07-08,Verified
DOC-0011116,LG-001100,Compensation Document,1,1,0,2018-03-16,2018-04-18,Verified
DOC-0011117,LG-001100,Identity Document,1,1,0,2018-02-27,2018-03-18,Verified
DOC-0011118,LG-001100,Identity Document,1,1,0,2018-03-18,2018-04-04,Verified
DOC-0011119,LG-001100,Compensation Document,1,1,0,2018-03-10,2018-04-12,Verified
DOC-0011120,LG-001100,Ownership Proof,1,1,0,2018-03-27,2018-04-11,Verified
DOC-0011121,LG-001100,Compensation Document,1,1,0,2018-04-09,2018-04-28,Verified
DOC-0011122,LG-001100,Ownership Proof,1,0,0,2018-02-16,,Submitted
DOC-0011123,LG-001100,Compensation Document,1,1,1,2018-04-08,2018-05-14,Verified
DOC-0011124,LG-001100,Land Record,1,0,0,2018-03-07,,Submitted
DOC-0011125,LG-001100,Ownership Proof,1,1,0,2018-02-13,2018-03-05,Verified
DOC-0011126,LG-001100,Land Record,1,0,0,2018-03-04,,Submitted
DOC-0011127,LG-001100,Ownership Proof,1,0,0,2018-04-06,,Submitted
DOC-0011128,LG-001100,Ownership Proof,1,1,0,2018-03-24,2018-04-12,Verified
DOC-0011129,LG-001100,Compensation Document,1,1,0,2018-02-24,2018-03-26,Verified
DOC-0011130,LG-001100,Identity Document,1,1,0,2018-03-17,2018-04-19,Verified
DOC-0011131,LG-001101,Land Record,1,1,1,2024-11-03,2024-12-09,Verified
DOC-0011132,LG-001101,Compensation Document,1,0,0,2024-11-18,,Submitted
DOC-0011133,LG-001101,Land Record,1,1,0,2024-11-03,2024-11-17,Verified
DOC-0011134,LG-001101,Land Record,1,1,0,2024-11-29,2024-12-28,Verified
DOC-0011135,LG-001101,Ownership Proof,1,1,1,2024-11-05,2024-12-08,Verified
DOC-0011136,LG-001101,Survey Record,1,1,1,2024-10-27,2024-11-30,Verified
DOC-0011137,LG-001101,Compensation Document,1,1,0,2024-11-11,2024-12-06,Verified
DOC-0011138,LG-001102,Compensation Document,1,1,0,2023-11-23,2023-12-25,Verified
DOC-0011139,LG-001102,Identity Document,0,0,0,,,Pending
DOC-0011140,LG-001102,Ownership Proof,0,0,1,,,Pending
DOC-0011141,LG-001102,Survey Record,1,1,0,2023-11-18,2023-12-09,Verified
DOC-0011142,LG-001102,Survey Record,1,0,0,2023-10-26,,Submitted
DOC-0011143,LG-001102,Ownership Proof,1,0,1,2023-11-09,,Submitted
DOC-0011144,LG-001102,Identity Document,0,0,0,,,Pending
DOC-0011145,LG-001102,Compensation Document,0,0,0,,,Pending
DOC-0011146,LG-001103,Land Record,1,0,1,2021-11-28,,Submitted
DOC-0011147,LG-001103,Compensation Document,1,0,0,2021-12-07,,Submitted
DOC-0011148,LG-001103,Compensation Document,1,0,1,2021-12-05,,Submitted
DOC-0011149,LG-001103,Survey Record,1,0,0,2021-12-27,,Submitted
DOC-0011150,LG-001103,Land Record,1,1,0,2021-12-07,2021-12-18,Verified
DOC-0011151,LG-001103,Ownership Proof,1,0,0,2021-11-21,,Submitted
DOC-0011152,LG-001103,Land Record,1,1,0,2021-12-10,2021-12-22,Verified
DOC-0011153,LG-001103,Identity Document,1,1,0,2022-01-07,2022-02-03,Verified
DOC-0011154,LG-001103,Survey Record,1,0,0,2021-11-20,,Submitted
DOC-0011155,LG-001103,Compensation Document,1,1,0,2021-12-24,2022-01-25,Verified
DOC-0011156,LG-001103,Land Record,1,1,0,2022-01-02,2022-02-05,Verified
DOC-0011157,LG-001104,Identity Document,1,1,1,2022-12-08,2023-01-03,Verified
DOC-0011158,LG-001104,Survey Record,1,1,0,2023-01-02,2023-01-20,Verified
DOC-0011159,LG-001104,Survey Record,0,0,0,,,Pending
DOC-0011160,LG-001104,Survey Record,1,1,0,2022-12-22,2023-01-02,Verified
DOC-0011161,LG-001104,Survey Record,1,0,1,2023-01-09,,Submitted
DOC-0011162,LG-001104,Compensation Document,1,0,0,2023-01-05,,Submitted
DOC-0011163,LG-001104,Survey Record,1,1,0,2023-01-14,2023-01-25,Verified
DOC-0011164,LG-001104,Survey Record,1,1,1,2022-12-07,2022-12-31,Verified
DOC-0011165,LG-001104,Survey Record,1,1,1,2023-01-12,2023-02-08,Verified
DOC-0011166,LG-001104,Land Record,1,1,1,2023-01-06,2023-01-28,Verified
DOC-0011167,LG-001105,Survey Record,1,1,0,2024-05-13,2024-06-04,Verified
DOC-0011168,LG-001105,Survey Record,1,1,0,2024-05-14,2024-06-08,Verified
DOC-0011169,LG-001105,Compensation Document,1,1,1,2024-05-23,2024-06-23,Verified
DOC-0011170,LG-001105,Ownership Proof,1,1,0,2024-04-24,2024-05-15,Verified
DOC-0011171,LG-001105,Ownership Proof,1,1,0,2024-06-13,2024-07-06,Verified
DOC-0011172,LG-001105,Ownership Proof,1,0,0,2024-06-04,,Submitted
DOC-0011173,LG-001105,Ownership Proof,1,1,0,2024-04-28,2024-05-26,Verified
DOC-0011174,LG-001106,Compensation Document,1,1,0,2023-08-25,2023-10-01,Verified
DOC-0011175,LG-001106,Compensation Document,1,1,0,2023-09-12,2023-09-27,Verified
DOC-0011176,LG-001106,Compensation Document,1,0,0,2023-08-01,,Submitted
DOC-0011177,LG-001106,Ownership Proof,1,0,0,2023-09-08,,Submitted
DOC-0011178,LG-001106,Survey Record,1,1,0,2023-09-01,2023-10-05,Verified
DOC-0011179,LG-001106,Compensation Document,1,0,0,2023-08-10,,Submitted
DOC-0011180,LG-001106,Ownership Proof,0,0,0,,,Pending
DOC-0011181,LG-001106,Survey Record,1,1,0,2023-07-31,2023-09-02,Verified
DOC-0011182,LG-001106,Compensation Document,1,0,0,2023-09-06,,Submitted
DOC-0011183,LG-001106,Compensation Document,1,1,0,2023-08-02,2023-08-24,Verified
DOC-0011184,LG-001106,Ownership Proof,1,1,0,2023-08-02,2023-08-29,Verified
DOC-0011185,LG-001106,Land Record,1,1,0,2023-09-05,2023-10-04,Verified
DOC-0011186,LG-001106,Land Record,1,1,0,2023-08-16,2023-09-08,Verified
DOC-0011187,LG-001106,Ownership Proof,1,1,0,2023-08-10,2023-09-16,Verified
DOC-0011188,LG-001107,Compensation Document,1,0,0,2022-02-17,,Submitted
DOC-0011189,LG-001107,Survey Record,0,0,0,,,Pending
DOC-0011190,LG-001107,Identity Document,1,1,1,2022-01-11,2022-01-25,Verified
DOC-0011191,LG-001107,Survey Record,1,1,1,2021-12-28,2022-01-25,Verified
DOC-0011192,LG-001107,Compensation Document,0,0,1,,,Pending
DOC-0011193,LG-001107,Ownership Proof,1,0,1,2022-01-02,,Submitted
DOC-0011194,LG-001107,Land Record,1,1,0,2022-01-05,2022-01-22,Verified
DOC-0011195,LG-001107,Ownership Proof,1,1,0,2022-01-04,2022-02-05,Verified
DOC-0011196,LG-001107,Compensation Document,1,1,0,2022-01-10,2022-02-16,Verified
DOC-0011197,LG-001107,Compensation Document,1,0,0,2022-01-28,,Submitted
DOC-0011198,LG-001107,Survey Record,1,1,0,2022-01-23,2022-02-14,Verified
DOC-0011199,LG-001107,Land Record,1,1,1,2021-12-26,2022-01-06,Verified
DOC-0011200,LG-001107,Land Record,1,1,0,2022-01-09,2022-01-26,Verified
DOC-0011201,LG-001107,Land Record,0,0,1,,,Pending
DOC-0011202,LG-001108,Compensation Document,1,1,0,2022-05-31,2022-06-22,Verified
DOC-0011203,LG-001108,Survey Record,1,1,0,2022-04-27,2022-05-16,Verified
DOC-0011204,LG-001108,Survey Record,0,0,1,,,Pending
DOC-0011205,LG-001108,Ownership Proof,0,0,1,,,Pending
DOC-0011206,LG-001108,Survey Record,1,0,0,2022-05-31,,Submitted
DOC-0011207,LG-001108,Survey Record,1,1,0,2022-05-20,2022-06-17,Verified
DOC-0011208,LG-001108,Land Record,1,0,1,2022-05-25,,Submitted
DOC-0011209,LG-001108,Land Record,0,0,1,,,Pending
DOC-0011210,LG-001108,Survey Record,1,0,1,2022-05-10,,Submitted
DOC-0011211,LG-001108,Survey Record,1,1,0,2022-05-25,2022-06-12,Verified
DOC-0011212,LG-001109,Identity Document,1,1,0,2021-02-17,2021-03-19,Verified
DOC-0011213,LG-001109,Identity Document,1,1,0,2021-03-19,2021-04-20,Verified
DOC-0011214,LG-001109,Land Record,1,0,0,2021-02-06,,Submitted
DOC-0011215,LG-001109,Land Record,1,0,1,2021-02-26,,Submitted
DOC-0011216,LG-001109,Survey Record,1,1,0,2021-02-12,2021-02-28,Verified
DOC-0011217,LG-001110,Identity Document,1,1,0,2023-02-20,2023-03-17,Verified
DOC-0011218,LG-001110,Land Record,1,1,0,2023-02-17,2023-03-26,Verified
DOC-0011219,LG-001110,Survey Record,1,1,0,2023-02-13,2023-03-01,Verified
DOC-0011220,LG-001110,Land Record,1,1,0,2023-02-15,2023-03-17,Verified
DOC-0011221,LG-001110,Land Record,1,0,0,2023-02-06,,Submitted
DOC-0011222,LG-001110,Compensation Document,1,1,0,2023-02-13,2023-02-25,Verified
DOC-0011223,LG-001110,Identity Document,1,1,0,2023-03-01,2023-03-25,Verified
DOC-0011224,LG-001110,Compensation Document,1,1,0,2023-01-13,2023-01-27,Verified
DOC-0011225,LG-001111,Survey Record,1,1,1,2024-06-05,2024-07-08,Verified
DOC-0011226,LG-001111,Ownership Proof,0,0,1,,,Pending
DOC-0011227,LG-001111,Ownership Proof,1,1,0,2024-05-31,2024-06-19,Verified
DOC-0011228,LG-001111,Identity Document,0,0,1,,,Pending
DOC-0011229,LG-001111,Identity Document,1,1,1,2024-05-28,2024-06-21,Verified
DOC-0011230,LG-001111,Survey Record,1,1,1,2024-05-23,2024-06-05,Verified
DOC-0011231,LG-001111,Survey Record,0,0,0,,,Pending
DOC-0011232,LG-001111,Compensation Document,1,0,1,2024-06-15,,Submitted
DOC-0011233,LG-001111,Compensation Document,0,0,1,,,Pending
DOC-0011234,LG-001111,Ownership Proof,0,0,0,,,Pending
DOC-0011235,LG-001111,Land Record,0,0,0,,,Pending
DOC-0011236,LG-001111,Ownership Proof,1,0,1,2024-05-03,,Submitted
DOC-0011237,LG-001111,Ownership Proof,1,0,1,2024-06-05,,Submitted
DOC-0011238,LG-001111,Survey Record,1,0,0,2024-05-11,,Submitted
DOC-0011239,LG-001112,Compensation Document,1,0,1,2020-04-03,,Submitted
DOC-0011240,LG-001112,Ownership Proof,0,0,0,,,Pending
DOC-0011241,LG-001112,Compensation Document,0,0,1,,,Pending
DOC-0011242,LG-001112,Survey Record,0,0,1,,,Pending
DOC-0011243,LG-001112,Identity Document,1,1,0,2020-05-15,2020-05-25,Verified
DOC-0011244,LG-001112,Land Record,1,1,0,2020-04-22,2020-05-15,Verified
DOC-0011245,LG-001112,Identity Document,0,0,1,,,Pending
DOC-0011246,LG-001112,Compensation Document,1,1,0,2020-05-02,2020-06-05,Verified
DOC-0011247,LG-001112,Ownership Proof,1,1,0,2020-04-29,2020-05-31,Verified
DOC-0011248,LG-001112,Ownership Proof,1,1,0,2020-05-03,2020-05-17,Verified
DOC-0011249,LG-001112,Survey Record,1,0,0,2020-04-02,,Submitted
DOC-0011250,LG-001113,Survey Record,0,0,0,,,Pending
DOC-0011251,LG-001113,Ownership Proof,1,1,0,2021-10-19,2021-11-05,Verified
DOC-0011252,LG-001113,Ownership Proof,1,1,0,2021-10-13,2021-11-07,Verified
DOC-0011253,LG-001113,Land Record,1,0,1,2021-09-17,,Submitted
DOC-0011254,LG-001113,Ownership Proof,1,1,0,2021-10-14,2021-11-09,Verified
DOC-0011255,LG-001113,Identity Document,1,1,1,2021-10-13,2021-11-17,Verified
DOC-0011256,LG-001113,Identity Document,0,0,1,,,Pending
DOC-0011257,LG-001113,Compensation Document,1,1,1,2021-11-01,2021-12-02,Verified
DOC-0011258,LG-001113,Compensation Document,1,0,0,2021-10-19,,Submitted
DOC-0011259,LG-001113,Survey Record,1,0,0,2021-10-11,,Submitted
DOC-0011260,LG-001114,Compensation Document,1,0,0,2019-10-10,,Submitted
DOC-0011261,LG-001114,Compensation Document,1,0,0,2019-10-11,,Submitted
DOC-0011262,LG-001114,Ownership Proof,1,1,0,2019-11-16,2019-12-15,Verified
DOC-0011263,LG-001114,Identity Document,1,0,0,2019-10-11,,Submitted
DOC-0011264,LG-001114,Land Record,1,1,0,2019-11-13,2019-12-11,Verified
DOC-0011265,LG-001114,Compensation Document,1,1,0,2019-10-27,2019-11-12,Verified
DOC-0011266,LG-001114,Ownership Proof,1,0,0,2019-11-25,,Submitted
DOC-0011267,LG-001114,Land Record,1,1,0,2019-10-20,2019-11-06,Verified
DOC-0011268,LG-001114,Land Record,1,1,0,2019-10-09,2019-11-05,Verified
DOC-0011269,LG-001114,Ownership Proof,1,0,0,2019-11-12,,Submitted
DOC-0011270,LG-001114,Identity Document,1,0,0,2019-11-13,,Submitted
DOC-0011271,LG-001114,Survey Record,1,1,1,2019-11-30,2020-01-01,Verified
DOC-0011272,LG-001114,Ownership Proof,1,1,0,2019-10-13,2019-11-02,Verified
DOC-0011273,LG-001114,Ownership Proof,1,1,0,2019-10-14,2019-11-05,Verified
DOC-0011274,LG-001115,Survey Record,1,1,0,2024-03-21,2024-04-20,Verified
DOC-0011275,LG-001115,Identity Document,1,0,0,2024-02-14,,Submitted
DOC-0011276,LG-001115,Compensation Document,1,1,0,2024-03-07,2024-04-07,Verified
DOC-0011277,LG-001115,Land Record,1,1,0,2024-03-14,2024-04-21,Verified
DOC-0011278,LG-001115,Identity Document,1,1,0,2024-03-31,2024-04-17,Verified
DOC-0011279,LG-001115,Ownership Proof,1,1,0,2024-02-18,2024-03-20,Verified
DOC-0011280,LG-001115,Survey Record,1,1,0,2024-02-26,2024-03-22,Verified
DOC-0011281,LG-001115,Identity Document,1,1,0,2024-03-20,2024-04-27,Verified
DOC-0011282,LG-001115,Land Record,1,1,0,2024-03-11,2024-03-29,Verified
DOC-0011283,LG-001116,Land Record,1,1,0,2023-02-03,2023-02-17,Verified
DOC-0011284,LG-001116,Survey Record,0,0,0,,,Pending
DOC-0011285,LG-001116,Identity Document,1,1,0,2023-01-03,2023-01-30,Verified
DOC-0011286,LG-001116,Ownership Proof,1,0,1,2023-01-25,,Submitted
DOC-0011287,LG-001116,Identity Document,1,0,0,2023-01-25,,Submitted
DOC-0011288,LG-001116,Land Record,1,1,0,2022-12-27,2023-02-04,Verified
DOC-0011289,LG-001116,Land Record,1,1,0,2023-02-10,2023-03-09,Verified
DOC-0011290,LG-001116,Survey Record,1,1,0,2023-02-11,2023-02-26,Verified
DOC-0011291,LG-001116,Identity Document,1,1,0,2023-02-12,2023-03-10,Verified
DOC-0011292,LG-001116,Ownership Proof,1,1,0,2023-01-22,2023-02-04,Verified
DOC-0011293,LG-001116,Survey Record,1,0,0,2023-02-14,,Submitted
DOC-0011294,LG-001117,Identity Document,1,1,0,2018-10-29,2018-11-22,Verified
DOC-0011295,LG-001117,Compensation Document,1,1,0,2018-10-07,2018-11-13,Verified
DOC-0011296,LG-001117,Compensation Document,1,1,0,2018-10-07,2018-11-04,Verified
DOC-0011297,LG-001117,Survey Record,1,1,0,2018-10-27,2018-12-01,Verified
DOC-0011298,LG-001117,Ownership Proof,1,1,0,2018-10-17,2018-10-30,Verified
DOC-0011299,LG-001117,Land Record,1,0,0,2018-11-22,,Submitted
DOC-0011300,LG-001117,Ownership Proof,1,0,0,2018-11-04,,Submitted
DOC-0011301,LG-001117,Survey Record,1,1,0,2018-11-18,2018-12-11,Verified
DOC-0011302,LG-001117,Land Record,1,1,0,2018-11-11,2018-12-12,Verified
DOC-0011303,LG-001117,Compensation Document,1,1,0,2018-11-15,2018-12-22,Verified
DOC-0011304,LG-001117,Survey Record,1,1,0,2018-11-05,2018-11-30,Verified
DOC-0011305,LG-001117,Compensation Document,1,1,0,2018-11-10,2018-12-14,Verified
DOC-0011306,LG-001117,Survey Record,1,1,0,2018-10-09,2018-10-29,Verified
DOC-0011307,LG-001117,Identity Document,1,1,0,2018-11-02,2018-11-26,Verified
DOC-0011308,LG-001118,Ownership Proof,1,1,1,2018-08-11,2018-08-28,Verified
DOC-0011309,LG-001118,Compensation Document,1,1,0,2018-08-24,2018-09-09,Verified
DOC-0011310,LG-001118,Survey Record,0,0,0,,,Pending
DOC-0011311,LG-001118,Compensation Document,1,1,1,2018-08-28,2018-09-08,Verified
DOC-0011312,LG-001118,Survey Record,1,0,0,2018-09-01,,Submitted
DOC-0011313,LG-001118,Ownership Proof,1,0,0,2018-07-18,,Submitted
DOC-0011314,LG-001118,Ownership Proof,1,1,0,2018-07-30,2018-08-14,Verified
DOC-0011315,LG-001118,Compensation Document,1,0,1,2018-08-04,,Submitted
DOC-0011316,LG-001118,Compensation Document,1,1,1,2018-08-28,2018-09-15,Verified
DOC-0011317,LG-001118,Ownership Proof,1,1,0,2018-09-09,2018-10-17,Verified
DOC-0011318,LG-001118,Compensation Document,0,0,1,,,Pending
DOC-0011319,LG-001118,Land Record,0,0,0,,,Pending
DOC-0011320,LG-001119,Compensation Document,1,1,0,2024-12-15,2024-12-26,Verified
DOC-0011321,LG-001119,Compensation Document,1,0,0,2024-11-30,,Submitted
DOC-0011322,LG-001119,Ownership Proof,1,0,0,2025-01-20,,Submitted
DOC-0011323,LG-001119,Survey Record,1,1,0,2025-01-02,2025-01-22,Verified
DOC-0011324,LG-001119,Land Record,1,0,0,2024-12-09,,Submitted
DOC-0011325,LG-001119,Identity Document,1,1,0,2024-11-30,2024-12-20,Verified
DOC-0011326,LG-001119,Ownership Proof,1,1,0,2024-12-30,2025-02-08,Verified
DOC-0011327,LG-001119,Identity Document,1,1,0,2024-12-25,2025-01-21,Verified
DOC-0011328,LG-001119,Survey Record,1,1,0,2024-12-08,2025-01-03,Verified
DOC-0011329,LG-001119,Land Record,1,1,0,2024-12-01,2025-01-04,Verified
DOC-0011330,LG-001119,Land Record,1,1,0,2025-01-08,2025-01-29,Verified
DOC-0011331,LG-001119,Survey Record,1,1,0,2024-12-22,2025-01-13,Verified
DOC-0011332,LG-001120,Identity Document,1,0,0,2023-07-01,,Submitted
DOC-0011333,LG-001120,Compensation Document,1,1,0,2023-05-14,2023-05-30,Verified
DOC-0011334,LG-001120,Compensation Document,1,1,0,2023-06-05,2023-07-03,Verified
DOC-0011335,LG-001120,Compensation Document,1,0,0,2023-06-09,,Submitted
DOC-0011336,LG-001120,Survey Record,0,0,1,,,Pending
DOC-0011337,LG-001120,Ownership Proof,1,1,0,2023-06-07,2023-07-13,Verified
DOC-0011338,LG-001120,Survey Record,1,0,0,2023-05-23,,Submitted
DOC-0011339,LG-001120,Identity Document,1,1,0,2023-05-09,2023-06-04,Verified
DOC-0011340,LG-001120,Survey Record,1,0,1,2023-05-11,,Submitted
DOC-0011341,LG-001120,Land Record,1,0,0,2023-05-27,,Submitted
DOC-0011342,LG-001120,Land Record,0,0,0,,,Pending
DOC-0011343,LG-001120,Land Record,1,1,0,2023-05-25,2023-06-23,Verified
DOC-0011344,LG-001120,Compensation Document,1,0,0,2023-06-19,,Submitted
DOC-0011345,LG-001120,Ownership Proof,1,0,0,2023-06-07,,Submitted
DOC-0011346,LG-001121,Identity Document,1,0,0,2018-07-28,,Submitted
DOC-0011347,LG-001121,Identity Document,1,1,0,2018-07-17,2018-08-13,Verified
DOC-0011348,LG-001121,Compensation Document,1,1,0,2018-06-20,2018-07-16,Verified
DOC-0011349,LG-001121,Survey Record,1,1,0,2018-08-02,2018-08-22,Verified
DOC-0011350,LG-001121,Survey Record,1,1,0,2018-06-27,2018-07-30,Verified
DOC-0011351,LG-001121,Land Record,1,1,1,2018-08-09,2018-08-24,Verified
DOC-0011352,LG-001121,Identity Document,1,1,0,2018-07-11,2018-07-23,Verified
DOC-0011353,LG-001121,Compensation Document,1,0,0,2018-07-31,,Submitted
DOC-0011354,LG-001121,Identity Document,1,0,0,2018-08-05,,Submitted
DOC-0011355,LG-001121,Identity Document,1,0,0,2018-07-04,,Submitted
DOC-0011356,LG-001122,Compensation Document,1,1,0,2018-07-20,2018-08-07,Verified
DOC-0011357,LG-001122,Land Record,1,1,0,2018-08-06,2018-08-30,Verified
DOC-0011358,LG-001122,Survey Record,1,1,1,2018-07-22,2018-08-28,Verified
DOC-0011359,LG-001122,Compensation Document,1,0,0,2018-07-15,,Submitted
DOC-0011360,LG-001122,Land Record,1,1,0,2018-08-05,2018-08-30,Verified
DOC-0011361,LG-001122,Identity Document,1,0,0,2018-07-30,,Submitted
DOC-0011362,LG-001123,Identity Document,1,1,0,2018-04-19,2018-05-10,Verified
DOC-0011363,LG-001123,Compensation Document,1,1,0,2018-04-22,2018-05-12,Verified
DOC-0011364,LG-001123,Identity Document,1,1,0,2018-03-07,2018-04-01,Verified
DOC-0011365,LG-001123,Ownership Proof,1,1,1,2018-04-25,2018-05-06,Verified
DOC-0011366,LG-001123,Ownership Proof,1,1,0,2018-03-11,2018-04-06,Verified
DOC-0011367,LG-001123,Survey Record,1,0,0,2018-03-30,,Submitted
DOC-0011368,LG-001123,Ownership Proof,1,0,0,2018-04-13,,Submitted
DOC-0011369,LG-001123,Land Record,1,1,0,2018-04-27,2018-05-25,Verified
DOC-0011370,LG-001123,Survey Record,0,0,1,,,Pending
DOC-0011371,LG-001123,Land Record,1,1,0,2018-04-20,2018-05-01,Verified
DOC-0011372,LG-001123,Survey Record,1,1,0,2018-04-08,2018-04-23,Verified
DOC-0011373,LG-001123,Ownership Proof,1,0,0,2018-03-30,,Submitted
DOC-0011374,LG-001123,Identity Document,1,1,0,2018-04-27,2018-06-06,Verified
DOC-0011375,LG-001123,Identity Document,1,1,0,2018-04-16,2018-04-30,Verified
DOC-0011376,LG-001124,Land Record,1,0,0,2023-04-14,,Submitted
DOC-0011377,LG-001124,Compensation Document,0,0,1,,,Pending
DOC-0011378,LG-001124,Survey Record,1,1,0,2023-04-23,2023-05-29,Verified
DOC-0011379,LG-001124,Compensation Document,1,1,1,2023-05-08,2023-05-29,Verified
DOC-0011380,LG-001124,Survey Record,1,1,0,2023-04-22,2023-05-29,Verified
DOC-0011381,LG-001124,Identity Document,1,1,0,2023-03-29,2023-05-01,Verified
DOC-0011382,LG-001124,Identity Document,1,1,0,2023-04-14,2023-05-24,Verified
DOC-0011383,LG-001124,Compensation Document,1,0,0,2023-04-24,,Submitted
DOC-0011384,LG-001124,Identity Document,0,0,0,,,Pending
DOC-0011385,LG-001124,Compensation Document,1,1,1,2023-05-07,2023-06-09,Verified
DOC-0011386,LG-001124,Identity Document,1,1,0,2023-03-24,2023-04-18,Verified
DOC-0011387,LG-001124,Identity Document,1,1,0,2023-04-30,2023-05-10,Verified
DOC-0011388,LG-001124,Survey Record,1,0,0,2023-03-20,,Submitted
DOC-0011389,LG-001124,Ownership Proof,1,1,1,2023-04-06,2023-04-27,Verified
DOC-0011390,LG-001125,Ownership Proof,1,1,0,2018-08-03,2018-08-16,Verified
DOC-0011391,LG-001125,Compensation Document,1,0,0,2018-08-12,,Submitted
DOC-0011392,LG-001125,Identity Document,1,0,0,2018-07-12,,Submitted
DOC-0011393,LG-001125,Ownership Proof,1,0,0,2018-08-30,,Submitted
DOC-0011394,LG-001125,Land Record,1,1,0,2018-09-02,2018-10-02,Verified
DOC-0011395,LG-001126,Land Record,1,1,1,2019-06-11,2019-07-11,Verified
DOC-0011396,LG-001126,Land Record,1,1,0,2019-05-04,2019-05-31,Verified
DOC-0011397,LG-001126,Land Record,0,0,0,,,Pending
DOC-0011398,LG-001126,Ownership Proof,1,1,0,2019-05-05,2019-05-28,Verified
DOC-0011399,LG-001126,Ownership Proof,1,1,0,2019-06-10,2019-07-06,Verified
DOC-0011400,LG-001126,Identity Document,1,1,0,2019-06-20,2019-07-01,Verified
DOC-0011401,LG-001126,Survey Record,1,1,0,2019-05-19,2019-05-29,Verified
DOC-0011402,LG-001126,Ownership Proof,1,1,0,2019-05-11,2019-06-15,Verified
DOC-0011403,LG-001126,Compensation Document,1,0,0,2019-05-15,,Submitted
DOC-0011404,LG-001126,Survey Record,1,1,0,2019-05-13,2019-06-19,Verified
DOC-0011405,LG-001127,Compensation Document,1,1,0,2023-08-23,2023-09-29,Verified
DOC-0011406,LG-001127,Compensation Document,1,0,1,2023-08-09,,Submitted
DOC-0011407,LG-001127,Ownership Proof,1,1,0,2023-09-01,2023-10-02,Verified
DOC-0011408,LG-001127,Identity Document,1,1,0,2023-08-13,2023-08-30,Verified
DOC-0011409,LG-001127,Survey Record,1,0,0,2023-07-15,,Submitted
DOC-0011410,LG-001127,Compensation Document,1,1,0,2023-08-15,2023-08-27,Verified
DOC-0011411,LG-001127,Land Record,1,1,0,2023-08-21,2023-09-07,Verified
DOC-0011412,LG-001127,Ownership Proof,0,0,0,,,Pending
DOC-0011413,LG-001127,Land Record,1,1,0,2023-07-15,2023-08-14,Verified
DOC-0011414,LG-001127,Ownership Proof,1,0,0,2023-07-27,,Submitted
DOC-0011415,LG-001127,Survey Record,1,1,0,2023-07-11,2023-08-18,Verified
DOC-0011416,LG-001127,Land Record,1,1,0,2023-08-19,2023-09-21,Verified
DOC-0011417,LG-001127,Compensation Document,0,0,0,,,Pending
DOC-0011418,LG-001127,Identity Document,1,0,0,2023-07-28,,Submitted
DOC-0011419,LG-001128,Survey Record,1,1,0,2021-09-10,2021-09-20,Verified
DOC-0011420,LG-001128,Compensation Document,1,1,0,2021-09-05,2021-10-08,Verified
DOC-0011421,LG-001128,Survey Record,1,0,0,2021-10-15,,Submitted
DOC-0011422,LG-001128,Compensation Document,1,1,0,2021-10-19,2021-10-31,Verified
DOC-0011423,LG-001128,Land Record,1,1,0,2021-09-02,2021-10-12,Verified
DOC-0011424,LG-001128,Ownership Proof,0,0,0,,,Pending
DOC-0011425,LG-001128,Compensation Document,1,1,0,2021-10-02,2021-10-22,Verified
DOC-0011426,LG-001128,Land Record,1,0,0,2021-09-09,,Submitted
DOC-0011427,LG-001129,Identity Document,1,1,0,2018-03-09,2018-04-06,Verified
DOC-0011428,LG-001129,Compensation Document,1,1,0,2018-03-07,2018-04-03,Verified
DOC-0011429,LG-001129,Ownership Proof,1,1,0,2018-04-12,2018-04-22,Verified
DOC-0011430,LG-001129,Identity Document,1,1,0,2018-04-25,2018-06-04,Verified
DOC-0011431,LG-001129,Identity Document,1,0,0,2018-04-16,,Submitted
DOC-0011432,LG-001130,Identity Document,1,0,0,2024-02-13,,Submitted
DOC-0011433,LG-001130,Ownership Proof,1,1,0,2024-02-18,2024-03-05,Verified
DOC-0011434,LG-001130,Compensation Document,1,1,0,2024-02-25,2024-03-14,Verified
DOC-0011435,LG-001130,Survey Record,0,0,0,,,Pending
DOC-0011436,LG-001130,Land Record,1,0,0,2024-02-11,,Submitted
DOC-0011437,LG-001130,Identity Document,1,0,0,2024-03-05,,Submitted
DOC-0011438,LG-001130,Survey Record,1,0,0,2024-03-07,,Submitted
DOC-0011439,LG-001130,Land Record,1,1,0,2024-03-11,2024-03-23,Verified
DOC-0011440,LG-001131,Identity Document,1,0,0,2021-03-15,,Submitted
DOC-0011441,LG-001131,Identity Document,1,0,0,2021-04-09,,Submitted
DOC-0011442,LG-001131,Ownership Proof,1,1,0,2021-03-20,2021-04-29,Verified
DOC-0011443,LG-001131,Identity Document,1,1,0,2021-03-22,2021-04-06,Verified
DOC-0011444,LG-001131,Ownership Proof,1,1,0,2021-05-06,2021-06-03,Verified
DOC-0011445,LG-001131,Ownership Proof,1,1,0,2021-04-09,2021-05-10,Verified
DOC-0011446,LG-001131,Identity Document,1,1,0,2021-04-18,2021-05-15,Verified
DOC-0011447,LG-001131,Survey Record,1,1,1,2021-03-29,2021-04-28,Verified
DOC-0011448,LG-001131,Compensation Document,1,1,0,2021-04-13,2021-04-28,Verified
DOC-0011449,LG-001132,Ownership Proof,1,1,0,2022-10-22,2022-11-09,Verified
DOC-0011450,LG-001132,Ownership Proof,1,0,0,2022-10-30,,Submitted
DOC-0011451,LG-001132,Compensation Document,1,0,0,2022-11-06,,Submitted
DOC-0011452,LG-001132,Ownership Proof,0,0,0,,,Pending
DOC-0011453,LG-001132,Compensation Document,1,1,0,2022-10-28,2022-12-03,Verified
DOC-0011454,LG-001133,Ownership Proof,1,1,0,2022-09-29,2022-11-01,Verified
DOC-0011455,LG-001133,Ownership Proof,1,0,1,2022-10-15,,Submitted
DOC-0011456,LG-001133,Ownership Proof,1,1,0,2022-10-10,2022-10-27,Verified
DOC-0011457,LG-001133,Identity Document,1,1,0,2022-09-29,2022-10-11,Verified
DOC-0011458,LG-001133,Survey Record,1,0,0,2022-10-09,,Submitted
DOC-0011459,LG-001133,Identity Document,1,1,0,2022-08-27,2022-09-22,Verified
DOC-0011460,LG-001133,Land Record,1,0,1,2022-09-20,,Submitted
DOC-0011461,LG-001134,Ownership Proof,1,1,0,2020-01-27,2020-02-15,Verified
DOC-0011462,LG-001134,Compensation Document,1,1,0,2020-02-27,2020-03-31,Verified
DOC-0011463,LG-001134,Ownership Proof,1,0,0,2020-01-22,,Submitted
DOC-0011464,LG-001134,Identity Document,1,0,1,2020-01-29,,Submitted
DOC-0011465,LG-001134,Land Record,1,1,0,2020-02-14,2020-02-25,Verified
DOC-0011466,LG-001134,Land Record,1,1,0,2020-03-09,2020-03-24,Verified
DOC-0011467,LG-001134,Compensation Document,1,1,0,2020-02-29,2020-03-27,Verified
DOC-0011468,LG-001134,Compensation Document,1,1,0,2020-03-05,2020-04-14,Verified
DOC-0011469,LG-001134,Compensation Document,1,1,0,2020-02-03,2020-03-08,Verified
DOC-0011470,LG-001134,Identity Document,1,1,0,2020-02-26,2020-03-19,Verified
DOC-0011471,LG-001134,Compensation Document,1,1,0,2020-01-29,2020-03-05,Verified
DOC-0011472,LG-001135,Ownership Proof,1,1,0,2018-07-23,2018-08-21,Verified
DOC-0011473,LG-001135,Identity Document,1,0,0,2018-06-07,,Submitted
DOC-0011474,LG-001135,Identity Document,1,1,0,2018-07-26,2018-08-05,Verified
DOC-0011475,LG-001135,Compensation Document,1,1,0,2018-06-12,2018-07-12,Verified
DOC-0011476,LG-001135,Compensation Document,1,1,0,2018-06-08,2018-06-22,Verified
DOC-0011477,LG-001135,Survey Record,0,0,0,,,Pending
DOC-0011478,LG-001135,Land Record,1,1,0,2018-06-23,2018-08-01,Verified
DOC-0011479,LG-001135,Identity Document,1,1,0,2018-06-25,2018-07-08,Verified
DOC-0011480,LG-001135,Survey Record,1,1,0,2018-06-13,2018-07-10,Verified
DOC-0011481,LG-001135,Compensation Document,1,1,0,2018-06-25,2018-07-08,Verified
DOC-0011482,LG-001135,Compensation Document,1,0,0,2018-06-03,,Submitted
DOC-0011483,LG-001135,Identity Document,1,0,0,2018-06-27,,Submitted
DOC-0011484,LG-001135,Ownership Proof,1,1,0,2018-06-05,2018-07-01,Verified
DOC-0011485,LG-001136,Ownership Proof,1,1,0,2024-06-20,2024-07-11,Verified
DOC-0011486,LG-001136,Identity Document,1,0,1,2024-05-29,,Submitted
DOC-0011487,LG-001136,Compensation Document,1,0,0,2024-05-07,,Submitted
DOC-0011488,LG-001136,Ownership Proof,1,0,0,2024-06-10,,Submitted
DOC-0011489,LG-001136,Survey Record,1,1,0,2024-06-17,2024-07-25,Verified
DOC-0011490,LG-001136,Ownership Proof,1,1,0,2024-06-16,2024-07-10,Verified
DOC-0011491,LG-001136,Compensation Document,1,0,1,2024-06-20,,Submitted
DOC-0011492,LG-001136,Land Record,1,1,0,2024-05-31,2024-06-20,Verified
DOC-0011493,LG-001136,Ownership Proof,1,0,0,2024-06-30,,Submitted
DOC-0011494,LG-001136,Land Record,1,1,0,2024-05-21,2024-06-06,Verified
DOC-0011495,LG-001136,Land Record,1,1,0,2024-05-09,2024-06-08,Verified
DOC-0011496,LG-001136,Land Record,1,1,1,2024-05-15,2024-06-15,Verified
DOC-0011497,LG-001136,Identity Document,1,0,0,2024-06-17,,Submitted
DOC-0011498,LG-001136,Land Record,1,0,0,2024-05-16,,Submitted
DOC-0011499,LG-001136,Land Record,1,0,0,2024-05-13,,Submitted
DOC-0011500,LG-001137,Ownership Proof,0,0,1,,,Pending
DOC-0011501,LG-001137,Land Record,1,1,1,2024-04-03,2024-04-22,Verified
DOC-0011502,LG-001137,Compensation Document,0,0,0,,,Pending
DOC-0011503,LG-001137,Compensation Document,1,1,1,2024-02-19,2024-03-01,Verified
DOC-0011504,LG-001137,Compensation Document,1,1,1,2024-03-20,2024-04-09,Verified
DOC-0011505,LG-001137,Identity Document,0,0,1,,,Pending
DOC-0011506,LG-001138,Compensation Document,1,1,0,2023-09-02,2023-09-20,Verified
DOC-0011507,LG-001138,Identity Document,1,0,0,2023-09-01,,Submitted
DOC-0011508,LG-001138,Ownership Proof,0,0,0,,,Pending
DOC-0011509,LG-001138,Compensation Document,1,0,0,2023-08-30,,Submitted
DOC-0011510,LG-001138,Identity Document,0,0,1,,,Pending
DOC-0011511,LG-001138,Identity Document,1,0,1,2023-10-15,,Submitted
DOC-0011512,LG-001138,Ownership Proof,1,1,1,2023-09-23,2023-10-25,Verified
DOC-0011513,LG-001138,Land Record,1,1,0,2023-10-15,2023-10-29,Verified
DOC-0011514,LG-001138,Compensation Document,1,0,0,2023-09-16,,Submitted
DOC-0011515,LG-001138,Survey Record,1,1,0,2023-09-06,2023-10-06,Verified
DOC-0011516,LG-001138,Identity Document,1,0,0,2023-09-11,,Submitted
DOC-0011517,LG-001138,Ownership Proof,1,0,1,2023-09-05,,Submitted
DOC-0011518,LG-001138,Identity Document,1,0,1,2023-09-17,,Submitted
DOC-0011519,LG-001138,Survey Record,1,1,0,2023-10-13,2023-10-30,Verified
DOC-0011520,LG-001139,Survey Record,1,1,0,2020-05-21,2020-05-31,Verified
DOC-0011521,LG-001139,Land Record,1,1,1,2020-07-05,2020-08-07,Verified
DOC-0011522,LG-001139,Ownership Proof,1,1,0,2020-06-13,2020-06-30,Verified
DOC-0011523,LG-001139,Compensation Document,1,1,1,2020-06-18,2020-07-25,Verified
DOC-0011524,LG-001139,Land Record,1,1,0,2020-07-04,2020-08-05,Verified
DOC-0011525,LG-001139,Survey Record,1,1,0,2020-06-18,2020-07-18,Verified
DOC-0011526,LG-001140,Survey Record,1,1,0,2019-06-06,2019-06-20,Verified
DOC-0011527,LG-001140,Identity Document,1,0,0,2019-06-30,,Submitted
DOC-0011528,LG-001140,Survey Record,1,1,0,2019-06-17,2019-07-07,Verified
DOC-0011529,LG-001140,Survey Record,1,1,0,2019-06-07,2019-07-13,Verified
DOC-0011530,LG-001140,Compensation Document,0,0,0,,,Pending
DOC-0011531,LG-001140,Land Record,1,1,0,2019-05-26,2019-07-02,Verified
DOC-0011532,LG-001140,Compensation Document,0,0,0,,,Pending
DOC-0011533,LG-001140,Compensation Document,1,0,0,2019-07-05,,Submitted
DOC-0011534,LG-001140,Ownership Proof,1,1,0,2019-07-01,2019-07-18,Verified
DOC-0011535,LG-001140,Survey Record,1,1,0,2019-05-26,2019-06-07,Verified
DOC-0011536,LG-001140,Land Record,1,1,0,2019-07-17,2019-08-14,Verified
DOC-0011537,LG-001140,Survey Record,1,1,0,2019-06-03,2019-07-09,Verified
DOC-0011538,LG-001141,Survey Record,0,0,1,,,Pending
DOC-0011539,LG-001141,Compensation Document,1,1,1,2020-12-17,2021-01-08,Verified
DOC-0011540,LG-001141,Survey Record,1,1,1,2020-11-28,2020-12-25,Verified
DOC-0011541,LG-001141,Land Record,1,1,1,2020-12-08,2020-12-27,Verified
DOC-0011542,LG-001141,Survey Record,1,1,0,2021-01-16,2021-02-22,Verified
DOC-0011543,LG-001141,Compensation Document,1,0,0,2020-11-30,,Submitted
DOC-0011544,LG-001141,Land Record,1,1,1,2021-01-05,2021-02-05,Verified
DOC-0011545,LG-001141,Ownership Proof,1,1,1,2021-01-01,2021-02-01,Verified
DOC-0011546,LG-001141,Ownership Proof,1,0,0,2020-12-27,,Submitted
DOC-0011547,LG-001141,Ownership Proof,1,1,0,2020-12-18,2021-01-13,Verified
DOC-0011548,LG-001141,Compensation Document,1,1,0,2021-01-06,2021-02-01,Verified
DOC-0011549,LG-001141,Identity Document,1,1,0,2020-12-12,2021-01-01,Verified
DOC-0011550,LG-001141,Identity Document,0,0,0,,,Pending
DOC-0011551,LG-001141,Compensation Document,1,1,1,2020-12-03,2020-12-30,Verified
DOC-0011552,LG-001141,Ownership Proof,1,0,0,2020-12-05,,Submitted
DOC-0011553,LG-001142,Land Record,1,0,0,2020-10-24,,Submitted
DOC-0011554,LG-001142,Ownership Proof,1,1,1,2020-10-05,2020-10-21,Verified
DOC-0011555,LG-001142,Survey Record,0,0,1,,,Pending
DOC-0011556,LG-001142,Compensation Document,0,0,1,,,Pending
DOC-0011557,LG-001142,Survey Record,1,1,0,2020-10-21,2020-11-02,Verified
DOC-0011558,LG-001143,Compensation Document,1,1,1,2019-03-16,2019-04-18,Verified
DOC-0011559,LG-001143,Ownership Proof,1,1,0,2019-03-30,2019-05-03,Verified
DOC-0011560,LG-001143,Ownership Proof,1,1,0,2019-04-08,2019-04-29,Verified
DOC-0011561,LG-001143,Land Record,1,1,0,2019-04-18,2019-05-19,Verified
DOC-0011562,LG-001143,Ownership Proof,1,0,0,2019-04-21,,Submitted
DOC-0011563,LG-001143,Ownership Proof,1,0,1,2019-04-26,,Submitted
DOC-0011564,LG-001143,Compensation Document,1,1,1,2019-04-12,2019-05-01,Verified
DOC-0011565,LG-001143,Ownership Proof,1,1,0,2019-03-23,2019-04-21,Verified
DOC-0011566,LG-001143,Compensation Document,1,1,0,2019-04-28,2019-06-06,Verified
DOC-0011567,LG-001143,Survey Record,1,1,0,2019-03-18,2019-04-06,Verified
DOC-0011568,LG-001143,Identity Document,1,0,0,2019-04-21,,Submitted
DOC-0011569,LG-001143,Land Record,1,1,0,2019-04-29,2019-05-18,Verified
DOC-0011570,LG-001144,Ownership Proof,1,0,0,2022-10-05,,Submitted
DOC-0011571,LG-001144,Identity Document,1,1,0,2022-09-28,2022-10-14,Verified
DOC-0011572,LG-001144,Survey Record,1,1,0,2022-10-30,2022-11-29,Verified
DOC-0011573,LG-001144,Ownership Proof,1,1,1,2022-10-25,2022-11-14,Verified
DOC-0011574,LG-001144,Compensation Document,1,0,0,2022-09-18,,Submitted
DOC-0011575,LG-001144,Ownership Proof,1,1,0,2022-09-24,2022-10-21,Verified
DOC-0011576,LG-001144,Survey Record,1,0,0,2022-10-31,,Submitted
DOC-0011577,LG-001144,Ownership Proof,1,1,0,2022-10-07,2022-10-18,Verified
DOC-0011578,LG-001144,Identity Document,1,1,0,2022-10-20,2022-11-23,Verified
DOC-0011579,LG-001144,Survey Record,1,1,0,2022-10-04,2022-10-16,Verified
DOC-0011580,LG-001144,Land Record,1,0,0,2022-10-22,,Submitted
DOC-0011581,LG-001144,Land Record,1,1,0,2022-10-14,2022-11-03,Verified
DOC-0011582,LG-001144,Identity Document,1,1,0,2022-09-18,2022-10-01,Verified
DOC-0011583,LG-001145,Land Record,1,1,0,2019-06-19,2019-07-29,Verified
DOC-0011584,LG-001145,Compensation Document,1,1,0,2019-06-28,2019-07-31,Verified
DOC-0011585,LG-001145,Survey Record,1,1,1,2019-06-17,2019-07-09,Verified
DOC-0011586,LG-001145,Ownership Proof,1,1,0,2019-06-17,2019-07-10,Verified
DOC-0011587,LG-001145,Compensation Document,1,1,0,2019-06-17,2019-07-06,Verified
DOC-0011588,LG-001145,Identity Document,1,0,0,2019-06-17,,Submitted
DOC-0011589,LG-001145,Ownership Proof,1,1,0,2019-06-15,2019-07-06,Verified
DOC-0011590,LG-001146,Land Record,1,1,0,2024-12-17,2025-01-13,Verified
DOC-0011591,LG-001146,Compensation Document,0,0,1,,,Pending
DOC-0011592,LG-001146,Survey Record,1,0,1,2024-12-14,,Submitted
DOC-0011593,LG-001146,Land Record,1,1,1,2025-01-23,2025-03-02,Verified
DOC-0011594,LG-001146,Compensation Document,1,1,1,2025-01-29,2025-02-21,Verified
DOC-0011595,LG-001146,Compensation Document,1,0,0,2025-02-04,,Submitted
DOC-0011596,LG-001146,Survey Record,1,0,0,2024-12-28,,Submitted
DOC-0011597,LG-001147,Survey Record,1,1,0,2019-05-18,2019-06-23,Verified
DOC-0011598,LG-001147,Survey Record,1,0,0,2019-05-06,,Submitted
DOC-0011599,LG-001147,Identity Document,0,0,0,,,Pending
DOC-0011600,LG-001147,Ownership Proof,1,1,0,2019-05-19,2019-06-10,Verified
DOC-0011601,LG-001147,Identity Document,1,0,0,2019-05-12,,Submitted
DOC-0011602,LG-001147,Compensation Document,1,1,1,2019-04-11,2019-05-11,Verified
DOC-0011603,LG-001147,Survey Record,1,1,0,2019-05-25,2019-06-21,Verified
DOC-0011604,LG-001148,Survey Record,0,0,1,,,Pending
DOC-0011605,LG-001148,Survey Record,1,0,1,2023-07-10,,Submitted
DOC-0011606,LG-001148,Survey Record,1,0,1,2023-08-02,,Submitted
DOC-0011607,LG-001148,Compensation Document,1,1,1,2023-07-01,2023-07-21,Verified
DOC-0011608,LG-001148,Compensation Document,0,0,1,,,Pending
DOC-0011609,LG-001148,Ownership Proof,1,1,1,2023-07-26,2023-08-07,Verified
DOC-0011610,LG-001148,Compensation Document,1,0,0,2023-07-02,,Submitted
DOC-0011611,LG-001149,Compensation Document,1,1,0,2022-01-18,2022-02-04,Verified
DOC-0011612,LG-001149,Compensation Document,1,1,0,2022-01-19,2022-02-01,Verified
DOC-0011613,LG-001149,Land Record,1,0,0,2022-01-22,,Submitted
DOC-0011614,LG-001149,Compensation Document,1,1,0,2022-02-10,2022-03-12,Verified
DOC-0011615,LG-001149,Compensation Document,1,1,0,2022-01-21,2022-03-01,Verified
DOC-0011616,LG-001149,Land Record,1,1,1,2022-01-24,2022-02-19,Verified
DOC-0011617,LG-001150,Compensation Document,1,1,0,2020-11-23,2020-12-24,Verified
DOC-0011618,LG-001150,Survey Record,1,0,0,2020-12-11,,Submitted
DOC-0011619,LG-001150,Compensation Document,1,1,0,2020-11-01,2020-11-14,Verified
DOC-0011620,LG-001150,Identity Document,1,1,0,2020-12-08,2021-01-01,Verified
DOC-0011621,LG-001150,Ownership Proof,1,1,0,2020-11-23,2020-12-10,Verified
DOC-0011622,LG-001150,Compensation Document,1,1,0,2020-11-03,2020-11-15,Verified
DOC-0011623,LG-001150,Identity Document,1,1,0,2020-10-30,2020-11-30,Verified
DOC-0011624,LG-001151,Identity Document,1,1,1,2019-09-02,2019-09-26,Verified
DOC-0011625,LG-001151,Survey Record,1,1,0,2019-09-03,2019-09-22,Verified
DOC-0011626,LG-001151,Identity Document,1,1,0,2019-08-27,2019-09-17,Verified
DOC-0011627,LG-001151,Land Record,1,1,0,2019-10-15,2019-10-26,Verified
DOC-0011628,LG-001151,Survey Record,1,1,0,2019-09-24,2019-10-30,Verified
DOC-0011629,LG-001151,Land Record,1,1,0,2019-09-26,2019-10-31,Verified
DOC-0011630,LG-001151,Survey Record,1,1,0,2019-09-24,2019-10-27,Verified
DOC-0011631,LG-001151,Ownership Proof,1,1,0,2019-09-09,2019-10-04,Verified
DOC-0011632,LG-001152,Survey Record,0,0,1,,,Pending
DOC-0011633,LG-001152,Land Record,0,0,1,,,Pending
DOC-0011634,LG-001152,Land Record,0,0,0,,,Pending
DOC-0011635,LG-001152,Survey Record,1,1,1,2022-08-08,2022-09-03,Verified
DOC-0011636,LG-001152,Survey Record,1,0,0,2022-07-05,,Submitted
DOC-0011637,LG-001152,Identity Document,0,0,1,,,Pending
DOC-0011638,LG-001152,Survey Record,1,1,0,2022-07-02,2022-08-02,Verified
DOC-0011639,LG-001152,Compensation Document,1,0,1,2022-08-16,,Submitted
DOC-0011640,LG-001152,Identity Document,1,1,1,2022-07-16,2022-08-11,Verified
DOC-0011641,LG-001152,Identity Document,1,1,0,2022-07-10,2022-08-04,Verified
DOC-0011642,LG-001152,Compensation Document,1,1,1,2022-07-20,2022-08-21,Verified
DOC-0011643,LG-001152,Ownership Proof,1,0,0,2022-08-17,,Submitted
DOC-0011644,LG-001152,Land Record,0,0,1,,,Pending
DOC-0011645,LG-001152,Land Record,0,0,0,,,Pending
DOC-0011646,LG-001153,Identity Document,1,1,1,2023-08-31,2023-10-03,Verified
DOC-0011647,LG-001153,Land Record,1,0,0,2023-08-10,,Submitted
DOC-0011648,LG-001153,Compensation Document,0,0,0,,,Pending
DOC-0011649,LG-001153,Survey Record,0,0,1,,,Pending
DOC-0011650,LG-001153,Ownership Proof,1,1,1,2023-07-21,2023-08-18,Verified
DOC-0011651,LG-001153,Land Record,1,1,1,2023-07-20,2023-08-15,Verified
DOC-0011652,LG-001153,Identity Document,1,0,1,2023-08-09,,Submitted
DOC-0011653,LG-001153,Land Record,1,0,1,2023-09-09,,Submitted
DOC-0011654,LG-001153,Survey Record,1,0,1,2023-08-07,,Submitted
DOC-0011655,LG-001153,Compensation Document,1,1,0,2023-08-06,2023-08-16,Verified
DOC-0011656,LG-001153,Survey Record,1,1,1,2023-08-06,2023-08-22,Verified
DOC-0011657,LG-001153,Identity Document,1,1,1,2023-08-17,2023-08-31,Verified
DOC-0011658,LG-001153,Land Record,1,1,1,2023-08-19,2023-09-19,Verified
DOC-0011659,LG-001153,Identity Document,1,1,0,2023-08-29,2023-09-09,Verified
DOC-0011660,LG-001154,Identity Document,1,1,0,2024-06-18,2024-06-29,Verified
DOC-0011661,LG-001154,Ownership Proof,1,0,0,2024-06-25,,Submitted
DOC-0011662,LG-001154,Compensation Document,1,1,0,2024-06-03,2024-07-07,Verified
DOC-0011663,LG-001154,Compensation Document,1,1,0,2024-06-15,2024-07-17,Verified
DOC-0011664,LG-001154,Ownership Proof,1,1,0,2024-07-01,2024-07-30,Verified
DOC-0011665,LG-001154,Ownership Proof,1,1,1,2024-07-08,2024-08-14,Verified
DOC-0011666,LG-001154,Ownership Proof,1,1,1,2024-05-29,2024-06-08,Verified
DOC-0011667,LG-001154,Ownership Proof,1,1,1,2024-06-19,2024-07-03,Verified
DOC-0011668,LG-001154,Survey Record,1,1,0,2024-06-10,2024-07-01,Verified
DOC-0011669,LG-001155,Ownership Proof,1,1,1,2024-01-13,2024-02-14,Verified
DOC-0011670,LG-001155,Compensation Document,1,1,1,2024-01-05,2024-02-05,Verified
DOC-0011671,LG-001155,Compensation Document,1,0,1,2024-01-30,,Submitted
DOC-0011672,LG-001155,Identity Document,0,0,0,,,Pending
DOC-0011673,LG-001155,Compensation Document,1,1,0,2024-02-03,2024-02-21,Verified
DOC-0011674,LG-001155,Ownership Proof,1,0,0,2024-01-21,,Submitted
DOC-0011675,LG-001155,Land Record,1,0,0,2024-01-30,,Submitted
DOC-0011676,LG-001155,Identity Document,1,1,0,2024-02-15,2024-03-19,Verified
DOC-0011677,LG-001155,Survey Record,1,1,0,2024-01-05,2024-02-14,Verified
DOC-0011678,LG-001155,Identity Document,1,1,0,2024-02-07,2024-02-28,Verified
DOC-0011679,LG-001155,Survey Record,1,1,1,2024-01-23,2024-02-23,Verified
DOC-0011680,LG-001155,Identity Document,1,0,0,2024-01-01,,Submitted
DOC-0011681,LG-001155,Identity Document,1,1,0,2024-02-08,2024-03-17,Verified
DOC-0011682,LG-001156,Survey Record,1,0,0,2020-01-03,,Submitted
DOC-0011683,LG-001156,Identity Document,1,0,0,2020-02-06,,Submitted
DOC-0011684,LG-001156,Compensation Document,1,1,0,2020-02-06,2020-03-14,Verified
DOC-0011685,LG-001156,Identity Document,1,1,0,2020-01-12,2020-02-14,Verified
DOC-0011686,LG-001156,Survey Record,1,1,0,2020-01-04,2020-01-24,Verified
DOC-0011687,LG-001156,Compensation Document,1,1,0,2020-01-28,2020-02-26,Verified
DOC-0011688,LG-001156,Compensation Document,1,1,1,2020-01-24,2020-02-20,Verified
DOC-0011689,LG-001156,Land Record,1,1,0,2020-01-01,2020-02-01,Verified
DOC-0011690,LG-001156,Survey Record,1,1,0,2020-01-16,2020-01-29,Verified
DOC-0011691,LG-001157,Identity Document,1,1,1,2024-12-06,2024-12-26,Verified
DOC-0011692,LG-001157,Land Record,0,0,0,,,Pending
DOC-0011693,LG-001157,Land Record,1,1,0,2024-12-20,2025-01-02,Verified
DOC-0011694,LG-001157,Identity Document,1,1,0,2024-12-15,2024-12-29,Verified
DOC-0011695,LG-001157,Land Record,0,0,0,,,Pending
DOC-0011696,LG-001157,Ownership Proof,1,1,0,2025-01-12,2025-02-16,Verified
DOC-0011697,LG-001157,Identity Document,1,1,0,2024-12-06,2024-12-22,Verified
DOC-0011698,LG-001157,Survey Record,1,1,0,2025-01-03,2025-01-26,Verified
DOC-0011699,LG-001157,Land Record,0,0,0,,,Pending
DOC-0011700,LG-001157,Land Record,1,1,0,2024-12-16,2024-12-29,Verified
DOC-0011701,LG-001158,Land Record,1,1,0,2019-10-07,2019-10-20,Verified
DOC-0011702,LG-001158,Survey Record,1,1,0,2019-09-16,2019-10-08,Verified
DOC-0011703,LG-001158,Compensation Document,1,1,0,2019-10-22,2019-11-24,Verified
DOC-0011704,LG-001158,Survey Record,1,1,0,2019-10-24,2019-12-01,Verified
DOC-0011705,LG-001158,Identity Document,1,1,0,2019-09-24,2019-10-27,Verified
DOC-0011706,LG-001158,Ownership Proof,1,1,0,2019-09-24,2019-10-26,Verified
DOC-0011707,LG-001159,Compensation Document,1,1,1,2022-06-07,2022-06-20,Verified
DOC-0011708,LG-001159,Survey Record,1,1,0,2022-06-15,2022-06-29,Verified
DOC-0011709,LG-001159,Survey Record,1,0,0,2022-05-25,,Submitted
DOC-0011710,LG-001159,Compensation Document,1,1,1,2022-06-15,2022-07-01,Verified
DOC-0011711,LG-001159,Compensation Document,1,0,1,2022-05-23,,Submitted
DOC-0011712,LG-001159,Survey Record,0,0,1,,,Pending
DOC-0011713,LG-001160,Land Record,0,0,0,,,Pending
DOC-0011714,LG-001160,Land Record,1,0,0,2022-04-16,,Submitted
DOC-0011715,LG-001160,Compensation Document,1,0,1,2022-03-31,,Submitted
DOC-0011716,LG-001160,Land Record,1,1,1,2022-03-21,2022-04-25,Verified
DOC-0011717,LG-001160,Ownership Proof,1,1,0,2022-04-24,2022-05-05,Verified
DOC-0011718,LG-001160,Identity Document,1,1,0,2022-05-01,2022-05-22,Verified
DOC-0011719,LG-001160,Ownership Proof,1,1,0,2022-04-10,2022-05-19,Verified
DOC-0011720,LG-001160,Survey Record,1,1,0,2022-04-02,2022-04-20,Verified
DOC-0011721,LG-001160,Survey Record,0,0,0,,,Pending
DOC-0011722,LG-001160,Land Record,0,0,0,,,Pending
DOC-0011723,LG-001160,Land Record,1,0,0,2022-03-15,,Submitted
DOC-0011724,LG-001160,Ownership Proof,1,1,1,2022-04-24,2022-05-14,Verified
DOC-0011725,LG-001160,Survey Record,1,1,0,2022-04-24,2022-05-04,Verified
DOC-0011726,LG-001161,Ownership Proof,0,0,0,,,Pending
DOC-0011727,LG-001161,Compensation Document,1,1,1,2019-08-16,2019-09-16,Verified
DOC-0011728,LG-001161,Compensation Document,0,0,0,,,Pending
DOC-0011729,LG-001161,Ownership Proof,1,1,0,2019-08-13,2019-08-29,Verified
DOC-0011730,LG-001161,Survey Record,1,1,1,2019-08-02,2019-08-20,Verified
DOC-0011731,LG-001161,Identity Document,1,0,1,2019-08-07,,Submitted
DOC-0011732,LG-001161,Land Record,1,1,0,2019-08-20,2019-09-28,Verified
DOC-0011733,LG-001161,Land Record,1,1,1,2019-08-11,2019-09-05,Verified
DOC-0011734,LG-001162,Survey Record,1,0,0,2020-08-18,,Submitted
DOC-0011735,LG-001162,Identity Document,1,1,0,2020-10-06,2020-10-31,Verified
DOC-0011736,LG-001162,Compensation Document,1,1,0,2020-09-15,2020-10-04,Verified
DOC-0011737,LG-001162,Survey Record,1,1,0,2020-08-24,2020-09-21,Verified
DOC-0011738,LG-001162,Compensation Document,1,0,0,2020-09-10,,Submitted
DOC-0011739,LG-001162,Compensation Document,1,1,0,2020-09-29,2020-10-16,Verified
DOC-0011740,LG-001162,Ownership Proof,1,1,0,2020-09-28,2020-10-27,Verified
DOC-0011741,LG-001162,Survey Record,1,1,1,2020-09-17,2020-09-30,Verified
DOC-0011742,LG-001162,Survey Record,1,1,0,2020-09-09,2020-09-27,Verified
DOC-0011743,LG-001162,Identity Document,0,0,0,,,Pending
DOC-0011744,LG-001162,Ownership Proof,1,0,0,2020-09-15,,Submitted
DOC-0011745,LG-001162,Survey Record,1,0,0,2020-08-28,,Submitted
DOC-0011746,LG-001162,Compensation Document,1,1,0,2020-09-02,2020-10-04,Verified
DOC-0011747,LG-001162,Ownership Proof,1,1,0,2020-09-20,2020-10-03,Verified
DOC-0011748,LG-001162,Survey Record,1,1,0,2020-09-03,2020-10-03,Verified
DOC-0011749,LG-001163,Compensation Document,1,1,0,2022-12-01,2022-12-20,Verified
DOC-0011750,LG-001163,Compensation Document,1,0,1,2023-01-02,,Submitted
DOC-0011751,LG-001163,Ownership Proof,1,0,1,2022-12-24,,Submitted
DOC-0011752,LG-001163,Compensation Document,1,0,1,2022-12-22,,Submitted
DOC-0011753,LG-001163,Compensation Document,1,1,0,2023-01-06,2023-01-21,Verified
DOC-0011754,LG-001163,Survey Record,1,1,1,2022-11-22,2022-12-12,Verified
DOC-0011755,LG-001163,Survey Record,0,0,0,,,Pending
DOC-0011756,LG-001163,Land Record,1,0,1,2023-01-11,,Submitted
DOC-0011757,LG-001163,Survey Record,1,0,1,2022-12-07,,Submitted
DOC-0011758,LG-001163,Compensation Document,1,1,1,2023-01-10,2023-01-23,Verified
DOC-0011759,LG-001163,Compensation Document,1,1,0,2022-12-22,2023-01-03,Verified
DOC-0011760,LG-001164,Compensation Document,1,0,0,2019-12-12,,Submitted
DOC-0011761,LG-001164,Land Record,1,1,1,2020-01-04,2020-02-11,Verified
DOC-0011762,LG-001164,Land Record,1,1,0,2019-12-26,2020-01-07,Verified
DOC-0011763,LG-001164,Survey Record,1,0,0,2019-12-23,,Submitted
DOC-0011764,LG-001164,Ownership Proof,0,0,0,,,Pending
DOC-0011765,LG-001164,Survey Record,1,1,0,2019-12-09,2019-12-27,Verified
DOC-0011766,LG-001164,Ownership Proof,1,1,0,2020-01-13,2020-02-18,Verified
DOC-0011767,LG-001164,Ownership Proof,1,1,0,2020-01-04,2020-02-03,Verified
DOC-0011768,LG-001164,Survey Record,1,1,0,2019-12-22,2020-01-06,Verified
DOC-0011769,LG-001165,Land Record,1,1,0,2024-01-17,2024-02-14,Verified
DOC-0011770,LG-001165,Survey Record,1,0,0,2024-02-28,,Submitted
DOC-0011771,LG-001165,Identity Document,1,1,0,2024-03-04,2024-03-15,Verified
DOC-0011772,LG-001165,Land Record,1,1,0,2024-01-30,2024-02-22,Verified
DOC-0011773,LG-001165,Ownership Proof,1,1,1,2024-01-21,2024-02-07,Verified
DOC-0011774,LG-001165,Ownership Proof,1,1,0,2024-01-24,2024-02-03,Verified
DOC-0011775,LG-001165,Compensation Document,1,1,0,2024-02-20,2024-03-31,Verified
DOC-0011776,LG-001165,Land Record,1,0,0,2024-02-10,,Submitted
DOC-0011777,LG-001165,Identity Document,1,0,0,2024-02-04,,Submitted
DOC-0011778,LG-001165,Compensation Document,0,0,0,,,Pending
DOC-0011779,LG-001165,Identity Document,1,1,0,2024-02-26,2024-03-19,Verified
DOC-0011780,LG-001165,Survey Record,1,1,0,2024-01-16,2024-02-15,Verified
DOC-0011781,LG-001165,Land Record,1,1,0,2024-01-14,2024-02-06,Verified
DOC-0011782,LG-001166,Identity Document,1,1,1,2020-02-03,2020-02-15,Verified
DOC-0011783,LG-001166,Land Record,1,1,1,2020-01-31,2020-03-08,Verified
DOC-0011784,LG-001166,Identity Document,1,0,0,2020-02-10,,Submitted
DOC-0011785,LG-001166,Compensation Document,1,1,0,2020-03-15,2020-04-15,Verified
DOC-0011786,LG-001166,Land Record,1,1,0,2020-02-05,2020-02-20,Verified
DOC-0011787,LG-001166,Ownership Proof,1,1,0,2020-03-21,2020-04-30,Verified
DOC-0011788,LG-001166,Compensation Document,1,0,1,2020-02-14,,Submitted
DOC-0011789,LG-001166,Identity Document,1,0,1,2020-03-09,,Submitted
DOC-0011790,LG-001166,Land Record,1,1,0,2020-03-14,2020-04-04,Verified
DOC-0011791,LG-001167,Identity Document,0,0,0,,,Pending
DOC-0011792,LG-001167,Identity Document,1,1,1,2023-04-04,2023-05-11,Verified
DOC-0011793,LG-001167,Survey Record,1,1,1,2023-03-26,2023-04-16,Verified
DOC-0011794,LG-001167,Ownership Proof,1,0,0,2023-04-11,,Submitted
DOC-0011795,LG-001167,Ownership Proof,1,1,0,2023-03-17,2023-04-26,Verified
DOC-0011796,LG-001167,Compensation Document,0,0,1,,,Pending
DOC-0011797,LG-001167,Compensation Document,0,0,1,,,Pending
DOC-0011798,LG-001167,Survey Record,0,0,1,,,Pending
DOC-0011799,LG-001167,Compensation Document,1,0,1,2023-03-09,,Submitted
DOC-0011800,LG-001167,Ownership Proof,1,1,1,2023-04-23,2023-05-26,Verified
DOC-0011801,LG-001168,Ownership Proof,1,1,0,2024-10-31,2024-12-08,Verified
DOC-0011802,LG-001168,Compensation Document,1,1,0,2024-11-09,2024-12-15,Verified
DOC-0011803,LG-001168,Survey Record,1,1,0,2024-11-04,2024-11-15,Verified
DOC-0011804,LG-001168,Ownership Proof,1,0,0,2024-11-12,,Submitted
DOC-0011805,LG-001168,Ownership Proof,1,1,0,2024-11-05,2024-11-28,Verified
DOC-0011806,LG-001168,Ownership Proof,1,0,0,2024-11-21,,Submitted
DOC-0011807,LG-001168,Compensation Document,1,1,0,2024-11-05,2024-12-12,Verified
DOC-0011808,LG-001168,Identity Document,1,1,0,2024-12-07,2025-01-04,Verified
DOC-0011809,LG-001168,Survey Record,1,1,0,2024-11-04,2024-12-10,Verified
DOC-0011810,LG-001168,Identity Document,1,1,0,2024-11-06,2024-11-23,Verified
DOC-0011811,LG-001168,Land Record,1,1,0,2024-11-23,2024-12-12,Verified
DOC-0011812,LG-001169,Land Record,1,0,1,2022-07-05,,Submitted
DOC-0011813,LG-001169,Compensation Document,1,1,0,2022-06-27,2022-07-13,Verified
DOC-0011814,LG-001169,Identity Document,1,0,1,2022-06-09,,Submitted
DOC-0011815,LG-001169,Survey Record,1,1,0,2022-06-28,2022-07-13,Verified
DOC-0011816,LG-001169,Identity Document,1,0,1,2022-06-16,,Submitted
DOC-0011817,LG-001169,Compensation Document,1,1,0,2022-06-24,2022-07-08,Verified
DOC-0011818,LG-001169,Compensation Document,0,0,0,,,Pending
DOC-0011819,LG-001169,Identity Document,0,0,1,,,Pending
DOC-0011820,LG-001169,Ownership Proof,1,1,1,2022-05-26,2022-06-11,Verified
DOC-0011821,LG-001169,Identity Document,1,1,0,2022-06-19,2022-07-15,Verified
DOC-0011822,LG-001169,Compensation Document,1,1,0,2022-06-16,2022-07-13,Verified
DOC-0011823,LG-001170,Land Record,1,1,0,2020-05-20,2020-06-16,Verified
DOC-0011824,LG-001170,Compensation Document,1,1,0,2020-06-22,2020-07-03,Verified
DOC-0011825,LG-001170,Land Record,1,0,0,2020-05-18,,Submitted
DOC-0011826,LG-001170,Survey Record,1,1,0,2020-05-28,2020-06-28,Verified
DOC-0011827,LG-001170,Compensation Document,1,1,0,2020-07-05,2020-07-19,Verified
DOC-0011828,LG-001170,Survey Record,1,0,0,2020-05-19,,Submitted
DOC-0011829,LG-001171,Ownership Proof,1,1,0,2024-12-25,2025-01-22,Verified
DOC-0011830,LG-001171,Identity Document,0,0,0,,,Pending
DOC-0011831,LG-001171,Survey Record,1,1,0,2024-11-18,2024-12-26,Verified
DOC-0011832,LG-001171,Identity Document,1,1,0,2024-12-30,2025-01-14,Verified
DOC-0011833,LG-001171,Ownership Proof,1,0,0,2025-01-05,,Submitted
DOC-0011834,LG-001171,Identity Document,1,1,1,2024-12-19,2025-01-09,Verified
DOC-0011835,LG-001171,Identity Document,1,1,0,2024-12-31,2025-01-14,Verified
DOC-0011836,LG-001171,Land Record,1,1,1,2024-11-25,2024-12-23,Verified
DOC-0011837,LG-001172,Survey Record,1,1,0,2018-12-26,2019-02-04,Verified
DOC-0011838,LG-001172,Ownership Proof,1,1,0,2018-11-30,2018-12-22,Verified
DOC-0011839,LG-001172,Compensation Document,1,1,0,2018-12-11,2018-12-24,Verified
DOC-0011840,LG-001172,Land Record,1,1,0,2018-12-07,2018-12-22,Verified
DOC-0011841,LG-001172,Identity Document,1,1,0,2018-12-20,2018-12-30,Verified
DOC-0011842,LG-001172,Ownership Proof,1,1,0,2018-12-19,2019-01-26,Verified
DOC-0011843,LG-001173,Compensation Document,1,1,0,2021-07-30,2021-08-18,Verified
DOC-0011844,LG-001173,Survey Record,1,1,0,2021-08-04,2021-09-04,Verified
DOC-0011845,LG-001173,Survey Record,1,1,1,2021-08-24,2021-09-25,Verified
DOC-0011846,LG-001173,Ownership Proof,1,1,0,2021-07-27,2021-08-31,Verified
DOC-0011847,LG-001173,Survey Record,1,0,1,2021-08-29,,Submitted
DOC-0011848,LG-001173,Identity Document,1,0,0,2021-08-09,,Submitted
DOC-0011849,LG-001174,Compensation Document,1,1,0,2023-02-27,2023-04-04,Verified
DOC-0011850,LG-001174,Land Record,1,1,0,2023-03-04,2023-04-01,Verified
DOC-0011851,LG-001174,Land Record,1,0,0,2023-01-22,,Submitted
DOC-0011852,LG-001174,Identity Document,1,0,0,2023-02-06,,Submitted
DOC-0011853,LG-001174,Survey Record,1,1,0,2023-02-21,2023-03-19,Verified
DOC-0011854,LG-001174,Identity Document,1,0,0,2023-02-26,,Submitted
DOC-0011855,LG-001174,Ownership Proof,0,0,0,,,Pending
DOC-0011856,LG-001174,Survey Record,1,1,0,2023-01-30,2023-02-09,Verified
DOC-0011857,LG-001174,Land Record,1,1,1,2023-01-08,2023-02-02,Verified
DOC-0011858,LG-001174,Ownership Proof,1,0,0,2023-02-23,,Submitted
DOC-0011859,LG-001174,Survey Record,1,1,0,2023-02-01,2023-03-03,Verified
DOC-0011860,LG-001174,Identity Document,1,1,0,2023-01-29,2023-02-24,Verified
DOC-0011861,LG-001175,Ownership Proof,1,1,1,2019-07-28,2019-08-29,Verified
DOC-0011862,LG-001175,Compensation Document,1,1,0,2019-08-10,2019-08-20,Verified
DOC-0011863,LG-001175,Land Record,0,0,1,,,Pending
DOC-0011864,LG-001175,Compensation Document,1,1,1,2019-07-15,2019-08-13,Verified
DOC-0011865,LG-001175,Compensation Document,1,1,0,2019-08-05,2019-08-17,Verified
DOC-0011866,LG-001175,Survey Record,1,0,0,2019-08-24,,Submitted
DOC-0011867,LG-001175,Survey Record,1,1,1,2019-08-03,2019-09-06,Verified
DOC-0011868,LG-001175,Compensation Document,1,1,1,2019-08-06,2019-09-08,Verified
DOC-0011869,LG-001175,Compensation Document,1,0,1,2019-08-10,,Submitted
DOC-0011870,LG-001175,Survey Record,0,0,0,,,Pending
DOC-0011871,LG-001175,Identity Document,1,0,1,2019-08-17,,Submitted
DOC-0011872,LG-001175,Land Record,1,0,1,2019-08-30,,Submitted
DOC-0011873,LG-001175,Survey Record,1,0,1,2019-09-01,,Submitted
DOC-0011874,LG-001176,Land Record,0,0,1,,,Pending
DOC-0011875,LG-001176,Survey Record,1,1,0,2019-09-16,2019-09-27,Verified
DOC-0011876,LG-001176,Identity Document,1,1,1,2019-10-16,2019-11-15,Verified
DOC-0011877,LG-001176,Compensation Document,1,1,1,2019-10-01,2019-10-18,Verified
DOC-0011878,LG-001176,Survey Record,1,1,0,2019-09-28,2019-11-06,Verified
DOC-0011879,LG-001176,Identity Document,1,1,1,2019-10-03,2019-11-10,Verified
DOC-0011880,LG-001176,Compensation Document,0,0,0,,,Pending
DOC-0011881,LG-001176,Ownership Proof,1,1,1,2019-09-25,2019-10-29,Verified
DOC-0011882,LG-001176,Identity Document,1,0,0,2019-10-25,,Submitted
DOC-0011883,LG-001176,Survey Record,1,1,1,2019-10-10,2019-11-17,Verified
DOC-0011884,LG-001176,Survey Record,0,0,1,,,Pending
DOC-0011885,LG-001176,Compensation Document,0,0,0,,,Pending
DOC-0011886,LG-001177,Compensation Document,1,1,0,2023-04-15,2023-05-13,Verified
DOC-0011887,LG-001177,Land Record,1,0,1,2023-04-06,,Submitted
DOC-0011888,LG-001177,Compensation Document,1,1,0,2023-04-19,2023-05-18,Verified
DOC-0011889,LG-001177,Land Record,1,1,0,2023-04-24,2023-05-25,Verified
DOC-0011890,LG-001177,Compensation Document,1,0,0,2023-03-04,,Submitted
DOC-0011891,LG-001177,Land Record,1,1,0,2023-03-25,2023-04-16,Verified
DOC-0011892,LG-001177,Survey Record,1,1,0,2023-04-09,2023-05-03,Verified
DOC-0011893,LG-001178,Land Record,0,0,0,,,Pending
DOC-0011894,LG-001178,Survey Record,1,1,1,2020-12-03,2020-12-25,Verified
DOC-0011895,LG-001178,Land Record,1,1,0,2020-11-07,2020-12-01,Verified
DOC-0011896,LG-001178,Land Record,1,1,0,2020-12-03,2020-12-24,Verified
DOC-0011897,LG-001178,Survey Record,1,1,0,2020-12-10,2021-01-06,Verified
DOC-0011898,LG-001178,Land Record,1,1,0,2020-12-04,2020-12-30,Verified
DOC-0011899,LG-001179,Survey Record,1,0,0,2023-06-26,,Submitted
DOC-0011900,LG-001179,Survey Record,1,1,0,2023-07-13,2023-08-22,Verified
DOC-0011901,LG-001179,Compensation Document,1,1,0,2023-07-15,2023-08-05,Verified
DOC-0011902,LG-001179,Land Record,1,0,0,2023-07-05,,Submitted
DOC-0011903,LG-001179,Land Record,1,1,0,2023-06-04,2023-07-12,Verified
DOC-0011904,LG-001179,Survey Record,1,1,1,2023-07-10,2023-07-25,Verified
DOC-0011905,LG-001179,Survey Record,0,0,0,,,Pending
DOC-0011906,LG-001179,Identity Document,1,1,0,2023-06-04,2023-06-28,Verified
DOC-0011907,LG-001179,Compensation Document,1,1,0,2023-07-09,2023-07-27,Verified
DOC-0011908,LG-001179,Ownership Proof,1,1,1,2023-06-06,2023-06-18,Verified
DOC-0011909,LG-001180,Land Record,1,1,1,2020-11-04,2020-12-14,Verified
DOC-0011910,LG-001180,Survey Record,0,0,0,,,Pending
DOC-0011911,LG-001180,Ownership Proof,1,0,1,2020-10-08,,Submitted
DOC-0011912,LG-001180,Ownership Proof,1,1,1,2020-09-15,2020-10-13,Verified
DOC-0011913,LG-001180,Ownership Proof,1,1,1,2020-09-27,2020-10-10,Verified
DOC-0011914,LG-001180,Ownership Proof,1,1,1,2020-09-25,2020-11-01,Verified
DOC-0011915,LG-001180,Land Record,1,0,1,2020-09-10,,Submitted
DOC-0011916,LG-001181,Survey Record,0,0,1,,,Pending
DOC-0011917,LG-001181,Compensation Document,1,1,1,2022-05-02,2022-05-15,Verified
DOC-0011918,LG-001181,Survey Record,1,0,1,2022-05-04,,Submitted
DOC-0011919,LG-001181,Ownership Proof,1,1,1,2022-04-15,2022-05-25,Verified
DOC-0011920,LG-001181,Compensation Document,1,1,1,2022-05-11,2022-06-08,Verified
DOC-0011921,LG-001181,Land Record,1,0,0,2022-04-19,,Submitted
DOC-0011922,LG-001181,Land Record,0,0,1,,,Pending
DOC-0011923,LG-001181,Land Record,1,1,0,2022-04-01,2022-05-01,Verified
DOC-0011924,LG-001181,Land Record,1,1,0,2022-04-08,2022-05-02,Verified
DOC-0011925,LG-001181,Ownership Proof,1,1,1,2022-03-30,2022-05-09,Verified
DOC-0011926,LG-001181,Compensation Document,1,0,1,2022-04-29,,Submitted
DOC-0011927,LG-001182,Identity Document,1,0,1,2018-09-02,,Submitted
DOC-0011928,LG-001182,Identity Document,0,0,0,,,Pending
DOC-0011929,LG-001182,Compensation Document,1,1,0,2018-09-14,2018-10-01,Verified
DOC-0011930,LG-001182,Survey Record,1,0,1,2018-09-15,,Submitted
DOC-0011931,LG-001182,Land Record,0,0,0,,,Pending
DOC-0011932,LG-001182,Identity Document,1,1,0,2018-10-14,2018-10-31,Verified
DOC-0011933,LG-001182,Survey Record,0,0,0,,,Pending
DOC-0011934,LG-001182,Survey Record,1,0,1,2018-10-23,,Submitted
DOC-0011935,LG-001182,Identity Document,1,0,1,2018-09-02,,Submitted
DOC-0011936,LG-001182,Land Record,1,0,1,2018-10-06,,Submitted
DOC-0011937,LG-001182,Survey Record,0,0,0,,,Pending
DOC-0011938,LG-001182,Ownership Proof,1,0,0,2018-09-15,,Submitted
DOC-0011939,LG-001183,Compensation Document,1,1,0,2024-04-19,2024-05-11,Verified
DOC-0011940,LG-001183,Compensation Document,1,1,0,2024-05-19,2024-06-17,Verified
DOC-0011941,LG-001183,Survey Record,1,1,0,2024-05-26,2024-06-20,Verified
DOC-0011942,LG-001183,Ownership Proof,1,1,0,2024-04-28,2024-05-31,Verified
DOC-0011943,LG-001183,Survey Record,1,0,0,2024-04-30,,Submitted
DOC-0011944,LG-001183,Land Record,1,1,0,2024-05-03,2024-05-30,Verified
DOC-0011945,LG-001183,Ownership Proof,1,0,0,2024-04-14,,Submitted
DOC-0011946,LG-001183,Compensation Document,1,1,0,2024-05-25,2024-06-13,Verified
DOC-0011947,LG-001183,Identity Document,1,1,0,2024-05-27,2024-07-02,Verified
DOC-0011948,LG-001184,Identity Document,1,1,0,2023-09-13,2023-10-22,Verified
DOC-0011949,LG-001184,Identity Document,0,0,1,,,Pending
DOC-0011950,LG-001184,Ownership Proof,1,0,0,2023-08-13,,Submitted
DOC-0011951,LG-001184,Survey Record,1,1,0,2023-08-23,2023-10-02,Verified
DOC-0011952,LG-001184,Compensation Document,1,1,0,2023-08-18,2023-09-24,Verified
DOC-0011953,LG-001184,Identity Document,1,1,0,2023-08-05,2023-08-22,Verified
DOC-0011954,LG-001184,Land Record,1,1,0,2023-09-17,2023-10-15,Verified
DOC-0011955,LG-001184,Compensation Document,1,0,0,2023-08-13,,Submitted
DOC-0011956,LG-001184,Identity Document,0,0,0,,,Pending
DOC-0011957,LG-001184,Ownership Proof,1,1,0,2023-08-20,2023-09-02,Verified
DOC-0011958,LG-001184,Land Record,1,1,0,2023-08-24,2023-09-16,Verified
DOC-0011959,LG-001184,Identity Document,1,1,0,2023-08-19,2023-09-21,Verified
DOC-0011960,LG-001184,Ownership Proof,1,0,0,2023-08-22,,Submitted
DOC-0011961,LG-001185,Land Record,1,0,0,2020-11-01,,Submitted
DOC-0011962,LG-001185,Ownership Proof,1,1,0,2020-10-15,2020-11-10,Verified
DOC-0011963,LG-001185,Ownership Proof,1,1,0,2020-11-02,2020-12-06,Verified
DOC-0011964,LG-001185,Compensation Document,1,1,0,2020-10-19,2020-11-23,Verified
DOC-0011965,LG-001185,Land Record,1,0,0,2020-10-26,,Submitted
DOC-0011966,LG-001186,Survey Record,1,1,1,2021-10-25,2021-11-11,Verified
DOC-0011967,LG-001186,Land Record,1,0,1,2021-12-04,,Submitted
DOC-0011968,LG-001186,Compensation Document,1,1,0,2021-11-08,2021-12-18,Verified
DOC-0011969,LG-001186,Survey Record,1,1,1,2021-11-23,2021-12-09,Verified
DOC-0011970,LG-001186,Land Record,1,1,0,2021-11-28,2022-01-07,Verified
DOC-0011971,LG-001186,Ownership Proof,1,1,1,2021-10-29,2021-12-02,Verified
DOC-0011972,LG-001186,Identity Document,1,1,0,2021-11-04,2021-11-20,Verified
DOC-0011973,LG-001186,Survey Record,1,0,0,2021-11-03,,Submitted
DOC-0011974,LG-001186,Ownership Proof,0,0,1,,,Pending
DOC-0011975,LG-001186,Land Record,1,1,0,2021-11-25,2021-12-17,Verified
DOC-0011976,LG-001186,Survey Record,1,1,0,2021-11-24,2021-12-12,Verified
DOC-0011977,LG-001186,Compensation Document,1,0,0,2021-10-29,,Submitted
DOC-0011978,LG-001186,Ownership Proof,1,1,0,2021-10-17,2021-11-07,Verified
DOC-0011979,LG-001187,Survey Record,1,1,0,2024-07-17,2024-08-22,Verified
DOC-0011980,LG-001187,Identity Document,1,1,0,2024-08-28,2024-10-07,Verified
DOC-0011981,LG-001187,Identity Document,1,1,0,2024-08-09,2024-09-13,Verified
DOC-0011982,LG-001187,Compensation Document,1,0,0,2024-08-22,,Submitted
DOC-0011983,LG-001187,Identity Document,0,0,0,,,Pending
DOC-0011984,LG-001187,Compensation Document,1,1,0,2024-08-11,2024-08-30,Verified
DOC-0011985,LG-001187,Ownership Proof,1,0,0,2024-08-21,,Submitted
DOC-0011986,LG-001188,Ownership Proof,1,1,0,2024-08-26,2024-09-19,Verified
DOC-0011987,LG-001188,Compensation Document,1,1,0,2024-07-14,2024-08-16,Verified
DOC-0011988,LG-001188,Land Record,1,1,0,2024-08-24,2024-09-13,Verified
DOC-0011989,LG-001188,Compensation Document,1,1,1,2024-08-30,2024-09-30,Verified
DOC-0011990,LG-001188,Compensation Document,1,1,0,2024-08-10,2024-09-16,Verified
DOC-0011991,LG-001188,Compensation Document,1,0,0,2024-08-20,,Submitted
DOC-0011992,LG-001188,Compensation Document,1,1,0,2024-09-03,2024-10-09,Verified
DOC-0011993,LG-001189,Land Record,1,0,0,2018-01-26,,Submitted
DOC-0011994,LG-001189,Identity Document,1,1,0,2018-02-10,2018-03-22,Verified
DOC-0011995,LG-001189,Compensation Document,0,0,0,,,Pending
DOC-0011996,LG-001189,Survey Record,1,1,0,2018-02-28,2018-03-25,Verified
DOC-0011997,LG-001189,Ownership Proof,1,0,0,2018-02-11,,Submitted
DOC-0011998,LG-001189,Survey Record,1,1,0,2018-01-13,2018-01-31,Verified
DOC-0011999,LG-001189,Survey Record,1,1,0,2018-02-22,2018-04-01,Verified
DOC-0012000,LG-001189,Compensation Document,1,1,1,2018-02-17,2018-03-12,Verified
DOC-0012001,LG-001189,Compensation Document,1,1,0,2018-01-24,2018-02-14,Verified
DOC-0012002,LG-001189,Survey Record,1,1,0,2018-01-12,2018-02-13,Verified
DOC-0012003,LG-001189,Identity Document,1,1,0,2018-02-04,2018-02-26,Verified
DOC-0012004,LG-001189,Land Record,1,0,0,2018-02-23,,Submitted
DOC-0012005,LG-001189,Survey Record,0,0,0,,,Pending
DOC-0012006,LG-001189,Survey Record,1,1,1,2018-02-25,2018-03-08,Verified
DOC-0012007,LG-001189,Compensation Document,1,1,0,2018-01-29,2018-02-24,Verified
DOC-0012008,LG-001190,Compensation Document,1,1,0,2020-10-19,2020-11-28,Verified
DOC-0012009,LG-001190,Compensation Document,1,1,1,2020-11-26,2021-01-05,Verified
DOC-0012010,LG-001190,Compensation Document,1,1,0,2020-12-04,2021-01-11,Verified
DOC-0012011,LG-001190,Identity Document,1,1,0,2020-10-18,2020-10-31,Verified
DOC-0012012,LG-001190,Ownership Proof,1,1,0,2020-11-18,2020-12-04,Verified
DOC-0012013,LG-001190,Ownership Proof,1,0,0,2020-11-03,,Submitted
DOC-0012014,LG-001190,Ownership Proof,1,1,0,2020-10-17,2020-11-18,Verified
DOC-0012015,LG-001190,Survey Record,1,1,0,2020-11-06,2020-11-23,Verified
DOC-0012016,LG-001191,Identity Document,1,1,0,2020-06-30,2020-08-02,Verified
DOC-0012017,LG-001191,Compensation Document,1,1,1,2020-07-21,2020-08-26,Verified
DOC-0012018,LG-001191,Compensation Document,0,0,1,,,Pending
DOC-0012019,LG-001191,Identity Document,1,1,0,2020-06-25,2020-07-09,Verified
DOC-0012020,LG-001191,Identity Document,1,0,0,2020-07-15,,Submitted
DOC-0012021,LG-001191,Ownership Proof,1,1,0,2020-08-08,2020-09-07,Verified
DOC-0012022,LG-001191,Land Record,0,0,1,,,Pending
DOC-0012023,LG-001191,Land Record,1,1,0,2020-08-05,2020-09-01,Verified
DOC-0012024,LG-001191,Land Record,1,1,0,2020-08-13,2020-08-27,Verified
DOC-0012025,LG-001191,Survey Record,1,1,1,2020-08-07,2020-08-26,Verified
DOC-0012026,LG-001191,Ownership Proof,1,0,0,2020-08-12,,Submitted
DOC-0012027,LG-001191,Ownership Proof,1,1,0,2020-07-05,2020-08-10,Verified
DOC-0012028,LG-001191,Compensation Document,0,0,1,,,Pending
DOC-0012029,LG-001191,Ownership Proof,1,0,1,2020-07-10,,Submitted
DOC-0012030,LG-001192,Land Record,1,1,0,2018-04-09,2018-05-08,Verified
DOC-0012031,LG-001192,Compensation Document,1,1,0,2018-05-16,2018-06-03,Verified
DOC-0012032,LG-001192,Land Record,1,1,0,2018-05-16,2018-05-31,Verified
DOC-0012033,LG-001192,Compensation Document,1,1,0,2018-04-18,2018-04-30,Verified
DOC-0012034,LG-001192,Compensation Document,1,1,0,2018-05-06,2018-06-03,Verified
DOC-0012035,LG-001192,Compensation Document,1,0,0,2018-04-29,,Submitted
DOC-0012036,LG-001192,Compensation Document,1,1,0,2018-04-03,2018-05-05,Verified
DOC-0012037,LG-001192,Ownership Proof,1,1,0,2018-04-06,2018-05-11,Verified
DOC-0012038,LG-001192,Survey Record,1,1,0,2018-03-30,2018-04-30,Verified
DOC-0012039,LG-001192,Land Record,1,0,0,2018-05-01,,Submitted
DOC-0012040,LG-001192,Land Record,1,1,1,2018-04-11,2018-04-24,Verified
DOC-0012041,LG-001192,Ownership Proof,1,0,0,2018-03-27,,Submitted
DOC-0012042,LG-001192,Ownership Proof,1,1,0,2018-05-08,2018-06-16,Verified
DOC-0012043,LG-001192,Ownership Proof,1,0,0,2018-04-07,,Submitted
DOC-0012044,LG-001193,Identity Document,1,1,0,2021-03-06,2021-04-05,Verified
DOC-0012045,LG-001193,Compensation Document,1,1,0,2021-03-18,2021-03-29,Verified
DOC-0012046,LG-001193,Compensation Document,1,1,0,2021-04-08,2021-05-16,Verified
DOC-0012047,LG-001193,Ownership Proof,1,1,0,2021-04-16,2021-05-26,Verified
DOC-0012048,LG-001193,Ownership Proof,1,1,0,2021-04-26,2021-05-07,Verified
DOC-0012049,LG-001193,Land Record,1,1,0,2021-03-31,2021-05-03,Verified
DOC-0012050,LG-001194,Identity Document,1,1,0,2022-05-27,2022-07-04,Verified
DOC-0012051,LG-001194,Ownership Proof,1,0,0,2022-06-16,,Submitted
DOC-0012052,LG-001194,Survey Record,1,1,0,2022-07-03,2022-07-13,Verified
DOC-0012053,LG-001194,Identity Document,1,1,0,2022-06-27,2022-07-23,Verified
DOC-0012054,LG-001194,Identity Document,1,1,0,2022-06-16,2022-07-05,Verified
DOC-0012055,LG-001194,Compensation Document,1,0,0,2022-07-07,,Submitted
DOC-0012056,LG-001194,Land Record,1,1,0,2022-05-31,2022-07-06,Verified
DOC-0012057,LG-001194,Compensation Document,1,0,0,2022-06-14,,Submitted
DOC-0012058,LG-001194,Identity Document,1,0,0,2022-06-14,,Submitted
DOC-0012059,LG-001194,Land Record,1,1,0,2022-06-28,2022-07-08,Verified
DOC-0012060,LG-001195,Compensation Document,1,0,0,2021-02-16,,Submitted
DOC-0012061,LG-001195,Identity Document,1,0,0,2021-02-22,,Submitted
DOC-0012062,LG-001195,Land Record,1,0,0,2021-02-21,,Submitted
DOC-0012063,LG-001195,Survey Record,1,1,0,2021-01-12,2021-02-18,Verified
DOC-0012064,LG-001195,Survey Record,1,1,0,2021-02-23,2021-03-09,Verified
DOC-0012065,LG-001195,Identity Document,1,0,0,2021-02-28,,Submitted
DOC-0012066,LG-001196,Compensation Document,1,1,0,2024-07-24,2024-08-20,Verified
DOC-0012067,LG-001196,Ownership Proof,1,0,0,2024-08-17,,Submitted
DOC-0012068,LG-001196,Land Record,1,0,0,2024-07-06,,Submitted
DOC-0012069,LG-001196,Ownership Proof,1,1,1,2024-08-10,2024-09-10,Verified
DOC-0012070,LG-001196,Ownership Proof,1,0,0,2024-08-18,,Submitted
DOC-0012071,LG-001196,Survey Record,1,1,0,2024-07-22,2024-08-02,Verified
DOC-0012072,LG-001196,Land Record,1,1,0,2024-07-01,2024-07-20,Verified
DOC-0012073,LG-001196,Ownership Proof,1,1,0,2024-08-01,2024-09-01,Verified
DOC-0012074,LG-001196,Ownership Proof,1,1,0,2024-07-28,2024-08-16,Verified
DOC-0012075,LG-001196,Identity Document,1,0,0,2024-07-17,,Submitted
DOC-0012076,LG-001196,Survey Record,1,1,0,2024-08-13,2024-08-29,Verified
DOC-0012077,LG-001196,Land Record,1,0,0,2024-07-09,,Submitted
DOC-0012078,LG-001196,Identity Document,1,0,0,2024-07-19,,Submitted
DOC-0012079,LG-001197,Identity Document,1,0,1,2019-11-08,,Submitted
DOC-0012080,LG-001197,Land Record,1,1,1,2019-12-02,2019-12-12,Verified
DOC-0012081,LG-001197,Ownership Proof,1,1,1,2019-10-31,2019-11-18,Verified
DOC-0012082,LG-001197,Identity Document,1,1,1,2019-11-16,2019-12-07,Verified
DOC-0012083,LG-001197,Identity Document,1,1,0,2019-11-15,2019-12-18,Verified
DOC-0012084,LG-001197,Identity Document,1,1,1,2019-12-16,2020-01-20,Verified
DOC-0012085,LG-001197,Survey Record,1,1,1,2019-12-13,2019-12-27,Verified
DOC-0012086,LG-001197,Identity Document,1,1,1,2019-11-29,2020-01-07,Verified
DOC-0012087,LG-001197,Ownership Proof,1,1,1,2019-11-23,2019-12-24,Verified
DOC-0012088,LG-001197,Survey Record,1,1,1,2019-12-20,2020-01-14,Verified
DOC-0012089,LG-001197,Identity Document,0,0,0,,,Pending
DOC-0012090,LG-001198,Identity Document,1,1,0,2020-02-19,2020-03-21,Verified
DOC-0012091,LG-001198,Survey Record,1,0,0,2020-02-13,,Submitted
DOC-0012092,LG-001198,Identity Document,1,1,0,2020-02-16,2020-03-26,Verified
DOC-0012093,LG-001198,Land Record,1,1,0,2020-01-21,2020-02-10,Verified
DOC-0012094,LG-001198,Identity Document,1,0,0,2020-02-09,,Submitted
DOC-0012095,LG-001198,Compensation Document,1,1,0,2020-02-15,2020-03-17,Verified
DOC-0012096,LG-001198,Compensation Document,1,0,0,2020-02-02,,Submitted
DOC-0012097,LG-001198,Ownership Proof,1,1,1,2020-02-22,2020-03-31,Verified
DOC-0012098,LG-001198,Identity Document,1,1,0,2020-02-19,2020-03-16,Verified
DOC-0012099,LG-001198,Identity Document,1,1,0,2020-01-13,2020-01-31,Verified
DOC-0012100,LG-001198,Compensation Document,0,0,0,,,Pending
DOC-0012101,LG-001198,Ownership Proof,1,1,0,2020-02-04,2020-02-16,Verified
DOC-0012102,LG-001198,Ownership Proof,1,0,0,2020-01-31,,Submitted
DOC-0012103,LG-001199,Land Record,1,1,0,2024-01-14,2024-02-18,Verified
DOC-0012104,LG-001199,Compensation Document,1,1,0,2023-12-30,2024-01-31,Verified
DOC-0012105,LG-001199,Identity Document,1,1,0,2024-01-04,2024-01-30,Verified
DOC-0012106,LG-001199,Land Record,1,1,0,2023-12-20,2024-01-03,Verified
DOC-0012107,LG-001199,Ownership Proof,1,1,0,2023-12-28,2024-02-03,Verified
DOC-0012108,LG-001199,Compensation Document,1,1,0,2023-12-14,2024-01-22,Verified
DOC-0012109,LG-001199,Identity Document,1,1,0,2023-12-18,2024-01-22,Verified
DOC-0012110,LG-001199,Identity Document,1,1,0,2024-01-19,2024-01-31,Verified
DOC-0012111,LG-001199,Compensation Document,1,0,0,2023-12-28,,Submitted
DOC-0012112,LG-001200,Identity Document,1,0,0,2020-07-14,,Submitted
DOC-0012113,LG-001200,Land Record,1,1,0,2020-07-30,2020-08-22,Verified
DOC-0012114,LG-001200,Land Record,1,1,0,2020-07-25,2020-08-30,Verified
DOC-0012115,LG-001200,Identity Document,1,1,0,2020-08-01,2020-09-02,Verified
DOC-0012116,LG-001200,Ownership Proof,1,1,0,2020-06-17,2020-07-13,Verified
DOC-0012117,LG-001200,Compensation Document,1,1,0,2020-07-22,2020-08-13,Verified
DOC-0012118,LG-001200,Ownership Proof,1,0,0,2020-07-26,,Submitted
DOC-0012119,LG-001200,Land Record,1,1,0,2020-06-28,2020-07-19,Verified
