dispute_id,project_id,case_type,filing_date,resolution_date,case_status,pending_days,court_level,case_severity
LEG-0000001,LG-000001,Compensation Amount Dispute,2019-07-25,,Stay Order Issued,2532,High Court,Medium
LEG-0000002,LG-000001,Encroachment,2019-01-18,2019-11-09,Resolved,0,Revenue Tribunal,Medium
LEG-0000003,LG-000001,Encroachment,2019-11-18,2020-07-19,Resolved,0,Revenue Tribunal,Medium
LEG-0000004,LG-000002,Compensation Amount Dispute,2019-04-06,,Pending,2642,District Court,Critical
LEG-0000005,LG-000002,Environmental Challenge,2019-08-31,,Pending,2495,High Court,Critical
LEG-0000006,LG-000002,Title Dispute,2019-11-09,,Under Hearing,2425,District Court,Critical
LEG-0000007,LG-000002,Environmental Challenge,2019-04-18,2019-12-13,Resolved,0,District Court,Critical
LEG-0000008,LG-000002,R&R Dispute,2019-11-08,,Under Hearing,2426,Revenue Tribunal,Critical
LEG-0000009,LG-000002,Compensation Amount Dispute,2019-03-03,,Stay Order Issued,2676,Revenue Tribunal,Critical
LEG-0000010,LG-000002,Compensation Amount Dispute,2019-02-06,2019-11-04,Resolved,0,District Court,Critical
LEG-0000011,LG-000003,Encroachment,2019-03-12,2019-12-21,Resolved,0,Revenue Tribunal,High
LEG-0000012,LG-000004,Title Dispute,2024-10-07,,Pending,631,Revenue Tribunal,High
LEG-0000013,LG-000004,Encroachment,2024-06-14,,Pending,746,High Court,High
LEG-0000014,LG-000004,Title Dispute,2025-03-13,2025-07-11,Resolved,0,District Court,Medium
LEG-0000015,LG-000004,Title Dispute,2024-07-27,,Pending,703,District Court,High
LEG-0000016,LG-000004,R&R Dispute,2024-12-25,,Stay Order Issued,552,High Court,High
LEG-0000017,LG-000005,Encroachment,2022-05-07,2022-11-15,Resolved,0,District Court,High
LEG-0000018,LG-000006,Title Dispute,2018-11-06,,Stay Order Issued,2793,District Court,Low
LEG-0000019,LG-000006,Environmental Challenge,2019-06-03,,Pending,2584,Revenue Tribunal,Low
LEG-0000020,LG-000006,Environmental Challenge,2019-05-19,,Stay Order Issued,2599,Revenue Tribunal,High
LEG-0000021,LG-000006,Compensation Amount Dispute,2018-11-21,2019-06-01,Resolved,0,Revenue Tribunal,Medium
LEG-0000022,LG-000007,R&R Dispute,2023-07-29,,Stay Order Issued,1067,Revenue Tribunal,Low
LEG-0000023,LG-000007,R&R Dispute,2023-08-09,,Stay Order Issued,1056,District Court,Medium
LEG-0000024,LG-000007,Encroachment,2023-10-17,2024-03-10,Resolved,0,District Court,Low
LEG-0000025,LG-000007,Environmental Challenge,2023-10-08,2024-01-06,Resolved,0,District Court,High
LEG-0000026,LG-000008,Encroachment,2024-01-15,,Under Hearing,897,District Court,High
LEG-0000027,LG-000008,Compensation Amount Dispute,2023-11-12,,Stay Order Issued,961,Revenue Tribunal,High
LEG-0000028,LG-000008,Compensation Amount Dispute,2023-08-15,2024-02-09,Resolved,0,High Court,Medium
LEG-0000029,LG-000008,Environmental Challenge,2024-07-21,,Under Hearing,709,District Court,High
LEG-0000030,LG-000011,Compensation Amount Dispute,2021-03-21,,Under Hearing,1927,District Court,Critical
LEG-0000031,LG-000011,Environmental Challenge,2020-12-01,,Stay Order Issued,2037,District Court,Critical
LEG-0000032,LG-000011,Title Dispute,2020-12-03,,Under Hearing,2035,High Court,Critical
LEG-0000033,LG-000011,Compensation Amount Dispute,2021-10-10,,Under Hearing,1724,District Court,Critical
LEG-0000034,LG-000011,Encroachment,2020-11-19,,Stay Order Issued,2049,District Court,Critical
LEG-0000035,LG-000011,Environmental Challenge,2021-07-06,2021-11-21,Resolved,0,High Court,Critical
LEG-0000036,LG-000011,Title Dispute,2021-07-14,2021-11-18,Resolved,0,Revenue Tribunal,Critical
LEG-0000037,LG-000011,Environmental Challenge,2021-08-11,,Under Hearing,1784,High Court,Critical
LEG-0000038,LG-000011,Environmental Challenge,2021-02-09,,Under Hearing,1967,High Court,Critical
LEG-0000039,LG-000011,R&R Dispute,2021-03-20,,Under Hearing,1928,District Court,Critical
LEG-0000040,LG-000012,Encroachment,2020-06-06,,Under Hearing,2215,District Court,Critical
LEG-0000041,LG-000012,Encroachment,2020-04-04,,Stay Order Issued,2278,District Court,Critical
LEG-0000042,LG-000012,Encroachment,2020-03-16,2020-07-30,Resolved,0,High Court,Critical
LEG-0000043,LG-000012,Environmental Challenge,2020-11-04,,Under Hearing,2064,Revenue Tribunal,Critical
LEG-0000044,LG-000012,Encroachment,2020-04-20,,Under Hearing,2262,District Court,Critical
LEG-0000045,LG-000012,Environmental Challenge,2020-05-06,2021-02-25,Resolved,0,District Court,Critical
LEG-0000046,LG-000012,Compensation Amount Dispute,2020-06-07,,Pending,2214,Revenue Tribunal,Critical
LEG-0000047,LG-000015,Environmental Challenge,2019-12-06,2020-09-29,Resolved,0,Revenue Tribunal,High
LEG-0000048,LG-000015,Title Dispute,2020-08-09,,Stay Order Issued,2151,District Court,High
LEG-0000049,LG-000015,R&R Dispute,2020-07-27,2020-11-15,Resolved,0,High Court,Low
LEG-0000050,LG-000016,R&R Dispute,2023-10-13,2024-01-15,Resolved,0,District Court,High
LEG-0000051,LG-000016,R&R Dispute,2024-03-27,2024-12-03,Resolved,0,High Court,High
LEG-0000052,LG-000016,Encroachment,2024-04-18,2024-09-04,Resolved,0,High Court,High
LEG-0000053,LG-000017,Environmental Challenge,2021-05-04,2021-12-12,Resolved,0,Revenue Tribunal,Medium
LEG-0000054,LG-000018,Compensation Amount Dispute,2020-07-27,2021-02-28,Resolved,0,High Court,Low
LEG-0000055,LG-000018,R&R Dispute,2020-08-23,,Under Hearing,2137,High Court,Medium
LEG-0000056,LG-000018,Compensation Amount Dispute,2020-08-07,,Stay Order Issued,2153,Revenue Tribunal,High
LEG-0000057,LG-000018,Compensation Amount Dispute,2020-10-19,2021-07-26,Resolved,0,High Court,High
LEG-0000058,LG-000018,Compensation Amount Dispute,2020-10-30,2021-08-18,Resolved,0,High Court,Low
LEG-0000059,LG-000018,Compensation Amount Dispute,2020-10-04,2021-07-25,Resolved,0,High Court,Low
LEG-0000060,LG-000022,Environmental Challenge,2018-11-20,2019-05-27,Resolved,0,High Court,Low
LEG-0000061,LG-000023,R&R Dispute,2023-06-19,2023-09-06,Resolved,0,District Court,High
LEG-0000062,LG-000024,R&R Dispute,2021-05-04,,Pending,1883,District Court,Medium
LEG-0000063,LG-000024,R&R Dispute,2021-01-15,,Under Hearing,1992,Revenue Tribunal,Medium
LEG-0000064,LG-000024,R&R Dispute,2021-01-26,,Pending,1981,District Court,Low
LEG-0000065,LG-000024,R&R Dispute,2021-03-09,,Stay Order Issued,1939,District Court,High
LEG-0000066,LG-000024,Encroachment,2021-02-24,,Under Hearing,1952,High Court,Medium
LEG-0000067,LG-000024,Compensation Amount Dispute,2021-03-01,,Pending,1947,District Court,High
LEG-0000068,LG-000025,Environmental Challenge,2021-11-24,2022-03-10,Resolved,0,High Court,High
LEG-0000069,LG-000026,R&R Dispute,2025-06-02,,Stay Order Issued,393,District Court,Low
LEG-0000070,LG-000026,Environmental Challenge,2024-12-06,2025-03-13,Resolved,0,High Court,Low
LEG-0000071,LG-000026,Environmental Challenge,2024-09-02,,Pending,666,High Court,Medium
LEG-0000072,LG-000026,Compensation Amount Dispute,2024-07-15,2025-02-09,Resolved,0,District Court,Medium
LEG-0000073,LG-000027,Encroachment,2021-04-05,2021-06-30,Resolved,0,Revenue Tribunal,High
LEG-0000074,LG-000027,Environmental Challenge,2020-10-19,2021-03-20,Resolved,0,District Court,Low
LEG-0000075,LG-000028,Environmental Challenge,2025-10-12,2026-01-11,Resolved,0,High Court,Low
LEG-0000076,LG-000029,Title Dispute,2025-01-28,2025-05-21,Resolved,0,High Court,High
LEG-0000077,LG-000029,Environmental Challenge,2025-02-12,,Stay Order Issued,503,Revenue Tribunal,High
LEG-0000078,LG-000029,Compensation Amount Dispute,2024-10-12,2025-04-08,Resolved,0,High Court,High
LEG-0000079,LG-000031,Environmental Challenge,2022-01-19,,Stay Order Issued,1623,Revenue Tribunal,Critical
LEG-0000080,LG-000031,R&R Dispute,2022-03-30,,Pending,1553,High Court,Critical
LEG-0000081,LG-000031,Encroachment,2023-01-11,2023-05-14,Resolved,0,High Court,Critical
LEG-0000082,LG-000031,R&R Dispute,2022-11-30,,Under Hearing,1308,High Court,Critical
LEG-0000083,LG-000031,Encroachment,2022-12-22,,Stay Order Issued,1286,District Court,Critical
LEG-0000084,LG-000031,Encroachment,2022-12-08,,Pending,1300,Revenue Tribunal,Critical
LEG-0000085,LG-000032,Encroachment,2025-03-09,2025-09-14,Resolved,0,High Court,Critical
LEG-0000086,LG-000032,Title Dispute,2025-10-30,,Stay Order Issued,243,District Court,Critical
LEG-0000087,LG-000032,Encroachment,2025-06-27,,Stay Order Issued,368,Revenue Tribunal,Critical
LEG-0000088,LG-000032,Environmental Challenge,2025-10-25,,Stay Order Issued,248,Revenue Tribunal,Critical
LEG-0000089,LG-000032,R&R Dispute,2025-07-04,,Under Hearing,361,Revenue Tribunal,Critical
LEG-0000090,LG-000032,Title Dispute,2025-10-13,,Pending,260,District Court,Critical
LEG-0000091,LG-000033,Title Dispute,2019-09-09,,Pending,2486,District Court,Critical
LEG-0000092,LG-000033,Compensation Amount Dispute,2019-09-21,,Pending,2474,District Court,Critical
LEG-0000093,LG-000033,R&R Dispute,2020-06-15,2020-12-01,Resolved,0,Revenue Tribunal,Critical
LEG-0000094,LG-000033,Encroachment,2019-07-08,,Under Hearing,2549,High Court,Critical
LEG-0000095,LG-000033,R&R Dispute,2019-08-15,2019-12-16,Resolved,0,District Court,Critical
LEG-0000096,LG-000033,Title Dispute,2020-03-21,,Under Hearing,2292,High Court,Critical
LEG-0000097,LG-000033,Compensation Amount Dispute,2020-06-26,,Under Hearing,2195,High Court,Critical
LEG-0000098,LG-000033,R&R Dispute,2020-06-29,2020-09-23,Resolved,0,Revenue Tribunal,Critical
LEG-0000099,LG-000033,Compensation Amount Dispute,2019-10-04,,Stay Order Issued,2461,District Court,Critical
LEG-0000100,LG-000034,Title Dispute,2020-01-08,,Pending,2365,Revenue Tribunal,Medium
LEG-0000101,LG-000034,Environmental Challenge,2019-12-28,2020-09-27,Resolved,0,District Court,Low
LEG-0000102,LG-000034,Environmental Challenge,2020-02-28,,Under Hearing,2314,District Court,Medium
LEG-0000103,LG-000035,Title Dispute,2025-01-19,,Under Hearing,527,High Court,Medium
LEG-0000104,LG-000035,Environmental Challenge,2025-04-17,,Stay Order Issued,439,District Court,Medium
LEG-0000105,LG-000035,Environmental Challenge,2025-01-30,,Pending,516,District Court,High
LEG-0000106,LG-000035,R&R Dispute,2024-09-29,,Pending,639,High Court,Low
LEG-0000107,LG-000035,Compensation Amount Dispute,2024-12-14,2025-06-13,Resolved,0,District Court,Low
LEG-0000108,LG-000035,Environmental Challenge,2024-06-23,2025-02-13,Resolved,0,High Court,Medium
LEG-0000109,LG-000036,R&R Dispute,2023-02-07,,Stay Order Issued,1239,High Court,Medium
LEG-0000110,LG-000036,Environmental Challenge,2022-04-28,,Under Hearing,1524,District Court,Medium
LEG-0000111,LG-000036,Encroachment,2022-08-16,,Stay Order Issued,1414,High Court,Low
LEG-0000112,LG-000036,Title Dispute,2022-09-20,,Under Hearing,1379,Revenue Tribunal,Medium
LEG-0000113,LG-000036,Compensation Amount Dispute,2022-07-31,,Under Hearing,1430,Revenue Tribunal,Low
LEG-0000114,LG-000037,Title Dispute,2021-05-03,,Under Hearing,1884,District Court,Critical
LEG-0000115,LG-000037,Title Dispute,2020-10-09,2021-01-20,Resolved,0,Revenue Tribunal,Critical
LEG-0000116,LG-000037,Title Dispute,2020-11-23,2021-06-20,Resolved,0,High Court,Critical
LEG-0000117,LG-000037,Title Dispute,2020-09-30,,Pending,2099,Revenue Tribunal,Critical
LEG-0000118,LG-000037,Compensation Amount Dispute,2021-05-10,2022-02-07,Resolved,0,Revenue Tribunal,Critical
LEG-0000119,LG-000037,Title Dispute,2021-02-08,,Pending,1968,District Court,Critical
LEG-0000120,LG-000039,Encroachment,2022-12-10,2023-08-20,Resolved,0,High Court,High
LEG-0000121,LG-000039,R&R Dispute,2023-03-17,2023-08-11,Resolved,0,High Court,Medium
LEG-0000122,LG-000041,Encroachment,2024-11-26,,Stay Order Issued,581,Revenue Tribunal,High
LEG-0000123,LG-000041,Encroachment,2024-07-10,,Pending,720,Revenue Tribunal,High
LEG-0000124,LG-000041,Environmental Challenge,2024-05-12,,Stay Order Issued,779,District Court,Medium
LEG-0000125,LG-000041,Title Dispute,2024-10-03,,Under Hearing,635,District Court,Medium
LEG-0000126,LG-000041,Title Dispute,2025-02-26,,Stay Order Issued,489,Revenue Tribunal,Medium
LEG-0000127,LG-000042,Encroachment,2025-12-06,,Stay Order Issued,206,District Court,Critical
LEG-0000128,LG-000042,R&R Dispute,2025-06-05,,Stay Order Issued,390,Revenue Tribunal,Critical
LEG-0000129,LG-000042,Encroachment,2025-04-28,,Pending,428,District Court,Critical
LEG-0000130,LG-000042,R&R Dispute,2025-08-08,,Pending,326,Revenue Tribunal,Critical
LEG-0000131,LG-000042,Environmental Challenge,2025-10-31,,Pending,242,Revenue Tribunal,Critical
LEG-0000132,LG-000042,R&R Dispute,2025-05-26,,Under Hearing,400,District Court,Critical
LEG-0000133,LG-000042,Encroachment,2025-05-26,2026-01-02,Resolved,0,District Court,Critical
LEG-0000134,LG-000042,Encroachment,2025-03-03,,Under Hearing,484,Revenue Tribunal,Critical
LEG-0000135,LG-000042,Encroachment,2025-02-01,,Under Hearing,514,District Court,Critical
LEG-0000136,LG-000042,Environmental Challenge,2025-08-08,,Pending,326,Revenue Tribunal,Critical
LEG-0000137,LG-000042,Environmental Challenge,2025-08-02,,Stay Order Issued,332,Revenue Tribunal,Critical
LEG-0000138,LG-000042,Encroachment,2025-07-04,,Pending,361,Revenue Tribunal,Critical
LEG-0000139,LG-000042,Environmental Challenge,2025-06-21,,Under Hearing,374,High Court,Critical
LEG-0000140,LG-000042,Compensation Amount Dispute,2025-01-01,2025-10-12,Resolved,0,Revenue Tribunal,Critical
LEG-0000141,LG-000042,R&R Dispute,2025-02-05,,Under Hearing,510,High Court,Critical
LEG-0000142,LG-000042,Compensation Amount Dispute,2025-10-11,,Stay Order Issued,262,High Court,Critical
LEG-0000143,LG-000042,Compensation Amount Dispute,2025-10-13,2026-04-25,Resolved,0,Revenue Tribunal,Critical
LEG-0000144,LG-000042,Title Dispute,2025-02-21,,Under Hearing,494,District Court,Critical
LEG-0000145,LG-000043,Encroachment,2022-12-21,,Pending,1287,Revenue Tribunal,Critical
LEG-0000146,LG-000043,R&R Dispute,2022-11-13,2023-04-18,Resolved,0,District Court,Critical
LEG-0000147,LG-000043,Title Dispute,2022-09-16,,Pending,1383,High Court,Critical
LEG-0000148,LG-000043,R&R Dispute,2022-06-26,,Pending,1465,High Court,Critical
LEG-0000149,LG-000043,Environmental Challenge,2022-06-06,2023-02-17,Resolved,0,Revenue Tribunal,Critical
LEG-0000150,LG-000043,Environmental Challenge,2022-10-02,,Pending,1367,Revenue Tribunal,Critical
LEG-0000151,LG-000043,Title Dispute,2022-07-27,,Under Hearing,1434,Revenue Tribunal,Critical
LEG-0000152,LG-000043,Encroachment,2023-02-21,2023-11-03,Resolved,0,Revenue Tribunal,Critical
LEG-0000153,LG-000044,R&R Dispute,2020-09-28,2021-01-21,Resolved,0,High Court,Medium
LEG-0000154,LG-000045,Environmental Challenge,2024-02-07,,Pending,874,District Court,Low
LEG-0000155,LG-000047,Compensation Amount Dispute,2023-07-20,2024-03-15,Resolved,0,Revenue Tribunal,High
LEG-0000156,LG-000047,Environmental Challenge,2023-04-12,,Stay Order Issued,1175,Revenue Tribunal,Medium
LEG-0000157,LG-000047,Compensation Amount Dispute,2023-03-31,2023-10-31,Resolved,0,Revenue Tribunal,Medium
LEG-0000158,LG-000047,Compensation Amount Dispute,2024-02-08,2024-08-27,Resolved,0,High Court,Medium
LEG-0000159,LG-000048,Title Dispute,2022-10-08,2023-01-23,Resolved,0,Revenue Tribunal,Critical
LEG-0000160,LG-000048,Encroachment,2022-10-23,,Stay Order Issued,1346,High Court,Critical
LEG-0000161,LG-000048,R&R Dispute,2022-12-01,,Pending,1307,District Court,Critical
LEG-0000162,LG-000048,R&R Dispute,2023-01-04,2023-03-16,Resolved,0,District Court,Critical
LEG-0000163,LG-000048,Compensation Amount Dispute,2022-12-06,,Under Hearing,1302,High Court,Critical
LEG-0000164,LG-000048,Title Dispute,2023-05-13,,Stay Order Issued,1144,High Court,Critical
LEG-0000165,LG-000048,R&R Dispute,2023-04-01,,Under Hearing,1186,District Court,Critical
LEG-0000166,LG-000049,Environmental Challenge,2020-12-02,,Stay Order Issued,2036,District Court,Medium
LEG-0000167,LG-000049,R&R Dispute,2021-04-02,,Under Hearing,1915,District Court,Medium
LEG-0000168,LG-000049,Compensation Amount Dispute,2021-05-06,2021-07-18,Resolved,0,Revenue Tribunal,Medium
LEG-0000169,LG-000049,Encroachment,2021-04-07,,Under Hearing,1910,District Court,Medium
LEG-0000170,LG-000049,Encroachment,2021-10-26,,Pending,1708,Revenue Tribunal,Low
LEG-0000171,LG-000049,R&R Dispute,2021-01-29,2021-11-22,Resolved,0,District Court,High
LEG-0000172,LG-000050,Environmental Challenge,2023-06-22,,Stay Order Issued,1104,Revenue Tribunal,Low
LEG-0000173,LG-000050,Encroachment,2023-05-25,2023-11-25,Resolved,0,Revenue Tribunal,High
LEG-0000174,LG-000050,Compensation Amount Dispute,2023-04-18,2023-11-29,Resolved,0,Revenue Tribunal,High
LEG-0000175,LG-000051,Title Dispute,2019-09-14,2020-05-21,Resolved,0,High Court,Medium
LEG-0000176,LG-000051,Environmental Challenge,2019-07-03,,Under Hearing,2554,Revenue Tribunal,Low
LEG-0000177,LG-000051,R&R Dispute,2019-11-26,,Under Hearing,2408,Revenue Tribunal,Low
LEG-0000178,LG-000051,Environmental Challenge,2019-10-30,2020-03-26,Resolved,0,District Court,High
LEG-0000179,LG-000051,Encroachment,2019-12-10,,Under Hearing,2394,District Court,High
LEG-0000180,LG-000051,Encroachment,2020-01-27,,Under Hearing,2346,High Court,Low
LEG-0000181,LG-000052,R&R Dispute,2019-02-05,,Pending,2702,District Court,High
LEG-0000182,LG-000052,Encroachment,2018-06-17,2018-08-26,Resolved,0,High Court,Medium
LEG-0000183,LG-000054,Encroachment,2020-04-09,,Under Hearing,2273,Revenue Tribunal,Critical
LEG-0000184,LG-000054,R&R Dispute,2020-08-19,2020-12-23,Resolved,0,Revenue Tribunal,Critical
LEG-0000185,LG-000054,Encroachment,2020-11-17,2021-08-12,Resolved,0,Revenue Tribunal,Critical
LEG-0000186,LG-000054,R&R Dispute,2021-01-16,,Pending,1991,Revenue Tribunal,Critical
LEG-0000187,LG-000054,Compensation Amount Dispute,2021-01-25,,Stay Order Issued,1982,District Court,Critical
LEG-0000188,LG-000054,Encroachment,2020-02-22,,Under Hearing,2320,Revenue Tribunal,Critical
LEG-0000189,LG-000054,Environmental Challenge,2020-07-13,,Stay Order Issued,2178,District Court,Critical
LEG-0000190,LG-000054,Title Dispute,2020-12-09,,Under Hearing,2029,District Court,Critical
LEG-0000191,LG-000054,Compensation Amount Dispute,2020-11-21,,Pending,2047,High Court,Critical
LEG-0000192,LG-000055,Compensation Amount Dispute,2019-01-24,,Stay Order Issued,2714,District Court,Low
LEG-0000193,LG-000056,Title Dispute,2020-06-07,2021-01-01,Resolved,0,Revenue Tribunal,Critical
LEG-0000194,LG-000056,Compensation Amount Dispute,2020-07-10,,Pending,2181,District Court,Critical
LEG-0000195,LG-000056,Environmental Challenge,2020-03-28,2020-11-18,Resolved,0,District Court,Critical
LEG-0000196,LG-000056,R&R Dispute,2020-06-24,,Pending,2197,District Court,Critical
LEG-0000197,LG-000056,Title Dispute,2021-02-01,,Pending,1975,High Court,Critical
LEG-0000198,LG-000056,Compensation Amount Dispute,2020-04-28,,Under Hearing,2254,District Court,Critical
LEG-0000199,LG-000056,Encroachment,2021-03-10,,Pending,1938,High Court,Critical
LEG-0000200,LG-000056,Encroachment,2020-10-01,,Stay Order Issued,2098,High Court,Critical
LEG-0000201,LG-000056,Compensation Amount Dispute,2021-02-07,,Stay Order Issued,1969,District Court,Critical
LEG-0000202,LG-000056,Compensation Amount Dispute,2020-09-20,,Stay Order Issued,2109,High Court,Critical
LEG-0000203,LG-000057,R&R Dispute,2024-12-07,,Pending,570,Revenue Tribunal,High
LEG-0000204,LG-000058,R&R Dispute,2024-08-21,,Pending,678,Revenue Tribunal,High
LEG-0000205,LG-000058,Compensation Amount Dispute,2024-03-11,,Under Hearing,841,District Court,Medium
LEG-0000206,LG-000058,R&R Dispute,2024-07-14,,Pending,716,District Court,Medium
LEG-0000207,LG-000058,Compensation Amount Dispute,2024-01-24,,Stay Order Issued,888,District Court,High
LEG-0000208,LG-000058,Compensation Amount Dispute,2024-08-20,,Pending,679,High Court,Medium
LEG-0000209,LG-000059,Environmental Challenge,2022-10-03,2023-07-26,Resolved,0,District Court,Low
LEG-0000210,LG-000059,Title Dispute,2022-09-02,,Stay Order Issued,1397,High Court,Low
LEG-0000211,LG-000059,R&R Dispute,2022-06-08,2023-01-26,Resolved,0,High Court,Low
LEG-0000212,LG-000059,Compensation Amount Dispute,2022-02-24,,Under Hearing,1587,District Court,Low
LEG-0000213,LG-000059,Compensation Amount Dispute,2022-04-26,,Pending,1526,High Court,Medium
LEG-0000214,LG-000059,Environmental Challenge,2022-01-11,,Pending,1631,District Court,Low
LEG-0000215,LG-000060,Encroachment,2019-04-19,2019-07-10,Resolved,0,District Court,Medium
LEG-0000216,LG-000060,Environmental Challenge,2019-05-09,,Under Hearing,2609,District Court,Medium
LEG-0000217,LG-000060,Compensation Amount Dispute,2019-05-19,,Pending,2599,High Court,High
LEG-0000218,LG-000060,R&R Dispute,2019-03-22,2019-09-19,Resolved,0,District Court,Low
LEG-0000219,LG-000061,Environmental Challenge,2022-04-22,2023-01-05,Resolved,0,Revenue Tribunal,High
LEG-0000220,LG-000061,R&R Dispute,2021-08-29,,Under Hearing,1766,Revenue Tribunal,Medium
LEG-0000221,LG-000062,Title Dispute,2021-11-02,,Stay Order Issued,1701,Revenue Tribunal,Low
LEG-0000222,LG-000062,Compensation Amount Dispute,2022-03-09,,Pending,1574,Revenue Tribunal,Low
LEG-0000223,LG-000062,Title Dispute,2022-04-03,,Under Hearing,1549,High Court,Low
LEG-0000224,LG-000062,Environmental Challenge,2021-07-09,,Under Hearing,1817,District Court,Low
LEG-0000225,LG-000063,Environmental Challenge,2024-03-19,,Stay Order Issued,833,District Court,High
LEG-0000226,LG-000064,Environmental Challenge,2025-09-28,,Pending,275,Revenue Tribunal,Medium
LEG-0000227,LG-000064,Title Dispute,2025-08-10,2025-12-06,Resolved,0,District Court,High
LEG-0000228,LG-000065,R&R Dispute,2022-08-06,,Stay Order Issued,1424,Revenue Tribunal,Medium
LEG-0000229,LG-000065,Title Dispute,2022-04-16,,Under Hearing,1536,Revenue Tribunal,Low
LEG-0000230,LG-000065,R&R Dispute,2022-10-28,,Stay Order Issued,1341,Revenue Tribunal,High
LEG-0000231,LG-000065,Environmental Challenge,2022-03-26,,Stay Order Issued,1557,Revenue Tribunal,Low
LEG-0000232,LG-000066,Compensation Amount Dispute,2018-10-07,,Under Hearing,2823,Revenue Tribunal,Medium
LEG-0000233,LG-000066,Encroachment,2019-04-14,,Pending,2634,District Court,Medium
LEG-0000234,LG-000066,R&R Dispute,2019-05-31,,Under Hearing,2587,High Court,Low
LEG-0000235,LG-000066,R&R Dispute,2019-04-09,,Stay Order Issued,2639,District Court,High
LEG-0000236,LG-000067,Title Dispute,2024-04-26,2024-10-10,Resolved,0,High Court,Low
LEG-0000237,LG-000067,R&R Dispute,2023-06-04,,Stay Order Issued,1122,High Court,High
LEG-0000238,LG-000067,Title Dispute,2023-10-09,,Pending,995,District Court,Medium
LEG-0000239,LG-000068,Title Dispute,2022-01-30,2022-10-27,Resolved,0,Revenue Tribunal,High
LEG-0000240,LG-000069,Compensation Amount Dispute,2018-05-11,2019-02-01,Resolved,0,District Court,Medium
LEG-0000241,LG-000069,Title Dispute,2018-03-30,,Under Hearing,3014,District Court,Medium
LEG-0000242,LG-000069,Compensation Amount Dispute,2018-05-01,,Stay Order Issued,2982,Revenue Tribunal,High
LEG-0000243,LG-000069,Title Dispute,2018-12-22,,Pending,2747,High Court,High
LEG-0000244,LG-000069,Encroachment,2019-01-27,,Stay Order Issued,2711,Revenue Tribunal,Medium
LEG-0000245,LG-000069,Environmental Challenge,2018-10-03,,Under Hearing,2827,High Court,Low
LEG-0000246,LG-000070,R&R Dispute,2024-03-30,2024-10-19,Resolved,0,High Court,High
LEG-0000247,LG-000071,R&R Dispute,2019-12-06,2020-08-16,Resolved,0,High Court,High
LEG-0000248,LG-000071,Compensation Amount Dispute,2019-10-22,2020-06-23,Resolved,0,District Court,Medium
LEG-0000249,LG-000071,R&R Dispute,2019-10-19,2020-04-11,Resolved,0,District Court,Low
LEG-0000250,LG-000072,R&R Dispute,2018-11-14,,Under Hearing,2785,High Court,Low
LEG-0000251,LG-000072,Compensation Amount Dispute,2018-03-27,2018-07-13,Resolved,0,Revenue Tribunal,High
LEG-0000252,LG-000073,Encroachment,2025-02-21,2025-07-08,Resolved,0,District Court,High
LEG-0000253,LG-000074,Title Dispute,2024-10-10,2025-01-04,Resolved,0,District Court,High
LEG-0000254,LG-000074,R&R Dispute,2024-07-13,2024-11-03,Resolved,0,Revenue Tribunal,Medium
LEG-0000255,LG-000074,Title Dispute,2024-11-01,2025-01-29,Resolved,0,Revenue Tribunal,Low
LEG-0000256,LG-000076,R&R Dispute,2023-04-17,2023-11-13,Resolved,0,High Court,Critical
LEG-0000257,LG-000076,Title Dispute,2023-06-01,,Under Hearing,1125,District Court,Critical
LEG-0000258,LG-000076,Title Dispute,2023-06-21,2023-12-12,Resolved,0,District Court,Critical
LEG-0000259,LG-000076,Title Dispute,2023-03-10,2023-07-29,Resolved,0,Revenue Tribunal,Critical
LEG-0000260,LG-000076,Encroachment,2023-04-21,,Under Hearing,1166,High Court,Critical
LEG-0000261,LG-000076,Encroachment,2023-02-27,,Stay Order Issued,1219,District Court,Critical
LEG-0000262,LG-000078,Compensation Amount Dispute,2024-10-16,2025-04-13,Resolved,0,District Court,Medium
LEG-0000263,LG-000078,Environmental Challenge,2024-04-16,,Pending,805,District Court,Low
LEG-0000264,LG-000078,Environmental Challenge,2024-11-25,,Under Hearing,582,High Court,High
LEG-0000265,LG-000078,Compensation Amount Dispute,2024-11-15,,Stay Order Issued,592,High Court,High
LEG-0000266,LG-000078,Environmental Challenge,2025-03-19,,Pending,468,High Court,Medium
LEG-0000267,LG-000079,Environmental Challenge,2022-10-16,,Stay Order Issued,1353,District Court,Low
LEG-0000268,LG-000080,Compensation Amount Dispute,2018-07-24,,Stay Order Issued,2898,High Court,Low
LEG-0000269,LG-000080,R&R Dispute,2019-05-28,,Pending,2590,District Court,Medium
LEG-0000270,LG-000081,Encroachment,2022-10-17,,Stay Order Issued,1352,District Court,Low
LEG-0000271,LG-000082,R&R Dispute,2025-10-29,2026-05-31,Resolved,0,District Court,Low
LEG-0000272,LG-000082,Environmental Challenge,2025-06-14,2026-02-17,Resolved,0,High Court,High
LEG-0000273,LG-000082,Environmental Challenge,2025-09-21,,Under Hearing,282,Revenue Tribunal,Low
LEG-0000274,LG-000082,Title Dispute,2025-07-10,2025-12-28,Resolved,0,High Court,Low
LEG-0000275,LG-000083,R&R Dispute,2023-09-10,,Pending,1024,Revenue Tribunal,Low
LEG-0000276,LG-000084,Compensation Amount Dispute,2021-01-07,2021-07-27,Resolved,0,District Court,Medium
LEG-0000277,LG-000086,Title Dispute,2020-07-06,2021-03-27,Resolved,0,High Court,High
LEG-0000278,LG-000087,Title Dispute,2020-08-11,2021-05-25,Resolved,0,Revenue Tribunal,High
LEG-0000279,LG-000087,Environmental Challenge,2020-04-18,2020-08-08,Resolved,0,High Court,Medium
LEG-0000280,LG-000087,R&R Dispute,2019-12-23,2020-03-24,Resolved,0,Revenue Tribunal,Low
LEG-0000281,LG-000088,Compensation Amount Dispute,2020-01-01,,Stay Order Issued,2372,District Court,Medium
LEG-0000282,LG-000089,R&R Dispute,2019-02-20,2019-09-16,Resolved,0,Revenue Tribunal,High
LEG-0000283,LG-000089,Encroachment,2019-03-29,2019-06-09,Resolved,0,Revenue Tribunal,Low
LEG-0000284,LG-000090,Compensation Amount Dispute,2019-05-28,2019-08-02,Resolved,0,High Court,High
LEG-0000285,LG-000090,Compensation Amount Dispute,2019-04-29,2019-12-15,Resolved,0,District Court,Low
LEG-0000286,LG-000090,Environmental Challenge,2019-06-07,2020-03-24,Resolved,0,High Court,Low
LEG-0000287,LG-000091,Compensation Amount Dispute,2019-05-14,2019-10-27,Resolved,0,High Court,Low
LEG-0000288,LG-000092,R&R Dispute,2020-02-21,2020-10-25,Resolved,0,Revenue Tribunal,High
LEG-0000289,LG-000092,Title Dispute,2019-11-21,,Stay Order Issued,2413,District Court,Medium
LEG-0000290,LG-000092,Encroachment,2019-12-04,,Pending,2400,High Court,Medium
LEG-0000291,LG-000093,Compensation Amount Dispute,2019-03-27,,Stay Order Issued,2652,High Court,Critical
LEG-0000292,LG-000093,Compensation Amount Dispute,2019-06-23,2020-01-22,Resolved,0,District Court,Critical
LEG-0000293,LG-000093,R&R Dispute,2019-03-09,,Under Hearing,2670,District Court,Critical
LEG-0000294,LG-000093,R&R Dispute,2019-02-21,,Stay Order Issued,2686,High Court,Critical
LEG-0000295,LG-000093,Compensation Amount Dispute,2019-09-04,,Under Hearing,2491,District Court,Critical
LEG-0000296,LG-000093,Environmental Challenge,2018-10-26,2019-01-17,Resolved,0,Revenue Tribunal,Critical
LEG-0000297,LG-000093,Environmental Challenge,2018-12-25,2019-06-07,Resolved,0,High Court,Critical
LEG-0000298,LG-000094,Title Dispute,2024-01-07,2024-08-18,Resolved,0,District Court,High
LEG-0000299,LG-000095,Environmental Challenge,2024-10-25,,Pending,613,High Court,Critical
LEG-0000300,LG-000095,Environmental Challenge,2024-11-01,,Under Hearing,606,District Court,Critical
LEG-0000301,LG-000095,Encroachment,2024-10-01,2025-05-19,Resolved,0,High Court,Critical
LEG-0000302,LG-000095,Compensation Amount Dispute,2025-01-29,2025-09-30,Resolved,0,High Court,Critical
LEG-0000303,LG-000095,Environmental Challenge,2024-11-30,2025-03-14,Resolved,0,District Court,Critical
LEG-0000304,LG-000095,R&R Dispute,2025-04-11,,Pending,445,Revenue Tribunal,Critical
LEG-0000305,LG-000095,R&R Dispute,2025-03-05,,Pending,482,Revenue Tribunal,Critical
LEG-0000306,LG-000095,Title Dispute,2024-08-21,,Pending,678,Revenue Tribunal,Critical
LEG-0000307,LG-000095,R&R Dispute,2025-02-27,,Pending,488,Revenue Tribunal,Critical
LEG-0000308,LG-000096,R&R Dispute,2020-08-31,2020-12-30,Resolved,0,High Court,Medium
LEG-0000309,LG-000096,Environmental Challenge,2020-08-13,,Under Hearing,2147,High Court,High
LEG-0000310,LG-000096,Encroachment,2020-10-10,2021-03-14,Resolved,0,High Court,Low
LEG-0000311,LG-000096,R&R Dispute,2021-02-09,,Stay Order Issued,1967,High Court,High
LEG-0000312,LG-000096,Compensation Amount Dispute,2020-11-13,2021-01-23,Resolved,0,Revenue Tribunal,Low
LEG-0000313,LG-000096,Encroachment,2020-10-09,,Stay Order Issued,2090,Revenue Tribunal,Medium
LEG-0000314,LG-000099,Compensation Amount Dispute,2024-08-09,,Pending,690,District Court,Medium
LEG-0000315,LG-000099,Title Dispute,2023-10-23,,Pending,981,Revenue Tribunal,Medium
LEG-0000316,LG-000099,Encroachment,2024-04-04,,Under Hearing,817,High Court,Low
LEG-0000317,LG-000099,Encroachment,2024-01-12,,Pending,900,High Court,High
LEG-0000318,LG-000100,R&R Dispute,2019-01-14,,Stay Order Issued,2724,Revenue Tribunal,Medium
LEG-0000319,LG-000100,Encroachment,2018-10-05,,Stay Order Issued,2825,District Court,Low
LEG-0000320,LG-000100,Encroachment,2018-04-13,2018-09-04,Resolved,0,High Court,Low
LEG-0000321,LG-000102,Title Dispute,2022-02-24,2022-06-14,Resolved,0,Revenue Tribunal,Low
LEG-0000322,LG-000102,Encroachment,2022-01-22,,Pending,1620,Revenue Tribunal,Medium
LEG-0000323,LG-000102,Environmental Challenge,2021-12-06,,Pending,1667,District Court,High
LEG-0000324,LG-000102,Compensation Amount Dispute,2021-08-31,2022-01-25,Resolved,0,Revenue Tribunal,Medium
LEG-0000325,LG-000102,R&R Dispute,2021-10-02,2022-03-31,Resolved,0,High Court,High
LEG-0000326,LG-000104,R&R Dispute,2020-01-06,2020-08-04,Resolved,0,Revenue Tribunal,Low
LEG-0000327,LG-000104,R&R Dispute,2020-03-10,2020-09-30,Resolved,0,High Court,Low
LEG-0000328,LG-000105,Encroachment,2024-12-13,2025-05-23,Resolved,0,District Court,Critical
LEG-0000329,LG-000105,Environmental Challenge,2025-01-20,,Under Hearing,526,Revenue Tribunal,Critical
LEG-0000330,LG-000105,Title Dispute,2024-09-16,2025-04-26,Resolved,0,Revenue Tribunal,Critical
LEG-0000331,LG-000105,Compensation Amount Dispute,2025-01-24,,Stay Order Issued,522,District Court,Critical
LEG-0000332,LG-000105,Encroachment,2025-02-25,,Stay Order Issued,490,High Court,Critical
LEG-0000333,LG-000105,R&R Dispute,2025-02-13,,Stay Order Issued,502,Revenue Tribunal,Critical
LEG-0000334,LG-000105,Encroachment,2025-01-12,2025-09-23,Resolved,0,Revenue Tribunal,Critical
LEG-0000335,LG-000105,Environmental Challenge,2025-04-11,,Stay Order Issued,445,High Court,Critical
LEG-0000336,LG-000105,R&R Dispute,2024-10-22,2025-02-22,Resolved,0,District Court,Critical
LEG-0000337,LG-000107,Compensation Amount Dispute,2018-10-30,2019-06-18,Resolved,0,High Court,Low
LEG-0000338,LG-000108,R&R Dispute,2020-02-25,,Pending,2317,Revenue Tribunal,Critical
LEG-0000339,LG-000108,Environmental Challenge,2019-12-24,,Pending,2380,Revenue Tribunal,Critical
LEG-0000340,LG-000108,Environmental Challenge,2019-10-14,2020-03-23,Resolved,0,Revenue Tribunal,Critical
LEG-0000341,LG-000108,Encroachment,2020-06-18,2020-11-17,Resolved,0,District Court,Critical
LEG-0000342,LG-000108,Title Dispute,2020-06-29,2021-02-10,Resolved,0,High Court,Critical
LEG-0000343,LG-000108,Environmental Challenge,2019-09-06,,Pending,2489,District Court,Critical
LEG-0000344,LG-000108,Title Dispute,2019-08-28,,Pending,2498,Revenue Tribunal,Critical
LEG-0000345,LG-000108,Environmental Challenge,2019-09-22,,Under Hearing,2473,District Court,Critical
LEG-0000346,LG-000109,Compensation Amount Dispute,2025-02-16,2025-05-31,Resolved,0,Revenue Tribunal,Low
LEG-0000347,LG-000110,R&R Dispute,2021-08-25,,Under Hearing,1770,District Court,Medium
LEG-0000348,LG-000110,Encroachment,2021-05-17,,Pending,1870,Revenue Tribunal,Low
LEG-0000349,LG-000110,Compensation Amount Dispute,2021-05-23,2022-01-15,Resolved,0,District Court,Medium
LEG-0000350,LG-000110,Environmental Challenge,2021-08-14,,Stay Order Issued,1781,High Court,Medium
LEG-0000351,LG-000111,Environmental Challenge,2025-04-09,,Stay Order Issued,447,Revenue Tribunal,Low
LEG-0000352,LG-000111,Environmental Challenge,2025-06-28,,Under Hearing,367,District Court,High
LEG-0000353,LG-000111,Compensation Amount Dispute,2025-06-18,,Under Hearing,377,High Court,Medium
LEG-0000354,LG-000111,Encroachment,2024-11-20,,Under Hearing,587,High Court,Medium
LEG-0000355,LG-000111,Title Dispute,2025-05-08,2025-09-11,Resolved,0,High Court,Low
LEG-0000356,LG-000113,Compensation Amount Dispute,2021-01-03,,Stay Order Issued,2004,District Court,Critical
LEG-0000357,LG-000113,Title Dispute,2020-04-30,2020-12-05,Resolved,0,Revenue Tribunal,Critical
LEG-0000358,LG-000113,Encroachment,2020-04-18,,Stay Order Issued,2264,High Court,Critical
LEG-0000359,LG-000113,Environmental Challenge,2020-10-25,,Stay Order Issued,2074,District Court,Critical
LEG-0000360,LG-000113,Compensation Amount Dispute,2020-01-31,,Under Hearing,2342,District Court,Critical
LEG-0000361,LG-000113,R&R Dispute,2021-01-06,,Under Hearing,2001,Revenue Tribunal,Critical
LEG-0000362,LG-000113,Environmental Challenge,2021-01-06,2021-04-16,Resolved,0,High Court,Critical
LEG-0000363,LG-000113,R&R Dispute,2020-02-11,,Pending,2331,Revenue Tribunal,Critical
LEG-0000364,LG-000114,Encroachment,2019-01-16,2019-07-17,Resolved,0,District Court,Medium
LEG-0000365,LG-000115,Encroachment,2023-05-20,2023-12-09,Resolved,0,District Court,High
LEG-0000366,LG-000115,Title Dispute,2023-04-22,2023-06-29,Resolved,0,Revenue Tribunal,Medium
LEG-0000367,LG-000116,Title Dispute,2021-12-24,,Stay Order Issued,1649,High Court,Medium
LEG-0000368,LG-000117,Title Dispute,2024-05-08,2024-10-25,Resolved,0,Revenue Tribunal,High
LEG-0000369,LG-000118,Title Dispute,2019-06-27,,Pending,2560,Revenue Tribunal,Critical
LEG-0000370,LG-000118,Title Dispute,2019-02-23,,Stay Order Issued,2684,Revenue Tribunal,Critical
LEG-0000371,LG-000118,Compensation Amount Dispute,2018-08-28,2019-04-15,Resolved,0,Revenue Tribunal,Critical
LEG-0000372,LG-000118,R&R Dispute,2019-07-16,,Pending,2541,Revenue Tribunal,Critical
LEG-0000373,LG-000118,Encroachment,2018-11-08,,Pending,2791,High Court,Critical
LEG-0000374,LG-000118,Environmental Challenge,2019-05-12,2019-11-18,Resolved,0,Revenue Tribunal,Critical
LEG-0000375,LG-000118,Environmental Challenge,2019-07-21,2019-10-04,Resolved,0,District Court,Critical
LEG-0000376,LG-000118,Encroachment,2018-11-08,,Under Hearing,2791,Revenue Tribunal,Critical
LEG-0000377,LG-000118,R&R Dispute,2019-02-23,,Stay Order Issued,2684,Revenue Tribunal,Critical
LEG-0000378,LG-000119,Compensation Amount Dispute,2020-10-20,2021-05-04,Resolved,0,Revenue Tribunal,High
LEG-0000379,LG-000119,R&R Dispute,2020-12-19,,Stay Order Issued,2019,High Court,Low
LEG-0000380,LG-000120,Environmental Challenge,2025-07-27,2026-01-24,Resolved,0,High Court,High
LEG-0000381,LG-000120,Environmental Challenge,2025-04-07,2025-10-27,Resolved,0,District Court,Low
LEG-0000382,LG-000121,R&R Dispute,2022-01-03,,Under Hearing,1639,High Court,High
LEG-0000383,LG-000121,Environmental Challenge,2022-03-13,2022-10-21,Resolved,0,District Court,High
LEG-0000384,LG-000121,Title Dispute,2021-10-28,2022-08-04,Resolved,0,High Court,Low
LEG-0000385,LG-000122,Title Dispute,2020-08-31,2021-06-12,Resolved,0,District Court,Low
LEG-0000386,LG-000122,Encroachment,2021-02-18,2021-11-22,Resolved,0,Revenue Tribunal,High
LEG-0000387,LG-000122,R&R Dispute,2020-10-05,2021-04-03,Resolved,0,District Court,Low
LEG-0000388,LG-000123,Environmental Challenge,2022-06-16,,Under Hearing,1475,District Court,Medium
LEG-0000389,LG-000123,Encroachment,2022-11-01,,Under Hearing,1337,District Court,Low
LEG-0000390,LG-000123,R&R Dispute,2022-04-24,,Pending,1528,High Court,Medium
LEG-0000391,LG-000123,Encroachment,2022-07-30,,Pending,1431,District Court,Low
LEG-0000392,LG-000124,Encroachment,2023-05-18,2024-01-24,Resolved,0,High Court,Low
LEG-0000393,LG-000124,R&R Dispute,2023-07-08,2023-12-02,Resolved,0,District Court,High
LEG-0000394,LG-000125,R&R Dispute,2021-06-09,2021-10-05,Resolved,0,Revenue Tribunal,Medium
LEG-0000395,LG-000125,Title Dispute,2021-01-03,2021-03-19,Resolved,0,District Court,Medium
LEG-0000396,LG-000127,Title Dispute,2025-06-17,,Pending,378,Revenue Tribunal,Critical
LEG-0000397,LG-000127,Compensation Amount Dispute,2025-06-25,2025-09-30,Resolved,0,Revenue Tribunal,Critical
LEG-0000398,LG-000127,Environmental Challenge,2025-02-22,,Under Hearing,493,Revenue Tribunal,Critical
LEG-0000399,LG-000127,Environmental Challenge,2025-06-21,,Pending,374,High Court,Critical
LEG-0000400,LG-000127,R&R Dispute,2024-12-05,2025-08-26,Resolved,0,Revenue Tribunal,Critical
LEG-0000401,LG-000127,R&R Dispute,2025-08-21,,Stay Order Issued,313,High Court,Critical
LEG-0000402,LG-000127,Environmental Challenge,2025-07-05,,Stay Order Issued,360,High Court,Critical
LEG-0000403,LG-000127,Environmental Challenge,2024-11-28,,Under Hearing,579,Revenue Tribunal,Critical
LEG-0000404,LG-000128,Encroachment,2023-08-14,2024-03-04,Resolved,0,Revenue Tribunal,Critical
LEG-0000405,LG-000128,Title Dispute,2023-04-18,,Under Hearing,1169,District Court,Critical
LEG-0000406,LG-000128,Encroachment,2023-09-05,,Stay Order Issued,1029,Revenue Tribunal,Critical
LEG-0000407,LG-000128,Encroachment,2023-12-23,,Stay Order Issued,920,High Court,Critical
LEG-0000408,LG-000128,Title Dispute,2023-04-21,,Stay Order Issued,1166,Revenue Tribunal,Critical
LEG-0000409,LG-000128,Encroachment,2023-06-28,2023-11-19,Resolved,0,District Court,Critical
LEG-0000410,LG-000128,Encroachment,2023-09-20,2024-06-30,Resolved,0,Revenue Tribunal,Critical
LEG-0000411,LG-000129,Environmental Challenge,2023-07-25,2023-12-23,Resolved,0,District Court,Low
LEG-0000412,LG-000131,R&R Dispute,2018-11-04,,Stay Order Issued,2795,Revenue Tribunal,High
LEG-0000413,LG-000131,Environmental Challenge,2018-12-07,2019-09-27,Resolved,0,District Court,Medium
LEG-0000414,LG-000131,Environmental Challenge,2019-05-17,2019-10-02,Resolved,0,High Court,High
LEG-0000415,LG-000131,R&R Dispute,2019-01-06,,Under Hearing,2732,High Court,Low
LEG-0000416,LG-000131,Title Dispute,2019-05-20,,Under Hearing,2598,High Court,High
LEG-0000417,LG-000131,R&R Dispute,2019-06-03,,Under Hearing,2584,Revenue Tribunal,High
LEG-0000418,LG-000132,Environmental Challenge,2021-11-09,2022-02-19,Resolved,0,High Court,High
LEG-0000419,LG-000133,Encroachment,2021-07-30,,Pending,1796,District Court,High
LEG-0000420,LG-000133,Environmental Challenge,2021-05-23,,Pending,1864,District Court,Low
LEG-0000421,LG-000133,Environmental Challenge,2020-12-16,,Stay Order Issued,2022,High Court,Low
LEG-0000422,LG-000134,R&R Dispute,2022-02-11,2022-06-20,Resolved,0,High Court,Medium
LEG-0000423,LG-000135,Title Dispute,2024-03-24,2024-12-18,Resolved,0,High Court,High
LEG-0000424,LG-000136,Title Dispute,2024-08-01,2024-12-12,Resolved,0,Revenue Tribunal,High
LEG-0000425,LG-000137,Compensation Amount Dispute,2020-10-15,2021-01-31,Resolved,0,District Court,Medium
LEG-0000426,LG-000137,Compensation Amount Dispute,2020-11-03,2021-05-12,Resolved,0,High Court,Medium
LEG-0000427,LG-000137,Compensation Amount Dispute,2021-03-03,2021-09-30,Resolved,0,District Court,Low
LEG-0000428,LG-000138,Compensation Amount Dispute,2023-07-18,2024-01-07,Resolved,0,District Court,Low
LEG-0000429,LG-000138,Encroachment,2023-11-07,2024-03-21,Resolved,0,Revenue Tribunal,Low
LEG-0000430,LG-000139,Environmental Challenge,2023-11-02,2024-02-15,Resolved,0,High Court,High
LEG-0000431,LG-000140,Encroachment,2018-12-08,2019-02-12,Resolved,0,Revenue Tribunal,High
LEG-0000432,LG-000141,Title Dispute,2024-05-13,2024-08-04,Resolved,0,High Court,High
LEG-0000433,LG-000142,Encroachment,2023-07-17,,Stay Order Issued,1079,High Court,Medium
LEG-0000434,LG-000143,Environmental Challenge,2022-01-20,2022-06-19,Resolved,0,Revenue Tribunal,Low
LEG-0000435,LG-000144,R&R Dispute,2025-11-16,,Under Hearing,226,Revenue Tribunal,Low
LEG-0000436,LG-000144,Encroachment,2025-06-16,,Stay Order Issued,379,High Court,Medium
LEG-0000437,LG-000144,Compensation Amount Dispute,2025-01-07,2025-08-02,Resolved,0,Revenue Tribunal,High
LEG-0000438,LG-000145,Compensation Amount Dispute,2020-07-21,,Stay Order Issued,2170,High Court,Low
LEG-0000439,LG-000145,Compensation Amount Dispute,2020-03-02,,Stay Order Issued,2311,District Court,High
LEG-0000440,LG-000145,Environmental Challenge,2020-03-30,,Pending,2283,Revenue Tribunal,High
LEG-0000441,LG-000146,Environmental Challenge,2021-05-26,2022-03-22,Resolved,0,District Court,Low
LEG-0000442,LG-000147,Compensation Amount Dispute,2021-12-31,2022-07-03,Resolved,0,District Court,Medium
LEG-0000443,LG-000147,Title Dispute,2022-03-15,2022-09-21,Resolved,0,High Court,Low
LEG-0000444,LG-000147,Encroachment,2022-06-06,2022-10-04,Resolved,0,District Court,Medium
LEG-0000445,LG-000148,R&R Dispute,2023-02-20,,Pending,1226,District Court,Critical
LEG-0000446,LG-000148,R&R Dispute,2023-02-01,2023-05-28,Resolved,0,Revenue Tribunal,Critical
LEG-0000447,LG-000148,Encroachment,2023-11-21,2024-06-25,Resolved,0,District Court,Critical
LEG-0000448,LG-000148,Compensation Amount Dispute,2023-01-07,,Under Hearing,1270,Revenue Tribunal,Critical
LEG-0000449,LG-000148,Encroachment,2023-08-06,,Pending,1059,High Court,Critical
LEG-0000450,LG-000148,Encroachment,2023-04-06,,Pending,1181,Revenue Tribunal,Critical
LEG-0000451,LG-000149,R&R Dispute,2020-03-30,,Stay Order Issued,2283,High Court,Low
LEG-0000452,LG-000149,Title Dispute,2020-11-12,,Stay Order Issued,2056,District Court,Medium
LEG-0000453,LG-000149,Compensation Amount Dispute,2020-09-01,2021-05-23,Resolved,0,Revenue Tribunal,Medium
LEG-0000454,LG-000149,Encroachment,2020-04-23,2020-08-18,Resolved,0,Revenue Tribunal,Medium
LEG-0000455,LG-000149,Compensation Amount Dispute,2020-03-18,,Under Hearing,2295,High Court,Low
LEG-0000456,LG-000150,Environmental Challenge,2019-07-10,2019-10-02,Resolved,0,Revenue Tribunal,Medium
LEG-0000457,LG-000150,Compensation Amount Dispute,2018-11-23,2019-04-24,Resolved,0,District Court,High
LEG-0000458,LG-000152,Title Dispute,2024-02-29,,Under Hearing,852,High Court,Critical
LEG-0000459,LG-000152,Title Dispute,2023-10-31,2024-03-04,Resolved,0,Revenue Tribunal,Critical
LEG-0000460,LG-000152,Environmental Challenge,2024-05-03,,Under Hearing,788,Revenue Tribunal,Critical
LEG-0000461,LG-000152,Title Dispute,2024-08-28,,Pending,671,Revenue Tribunal,Critical
LEG-0000462,LG-000152,Compensation Amount Dispute,2023-10-15,,Pending,989,Revenue Tribunal,Critical
LEG-0000463,LG-000152,Environmental Challenge,2024-01-29,,Under Hearing,883,High Court,Critical
LEG-0000464,LG-000153,Encroachment,2024-04-11,,Stay Order Issued,810,Revenue Tribunal,High
LEG-0000465,LG-000153,Encroachment,2024-03-19,,Under Hearing,833,District Court,Low
LEG-0000466,LG-000153,Compensation Amount Dispute,2024-10-17,2025-06-17,Resolved,0,High Court,High
LEG-0000467,LG-000154,R&R Dispute,2022-09-26,,Under Hearing,1373,High Court,Low
LEG-0000468,LG-000154,Title Dispute,2022-11-18,,Under Hearing,1320,Revenue Tribunal,High
LEG-0000469,LG-000154,Title Dispute,2022-06-01,,Under Hearing,1490,District Court,Medium
LEG-0000470,LG-000155,R&R Dispute,2023-06-28,2024-04-14,Resolved,0,Revenue Tribunal,Low
LEG-0000471,LG-000156,Encroachment,2021-10-12,2022-08-02,Resolved,0,Revenue Tribunal,Medium
LEG-0000472,LG-000156,R&R Dispute,2022-02-18,2022-08-13,Resolved,0,Revenue Tribunal,Low
LEG-0000473,LG-000156,Compensation Amount Dispute,2022-02-26,2022-09-10,Resolved,0,District Court,Medium
LEG-0000474,LG-000157,Encroachment,2025-07-08,2026-04-26,Resolved,0,District Court,Medium
LEG-0000475,LG-000159,R&R Dispute,2020-04-26,2020-08-02,Resolved,0,Revenue Tribunal,Low
LEG-0000476,LG-000160,Title Dispute,2024-01-03,,Pending,909,Revenue Tribunal,Low
LEG-0000477,LG-000161,Compensation Amount Dispute,2023-08-31,,Stay Order Issued,1034,High Court,Critical
LEG-0000478,LG-000161,Compensation Amount Dispute,2022-11-07,2023-05-12,Resolved,0,High Court,Critical
LEG-0000479,LG-000161,Encroachment,2023-01-08,,Stay Order Issued,1269,High Court,Critical
LEG-0000480,LG-000161,R&R Dispute,2022-11-13,,Stay Order Issued,1325,District Court,Critical
LEG-0000481,LG-000161,Compensation Amount Dispute,2023-05-30,2024-03-14,Resolved,0,Revenue Tribunal,Critical
LEG-0000482,LG-000161,Compensation Amount Dispute,2023-10-05,2024-03-02,Resolved,0,District Court,Critical
LEG-0000483,LG-000161,Environmental Challenge,2023-02-02,,Pending,1244,Revenue Tribunal,Critical
LEG-0000484,LG-000161,Title Dispute,2023-01-23,,Under Hearing,1254,District Court,Critical
LEG-0000485,LG-000161,Encroachment,2023-03-28,2023-10-21,Resolved,0,High Court,Critical
LEG-0000486,LG-000162,Encroachment,2024-08-11,,Stay Order Issued,688,Revenue Tribunal,Medium
LEG-0000487,LG-000164,Environmental Challenge,2021-07-07,2021-12-26,Resolved,0,High Court,Low
LEG-0000488,LG-000165,Title Dispute,2019-02-26,2019-07-18,Resolved,0,High Court,High
LEG-0000489,LG-000166,Title Dispute,2019-12-18,,Stay Order Issued,2386,High Court,Medium
LEG-0000490,LG-000167,R&R Dispute,2020-09-11,2021-05-03,Resolved,0,Revenue Tribunal,Low
LEG-0000491,LG-000167,R&R Dispute,2021-02-16,,Stay Order Issued,1960,District Court,Medium
LEG-0000492,LG-000167,Environmental Challenge,2021-07-12,,Under Hearing,1814,District Court,High
LEG-0000493,LG-000167,R&R Dispute,2020-10-15,,Stay Order Issued,2084,District Court,Medium
LEG-0000494,LG-000167,Encroachment,2020-08-20,,Pending,2140,District Court,Medium
LEG-0000495,LG-000167,Encroachment,2021-04-25,,Pending,1892,High Court,High
LEG-0000496,LG-000168,R&R Dispute,2018-12-30,,Pending,2739,District Court,Medium
LEG-0000497,LG-000168,Compensation Amount Dispute,2019-10-13,2020-08-08,Resolved,0,District Court,High
LEG-0000498,LG-000168,Environmental Challenge,2019-10-23,,Stay Order Issued,2442,District Court,Low
LEG-0000499,LG-000168,Title Dispute,2019-06-30,,Under Hearing,2557,Revenue Tribunal,High
LEG-0000500,LG-000169,Environmental Challenge,2022-03-06,,Stay Order Issued,1577,High Court,High
LEG-0000501,LG-000169,Encroachment,2022-02-18,,Stay Order Issued,1593,District Court,Low
LEG-0000502,LG-000169,Compensation Amount Dispute,2022-01-28,,Pending,1614,District Court,High
LEG-0000503,LG-000169,R&R Dispute,2021-06-25,,Stay Order Issued,1831,High Court,Medium
LEG-0000504,LG-000169,Title Dispute,2022-04-12,,Stay Order Issued,1540,District Court,High
LEG-0000505,LG-000169,Environmental Challenge,2022-03-30,,Stay Order Issued,1553,High Court,Low
LEG-0000506,LG-000170,Title Dispute,2020-03-14,,Under Hearing,2299,Revenue Tribunal,High
LEG-0000507,LG-000170,Compensation Amount Dispute,2020-07-07,,Stay Order Issued,2184,High Court,Low
LEG-0000508,LG-000170,Title Dispute,2020-01-21,,Under Hearing,2352,Revenue Tribunal,Medium
LEG-0000509,LG-000170,R&R Dispute,2020-05-28,,Under Hearing,2224,High Court,Medium
LEG-0000510,LG-000171,R&R Dispute,2023-06-24,2023-11-03,Resolved,0,Revenue Tribunal,Low
LEG-0000511,LG-000171,Encroachment,2023-04-05,2023-09-18,Resolved,0,District Court,Medium
LEG-0000512,LG-000171,Environmental Challenge,2023-05-10,,Pending,1147,District Court,High
LEG-0000513,LG-000172,R&R Dispute,2018-10-29,2019-05-29,Resolved,0,Revenue Tribunal,Low
LEG-0000514,LG-000172,Title Dispute,2019-06-05,2019-12-30,Resolved,0,Revenue Tribunal,High
LEG-0000515,LG-000173,R&R Dispute,2021-02-10,,Pending,1966,District Court,Critical
LEG-0000516,LG-000173,R&R Dispute,2020-11-27,2021-06-18,Resolved,0,District Court,Critical
LEG-0000517,LG-000173,Encroachment,2021-01-19,,Stay Order Issued,1988,District Court,Critical
LEG-0000518,LG-000173,Compensation Amount Dispute,2021-02-12,,Under Hearing,1964,Revenue Tribunal,Critical
LEG-0000519,LG-000173,R&R Dispute,2020-10-24,,Pending,2075,High Court,Critical
LEG-0000520,LG-000173,Title Dispute,2021-07-27,,Stay Order Issued,1799,High Court,Critical
LEG-0000521,LG-000173,Encroachment,2021-05-04,,Under Hearing,1883,High Court,Critical
LEG-0000522,LG-000173,Compensation Amount Dispute,2020-08-17,,Under Hearing,2143,Revenue Tribunal,Critical
LEG-0000523,LG-000174,Title Dispute,2023-06-16,2024-03-13,Resolved,0,District Court,Low
LEG-0000524,LG-000175,Environmental Challenge,2021-11-18,,Pending,1685,Revenue Tribunal,Critical
LEG-0000525,LG-000175,Title Dispute,2021-09-21,,Under Hearing,1743,High Court,Critical
LEG-0000526,LG-000175,Encroachment,2022-04-28,2023-01-06,Resolved,0,District Court,Critical
LEG-0000527,LG-000175,Compensation Amount Dispute,2021-07-17,2022-02-06,Resolved,0,High Court,Critical
LEG-0000528,LG-000175,Title Dispute,2021-09-15,,Stay Order Issued,1749,District Court,Critical
LEG-0000529,LG-000175,Title Dispute,2022-02-23,,Stay Order Issued,1588,Revenue Tribunal,Critical
LEG-0000530,LG-000175,Environmental Challenge,2021-12-25,2022-06-05,Resolved,0,High Court,Critical
LEG-0000531,LG-000175,Encroachment,2022-05-23,,Stay Order Issued,1499,District Court,Critical
LEG-0000532,LG-000177,Title Dispute,2025-02-22,2025-10-04,Resolved,0,Revenue Tribunal,Critical
LEG-0000533,LG-000177,R&R Dispute,2024-11-24,2025-09-11,Resolved,0,District Court,Critical
LEG-0000534,LG-000177,Encroachment,2024-08-14,,Under Hearing,685,District Court,Critical
LEG-0000535,LG-000177,Encroachment,2024-06-22,2024-10-30,Resolved,0,High Court,Critical
LEG-0000536,LG-000177,Title Dispute,2025-02-06,,Under Hearing,509,Revenue Tribunal,Critical
LEG-0000537,LG-000177,Title Dispute,2024-10-26,,Stay Order Issued,612,High Court,Critical
LEG-0000538,LG-000177,Encroachment,2024-10-17,,Under Hearing,621,High Court,Critical
LEG-0000539,LG-000178,Environmental Challenge,2024-12-01,2025-08-24,Resolved,0,District Court,Medium
LEG-0000540,LG-000178,Encroachment,2025-04-18,2026-01-30,Resolved,0,District Court,Low
LEG-0000541,LG-000178,Environmental Challenge,2025-05-12,2026-03-01,Resolved,0,High Court,Medium
LEG-0000542,LG-000179,R&R Dispute,2021-12-07,2022-07-01,Resolved,0,High Court,High
LEG-0000543,LG-000179,Environmental Challenge,2021-09-11,2022-01-09,Resolved,0,Revenue Tribunal,Low
LEG-0000544,LG-000180,Title Dispute,2022-04-15,2022-11-11,Resolved,0,Revenue Tribunal,Medium
LEG-0000545,LG-000181,Compensation Amount Dispute,2022-08-21,,Under Hearing,1409,Revenue Tribunal,Medium
LEG-0000546,LG-000181,Compensation Amount Dispute,2022-08-18,,Under Hearing,1412,Revenue Tribunal,High
LEG-0000547,LG-000181,Environmental Challenge,2021-11-21,,Stay Order Issued,1682,District Court,Low
LEG-0000548,LG-000181,Environmental Challenge,2022-01-24,2022-05-11,Resolved,0,High Court,Medium
LEG-0000549,LG-000182,Encroachment,2022-04-02,2022-09-13,Resolved,0,High Court,High
LEG-0000550,LG-000183,Title Dispute,2020-02-14,,Stay Order Issued,2328,District Court,Low
LEG-0000551,LG-000183,Environmental Challenge,2019-06-27,,Stay Order Issued,2560,Revenue Tribunal,High
LEG-0000552,LG-000183,Compensation Amount Dispute,2019-12-02,,Stay Order Issued,2402,Revenue Tribunal,Low
LEG-0000553,LG-000183,R&R Dispute,2019-11-05,,Stay Order Issued,2429,High Court,Medium
LEG-0000554,LG-000184,Compensation Amount Dispute,2021-12-22,,Stay Order Issued,1651,District Court,Low
LEG-0000555,LG-000185,R&R Dispute,2025-01-13,,Stay Order Issued,533,Revenue Tribunal,Critical
LEG-0000556,LG-000185,Environmental Challenge,2024-05-26,,Pending,765,District Court,Critical
LEG-0000557,LG-000185,Compensation Amount Dispute,2024-04-17,2024-12-25,Resolved,0,Revenue Tribunal,Critical
LEG-0000558,LG-000185,Title Dispute,2024-09-15,,Under Hearing,653,Revenue Tribunal,Critical
LEG-0000559,LG-000185,R&R Dispute,2024-05-25,,Under Hearing,766,District Court,Critical
LEG-0000560,LG-000185,Compensation Amount Dispute,2024-10-19,,Stay Order Issued,619,High Court,Critical
LEG-0000561,LG-000185,Environmental Challenge,2024-04-30,2024-07-26,Resolved,0,Revenue Tribunal,Critical
LEG-0000562,LG-000185,Compensation Amount Dispute,2024-03-24,,Stay Order Issued,828,High Court,Critical
LEG-0000563,LG-000185,Title Dispute,2024-06-17,,Pending,743,District Court,Critical
LEG-0000564,LG-000185,R&R Dispute,2024-01-19,2024-08-29,Resolved,0,Revenue Tribunal,Critical
LEG-0000565,LG-000186,Title Dispute,2021-05-13,,Stay Order Issued,1874,Revenue Tribunal,Low
LEG-0000566,LG-000186,Compensation Amount Dispute,2020-09-03,,Under Hearing,2126,High Court,Medium
LEG-0000567,LG-000186,R&R Dispute,2020-11-30,2021-09-14,Resolved,0,High Court,Medium
LEG-0000568,LG-000186,Compensation Amount Dispute,2020-09-27,,Stay Order Issued,2102,District Court,Low
LEG-0000569,LG-000186,Compensation Amount Dispute,2020-10-21,,Under Hearing,2078,District Court,Medium
LEG-0000570,LG-000187,Compensation Amount Dispute,2023-02-05,,Under Hearing,1241,Revenue Tribunal,Critical
LEG-0000571,LG-000187,Title Dispute,2023-01-30,2023-07-19,Resolved,0,District Court,Critical
LEG-0000572,LG-000187,Compensation Amount Dispute,2022-10-19,,Stay Order Issued,1350,Revenue Tribunal,Critical
LEG-0000573,LG-000187,Environmental Challenge,2023-05-22,,Stay Order Issued,1135,Revenue Tribunal,Critical
LEG-0000574,LG-000187,Environmental Challenge,2023-03-18,,Stay Order Issued,1200,High Court,Critical
LEG-0000575,LG-000187,Environmental Challenge,2023-04-06,,Pending,1181,Revenue Tribunal,Critical
LEG-0000576,LG-000187,R&R Dispute,2023-06-01,2023-08-12,Resolved,0,High Court,Critical
LEG-0000577,LG-000187,Environmental Challenge,2023-04-18,,Under Hearing,1169,Revenue Tribunal,Critical
LEG-0000578,LG-000187,Compensation Amount Dispute,2023-08-18,,Stay Order Issued,1047,Revenue Tribunal,Critical
LEG-0000579,LG-000188,Encroachment,2022-11-29,,Stay Order Issued,1309,High Court,High
LEG-0000580,LG-000188,R&R Dispute,2022-11-24,,Under Hearing,1314,District Court,Low
LEG-0000581,LG-000188,Environmental Challenge,2023-03-06,2023-12-09,Resolved,0,District Court,High
LEG-0000582,LG-000188,Compensation Amount Dispute,2023-03-28,,Pending,1190,High Court,Medium
LEG-0000583,LG-000188,Environmental Challenge,2023-03-04,,Under Hearing,1214,High Court,Low
LEG-0000584,LG-000188,Encroachment,2022-12-12,,Pending,1296,District Court,Low
LEG-0000585,LG-000189,Encroachment,2022-05-30,,Stay Order Issued,1492,District Court,Critical
LEG-0000586,LG-000189,Environmental Challenge,2022-09-05,,Pending,1394,District Court,Critical
LEG-0000587,LG-000189,Environmental Challenge,2022-03-18,,Pending,1565,High Court,Critical
LEG-0000588,LG-000189,Environmental Challenge,2022-10-16,,Stay Order Issued,1353,Revenue Tribunal,Critical
LEG-0000589,LG-000189,Environmental Challenge,2022-06-08,,Pending,1483,Revenue Tribunal,Critical
LEG-0000590,LG-000189,Environmental Challenge,2022-05-06,,Under Hearing,1516,District Court,Critical
LEG-0000591,LG-000189,Title Dispute,2022-10-09,2023-04-05,Resolved,0,District Court,Critical
LEG-0000592,LG-000189,Compensation Amount Dispute,2021-11-30,,Stay Order Issued,1673,Revenue Tribunal,Critical
LEG-0000593,LG-000189,Title Dispute,2022-09-28,2023-06-16,Resolved,0,High Court,Critical
LEG-0000594,LG-000189,Title Dispute,2022-05-10,2022-11-08,Resolved,0,Revenue Tribunal,Critical
LEG-0000595,LG-000190,Encroachment,2022-06-26,,Stay Order Issued,1465,Revenue Tribunal,Low
LEG-0000596,LG-000190,R&R Dispute,2021-10-22,,Stay Order Issued,1712,High Court,Medium
LEG-0000597,LG-000190,Compensation Amount Dispute,2022-09-25,2023-04-18,Resolved,0,Revenue Tribunal,Medium
LEG-0000598,LG-000190,Title Dispute,2022-09-04,2023-01-22,Resolved,0,High Court,Low
LEG-0000599,LG-000191,Compensation Amount Dispute,2020-08-22,,Stay Order Issued,2138,District Court,Medium
LEG-0000600,LG-000191,Environmental Challenge,2020-10-23,2021-02-23,Resolved,0,Revenue Tribunal,Low
LEG-0000601,LG-000191,Compensation Amount Dispute,2020-08-01,,Pending,2159,Revenue Tribunal,Low
LEG-0000602,LG-000191,Compensation Amount Dispute,2021-01-05,,Stay Order Issued,2002,High Court,Medium
LEG-0000603,LG-000192,Encroachment,2024-10-15,2025-05-29,Resolved,0,High Court,High
LEG-0000604,LG-000192,Compensation Amount Dispute,2024-03-27,2024-12-31,Resolved,0,High Court,High
LEG-0000605,LG-000193,Compensation Amount Dispute,2019-09-16,,Pending,2479,High Court,Low
LEG-0000606,LG-000193,Compensation Amount Dispute,2020-06-13,,Stay Order Issued,2208,District Court,Medium
LEG-0000607,LG-000193,Title Dispute,2019-12-10,,Under Hearing,2394,High Court,High
LEG-0000608,LG-000193,R&R Dispute,2019-08-15,,Pending,2511,High Court,Medium
LEG-0000609,LG-000193,R&R Dispute,2020-05-01,2020-11-03,Resolved,0,Revenue Tribunal,Low
LEG-0000610,LG-000194,Environmental Challenge,2021-12-20,2022-07-04,Resolved,0,District Court,Medium
LEG-0000611,LG-000194,Encroachment,2022-01-14,,Under Hearing,1628,Revenue Tribunal,Medium
LEG-0000612,LG-000195,Compensation Amount Dispute,2023-08-09,2023-11-01,Resolved,0,Revenue Tribunal,High
LEG-0000613,LG-000195,Environmental Challenge,2022-11-01,2023-01-09,Resolved,0,District Court,Low
LEG-0000614,LG-000195,Compensation Amount Dispute,2022-11-23,,Pending,1315,High Court,High
LEG-0000615,LG-000195,R&R Dispute,2023-05-25,,Pending,1132,Revenue Tribunal,High
LEG-0000616,LG-000195,Title Dispute,2023-07-26,,Pending,1070,District Court,High
LEG-0000617,LG-000196,Encroachment,2020-02-14,2020-04-19,Resolved,0,High Court,Critical
LEG-0000618,LG-000196,R&R Dispute,2020-02-18,,Under Hearing,2324,Revenue Tribunal,Critical
LEG-0000619,LG-000196,R&R Dispute,2020-07-10,,Under Hearing,2181,High Court,Critical
LEG-0000620,LG-000196,Title Dispute,2020-01-04,,Pending,2369,District Court,Critical
LEG-0000621,LG-000196,R&R Dispute,2020-07-11,,Stay Order Issued,2180,District Court,Critical
LEG-0000622,LG-000196,Title Dispute,2020-01-17,,Pending,2356,High Court,Critical
LEG-0000623,LG-000197,R&R Dispute,2019-12-24,,Under Hearing,2380,Revenue Tribunal,Medium
LEG-0000624,LG-000198,Compensation Amount Dispute,2024-10-08,2025-06-24,Resolved,0,Revenue Tribunal,Medium
LEG-0000625,LG-000199,Encroachment,2024-10-07,,Pending,631,District Court,Critical
LEG-0000626,LG-000199,R&R Dispute,2025-02-23,2025-07-14,Resolved,0,Revenue Tribunal,Critical
LEG-0000627,LG-000199,Encroachment,2025-03-16,2025-10-08,Resolved,0,High Court,Critical
LEG-0000628,LG-000199,Compensation Amount Dispute,2025-05-06,,Stay Order Issued,420,Revenue Tribunal,Critical
LEG-0000629,LG-000199,R&R Dispute,2024-09-28,2025-06-19,Resolved,0,District Court,Critical
LEG-0000630,LG-000199,Encroachment,2024-11-15,2025-06-05,Resolved,0,Revenue Tribunal,Critical
LEG-0000631,LG-000199,Compensation Amount Dispute,2025-08-08,,Under Hearing,326,Revenue Tribunal,Critical
LEG-0000632,LG-000200,Environmental Challenge,2020-04-07,,Pending,2275,District Court,Low
LEG-0000633,LG-000201,Environmental Challenge,2023-06-06,,Pending,1120,Revenue Tribunal,Critical
LEG-0000634,LG-000201,R&R Dispute,2022-10-03,,Stay Order Issued,1366,Revenue Tribunal,Critical
LEG-0000635,LG-000201,R&R Dispute,2022-10-22,2023-06-11,Resolved,0,Revenue Tribunal,Critical
LEG-0000636,LG-000201,Title Dispute,2022-09-22,,Pending,1377,High Court,Critical
LEG-0000637,LG-000201,Encroachment,2023-02-08,,Under Hearing,1238,Revenue Tribunal,Critical
LEG-0000638,LG-000201,Encroachment,2022-10-27,,Under Hearing,1342,High Court,Critical
LEG-0000639,LG-000203,Encroachment,2022-07-11,,Pending,1450,Revenue Tribunal,Low
LEG-0000640,LG-000203,R&R Dispute,2022-10-18,,Stay Order Issued,1351,Revenue Tribunal,Medium
LEG-0000641,LG-000203,Encroachment,2022-11-12,,Pending,1326,Revenue Tribunal,Low
LEG-0000642,LG-000203,Title Dispute,2023-01-13,,Under Hearing,1264,District Court,Medium
LEG-0000643,LG-000203,Title Dispute,2022-09-13,,Pending,1386,Revenue Tribunal,High
LEG-0000644,LG-000203,R&R Dispute,2022-12-23,,Under Hearing,1285,High Court,High
LEG-0000645,LG-000204,Title Dispute,2022-04-27,,Under Hearing,1525,District Court,Medium
LEG-0000646,LG-000205,Title Dispute,2019-01-09,,Pending,2729,District Court,Critical
LEG-0000647,LG-000205,Compensation Amount Dispute,2019-10-20,2020-03-15,Resolved,0,High Court,Critical
LEG-0000648,LG-000205,Title Dispute,2019-07-09,,Stay Order Issued,2548,District Court,Critical
LEG-0000649,LG-000205,Encroachment,2019-06-14,,Stay Order Issued,2573,Revenue Tribunal,Critical
LEG-0000650,LG-000205,R&R Dispute,2019-07-15,,Pending,2542,District Court,Critical
LEG-0000651,LG-000205,Encroachment,2019-02-01,,Stay Order Issued,2706,Revenue Tribunal,Critical
LEG-0000652,LG-000205,Encroachment,2019-04-06,,Under Hearing,2642,High Court,Critical
LEG-0000653,LG-000205,Encroachment,2019-10-26,2020-05-10,Resolved,0,Revenue Tribunal,Critical
LEG-0000654,LG-000205,R&R Dispute,2019-05-19,2019-10-27,Resolved,0,Revenue Tribunal,Critical
LEG-0000655,LG-000205,Title Dispute,2019-04-26,,Under Hearing,2622,Revenue Tribunal,Critical
LEG-0000656,LG-000206,Compensation Amount Dispute,2023-04-08,2023-12-25,Resolved,0,Revenue Tribunal,Medium
LEG-0000657,LG-000206,Environmental Challenge,2023-02-28,2023-06-09,Resolved,0,High Court,High
LEG-0000658,LG-000207,Compensation Amount Dispute,2019-10-21,,Pending,2444,High Court,Critical
LEG-0000659,LG-000207,Environmental Challenge,2019-11-06,,Pending,2428,District Court,Critical
LEG-0000660,LG-000207,Title Dispute,2020-03-17,,Stay Order Issued,2296,High Court,Critical
LEG-0000661,LG-000207,Encroachment,2020-03-31,,Stay Order Issued,2282,Revenue Tribunal,Critical
LEG-0000662,LG-000207,Compensation Amount Dispute,2020-06-03,,Stay Order Issued,2218,District Court,Critical
LEG-0000663,LG-000207,Compensation Amount Dispute,2020-06-12,2020-09-12,Resolved,0,Revenue Tribunal,Critical
LEG-0000664,LG-000207,Title Dispute,2019-11-28,,Under Hearing,2406,Revenue Tribunal,Critical
LEG-0000665,LG-000208,Compensation Amount Dispute,2025-03-03,,Under Hearing,484,District Court,High
LEG-0000666,LG-000208,Environmental Challenge,2025-05-26,2025-09-06,Resolved,0,Revenue Tribunal,High
LEG-0000667,LG-000208,Encroachment,2025-02-14,,Pending,501,District Court,Medium
LEG-0000668,LG-000208,Compensation Amount Dispute,2025-01-04,2025-06-11,Resolved,0,Revenue Tribunal,Low
LEG-0000669,LG-000208,R&R Dispute,2025-07-02,,Under Hearing,363,High Court,Low
LEG-0000670,LG-000208,R&R Dispute,2025-07-27,,Pending,338,Revenue Tribunal,High
LEG-0000671,LG-000209,Encroachment,2018-07-31,2019-04-03,Resolved,0,District Court,Low
LEG-0000672,LG-000210,Environmental Challenge,2019-11-02,,Pending,2432,Revenue Tribunal,Low
LEG-0000673,LG-000210,Environmental Challenge,2019-12-18,2020-09-14,Resolved,0,High Court,Medium
LEG-0000674,LG-000210,R&R Dispute,2020-03-22,,Stay Order Issued,2291,District Court,Medium
LEG-0000675,LG-000210,Environmental Challenge,2019-06-14,2020-02-06,Resolved,0,High Court,Medium
LEG-0000676,LG-000211,Compensation Amount Dispute,2019-02-03,2019-06-21,Resolved,0,Revenue Tribunal,Low
LEG-0000677,LG-000212,Encroachment,2021-04-05,,Pending,1912,High Court,Critical
LEG-0000678,LG-000212,Encroachment,2021-09-23,,Under Hearing,1741,High Court,Critical
LEG-0000679,LG-000212,Environmental Challenge,2020-11-29,,Stay Order Issued,2039,Revenue Tribunal,Critical
LEG-0000680,LG-000212,Compensation Amount Dispute,2020-12-09,,Under Hearing,2029,High Court,Critical
LEG-0000681,LG-000212,Title Dispute,2021-07-11,,Pending,1815,High Court,Critical
LEG-0000682,LG-000212,R&R Dispute,2021-03-23,2021-07-20,Resolved,0,High Court,Critical
LEG-0000683,LG-000212,Compensation Amount Dispute,2021-07-14,,Under Hearing,1812,District Court,Critical
LEG-0000684,LG-000213,Title Dispute,2022-01-09,,Under Hearing,1633,High Court,Low
LEG-0000685,LG-000213,Title Dispute,2021-07-19,2021-12-05,Resolved,0,High Court,Medium
LEG-0000686,LG-000213,Compensation Amount Dispute,2021-06-18,2022-03-18,Resolved,0,Revenue Tribunal,High
LEG-0000687,LG-000214,Environmental Challenge,2023-02-16,,Pending,1230,Revenue Tribunal,Medium
LEG-0000688,LG-000214,Title Dispute,2022-08-14,2023-01-24,Resolved,0,High Court,High
LEG-0000689,LG-000214,Environmental Challenge,2022-06-05,,Stay Order Issued,1486,District Court,High
LEG-0000690,LG-000214,Environmental Challenge,2022-09-29,2023-07-13,Resolved,0,District Court,High
LEG-0000691,LG-000215,Environmental Challenge,2022-03-18,2022-06-25,Resolved,0,Revenue Tribunal,Medium
LEG-0000692,LG-000215,Encroachment,2021-06-29,,Pending,1827,High Court,Medium
LEG-0000693,LG-000215,Encroachment,2021-07-04,2022-02-23,Resolved,0,Revenue Tribunal,Low
LEG-0000694,LG-000217,R&R Dispute,2021-12-30,,Stay Order Issued,1643,High Court,Low
LEG-0000695,LG-000217,Compensation Amount Dispute,2022-12-23,,Stay Order Issued,1285,Revenue Tribunal,High
LEG-0000696,LG-000217,Encroachment,2022-01-20,,Under Hearing,1622,District Court,High
LEG-0000697,LG-000217,Environmental Challenge,2022-11-20,,Stay Order Issued,1318,Revenue Tribunal,Low
LEG-0000698,LG-000217,R&R Dispute,2022-09-05,,Stay Order Issued,1394,Revenue Tribunal,High
LEG-0000699,LG-000218,R&R Dispute,2022-09-29,,Under Hearing,1370,High Court,Medium
LEG-0000700,LG-000218,Environmental Challenge,2022-10-26,,Pending,1343,District Court,High
LEG-0000701,LG-000219,R&R Dispute,2023-05-04,,Stay Order Issued,1153,High Court,Critical
LEG-0000702,LG-000219,Environmental Challenge,2022-06-18,,Under Hearing,1473,District Court,Critical
LEG-0000703,LG-000219,Compensation Amount Dispute,2023-02-19,,Pending,1227,High Court,Critical
LEG-0000704,LG-000219,R&R Dispute,2023-05-24,2024-03-06,Resolved,0,District Court,Critical
LEG-0000705,LG-000219,R&R Dispute,2022-10-15,2023-04-11,Resolved,0,District Court,Critical
LEG-0000706,LG-000219,Environmental Challenge,2022-07-16,,Stay Order Issued,1445,High Court,Critical
LEG-0000707,LG-000219,R&R Dispute,2022-08-20,,Pending,1410,Revenue Tribunal,Critical
LEG-0000708,LG-000219,Compensation Amount Dispute,2022-08-29,,Under Hearing,1401,Revenue Tribunal,Critical
LEG-0000709,LG-000219,Encroachment,2022-12-28,2023-06-16,Resolved,0,Revenue Tribunal,Critical
LEG-0000710,LG-000219,Compensation Amount Dispute,2023-05-10,,Under Hearing,1147,District Court,Critical
LEG-0000711,LG-000220,Compensation Amount Dispute,2023-11-27,,Under Hearing,946,Revenue Tribunal,High
LEG-0000712,LG-000220,R&R Dispute,2024-01-09,2024-06-03,Resolved,0,Revenue Tribunal,High
LEG-0000713,LG-000221,Title Dispute,2020-04-29,2021-01-20,Resolved,0,District Court,Low
LEG-0000714,LG-000221,Compensation Amount Dispute,2020-03-06,2020-09-21,Resolved,0,Revenue Tribunal,High
LEG-0000715,LG-000222,Environmental Challenge,2019-10-11,,Stay Order Issued,2454,Revenue Tribunal,Critical
LEG-0000716,LG-000222,Environmental Challenge,2019-03-16,,Pending,2663,Revenue Tribunal,Critical
LEG-0000717,LG-000222,Title Dispute,2019-10-09,,Under Hearing,2456,District Court,Critical
LEG-0000718,LG-000222,Title Dispute,2019-04-23,2019-07-12,Resolved,0,District Court,Critical
LEG-0000719,LG-000222,R&R Dispute,2019-09-09,,Pending,2486,District Court,Critical
LEG-0000720,LG-000222,Title Dispute,2019-02-14,,Pending,2693,Revenue Tribunal,Critical
LEG-0000721,LG-000222,Title Dispute,2019-03-24,,Pending,2655,Revenue Tribunal,Critical
LEG-0000722,LG-000223,Environmental Challenge,2020-09-20,2021-03-26,Resolved,0,High Court,Low
LEG-0000723,LG-000223,R&R Dispute,2020-07-10,2021-05-02,Resolved,0,High Court,Low
LEG-0000724,LG-000223,Encroachment,2021-02-25,2021-10-16,Resolved,0,District Court,Medium
LEG-0000725,LG-000224,R&R Dispute,2022-05-30,,Pending,1492,High Court,High
LEG-0000726,LG-000224,R&R Dispute,2022-04-24,,Under Hearing,1528,Revenue Tribunal,Medium
LEG-0000727,LG-000224,Encroachment,2022-05-13,,Stay Order Issued,1509,High Court,High
LEG-0000728,LG-000225,R&R Dispute,2022-08-13,2022-12-02,Resolved,0,District Court,Medium
LEG-0000729,LG-000225,R&R Dispute,2023-01-25,2023-08-05,Resolved,0,Revenue Tribunal,Medium
LEG-0000730,LG-000226,Environmental Challenge,2024-03-21,2024-12-08,Resolved,0,District Court,High
LEG-0000731,LG-000226,Compensation Amount Dispute,2023-10-27,,Pending,977,High Court,Low
LEG-0000732,LG-000226,Encroachment,2023-06-09,2023-08-31,Resolved,0,High Court,Low
LEG-0000733,LG-000227,Compensation Amount Dispute,2023-11-09,2024-06-20,Resolved,0,District Court,Medium
LEG-0000734,LG-000227,Compensation Amount Dispute,2023-07-12,,Stay Order Issued,1084,High Court,High
LEG-0000735,LG-000227,R&R Dispute,2023-08-07,,Stay Order Issued,1058,Revenue Tribunal,Medium
LEG-0000736,LG-000227,Title Dispute,2023-10-28,,Stay Order Issued,976,Revenue Tribunal,Medium
LEG-0000737,LG-000227,Encroachment,2023-06-28,,Stay Order Issued,1098,High Court,High
LEG-0000738,LG-000229,Title Dispute,2021-02-24,2021-08-10,Resolved,0,District Court,High
LEG-0000739,LG-000230,Title Dispute,2021-05-22,2022-02-17,Resolved,0,Revenue Tribunal,Medium
LEG-0000740,LG-000230,Title Dispute,2020-12-23,2021-04-28,Resolved,0,High Court,Low
LEG-0000741,LG-000231,Title Dispute,2019-05-07,2019-09-28,Resolved,0,Revenue Tribunal,High
LEG-0000742,LG-000231,Title Dispute,2018-08-21,2018-10-23,Resolved,0,District Court,High
LEG-0000743,LG-000232,Compensation Amount Dispute,2024-04-26,2024-11-21,Resolved,0,District Court,Low
LEG-0000744,LG-000233,Environmental Challenge,2020-04-30,2020-12-08,Resolved,0,High Court,High
LEG-0000745,LG-000234,Environmental Challenge,2020-02-29,,Under Hearing,2313,Revenue Tribunal,Low
LEG-0000746,LG-000235,R&R Dispute,2025-12-18,2026-03-30,Resolved,0,High Court,Low
LEG-0000747,LG-000235,Compensation Amount Dispute,2025-02-17,,Pending,498,District Court,High
LEG-0000748,LG-000235,Title Dispute,2025-03-30,2025-12-07,Resolved,0,District Court,High
LEG-0000749,LG-000235,R&R Dispute,2025-10-31,,Pending,242,High Court,High
LEG-0000750,LG-000237,Title Dispute,2020-03-13,2020-10-24,Resolved,0,Revenue Tribunal,Medium
LEG-0000751,LG-000237,R&R Dispute,2020-01-19,2020-05-09,Resolved,0,Revenue Tribunal,Medium
LEG-0000752,LG-000238,Title Dispute,2024-10-23,,Stay Order Issued,615,District Court,Medium
LEG-0000753,LG-000238,Encroachment,2024-02-03,,Stay Order Issued,878,District Court,Low
LEG-0000754,LG-000238,R&R Dispute,2024-08-11,,Stay Order Issued,688,High Court,High
LEG-0000755,LG-000239,R&R Dispute,2025-05-22,,Pending,404,District Court,High
LEG-0000756,LG-000239,Encroachment,2025-08-03,,Stay Order Issued,331,District Court,Low
LEG-0000757,LG-000239,Title Dispute,2025-03-12,2025-12-07,Resolved,0,Revenue Tribunal,High
LEG-0000758,LG-000240,Encroachment,2023-04-22,2023-09-10,Resolved,0,High Court,Low
LEG-0000759,LG-000240,Encroachment,2023-09-15,2024-03-17,Resolved,0,High Court,Low
LEG-0000760,LG-000241,Title Dispute,2021-10-25,,Pending,1709,High Court,High
LEG-0000761,LG-000241,Compensation Amount Dispute,2021-05-19,,Under Hearing,1868,High Court,Low
LEG-0000762,LG-000242,Encroachment,2022-06-02,,Pending,1489,Revenue Tribunal,Critical
LEG-0000763,LG-000242,R&R Dispute,2022-03-19,2022-12-24,Resolved,0,Revenue Tribunal,Critical
LEG-0000764,LG-000242,R&R Dispute,2022-07-13,,Under Hearing,1448,High Court,Critical
LEG-0000765,LG-000242,Encroachment,2021-09-24,,Pending,1740,District Court,Critical
LEG-0000766,LG-000242,Title Dispute,2022-07-05,,Under Hearing,1456,High Court,Critical
LEG-0000767,LG-000242,Environmental Challenge,2022-08-24,2022-11-18,Resolved,0,High Court,Critical
LEG-0000768,LG-000242,R&R Dispute,2021-11-19,,Under Hearing,1684,Revenue Tribunal,Critical
LEG-0000769,LG-000242,R&R Dispute,2022-04-24,2022-07-01,Resolved,0,District Court,Critical
LEG-0000770,LG-000242,Compensation Amount Dispute,2022-02-26,2022-11-20,Resolved,0,District Court,Critical
LEG-0000771,LG-000243,Title Dispute,2019-03-25,2020-01-05,Resolved,0,District Court,High
LEG-0000772,LG-000243,Environmental Challenge,2018-08-16,,Under Hearing,2875,Revenue Tribunal,Low
LEG-0000773,LG-000243,Title Dispute,2018-08-26,2019-02-28,Resolved,0,Revenue Tribunal,Low
LEG-0000774,LG-000243,Compensation Amount Dispute,2018-09-14,2018-11-20,Resolved,0,District Court,Medium
LEG-0000775,LG-000244,Compensation Amount Dispute,2019-06-04,2019-10-05,Resolved,0,District Court,Medium
LEG-0000776,LG-000245,Title Dispute,2023-06-19,,Pending,1107,District Court,Low
LEG-0000777,LG-000245,Compensation Amount Dispute,2023-09-17,2024-02-09,Resolved,0,District Court,High
LEG-0000778,LG-000245,Compensation Amount Dispute,2023-11-10,,Pending,963,District Court,Medium
LEG-0000779,LG-000245,Compensation Amount Dispute,2023-04-29,2023-08-28,Resolved,0,High Court,Low
LEG-0000780,LG-000245,Compensation Amount Dispute,2023-03-25,2023-09-24,Resolved,0,Revenue Tribunal,High
LEG-0000781,LG-000245,Compensation Amount Dispute,2023-05-09,,Under Hearing,1148,District Court,Low
LEG-0000782,LG-000247,Title Dispute,2019-04-08,2019-11-15,Resolved,0,High Court,High
LEG-0000783,LG-000247,R&R Dispute,2019-05-01,2020-01-12,Resolved,0,Revenue Tribunal,High
LEG-0000784,LG-000249,Compensation Amount Dispute,2019-08-08,,Pending,2518,District Court,Low
LEG-0000785,LG-000249,Compensation Amount Dispute,2020-03-05,,Stay Order Issued,2308,District Court,Medium
LEG-0000786,LG-000250,Encroachment,2024-06-27,2025-02-06,Resolved,0,District Court,Medium
LEG-0000787,LG-000250,Encroachment,2024-01-13,2024-06-27,Resolved,0,High Court,High
LEG-0000788,LG-000251,R&R Dispute,2021-06-05,2022-03-06,Resolved,0,High Court,Low
LEG-0000789,LG-000251,Encroachment,2021-05-25,,Under Hearing,1862,District Court,Medium
LEG-0000790,LG-000251,Encroachment,2020-10-23,,Stay Order Issued,2076,District Court,High
LEG-0000791,LG-000251,Compensation Amount Dispute,2021-05-24,2022-01-15,Resolved,0,Revenue Tribunal,Medium
LEG-0000792,LG-000252,Environmental Challenge,2020-06-15,,Under Hearing,2206,High Court,Medium
LEG-0000793,LG-000252,Encroachment,2021-02-06,2021-04-26,Resolved,0,District Court,High
LEG-0000794,LG-000252,Compensation Amount Dispute,2020-09-21,2021-02-24,Resolved,0,District Court,Low
LEG-0000795,LG-000253,Encroachment,2022-03-22,2022-11-13,Resolved,0,District Court,Low
LEG-0000796,LG-000255,R&R Dispute,2023-07-16,,Under Hearing,1080,Revenue Tribunal,Low
LEG-0000797,LG-000255,Compensation Amount Dispute,2023-11-05,,Stay Order Issued,968,High Court,Low
LEG-0000798,LG-000255,R&R Dispute,2023-10-19,,Under Hearing,985,District Court,Low
LEG-0000799,LG-000255,Title Dispute,2024-06-28,,Stay Order Issued,732,District Court,High
LEG-0000800,LG-000255,Compensation Amount Dispute,2024-03-09,,Under Hearing,843,High Court,High
LEG-0000801,LG-000255,R&R Dispute,2023-08-19,,Pending,1046,High Court,High
LEG-0000802,LG-000256,Title Dispute,2021-02-26,2021-11-28,Resolved,0,Revenue Tribunal,Critical
LEG-0000803,LG-000256,Title Dispute,2021-07-16,2022-01-15,Resolved,0,High Court,Critical
LEG-0000804,LG-000256,Compensation Amount Dispute,2020-10-19,2021-04-12,Resolved,0,High Court,Critical
LEG-0000805,LG-000256,Environmental Challenge,2021-07-10,,Pending,1816,District Court,Critical
LEG-0000806,LG-000256,Environmental Challenge,2021-04-12,2021-07-09,Resolved,0,District Court,Critical
LEG-0000807,LG-000256,R&R Dispute,2021-01-26,,Pending,1981,District Court,Critical
LEG-0000808,LG-000258,Encroachment,2018-11-26,,Pending,2773,High Court,High
LEG-0000809,LG-000258,Compensation Amount Dispute,2019-02-16,2019-04-28,Resolved,0,District Court,Medium
LEG-0000810,LG-000259,Encroachment,2024-11-19,2025-03-25,Resolved,0,High Court,Medium
LEG-0000811,LG-000260,R&R Dispute,2019-05-17,2019-09-25,Resolved,0,High Court,Medium
LEG-0000812,LG-000261,Compensation Amount Dispute,2024-09-20,2025-03-25,Resolved,0,High Court,Critical
LEG-0000813,LG-000261,Compensation Amount Dispute,2024-01-24,,Under Hearing,888,Revenue Tribunal,Critical
LEG-0000814,LG-000261,Title Dispute,2024-07-09,,Stay Order Issued,721,Revenue Tribunal,Critical
LEG-0000815,LG-000261,Title Dispute,2024-09-15,,Pending,653,High Court,Critical
LEG-0000816,LG-000261,Title Dispute,2024-01-07,2024-10-16,Resolved,0,Revenue Tribunal,Critical
LEG-0000817,LG-000261,Title Dispute,2023-12-17,,Pending,926,Revenue Tribunal,Critical
LEG-0000818,LG-000262,Title Dispute,2024-06-25,2024-10-23,Resolved,0,Revenue Tribunal,Low
LEG-0000819,LG-000263,Compensation Amount Dispute,2022-01-17,,Under Hearing,1625,Revenue Tribunal,Critical
LEG-0000820,LG-000263,Encroachment,2021-08-31,,Stay Order Issued,1764,Revenue Tribunal,Critical
LEG-0000821,LG-000263,Compensation Amount Dispute,2022-01-11,2022-06-27,Resolved,0,District Court,Critical
LEG-0000822,LG-000263,Encroachment,2022-07-22,,Under Hearing,1439,Revenue Tribunal,Critical
LEG-0000823,LG-000263,Environmental Challenge,2021-08-10,2021-12-05,Resolved,0,District Court,Critical
LEG-0000824,LG-000263,Title Dispute,2022-02-27,,Stay Order Issued,1584,High Court,Critical
LEG-0000825,LG-000263,R&R Dispute,2021-12-18,,Stay Order Issued,1655,High Court,Critical
LEG-0000826,LG-000263,Environmental Challenge,2022-07-23,,Under Hearing,1438,District Court,Critical
LEG-0000827,LG-000263,Compensation Amount Dispute,2022-06-27,2022-12-15,Resolved,0,District Court,Critical
LEG-0000828,LG-000264,Environmental Challenge,2025-09-09,2025-12-18,Resolved,0,High Court,Medium
LEG-0000829,LG-000265,Compensation Amount Dispute,2021-07-27,2021-10-01,Resolved,0,District Court,High
LEG-0000830,LG-000267,Environmental Challenge,2025-05-07,,Pending,419,High Court,High
LEG-0000831,LG-000267,Environmental Challenge,2025-08-21,,Stay Order Issued,313,High Court,Medium
LEG-0000832,LG-000267,Title Dispute,2024-12-05,,Stay Order Issued,572,High Court,High
LEG-0000833,LG-000267,Encroachment,2024-10-16,,Pending,622,District Court,Low
LEG-0000834,LG-000268,Title Dispute,2023-02-25,,Pending,1221,District Court,High
LEG-0000835,LG-000268,R&R Dispute,2023-02-26,,Stay Order Issued,1220,Revenue Tribunal,Low
LEG-0000836,LG-000268,Encroachment,2023-03-02,,Stay Order Issued,1216,District Court,High
LEG-0000837,LG-000268,Environmental Challenge,2023-09-20,2024-01-29,Resolved,0,Revenue Tribunal,Low
LEG-0000838,LG-000269,R&R Dispute,2025-02-28,2025-11-25,Resolved,0,Revenue Tribunal,Low
LEG-0000839,LG-000269,Title Dispute,2025-02-22,,Pending,493,District Court,Medium
LEG-0000840,LG-000269,Compensation Amount Dispute,2025-05-24,,Under Hearing,402,High Court,Medium
LEG-0000841,LG-000270,Title Dispute,2023-04-12,2023-07-20,Resolved,0,District Court,Low
LEG-0000842,LG-000271,R&R Dispute,2018-06-15,2019-03-22,Resolved,0,District Court,Critical
LEG-0000843,LG-000271,Encroachment,2018-08-31,2019-02-01,Resolved,0,District Court,Critical
LEG-0000844,LG-000271,Encroachment,2018-11-07,,Under Hearing,2792,Revenue Tribunal,Critical
LEG-0000845,LG-000271,Title Dispute,2018-06-09,,Pending,2943,High Court,Critical
LEG-0000846,LG-000271,Compensation Amount Dispute,2019-01-24,2019-06-13,Resolved,0,Revenue Tribunal,Critical
LEG-0000847,LG-000271,R&R Dispute,2018-12-17,,Pending,2752,High Court,Critical
LEG-0000848,LG-000271,R&R Dispute,2019-03-17,2019-08-23,Resolved,0,High Court,Critical
LEG-0000849,LG-000271,Title Dispute,2018-06-18,,Under Hearing,2934,High Court,Critical
LEG-0000850,LG-000271,Encroachment,2019-04-04,2019-12-16,Resolved,0,Revenue Tribunal,Critical
LEG-0000851,LG-000272,R&R Dispute,2020-10-08,2021-01-25,Resolved,0,High Court,High
LEG-0000852,LG-000272,Environmental Challenge,2020-05-22,2020-10-08,Resolved,0,Revenue Tribunal,Medium
LEG-0000853,LG-000273,R&R Dispute,2021-06-07,,Under Hearing,1849,Revenue Tribunal,High
LEG-0000854,LG-000274,R&R Dispute,2024-05-17,,Pending,774,Revenue Tribunal,Low
LEG-0000855,LG-000274,R&R Dispute,2023-10-11,,Stay Order Issued,993,High Court,Low
LEG-0000856,LG-000275,Encroachment,2023-05-21,2023-08-09,Resolved,0,High Court,Medium
LEG-0000857,LG-000275,Title Dispute,2023-01-15,,Stay Order Issued,1262,Revenue Tribunal,Low
LEG-0000858,LG-000276,Encroachment,2025-02-28,2025-08-10,Resolved,0,District Court,High
LEG-0000859,LG-000277,Compensation Amount Dispute,2020-12-28,2021-09-14,Resolved,0,High Court,Low
LEG-0000860,LG-000278,Compensation Amount Dispute,2022-07-20,,Pending,1441,District Court,Critical
LEG-0000861,LG-000278,R&R Dispute,2023-03-16,2023-07-15,Resolved,0,District Court,Critical
LEG-0000862,LG-000278,Title Dispute,2022-07-09,2023-04-16,Resolved,0,Revenue Tribunal,Critical
LEG-0000863,LG-000278,Compensation Amount Dispute,2023-01-15,2023-06-14,Resolved,0,High Court,Critical
LEG-0000864,LG-000278,Environmental Challenge,2022-10-08,,Pending,1361,District Court,Critical
LEG-0000865,LG-000278,Environmental Challenge,2022-05-21,2023-03-13,Resolved,0,Revenue Tribunal,Critical
LEG-0000866,LG-000279,Environmental Challenge,2020-06-22,,Under Hearing,2199,District Court,High
LEG-0000867,LG-000279,Title Dispute,2020-06-04,,Stay Order Issued,2217,District Court,High
LEG-0000868,LG-000279,Compensation Amount Dispute,2020-06-12,,Pending,2209,High Court,Low
LEG-0000869,LG-000280,Environmental Challenge,2019-01-07,2019-06-29,Resolved,0,District Court,High
LEG-0000870,LG-000280,Environmental Challenge,2018-04-12,2018-06-23,Resolved,0,High Court,High
LEG-0000871,LG-000280,Encroachment,2018-07-07,,Under Hearing,2915,Revenue Tribunal,High
LEG-0000872,LG-000281,Title Dispute,2019-10-06,2020-03-05,Resolved,0,District Court,High
LEG-0000873,LG-000281,Environmental Challenge,2020-04-10,,Pending,2272,Revenue Tribunal,High
LEG-0000874,LG-000282,Encroachment,2024-04-06,2024-10-27,Resolved,0,High Court,Medium
LEG-0000875,LG-000282,Environmental Challenge,2023-11-09,2024-02-13,Resolved,0,High Court,High
LEG-0000876,LG-000282,Encroachment,2023-10-08,,Under Hearing,996,Revenue Tribunal,High
LEG-0000877,LG-000283,Encroachment,2024-07-26,,Stay Order Issued,704,Revenue Tribunal,High
LEG-0000878,LG-000284,Title Dispute,2019-09-23,2020-05-15,Resolved,0,District Court,Medium
LEG-0000879,LG-000284,Title Dispute,2019-04-23,2019-12-07,Resolved,0,High Court,Medium
LEG-0000880,LG-000285,Compensation Amount Dispute,2023-08-03,2024-03-14,Resolved,0,High Court,Medium
LEG-0000881,LG-000286,Environmental Challenge,2023-07-08,,Pending,1088,District Court,Critical
LEG-0000882,LG-000286,R&R Dispute,2023-09-15,,Pending,1019,District Court,Critical
LEG-0000883,LG-000286,Compensation Amount Dispute,2024-01-10,,Pending,902,Revenue Tribunal,Critical
LEG-0000884,LG-000286,Encroachment,2024-01-30,,Under Hearing,882,District Court,Critical
LEG-0000885,LG-000286,Encroachment,2023-03-18,,Pending,1200,District Court,Critical
LEG-0000886,LG-000286,Compensation Amount Dispute,2024-02-09,2024-07-08,Resolved,0,High Court,Critical
LEG-0000887,LG-000286,R&R Dispute,2024-02-23,,Stay Order Issued,858,Revenue Tribunal,Critical
LEG-0000888,LG-000287,R&R Dispute,2021-11-20,,Stay Order Issued,1683,Revenue Tribunal,High
LEG-0000889,LG-000287,Encroachment,2022-06-06,2022-12-16,Resolved,0,District Court,Medium
LEG-0000890,LG-000288,Encroachment,2018-05-19,2018-07-20,Resolved,0,District Court,High
LEG-0000891,LG-000288,Encroachment,2018-06-18,,Under Hearing,2934,District Court,Medium
LEG-0000892,LG-000288,Environmental Challenge,2018-12-28,2019-09-07,Resolved,0,District Court,High
LEG-0000893,LG-000288,Encroachment,2018-04-26,,Stay Order Issued,2987,District Court,Medium
LEG-0000894,LG-000288,Environmental Challenge,2018-10-08,,Stay Order Issued,2822,District Court,Low
LEG-0000895,LG-000288,R&R Dispute,2018-05-19,,Stay Order Issued,2964,High Court,Low
LEG-0000896,LG-000289,Title Dispute,2024-10-08,,Stay Order Issued,630,District Court,High
LEG-0000897,LG-000289,R&R Dispute,2024-07-26,2024-10-26,Resolved,0,Revenue Tribunal,Medium
LEG-0000898,LG-000289,Title Dispute,2024-08-11,,Stay Order Issued,688,High Court,High
LEG-0000899,LG-000289,Encroachment,2024-08-17,,Pending,682,District Court,Low
LEG-0000900,LG-000290,Title Dispute,2019-09-19,2020-03-10,Resolved,0,District Court,Medium
LEG-0000901,LG-000290,R&R Dispute,2019-07-06,2020-02-27,Resolved,0,Revenue Tribunal,Low
LEG-0000902,LG-000290,Title Dispute,2019-01-09,,Stay Order Issued,2729,Revenue Tribunal,High
LEG-0000903,LG-000291,Title Dispute,2021-07-05,,Under Hearing,1821,District Court,Critical
LEG-0000904,LG-000291,Environmental Challenge,2021-07-21,2022-04-04,Resolved,0,Revenue Tribunal,Critical
LEG-0000905,LG-000291,Encroachment,2021-05-15,2021-09-30,Resolved,0,High Court,Critical
LEG-0000906,LG-000291,Encroachment,2021-09-02,2022-04-29,Resolved,0,District Court,Critical
LEG-0000907,LG-000291,R&R Dispute,2021-07-15,,Stay Order Issued,1811,High Court,Critical
LEG-0000908,LG-000291,Encroachment,2021-05-28,,Under Hearing,1859,District Court,Critical
LEG-0000909,LG-000291,Encroachment,2021-09-20,2021-12-26,Resolved,0,District Court,Critical
LEG-0000910,LG-000291,Title Dispute,2021-05-14,,Under Hearing,1873,High Court,Critical
LEG-0000911,LG-000293,Encroachment,2020-03-24,,Under Hearing,2289,District Court,Critical
LEG-0000912,LG-000293,Title Dispute,2019-07-19,,Stay Order Issued,2538,Revenue Tribunal,Critical
LEG-0000913,LG-000293,Encroachment,2019-07-09,2019-12-14,Resolved,0,District Court,Critical
LEG-0000914,LG-000293,R&R Dispute,2019-11-18,,Pending,2416,District Court,Critical
LEG-0000915,LG-000293,R&R Dispute,2019-09-06,,Pending,2489,District Court,Critical
LEG-0000916,LG-000293,R&R Dispute,2019-12-22,2020-06-29,Resolved,0,District Court,Critical
LEG-0000917,LG-000293,R&R Dispute,2019-10-29,2020-06-02,Resolved,0,High Court,Critical
LEG-0000918,LG-000293,Encroachment,2019-07-05,,Pending,2552,Revenue Tribunal,Critical
LEG-0000919,LG-000293,Compensation Amount Dispute,2020-03-15,,Under Hearing,2298,High Court,Critical
LEG-0000920,LG-000295,Environmental Challenge,2020-03-07,2020-07-09,Resolved,0,Revenue Tribunal,Medium
LEG-0000921,LG-000295,R&R Dispute,2019-09-21,,Pending,2474,Revenue Tribunal,Low
LEG-0000922,LG-000295,R&R Dispute,2019-12-26,,Under Hearing,2378,District Court,Low
LEG-0000923,LG-000295,Compensation Amount Dispute,2020-02-07,,Stay Order Issued,2335,Revenue Tribunal,Low
LEG-0000924,LG-000295,Environmental Challenge,2019-12-04,,Pending,2400,District Court,Low
LEG-0000925,LG-000296,Encroachment,2018-11-26,,Pending,2773,Revenue Tribunal,Low
LEG-0000926,LG-000297,Title Dispute,2024-05-17,2024-11-17,Resolved,0,High Court,Low
LEG-0000927,LG-000297,Environmental Challenge,2023-09-10,,Pending,1024,High Court,Low
LEG-0000928,LG-000297,Encroachment,2023-12-13,,Stay Order Issued,930,Revenue Tribunal,Low
LEG-0000929,LG-000299,Encroachment,2025-05-27,,Under Hearing,399,Revenue Tribunal,Critical
LEG-0000930,LG-000299,Compensation Amount Dispute,2025-11-20,,Pending,222,High Court,Critical
LEG-0000931,LG-000299,R&R Dispute,2024-12-10,,Stay Order Issued,567,High Court,Critical
LEG-0000932,LG-000299,Compensation Amount Dispute,2025-03-14,2025-09-03,Resolved,0,Revenue Tribunal,Critical
LEG-0000933,LG-000299,Compensation Amount Dispute,2025-11-17,,Stay Order Issued,225,District Court,Critical
LEG-0000934,LG-000299,R&R Dispute,2025-01-28,2025-05-01,Resolved,0,Revenue Tribunal,Critical
LEG-0000935,LG-000299,Title Dispute,2025-09-28,,Under Hearing,275,Revenue Tribunal,Critical
LEG-0000936,LG-000299,R&R Dispute,2025-07-25,,Stay Order Issued,340,High Court,Critical
LEG-0000937,LG-000299,Title Dispute,2025-04-22,,Stay Order Issued,434,Revenue Tribunal,Critical
LEG-0000938,LG-000300,R&R Dispute,2023-04-10,2023-07-06,Resolved,0,High Court,High
LEG-0000939,LG-000300,Compensation Amount Dispute,2023-11-29,,Pending,944,High Court,Low
LEG-0000940,LG-000301,Title Dispute,2025-01-05,,Pending,541,High Court,High
LEG-0000941,LG-000301,Encroachment,2024-07-15,2025-03-12,Resolved,0,Revenue Tribunal,High
LEG-0000942,LG-000301,Encroachment,2024-10-30,2025-01-26,Resolved,0,District Court,Low
LEG-0000943,LG-000302,R&R Dispute,2020-01-28,,Stay Order Issued,2345,Revenue Tribunal,Medium
LEG-0000944,LG-000304,Title Dispute,2018-09-26,,Stay Order Issued,2834,District Court,Critical
LEG-0000945,LG-000304,Encroachment,2018-07-03,,Under Hearing,2919,High Court,Critical
LEG-0000946,LG-000304,Environmental Challenge,2018-07-29,,Under Hearing,2893,High Court,Critical
LEG-0000947,LG-000304,Environmental Challenge,2018-07-29,,Stay Order Issued,2893,High Court,Critical
LEG-0000948,LG-000304,Compensation Amount Dispute,2018-10-26,,Pending,2804,High Court,Critical
LEG-0000949,LG-000304,R&R Dispute,2018-07-08,,Stay Order Issued,2914,Revenue Tribunal,Critical
LEG-0000950,LG-000304,Compensation Amount Dispute,2018-10-06,,Pending,2824,District Court,Critical
LEG-0000951,LG-000304,Compensation Amount Dispute,2019-02-20,,Pending,2687,District Court,Critical
LEG-0000952,LG-000305,Compensation Amount Dispute,2022-12-29,2023-04-26,Resolved,0,Revenue Tribunal,Medium
LEG-0000953,LG-000305,R&R Dispute,2022-11-07,,Pending,1331,High Court,Medium
LEG-0000954,LG-000305,Environmental Challenge,2023-08-09,,Under Hearing,1056,High Court,Medium
LEG-0000955,LG-000305,Compensation Amount Dispute,2022-11-21,,Pending,1317,District Court,Low
LEG-0000956,LG-000305,R&R Dispute,2023-09-19,,Pending,1015,Revenue Tribunal,Medium
LEG-0000957,LG-000305,R&R Dispute,2023-06-21,2023-09-04,Resolved,0,Revenue Tribunal,High
LEG-0000958,LG-000307,R&R Dispute,2020-10-15,2021-03-29,Resolved,0,Revenue Tribunal,Low
LEG-0000959,LG-000309,R&R Dispute,2022-08-14,,Under Hearing,1416,High Court,Low
LEG-0000960,LG-000309,R&R Dispute,2022-09-05,,Under Hearing,1394,Revenue Tribunal,Medium
LEG-0000961,LG-000309,Encroachment,2022-01-09,,Stay Order Issued,1633,High Court,Low
LEG-0000962,LG-000309,Environmental Challenge,2022-03-18,,Under Hearing,1565,District Court,Low
LEG-0000963,LG-000309,R&R Dispute,2022-05-11,2022-08-11,Resolved,0,District Court,Medium
LEG-0000964,LG-000309,Compensation Amount Dispute,2022-10-01,2023-02-09,Resolved,0,High Court,High
LEG-0000965,LG-000310,Encroachment,2020-07-28,,Under Hearing,2163,Revenue Tribunal,Medium
LEG-0000966,LG-000310,Encroachment,2020-05-22,,Stay Order Issued,2230,High Court,Low
LEG-0000967,LG-000310,Environmental Challenge,2019-12-25,2020-09-09,Resolved,0,District Court,Medium
LEG-0000968,LG-000310,R&R Dispute,2020-07-31,2020-11-22,Resolved,0,Revenue Tribunal,High
LEG-0000969,LG-000310,Encroachment,2020-11-12,2021-03-19,Resolved,0,Revenue Tribunal,Medium
LEG-0000970,LG-000311,Encroachment,2022-06-22,2022-11-25,Resolved,0,Revenue Tribunal,Medium
LEG-0000971,LG-000312,Compensation Amount Dispute,2022-12-26,,Pending,1282,Revenue Tribunal,Medium
LEG-0000972,LG-000312,Encroachment,2023-01-11,,Under Hearing,1266,High Court,Low
LEG-0000973,LG-000312,Compensation Amount Dispute,2022-11-10,2023-05-09,Resolved,0,District Court,Medium
LEG-0000974,LG-000313,Title Dispute,2022-09-05,2022-12-24,Resolved,0,Revenue Tribunal,Low
LEG-0000975,LG-000314,Title Dispute,2019-12-08,,Under Hearing,2396,Revenue Tribunal,High
LEG-0000976,LG-000314,Title Dispute,2019-07-12,2019-10-27,Resolved,0,High Court,High
LEG-0000977,LG-000314,Encroachment,2019-10-23,,Under Hearing,2442,Revenue Tribunal,Medium
LEG-0000978,LG-000314,Compensation Amount Dispute,2020-01-29,,Stay Order Issued,2344,Revenue Tribunal,Medium
LEG-0000979,LG-000315,Encroachment,2025-03-08,,Pending,479,Revenue Tribunal,High
LEG-0000980,LG-000315,R&R Dispute,2024-11-21,,Pending,586,District Court,Low
LEG-0000981,LG-000316,Encroachment,2019-03-23,,Pending,2656,High Court,Low
LEG-0000982,LG-000317,Title Dispute,2021-06-21,2021-11-25,Resolved,0,Revenue Tribunal,Low
LEG-0000983,LG-000318,Environmental Challenge,2023-11-18,2024-07-06,Resolved,0,High Court,Low
LEG-0000984,LG-000319,Environmental Challenge,2023-09-06,2024-06-02,Resolved,0,High Court,Low
LEG-0000985,LG-000320,R&R Dispute,2021-11-22,2022-04-21,Resolved,0,District Court,High
LEG-0000986,LG-000320,R&R Dispute,2022-04-28,2022-09-07,Resolved,0,High Court,High
LEG-0000987,LG-000321,Encroachment,2021-02-24,2021-11-07,Resolved,0,Revenue Tribunal,High
LEG-0000988,LG-000322,Title Dispute,2020-11-18,,Stay Order Issued,2050,High Court,Critical
LEG-0000989,LG-000322,Compensation Amount Dispute,2020-07-25,,Under Hearing,2166,District Court,Critical
LEG-0000990,LG-000322,Environmental Challenge,2020-08-06,,Under Hearing,2154,District Court,Critical
LEG-0000991,LG-000322,Compensation Amount Dispute,2020-07-20,,Pending,2171,District Court,Critical
LEG-0000992,LG-000322,Title Dispute,2020-09-26,,Pending,2103,District Court,Critical
LEG-0000993,LG-000322,Environmental Challenge,2020-05-19,2021-01-20,Resolved,0,High Court,Critical
LEG-0000994,LG-000322,Compensation Amount Dispute,2020-08-26,2021-04-30,Resolved,0,High Court,Critical
LEG-0000995,LG-000322,R&R Dispute,2020-10-04,2021-04-23,Resolved,0,District Court,Critical
LEG-0000996,LG-000322,Encroachment,2019-12-16,,Stay Order Issued,2388,Revenue Tribunal,Critical
LEG-0000997,LG-000322,R&R Dispute,2020-11-09,,Under Hearing,2059,High Court,Critical
LEG-0000998,LG-000323,Environmental Challenge,2021-04-02,,Pending,1915,High Court,Critical
LEG-0000999,LG-000323,Compensation Amount Dispute,2021-02-07,,Under Hearing,1969,District Court,Critical
LEG-0001000,LG-000323,Title Dispute,2021-02-14,,Stay Order Issued,1962,District Court,Critical
LEG-0001001,LG-000323,R&R Dispute,2021-04-05,2022-01-09,Resolved,0,High Court,Critical
LEG-0001002,LG-000323,Encroachment,2021-02-22,2021-11-16,Resolved,0,High Court,Critical
LEG-0001003,LG-000323,R&R Dispute,2021-04-14,,Pending,1903,Revenue Tribunal,Critical
LEG-0001004,LG-000324,Compensation Amount Dispute,2022-03-18,2022-07-19,Resolved,0,District Court,Critical
LEG-0001005,LG-000324,Encroachment,2022-08-18,2023-03-03,Resolved,0,High Court,Critical
LEG-0001006,LG-000324,Compensation Amount Dispute,2022-01-21,2022-08-06,Resolved,0,Revenue Tribunal,Critical
LEG-0001007,LG-000324,R&R Dispute,2022-04-24,,Under Hearing,1528,High Court,Critical
LEG-0001008,LG-000324,Compensation Amount Dispute,2022-03-13,,Stay Order Issued,1570,Revenue Tribunal,Critical
LEG-0001009,LG-000324,Compensation Amount Dispute,2022-08-05,,Under Hearing,1425,District Court,Critical
LEG-0001010,LG-000325,Environmental Challenge,2022-02-17,2022-10-08,Resolved,0,Revenue Tribunal,Low
LEG-0001011,LG-000325,R&R Dispute,2022-08-08,2022-10-27,Resolved,0,High Court,Medium
LEG-0001012,LG-000325,Environmental Challenge,2021-12-22,2022-08-22,Resolved,0,District Court,Medium
LEG-0001013,LG-000326,R&R Dispute,2022-05-12,,Pending,1510,High Court,Critical
LEG-0001014,LG-000326,Encroachment,2022-03-25,,Pending,1558,Revenue Tribunal,Critical
LEG-0001015,LG-000326,Compensation Amount Dispute,2022-05-30,2023-03-18,Resolved,0,High Court,Critical
LEG-0001016,LG-000326,Compensation Amount Dispute,2022-05-25,,Pending,1497,Revenue Tribunal,Critical
LEG-0001017,LG-000326,Compensation Amount Dispute,2022-01-27,,Stay Order Issued,1615,District Court,Critical
LEG-0001018,LG-000326,Compensation Amount Dispute,2022-03-02,,Pending,1581,Revenue Tribunal,Critical
LEG-0001019,LG-000327,R&R Dispute,2023-02-23,2023-11-20,Resolved,0,Revenue Tribunal,Medium
LEG-0001020,LG-000327,R&R Dispute,2023-04-17,2023-07-25,Resolved,0,District Court,High
LEG-0001021,LG-000327,Title Dispute,2023-02-11,,Under Hearing,1235,District Court,Low
LEG-0001022,LG-000327,Encroachment,2023-02-20,,Under Hearing,1226,District Court,High
LEG-0001023,LG-000328,Environmental Challenge,2020-03-10,,Pending,2303,District Court,Medium
LEG-0001024,LG-000328,Compensation Amount Dispute,2020-07-06,,Pending,2185,District Court,High
LEG-0001025,LG-000328,Compensation Amount Dispute,2020-02-13,2020-06-17,Resolved,0,Revenue Tribunal,Medium
LEG-0001026,LG-000329,Title Dispute,2023-02-23,,Pending,1223,District Court,Critical
LEG-0001027,LG-000329,R&R Dispute,2022-10-02,2023-02-19,Resolved,0,Revenue Tribunal,Critical
LEG-0001028,LG-000329,Environmental Challenge,2022-09-17,2023-04-15,Resolved,0,High Court,Critical
LEG-0001029,LG-000329,Encroachment,2023-04-26,,Stay Order Issued,1161,High Court,Critical
LEG-0001030,LG-000329,Environmental Challenge,2022-07-01,2023-04-04,Resolved,0,High Court,Critical
LEG-0001031,LG-000329,Encroachment,2022-11-14,2023-06-08,Resolved,0,Revenue Tribunal,Critical
LEG-0001032,LG-000329,R&R Dispute,2022-11-09,,Under Hearing,1329,District Court,Critical
LEG-0001033,LG-000329,R&R Dispute,2022-05-17,,Stay Order Issued,1505,Revenue Tribunal,Critical
LEG-0001034,LG-000329,Encroachment,2022-06-04,,Under Hearing,1487,District Court,Critical
LEG-0001035,LG-000330,R&R Dispute,2020-12-12,2021-08-16,Resolved,0,Revenue Tribunal,High
LEG-0001036,LG-000331,Encroachment,2021-05-25,2021-10-08,Resolved,0,District Court,Critical
LEG-0001037,LG-000331,Environmental Challenge,2022-04-08,,Under Hearing,1544,Revenue Tribunal,Critical
LEG-0001038,LG-000331,Title Dispute,2022-02-04,2022-05-11,Resolved,0,High Court,Critical
LEG-0001039,LG-000331,R&R Dispute,2022-05-01,2022-11-19,Resolved,0,District Court,Critical
LEG-0001040,LG-000331,Encroachment,2021-10-13,,Pending,1721,High Court,Critical
LEG-0001041,LG-000331,Compensation Amount Dispute,2022-04-14,2022-11-24,Resolved,0,District Court,Critical
LEG-0001042,LG-000331,Encroachment,2021-07-28,,Under Hearing,1798,District Court,Critical
LEG-0001043,LG-000331,R&R Dispute,2022-02-12,2022-07-09,Resolved,0,High Court,Critical
LEG-0001044,LG-000331,R&R Dispute,2021-08-02,2021-11-12,Resolved,0,District Court,Critical
LEG-0001045,LG-000332,R&R Dispute,2019-03-23,2019-08-24,Resolved,0,District Court,Medium
LEG-0001046,LG-000332,Environmental Challenge,2019-11-22,,Under Hearing,2412,High Court,Medium
LEG-0001047,LG-000333,Environmental Challenge,2019-05-19,2019-11-23,Resolved,0,High Court,High
LEG-0001048,LG-000333,Environmental Challenge,2019-03-19,,Pending,2660,Revenue Tribunal,High
LEG-0001049,LG-000333,Compensation Amount Dispute,2019-10-28,,Pending,2437,High Court,High
LEG-0001050,LG-000334,Title Dispute,2019-11-25,,Stay Order Issued,2409,High Court,Critical
LEG-0001051,LG-000334,Environmental Challenge,2020-04-22,2021-02-11,Resolved,0,District Court,Critical
LEG-0001052,LG-000334,R&R Dispute,2020-02-04,,Pending,2338,Revenue Tribunal,Critical
LEG-0001053,LG-000334,Title Dispute,2019-09-19,,Pending,2476,High Court,Critical
LEG-0001054,LG-000334,Encroachment,2019-12-21,2020-05-29,Resolved,0,Revenue Tribunal,Critical
LEG-0001055,LG-000334,Title Dispute,2020-04-01,,Under Hearing,2281,High Court,Critical
LEG-0001056,LG-000334,Title Dispute,2019-11-29,,Pending,2405,Revenue Tribunal,Critical
LEG-0001057,LG-000334,Environmental Challenge,2020-04-02,2020-10-13,Resolved,0,District Court,Critical
LEG-0001058,LG-000334,Encroachment,2019-07-13,2020-04-07,Resolved,0,Revenue Tribunal,Critical
LEG-0001059,LG-000334,Title Dispute,2019-11-15,,Stay Order Issued,2419,Revenue Tribunal,Critical
LEG-0001060,LG-000335,Title Dispute,2023-06-28,,Stay Order Issued,1098,Revenue Tribunal,High
LEG-0001061,LG-000335,Encroachment,2023-07-11,,Pending,1085,Revenue Tribunal,High
LEG-0001062,LG-000335,Title Dispute,2023-04-06,,Stay Order Issued,1181,High Court,Medium
LEG-0001063,LG-000335,Title Dispute,2023-05-11,,Under Hearing,1146,District Court,High
LEG-0001064,LG-000335,Encroachment,2022-12-28,,Pending,1280,Revenue Tribunal,Low
LEG-0001065,LG-000335,R&R Dispute,2023-02-04,,Stay Order Issued,1242,District Court,Low
LEG-0001066,LG-000336,Compensation Amount Dispute,2020-02-23,2020-12-04,Resolved,0,High Court,Medium
LEG-0001067,LG-000336,Environmental Challenge,2020-09-01,,Under Hearing,2128,District Court,High
LEG-0001068,LG-000336,Environmental Challenge,2020-08-20,2021-02-24,Resolved,0,District Court,Medium
LEG-0001069,LG-000336,Environmental Challenge,2020-06-28,,Pending,2193,High Court,Medium
LEG-0001070,LG-000337,Encroachment,2025-03-30,,Stay Order Issued,457,District Court,High
LEG-0001071,LG-000337,Compensation Amount Dispute,2024-11-20,,Pending,587,Revenue Tribunal,High
LEG-0001072,LG-000337,Title Dispute,2025-05-23,,Pending,403,High Court,Medium
LEG-0001073,LG-000337,Title Dispute,2025-02-14,2025-06-13,Resolved,0,High Court,High
LEG-0001074,LG-000338,Environmental Challenge,2020-09-27,,Pending,2102,District Court,Low
LEG-0001075,LG-000338,Compensation Amount Dispute,2021-04-22,2021-07-23,Resolved,0,High Court,Medium
LEG-0001076,LG-000339,Title Dispute,2022-12-27,2023-06-03,Resolved,0,District Court,Low
LEG-0001077,LG-000340,Title Dispute,2018-07-21,,Stay Order Issued,2901,Revenue Tribunal,Medium
LEG-0001078,LG-000340,Title Dispute,2018-12-21,2019-08-03,Resolved,0,District Court,Low
LEG-0001079,LG-000340,Environmental Challenge,2018-04-30,2018-08-19,Resolved,0,District Court,High
LEG-0001080,LG-000342,Environmental Challenge,2021-01-05,,Pending,2002,District Court,Low
LEG-0001081,LG-000342,Encroachment,2020-08-08,,Pending,2152,District Court,Medium
LEG-0001082,LG-000342,Title Dispute,2020-10-14,,Stay Order Issued,2085,District Court,Medium
LEG-0001083,LG-000344,Encroachment,2019-04-12,,Under Hearing,2636,High Court,High
LEG-0001084,LG-000344,Title Dispute,2019-12-19,2020-09-09,Resolved,0,District Court,High
LEG-0001085,LG-000345,R&R Dispute,2021-06-18,2021-11-26,Resolved,0,High Court,Medium
LEG-0001086,LG-000345,R&R Dispute,2021-02-20,,Stay Order Issued,1956,Revenue Tribunal,Medium
LEG-0001087,LG-000345,R&R Dispute,2020-12-08,,Under Hearing,2030,District Court,High
LEG-0001088,LG-000345,Environmental Challenge,2021-06-14,2022-01-16,Resolved,0,District Court,High
LEG-0001089,LG-000345,Compensation Amount Dispute,2021-01-06,,Stay Order Issued,2001,District Court,Low
LEG-0001090,LG-000345,R&R Dispute,2021-03-29,,Under Hearing,1919,High Court,Medium
LEG-0001091,LG-000347,Compensation Amount Dispute,2025-11-02,,Under Hearing,240,Revenue Tribunal,High
LEG-0001092,LG-000347,Compensation Amount Dispute,2025-10-02,2025-12-23,Resolved,0,Revenue Tribunal,Low
LEG-0001093,LG-000347,Compensation Amount Dispute,2025-11-29,,Stay Order Issued,213,Revenue Tribunal,Low
LEG-0001094,LG-000347,Environmental Challenge,2025-09-28,,Under Hearing,275,Revenue Tribunal,High
LEG-0001095,LG-000349,Environmental Challenge,2023-06-27,,Pending,1099,High Court,High
LEG-0001096,LG-000349,Title Dispute,2022-12-12,,Under Hearing,1296,District Court,Medium
LEG-0001097,LG-000349,Environmental Challenge,2023-05-02,,Stay Order Issued,1155,District Court,Medium
LEG-0001098,LG-000351,Compensation Amount Dispute,2023-07-16,2024-03-20,Resolved,0,District Court,Medium
LEG-0001099,LG-000351,Encroachment,2023-02-28,2023-05-22,Resolved,0,High Court,Low
LEG-0001100,LG-000351,Compensation Amount Dispute,2023-09-05,,Under Hearing,1029,Revenue Tribunal,High
LEG-0001101,LG-000352,Environmental Challenge,2022-10-14,,Under Hearing,1355,Revenue Tribunal,Medium
LEG-0001102,LG-000352,Encroachment,2022-07-14,2023-01-06,Resolved,0,High Court,Low
LEG-0001103,LG-000353,R&R Dispute,2022-11-18,,Stay Order Issued,1320,High Court,Critical
LEG-0001104,LG-000353,Title Dispute,2022-06-15,,Stay Order Issued,1476,High Court,Critical
LEG-0001105,LG-000353,Encroachment,2022-11-10,,Under Hearing,1328,Revenue Tribunal,Critical
LEG-0001106,LG-000353,Encroachment,2023-01-10,2023-07-02,Resolved,0,High Court,Critical
LEG-0001107,LG-000353,Environmental Challenge,2022-09-20,2022-12-20,Resolved,0,District Court,Critical
LEG-0001108,LG-000353,Compensation Amount Dispute,2023-04-11,,Under Hearing,1176,Revenue Tribunal,Critical
LEG-0001109,LG-000353,Compensation Amount Dispute,2022-06-12,,Under Hearing,1479,Revenue Tribunal,Critical
LEG-0001110,LG-000353,Encroachment,2022-12-08,,Stay Order Issued,1300,High Court,Critical
LEG-0001111,LG-000353,Title Dispute,2023-04-03,,Pending,1184,High Court,Critical
LEG-0001112,LG-000353,Encroachment,2022-05-30,,Stay Order Issued,1492,Revenue Tribunal,Critical
LEG-0001113,LG-000355,R&R Dispute,2021-08-11,,Stay Order Issued,1784,High Court,Medium
LEG-0001114,LG-000355,Environmental Challenge,2022-02-13,,Pending,1598,District Court,High
LEG-0001115,LG-000355,Encroachment,2021-08-30,2022-02-26,Resolved,0,District Court,Low
LEG-0001116,LG-000358,Environmental Challenge,2024-06-25,,Stay Order Issued,735,High Court,Critical
LEG-0001117,LG-000358,Title Dispute,2024-05-18,,Pending,773,District Court,Critical
LEG-0001118,LG-000358,Encroachment,2024-04-14,,Stay Order Issued,807,Revenue Tribunal,Critical
LEG-0001119,LG-000358,Compensation Amount Dispute,2023-12-12,2024-04-30,Resolved,0,Revenue Tribunal,Critical
LEG-0001120,LG-000358,Encroachment,2024-08-27,,Under Hearing,672,District Court,Critical
LEG-0001121,LG-000358,Title Dispute,2024-08-20,,Pending,679,Revenue Tribunal,Critical
LEG-0001122,LG-000359,Title Dispute,2023-01-30,,Stay Order Issued,1247,Revenue Tribunal,Low
LEG-0001123,LG-000359,R&R Dispute,2022-11-09,2023-03-24,Resolved,0,Revenue Tribunal,High
LEG-0001124,LG-000359,Environmental Challenge,2023-03-20,,Under Hearing,1198,Revenue Tribunal,High
LEG-0001125,LG-000361,Title Dispute,2022-07-10,2023-04-17,Resolved,0,High Court,Medium
LEG-0001126,LG-000362,Encroachment,2020-07-26,2020-12-27,Resolved,0,High Court,Medium
LEG-0001127,LG-000362,Environmental Challenge,2020-06-25,,Stay Order Issued,2196,High Court,Medium
LEG-0001128,LG-000362,Encroachment,2020-12-21,2021-02-28,Resolved,0,High Court,Low
LEG-0001129,LG-000362,Compensation Amount Dispute,2020-12-10,2021-03-14,Resolved,0,High Court,High
LEG-0001130,LG-000362,R&R Dispute,2020-11-10,2021-03-28,Resolved,0,District Court,Low
LEG-0001131,LG-000362,Environmental Challenge,2021-04-27,,Pending,1890,High Court,Medium
LEG-0001132,LG-000363,Compensation Amount Dispute,2020-12-18,,Pending,2020,Revenue Tribunal,Critical
LEG-0001133,LG-000363,Title Dispute,2021-01-05,,Under Hearing,2002,High Court,Critical
LEG-0001134,LG-000363,R&R Dispute,2020-10-02,,Under Hearing,2097,District Court,Critical
LEG-0001135,LG-000363,Title Dispute,2020-08-04,2020-10-17,Resolved,0,High Court,Critical
LEG-0001136,LG-000363,Encroachment,2020-09-07,,Under Hearing,2122,District Court,Critical
LEG-0001137,LG-000363,R&R Dispute,2021-05-13,,Under Hearing,1874,Revenue Tribunal,Critical
LEG-0001138,LG-000363,Title Dispute,2020-12-07,,Stay Order Issued,2031,High Court,Critical
LEG-0001139,LG-000364,Title Dispute,2018-10-20,2019-06-13,Resolved,0,Revenue Tribunal,Medium
LEG-0001140,LG-000364,Environmental Challenge,2019-01-08,,Stay Order Issued,2730,High Court,Medium
LEG-0001141,LG-000364,Environmental Challenge,2019-04-02,,Stay Order Issued,2646,Revenue Tribunal,Medium
LEG-0001142,LG-000365,Title Dispute,2019-10-24,,Under Hearing,2441,Revenue Tribunal,Critical
LEG-0001143,LG-000365,R&R Dispute,2019-06-11,,Under Hearing,2576,High Court,Critical
LEG-0001144,LG-000365,R&R Dispute,2019-06-10,2020-03-20,Resolved,0,Revenue Tribunal,Critical
LEG-0001145,LG-000365,Environmental Challenge,2019-04-12,2020-01-08,Resolved,0,High Court,Critical
LEG-0001146,LG-000365,Encroachment,2019-01-30,,Stay Order Issued,2708,District Court,Critical
LEG-0001147,LG-000365,Compensation Amount Dispute,2019-06-01,2019-09-26,Resolved,0,High Court,Critical
LEG-0001148,LG-000365,Encroachment,2019-10-20,2019-12-22,Resolved,0,Revenue Tribunal,Critical
LEG-0001149,LG-000365,Compensation Amount Dispute,2019-11-12,,Stay Order Issued,2422,Revenue Tribunal,Critical
LEG-0001150,LG-000365,Compensation Amount Dispute,2020-01-22,,Stay Order Issued,2351,District Court,Critical
LEG-0001151,LG-000365,Compensation Amount Dispute,2019-10-01,2020-04-20,Resolved,0,High Court,Critical
LEG-0001152,LG-000366,Title Dispute,2021-02-07,,Stay Order Issued,1969,Revenue Tribunal,Low
LEG-0001153,LG-000367,Title Dispute,2021-06-04,2021-12-16,Resolved,0,Revenue Tribunal,High
LEG-0001154,LG-000367,Environmental Challenge,2020-07-30,,Under Hearing,2161,High Court,Medium
LEG-0001155,LG-000367,R&R Dispute,2020-11-06,,Stay Order Issued,2062,High Court,Low
LEG-0001156,LG-000367,R&R Dispute,2021-05-09,,Under Hearing,1878,District Court,Low
LEG-0001157,LG-000367,Compensation Amount Dispute,2020-07-06,,Stay Order Issued,2185,Revenue Tribunal,Low
LEG-0001158,LG-000368,Compensation Amount Dispute,2020-01-09,2020-04-03,Resolved,0,District Court,High
LEG-0001159,LG-000369,Title Dispute,2024-06-15,,Pending,745,District Court,Critical
LEG-0001160,LG-000369,Title Dispute,2024-07-17,2024-10-10,Resolved,0,High Court,Critical
LEG-0001161,LG-000369,Environmental Challenge,2024-08-03,2024-10-29,Resolved,0,Revenue Tribunal,Critical
LEG-0001162,LG-000369,Title Dispute,2024-06-07,,Stay Order Issued,753,Revenue Tribunal,Critical
LEG-0001163,LG-000369,Environmental Challenge,2024-04-27,2024-09-17,Resolved,0,Revenue Tribunal,Critical
LEG-0001164,LG-000369,R&R Dispute,2024-03-11,2024-07-25,Resolved,0,Revenue Tribunal,Critical
LEG-0001165,LG-000369,R&R Dispute,2023-12-24,,Under Hearing,919,High Court,Critical
LEG-0001166,LG-000369,R&R Dispute,2023-10-15,2024-01-06,Resolved,0,High Court,Critical
LEG-0001167,LG-000369,Environmental Challenge,2024-01-18,,Pending,894,High Court,Critical
LEG-0001168,LG-000370,Environmental Challenge,2019-04-30,2019-10-04,Resolved,0,Revenue Tribunal,High
LEG-0001169,LG-000370,Title Dispute,2019-07-06,,Stay Order Issued,2551,District Court,Medium
LEG-0001170,LG-000370,R&R Dispute,2019-01-24,,Under Hearing,2714,Revenue Tribunal,Medium
LEG-0001171,LG-000370,Compensation Amount Dispute,2019-06-03,,Stay Order Issued,2584,High Court,Medium
LEG-0001172,LG-000371,Encroachment,2025-08-25,2026-03-03,Resolved,0,District Court,Critical
LEG-0001173,LG-000371,Encroachment,2025-07-07,,Stay Order Issued,358,Revenue Tribunal,Critical
LEG-0001174,LG-000371,Compensation Amount Dispute,2025-09-15,,Under Hearing,288,District Court,Critical
LEG-0001175,LG-000371,Compensation Amount Dispute,2025-03-31,,Under Hearing,456,District Court,Critical
LEG-0001176,LG-000371,Title Dispute,2025-06-19,,Under Hearing,376,Revenue Tribunal,Critical
LEG-0001177,LG-000371,Environmental Challenge,2025-10-19,,Under Hearing,254,District Court,Critical
LEG-0001178,LG-000371,R&R Dispute,2025-07-22,2025-10-05,Resolved,0,District Court,Critical
LEG-0001179,LG-000371,Encroachment,2025-02-10,,Pending,505,District Court,Critical
LEG-0001180,LG-000371,Compensation Amount Dispute,2025-08-22,,Under Hearing,312,District Court,Critical
LEG-0001181,LG-000371,R&R Dispute,2025-01-13,,Stay Order Issued,533,High Court,Critical
LEG-0001182,LG-000372,Compensation Amount Dispute,2021-05-06,,Under Hearing,1881,Revenue Tribunal,Critical
LEG-0001183,LG-000372,Title Dispute,2021-06-15,2021-09-05,Resolved,0,High Court,Critical
LEG-0001184,LG-000372,Title Dispute,2021-11-19,,Pending,1684,High Court,Critical
LEG-0001185,LG-000372,Encroachment,2021-06-04,,Under Hearing,1852,High Court,Critical
LEG-0001186,LG-000372,Compensation Amount Dispute,2021-09-07,,Stay Order Issued,1757,High Court,Critical
LEG-0001187,LG-000372,R&R Dispute,2021-05-18,,Stay Order Issued,1869,Revenue Tribunal,Critical
LEG-0001188,LG-000372,Encroachment,2021-09-01,,Under Hearing,1763,District Court,Critical
LEG-0001189,LG-000373,Compensation Amount Dispute,2024-03-01,,Pending,851,Revenue Tribunal,Medium
LEG-0001190,LG-000373,Compensation Amount Dispute,2024-03-15,,Stay Order Issued,837,High Court,Low
LEG-0001191,LG-000373,Encroachment,2024-03-28,,Stay Order Issued,824,High Court,Medium
LEG-0001192,LG-000373,Compensation Amount Dispute,2024-01-01,,Stay Order Issued,911,High Court,Low
LEG-0001193,LG-000374,Title Dispute,2024-02-17,2024-08-12,Resolved,0,High Court,Medium
LEG-0001194,LG-000375,Title Dispute,2024-03-23,2024-12-23,Resolved,0,Revenue Tribunal,Medium
LEG-0001195,LG-000375,Title Dispute,2025-01-18,,Under Hearing,528,District Court,High
LEG-0001196,LG-000375,Title Dispute,2024-08-08,,Stay Order Issued,691,Revenue Tribunal,Low
LEG-0001197,LG-000377,Encroachment,2025-10-24,,Stay Order Issued,249,Revenue Tribunal,Medium
LEG-0001198,LG-000377,Compensation Amount Dispute,2025-02-25,2025-09-03,Resolved,0,High Court,High
LEG-0001199,LG-000377,Environmental Challenge,2025-05-27,2026-02-22,Resolved,0,District Court,Low
LEG-0001200,LG-000378,R&R Dispute,2023-08-29,,Under Hearing,1036,High Court,Low
LEG-0001201,LG-000378,Environmental Challenge,2023-11-25,,Stay Order Issued,948,High Court,High
LEG-0001202,LG-000378,Title Dispute,2023-03-12,,Under Hearing,1206,District Court,Low
LEG-0001203,LG-000378,Compensation Amount Dispute,2023-03-23,,Stay Order Issued,1195,High Court,Medium
LEG-0001204,LG-000379,Encroachment,2021-03-18,,Stay Order Issued,1930,District Court,Medium
LEG-0001205,LG-000379,Title Dispute,2021-05-20,2022-02-07,Resolved,0,High Court,Medium
LEG-0001206,LG-000379,R&R Dispute,2021-05-05,2021-09-10,Resolved,0,High Court,High
LEG-0001207,LG-000380,Environmental Challenge,2022-09-08,2023-06-22,Resolved,0,District Court,Medium
LEG-0001208,LG-000381,Environmental Challenge,2025-05-31,2025-09-27,Resolved,0,District Court,High
LEG-0001209,LG-000381,Encroachment,2025-03-05,2025-12-05,Resolved,0,Revenue Tribunal,Low
LEG-0001210,LG-000384,R&R Dispute,2019-02-03,,Under Hearing,2704,District Court,High
LEG-0001211,LG-000384,Encroachment,2018-08-09,,Under Hearing,2882,Revenue Tribunal,Low
LEG-0001212,LG-000384,Encroachment,2019-01-05,,Stay Order Issued,2733,District Court,Medium
LEG-0001213,LG-000384,Compensation Amount Dispute,2019-02-12,,Stay Order Issued,2695,High Court,High
LEG-0001214,LG-000385,Encroachment,2022-02-26,,Pending,1585,Revenue Tribunal,Low
LEG-0001215,LG-000385,Encroachment,2022-02-15,,Stay Order Issued,1596,Revenue Tribunal,Medium
LEG-0001216,LG-000385,Title Dispute,2022-03-18,,Under Hearing,1565,High Court,Medium
LEG-0001217,LG-000385,Title Dispute,2021-10-29,,Under Hearing,1705,Revenue Tribunal,Medium
LEG-0001218,LG-000385,R&R Dispute,2021-06-18,2021-09-10,Resolved,0,District Court,Low
LEG-0001219,LG-000385,Title Dispute,2021-06-24,,Pending,1832,High Court,High
LEG-0001220,LG-000386,Encroachment,2025-09-17,2026-01-03,Resolved,0,District Court,High
LEG-0001221,LG-000386,Encroachment,2025-05-17,2025-08-23,Resolved,0,Revenue Tribunal,Low
LEG-0001222,LG-000387,Encroachment,2021-01-18,,Pending,1989,High Court,Medium
LEG-0001223,LG-000389,R&R Dispute,2022-11-09,2023-03-21,Resolved,0,District Court,Medium
LEG-0001224,LG-000389,Encroachment,2022-04-30,2023-01-21,Resolved,0,High Court,Low
LEG-0001225,LG-000390,R&R Dispute,2023-11-02,2024-03-18,Resolved,0,Revenue Tribunal,High
LEG-0001226,LG-000390,Encroachment,2023-08-20,,Stay Order Issued,1045,District Court,Low
LEG-0001227,LG-000390,Title Dispute,2023-09-18,,Pending,1016,District Court,Medium
LEG-0001228,LG-000390,Compensation Amount Dispute,2024-01-16,,Stay Order Issued,896,District Court,Low
LEG-0001229,LG-000390,Encroachment,2023-11-12,,Pending,961,High Court,Medium
LEG-0001230,LG-000390,Compensation Amount Dispute,2023-10-07,,Stay Order Issued,997,High Court,Medium
LEG-0001231,LG-000391,Title Dispute,2021-08-28,,Pending,1767,Revenue Tribunal,Medium
LEG-0001232,LG-000392,Encroachment,2019-03-23,,Under Hearing,2656,Revenue Tribunal,Critical
LEG-0001233,LG-000392,Environmental Challenge,2019-02-16,,Pending,2691,Revenue Tribunal,Critical
LEG-0001234,LG-000392,R&R Dispute,2018-11-20,2019-03-11,Resolved,0,District Court,Critical
LEG-0001235,LG-000392,Title Dispute,2018-10-24,,Stay Order Issued,2806,High Court,Critical
LEG-0001236,LG-000392,Title Dispute,2018-10-27,2019-03-08,Resolved,0,Revenue Tribunal,Critical
LEG-0001237,LG-000392,R&R Dispute,2018-08-27,,Under Hearing,2864,District Court,Critical
LEG-0001238,LG-000392,Environmental Challenge,2019-05-12,2019-09-04,Resolved,0,District Court,Critical
LEG-0001239,LG-000392,Compensation Amount Dispute,2018-11-04,,Pending,2795,District Court,Critical
LEG-0001240,LG-000392,R&R Dispute,2019-04-09,,Stay Order Issued,2639,District Court,Critical
LEG-0001241,LG-000392,Title Dispute,2019-04-27,,Stay Order Issued,2621,High Court,Critical
LEG-0001242,LG-000393,Title Dispute,2021-09-27,,Pending,1737,District Court,Low
LEG-0001243,LG-000395,R&R Dispute,2024-10-01,,Under Hearing,637,District Court,Critical
LEG-0001244,LG-000395,Encroachment,2024-06-24,2024-10-25,Resolved,0,Revenue Tribunal,Critical
LEG-0001245,LG-000395,Title Dispute,2024-06-12,,Stay Order Issued,748,High Court,Critical
LEG-0001246,LG-000395,Title Dispute,2024-01-08,,Under Hearing,904,District Court,Critical
LEG-0001247,LG-000395,Encroachment,2023-10-24,2024-07-28,Resolved,0,Revenue Tribunal,Critical
LEG-0001248,LG-000395,Compensation Amount Dispute,2024-02-11,,Pending,870,District Court,Critical
LEG-0001249,LG-000395,Compensation Amount Dispute,2024-03-19,2024-09-23,Resolved,0,District Court,Critical
LEG-0001250,LG-000395,Compensation Amount Dispute,2024-08-27,2024-11-09,Resolved,0,District Court,Critical
LEG-0001251,LG-000395,R&R Dispute,2023-11-09,,Pending,964,District Court,Critical
LEG-0001252,LG-000396,Environmental Challenge,2023-01-02,,Under Hearing,1275,Revenue Tribunal,Medium
LEG-0001253,LG-000396,Title Dispute,2023-06-28,,Pending,1098,Revenue Tribunal,Medium
LEG-0001254,LG-000396,Encroachment,2023-06-19,,Stay Order Issued,1107,District Court,Medium
LEG-0001255,LG-000396,Title Dispute,2023-05-31,,Under Hearing,1126,High Court,High
LEG-0001256,LG-000396,Compensation Amount Dispute,2023-07-17,,Under Hearing,1079,District Court,Low
LEG-0001257,LG-000396,Compensation Amount Dispute,2023-07-01,,Stay Order Issued,1095,Revenue Tribunal,Medium
LEG-0001258,LG-000397,Title Dispute,2021-12-08,2022-06-24,Resolved,0,Revenue Tribunal,Medium
LEG-0001259,LG-000398,Compensation Amount Dispute,2025-08-20,,Under Hearing,314,High Court,High
LEG-0001260,LG-000399,Title Dispute,2024-01-07,2024-06-01,Resolved,0,High Court,Medium
LEG-0001261,LG-000400,Compensation Amount Dispute,2025-02-18,2025-09-08,Resolved,0,High Court,Medium
LEG-0001262,LG-000400,Environmental Challenge,2025-07-02,,Under Hearing,363,District Court,Low
LEG-0001263,LG-000401,Title Dispute,2018-12-25,,Under Hearing,2744,Revenue Tribunal,Critical
LEG-0001264,LG-000401,Title Dispute,2018-07-23,,Under Hearing,2899,High Court,Critical
LEG-0001265,LG-000401,Compensation Amount Dispute,2018-10-14,,Pending,2816,District Court,Critical
LEG-0001266,LG-000401,Encroachment,2019-02-12,,Under Hearing,2695,District Court,Critical
LEG-0001267,LG-000401,Environmental Challenge,2018-08-18,,Pending,2873,District Court,Critical
LEG-0001268,LG-000401,Compensation Amount Dispute,2018-06-03,,Pending,2949,Revenue Tribunal,Critical
LEG-0001269,LG-000402,Title Dispute,2025-03-10,,Pending,477,High Court,Low
LEG-0001270,LG-000402,R&R Dispute,2024-11-16,,Stay Order Issued,591,Revenue Tribunal,Low
LEG-0001271,LG-000402,Title Dispute,2025-05-03,2025-11-26,Resolved,0,District Court,Medium
LEG-0001272,LG-000402,Compensation Amount Dispute,2024-07-03,,Pending,727,Revenue Tribunal,Low
LEG-0001273,LG-000402,R&R Dispute,2024-08-17,,Under Hearing,682,District Court,High
LEG-0001274,LG-000402,Title Dispute,2024-12-31,,Stay Order Issued,546,District Court,Medium
LEG-0001275,LG-000404,R&R Dispute,2021-09-06,2021-12-10,Resolved,0,High Court,Low
LEG-0001276,LG-000404,Environmental Challenge,2022-06-01,,Under Hearing,1490,District Court,Medium
LEG-0001277,LG-000404,Compensation Amount Dispute,2021-09-05,,Under Hearing,1759,Revenue Tribunal,Medium
LEG-0001278,LG-000404,Environmental Challenge,2021-12-23,2022-07-05,Resolved,0,District Court,High
LEG-0001279,LG-000404,Encroachment,2022-03-21,,Under Hearing,1562,District Court,High
LEG-0001280,LG-000405,R&R Dispute,2022-07-22,,Stay Order Issued,1439,Revenue Tribunal,High
LEG-0001281,LG-000405,Encroachment,2022-09-12,,Under Hearing,1387,District Court,Low
LEG-0001282,LG-000405,Compensation Amount Dispute,2022-12-14,,Under Hearing,1294,High Court,Low
LEG-0001283,LG-000405,Environmental Challenge,2022-03-22,,Under Hearing,1561,Revenue Tribunal,Low
LEG-0001284,LG-000408,Encroachment,2021-11-23,2022-08-04,Resolved,0,District Court,High
LEG-0001285,LG-000408,Environmental Challenge,2021-09-16,,Under Hearing,1748,District Court,High
LEG-0001286,LG-000409,R&R Dispute,2023-05-09,2023-09-20,Resolved,0,Revenue Tribunal,High
LEG-0001287,LG-000410,Environmental Challenge,2019-08-21,2020-03-26,Resolved,0,Revenue Tribunal,High
LEG-0001288,LG-000412,Title Dispute,2019-04-27,2019-09-23,Resolved,0,Revenue Tribunal,Medium
LEG-0001289,LG-000413,Compensation Amount Dispute,2023-02-21,,Stay Order Issued,1225,Revenue Tribunal,Medium
LEG-0001290,LG-000413,Title Dispute,2022-06-12,,Under Hearing,1479,Revenue Tribunal,Medium
LEG-0001291,LG-000413,R&R Dispute,2023-02-10,,Under Hearing,1236,Revenue Tribunal,Low
LEG-0001292,LG-000413,Title Dispute,2023-03-23,,Pending,1195,Revenue Tribunal,Low
LEG-0001293,LG-000414,R&R Dispute,2023-05-06,2023-11-14,Resolved,0,District Court,Low
LEG-0001294,LG-000417,Encroachment,2020-06-24,2021-03-13,Resolved,0,District Court,Low
LEG-0001295,LG-000417,Environmental Challenge,2021-01-09,2021-10-12,Resolved,0,District Court,Medium
LEG-0001296,LG-000418,Encroachment,2022-11-12,2023-07-30,Resolved,0,Revenue Tribunal,Low
LEG-0001297,LG-000418,R&R Dispute,2022-12-20,2023-08-17,Resolved,0,Revenue Tribunal,High
LEG-0001298,LG-000418,Title Dispute,2023-02-20,,Under Hearing,1226,District Court,High
LEG-0001299,LG-000419,Encroachment,2023-05-14,2023-09-21,Resolved,0,High Court,Medium
LEG-0001300,LG-000420,Encroachment,2018-12-18,,Stay Order Issued,2751,District Court,Low
LEG-0001301,LG-000420,Compensation Amount Dispute,2018-12-20,,Stay Order Issued,2749,High Court,Medium
LEG-0001302,LG-000420,Title Dispute,2019-02-19,,Under Hearing,2688,District Court,Low
LEG-0001303,LG-000423,Environmental Challenge,2024-01-04,2024-04-01,Resolved,0,High Court,High
LEG-0001304,LG-000424,Compensation Amount Dispute,2020-03-02,,Stay Order Issued,2311,Revenue Tribunal,Medium
LEG-0001305,LG-000425,Encroachment,2022-08-06,,Under Hearing,1424,High Court,Medium
LEG-0001306,LG-000426,Environmental Challenge,2022-12-18,2023-08-24,Resolved,0,District Court,Medium
LEG-0001307,LG-000427,Title Dispute,2024-05-15,,Stay Order Issued,776,High Court,Low
LEG-0001308,LG-000427,Environmental Challenge,2024-04-26,,Under Hearing,795,District Court,High
LEG-0001309,LG-000427,Environmental Challenge,2024-03-26,2024-11-13,Resolved,0,District Court,Low
LEG-0001310,LG-000428,R&R Dispute,2023-09-04,,Pending,1030,District Court,Critical
LEG-0001311,LG-000428,Environmental Challenge,2023-08-29,,Stay Order Issued,1036,Revenue Tribunal,Critical
LEG-0001312,LG-000428,Environmental Challenge,2023-04-11,,Pending,1176,District Court,Critical
LEG-0001313,LG-000428,R&R Dispute,2023-10-05,,Stay Order Issued,999,Revenue Tribunal,Critical
LEG-0001314,LG-000428,Compensation Amount Dispute,2023-02-08,,Stay Order Issued,1238,High Court,Critical
LEG-0001315,LG-000428,Title Dispute,2023-05-15,2024-02-01,Resolved,0,District Court,Critical
LEG-0001316,LG-000428,Title Dispute,2023-06-24,,Stay Order Issued,1102,Revenue Tribunal,Critical
LEG-0001317,LG-000428,Encroachment,2023-03-25,,Stay Order Issued,1193,Revenue Tribunal,Critical
LEG-0001318,LG-000428,Encroachment,2023-01-11,,Stay Order Issued,1266,Revenue Tribunal,Critical
LEG-0001319,LG-000428,Environmental Challenge,2023-01-03,2023-04-20,Resolved,0,Revenue Tribunal,Critical
LEG-0001320,LG-000429,Encroachment,2018-05-18,2019-02-26,Resolved,0,Revenue Tribunal,High
LEG-0001321,LG-000429,Compensation Amount Dispute,2018-04-14,2018-12-21,Resolved,0,Revenue Tribunal,High
LEG-0001322,LG-000429,Compensation Amount Dispute,2018-07-27,,Pending,2895,High Court,High
LEG-0001323,LG-000429,Encroachment,2018-11-14,,Pending,2785,District Court,High
LEG-0001324,LG-000429,Environmental Challenge,2018-05-17,,Under Hearing,2966,Revenue Tribunal,Low
LEG-0001325,LG-000430,Title Dispute,2022-05-02,2022-10-24,Resolved,0,High Court,Critical
LEG-0001326,LG-000430,Encroachment,2022-10-23,,Pending,1346,District Court,Critical
LEG-0001327,LG-000430,Compensation Amount Dispute,2022-05-17,2022-11-22,Resolved,0,District Court,Critical
LEG-0001328,LG-000430,R&R Dispute,2022-08-18,2023-03-02,Resolved,0,District Court,Critical
LEG-0001329,LG-000430,Environmental Challenge,2022-02-28,2022-08-23,Resolved,0,High Court,Critical
LEG-0001330,LG-000430,Environmental Challenge,2022-07-29,,Pending,1432,District Court,Critical
LEG-0001331,LG-000430,Compensation Amount Dispute,2022-10-11,,Stay Order Issued,1358,District Court,Critical
LEG-0001332,LG-000430,Title Dispute,2022-07-21,,Stay Order Issued,1440,Revenue Tribunal,Critical
LEG-0001333,LG-000431,Encroachment,2023-03-19,2023-10-30,Resolved,0,District Court,Low
LEG-0001334,LG-000431,R&R Dispute,2023-11-15,2024-08-02,Resolved,0,High Court,Medium
LEG-0001335,LG-000431,Encroachment,2023-01-26,2023-05-02,Resolved,0,High Court,Medium
LEG-0001336,LG-000432,R&R Dispute,2025-07-02,2025-12-15,Resolved,0,District Court,High
LEG-0001337,LG-000433,Compensation Amount Dispute,2019-06-15,,Pending,2572,Revenue Tribunal,Low
LEG-0001338,LG-000433,Environmental Challenge,2019-03-23,2019-05-29,Resolved,0,High Court,Medium
LEG-0001339,LG-000433,Environmental Challenge,2019-01-24,,Under Hearing,2714,District Court,Low
LEG-0001340,LG-000434,R&R Dispute,2022-09-06,2022-11-28,Resolved,0,High Court,Low
LEG-0001341,LG-000435,Encroachment,2020-05-12,2020-09-02,Resolved,0,District Court,Low
LEG-0001342,LG-000436,Compensation Amount Dispute,2024-11-01,2025-08-14,Resolved,0,High Court,High
LEG-0001343,LG-000437,Encroachment,2022-12-26,2023-09-04,Resolved,0,Revenue Tribunal,High
LEG-0001344,LG-000438,Environmental Challenge,2022-02-18,2022-07-13,Resolved,0,High Court,Medium
LEG-0001345,LG-000439,Environmental Challenge,2021-08-16,2022-02-26,Resolved,0,District Court,Medium
LEG-0001346,LG-000439,Encroachment,2021-12-28,2022-08-27,Resolved,0,High Court,Low
LEG-0001347,LG-000440,Encroachment,2020-11-26,2021-01-25,Resolved,0,Revenue Tribunal,Low
LEG-0001348,LG-000440,R&R Dispute,2020-10-11,2021-06-24,Resolved,0,High Court,High
LEG-0001349,LG-000441,Compensation Amount Dispute,2025-08-29,,Stay Order Issued,305,District Court,Medium
LEG-0001350,LG-000442,Title Dispute,2021-11-28,,Pending,1675,High Court,Critical
LEG-0001351,LG-000442,R&R Dispute,2022-01-03,,Stay Order Issued,1639,Revenue Tribunal,Critical
LEG-0001352,LG-000442,Encroachment,2021-11-10,,Under Hearing,1693,High Court,Critical
LEG-0001353,LG-000442,Title Dispute,2022-07-26,2023-05-11,Resolved,0,Revenue Tribunal,Critical
LEG-0001354,LG-000442,Encroachment,2022-03-16,,Under Hearing,1567,Revenue Tribunal,Critical
LEG-0001355,LG-000442,Encroachment,2021-11-15,2022-02-05,Resolved,0,High Court,Critical
LEG-0001356,LG-000442,R&R Dispute,2022-01-27,2022-10-30,Resolved,0,High Court,Critical
LEG-0001357,LG-000442,Title Dispute,2021-10-23,,Stay Order Issued,1711,High Court,Critical
LEG-0001358,LG-000443,Encroachment,2024-03-13,,Pending,839,District Court,Critical
LEG-0001359,LG-000443,R&R Dispute,2024-11-02,,Stay Order Issued,605,High Court,Critical
LEG-0001360,LG-000443,Encroachment,2024-03-08,,Pending,844,High Court,Critical
LEG-0001361,LG-000443,Encroachment,2025-01-02,,Under Hearing,544,High Court,Critical
LEG-0001362,LG-000443,Title Dispute,2024-03-27,,Pending,825,High Court,Critical
LEG-0001363,LG-000443,Title Dispute,2024-05-11,,Under Hearing,780,High Court,Critical
LEG-0001364,LG-000443,Encroachment,2024-04-14,,Under Hearing,807,District Court,Critical
LEG-0001365,LG-000443,R&R Dispute,2024-02-23,,Pending,858,High Court,Critical
LEG-0001366,LG-000444,Encroachment,2024-12-04,2025-09-02,Resolved,0,Revenue Tribunal,High
LEG-0001367,LG-000444,Title Dispute,2024-06-08,2025-03-17,Resolved,0,High Court,High
LEG-0001368,LG-000444,R&R Dispute,2024-02-01,,Stay Order Issued,880,High Court,Medium
LEG-0001369,LG-000445,Compensation Amount Dispute,2023-08-26,,Pending,1039,District Court,Medium
LEG-0001370,LG-000445,Title Dispute,2023-08-18,2024-01-14,Resolved,0,District Court,Medium
LEG-0001371,LG-000445,Environmental Challenge,2024-04-14,,Under Hearing,807,Revenue Tribunal,Low
LEG-0001372,LG-000446,Encroachment,2024-05-08,2024-09-11,Resolved,0,District Court,Low
LEG-0001373,LG-000446,Title Dispute,2025-01-30,,Pending,516,High Court,High
LEG-0001374,LG-000446,R&R Dispute,2024-08-30,,Under Hearing,669,District Court,Low
LEG-0001375,LG-000447,Compensation Amount Dispute,2018-05-03,,Pending,2980,High Court,High
LEG-0001376,LG-000447,Encroachment,2018-09-27,,Stay Order Issued,2833,High Court,Low
LEG-0001377,LG-000447,Title Dispute,2019-03-24,2019-12-16,Resolved,0,High Court,High
LEG-0001378,LG-000447,Title Dispute,2018-06-10,,Under Hearing,2942,Revenue Tribunal,Medium
LEG-0001379,LG-000447,Environmental Challenge,2018-09-26,2019-04-20,Resolved,0,High Court,High
LEG-0001380,LG-000447,R&R Dispute,2018-05-19,2019-01-25,Resolved,0,High Court,Low
LEG-0001381,LG-000448,R&R Dispute,2021-02-10,2021-11-08,Resolved,0,High Court,Low
LEG-0001382,LG-000449,Environmental Challenge,2018-05-08,,Under Hearing,2975,Revenue Tribunal,Medium
LEG-0001383,LG-000449,Environmental Challenge,2018-10-08,,Under Hearing,2822,District Court,Low
LEG-0001384,LG-000449,R&R Dispute,2018-09-23,,Under Hearing,2837,Revenue Tribunal,High
LEG-0001385,LG-000449,Environmental Challenge,2018-07-17,,Under Hearing,2905,Revenue Tribunal,Low
LEG-0001386,LG-000449,Encroachment,2018-08-09,,Under Hearing,2882,District Court,High
LEG-0001387,LG-000449,Compensation Amount Dispute,2018-10-07,,Under Hearing,2823,High Court,Low
LEG-0001388,LG-000450,R&R Dispute,2021-10-25,2022-04-08,Resolved,0,High Court,Low
LEG-0001389,LG-000450,Compensation Amount Dispute,2021-11-27,2022-01-31,Resolved,0,Revenue Tribunal,High
LEG-0001390,LG-000450,Environmental Challenge,2021-11-26,,Under Hearing,1677,District Court,High
LEG-0001391,LG-000450,Compensation Amount Dispute,2021-04-09,,Pending,1908,Revenue Tribunal,Medium
LEG-0001392,LG-000450,Title Dispute,2022-01-03,2022-08-04,Resolved,0,High Court,Low
LEG-0001393,LG-000451,Encroachment,2020-05-26,,Under Hearing,2226,High Court,Critical
LEG-0001394,LG-000451,Title Dispute,2020-07-23,,Pending,2168,District Court,Critical
LEG-0001395,LG-000451,Title Dispute,2021-02-04,2021-07-06,Resolved,0,Revenue Tribunal,Critical
LEG-0001396,LG-000451,R&R Dispute,2020-09-09,2021-05-23,Resolved,0,Revenue Tribunal,Critical
LEG-0001397,LG-000451,Encroachment,2020-06-20,2020-12-06,Resolved,0,Revenue Tribunal,Critical
LEG-0001398,LG-000451,Encroachment,2020-11-24,,Under Hearing,2044,High Court,Critical
LEG-0001399,LG-000451,Environmental Challenge,2020-09-09,2021-01-15,Resolved,0,High Court,Critical
LEG-0001400,LG-000451,Encroachment,2021-03-04,,Pending,1944,High Court,Critical
LEG-0001401,LG-000451,Encroachment,2021-01-14,,Stay Order Issued,1993,High Court,Critical
LEG-0001402,LG-000452,Compensation Amount Dispute,2020-06-22,2021-02-23,Resolved,0,District Court,Critical
LEG-0001403,LG-000452,Environmental Challenge,2020-06-04,,Stay Order Issued,2217,Revenue Tribunal,Critical
LEG-0001404,LG-000452,Compensation Amount Dispute,2020-02-12,2020-07-05,Resolved,0,Revenue Tribunal,Critical
LEG-0001405,LG-000452,Encroachment,2019-11-07,,Under Hearing,2427,High Court,Critical
LEG-0001406,LG-000452,Title Dispute,2019-08-20,,Pending,2506,High Court,Critical
LEG-0001407,LG-000452,Title Dispute,2019-09-29,,Stay Order Issued,2466,High Court,Critical
LEG-0001408,LG-000453,R&R Dispute,2025-08-15,2025-11-25,Resolved,0,High Court,Medium
LEG-0001409,LG-000454,Title Dispute,2020-07-15,2020-11-03,Resolved,0,Revenue Tribunal,Medium
LEG-0001410,LG-000455,Compensation Amount Dispute,2019-10-01,2020-03-19,Resolved,0,Revenue Tribunal,Low
LEG-0001411,LG-000455,Environmental Challenge,2019-11-22,2020-01-25,Resolved,0,Revenue Tribunal,Low
LEG-0001412,LG-000456,Compensation Amount Dispute,2023-01-02,,Stay Order Issued,1275,High Court,Low
LEG-0001413,LG-000457,R&R Dispute,2022-05-30,,Under Hearing,1492,High Court,Critical
LEG-0001414,LG-000457,Environmental Challenge,2022-05-18,2022-09-08,Resolved,0,Revenue Tribunal,Critical
LEG-0001415,LG-000457,R&R Dispute,2021-08-28,,Under Hearing,1767,District Court,Critical
LEG-0001416,LG-000457,Environmental Challenge,2022-05-17,,Stay Order Issued,1505,District Court,Critical
LEG-0001417,LG-000457,Compensation Amount Dispute,2022-03-18,2022-08-29,Resolved,0,Revenue Tribunal,Critical
LEG-0001418,LG-000457,Title Dispute,2022-05-29,2022-08-20,Resolved,0,High Court,Critical
LEG-0001419,LG-000457,Compensation Amount Dispute,2022-04-26,,Under Hearing,1526,District Court,Critical
LEG-0001420,LG-000457,R&R Dispute,2021-11-23,2022-06-01,Resolved,0,District Court,Critical
LEG-0001421,LG-000457,Environmental Challenge,2021-07-21,2021-11-28,Resolved,0,District Court,Critical
LEG-0001422,LG-000457,R&R Dispute,2021-12-30,,Pending,1643,District Court,Critical
LEG-0001423,LG-000458,Encroachment,2019-02-10,2019-05-12,Resolved,0,District Court,Critical
LEG-0001424,LG-000458,Title Dispute,2019-08-01,,Stay Order Issued,2525,Revenue Tribunal,Critical
LEG-0001425,LG-000458,Encroachment,2019-12-19,,Under Hearing,2385,Revenue Tribunal,Critical
LEG-0001426,LG-000458,Title Dispute,2019-01-01,,Stay Order Issued,2737,High Court,Critical
LEG-0001427,LG-000458,Environmental Challenge,2019-10-30,,Pending,2435,Revenue Tribunal,Critical
LEG-0001428,LG-000458,Title Dispute,2019-01-28,,Pending,2710,Revenue Tribunal,Critical
LEG-0001429,LG-000458,R&R Dispute,2018-12-29,2019-09-02,Resolved,0,Revenue Tribunal,Critical
LEG-0001430,LG-000459,Title Dispute,2025-05-26,2026-03-17,Resolved,0,High Court,Low
LEG-0001431,LG-000459,R&R Dispute,2025-12-01,2026-05-01,Resolved,0,High Court,Medium
LEG-0001432,LG-000459,Encroachment,2025-03-01,,Stay Order Issued,486,Revenue Tribunal,Medium
LEG-0001433,LG-000459,Environmental Challenge,2025-07-08,,Pending,357,District Court,High
LEG-0001434,LG-000459,Title Dispute,2025-03-03,2025-08-12,Resolved,0,Revenue Tribunal,High
LEG-0001435,LG-000459,Compensation Amount Dispute,2025-08-18,,Stay Order Issued,316,High Court,Medium
LEG-0001436,LG-000460,Environmental Challenge,2022-12-24,2023-04-02,Resolved,0,High Court,Medium
LEG-0001437,LG-000460,Compensation Amount Dispute,2023-02-21,2023-05-24,Resolved,0,Revenue Tribunal,High
LEG-0001438,LG-000461,Compensation Amount Dispute,2020-04-20,2020-11-12,Resolved,0,Revenue Tribunal,Low
LEG-0001439,LG-000461,R&R Dispute,2019-11-19,2020-07-03,Resolved,0,Revenue Tribunal,High
LEG-0001440,LG-000461,Environmental Challenge,2019-12-27,2020-04-22,Resolved,0,District Court,Medium
LEG-0001441,LG-000463,Title Dispute,2022-03-20,,Pending,1563,District Court,High
LEG-0001442,LG-000463,Compensation Amount Dispute,2022-04-11,,Stay Order Issued,1541,High Court,Low
LEG-0001443,LG-000463,Title Dispute,2022-04-02,,Under Hearing,1550,District Court,Low
LEG-0001444,LG-000464,R&R Dispute,2023-02-04,,Pending,1242,Revenue Tribunal,Medium
LEG-0001445,LG-000465,Title Dispute,2020-12-31,,Stay Order Issued,2007,Revenue Tribunal,Critical
LEG-0001446,LG-000465,Encroachment,2021-07-15,,Under Hearing,1811,High Court,Critical
LEG-0001447,LG-000465,R&R Dispute,2020-12-31,,Pending,2007,Revenue Tribunal,Critical
LEG-0001448,LG-000465,Title Dispute,2020-08-31,,Pending,2129,High Court,Critical
LEG-0001449,LG-000465,Title Dispute,2020-10-15,,Stay Order Issued,2084,High Court,Critical
LEG-0001450,LG-000465,R&R Dispute,2020-10-02,,Stay Order Issued,2097,High Court,Critical
LEG-0001451,LG-000465,Environmental Challenge,2021-03-30,2021-06-03,Resolved,0,District Court,Critical
LEG-0001452,LG-000465,Compensation Amount Dispute,2021-02-16,,Stay Order Issued,1960,District Court,Critical
LEG-0001453,LG-000466,Environmental Challenge,2023-09-21,2024-07-05,Resolved,0,High Court,Medium
LEG-0001454,LG-000467,R&R Dispute,2023-12-20,2024-10-12,Resolved,0,Revenue Tribunal,Low
LEG-0001455,LG-000467,Title Dispute,2023-09-27,2023-12-14,Resolved,0,Revenue Tribunal,Medium
LEG-0001456,LG-000467,Compensation Amount Dispute,2023-10-05,2024-02-25,Resolved,0,District Court,High
LEG-0001457,LG-000468,Environmental Challenge,2023-07-12,2024-03-15,Resolved,0,District Court,Critical
LEG-0001458,LG-000468,R&R Dispute,2023-07-26,2024-02-28,Resolved,0,High Court,Critical
LEG-0001459,LG-000468,Title Dispute,2023-06-05,,Under Hearing,1121,District Court,Critical
LEG-0001460,LG-000468,Encroachment,2023-06-19,,Under Hearing,1107,District Court,Critical
LEG-0001461,LG-000468,Title Dispute,2024-01-30,,Stay Order Issued,882,District Court,Critical
LEG-0001462,LG-000468,R&R Dispute,2023-09-07,,Pending,1027,High Court,Critical
LEG-0001463,LG-000468,Compensation Amount Dispute,2024-01-24,,Pending,888,High Court,Critical
LEG-0001464,LG-000468,Title Dispute,2024-03-03,,Pending,849,High Court,Critical
LEG-0001465,LG-000468,Environmental Challenge,2023-05-31,,Pending,1126,High Court,Critical
LEG-0001466,LG-000468,Title Dispute,2024-02-12,,Stay Order Issued,869,High Court,Critical
LEG-0001467,LG-000469,Title Dispute,2021-07-17,,Under Hearing,1809,District Court,Medium
LEG-0001468,LG-000469,R&R Dispute,2021-03-24,,Stay Order Issued,1924,Revenue Tribunal,Low
LEG-0001469,LG-000469,Compensation Amount Dispute,2021-05-08,,Pending,1879,High Court,Low
LEG-0001470,LG-000469,Compensation Amount Dispute,2021-03-05,,Pending,1943,Revenue Tribunal,High
LEG-0001471,LG-000472,Compensation Amount Dispute,2022-12-01,,Stay Order Issued,1307,High Court,High
LEG-0001472,LG-000473,Environmental Challenge,2020-02-21,2020-11-20,Resolved,0,Revenue Tribunal,Medium
LEG-0001473,LG-000474,Environmental Challenge,2024-12-12,,Pending,565,High Court,High
LEG-0001474,LG-000475,Compensation Amount Dispute,2021-05-24,2021-11-26,Resolved,0,Revenue Tribunal,High
LEG-0001475,LG-000475,Encroachment,2021-04-26,,Under Hearing,1891,District Court,Low
LEG-0001476,LG-000475,R&R Dispute,2021-10-23,,Stay Order Issued,1711,District Court,Low
LEG-0001477,LG-000476,Compensation Amount Dispute,2021-02-11,2021-08-06,Resolved,0,Revenue Tribunal,Low
LEG-0001478,LG-000476,Encroachment,2021-12-06,2022-07-02,Resolved,0,Revenue Tribunal,Medium
LEG-0001479,LG-000477,Compensation Amount Dispute,2019-06-27,2020-04-15,Resolved,0,Revenue Tribunal,High
LEG-0001480,LG-000477,Environmental Challenge,2019-01-01,,Under Hearing,2737,District Court,High
LEG-0001481,LG-000477,Compensation Amount Dispute,2019-04-26,,Stay Order Issued,2622,Revenue Tribunal,High
LEG-0001482,LG-000477,Environmental Challenge,2019-08-13,,Under Hearing,2513,District Court,Low
LEG-0001483,LG-000477,Encroachment,2019-07-01,,Pending,2556,High Court,Medium
LEG-0001484,LG-000477,Title Dispute,2018-11-02,,Under Hearing,2797,District Court,High
LEG-0001485,LG-000478,R&R Dispute,2022-06-11,,Stay Order Issued,1480,District Court,High
LEG-0001486,LG-000478,Compensation Amount Dispute,2023-01-21,2023-06-20,Resolved,0,High Court,High
LEG-0001487,LG-000478,Encroachment,2022-09-14,2023-02-02,Resolved,0,District Court,Medium
LEG-0001488,LG-000479,Title Dispute,2018-06-18,2018-09-28,Resolved,0,Revenue Tribunal,High
LEG-0001489,LG-000479,R&R Dispute,2018-11-17,,Pending,2782,High Court,High
LEG-0001490,LG-000479,R&R Dispute,2018-09-06,,Stay Order Issued,2854,District Court,Medium
LEG-0001491,LG-000479,R&R Dispute,2019-03-13,,Stay Order Issued,2666,Revenue Tribunal,High
LEG-0001492,LG-000479,R&R Dispute,2018-07-13,,Pending,2909,District Court,Medium
LEG-0001493,LG-000479,Compensation Amount Dispute,2018-07-30,,Pending,2892,High Court,High
LEG-0001494,LG-000480,R&R Dispute,2019-07-24,2020-01-31,Resolved,0,Revenue Tribunal,Critical
LEG-0001495,LG-000480,Compensation Amount Dispute,2019-11-25,,Pending,2409,District Court,Critical
LEG-0001496,LG-000480,Environmental Challenge,2019-08-28,2019-12-01,Resolved,0,Revenue Tribunal,Critical
LEG-0001497,LG-000480,Compensation Amount Dispute,2019-09-05,2020-05-13,Resolved,0,High Court,Critical
LEG-0001498,LG-000480,Title Dispute,2019-11-12,,Pending,2422,Revenue Tribunal,Critical
LEG-0001499,LG-000480,Encroachment,2020-01-25,2020-07-10,Resolved,0,Revenue Tribunal,Critical
LEG-0001500,LG-000480,Title Dispute,2019-11-23,,Under Hearing,2411,District Court,Critical
LEG-0001501,LG-000480,Compensation Amount Dispute,2019-10-31,,Under Hearing,2434,Revenue Tribunal,Critical
LEG-0001502,LG-000480,Title Dispute,2019-05-25,2019-09-02,Resolved,0,High Court,Critical
LEG-0001503,LG-000481,Environmental Challenge,2020-11-13,,Pending,2055,High Court,Low
LEG-0001504,LG-000481,Compensation Amount Dispute,2020-11-27,,Under Hearing,2041,High Court,Low
LEG-0001505,LG-000481,Encroachment,2020-10-23,,Under Hearing,2076,Revenue Tribunal,High
LEG-0001506,LG-000481,Title Dispute,2020-06-30,,Stay Order Issued,2191,High Court,Medium
LEG-0001507,LG-000481,Compensation Amount Dispute,2020-05-23,,Under Hearing,2229,District Court,High
LEG-0001508,LG-000481,Encroachment,2020-11-24,,Under Hearing,2044,District Court,Low
LEG-0001509,LG-000482,Title Dispute,2019-11-06,,Pending,2428,District Court,High
LEG-0001510,LG-000482,Encroachment,2019-05-20,2020-02-08,Resolved,0,Revenue Tribunal,High
LEG-0001511,LG-000482,Environmental Challenge,2019-08-06,2019-10-15,Resolved,0,High Court,Medium
LEG-0001512,LG-000482,R&R Dispute,2019-10-09,,Stay Order Issued,2456,District Court,Medium
LEG-0001513,LG-000482,Compensation Amount Dispute,2019-07-03,,Under Hearing,2554,District Court,Medium
LEG-0001514,LG-000483,Environmental Challenge,2023-10-11,,Stay Order Issued,993,High Court,Critical
LEG-0001515,LG-000483,Title Dispute,2023-10-11,2024-03-31,Resolved,0,High Court,Critical
LEG-0001516,LG-000483,R&R Dispute,2023-01-05,,Pending,1272,High Court,Critical
LEG-0001517,LG-000483,Title Dispute,2023-07-23,2024-04-13,Resolved,0,Revenue Tribunal,Critical
LEG-0001518,LG-000483,Environmental Challenge,2023-02-23,2023-07-13,Resolved,0,District Court,Critical
LEG-0001519,LG-000483,Environmental Challenge,2023-03-11,,Under Hearing,1207,District Court,Critical
LEG-0001520,LG-000483,R&R Dispute,2023-05-02,,Pending,1155,District Court,Critical
LEG-0001521,LG-000484,Encroachment,2021-09-30,,Pending,1734,High Court,Low
LEG-0001522,LG-000484,Compensation Amount Dispute,2021-12-24,2022-10-07,Resolved,0,High Court,Low
LEG-0001523,LG-000484,R&R Dispute,2021-06-30,,Under Hearing,1826,High Court,Low
LEG-0001524,LG-000484,R&R Dispute,2021-04-11,,Under Hearing,1906,District Court,Low
LEG-0001525,LG-000485,R&R Dispute,2019-08-12,,Stay Order Issued,2514,High Court,Low
LEG-0001526,LG-000486,R&R Dispute,2019-12-09,2020-05-25,Resolved,0,High Court,Critical
LEG-0001527,LG-000486,Title Dispute,2019-05-18,,Pending,2600,Revenue Tribunal,Critical
LEG-0001528,LG-000486,Encroachment,2020-03-08,,Under Hearing,2305,High Court,Critical
LEG-0001529,LG-000486,Compensation Amount Dispute,2019-07-09,,Under Hearing,2548,Revenue Tribunal,Critical
LEG-0001530,LG-000486,Compensation Amount Dispute,2019-09-17,,Pending,2478,High Court,Critical
LEG-0001531,LG-000486,Compensation Amount Dispute,2020-01-26,2020-11-01,Resolved,0,Revenue Tribunal,Critical
LEG-0001532,LG-000487,R&R Dispute,2022-03-05,2022-05-29,Resolved,0,District Court,High
LEG-0001533,LG-000487,R&R Dispute,2022-01-12,2022-07-07,Resolved,0,District Court,Medium
LEG-0001534,LG-000487,Title Dispute,2021-08-11,,Stay Order Issued,1784,District Court,High
LEG-0001535,LG-000487,Encroachment,2021-05-05,,Stay Order Issued,1882,Revenue Tribunal,Medium
LEG-0001536,LG-000487,Encroachment,2021-09-28,,Pending,1736,Revenue Tribunal,High
LEG-0001537,LG-000487,R&R Dispute,2021-04-03,,Pending,1914,District Court,High
LEG-0001538,LG-000488,Encroachment,2019-11-12,2020-02-12,Resolved,0,High Court,Low
LEG-0001539,LG-000488,Encroachment,2020-07-26,,Pending,2165,Revenue Tribunal,Medium
LEG-0001540,LG-000489,R&R Dispute,2024-06-25,,Stay Order Issued,735,High Court,Medium
LEG-0001541,LG-000491,Encroachment,2022-02-24,,Under Hearing,1587,Revenue Tribunal,Medium
LEG-0001542,LG-000491,Compensation Amount Dispute,2021-09-23,,Stay Order Issued,1741,District Court,High
LEG-0001543,LG-000491,Compensation Amount Dispute,2021-10-15,,Pending,1719,District Court,High
LEG-0001544,LG-000491,R&R Dispute,2022-04-19,,Stay Order Issued,1533,High Court,Medium
LEG-0001545,LG-000491,Encroachment,2021-10-17,,Pending,1717,District Court,High
LEG-0001546,LG-000491,Environmental Challenge,2022-04-12,,Stay Order Issued,1540,High Court,Medium
LEG-0001547,LG-000492,R&R Dispute,2023-07-02,2024-03-28,Resolved,0,High Court,High
LEG-0001548,LG-000493,Environmental Challenge,2018-09-04,2019-02-15,Resolved,0,District Court,High
LEG-0001549,LG-000493,Title Dispute,2019-02-05,2019-06-19,Resolved,0,District Court,High
LEG-0001550,LG-000494,Encroachment,2022-08-16,2022-11-25,Resolved,0,District Court,High
LEG-0001551,LG-000494,Encroachment,2022-09-08,2023-06-14,Resolved,0,District Court,Medium
LEG-0001552,LG-000494,R&R Dispute,2022-09-08,2023-05-21,Resolved,0,Revenue Tribunal,Low
LEG-0001553,LG-000495,Environmental Challenge,2021-01-19,2021-09-07,Resolved,0,Revenue Tribunal,High
LEG-0001554,LG-000496,Compensation Amount Dispute,2020-08-22,,Pending,2138,District Court,Low
LEG-0001555,LG-000496,Environmental Challenge,2020-06-15,,Stay Order Issued,2206,High Court,Medium
LEG-0001556,LG-000496,Compensation Amount Dispute,2020-06-12,,Pending,2209,Revenue Tribunal,Low
LEG-0001557,LG-000496,R&R Dispute,2020-05-28,,Pending,2224,Revenue Tribunal,Medium
LEG-0001558,LG-000500,Environmental Challenge,2023-02-11,2023-11-08,Resolved,0,High Court,High
LEG-0001559,LG-000500,Encroachment,2022-12-02,,Pending,1306,District Court,Low
LEG-0001560,LG-000500,Compensation Amount Dispute,2022-12-15,2023-09-04,Resolved,0,High Court,Low
LEG-0001561,LG-000500,Encroachment,2022-08-25,,Pending,1405,District Court,Low
LEG-0001562,LG-000500,Title Dispute,2023-01-22,,Stay Order Issued,1255,High Court,Medium
LEG-0001563,LG-000501,Environmental Challenge,2021-03-01,2021-12-24,Resolved,0,District Court,Medium
LEG-0001564,LG-000502,Environmental Challenge,2018-11-01,,Pending,2798,High Court,Critical
LEG-0001565,LG-000502,Title Dispute,2018-06-21,,Under Hearing,2931,District Court,Critical
LEG-0001566,LG-000502,Title Dispute,2018-11-03,,Pending,2796,District Court,Critical
LEG-0001567,LG-000502,R&R Dispute,2018-07-12,,Pending,2910,Revenue Tribunal,Critical
LEG-0001568,LG-000502,R&R Dispute,2019-02-18,2019-06-28,Resolved,0,High Court,Critical
LEG-0001569,LG-000502,Compensation Amount Dispute,2018-08-09,,Pending,2882,Revenue Tribunal,Critical
LEG-0001570,LG-000502,Compensation Amount Dispute,2019-01-22,,Under Hearing,2716,Revenue Tribunal,Critical
LEG-0001571,LG-000503,Title Dispute,2024-04-10,2024-12-16,Resolved,0,District Court,Medium
LEG-0001572,LG-000503,Encroachment,2024-10-06,,Pending,632,Revenue Tribunal,Low
LEG-0001573,LG-000503,Environmental Challenge,2024-06-25,2024-10-15,Resolved,0,District Court,Medium
LEG-0001574,LG-000504,Title Dispute,2018-12-31,,Under Hearing,2738,High Court,Medium
LEG-0001575,LG-000504,R&R Dispute,2019-10-07,2020-04-21,Resolved,0,Revenue Tribunal,Medium
LEG-0001576,LG-000504,Title Dispute,2019-12-14,2020-10-04,Resolved,0,District Court,High
LEG-0001577,LG-000504,Title Dispute,2019-04-07,,Stay Order Issued,2641,Revenue Tribunal,Medium
LEG-0001578,LG-000504,Compensation Amount Dispute,2019-10-03,,Pending,2462,High Court,High
LEG-0001579,LG-000505,Environmental Challenge,2020-03-25,,Under Hearing,2288,District Court,Critical
LEG-0001580,LG-000505,Title Dispute,2020-12-11,,Under Hearing,2027,Revenue Tribunal,Critical
LEG-0001581,LG-000505,Compensation Amount Dispute,2020-07-14,,Under Hearing,2177,Revenue Tribunal,Critical
LEG-0001582,LG-000505,R&R Dispute,2020-07-21,,Under Hearing,2170,District Court,Critical
LEG-0001583,LG-000505,Title Dispute,2020-04-07,,Stay Order Issued,2275,District Court,Critical
LEG-0001584,LG-000505,Title Dispute,2020-10-19,,Pending,2080,Revenue Tribunal,Critical
LEG-0001585,LG-000505,Environmental Challenge,2020-12-07,,Pending,2031,Revenue Tribunal,Critical
LEG-0001586,LG-000505,Encroachment,2020-10-14,,Under Hearing,2085,District Court,Critical
LEG-0001587,LG-000505,Compensation Amount Dispute,2020-03-04,2020-10-25,Resolved,0,High Court,Critical
LEG-0001588,LG-000506,Compensation Amount Dispute,2025-06-24,,Stay Order Issued,371,District Court,Critical
LEG-0001589,LG-000506,Encroachment,2025-03-04,,Under Hearing,483,Revenue Tribunal,Critical
LEG-0001590,LG-000506,R&R Dispute,2024-10-23,2025-01-13,Resolved,0,District Court,Critical
LEG-0001591,LG-000506,Compensation Amount Dispute,2025-03-08,,Under Hearing,479,District Court,Critical
LEG-0001592,LG-000506,R&R Dispute,2025-04-09,,Pending,447,Revenue Tribunal,Critical
LEG-0001593,LG-000506,Environmental Challenge,2024-08-20,2025-06-10,Resolved,0,Revenue Tribunal,Critical
LEG-0001594,LG-000506,Environmental Challenge,2025-05-20,2025-09-16,Resolved,0,High Court,Critical
LEG-0001595,LG-000507,Compensation Amount Dispute,2023-09-25,,Stay Order Issued,1009,Revenue Tribunal,Critical
LEG-0001596,LG-000507,Encroachment,2023-08-17,,Pending,1048,District Court,Critical
LEG-0001597,LG-000507,R&R Dispute,2024-06-12,2024-12-10,Resolved,0,Revenue Tribunal,Critical
LEG-0001598,LG-000507,Compensation Amount Dispute,2023-07-28,2023-11-20,Resolved,0,Revenue Tribunal,Critical
LEG-0001599,LG-000507,Compensation Amount Dispute,2024-05-16,2024-11-04,Resolved,0,High Court,Critical
LEG-0001600,LG-000507,Title Dispute,2024-03-17,,Stay Order Issued,835,Revenue Tribunal,Critical
LEG-0001601,LG-000507,Environmental Challenge,2023-12-31,2024-10-12,Resolved,0,Revenue Tribunal,Critical
LEG-0001602,LG-000507,Title Dispute,2024-01-30,,Stay Order Issued,882,Revenue Tribunal,Critical
LEG-0001603,LG-000507,Encroachment,2024-06-04,,Stay Order Issued,756,District Court,Critical
LEG-0001604,LG-000509,Encroachment,2023-08-06,2023-11-03,Resolved,0,District Court,High
LEG-0001605,LG-000510,Title Dispute,2019-01-04,2019-03-08,Resolved,0,High Court,Medium
LEG-0001606,LG-000511,R&R Dispute,2025-06-09,2026-02-14,Resolved,0,High Court,Medium
LEG-0001607,LG-000511,Compensation Amount Dispute,2024-12-04,,Pending,573,High Court,Medium
LEG-0001608,LG-000511,Encroachment,2025-03-15,,Pending,472,Revenue Tribunal,High
LEG-0001609,LG-000511,Environmental Challenge,2024-09-27,,Stay Order Issued,641,Revenue Tribunal,Low
LEG-0001610,LG-000512,Title Dispute,2021-07-15,2022-02-19,Resolved,0,District Court,Medium
LEG-0001611,LG-000513,Encroachment,2025-07-11,,Stay Order Issued,354,Revenue Tribunal,Medium
LEG-0001612,LG-000516,R&R Dispute,2022-10-29,,Stay Order Issued,1340,District Court,Critical
LEG-0001613,LG-000516,Compensation Amount Dispute,2022-06-06,,Stay Order Issued,1485,High Court,Critical
LEG-0001614,LG-000516,Title Dispute,2022-11-26,,Stay Order Issued,1312,Revenue Tribunal,Critical
LEG-0001615,LG-000516,Compensation Amount Dispute,2022-06-17,,Pending,1474,Revenue Tribunal,Critical
LEG-0001616,LG-000516,Title Dispute,2023-03-11,2023-08-30,Resolved,0,Revenue Tribunal,Critical
LEG-0001617,LG-000516,Encroachment,2023-02-08,,Stay Order Issued,1238,District Court,Critical
LEG-0001618,LG-000516,Encroachment,2022-08-24,,Pending,1406,Revenue Tribunal,Critical
LEG-0001619,LG-000517,Environmental Challenge,2018-09-13,2018-11-25,Resolved,0,District Court,Critical
LEG-0001620,LG-000517,R&R Dispute,2018-08-19,,Stay Order Issued,2872,District Court,Critical
LEG-0001621,LG-000517,Environmental Challenge,2018-06-26,,Stay Order Issued,2926,High Court,Critical
LEG-0001622,LG-000517,Title Dispute,2019-03-28,,Under Hearing,2651,Revenue Tribunal,Critical
LEG-0001623,LG-000517,Title Dispute,2018-08-08,,Pending,2883,Revenue Tribunal,Critical
LEG-0001624,LG-000517,Compensation Amount Dispute,2018-08-26,2018-12-14,Resolved,0,District Court,Critical
LEG-0001625,LG-000517,Environmental Challenge,2018-07-30,,Under Hearing,2892,District Court,Critical
LEG-0001626,LG-000517,R&R Dispute,2019-03-25,,Pending,2654,District Court,Critical
LEG-0001627,LG-000517,R&R Dispute,2019-01-17,,Stay Order Issued,2721,District Court,Critical
LEG-0001628,LG-000518,R&R Dispute,2025-04-20,2025-10-13,Resolved,0,High Court,High
LEG-0001629,LG-000519,Environmental Challenge,2019-12-30,2020-07-07,Resolved,0,Revenue Tribunal,Medium
LEG-0001630,LG-000520,Compensation Amount Dispute,2020-10-16,,Under Hearing,2083,District Court,Medium
LEG-0001631,LG-000520,Title Dispute,2020-12-31,,Pending,2007,Revenue Tribunal,High
LEG-0001632,LG-000520,Encroachment,2020-08-15,2021-01-07,Resolved,0,Revenue Tribunal,Medium
LEG-0001633,LG-000520,Environmental Challenge,2020-11-11,,Stay Order Issued,2057,District Court,Low
LEG-0001634,LG-000521,Encroachment,2020-02-01,2020-07-26,Resolved,0,District Court,Medium
LEG-0001635,LG-000521,R&R Dispute,2020-06-17,2020-10-07,Resolved,0,High Court,Medium
LEG-0001636,LG-000521,Environmental Challenge,2020-11-11,2021-01-22,Resolved,0,District Court,High
LEG-0001637,LG-000521,Environmental Challenge,2020-03-01,,Stay Order Issued,2312,Revenue Tribunal,Medium
LEG-0001638,LG-000521,R&R Dispute,2020-07-30,,Under Hearing,2161,Revenue Tribunal,High
LEG-0001639,LG-000521,Compensation Amount Dispute,2020-11-11,,Stay Order Issued,2057,High Court,Medium
LEG-0001640,LG-000522,Encroachment,2019-04-27,2020-02-01,Resolved,0,District Court,High
LEG-0001641,LG-000522,Compensation Amount Dispute,2019-03-18,2020-01-05,Resolved,0,District Court,Low
LEG-0001642,LG-000522,Encroachment,2019-11-30,,Pending,2404,High Court,High
LEG-0001643,LG-000523,Title Dispute,2019-10-14,2020-07-20,Resolved,0,High Court,High
LEG-0001644,LG-000523,Environmental Challenge,2019-05-12,,Pending,2606,District Court,High
LEG-0001645,LG-000524,R&R Dispute,2023-01-02,2023-09-07,Resolved,0,District Court,Medium
LEG-0001646,LG-000524,Encroachment,2022-12-30,2023-10-24,Resolved,0,Revenue Tribunal,Medium
LEG-0001647,LG-000524,Title Dispute,2022-05-16,,Stay Order Issued,1506,Revenue Tribunal,High
LEG-0001648,LG-000524,Title Dispute,2022-03-15,,Pending,1568,High Court,Low
LEG-0001649,LG-000524,Environmental Challenge,2022-06-08,,Under Hearing,1483,High Court,High
LEG-0001650,LG-000525,Compensation Amount Dispute,2023-04-01,,Pending,1186,District Court,Low
LEG-0001651,LG-000525,Title Dispute,2023-06-26,,Stay Order Issued,1100,Revenue Tribunal,Medium
LEG-0001652,LG-000525,Environmental Challenge,2023-05-28,,Pending,1129,High Court,High
LEG-0001653,LG-000525,Compensation Amount Dispute,2023-04-19,2024-01-16,Resolved,0,High Court,Medium
LEG-0001654,LG-000525,Title Dispute,2023-05-31,,Pending,1126,District Court,Low
LEG-0001655,LG-000525,Title Dispute,2022-12-08,2023-08-09,Resolved,0,Revenue Tribunal,Low
LEG-0001656,LG-000526,Compensation Amount Dispute,2025-06-18,2025-11-17,Resolved,0,District Court,Medium
LEG-0001657,LG-000526,Title Dispute,2025-06-25,,Stay Order Issued,370,District Court,Low
LEG-0001658,LG-000526,Environmental Challenge,2024-12-12,,Under Hearing,565,High Court,Medium
LEG-0001659,LG-000526,Environmental Challenge,2025-03-29,2025-06-08,Resolved,0,Revenue Tribunal,Low
LEG-0001660,LG-000526,Title Dispute,2024-12-10,,Pending,567,Revenue Tribunal,High
LEG-0001661,LG-000527,Encroachment,2021-02-02,2021-07-09,Resolved,0,High Court,High
LEG-0001662,LG-000527,Title Dispute,2021-05-20,2021-09-23,Resolved,0,High Court,High
LEG-0001663,LG-000528,Title Dispute,2024-10-05,2025-07-03,Resolved,0,High Court,Medium
LEG-0001664,LG-000528,Compensation Amount Dispute,2024-08-29,,Under Hearing,670,High Court,Low
LEG-0001665,LG-000528,Environmental Challenge,2024-07-19,2025-02-07,Resolved,0,Revenue Tribunal,High
LEG-0001666,LG-000529,Environmental Challenge,2025-04-05,2025-08-19,Resolved,0,High Court,Medium
LEG-0001667,LG-000529,Title Dispute,2024-09-04,2025-04-30,Resolved,0,District Court,High
LEG-0001668,LG-000529,Compensation Amount Dispute,2025-03-28,2025-07-04,Resolved,0,Revenue Tribunal,High
LEG-0001669,LG-000530,R&R Dispute,2021-03-18,2021-11-03,Resolved,0,Revenue Tribunal,Medium
LEG-0001670,LG-000530,R&R Dispute,2020-12-27,2021-06-06,Resolved,0,District Court,Low
LEG-0001671,LG-000531,Title Dispute,2023-02-20,,Under Hearing,1226,Revenue Tribunal,Critical
LEG-0001672,LG-000531,Compensation Amount Dispute,2022-12-26,,Pending,1282,High Court,Critical
LEG-0001673,LG-000531,Title Dispute,2022-11-01,2023-06-15,Resolved,0,High Court,Critical
LEG-0001674,LG-000531,Environmental Challenge,2023-01-23,,Under Hearing,1254,Revenue Tribunal,Critical
LEG-0001675,LG-000531,R&R Dispute,2023-03-18,,Under Hearing,1200,District Court,Critical
LEG-0001676,LG-000531,Encroachment,2023-05-06,2023-09-15,Resolved,0,Revenue Tribunal,Critical
LEG-0001677,LG-000531,Compensation Amount Dispute,2023-03-01,,Under Hearing,1217,District Court,Critical
LEG-0001678,LG-000532,R&R Dispute,2022-06-05,,Under Hearing,1486,High Court,Critical
LEG-0001679,LG-000532,R&R Dispute,2021-09-18,,Under Hearing,1746,District Court,Critical
LEG-0001680,LG-000532,R&R Dispute,2022-02-01,,Pending,1610,Revenue Tribunal,Critical
LEG-0001681,LG-000532,R&R Dispute,2021-11-18,2022-08-28,Resolved,0,High Court,Critical
LEG-0001682,LG-000532,Title Dispute,2021-11-12,,Under Hearing,1691,District Court,Critical
LEG-0001683,LG-000532,R&R Dispute,2022-03-19,2022-11-08,Resolved,0,District Court,Critical
LEG-0001684,LG-000533,Encroachment,2025-02-21,2025-06-03,Resolved,0,District Court,High
LEG-0001685,LG-000533,Environmental Challenge,2024-05-12,,Under Hearing,779,High Court,Medium
LEG-0001686,LG-000533,Encroachment,2024-04-23,2024-09-08,Resolved,0,Revenue Tribunal,Medium
LEG-0001687,LG-000534,Environmental Challenge,2023-08-22,,Pending,1043,Revenue Tribunal,Low
LEG-0001688,LG-000534,Compensation Amount Dispute,2023-11-21,2024-08-14,Resolved,0,High Court,Medium
LEG-0001689,LG-000534,Compensation Amount Dispute,2023-07-02,2024-04-13,Resolved,0,High Court,Medium
LEG-0001690,LG-000534,Title Dispute,2023-02-16,,Pending,1230,High Court,Low
LEG-0001691,LG-000534,Compensation Amount Dispute,2023-05-19,,Under Hearing,1138,Revenue Tribunal,Low
LEG-0001692,LG-000535,Compensation Amount Dispute,2025-11-01,2026-07-29,Resolved,0,District Court,Low
LEG-0001693,LG-000538,R&R Dispute,2020-12-11,,Pending,2027,Revenue Tribunal,Critical
LEG-0001694,LG-000538,R&R Dispute,2021-03-16,,Stay Order Issued,1932,Revenue Tribunal,Critical
LEG-0001695,LG-000538,Environmental Challenge,2020-07-05,,Under Hearing,2186,High Court,Critical
LEG-0001696,LG-000538,Encroachment,2020-11-12,,Stay Order Issued,2056,District Court,Critical
LEG-0001697,LG-000538,Title Dispute,2021-01-16,2021-07-27,Resolved,0,District Court,Critical
LEG-0001698,LG-000538,Compensation Amount Dispute,2020-12-30,,Stay Order Issued,2008,Revenue Tribunal,Critical
LEG-0001699,LG-000538,Compensation Amount Dispute,2020-06-21,,Stay Order Issued,2200,High Court,Critical
LEG-0001700,LG-000538,Environmental Challenge,2020-08-21,,Under Hearing,2139,High Court,Critical
LEG-0001701,LG-000538,Title Dispute,2020-04-01,,Under Hearing,2281,Revenue Tribunal,Critical
LEG-0001702,LG-000539,R&R Dispute,2025-12-18,2026-04-10,Resolved,0,District Court,Medium
LEG-0001703,LG-000540,Encroachment,2019-09-29,,Stay Order Issued,2466,Revenue Tribunal,Critical
LEG-0001704,LG-000540,Environmental Challenge,2019-12-19,,Stay Order Issued,2385,Revenue Tribunal,Critical
LEG-0001705,LG-000540,Environmental Challenge,2019-09-05,,Stay Order Issued,2490,District Court,Critical
LEG-0001706,LG-000540,Environmental Challenge,2019-09-16,2020-01-11,Resolved,0,Revenue Tribunal,Critical
LEG-0001707,LG-000540,Encroachment,2019-07-03,,Pending,2554,Revenue Tribunal,Critical
LEG-0001708,LG-000540,Compensation Amount Dispute,2019-02-10,,Pending,2697,High Court,Critical
LEG-0001709,LG-000541,Title Dispute,2023-09-26,2024-04-29,Resolved,0,High Court,High
LEG-0001710,LG-000542,Environmental Challenge,2021-03-19,,Under Hearing,1929,Revenue Tribunal,Critical
LEG-0001711,LG-000542,Title Dispute,2021-03-04,,Stay Order Issued,1944,High Court,Critical
LEG-0001712,LG-000542,Compensation Amount Dispute,2021-10-21,,Pending,1713,Revenue Tribunal,Critical
LEG-0001713,LG-000542,R&R Dispute,2020-11-10,,Pending,2058,District Court,Critical
LEG-0001714,LG-000542,Compensation Amount Dispute,2020-11-05,,Under Hearing,2063,District Court,Critical
LEG-0001715,LG-000542,Environmental Challenge,2021-09-26,2022-02-04,Resolved,0,Revenue Tribunal,Critical
LEG-0001716,LG-000542,Environmental Challenge,2021-08-12,,Under Hearing,1783,High Court,Critical
LEG-0001717,LG-000542,R&R Dispute,2021-01-26,2021-10-03,Resolved,0,District Court,Critical
LEG-0001718,LG-000542,Compensation Amount Dispute,2021-06-14,,Under Hearing,1842,Revenue Tribunal,Critical
LEG-0001719,LG-000543,Environmental Challenge,2018-08-06,,Stay Order Issued,2885,Revenue Tribunal,Medium
LEG-0001720,LG-000543,Encroachment,2018-07-26,,Under Hearing,2896,High Court,Medium
LEG-0001721,LG-000543,R&R Dispute,2019-05-31,,Stay Order Issued,2587,Revenue Tribunal,High
LEG-0001722,LG-000543,Compensation Amount Dispute,2019-03-06,,Under Hearing,2673,High Court,Medium
LEG-0001723,LG-000543,Compensation Amount Dispute,2018-12-01,2019-08-14,Resolved,0,High Court,Medium
LEG-0001724,LG-000543,R&R Dispute,2018-07-22,,Pending,2900,High Court,Low
LEG-0001725,LG-000544,R&R Dispute,2020-01-10,,Under Hearing,2363,District Court,Low
LEG-0001726,LG-000544,Title Dispute,2020-06-17,,Stay Order Issued,2204,Revenue Tribunal,Low
LEG-0001727,LG-000544,R&R Dispute,2020-04-27,2020-09-22,Resolved,0,District Court,High
LEG-0001728,LG-000544,Compensation Amount Dispute,2020-08-18,,Pending,2142,Revenue Tribunal,Medium
LEG-0001729,LG-000544,R&R Dispute,2020-02-01,,Stay Order Issued,2341,High Court,High
LEG-0001730,LG-000545,Compensation Amount Dispute,2019-08-18,,Pending,2508,High Court,Critical
LEG-0001731,LG-000545,Compensation Amount Dispute,2019-06-08,2020-01-28,Resolved,0,High Court,Critical
LEG-0001732,LG-000545,Encroachment,2019-03-25,,Stay Order Issued,2654,Revenue Tribunal,Critical
LEG-0001733,LG-000545,Encroachment,2019-09-24,,Pending,2471,Revenue Tribunal,Critical
LEG-0001734,LG-000545,Encroachment,2019-12-13,,Under Hearing,2391,Revenue Tribunal,Critical
LEG-0001735,LG-000545,Title Dispute,2020-02-26,,Under Hearing,2316,Revenue Tribunal,Critical
LEG-0001736,LG-000545,Compensation Amount Dispute,2019-10-23,,Pending,2442,Revenue Tribunal,Critical
LEG-0001737,LG-000545,Title Dispute,2019-09-12,,Pending,2483,Revenue Tribunal,Critical
LEG-0001738,LG-000545,R&R Dispute,2019-07-14,2020-03-28,Resolved,0,District Court,Critical
LEG-0001739,LG-000545,Encroachment,2019-12-12,,Pending,2392,District Court,Critical
LEG-0001740,LG-000546,R&R Dispute,2023-07-26,,Stay Order Issued,1070,High Court,Low
LEG-0001741,LG-000546,Compensation Amount Dispute,2023-11-14,,Under Hearing,959,Revenue Tribunal,Low
LEG-0001742,LG-000546,Title Dispute,2023-02-15,,Pending,1231,District Court,Low
LEG-0001743,LG-000547,R&R Dispute,2019-09-24,,Pending,2471,District Court,Critical
LEG-0001744,LG-000547,R&R Dispute,2019-10-27,,Under Hearing,2438,Revenue Tribunal,Critical
LEG-0001745,LG-000547,Title Dispute,2019-03-13,,Pending,2666,Revenue Tribunal,Critical
LEG-0001746,LG-000547,Encroachment,2019-05-24,,Stay Order Issued,2594,High Court,Critical
LEG-0001747,LG-000547,Compensation Amount Dispute,2019-04-19,2019-12-13,Resolved,0,District Court,Critical
LEG-0001748,LG-000547,Title Dispute,2019-11-30,2020-07-28,Resolved,0,High Court,Critical
LEG-0001749,LG-000548,Encroachment,2021-06-10,2021-11-18,Resolved,0,District Court,Critical
LEG-0001750,LG-000548,Title Dispute,2021-07-30,,Pending,1796,Revenue Tribunal,Critical
LEG-0001751,LG-000548,Title Dispute,2021-06-07,2022-01-24,Resolved,0,Revenue Tribunal,Critical
LEG-0001752,LG-000548,R&R Dispute,2021-12-16,,Stay Order Issued,1657,Revenue Tribunal,Critical
LEG-0001753,LG-000548,Environmental Challenge,2022-02-18,,Stay Order Issued,1593,High Court,Critical
LEG-0001754,LG-000548,R&R Dispute,2021-10-25,,Pending,1709,District Court,Critical
LEG-0001755,LG-000549,R&R Dispute,2020-02-28,,Stay Order Issued,2314,High Court,Low
LEG-0001756,LG-000549,Encroachment,2019-12-13,2020-04-07,Resolved,0,District Court,Medium
LEG-0001757,LG-000549,Environmental Challenge,2019-10-06,2020-03-25,Resolved,0,District Court,Low
LEG-0001758,LG-000551,R&R Dispute,2020-04-29,2020-09-09,Resolved,0,High Court,Low
LEG-0001759,LG-000551,Compensation Amount Dispute,2020-02-21,2020-09-24,Resolved,0,Revenue Tribunal,Low
LEG-0001760,LG-000551,Compensation Amount Dispute,2020-07-13,2021-03-05,Resolved,0,High Court,Medium
LEG-0001761,LG-000551,Title Dispute,2019-12-08,2020-02-11,Resolved,0,Revenue Tribunal,Medium
LEG-0001762,LG-000551,Compensation Amount Dispute,2020-03-19,2020-07-31,Resolved,0,Revenue Tribunal,Medium
LEG-0001763,LG-000552,Encroachment,2023-12-10,,Pending,933,District Court,Low
LEG-0001764,LG-000552,Title Dispute,2023-11-16,,Pending,957,District Court,High
LEG-0001765,LG-000552,Title Dispute,2024-05-06,,Under Hearing,785,Revenue Tribunal,Medium
LEG-0001766,LG-000552,Title Dispute,2023-11-05,,Pending,968,High Court,Medium
LEG-0001767,LG-000552,Environmental Challenge,2024-06-06,,Under Hearing,754,High Court,Medium
LEG-0001768,LG-000552,R&R Dispute,2023-11-18,,Pending,955,District Court,Low
LEG-0001769,LG-000553,Encroachment,2020-01-06,,Under Hearing,2367,Revenue Tribunal,Low
LEG-0001770,LG-000553,Encroachment,2019-12-25,,Under Hearing,2379,Revenue Tribunal,Low
LEG-0001771,LG-000553,R&R Dispute,2019-12-25,,Stay Order Issued,2379,High Court,Medium
LEG-0001772,LG-000553,Compensation Amount Dispute,2019-12-14,,Pending,2390,High Court,High
LEG-0001773,LG-000554,Encroachment,2022-02-13,,Stay Order Issued,1598,Revenue Tribunal,Low
LEG-0001774,LG-000554,Title Dispute,2021-06-26,,Stay Order Issued,1830,District Court,Low
LEG-0001775,LG-000554,Compensation Amount Dispute,2021-10-10,,Under Hearing,1724,Revenue Tribunal,Low
LEG-0001776,LG-000554,Encroachment,2021-12-27,,Pending,1646,High Court,Medium
LEG-0001777,LG-000554,Compensation Amount Dispute,2022-03-07,,Stay Order Issued,1576,High Court,Low
LEG-0001778,LG-000555,R&R Dispute,2018-10-17,2019-01-01,Resolved,0,District Court,High
LEG-0001779,LG-000555,Environmental Challenge,2019-02-25,,Pending,2682,District Court,Low
LEG-0001780,LG-000555,Compensation Amount Dispute,2019-04-22,2019-11-05,Resolved,0,High Court,Medium
LEG-0001781,LG-000555,R&R Dispute,2019-03-14,,Under Hearing,2665,Revenue Tribunal,Low
LEG-0001782,LG-000555,Encroachment,2018-09-13,,Under Hearing,2847,Revenue Tribunal,Medium
LEG-0001783,LG-000555,Encroachment,2018-09-18,,Stay Order Issued,2842,High Court,High
LEG-0001784,LG-000558,Title Dispute,2021-09-29,,Under Hearing,1735,High Court,Critical
LEG-0001785,LG-000558,Encroachment,2021-08-30,2022-05-01,Resolved,0,District Court,Critical
LEG-0001786,LG-000558,R&R Dispute,2022-04-21,,Pending,1531,Revenue Tribunal,Critical
LEG-0001787,LG-000558,Compensation Amount Dispute,2021-10-24,2022-05-30,Resolved,0,Revenue Tribunal,Critical
LEG-0001788,LG-000558,Compensation Amount Dispute,2022-06-28,,Pending,1463,High Court,Critical
LEG-0001789,LG-000558,Environmental Challenge,2021-12-16,,Under Hearing,1657,Revenue Tribunal,Critical
LEG-0001790,LG-000558,Compensation Amount Dispute,2022-07-02,,Under Hearing,1459,District Court,Critical
LEG-0001791,LG-000559,Environmental Challenge,2025-04-15,2025-11-10,Resolved,0,Revenue Tribunal,Low
LEG-0001792,LG-000560,Title Dispute,2022-11-24,,Under Hearing,1314,Revenue Tribunal,Medium
LEG-0001793,LG-000561,Compensation Amount Dispute,2023-10-06,,Pending,998,Revenue Tribunal,High
LEG-0001794,LG-000561,Encroachment,2023-11-02,,Stay Order Issued,971,District Court,Low
LEG-0001795,LG-000561,R&R Dispute,2024-03-21,,Under Hearing,831,Revenue Tribunal,Medium
LEG-0001796,LG-000561,Compensation Amount Dispute,2023-11-04,,Stay Order Issued,969,High Court,High
LEG-0001797,LG-000561,R&R Dispute,2024-06-22,,Pending,738,High Court,Medium
LEG-0001798,LG-000562,Compensation Amount Dispute,2023-07-11,2024-03-29,Resolved,0,Revenue Tribunal,Low
LEG-0001799,LG-000562,R&R Dispute,2023-07-22,2024-04-06,Resolved,0,Revenue Tribunal,High
LEG-0001800,LG-000563,Encroachment,2022-05-16,,Under Hearing,1506,High Court,Critical
LEG-0001801,LG-000563,R&R Dispute,2022-04-28,,Under Hearing,1524,Revenue Tribunal,Critical
LEG-0001802,LG-000563,R&R Dispute,2021-08-17,,Pending,1778,Revenue Tribunal,Critical
LEG-0001803,LG-000563,R&R Dispute,2022-01-18,,Pending,1624,High Court,Critical
LEG-0001804,LG-000563,Environmental Challenge,2021-08-31,,Stay Order Issued,1764,District Court,Critical
LEG-0001805,LG-000563,Encroachment,2021-09-12,,Under Hearing,1752,District Court,Critical
LEG-0001806,LG-000565,Title Dispute,2022-10-19,2023-08-03,Resolved,0,Revenue Tribunal,High
LEG-0001807,LG-000566,Title Dispute,2023-09-13,2024-01-29,Resolved,0,High Court,High
LEG-0001808,LG-000568,Compensation Amount Dispute,2024-03-14,,Stay Order Issued,838,Revenue Tribunal,Low
LEG-0001809,LG-000568,Compensation Amount Dispute,2024-04-24,,Pending,797,District Court,Medium
LEG-0001810,LG-000568,Title Dispute,2024-11-17,,Under Hearing,590,Revenue Tribunal,High
LEG-0001811,LG-000568,Title Dispute,2024-02-05,,Stay Order Issued,876,District Court,High
LEG-0001812,LG-000568,Environmental Challenge,2024-08-18,2025-01-14,Resolved,0,High Court,High
LEG-0001813,LG-000568,R&R Dispute,2024-02-26,2024-07-27,Resolved,0,District Court,Low
LEG-0001814,LG-000569,Title Dispute,2022-03-26,,Pending,1557,Revenue Tribunal,Critical
LEG-0001815,LG-000569,Encroachment,2022-10-16,,Pending,1353,District Court,Critical
LEG-0001816,LG-000569,Title Dispute,2021-12-23,,Stay Order Issued,1650,High Court,Critical
LEG-0001817,LG-000569,R&R Dispute,2022-03-08,2022-05-30,Resolved,0,District Court,Critical
LEG-0001818,LG-000569,Compensation Amount Dispute,2022-03-04,,Under Hearing,1579,High Court,Critical
LEG-0001819,LG-000569,Compensation Amount Dispute,2022-02-09,2022-06-15,Resolved,0,District Court,Critical
LEG-0001820,LG-000569,Encroachment,2022-09-28,,Stay Order Issued,1371,High Court,Critical
LEG-0001821,LG-000569,Encroachment,2022-07-15,2022-10-29,Resolved,0,District Court,Critical
LEG-0001822,LG-000570,R&R Dispute,2022-10-16,2022-12-16,Resolved,0,Revenue Tribunal,Critical
LEG-0001823,LG-000570,Encroachment,2023-05-18,,Stay Order Issued,1139,District Court,Critical
LEG-0001824,LG-000570,Environmental Challenge,2022-12-09,,Stay Order Issued,1299,High Court,Critical
LEG-0001825,LG-000570,Environmental Challenge,2023-03-15,2023-07-29,Resolved,0,Revenue Tribunal,Critical
LEG-0001826,LG-000570,R&R Dispute,2022-12-30,,Stay Order Issued,1278,Revenue Tribunal,Critical
LEG-0001827,LG-000570,Encroachment,2022-12-07,2023-06-20,Resolved,0,District Court,Critical
LEG-0001828,LG-000570,Encroachment,2023-01-18,,Under Hearing,1259,Revenue Tribunal,Critical
LEG-0001829,LG-000570,Title Dispute,2022-10-21,2023-06-02,Resolved,0,Revenue Tribunal,Critical
LEG-0001830,LG-000570,Environmental Challenge,2023-06-16,2024-03-12,Resolved,0,District Court,Critical
LEG-0001831,LG-000571,Environmental Challenge,2019-02-26,,Under Hearing,2681,District Court,Medium
LEG-0001832,LG-000571,Encroachment,2018-06-29,2018-09-18,Resolved,0,District Court,Low
LEG-0001833,LG-000572,Environmental Challenge,2024-08-22,,Under Hearing,677,District Court,High
LEG-0001834,LG-000574,Encroachment,2025-05-17,2025-12-17,Resolved,0,Revenue Tribunal,High
LEG-0001835,LG-000576,Title Dispute,2018-10-16,2019-06-16,Resolved,0,High Court,High
LEG-0001836,LG-000576,Title Dispute,2019-02-24,2019-06-16,Resolved,0,District Court,High
LEG-0001837,LG-000576,Title Dispute,2019-03-06,,Under Hearing,2673,High Court,Medium
LEG-0001838,LG-000576,Encroachment,2019-06-29,,Pending,2558,High Court,Medium
LEG-0001839,LG-000577,Encroachment,2024-01-12,2024-09-22,Resolved,0,Revenue Tribunal,Low
LEG-0001840,LG-000577,Encroachment,2024-09-10,2025-03-22,Resolved,0,District Court,Medium
LEG-0001841,LG-000577,Environmental Challenge,2024-07-08,2024-12-13,Resolved,0,High Court,Medium
LEG-0001842,LG-000578,Compensation Amount Dispute,2020-12-29,2021-04-25,Resolved,0,High Court,Low
LEG-0001843,LG-000580,R&R Dispute,2024-06-10,,Under Hearing,750,Revenue Tribunal,Critical
LEG-0001844,LG-000580,Encroachment,2023-11-29,,Under Hearing,944,Revenue Tribunal,Critical
LEG-0001845,LG-000580,R&R Dispute,2024-05-24,,Under Hearing,767,High Court,Critical
LEG-0001846,LG-000580,Title Dispute,2024-01-16,2024-10-24,Resolved,0,High Court,Critical
LEG-0001847,LG-000580,Environmental Challenge,2023-08-07,,Under Hearing,1058,Revenue Tribunal,Critical
LEG-0001848,LG-000580,Compensation Amount Dispute,2024-02-19,2024-07-29,Resolved,0,District Court,Critical
LEG-0001849,LG-000580,Compensation Amount Dispute,2024-06-22,,Stay Order Issued,738,High Court,Critical
LEG-0001850,LG-000581,Encroachment,2019-06-05,,Pending,2582,Revenue Tribunal,Critical
LEG-0001851,LG-000581,R&R Dispute,2020-02-14,,Under Hearing,2328,Revenue Tribunal,Critical
LEG-0001852,LG-000581,Title Dispute,2020-04-15,,Under Hearing,2267,Revenue Tribunal,Critical
LEG-0001853,LG-000581,Compensation Amount Dispute,2019-12-31,2020-06-17,Resolved,0,District Court,Critical
LEG-0001854,LG-000581,Environmental Challenge,2019-08-09,,Under Hearing,2517,High Court,Critical
LEG-0001855,LG-000581,Title Dispute,2020-03-03,2020-12-05,Resolved,0,High Court,Critical
LEG-0001856,LG-000582,Environmental Challenge,2019-08-03,2020-02-23,Resolved,0,High Court,Medium
LEG-0001857,LG-000582,Compensation Amount Dispute,2018-12-23,,Stay Order Issued,2746,Revenue Tribunal,Low
LEG-0001858,LG-000583,Environmental Challenge,2024-06-05,2024-11-16,Resolved,0,District Court,High
LEG-0001859,LG-000583,Compensation Amount Dispute,2024-12-16,2025-10-01,Resolved,0,Revenue Tribunal,Medium
LEG-0001860,LG-000583,Environmental Challenge,2024-05-10,2024-07-17,Resolved,0,District Court,Medium
LEG-0001861,LG-000584,R&R Dispute,2020-07-30,2021-01-18,Resolved,0,High Court,Low
LEG-0001862,LG-000585,Encroachment,2019-02-27,,Pending,2680,Revenue Tribunal,Critical
LEG-0001863,LG-000585,Environmental Challenge,2019-05-14,,Pending,2604,High Court,Critical
LEG-0001864,LG-000585,Compensation Amount Dispute,2019-04-12,,Under Hearing,2636,Revenue Tribunal,Critical
LEG-0001865,LG-000585,Environmental Challenge,2018-12-23,2019-08-24,Resolved,0,Revenue Tribunal,Critical
LEG-0001866,LG-000585,R&R Dispute,2019-06-07,,Under Hearing,2580,High Court,Critical
LEG-0001867,LG-000585,Compensation Amount Dispute,2019-06-05,,Under Hearing,2582,District Court,Critical
LEG-0001868,LG-000586,Encroachment,2024-03-11,,Under Hearing,841,High Court,Medium
LEG-0001869,LG-000586,Encroachment,2024-03-21,,Under Hearing,831,High Court,Low
LEG-0001870,LG-000586,Encroachment,2024-01-10,2024-03-13,Resolved,0,Revenue Tribunal,Medium
LEG-0001871,LG-000587,R&R Dispute,2023-09-01,,Under Hearing,1033,High Court,High
LEG-0001872,LG-000587,Compensation Amount Dispute,2023-02-28,2023-05-02,Resolved,0,District Court,Low
LEG-0001873,LG-000587,Compensation Amount Dispute,2023-06-05,,Under Hearing,1121,District Court,Low
LEG-0001874,LG-000588,Compensation Amount Dispute,2023-05-21,2023-12-02,Resolved,0,High Court,Low
LEG-0001875,LG-000588,Compensation Amount Dispute,2023-07-11,2024-01-05,Resolved,0,District Court,Medium
LEG-0001876,LG-000589,Environmental Challenge,2022-03-24,2022-10-25,Resolved,0,District Court,Medium
LEG-0001877,LG-000589,R&R Dispute,2022-09-21,,Under Hearing,1378,District Court,Medium
LEG-0001878,LG-000589,Encroachment,2022-07-09,2022-11-06,Resolved,0,District Court,Medium
LEG-0001879,LG-000589,R&R Dispute,2022-02-21,,Pending,1590,Revenue Tribunal,Low
LEG-0001880,LG-000589,Title Dispute,2022-12-07,,Stay Order Issued,1301,High Court,High
LEG-0001881,LG-000590,Encroachment,2023-02-26,2023-11-14,Resolved,0,District Court,High
LEG-0001882,LG-000591,R&R Dispute,2022-05-16,2022-10-11,Resolved,0,District Court,Critical
LEG-0001883,LG-000591,Compensation Amount Dispute,2022-01-24,,Under Hearing,1618,District Court,Critical
LEG-0001884,LG-000591,Compensation Amount Dispute,2022-04-02,,Under Hearing,1550,High Court,Critical
LEG-0001885,LG-000591,Title Dispute,2021-07-01,,Stay Order Issued,1825,Revenue Tribunal,Critical
LEG-0001886,LG-000591,Title Dispute,2022-05-20,,Under Hearing,1502,District Court,Critical
LEG-0001887,LG-000591,Environmental Challenge,2021-10-29,,Under Hearing,1705,District Court,Critical
LEG-0001888,LG-000591,Title Dispute,2022-03-10,,Pending,1573,Revenue Tribunal,Critical
LEG-0001889,LG-000591,Title Dispute,2021-10-21,,Pending,1713,Revenue Tribunal,Critical
LEG-0001890,LG-000591,Compensation Amount Dispute,2021-08-22,2022-05-19,Resolved,0,Revenue Tribunal,Critical
LEG-0001891,LG-000592,Title Dispute,2018-08-02,2019-03-01,Resolved,0,High Court,Medium
LEG-0001892,LG-000593,Compensation Amount Dispute,2019-05-27,,Stay Order Issued,2591,High Court,Medium
LEG-0001893,LG-000595,Environmental Challenge,2020-04-25,,Stay Order Issued,2257,High Court,High
LEG-0001894,LG-000595,Environmental Challenge,2020-03-18,,Under Hearing,2295,High Court,Medium
LEG-0001895,LG-000595,R&R Dispute,2020-07-02,,Stay Order Issued,2189,District Court,Low
LEG-0001896,LG-000596,Compensation Amount Dispute,2022-01-06,2022-05-12,Resolved,0,Revenue Tribunal,Medium
LEG-0001897,LG-000596,Compensation Amount Dispute,2022-04-08,2022-09-27,Resolved,0,High Court,Medium
LEG-0001898,LG-000596,R&R Dispute,2021-12-18,2022-02-28,Resolved,0,High Court,Low
LEG-0001899,LG-000597,Environmental Challenge,2025-09-08,2026-02-10,Resolved,0,Revenue Tribunal,High
LEG-0001900,LG-000597,Compensation Amount Dispute,2025-03-28,,Stay Order Issued,459,High Court,High
LEG-0001901,LG-000598,Encroachment,2020-07-23,2020-10-25,Resolved,0,Revenue Tribunal,Low
LEG-0001902,LG-000598,Title Dispute,2020-06-05,,Under Hearing,2216,Revenue Tribunal,Medium
LEG-0001903,LG-000598,Title Dispute,2020-07-23,2021-01-19,Resolved,0,Revenue Tribunal,High
LEG-0001904,LG-000598,Encroachment,2020-11-10,,Pending,2058,High Court,Low
LEG-0001905,LG-000598,Environmental Challenge,2020-06-07,,Pending,2214,Revenue Tribunal,High
LEG-0001906,LG-000598,Compensation Amount Dispute,2020-02-09,2020-06-28,Resolved,0,High Court,Medium
LEG-0001907,LG-000599,R&R Dispute,2019-03-12,2019-11-12,Resolved,0,Revenue Tribunal,Medium
LEG-0001908,LG-000599,Title Dispute,2019-05-02,2019-10-18,Resolved,0,High Court,High
LEG-0001909,LG-000600,R&R Dispute,2024-06-09,,Under Hearing,751,High Court,Low
LEG-0001910,LG-000600,Compensation Amount Dispute,2023-09-21,,Pending,1013,High Court,Low
LEG-0001911,LG-000600,Encroachment,2024-06-16,,Under Hearing,744,District Court,High
LEG-0001912,LG-000600,Encroachment,2023-09-13,,Stay Order Issued,1021,District Court,High
LEG-0001913,LG-000600,Compensation Amount Dispute,2023-12-30,2024-08-11,Resolved,0,Revenue Tribunal,Medium
LEG-0001914,LG-000600,Title Dispute,2024-01-15,2024-03-22,Resolved,0,High Court,High
LEG-0001915,LG-000603,Title Dispute,2022-02-18,2022-10-26,Resolved,0,Revenue Tribunal,High
LEG-0001916,LG-000603,Encroachment,2022-10-09,2023-03-07,Resolved,0,Revenue Tribunal,Low
LEG-0001917,LG-000604,Compensation Amount Dispute,2023-05-03,,Pending,1154,District Court,High
LEG-0001918,LG-000604,R&R Dispute,2023-10-04,,Stay Order Issued,1000,District Court,High
LEG-0001919,LG-000604,R&R Dispute,2023-02-07,,Stay Order Issued,1239,District Court,Low
LEG-0001920,LG-000604,Encroachment,2023-08-07,2023-10-26,Resolved,0,Revenue Tribunal,High
LEG-0001921,LG-000604,Compensation Amount Dispute,2023-06-25,,Under Hearing,1101,High Court,Low
LEG-0001922,LG-000605,R&R Dispute,2021-01-22,2021-07-01,Resolved,0,District Court,Critical
LEG-0001923,LG-000605,Encroachment,2020-10-16,2021-03-14,Resolved,0,Revenue Tribunal,Critical
LEG-0001924,LG-000605,Environmental Challenge,2020-12-02,2021-06-19,Resolved,0,Revenue Tribunal,Critical
LEG-0001925,LG-000605,Compensation Amount Dispute,2021-02-20,2021-05-15,Resolved,0,District Court,Critical
LEG-0001926,LG-000605,R&R Dispute,2020-12-16,,Pending,2022,High Court,Critical
LEG-0001927,LG-000605,R&R Dispute,2020-09-27,2021-06-01,Resolved,0,District Court,Critical
LEG-0001928,LG-000606,Environmental Challenge,2025-03-15,2025-12-30,Resolved,0,High Court,Medium
LEG-0001929,LG-000607,R&R Dispute,2022-01-30,,Stay Order Issued,1612,High Court,Critical
LEG-0001930,LG-000607,R&R Dispute,2022-01-29,,Stay Order Issued,1613,Revenue Tribunal,Critical
LEG-0001931,LG-000607,R&R Dispute,2022-05-17,,Pending,1505,District Court,Critical
LEG-0001932,LG-000607,Compensation Amount Dispute,2022-07-10,2022-10-17,Resolved,0,District Court,Critical
LEG-0001933,LG-000607,Title Dispute,2022-01-21,,Stay Order Issued,1621,Revenue Tribunal,Critical
LEG-0001934,LG-000607,Title Dispute,2022-06-22,,Under Hearing,1469,High Court,Critical
LEG-0001935,LG-000608,Compensation Amount Dispute,2022-12-14,,Pending,1294,District Court,Critical
LEG-0001936,LG-000608,Encroachment,2022-11-22,,Stay Order Issued,1316,High Court,Critical
LEG-0001937,LG-000608,Encroachment,2023-03-17,,Pending,1201,High Court,Critical
LEG-0001938,LG-000608,R&R Dispute,2022-08-06,2023-04-29,Resolved,0,High Court,Critical
LEG-0001939,LG-000608,R&R Dispute,2022-11-08,,Pending,1330,District Court,Critical
LEG-0001940,LG-000608,Environmental Challenge,2023-06-22,,Stay Order Issued,1104,District Court,Critical
LEG-0001941,LG-000608,Title Dispute,2022-08-23,2023-05-15,Resolved,0,Revenue Tribunal,Critical
LEG-0001942,LG-000608,Environmental Challenge,2023-06-15,,Under Hearing,1111,District Court,Critical
LEG-0001943,LG-000608,Title Dispute,2022-12-21,,Pending,1287,Revenue Tribunal,Critical
LEG-0001944,LG-000608,Encroachment,2022-10-18,2023-05-13,Resolved,0,High Court,Critical
LEG-0001945,LG-000609,Title Dispute,2022-02-15,,Stay Order Issued,1596,High Court,High
LEG-0001946,LG-000609,Encroachment,2021-11-05,,Stay Order Issued,1698,Revenue Tribunal,Low
LEG-0001947,LG-000609,Encroachment,2021-05-24,,Pending,1863,High Court,Medium
LEG-0001948,LG-000609,Title Dispute,2021-08-11,2021-11-16,Resolved,0,Revenue Tribunal,Low
LEG-0001949,LG-000609,Encroachment,2021-06-29,,Stay Order Issued,1827,High Court,Low
LEG-0001950,LG-000609,Environmental Challenge,2022-02-05,,Under Hearing,1606,Revenue Tribunal,High
LEG-0001951,LG-000610,Encroachment,2022-05-17,2022-08-09,Resolved,0,High Court,Medium
LEG-0001952,LG-000610,R&R Dispute,2022-06-15,,Stay Order Issued,1476,District Court,High
LEG-0001953,LG-000610,Compensation Amount Dispute,2022-09-19,,Under Hearing,1380,District Court,Medium
LEG-0001954,LG-000610,R&R Dispute,2022-12-29,2023-08-07,Resolved,0,District Court,Medium
LEG-0001955,LG-000612,Environmental Challenge,2022-09-18,2023-05-24,Resolved,0,Revenue Tribunal,High
LEG-0001956,LG-000612,R&R Dispute,2023-06-20,2023-12-29,Resolved,0,Revenue Tribunal,High
LEG-0001957,LG-000613,Compensation Amount Dispute,2021-04-09,,Under Hearing,1908,Revenue Tribunal,Low
LEG-0001958,LG-000613,Encroachment,2021-02-28,,Under Hearing,1948,District Court,Low
LEG-0001959,LG-000613,Title Dispute,2021-02-03,2021-10-25,Resolved,0,High Court,Medium
LEG-0001960,LG-000614,R&R Dispute,2020-08-05,,Pending,2155,District Court,High
LEG-0001961,LG-000614,Environmental Challenge,2020-11-28,2021-02-26,Resolved,0,Revenue Tribunal,Medium
LEG-0001962,LG-000614,Compensation Amount Dispute,2020-04-02,,Under Hearing,2280,District Court,Medium
LEG-0001963,LG-000614,Compensation Amount Dispute,2020-10-22,,Stay Order Issued,2077,Revenue Tribunal,Medium
LEG-0001964,LG-000614,R&R Dispute,2020-11-14,,Pending,2054,Revenue Tribunal,High
LEG-0001965,LG-000614,Encroachment,2020-06-04,,Under Hearing,2217,Revenue Tribunal,Medium
LEG-0001966,LG-000615,R&R Dispute,2020-09-02,,Under Hearing,2127,District Court,Low
LEG-0001967,LG-000616,Compensation Amount Dispute,2020-08-09,,Under Hearing,2151,District Court,High
LEG-0001968,LG-000616,Compensation Amount Dispute,2021-06-27,2022-01-02,Resolved,0,Revenue Tribunal,Medium
LEG-0001969,LG-000616,R&R Dispute,2021-04-08,,Pending,1909,High Court,Medium
LEG-0001970,LG-000616,R&R Dispute,2021-05-27,,Stay Order Issued,1860,District Court,High
LEG-0001971,LG-000616,R&R Dispute,2020-08-10,,Pending,2150,High Court,High
LEG-0001972,LG-000616,Encroachment,2021-01-13,,Under Hearing,1994,Revenue Tribunal,High
LEG-0001973,LG-000617,Environmental Challenge,2022-04-20,,Pending,1532,High Court,High
LEG-0001974,LG-000617,R&R Dispute,2021-12-04,,Stay Order Issued,1669,Revenue Tribunal,Low
LEG-0001975,LG-000617,Environmental Challenge,2022-07-13,,Stay Order Issued,1448,District Court,Medium
LEG-0001976,LG-000617,Environmental Challenge,2021-12-23,,Under Hearing,1650,District Court,Medium
LEG-0001977,LG-000617,R&R Dispute,2022-01-23,,Stay Order Issued,1619,Revenue Tribunal,Low
LEG-0001978,LG-000618,Environmental Challenge,2023-08-26,,Pending,1039,District Court,Critical
LEG-0001979,LG-000618,R&R Dispute,2023-07-31,,Pending,1065,High Court,Critical
LEG-0001980,LG-000618,R&R Dispute,2023-06-21,2023-11-18,Resolved,0,District Court,Critical
LEG-0001981,LG-000618,Compensation Amount Dispute,2024-01-09,,Pending,903,District Court,Critical
LEG-0001982,LG-000618,Title Dispute,2023-12-12,,Under Hearing,931,Revenue Tribunal,Critical
LEG-0001983,LG-000618,Environmental Challenge,2024-01-24,,Stay Order Issued,888,District Court,Critical
LEG-0001984,LG-000618,R&R Dispute,2024-02-20,,Pending,861,Revenue Tribunal,Critical
LEG-0001985,LG-000619,Title Dispute,2023-07-11,,Pending,1085,Revenue Tribunal,Low
LEG-0001986,LG-000619,Title Dispute,2023-05-09,,Pending,1148,High Court,Medium
LEG-0001987,LG-000619,Title Dispute,2024-02-06,,Pending,875,High Court,Medium
LEG-0001988,LG-000619,R&R Dispute,2023-07-18,,Stay Order Issued,1078,District Court,Medium
LEG-0001989,LG-000619,Compensation Amount Dispute,2023-11-24,,Pending,949,Revenue Tribunal,Medium
LEG-0001990,LG-000620,Title Dispute,2025-03-23,,Stay Order Issued,464,High Court,Critical
LEG-0001991,LG-000620,R&R Dispute,2025-05-22,,Stay Order Issued,404,District Court,Critical
LEG-0001992,LG-000620,Title Dispute,2025-05-02,2025-09-16,Resolved,0,Revenue Tribunal,Critical
LEG-0001993,LG-000620,Title Dispute,2024-12-18,,Stay Order Issued,559,Revenue Tribunal,Critical
LEG-0001994,LG-000620,Compensation Amount Dispute,2025-02-03,,Stay Order Issued,512,High Court,Critical
LEG-0001995,LG-000620,Encroachment,2025-08-25,2026-02-13,Resolved,0,District Court,Critical
LEG-0001996,LG-000620,Compensation Amount Dispute,2025-08-06,2025-10-12,Resolved,0,Revenue Tribunal,Critical
LEG-0001997,LG-000621,Compensation Amount Dispute,2024-03-05,2024-06-06,Resolved,0,Revenue Tribunal,High
LEG-0001998,LG-000622,Encroachment,2023-07-18,2023-11-20,Resolved,0,High Court,Critical
LEG-0001999,LG-000622,Encroachment,2023-05-19,,Under Hearing,1138,High Court,Critical
LEG-0002000,LG-000622,R&R Dispute,2023-07-01,,Under Hearing,1095,District Court,Critical
LEG-0002001,LG-000622,Title Dispute,2023-05-05,2023-11-22,Resolved,0,District Court,Critical
LEG-0002002,LG-000622,Environmental Challenge,2023-01-02,,Stay Order Issued,1275,District Court,Critical
LEG-0002003,LG-000622,Compensation Amount Dispute,2023-03-23,,Pending,1195,District Court,Critical
LEG-0002004,LG-000622,Compensation Amount Dispute,2022-12-15,,Pending,1293,Revenue Tribunal,Critical
LEG-0002005,LG-000622,Encroachment,2023-04-27,,Stay Order Issued,1160,Revenue Tribunal,Critical
LEG-0002006,LG-000622,R&R Dispute,2023-05-17,2023-12-03,Resolved,0,Revenue Tribunal,Critical
LEG-0002007,LG-000622,Title Dispute,2023-02-11,,Under Hearing,1235,Revenue Tribunal,Critical
LEG-0002008,LG-000624,Compensation Amount Dispute,2020-09-25,,Pending,2104,District Court,Low
LEG-0002009,LG-000624,Environmental Challenge,2019-10-21,,Stay Order Issued,2444,Revenue Tribunal,Medium
LEG-0002010,LG-000624,Compensation Amount Dispute,2020-03-27,,Pending,2286,District Court,Low
LEG-0002011,LG-000624,R&R Dispute,2019-11-27,,Pending,2407,District Court,Low
LEG-0002012,LG-000624,Compensation Amount Dispute,2019-11-23,2020-08-18,Resolved,0,High Court,Low
LEG-0002013,LG-000624,R&R Dispute,2020-02-26,,Under Hearing,2316,District Court,High
LEG-0002014,LG-000625,Title Dispute,2024-04-28,2025-02-22,Resolved,0,District Court,High
LEG-0002015,LG-000626,R&R Dispute,2020-07-24,,Stay Order Issued,2167,High Court,Critical
LEG-0002016,LG-000626,Environmental Challenge,2021-05-25,,Pending,1862,High Court,Critical
LEG-0002017,LG-000626,Environmental Challenge,2021-01-03,,Pending,2004,High Court,Critical
LEG-0002018,LG-000626,Encroachment,2020-10-08,,Stay Order Issued,2091,Revenue Tribunal,Critical
LEG-0002019,LG-000626,Environmental Challenge,2020-09-02,,Stay Order Issued,2127,Revenue Tribunal,Critical
LEG-0002020,LG-000626,Environmental Challenge,2021-03-08,2021-09-10,Resolved,0,Revenue Tribunal,Critical
LEG-0002021,LG-000626,Title Dispute,2020-10-05,2020-12-30,Resolved,0,High Court,Critical
LEG-0002022,LG-000626,Compensation Amount Dispute,2020-08-03,,Stay Order Issued,2157,High Court,Critical
LEG-0002023,LG-000627,R&R Dispute,2019-04-01,,Stay Order Issued,2647,Revenue Tribunal,Low
LEG-0002024,LG-000627,Compensation Amount Dispute,2019-06-08,,Pending,2579,Revenue Tribunal,Medium
LEG-0002025,LG-000627,Environmental Challenge,2019-01-20,,Under Hearing,2718,Revenue Tribunal,High
LEG-0002026,LG-000627,R&R Dispute,2019-01-07,2019-04-11,Resolved,0,District Court,Medium
LEG-0002027,LG-000628,Title Dispute,2020-07-13,,Under Hearing,2178,District Court,Medium
LEG-0002028,LG-000628,Compensation Amount Dispute,2020-10-16,2021-07-08,Resolved,0,High Court,High
LEG-0002029,LG-000628,Encroachment,2020-12-20,,Pending,2018,High Court,High
LEG-0002030,LG-000628,R&R Dispute,2021-02-20,2021-06-12,Resolved,0,District Court,Medium
LEG-0002031,LG-000629,Encroachment,2018-10-22,,Under Hearing,2808,Revenue Tribunal,Critical
LEG-0002032,LG-000629,Compensation Amount Dispute,2018-10-12,2019-04-24,Resolved,0,District Court,Critical
LEG-0002033,LG-000629,Compensation Amount Dispute,2019-06-05,2019-10-04,Resolved,0,District Court,Critical
LEG-0002034,LG-000629,Encroachment,2018-11-04,,Stay Order Issued,2795,District Court,Critical
LEG-0002035,LG-000629,Compensation Amount Dispute,2019-04-06,,Under Hearing,2642,District Court,Critical
LEG-0002036,LG-000629,Encroachment,2019-01-22,,Pending,2716,High Court,Critical
LEG-0002037,LG-000629,Environmental Challenge,2018-09-15,,Pending,2845,High Court,Critical
LEG-0002038,LG-000630,Encroachment,2019-04-30,,Stay Order Issued,2618,District Court,Medium
LEG-0002039,LG-000630,Encroachment,2019-03-31,2019-12-15,Resolved,0,District Court,High
LEG-0002040,LG-000630,Compensation Amount Dispute,2019-09-07,,Under Hearing,2488,High Court,High
LEG-0002041,LG-000630,Environmental Challenge,2019-07-11,2019-11-30,Resolved,0,District Court,Medium
LEG-0002042,LG-000630,R&R Dispute,2019-02-15,,Pending,2692,High Court,Low
LEG-0002043,LG-000631,R&R Dispute,2019-12-06,2020-05-22,Resolved,0,Revenue Tribunal,High
LEG-0002044,LG-000631,Compensation Amount Dispute,2019-08-27,2020-04-17,Resolved,0,District Court,Low
LEG-0002045,LG-000633,Environmental Challenge,2024-12-16,,Stay Order Issued,561,Revenue Tribunal,Medium
LEG-0002046,LG-000633,Compensation Amount Dispute,2024-12-10,,Stay Order Issued,567,Revenue Tribunal,Medium
LEG-0002047,LG-000633,Title Dispute,2024-07-31,,Pending,699,Revenue Tribunal,Medium
LEG-0002048,LG-000634,R&R Dispute,2025-01-27,2025-04-26,Resolved,0,Revenue Tribunal,Medium
LEG-0002049,LG-000635,Encroachment,2019-12-14,2020-07-31,Resolved,0,High Court,Low
LEG-0002050,LG-000635,Encroachment,2019-09-07,2020-06-13,Resolved,0,High Court,Medium
LEG-0002051,LG-000635,Compensation Amount Dispute,2019-04-01,,Stay Order Issued,2647,District Court,Low
LEG-0002052,LG-000635,Encroachment,2019-04-16,,Stay Order Issued,2632,District Court,Low
LEG-0002053,LG-000635,Environmental Challenge,2019-04-13,,Pending,2635,High Court,Low
LEG-0002054,LG-000635,Encroachment,2019-10-16,,Under Hearing,2449,High Court,High
LEG-0002055,LG-000636,Environmental Challenge,2025-10-05,2025-12-08,Resolved,0,District Court,High
LEG-0002056,LG-000637,R&R Dispute,2022-09-18,,Pending,1381,District Court,High
LEG-0002057,LG-000637,Compensation Amount Dispute,2022-12-28,,Stay Order Issued,1280,High Court,Low
LEG-0002058,LG-000638,Environmental Challenge,2024-06-07,,Stay Order Issued,753,District Court,Medium
LEG-0002059,LG-000639,Compensation Amount Dispute,2022-05-27,2022-08-24,Resolved,0,Revenue Tribunal,High
LEG-0002060,LG-000640,Title Dispute,2020-08-24,2021-02-22,Resolved,0,Revenue Tribunal,High
LEG-0002061,LG-000641,Title Dispute,2024-08-13,2025-05-09,Resolved,0,High Court,Low
LEG-0002062,LG-000641,R&R Dispute,2025-01-27,,Stay Order Issued,519,High Court,Medium
LEG-0002063,LG-000641,Compensation Amount Dispute,2024-08-20,,Stay Order Issued,679,District Court,High
LEG-0002064,LG-000642,Environmental Challenge,2023-04-29,2023-11-16,Resolved,0,High Court,High
LEG-0002065,LG-000643,Encroachment,2021-11-16,,Under Hearing,1687,Revenue Tribunal,Medium
LEG-0002066,LG-000643,Environmental Challenge,2022-01-03,2022-10-16,Resolved,0,District Court,Low
LEG-0002067,LG-000643,Compensation Amount Dispute,2021-10-21,,Under Hearing,1713,Revenue Tribunal,Medium
LEG-0002068,LG-000644,Title Dispute,2025-09-29,2026-03-24,Resolved,0,District Court,Low
LEG-0002069,LG-000644,R&R Dispute,2025-05-11,2026-01-18,Resolved,0,District Court,Medium
LEG-0002070,LG-000644,R&R Dispute,2025-03-09,2025-09-24,Resolved,0,District Court,Medium
LEG-0002071,LG-000645,Environmental Challenge,2023-05-12,2023-10-22,Resolved,0,High Court,Critical
LEG-0002072,LG-000645,Compensation Amount Dispute,2022-09-29,,Pending,1370,District Court,Critical
LEG-0002073,LG-000645,Encroachment,2023-03-02,,Under Hearing,1216,District Court,Critical
LEG-0002074,LG-000645,Title Dispute,2022-07-24,2023-04-09,Resolved,0,High Court,Critical
LEG-0002075,LG-000645,Encroachment,2022-05-13,,Under Hearing,1509,District Court,Critical
LEG-0002076,LG-000645,Compensation Amount Dispute,2022-06-06,,Under Hearing,1485,High Court,Critical
LEG-0002077,LG-000645,Environmental Challenge,2022-05-23,,Pending,1499,District Court,Critical
LEG-0002078,LG-000646,Encroachment,2024-07-18,2025-04-14,Resolved,0,District Court,Medium
LEG-0002079,LG-000646,Environmental Challenge,2024-10-28,,Stay Order Issued,610,High Court,Low
LEG-0002080,LG-000646,Encroachment,2023-12-09,,Pending,934,District Court,Low
LEG-0002081,LG-000647,Title Dispute,2024-03-14,,Stay Order Issued,838,Revenue Tribunal,High
LEG-0002082,LG-000647,Title Dispute,2024-10-03,,Stay Order Issued,635,High Court,Low
LEG-0002083,LG-000647,Title Dispute,2024-12-05,2025-07-14,Resolved,0,District Court,Low
LEG-0002084,LG-000649,R&R Dispute,2021-10-03,,Stay Order Issued,1731,High Court,Critical
LEG-0002085,LG-000649,R&R Dispute,2021-10-25,,Stay Order Issued,1709,Revenue Tribunal,Critical
LEG-0002086,LG-000649,Compensation Amount Dispute,2020-12-20,,Stay Order Issued,2018,High Court,Critical
LEG-0002087,LG-000649,Title Dispute,2020-12-08,2021-09-24,Resolved,0,Revenue Tribunal,Critical
LEG-0002088,LG-000649,Environmental Challenge,2021-08-11,,Stay Order Issued,1784,District Court,Critical
LEG-0002089,LG-000649,Title Dispute,2021-03-03,,Stay Order Issued,1945,District Court,Critical
LEG-0002090,LG-000649,Environmental Challenge,2021-03-30,,Pending,1918,District Court,Critical
LEG-0002091,LG-000649,Encroachment,2021-10-28,,Pending,1706,District Court,Critical
LEG-0002092,LG-000650,Compensation Amount Dispute,2018-07-09,2018-11-09,Resolved,0,Revenue Tribunal,Critical
LEG-0002093,LG-000650,Compensation Amount Dispute,2018-06-14,2018-10-11,Resolved,0,District Court,Critical
LEG-0002094,LG-000650,Environmental Challenge,2018-10-05,2018-12-05,Resolved,0,Revenue Tribunal,Critical
LEG-0002095,LG-000650,Compensation Amount Dispute,2019-02-18,,Pending,2689,District Court,Critical
LEG-0002096,LG-000650,Title Dispute,2018-02-20,,Stay Order Issued,3052,Revenue Tribunal,Critical
LEG-0002097,LG-000650,Environmental Challenge,2018-12-06,2019-10-02,Resolved,0,High Court,Critical
LEG-0002098,LG-000650,Encroachment,2018-08-09,,Stay Order Issued,2882,District Court,Critical
LEG-0002099,LG-000650,Environmental Challenge,2018-10-08,2019-07-09,Resolved,0,Revenue Tribunal,Critical
LEG-0002100,LG-000650,Encroachment,2018-03-24,,Pending,3020,High Court,Critical
LEG-0002101,LG-000651,Title Dispute,2018-11-02,,Pending,2797,District Court,Medium
LEG-0002102,LG-000651,R&R Dispute,2019-04-06,2019-09-26,Resolved,0,High Court,High
LEG-0002103,LG-000651,Compensation Amount Dispute,2019-03-03,2019-09-09,Resolved,0,Revenue Tribunal,Low
LEG-0002104,LG-000651,Compensation Amount Dispute,2018-12-22,,Stay Order Issued,2747,Revenue Tribunal,Low
LEG-0002105,LG-000652,R&R Dispute,2018-08-20,,Under Hearing,2871,High Court,Low
LEG-0002106,LG-000653,Compensation Amount Dispute,2020-11-18,,Pending,2050,District Court,Low
LEG-0002107,LG-000653,Compensation Amount Dispute,2020-04-16,,Pending,2266,District Court,Low
LEG-0002108,LG-000653,Compensation Amount Dispute,2020-01-27,,Under Hearing,2346,Revenue Tribunal,Low
LEG-0002109,LG-000653,R&R Dispute,2020-07-14,,Stay Order Issued,2177,High Court,Medium
LEG-0002110,LG-000653,Environmental Challenge,2020-12-08,,Stay Order Issued,2030,High Court,Medium
LEG-0002111,LG-000654,Compensation Amount Dispute,2022-11-21,2023-07-03,Resolved,0,Revenue Tribunal,Critical
LEG-0002112,LG-000654,Environmental Challenge,2021-12-09,2022-05-19,Resolved,0,High Court,Critical
LEG-0002113,LG-000654,Title Dispute,2022-05-15,,Pending,1507,District Court,Critical
LEG-0002114,LG-000654,Title Dispute,2022-02-15,2022-12-06,Resolved,0,High Court,Critical
LEG-0002115,LG-000654,Environmental Challenge,2022-08-09,,Pending,1421,District Court,Critical
LEG-0002116,LG-000654,Title Dispute,2022-03-02,,Under Hearing,1581,District Court,Critical
LEG-0002117,LG-000654,R&R Dispute,2021-12-12,,Stay Order Issued,1661,High Court,Critical
LEG-0002118,LG-000654,Encroachment,2022-07-12,,Pending,1449,Revenue Tribunal,Critical
LEG-0002119,LG-000654,Encroachment,2022-04-17,,Pending,1535,District Court,Critical
LEG-0002120,LG-000655,Compensation Amount Dispute,2024-03-26,,Pending,826,Revenue Tribunal,Medium
LEG-0002121,LG-000657,Compensation Amount Dispute,2021-10-21,2022-04-17,Resolved,0,Revenue Tribunal,Medium
LEG-0002122,LG-000659,Compensation Amount Dispute,2022-08-29,,Under Hearing,1401,High Court,Low
LEG-0002123,LG-000660,Encroachment,2020-02-02,,Pending,2340,Revenue Tribunal,Low
LEG-0002124,LG-000660,Title Dispute,2019-06-08,2020-03-11,Resolved,0,District Court,Medium
LEG-0002125,LG-000660,R&R Dispute,2019-05-12,,Under Hearing,2606,District Court,High
LEG-0002126,LG-000661,Encroachment,2020-02-27,2020-11-29,Resolved,0,District Court,Low
LEG-0002127,LG-000662,R&R Dispute,2022-01-18,,Stay Order Issued,1624,District Court,Critical
LEG-0002128,LG-000662,Environmental Challenge,2021-06-25,2022-01-25,Resolved,0,Revenue Tribunal,Critical
LEG-0002129,LG-000662,Compensation Amount Dispute,2022-02-28,,Stay Order Issued,1583,Revenue Tribunal,Critical
LEG-0002130,LG-000662,Compensation Amount Dispute,2022-03-29,,Stay Order Issued,1554,High Court,Critical
LEG-0002131,LG-000662,Title Dispute,2021-10-18,2022-01-18,Resolved,0,Revenue Tribunal,Critical
LEG-0002132,LG-000662,Encroachment,2021-08-30,,Pending,1765,District Court,Critical
LEG-0002133,LG-000663,Title Dispute,2021-09-27,,Stay Order Issued,1737,Revenue Tribunal,Critical
LEG-0002134,LG-000663,R&R Dispute,2021-03-28,,Pending,1920,District Court,Critical
LEG-0002135,LG-000663,Encroachment,2021-08-19,2022-02-02,Resolved,0,High Court,Critical
LEG-0002136,LG-000663,Compensation Amount Dispute,2022-02-12,2022-07-27,Resolved,0,District Court,Critical
LEG-0002137,LG-000663,Encroachment,2021-06-29,,Stay Order Issued,1827,High Court,Critical
LEG-0002138,LG-000663,R&R Dispute,2022-03-10,,Stay Order Issued,1573,High Court,Critical
LEG-0002139,LG-000663,Compensation Amount Dispute,2021-07-13,,Pending,1813,District Court,Critical
LEG-0002140,LG-000663,Title Dispute,2021-08-01,,Stay Order Issued,1794,High Court,Critical
LEG-0002141,LG-000663,R&R Dispute,2021-12-07,2022-02-26,Resolved,0,District Court,Critical
LEG-0002142,LG-000664,Compensation Amount Dispute,2024-10-26,,Stay Order Issued,612,District Court,Low
LEG-0002143,LG-000664,Environmental Challenge,2024-08-20,2025-01-27,Resolved,0,District Court,Low
LEG-0002144,LG-000664,Compensation Amount Dispute,2024-12-11,2025-09-12,Resolved,0,District Court,Low
LEG-0002145,LG-000665,Environmental Challenge,2019-12-19,,Pending,2385,Revenue Tribunal,High
LEG-0002146,LG-000665,Environmental Challenge,2019-07-12,2019-12-18,Resolved,0,District Court,Low
LEG-0002147,LG-000666,Encroachment,2018-06-22,2019-02-01,Resolved,0,Revenue Tribunal,Critical
LEG-0002148,LG-000666,R&R Dispute,2018-06-16,,Stay Order Issued,2936,District Court,Critical
LEG-0002149,LG-000666,Title Dispute,2019-01-23,,Under Hearing,2715,District Court,Critical
LEG-0002150,LG-000666,Compensation Amount Dispute,2018-09-21,,Pending,2839,High Court,Critical
LEG-0002151,LG-000666,Encroachment,2019-01-31,2019-09-07,Resolved,0,High Court,Critical
LEG-0002152,LG-000666,Encroachment,2018-09-02,2019-06-02,Resolved,0,District Court,Critical
LEG-0002153,LG-000666,Compensation Amount Dispute,2018-05-11,,Under Hearing,2972,Revenue Tribunal,Critical
LEG-0002154,LG-000667,Title Dispute,2022-04-18,2022-06-29,Resolved,0,Revenue Tribunal,Low
LEG-0002155,LG-000668,Encroachment,2021-08-16,2022-01-23,Resolved,0,High Court,Low
LEG-0002156,LG-000670,Compensation Amount Dispute,2022-11-13,,Under Hearing,1325,Revenue Tribunal,Low
LEG-0002157,LG-000672,Title Dispute,2021-01-06,,Stay Order Issued,2001,High Court,High
LEG-0002158,LG-000672,R&R Dispute,2020-11-14,,Under Hearing,2054,District Court,Low
LEG-0002159,LG-000672,Environmental Challenge,2021-04-30,2021-07-12,Resolved,0,District Court,Medium
LEG-0002160,LG-000672,R&R Dispute,2021-03-11,2021-08-26,Resolved,0,Revenue Tribunal,Low
LEG-0002161,LG-000672,Title Dispute,2021-03-02,,Pending,1946,Revenue Tribunal,High
LEG-0002162,LG-000672,Title Dispute,2021-04-28,,Under Hearing,1889,District Court,Medium
LEG-0002163,LG-000673,Environmental Challenge,2021-02-13,2021-12-02,Resolved,0,District Court,Low
LEG-0002164,LG-000673,Encroachment,2021-02-02,,Under Hearing,1974,District Court,High
LEG-0002165,LG-000673,Compensation Amount Dispute,2021-05-26,,Under Hearing,1861,District Court,Low
LEG-0002166,LG-000673,Title Dispute,2021-07-27,2022-04-17,Resolved,0,District Court,Low
LEG-0002167,LG-000673,Environmental Challenge,2021-12-19,,Stay Order Issued,1654,Revenue Tribunal,High
LEG-0002168,LG-000673,Compensation Amount Dispute,2021-07-04,,Stay Order Issued,1822,Revenue Tribunal,Low
LEG-0002169,LG-000674,Encroachment,2023-12-24,2024-03-13,Resolved,0,District Court,High
LEG-0002170,LG-000675,Encroachment,2019-04-30,,Pending,2618,Revenue Tribunal,Low
LEG-0002171,LG-000675,Encroachment,2019-08-06,,Stay Order Issued,2520,High Court,Medium
LEG-0002172,LG-000675,Encroachment,2019-05-19,,Under Hearing,2599,Revenue Tribunal,High
LEG-0002173,LG-000676,Environmental Challenge,2019-03-08,2019-07-12,Resolved,0,District Court,Medium
LEG-0002174,LG-000677,Title Dispute,2025-04-01,2025-10-26,Resolved,0,Revenue Tribunal,Low
LEG-0002175,LG-000678,Encroachment,2024-01-25,,Pending,887,High Court,Low
LEG-0002176,LG-000679,Environmental Challenge,2023-12-27,2024-06-08,Resolved,0,District Court,High
LEG-0002177,LG-000680,Title Dispute,2018-12-03,2019-03-30,Resolved,0,Revenue Tribunal,Medium
LEG-0002178,LG-000680,R&R Dispute,2018-12-28,2019-06-01,Resolved,0,High Court,Medium
LEG-0002179,LG-000681,Encroachment,2019-07-20,,Stay Order Issued,2537,District Court,High
LEG-0002180,LG-000681,Encroachment,2019-02-22,,Pending,2685,Revenue Tribunal,Low
LEG-0002181,LG-000681,Compensation Amount Dispute,2018-12-02,2019-06-24,Resolved,0,High Court,Low
LEG-0002182,LG-000681,R&R Dispute,2019-01-25,,Under Hearing,2713,District Court,High
LEG-0002183,LG-000681,R&R Dispute,2019-08-03,,Under Hearing,2523,District Court,High
LEG-0002184,LG-000682,Title Dispute,2018-12-28,,Stay Order Issued,2741,Revenue Tribunal,High
LEG-0002185,LG-000683,Title Dispute,2024-05-04,,Pending,787,High Court,Medium
LEG-0002186,LG-000683,Environmental Challenge,2024-04-16,,Stay Order Issued,805,High Court,Medium
LEG-0002187,LG-000683,Compensation Amount Dispute,2024-01-06,2024-08-02,Resolved,0,Revenue Tribunal,Medium
LEG-0002188,LG-000683,Title Dispute,2024-04-06,2025-01-17,Resolved,0,Revenue Tribunal,Medium
LEG-0002189,LG-000683,Title Dispute,2024-01-27,,Under Hearing,885,Revenue Tribunal,High
LEG-0002190,LG-000683,Encroachment,2024-06-09,,Pending,751,Revenue Tribunal,Low
LEG-0002191,LG-000684,Title Dispute,2023-06-18,,Under Hearing,1108,Revenue Tribunal,Medium
LEG-0002192,LG-000686,Compensation Amount Dispute,2020-07-22,,Under Hearing,2169,Revenue Tribunal,Medium
LEG-0002193,LG-000686,Compensation Amount Dispute,2020-08-29,2020-11-03,Resolved,0,District Court,High
LEG-0002194,LG-000686,Title Dispute,2021-02-07,,Stay Order Issued,1969,High Court,Medium
LEG-0002195,LG-000687,Encroachment,2023-04-28,,Under Hearing,1159,High Court,Medium
LEG-0002196,LG-000688,Encroachment,2022-06-29,,Under Hearing,1462,District Court,High
LEG-0002197,LG-000688,Compensation Amount Dispute,2023-02-21,2023-06-11,Resolved,0,District Court,High
LEG-0002198,LG-000688,Title Dispute,2022-12-11,,Under Hearing,1297,District Court,Medium
LEG-0002199,LG-000688,R&R Dispute,2023-05-18,,Under Hearing,1139,Revenue Tribunal,Low
LEG-0002200,LG-000688,Compensation Amount Dispute,2022-07-18,2023-04-10,Resolved,0,District Court,High
LEG-0002201,LG-000688,R&R Dispute,2023-03-07,,Stay Order Issued,1211,High Court,Low
LEG-0002202,LG-000689,Compensation Amount Dispute,2025-01-31,,Stay Order Issued,515,Revenue Tribunal,Medium
LEG-0002203,LG-000689,Title Dispute,2024-07-13,2025-04-18,Resolved,0,District Court,Medium
LEG-0002204,LG-000690,R&R Dispute,2021-07-30,2022-02-04,Resolved,0,District Court,Low
LEG-0002205,LG-000690,Compensation Amount Dispute,2021-03-31,2021-06-08,Resolved,0,District Court,Medium
LEG-0002206,LG-000692,Environmental Challenge,2020-12-18,2021-05-25,Resolved,0,District Court,High
LEG-0002207,LG-000692,Title Dispute,2021-08-03,2021-10-12,Resolved,0,Revenue Tribunal,Medium
LEG-0002208,LG-000692,Compensation Amount Dispute,2021-09-27,,Pending,1737,Revenue Tribunal,High
LEG-0002209,LG-000692,Environmental Challenge,2020-12-06,,Stay Order Issued,2032,Revenue Tribunal,High
LEG-0002210,LG-000692,R&R Dispute,2021-02-03,,Stay Order Issued,1973,District Court,Medium
LEG-0002211,LG-000694,R&R Dispute,2021-05-11,2021-12-22,Resolved,0,Revenue Tribunal,Low
LEG-0002212,LG-000694,R&R Dispute,2021-06-15,2022-04-11,Resolved,0,Revenue Tribunal,High
LEG-0002213,LG-000695,Environmental Challenge,2019-06-03,2019-12-02,Resolved,0,High Court,Medium
LEG-0002214,LG-000696,Compensation Amount Dispute,2020-04-15,2020-09-04,Resolved,0,High Court,High
LEG-0002215,LG-000696,Compensation Amount Dispute,2020-12-02,,Under Hearing,2036,Revenue Tribunal,Medium
LEG-0002216,LG-000697,Title Dispute,2025-07-10,2025-11-07,Resolved,0,Revenue Tribunal,Medium
LEG-0002217,LG-000699,Encroachment,2023-10-16,2024-06-28,Resolved,0,High Court,High
LEG-0002218,LG-000700,Compensation Amount Dispute,2024-05-19,,Pending,772,Revenue Tribunal,Critical
LEG-0002219,LG-000700,R&R Dispute,2024-11-30,,Stay Order Issued,577,High Court,Critical
LEG-0002220,LG-000700,Title Dispute,2024-01-31,,Pending,881,District Court,Critical
LEG-0002221,LG-000700,R&R Dispute,2024-04-15,,Under Hearing,806,District Court,Critical
LEG-0002222,LG-000700,R&R Dispute,2024-03-29,,Under Hearing,823,Revenue Tribunal,Critical
LEG-0002223,LG-000700,Encroachment,2024-06-06,2024-09-05,Resolved,0,High Court,Critical
LEG-0002224,LG-000700,Title Dispute,2024-05-18,,Pending,773,High Court,Critical
LEG-0002225,LG-000700,R&R Dispute,2024-06-20,,Under Hearing,740,Revenue Tribunal,Critical
LEG-0002226,LG-000700,Title Dispute,2024-05-05,,Under Hearing,786,High Court,Critical
LEG-0002227,LG-000701,Title Dispute,2019-12-28,,Stay Order Issued,2376,Revenue Tribunal,High
LEG-0002228,LG-000702,R&R Dispute,2020-12-08,2021-05-10,Resolved,0,District Court,Low
LEG-0002229,LG-000703,Compensation Amount Dispute,2021-10-28,,Under Hearing,1706,Revenue Tribunal,Medium
LEG-0002230,LG-000703,Title Dispute,2022-09-15,,Under Hearing,1384,Revenue Tribunal,Medium
LEG-0002231,LG-000703,Compensation Amount Dispute,2021-12-15,,Pending,1658,District Court,Medium
LEG-0002232,LG-000703,Title Dispute,2022-07-30,,Under Hearing,1431,District Court,Low
LEG-0002233,LG-000705,Compensation Amount Dispute,2018-10-24,,Under Hearing,2806,District Court,High
LEG-0002234,LG-000705,R&R Dispute,2018-10-05,,Under Hearing,2825,Revenue Tribunal,High
LEG-0002235,LG-000705,Encroachment,2018-09-04,,Pending,2856,High Court,Medium
LEG-0002236,LG-000705,Title Dispute,2018-11-16,,Under Hearing,2783,Revenue Tribunal,Medium
LEG-0002237,LG-000705,Encroachment,2018-08-30,,Under Hearing,2861,High Court,High
LEG-0002238,LG-000705,Compensation Amount Dispute,2019-03-27,2019-12-14,Resolved,0,Revenue Tribunal,Medium
LEG-0002239,LG-000706,Encroachment,2025-08-14,,Stay Order Issued,320,Revenue Tribunal,Low
LEG-0002240,LG-000706,R&R Dispute,2025-06-28,,Stay Order Issued,367,Revenue Tribunal,Low
LEG-0002241,LG-000706,Environmental Challenge,2025-12-06,,Under Hearing,206,Revenue Tribunal,Low
LEG-0002242,LG-000706,Compensation Amount Dispute,2025-05-11,,Pending,415,High Court,Low
LEG-0002243,LG-000706,Title Dispute,2024-12-08,,Stay Order Issued,569,High Court,Medium
LEG-0002244,LG-000706,R&R Dispute,2025-05-17,,Under Hearing,409,District Court,Low
LEG-0002245,LG-000707,Compensation Amount Dispute,2023-09-10,,Stay Order Issued,1024,Revenue Tribunal,Medium
LEG-0002246,LG-000707,R&R Dispute,2023-08-19,2023-12-12,Resolved,0,Revenue Tribunal,High
LEG-0002247,LG-000707,Title Dispute,2023-01-16,,Pending,1261,District Court,Low
LEG-0002248,LG-000707,Encroachment,2023-02-16,2023-07-06,Resolved,0,Revenue Tribunal,High
LEG-0002249,LG-000707,Encroachment,2023-05-20,,Pending,1137,Revenue Tribunal,High
LEG-0002250,LG-000707,Compensation Amount Dispute,2023-06-04,,Stay Order Issued,1122,High Court,Medium
LEG-0002251,LG-000708,Compensation Amount Dispute,2022-09-05,2022-11-19,Resolved,0,High Court,Medium
LEG-0002252,LG-000708,R&R Dispute,2022-06-16,2023-03-19,Resolved,0,District Court,High
LEG-0002253,LG-000710,R&R Dispute,2018-11-04,2019-06-02,Resolved,0,District Court,High
LEG-0002254,LG-000711,Environmental Challenge,2019-11-23,2020-02-19,Resolved,0,District Court,High
LEG-0002255,LG-000711,Title Dispute,2020-01-26,2020-09-08,Resolved,0,District Court,Medium
LEG-0002256,LG-000712,Title Dispute,2020-03-27,2020-11-30,Resolved,0,District Court,Medium
LEG-0002257,LG-000712,Environmental Challenge,2020-01-31,,Under Hearing,2342,Revenue Tribunal,Low
LEG-0002258,LG-000712,Encroachment,2019-11-16,2020-09-06,Resolved,0,Revenue Tribunal,High
LEG-0002259,LG-000712,Encroachment,2020-03-15,2020-08-09,Resolved,0,Revenue Tribunal,High
LEG-0002260,LG-000712,Environmental Challenge,2020-03-15,2020-06-12,Resolved,0,District Court,High
LEG-0002261,LG-000712,Environmental Challenge,2019-08-14,2020-05-28,Resolved,0,District Court,Medium
LEG-0002262,LG-000713,Title Dispute,2024-04-18,,Pending,803,District Court,Medium
LEG-0002263,LG-000713,R&R Dispute,2023-09-17,,Pending,1017,High Court,High
LEG-0002264,LG-000713,Environmental Challenge,2024-08-10,2025-05-08,Resolved,0,Revenue Tribunal,High
LEG-0002265,LG-000714,R&R Dispute,2023-05-16,,Stay Order Issued,1141,High Court,High
LEG-0002266,LG-000714,Environmental Challenge,2023-08-01,2024-02-16,Resolved,0,Revenue Tribunal,High
LEG-0002267,LG-000714,R&R Dispute,2023-01-25,2023-07-24,Resolved,0,District Court,Low
LEG-0002268,LG-000715,Encroachment,2020-03-19,2020-06-21,Resolved,0,Revenue Tribunal,Medium
LEG-0002269,LG-000715,Title Dispute,2020-04-01,2021-01-12,Resolved,0,Revenue Tribunal,High
LEG-0002270,LG-000715,Environmental Challenge,2020-03-20,2020-08-15,Resolved,0,Revenue Tribunal,Low
LEG-0002271,LG-000715,Environmental Challenge,2020-06-25,,Under Hearing,2196,District Court,Medium
LEG-0002272,LG-000715,Compensation Amount Dispute,2020-11-06,,Pending,2062,Revenue Tribunal,Low
LEG-0002273,LG-000716,Compensation Amount Dispute,2020-01-29,,Stay Order Issued,2344,District Court,Low
LEG-0002274,LG-000716,R&R Dispute,2019-03-12,,Pending,2667,District Court,Medium
LEG-0002275,LG-000716,R&R Dispute,2019-05-20,,Pending,2598,Revenue Tribunal,High
LEG-0002276,LG-000716,Compensation Amount Dispute,2019-04-14,2020-01-09,Resolved,0,District Court,High
LEG-0002277,LG-000716,R&R Dispute,2019-08-03,2019-11-27,Resolved,0,District Court,High
LEG-0002278,LG-000716,Compensation Amount Dispute,2019-03-30,,Under Hearing,2649,District Court,High
LEG-0002279,LG-000718,R&R Dispute,2019-05-31,,Stay Order Issued,2587,Revenue Tribunal,Critical
LEG-0002280,LG-000718,Environmental Challenge,2018-06-24,2019-01-19,Resolved,0,High Court,Critical
LEG-0002281,LG-000718,Environmental Challenge,2018-09-10,,Pending,2850,High Court,Critical
LEG-0002282,LG-000718,R&R Dispute,2018-08-16,,Pending,2875,District Court,Critical
LEG-0002283,LG-000718,Title Dispute,2018-12-13,2019-07-28,Resolved,0,Revenue Tribunal,Critical
LEG-0002284,LG-000718,Compensation Amount Dispute,2018-09-26,,Under Hearing,2834,District Court,Critical
LEG-0002285,LG-000719,Environmental Challenge,2022-05-24,,Stay Order Issued,1498,Revenue Tribunal,Critical
LEG-0002286,LG-000719,Encroachment,2021-11-16,2022-09-09,Resolved,0,District Court,Critical
LEG-0002287,LG-000719,Title Dispute,2021-09-06,2022-06-02,Resolved,0,District Court,Critical
LEG-0002288,LG-000719,Compensation Amount Dispute,2021-12-22,,Under Hearing,1651,High Court,Critical
LEG-0002289,LG-000719,Compensation Amount Dispute,2021-08-29,2022-02-09,Resolved,0,Revenue Tribunal,Critical
LEG-0002290,LG-000719,Title Dispute,2021-06-15,2021-08-20,Resolved,0,Revenue Tribunal,Critical
LEG-0002291,LG-000719,Compensation Amount Dispute,2022-05-19,,Stay Order Issued,1503,District Court,Critical
LEG-0002292,LG-000719,Environmental Challenge,2022-02-22,2022-06-14,Resolved,0,Revenue Tribunal,Critical
LEG-0002293,LG-000719,R&R Dispute,2022-01-16,,Pending,1626,Revenue Tribunal,Critical
LEG-0002294,LG-000719,Environmental Challenge,2021-08-21,,Stay Order Issued,1774,Revenue Tribunal,Critical
LEG-0002295,LG-000720,Environmental Challenge,2024-08-15,,Stay Order Issued,684,High Court,Critical
LEG-0002296,LG-000720,Compensation Amount Dispute,2024-08-20,2025-05-25,Resolved,0,Revenue Tribunal,Critical
LEG-0002297,LG-000720,Environmental Challenge,2025-04-17,2025-07-23,Resolved,0,Revenue Tribunal,Critical
LEG-0002298,LG-000720,Compensation Amount Dispute,2025-01-05,2025-05-04,Resolved,0,Revenue Tribunal,Critical
LEG-0002299,LG-000720,Title Dispute,2025-02-12,2025-10-15,Resolved,0,High Court,Critical
LEG-0002300,LG-000720,Title Dispute,2024-12-30,,Under Hearing,547,District Court,Critical
LEG-0002301,LG-000720,Encroachment,2024-10-01,,Stay Order Issued,637,Revenue Tribunal,Critical
LEG-0002302,LG-000720,Encroachment,2025-03-28,,Pending,459,High Court,Critical
LEG-0002303,LG-000720,Title Dispute,2024-12-18,,Stay Order Issued,559,High Court,Critical
LEG-0002304,LG-000720,Compensation Amount Dispute,2024-10-03,,Stay Order Issued,635,Revenue Tribunal,Critical
LEG-0002305,LG-000721,Compensation Amount Dispute,2024-12-03,,Stay Order Issued,574,Revenue Tribunal,Low
LEG-0002306,LG-000721,Compensation Amount Dispute,2025-03-12,2025-09-03,Resolved,0,Revenue Tribunal,High
LEG-0002307,LG-000721,Environmental Challenge,2025-01-27,2025-07-19,Resolved,0,High Court,High
LEG-0002308,LG-000722,Title Dispute,2024-06-25,,Under Hearing,735,High Court,Critical
LEG-0002309,LG-000722,Compensation Amount Dispute,2024-07-14,,Pending,716,District Court,Critical
LEG-0002310,LG-000722,R&R Dispute,2023-11-10,,Pending,963,District Court,Critical
LEG-0002311,LG-000722,Compensation Amount Dispute,2024-01-15,2024-07-24,Resolved,0,Revenue Tribunal,Critical
LEG-0002312,LG-000722,R&R Dispute,2023-10-03,2024-05-04,Resolved,0,Revenue Tribunal,Critical
LEG-0002313,LG-000722,Encroachment,2024-02-08,,Pending,873,Revenue Tribunal,Critical
LEG-0002314,LG-000722,Compensation Amount Dispute,2023-12-05,,Under Hearing,938,High Court,Critical
LEG-0002315,LG-000722,Title Dispute,2024-07-30,,Pending,700,District Court,Critical
LEG-0002316,LG-000722,Compensation Amount Dispute,2024-03-03,,Pending,849,Revenue Tribunal,Critical
LEG-0002317,LG-000723,Encroachment,2019-01-01,2019-09-24,Resolved,0,Revenue Tribunal,Low
LEG-0002318,LG-000723,Compensation Amount Dispute,2019-02-27,2019-09-27,Resolved,0,Revenue Tribunal,Low
LEG-0002319,LG-000723,Title Dispute,2019-06-09,2020-02-26,Resolved,0,District Court,Medium
LEG-0002320,LG-000724,Environmental Challenge,2022-11-13,,Pending,1325,District Court,Medium
LEG-0002321,LG-000724,R&R Dispute,2023-05-28,2024-02-07,Resolved,0,High Court,High
LEG-0002322,LG-000724,Title Dispute,2022-11-16,,Stay Order Issued,1322,High Court,Low
LEG-0002323,LG-000725,Encroachment,2021-10-15,2022-01-11,Resolved,0,Revenue Tribunal,Low
LEG-0002324,LG-000725,Title Dispute,2022-02-20,,Stay Order Issued,1591,High Court,High
LEG-0002325,LG-000725,Compensation Amount Dispute,2021-07-18,2021-11-12,Resolved,0,High Court,Medium
LEG-0002326,LG-000725,R&R Dispute,2021-10-16,2022-01-24,Resolved,0,High Court,High
LEG-0002327,LG-000726,Title Dispute,2021-01-26,2021-05-10,Resolved,0,District Court,Medium
LEG-0002328,LG-000727,Title Dispute,2022-09-25,,Pending,1374,High Court,Critical
LEG-0002329,LG-000727,Environmental Challenge,2022-02-06,,Under Hearing,1605,District Court,Critical
LEG-0002330,LG-000727,Title Dispute,2022-11-30,,Under Hearing,1308,Revenue Tribunal,Critical
LEG-0002331,LG-000727,Title Dispute,2022-08-19,,Stay Order Issued,1411,District Court,Critical
LEG-0002332,LG-000727,R&R Dispute,2022-08-03,2023-05-04,Resolved,0,District Court,Critical
LEG-0002333,LG-000727,Environmental Challenge,2022-06-14,,Pending,1477,High Court,Critical
LEG-0002334,LG-000727,Title Dispute,2023-01-08,2023-07-16,Resolved,0,High Court,Critical
LEG-0002335,LG-000727,Compensation Amount Dispute,2022-07-25,2023-04-28,Resolved,0,High Court,Critical
LEG-0002336,LG-000727,Environmental Challenge,2022-09-21,,Pending,1378,Revenue Tribunal,Critical
LEG-0002337,LG-000727,Encroachment,2022-05-29,,Pending,1493,District Court,Critical
LEG-0002338,LG-000728,Encroachment,2020-10-23,,Under Hearing,2076,District Court,Medium
LEG-0002339,LG-000728,Environmental Challenge,2020-10-06,2021-07-20,Resolved,0,District Court,Low
LEG-0002340,LG-000728,Title Dispute,2021-08-01,2021-11-30,Resolved,0,High Court,Medium
LEG-0002341,LG-000729,Title Dispute,2019-02-22,,Pending,2685,District Court,High
LEG-0002342,LG-000730,Compensation Amount Dispute,2022-08-28,2023-03-16,Resolved,0,Revenue Tribunal,Medium
LEG-0002343,LG-000730,Compensation Amount Dispute,2022-03-11,,Under Hearing,1572,High Court,High
LEG-0002344,LG-000730,Compensation Amount Dispute,2022-11-24,2023-03-12,Resolved,0,Revenue Tribunal,High
LEG-0002345,LG-000731,R&R Dispute,2022-06-10,2023-02-01,Resolved,0,Revenue Tribunal,Critical
LEG-0002346,LG-000731,R&R Dispute,2022-08-18,2023-04-04,Resolved,0,High Court,Critical
LEG-0002347,LG-000731,Title Dispute,2023-01-04,,Under Hearing,1273,Revenue Tribunal,Critical
LEG-0002348,LG-000731,Encroachment,2022-07-16,,Pending,1445,Revenue Tribunal,Critical
LEG-0002349,LG-000731,Environmental Challenge,2022-10-09,,Stay Order Issued,1360,High Court,Critical
LEG-0002350,LG-000731,Compensation Amount Dispute,2023-03-21,2023-08-31,Resolved,0,High Court,Critical
LEG-0002351,LG-000731,R&R Dispute,2023-01-29,,Stay Order Issued,1248,District Court,Critical
LEG-0002352,LG-000731,R&R Dispute,2023-01-13,,Stay Order Issued,1264,Revenue Tribunal,Critical
LEG-0002353,LG-000732,Encroachment,2019-12-20,,Under Hearing,2384,District Court,Low
LEG-0002354,LG-000732,Environmental Challenge,2019-04-26,2020-02-02,Resolved,0,Revenue Tribunal,Low
LEG-0002355,LG-000733,Title Dispute,2024-02-08,,Stay Order Issued,873,District Court,High
LEG-0002356,LG-000733,Title Dispute,2023-10-25,,Stay Order Issued,979,High Court,Low
LEG-0002357,LG-000733,Encroachment,2023-08-25,2024-05-08,Resolved,0,High Court,Medium
LEG-0002358,LG-000733,Environmental Challenge,2023-05-26,,Stay Order Issued,1131,District Court,Low
LEG-0002359,LG-000733,Encroachment,2023-07-24,2024-01-09,Resolved,0,Revenue Tribunal,Medium
LEG-0002360,LG-000734,Environmental Challenge,2023-08-23,2023-12-31,Resolved,0,District Court,Critical
LEG-0002361,LG-000734,Environmental Challenge,2023-03-31,,Pending,1187,Revenue Tribunal,Critical
LEG-0002362,LG-000734,Encroachment,2023-04-25,,Stay Order Issued,1162,High Court,Critical
LEG-0002363,LG-000734,Title Dispute,2022-12-04,2023-03-29,Resolved,0,District Court,Critical
LEG-0002364,LG-000734,R&R Dispute,2023-03-04,2023-07-19,Resolved,0,Revenue Tribunal,Critical
LEG-0002365,LG-000734,Compensation Amount Dispute,2023-08-10,,Under Hearing,1055,High Court,Critical
LEG-0002366,LG-000734,Environmental Challenge,2023-09-25,,Pending,1009,High Court,Critical
LEG-0002367,LG-000734,Compensation Amount Dispute,2023-03-17,,Pending,1201,High Court,Critical
LEG-0002368,LG-000734,Title Dispute,2023-09-09,,Under Hearing,1025,High Court,Critical
LEG-0002369,LG-000734,Encroachment,2022-11-25,,Pending,1313,District Court,Critical
LEG-0002370,LG-000735,Encroachment,2024-06-16,,Under Hearing,744,High Court,High
LEG-0002371,LG-000735,Encroachment,2024-11-01,2025-05-19,Resolved,0,Revenue Tribunal,Low
LEG-0002372,LG-000736,Title Dispute,2020-07-15,2021-03-23,Resolved,0,Revenue Tribunal,High
LEG-0002373,LG-000737,Title Dispute,2020-01-29,,Under Hearing,2344,District Court,High
LEG-0002374,LG-000738,Environmental Challenge,2023-10-12,,Pending,992,District Court,Critical
LEG-0002375,LG-000738,Encroachment,2023-08-27,,Pending,1038,District Court,Critical
LEG-0002376,LG-000738,Encroachment,2024-01-23,2024-06-28,Resolved,0,Revenue Tribunal,Critical
LEG-0002377,LG-000738,Title Dispute,2024-01-30,,Under Hearing,882,High Court,Critical
LEG-0002378,LG-000738,Compensation Amount Dispute,2023-07-05,,Stay Order Issued,1091,Revenue Tribunal,Critical
LEG-0002379,LG-000738,Compensation Amount Dispute,2023-07-15,,Pending,1081,Revenue Tribunal,Critical
LEG-0002380,LG-000738,Environmental Challenge,2023-12-03,2024-05-17,Resolved,0,District Court,Critical
LEG-0002381,LG-000739,Encroachment,2019-11-26,,Under Hearing,2408,Revenue Tribunal,Medium
LEG-0002382,LG-000739,R&R Dispute,2020-09-10,,Stay Order Issued,2119,High Court,Low
LEG-0002383,LG-000739,Title Dispute,2020-04-15,2020-08-02,Resolved,0,High Court,High
LEG-0002384,LG-000740,Environmental Challenge,2023-03-16,,Pending,1202,High Court,Low
LEG-0002385,LG-000740,Compensation Amount Dispute,2022-12-01,2023-03-29,Resolved,0,Revenue Tribunal,Low
LEG-0002386,LG-000740,Encroachment,2022-08-29,,Under Hearing,1401,District Court,Low
LEG-0002387,LG-000740,R&R Dispute,2022-06-10,2023-02-04,Resolved,0,District Court,High
LEG-0002388,LG-000741,R&R Dispute,2023-04-02,,Under Hearing,1185,District Court,High
LEG-0002389,LG-000741,Encroachment,2023-01-04,2023-08-09,Resolved,0,District Court,Low
LEG-0002390,LG-000741,Title Dispute,2023-01-28,,Under Hearing,1249,District Court,Medium
LEG-0002391,LG-000741,Encroachment,2023-06-24,,Pending,1102,High Court,Low
LEG-0002392,LG-000741,Title Dispute,2023-11-30,,Stay Order Issued,943,District Court,Medium
LEG-0002393,LG-000742,Environmental Challenge,2018-09-11,2018-12-19,Resolved,0,Revenue Tribunal,Low
LEG-0002394,LG-000743,Encroachment,2021-08-04,,Pending,1791,Revenue Tribunal,High
LEG-0002395,LG-000744,Title Dispute,2021-11-22,,Under Hearing,1681,District Court,High
LEG-0002396,LG-000744,R&R Dispute,2021-10-15,,Stay Order Issued,1719,Revenue Tribunal,Low
LEG-0002397,LG-000744,Title Dispute,2022-04-12,,Under Hearing,1540,Revenue Tribunal,Medium
LEG-0002398,LG-000744,Encroachment,2022-07-20,,Under Hearing,1441,High Court,Medium
LEG-0002399,LG-000745,Encroachment,2018-11-21,2019-07-21,Resolved,0,High Court,High
LEG-0002400,LG-000746,Title Dispute,2020-08-23,,Pending,2137,Revenue Tribunal,Critical
LEG-0002401,LG-000746,Encroachment,2021-03-31,,Stay Order Issued,1917,High Court,Critical
LEG-0002402,LG-000746,Title Dispute,2021-07-16,,Under Hearing,1810,High Court,Critical
LEG-0002403,LG-000746,R&R Dispute,2020-08-07,2020-12-04,Resolved,0,High Court,Critical
LEG-0002404,LG-000746,Title Dispute,2020-10-01,,Pending,2098,High Court,Critical
LEG-0002405,LG-000746,Title Dispute,2021-02-20,,Under Hearing,1956,District Court,Critical
LEG-0002406,LG-000746,Environmental Challenge,2021-04-24,,Under Hearing,1893,District Court,Critical
LEG-0002407,LG-000746,Compensation Amount Dispute,2020-11-16,2021-09-05,Resolved,0,High Court,Critical
LEG-0002408,LG-000746,Compensation Amount Dispute,2020-11-24,,Under Hearing,2044,Revenue Tribunal,Critical
LEG-0002409,LG-000747,R&R Dispute,2023-01-31,,Under Hearing,1246,High Court,Medium
LEG-0002410,LG-000747,Title Dispute,2023-05-01,,Pending,1156,High Court,Medium
LEG-0002411,LG-000748,Encroachment,2024-12-09,2025-04-10,Resolved,0,Revenue Tribunal,High
LEG-0002412,LG-000748,Title Dispute,2025-03-30,2025-10-17,Resolved,0,District Court,High
LEG-0002413,LG-000748,Title Dispute,2024-12-14,,Stay Order Issued,563,High Court,High
LEG-0002414,LG-000748,Compensation Amount Dispute,2024-07-02,2025-01-24,Resolved,0,High Court,Medium
LEG-0002415,LG-000749,Compensation Amount Dispute,2020-10-20,,Under Hearing,2079,District Court,High
LEG-0002416,LG-000749,Compensation Amount Dispute,2021-06-04,,Stay Order Issued,1852,High Court,Low
LEG-0002417,LG-000749,Compensation Amount Dispute,2020-10-19,2021-04-09,Resolved,0,District Court,High
LEG-0002418,LG-000750,Encroachment,2020-03-04,2020-09-30,Resolved,0,High Court,Medium
LEG-0002419,LG-000752,R&R Dispute,2019-07-05,2019-09-07,Resolved,0,District Court,High
LEG-0002420,LG-000753,Title Dispute,2019-01-28,2019-08-15,Resolved,0,District Court,Critical
LEG-0002421,LG-000753,Environmental Challenge,2019-11-26,,Under Hearing,2408,Revenue Tribunal,Critical
LEG-0002422,LG-000753,Environmental Challenge,2019-08-30,,Under Hearing,2496,High Court,Critical
LEG-0002423,LG-000753,Title Dispute,2019-11-19,2020-04-13,Resolved,0,High Court,Critical
LEG-0002424,LG-000753,Environmental Challenge,2019-10-05,,Stay Order Issued,2460,Revenue Tribunal,Critical
LEG-0002425,LG-000753,Title Dispute,2019-04-05,,Stay Order Issued,2643,High Court,Critical
LEG-0002426,LG-000753,Title Dispute,2019-02-22,2019-10-22,Resolved,0,High Court,Critical
LEG-0002427,LG-000754,Title Dispute,2020-03-27,2020-10-31,Resolved,0,Revenue Tribunal,Medium
LEG-0002428,LG-000754,Environmental Challenge,2019-09-26,2020-06-05,Resolved,0,District Court,High
LEG-0002429,LG-000754,Encroachment,2020-01-15,2020-10-08,Resolved,0,District Court,Low
LEG-0002430,LG-000755,Compensation Amount Dispute,2020-09-01,,Stay Order Issued,2128,Revenue Tribunal,Low
LEG-0002431,LG-000755,R&R Dispute,2021-06-28,,Pending,1828,District Court,High
LEG-0002432,LG-000755,Title Dispute,2020-08-10,2021-05-12,Resolved,0,High Court,Low
LEG-0002433,LG-000755,Title Dispute,2021-01-18,,Stay Order Issued,1989,Revenue Tribunal,Medium
LEG-0002434,LG-000755,Encroachment,2020-09-02,,Under Hearing,2127,District Court,Medium
LEG-0002435,LG-000755,Compensation Amount Dispute,2021-02-15,,Stay Order Issued,1961,District Court,Low
LEG-0002436,LG-000756,R&R Dispute,2022-11-28,,Pending,1310,District Court,High
LEG-0002437,LG-000756,Environmental Challenge,2023-04-06,,Under Hearing,1181,High Court,Low
LEG-0002438,LG-000756,Encroachment,2023-02-05,,Under Hearing,1241,District Court,Low
LEG-0002439,LG-000756,Encroachment,2022-08-17,,Under Hearing,1413,High Court,Medium
LEG-0002440,LG-000756,Compensation Amount Dispute,2022-10-26,,Under Hearing,1343,District Court,Low
LEG-0002441,LG-000756,Encroachment,2022-09-30,2023-04-26,Resolved,0,High Court,High
LEG-0002442,LG-000757,Compensation Amount Dispute,2021-02-18,,Stay Order Issued,1958,High Court,Critical
LEG-0002443,LG-000757,Title Dispute,2020-11-21,,Under Hearing,2047,Revenue Tribunal,Critical
LEG-0002444,LG-000757,Encroachment,2021-09-11,,Stay Order Issued,1753,High Court,Critical
LEG-0002445,LG-000757,Title Dispute,2021-03-22,,Pending,1926,Revenue Tribunal,Critical
LEG-0002446,LG-000757,Title Dispute,2021-01-23,,Pending,1984,District Court,Critical
LEG-0002447,LG-000757,Environmental Challenge,2020-12-05,,Stay Order Issued,2033,High Court,Critical
LEG-0002448,LG-000757,Encroachment,2021-01-16,,Pending,1991,Revenue Tribunal,Critical
LEG-0002449,LG-000757,Title Dispute,2021-02-06,,Under Hearing,1970,District Court,Critical
LEG-0002450,LG-000759,Environmental Challenge,2019-04-01,2020-01-15,Resolved,0,Revenue Tribunal,High
LEG-0002451,LG-000759,Compensation Amount Dispute,2018-10-21,,Stay Order Issued,2809,Revenue Tribunal,Medium
LEG-0002452,LG-000759,Encroachment,2019-08-29,2019-11-19,Resolved,0,Revenue Tribunal,Medium
LEG-0002453,LG-000760,Encroachment,2022-04-16,2023-01-04,Resolved,0,District Court,Low
LEG-0002454,LG-000760,Compensation Amount Dispute,2022-04-20,,Under Hearing,1532,District Court,Low
LEG-0002455,LG-000760,Environmental Challenge,2022-02-28,,Under Hearing,1583,District Court,High
LEG-0002456,LG-000760,Environmental Challenge,2022-07-28,2022-10-28,Resolved,0,District Court,High
LEG-0002457,LG-000760,Encroachment,2022-02-28,,Pending,1583,District Court,Low
LEG-0002458,LG-000760,R&R Dispute,2022-08-05,2022-11-22,Resolved,0,District Court,Medium
LEG-0002459,LG-000761,Environmental Challenge,2022-12-04,2023-04-09,Resolved,0,Revenue Tribunal,High
LEG-0002460,LG-000762,R&R Dispute,2023-03-12,,Pending,1206,Revenue Tribunal,Critical
LEG-0002461,LG-000762,Environmental Challenge,2023-07-11,,Pending,1085,District Court,Critical
LEG-0002462,LG-000762,R&R Dispute,2023-02-16,,Pending,1230,Revenue Tribunal,Critical
LEG-0002463,LG-000762,R&R Dispute,2022-10-16,,Under Hearing,1353,Revenue Tribunal,Critical
LEG-0002464,LG-000762,Encroachment,2023-08-22,,Under Hearing,1043,High Court,Critical
LEG-0002465,LG-000762,Compensation Amount Dispute,2023-01-11,2023-06-02,Resolved,0,District Court,Critical
LEG-0002466,LG-000762,Title Dispute,2023-08-26,,Stay Order Issued,1039,High Court,Critical
LEG-0002467,LG-000763,R&R Dispute,2019-06-07,,Stay Order Issued,2580,Revenue Tribunal,High
LEG-0002468,LG-000763,Title Dispute,2018-11-17,,Stay Order Issued,2782,High Court,Low
LEG-0002469,LG-000763,Encroachment,2019-03-21,,Under Hearing,2658,High Court,High
LEG-0002470,LG-000763,Encroachment,2018-11-29,,Under Hearing,2770,High Court,High
LEG-0002471,LG-000764,Environmental Challenge,2022-09-15,2023-03-18,Resolved,0,High Court,Medium
LEG-0002472,LG-000765,Environmental Challenge,2025-06-10,2026-01-18,Resolved,0,High Court,Low
LEG-0002473,LG-000765,Environmental Challenge,2024-10-05,,Under Hearing,633,High Court,Low
LEG-0002474,LG-000765,Encroachment,2024-07-27,2025-02-06,Resolved,0,Revenue Tribunal,High
LEG-0002475,LG-000765,Title Dispute,2025-03-19,,Stay Order Issued,468,Revenue Tribunal,High
LEG-0002476,LG-000765,Encroachment,2025-06-07,2026-01-04,Resolved,0,District Court,High
LEG-0002477,LG-000765,Title Dispute,2024-12-28,2025-05-16,Resolved,0,District Court,Medium
LEG-0002478,LG-000766,R&R Dispute,2019-12-13,,Stay Order Issued,2391,District Court,Medium
LEG-0002479,LG-000767,Title Dispute,2022-09-05,,Under Hearing,1394,Revenue Tribunal,Critical
LEG-0002480,LG-000767,Compensation Amount Dispute,2021-11-17,,Stay Order Issued,1686,High Court,Critical
LEG-0002481,LG-000767,Title Dispute,2021-11-08,,Pending,1695,District Court,Critical
LEG-0002482,LG-000767,Title Dispute,2022-10-25,2023-05-28,Resolved,0,District Court,Critical
LEG-0002483,LG-000767,Environmental Challenge,2022-08-11,,Stay Order Issued,1419,High Court,Critical
LEG-0002484,LG-000767,Title Dispute,2022-08-09,,Stay Order Issued,1421,Revenue Tribunal,Critical
LEG-0002485,LG-000767,Compensation Amount Dispute,2022-08-23,,Stay Order Issued,1407,District Court,Critical
LEG-0002486,LG-000768,Compensation Amount Dispute,2024-04-15,,Stay Order Issued,806,High Court,Medium
LEG-0002487,LG-000768,Encroachment,2024-04-07,,Stay Order Issued,814,District Court,High
LEG-0002488,LG-000768,R&R Dispute,2024-09-06,2024-11-24,Resolved,0,District Court,Low
LEG-0002489,LG-000769,Compensation Amount Dispute,2023-08-16,,Stay Order Issued,1049,High Court,Medium
LEG-0002490,LG-000769,R&R Dispute,2024-05-14,2024-07-27,Resolved,0,District Court,High
LEG-0002491,LG-000770,Compensation Amount Dispute,2024-08-13,2025-05-27,Resolved,0,Revenue Tribunal,Medium
LEG-0002492,LG-000773,Encroachment,2022-06-18,2023-01-01,Resolved,0,Revenue Tribunal,Medium
LEG-0002493,LG-000773,Encroachment,2021-11-15,2022-03-15,Resolved,0,District Court,High
LEG-0002494,LG-000774,R&R Dispute,2020-01-06,,Pending,2367,Revenue Tribunal,Low
LEG-0002495,LG-000774,Compensation Amount Dispute,2020-02-12,,Under Hearing,2330,High Court,Low
LEG-0002496,LG-000774,Compensation Amount Dispute,2019-12-15,,Under Hearing,2389,High Court,High
LEG-0002497,LG-000774,Compensation Amount Dispute,2020-06-17,,Stay Order Issued,2204,District Court,Low
LEG-0002498,LG-000774,R&R Dispute,2020-03-28,,Stay Order Issued,2285,High Court,High
LEG-0002499,LG-000775,Environmental Challenge,2021-04-06,,Under Hearing,1911,Revenue Tribunal,Critical
LEG-0002500,LG-000775,Title Dispute,2021-09-20,,Pending,1744,District Court,Critical
LEG-0002501,LG-000775,R&R Dispute,2021-07-11,,Under Hearing,1815,Revenue Tribunal,Critical
LEG-0002502,LG-000775,Encroachment,2021-12-14,,Under Hearing,1659,High Court,Critical
LEG-0002503,LG-000775,Environmental Challenge,2021-08-16,2022-02-18,Resolved,0,District Court,Critical
LEG-0002504,LG-000775,Compensation Amount Dispute,2022-01-03,,Pending,1639,District Court,Critical
LEG-0002505,LG-000775,Title Dispute,2021-11-07,2022-06-28,Resolved,0,Revenue Tribunal,Critical
LEG-0002506,LG-000776,Title Dispute,2024-06-29,2025-04-03,Resolved,0,High Court,Medium
LEG-0002507,LG-000776,Encroachment,2023-12-05,2024-04-27,Resolved,0,Revenue Tribunal,Medium
LEG-0002508,LG-000776,Title Dispute,2023-08-04,,Pending,1061,Revenue Tribunal,High
LEG-0002509,LG-000777,Title Dispute,2020-07-23,,Pending,2168,District Court,Low
LEG-0002510,LG-000777,Compensation Amount Dispute,2019-11-06,2020-01-14,Resolved,0,High Court,Low
LEG-0002511,LG-000777,R&R Dispute,2019-11-30,,Under Hearing,2404,Revenue Tribunal,Low
LEG-0002512,LG-000778,Compensation Amount Dispute,2025-08-16,,Under Hearing,318,Revenue Tribunal,Medium
LEG-0002513,LG-000779,Environmental Challenge,2019-10-20,2020-07-06,Resolved,0,District Court,High
LEG-0002514,LG-000781,R&R Dispute,2024-11-08,2025-03-20,Resolved,0,Revenue Tribunal,Low
LEG-0002515,LG-000783,Compensation Amount Dispute,2025-06-02,,Under Hearing,393,District Court,Critical
LEG-0002516,LG-000783,Compensation Amount Dispute,2025-08-18,,Under Hearing,316,High Court,Critical
LEG-0002517,LG-000783,R&R Dispute,2025-10-06,,Pending,267,District Court,Critical
LEG-0002518,LG-000783,Encroachment,2025-10-14,2025-12-13,Resolved,0,Revenue Tribunal,Critical
LEG-0002519,LG-000783,Title Dispute,2025-08-14,2025-12-25,Resolved,0,Revenue Tribunal,Critical
LEG-0002520,LG-000783,R&R Dispute,2025-11-04,,Stay Order Issued,238,Revenue Tribunal,Critical
LEG-0002521,LG-000783,Title Dispute,2025-07-18,,Stay Order Issued,347,District Court,Critical
LEG-0002522,LG-000783,Compensation Amount Dispute,2025-04-10,,Under Hearing,446,High Court,Critical
LEG-0002523,LG-000783,Environmental Challenge,2025-03-23,,Stay Order Issued,464,High Court,Critical
LEG-0002524,LG-000783,Environmental Challenge,2025-05-04,,Stay Order Issued,422,Revenue Tribunal,Critical
LEG-0002525,LG-000784,Environmental Challenge,2020-04-27,,Under Hearing,2255,District Court,Low
LEG-0002526,LG-000784,R&R Dispute,2020-02-24,2020-10-21,Resolved,0,District Court,Low
LEG-0002527,LG-000784,Compensation Amount Dispute,2020-03-10,,Pending,2303,District Court,Low
LEG-0002528,LG-000784,Title Dispute,2020-07-15,2020-12-04,Resolved,0,Revenue Tribunal,Low
LEG-0002529,LG-000784,Environmental Challenge,2019-10-12,2020-07-17,Resolved,0,High Court,Medium
LEG-0002530,LG-000785,Encroachment,2019-01-01,,Under Hearing,2737,High Court,High
LEG-0002531,LG-000785,R&R Dispute,2019-09-17,,Pending,2478,District Court,Low
LEG-0002532,LG-000785,Environmental Challenge,2019-09-16,,Stay Order Issued,2479,District Court,Medium
LEG-0002533,LG-000785,R&R Dispute,2019-11-01,2020-03-06,Resolved,0,District Court,Medium
LEG-0002534,LG-000785,Environmental Challenge,2019-06-15,2019-08-14,Resolved,0,High Court,Medium
LEG-0002535,LG-000785,Encroachment,2019-03-03,2019-08-16,Resolved,0,Revenue Tribunal,Medium
LEG-0002536,LG-000786,R&R Dispute,2022-04-18,2022-07-31,Resolved,0,District Court,Low
LEG-0002537,LG-000787,Environmental Challenge,2019-01-16,,Stay Order Issued,2722,High Court,Medium
LEG-0002538,LG-000787,Title Dispute,2019-02-10,2019-05-28,Resolved,0,Revenue Tribunal,Medium
LEG-0002539,LG-000787,Environmental Challenge,2019-05-23,2019-12-09,Resolved,0,Revenue Tribunal,Medium
LEG-0002540,LG-000787,Environmental Challenge,2019-01-17,,Stay Order Issued,2721,High Court,Low
LEG-0002541,LG-000787,Compensation Amount Dispute,2019-05-13,,Pending,2605,Revenue Tribunal,Medium
LEG-0002542,LG-000787,Environmental Challenge,2019-05-20,,Pending,2598,High Court,Medium
LEG-0002543,LG-000788,Compensation Amount Dispute,2021-02-25,2021-05-07,Resolved,0,District Court,High
LEG-0002544,LG-000788,Compensation Amount Dispute,2020-11-30,,Under Hearing,2038,High Court,High
LEG-0002545,LG-000788,Title Dispute,2021-04-14,,Under Hearing,1903,Revenue Tribunal,Low
LEG-0002546,LG-000788,Encroachment,2021-08-31,,Stay Order Issued,1764,High Court,Medium
LEG-0002547,LG-000788,Title Dispute,2021-01-03,,Under Hearing,2004,Revenue Tribunal,Low
LEG-0002548,LG-000789,R&R Dispute,2018-09-24,,Stay Order Issued,2836,High Court,High
LEG-0002549,LG-000789,Title Dispute,2018-11-05,,Pending,2794,High Court,Medium
LEG-0002550,LG-000789,Environmental Challenge,2019-02-12,2019-11-22,Resolved,0,Revenue Tribunal,High
LEG-0002551,LG-000789,Environmental Challenge,2018-07-27,,Pending,2895,District Court,Low
LEG-0002552,LG-000789,Environmental Challenge,2018-07-17,2019-01-14,Resolved,0,District Court,Medium
LEG-0002553,LG-000789,Environmental Challenge,2018-07-17,2018-12-18,Resolved,0,Revenue Tribunal,Low
LEG-0002554,LG-000790,Encroachment,2025-05-01,,Stay Order Issued,425,Revenue Tribunal,High
LEG-0002555,LG-000790,R&R Dispute,2025-06-22,,Pending,373,High Court,Low
LEG-0002556,LG-000790,R&R Dispute,2025-05-04,,Under Hearing,422,Revenue Tribunal,Medium
LEG-0002557,LG-000790,Environmental Challenge,2025-01-16,,Pending,530,High Court,High
LEG-0002558,LG-000791,Compensation Amount Dispute,2025-03-13,,Stay Order Issued,474,Revenue Tribunal,Critical
LEG-0002559,LG-000791,Title Dispute,2025-06-15,2025-10-03,Resolved,0,Revenue Tribunal,Critical
LEG-0002560,LG-000791,R&R Dispute,2025-07-18,,Stay Order Issued,347,Revenue Tribunal,Critical
LEG-0002561,LG-000791,Compensation Amount Dispute,2025-07-20,,Under Hearing,345,High Court,Critical
LEG-0002562,LG-000791,Encroachment,2025-11-14,,Under Hearing,228,District Court,Critical
LEG-0002563,LG-000791,Compensation Amount Dispute,2025-09-13,,Stay Order Issued,290,High Court,Critical
LEG-0002564,LG-000791,R&R Dispute,2025-06-11,2025-09-08,Resolved,0,Revenue Tribunal,Critical
LEG-0002565,LG-000791,Compensation Amount Dispute,2024-12-19,,Under Hearing,558,High Court,Critical
LEG-0002566,LG-000791,Title Dispute,2025-04-06,,Under Hearing,450,District Court,Critical
LEG-0002567,LG-000791,Environmental Challenge,2025-09-11,,Under Hearing,292,Revenue Tribunal,Critical
LEG-0002568,LG-000792,Environmental Challenge,2023-08-31,2023-11-22,Resolved,0,Revenue Tribunal,Medium
LEG-0002569,LG-000792,Title Dispute,2023-08-13,2024-05-11,Resolved,0,High Court,High
LEG-0002570,LG-000792,R&R Dispute,2022-12-26,2023-09-03,Resolved,0,District Court,High
LEG-0002571,LG-000792,Encroachment,2023-04-11,,Under Hearing,1176,District Court,High
LEG-0002572,LG-000792,Environmental Challenge,2023-11-06,,Under Hearing,967,Revenue Tribunal,Low
LEG-0002573,LG-000792,Compensation Amount Dispute,2023-02-08,2023-09-30,Resolved,0,High Court,High
LEG-0002574,LG-000793,Title Dispute,2021-05-25,,Under Hearing,1862,Revenue Tribunal,Critical
LEG-0002575,LG-000793,Compensation Amount Dispute,2021-08-03,2022-04-24,Resolved,0,High Court,Critical
LEG-0002576,LG-000793,R&R Dispute,2022-02-27,,Pending,1584,District Court,Critical
LEG-0002577,LG-000793,Environmental Challenge,2021-12-04,,Under Hearing,1669,Revenue Tribunal,Critical
LEG-0002578,LG-000793,Compensation Amount Dispute,2022-01-15,,Pending,1627,District Court,Critical
LEG-0002579,LG-000793,Encroachment,2021-12-08,2022-03-10,Resolved,0,Revenue Tribunal,Critical
LEG-0002580,LG-000793,Title Dispute,2021-10-06,2022-05-06,Resolved,0,Revenue Tribunal,Critical
LEG-0002581,LG-000793,Compensation Amount Dispute,2022-02-15,,Stay Order Issued,1596,Revenue Tribunal,Critical
LEG-0002582,LG-000793,Title Dispute,2022-02-19,,Stay Order Issued,1592,Revenue Tribunal,Critical
LEG-0002583,LG-000794,R&R Dispute,2025-04-18,2025-08-03,Resolved,0,High Court,Medium
LEG-0002584,LG-000794,Environmental Challenge,2024-08-14,,Stay Order Issued,685,High Court,Low
LEG-0002585,LG-000795,Compensation Amount Dispute,2023-03-11,2023-11-01,Resolved,0,Revenue Tribunal,High
LEG-0002586,LG-000795,Compensation Amount Dispute,2023-01-08,,Under Hearing,1269,High Court,Low
LEG-0002587,LG-000795,Environmental Challenge,2023-07-09,,Under Hearing,1087,High Court,High
LEG-0002588,LG-000795,Encroachment,2023-02-19,2023-11-29,Resolved,0,High Court,Low
LEG-0002589,LG-000796,Encroachment,2020-04-12,2020-09-12,Resolved,0,Revenue Tribunal,High
LEG-0002590,LG-000796,Title Dispute,2020-04-18,,Stay Order Issued,2264,District Court,Medium
LEG-0002591,LG-000796,Environmental Challenge,2019-07-05,,Stay Order Issued,2552,Revenue Tribunal,Medium
LEG-0002592,LG-000796,R&R Dispute,2019-08-20,2020-01-19,Resolved,0,District Court,Low
LEG-0002593,LG-000796,Compensation Amount Dispute,2020-03-20,,Under Hearing,2293,Revenue Tribunal,Low
LEG-0002594,LG-000797,Title Dispute,2023-04-14,,Under Hearing,1173,District Court,High
LEG-0002595,LG-000797,Encroachment,2022-12-28,,Stay Order Issued,1280,District Court,Low
LEG-0002596,LG-000797,Title Dispute,2023-03-06,,Stay Order Issued,1212,District Court,Low
LEG-0002597,LG-000797,Environmental Challenge,2023-05-08,,Under Hearing,1149,Revenue Tribunal,Low
LEG-0002598,LG-000797,Title Dispute,2022-09-04,2023-02-03,Resolved,0,Revenue Tribunal,High
LEG-0002599,LG-000799,Environmental Challenge,2023-05-03,2023-08-13,Resolved,0,Revenue Tribunal,Medium
LEG-0002600,LG-000799,R&R Dispute,2023-07-18,2023-11-13,Resolved,0,Revenue Tribunal,Low
LEG-0002601,LG-000800,Compensation Amount Dispute,2019-03-12,2019-11-18,Resolved,0,Revenue Tribunal,Low
LEG-0002602,LG-000800,Title Dispute,2018-09-29,2019-05-26,Resolved,0,District Court,High
LEG-0002603,LG-000800,R&R Dispute,2019-04-26,,Pending,2622,District Court,Low
LEG-0002604,LG-000801,Encroachment,2022-04-11,,Under Hearing,1541,Revenue Tribunal,Low
LEG-0002605,LG-000801,Encroachment,2022-09-27,,Pending,1372,Revenue Tribunal,Low
LEG-0002606,LG-000801,Title Dispute,2022-11-06,,Stay Order Issued,1332,High Court,Medium
LEG-0002607,LG-000802,Encroachment,2019-04-10,,Stay Order Issued,2638,Revenue Tribunal,Medium
LEG-0002608,LG-000803,Compensation Amount Dispute,2019-01-18,,Stay Order Issued,2720,Revenue Tribunal,Medium
LEG-0002609,LG-000803,Compensation Amount Dispute,2019-04-10,2019-09-07,Resolved,0,Revenue Tribunal,High
LEG-0002610,LG-000803,Environmental Challenge,2019-04-30,,Stay Order Issued,2618,Revenue Tribunal,High
LEG-0002611,LG-000803,Compensation Amount Dispute,2019-02-15,,Under Hearing,2692,Revenue Tribunal,Low
LEG-0002612,LG-000804,Compensation Amount Dispute,2023-12-18,2024-03-30,Resolved,0,High Court,Medium
LEG-0002613,LG-000804,R&R Dispute,2023-05-30,2024-01-05,Resolved,0,High Court,High
LEG-0002614,LG-000804,Compensation Amount Dispute,2023-01-21,2023-09-12,Resolved,0,Revenue Tribunal,Medium
LEG-0002615,LG-000805,R&R Dispute,2019-07-22,2019-09-23,Resolved,0,Revenue Tribunal,High
LEG-0002616,LG-000805,Title Dispute,2018-12-29,,Under Hearing,2740,High Court,Medium
LEG-0002617,LG-000807,Title Dispute,2025-09-06,,Stay Order Issued,297,Revenue Tribunal,Critical
LEG-0002618,LG-000807,Compensation Amount Dispute,2025-01-22,,Stay Order Issued,524,District Court,Critical
LEG-0002619,LG-000807,Compensation Amount Dispute,2025-05-31,,Stay Order Issued,395,Revenue Tribunal,Critical
LEG-0002620,LG-000807,Compensation Amount Dispute,2024-12-28,,Pending,549,High Court,Critical
LEG-0002621,LG-000807,Encroachment,2025-03-17,2025-12-01,Resolved,0,Revenue Tribunal,Critical
LEG-0002622,LG-000807,Encroachment,2025-07-21,,Stay Order Issued,344,High Court,Critical
LEG-0002623,LG-000807,Environmental Challenge,2025-06-23,,Under Hearing,372,District Court,Critical
LEG-0002624,LG-000807,Title Dispute,2024-12-11,,Pending,566,High Court,Critical
LEG-0002625,LG-000808,Environmental Challenge,2023-01-23,2023-05-05,Resolved,0,High Court,Low
LEG-0002626,LG-000809,R&R Dispute,2021-05-18,,Pending,1869,District Court,High
LEG-0002627,LG-000809,Encroachment,2021-07-23,,Stay Order Issued,1803,High Court,High
LEG-0002628,LG-000809,Encroachment,2021-09-06,,Pending,1758,Revenue Tribunal,Low
LEG-0002629,LG-000809,R&R Dispute,2021-02-27,,Pending,1949,Revenue Tribunal,Low
LEG-0002630,LG-000809,Environmental Challenge,2021-03-31,2021-12-13,Resolved,0,Revenue Tribunal,Low
LEG-0002631,LG-000809,Environmental Challenge,2021-08-27,2022-05-12,Resolved,0,District Court,Low
LEG-0002632,LG-000810,Environmental Challenge,2021-11-08,,Stay Order Issued,1695,High Court,Low
LEG-0002633,LG-000811,Environmental Challenge,2020-07-09,2021-01-27,Resolved,0,High Court,Medium
LEG-0002634,LG-000811,Environmental Challenge,2020-05-27,2021-02-26,Resolved,0,High Court,Low
LEG-0002635,LG-000811,Compensation Amount Dispute,2020-12-22,,Stay Order Issued,2016,Revenue Tribunal,Medium
LEG-0002636,LG-000811,Title Dispute,2020-12-23,2021-05-26,Resolved,0,Revenue Tribunal,Medium
LEG-0002637,LG-000812,Encroachment,2019-05-05,,Under Hearing,2613,High Court,Medium
LEG-0002638,LG-000813,Environmental Challenge,2021-10-21,,Under Hearing,1713,High Court,High
LEG-0002639,LG-000813,Title Dispute,2021-09-11,,Pending,1753,High Court,Medium
LEG-0002640,LG-000813,Compensation Amount Dispute,2021-12-09,,Stay Order Issued,1664,District Court,Low
LEG-0002641,LG-000816,Compensation Amount Dispute,2023-01-10,2023-08-22,Resolved,0,Revenue Tribunal,Low
LEG-0002642,LG-000816,Compensation Amount Dispute,2023-06-05,,Pending,1121,District Court,Low
LEG-0002643,LG-000816,Compensation Amount Dispute,2023-03-14,,Pending,1204,High Court,Low
LEG-0002644,LG-000816,Title Dispute,2023-08-21,2024-01-07,Resolved,0,District Court,Medium
LEG-0002645,LG-000816,R&R Dispute,2023-02-23,,Pending,1223,Revenue Tribunal,Low
LEG-0002646,LG-000817,Compensation Amount Dispute,2023-01-14,2023-09-13,Resolved,0,Revenue Tribunal,Critical
LEG-0002647,LG-000817,Compensation Amount Dispute,2022-11-18,,Stay Order Issued,1320,High Court,Critical
LEG-0002648,LG-000817,Encroachment,2022-11-21,2023-08-23,Resolved,0,Revenue Tribunal,Critical
LEG-0002649,LG-000817,Encroachment,2023-03-08,,Pending,1210,Revenue Tribunal,Critical
LEG-0002650,LG-000817,R&R Dispute,2023-02-07,2023-11-27,Resolved,0,High Court,Critical
LEG-0002651,LG-000817,Encroachment,2022-10-27,,Under Hearing,1342,District Court,Critical
LEG-0002652,LG-000817,Compensation Amount Dispute,2023-04-26,,Pending,1161,Revenue Tribunal,Critical
LEG-0002653,LG-000817,Encroachment,2022-11-07,,Pending,1331,District Court,Critical
LEG-0002654,LG-000818,Compensation Amount Dispute,2023-01-03,,Stay Order Issued,1274,Revenue Tribunal,Medium
LEG-0002655,LG-000818,R&R Dispute,2023-06-11,2023-11-17,Resolved,0,Revenue Tribunal,Low
LEG-0002656,LG-000818,R&R Dispute,2023-06-21,,Under Hearing,1105,High Court,High
LEG-0002657,LG-000818,R&R Dispute,2023-05-27,2023-09-20,Resolved,0,District Court,High
LEG-0002658,LG-000818,Environmental Challenge,2023-07-12,,Under Hearing,1084,Revenue Tribunal,High
LEG-0002659,LG-000818,Encroachment,2023-05-29,,Stay Order Issued,1128,Revenue Tribunal,High
LEG-0002660,LG-000819,R&R Dispute,2024-01-25,,Under Hearing,887,Revenue Tribunal,Low
LEG-0002661,LG-000819,Title Dispute,2023-11-14,2024-02-07,Resolved,0,High Court,Medium
LEG-0002662,LG-000819,Title Dispute,2024-03-09,2024-11-28,Resolved,0,High Court,Low
LEG-0002663,LG-000820,Environmental Challenge,2021-03-07,2021-08-09,Resolved,0,High Court,Medium
LEG-0002664,LG-000820,Encroachment,2020-09-06,2020-11-18,Resolved,0,Revenue Tribunal,Low
LEG-0002665,LG-000820,Environmental Challenge,2020-08-07,2021-02-05,Resolved,0,Revenue Tribunal,Low
LEG-0002666,LG-000821,R&R Dispute,2018-08-12,2018-11-12,Resolved,0,District Court,Low
LEG-0002667,LG-000822,Title Dispute,2022-02-15,2022-07-24,Resolved,0,Revenue Tribunal,High
LEG-0002668,LG-000822,Title Dispute,2022-05-26,2023-01-11,Resolved,0,District Court,Low
LEG-0002669,LG-000824,Encroachment,2021-11-23,2022-03-25,Resolved,0,Revenue Tribunal,Low
LEG-0002670,LG-000826,Encroachment,2023-10-17,2024-01-11,Resolved,0,High Court,Low
LEG-0002671,LG-000826,R&R Dispute,2023-08-07,,Stay Order Issued,1058,Revenue Tribunal,Low
LEG-0002672,LG-000826,Encroachment,2023-03-20,,Stay Order Issued,1198,Revenue Tribunal,Medium
LEG-0002673,LG-000828,Title Dispute,2024-11-20,2025-05-26,Resolved,0,Revenue Tribunal,Medium
LEG-0002674,LG-000830,R&R Dispute,2021-07-25,,Stay Order Issued,1801,High Court,High
LEG-0002675,LG-000830,Encroachment,2021-06-08,,Stay Order Issued,1848,District Court,Low
LEG-0002676,LG-000830,Environmental Challenge,2021-12-14,2022-10-05,Resolved,0,High Court,Medium
LEG-0002677,LG-000830,Encroachment,2021-03-19,,Stay Order Issued,1929,High Court,High
LEG-0002678,LG-000830,Compensation Amount Dispute,2021-11-26,,Pending,1677,High Court,Low
LEG-0002679,LG-000830,Compensation Amount Dispute,2021-10-31,,Stay Order Issued,1703,Revenue Tribunal,Low
LEG-0002680,LG-000831,R&R Dispute,2021-12-03,2022-04-03,Resolved,0,District Court,Medium
LEG-0002681,LG-000831,Title Dispute,2021-12-18,,Under Hearing,1655,Revenue Tribunal,Medium
LEG-0002682,LG-000831,Compensation Amount Dispute,2022-02-27,2022-11-30,Resolved,0,Revenue Tribunal,High
LEG-0002683,LG-000832,Title Dispute,2023-06-09,2024-01-18,Resolved,0,Revenue Tribunal,High
LEG-0002684,LG-000833,Title Dispute,2025-03-11,2025-08-07,Resolved,0,High Court,High
LEG-0002685,LG-000834,Title Dispute,2022-06-30,2022-12-06,Resolved,0,High Court,High
LEG-0002686,LG-000834,Compensation Amount Dispute,2022-03-01,2022-12-16,Resolved,0,District Court,Medium
LEG-0002687,LG-000835,Environmental Challenge,2024-09-26,2024-12-25,Resolved,0,District Court,Medium
LEG-0002688,LG-000835,Compensation Amount Dispute,2025-04-06,2025-10-21,Resolved,0,District Court,High
LEG-0002689,LG-000837,Encroachment,2018-09-17,2019-05-07,Resolved,0,Revenue Tribunal,High
LEG-0002690,LG-000838,Environmental Challenge,2022-11-09,2023-06-26,Resolved,0,High Court,High
LEG-0002691,LG-000838,Environmental Challenge,2022-06-28,2023-02-05,Resolved,0,Revenue Tribunal,Low
LEG-0002692,LG-000839,Title Dispute,2021-03-28,2022-01-21,Resolved,0,District Court,High
LEG-0002693,LG-000840,Compensation Amount Dispute,2020-03-11,,Under Hearing,2302,Revenue Tribunal,High
LEG-0002694,LG-000841,Encroachment,2018-08-31,2018-12-18,Resolved,0,Revenue Tribunal,High
LEG-0002695,LG-000841,Environmental Challenge,2018-05-31,2018-12-10,Resolved,0,Revenue Tribunal,Medium
LEG-0002696,LG-000842,R&R Dispute,2021-02-11,,Stay Order Issued,1965,Revenue Tribunal,Medium
LEG-0002697,LG-000842,Title Dispute,2021-04-19,,Under Hearing,1898,District Court,Medium
LEG-0002698,LG-000842,Encroachment,2021-02-15,,Pending,1961,District Court,Low
LEG-0002699,LG-000842,Compensation Amount Dispute,2021-05-02,2022-02-11,Resolved,0,Revenue Tribunal,High
LEG-0002700,LG-000842,R&R Dispute,2021-04-01,2021-10-27,Resolved,0,High Court,Medium
LEG-0002701,LG-000844,Encroachment,2022-11-19,,Under Hearing,1319,District Court,Critical
LEG-0002702,LG-000844,R&R Dispute,2023-03-26,,Pending,1192,Revenue Tribunal,Critical
LEG-0002703,LG-000844,Environmental Challenge,2023-05-19,,Stay Order Issued,1138,High Court,Critical
LEG-0002704,LG-000844,Compensation Amount Dispute,2023-11-13,,Stay Order Issued,960,Revenue Tribunal,Critical
LEG-0002705,LG-000844,R&R Dispute,2023-06-16,,Under Hearing,1110,District Court,Critical
LEG-0002706,LG-000844,Compensation Amount Dispute,2023-08-30,2023-10-29,Resolved,0,District Court,Critical
LEG-0002707,LG-000844,Title Dispute,2022-11-29,,Pending,1309,Revenue Tribunal,Critical
LEG-0002708,LG-000844,R&R Dispute,2023-06-30,,Pending,1096,District Court,Critical
LEG-0002709,LG-000844,Environmental Challenge,2023-11-16,,Pending,957,District Court,Critical
LEG-0002710,LG-000845,Encroachment,2024-07-21,,Stay Order Issued,709,High Court,High
LEG-0002711,LG-000845,Environmental Challenge,2024-12-24,,Under Hearing,553,Revenue Tribunal,Low
LEG-0002712,LG-000845,R&R Dispute,2024-12-31,,Pending,546,Revenue Tribunal,Low
LEG-0002713,LG-000845,R&R Dispute,2025-02-12,2025-11-08,Resolved,0,District Court,High
LEG-0002714,LG-000846,R&R Dispute,2018-07-22,2018-12-24,Resolved,0,High Court,High
LEG-0002715,LG-000846,Environmental Challenge,2019-02-09,2019-04-28,Resolved,0,District Court,Low
LEG-0002716,LG-000846,Compensation Amount Dispute,2019-01-04,2019-10-10,Resolved,0,High Court,Low
LEG-0002717,LG-000848,Compensation Amount Dispute,2018-07-21,2018-12-04,Resolved,0,Revenue Tribunal,Low
LEG-0002718,LG-000848,Compensation Amount Dispute,2019-04-12,,Under Hearing,2636,High Court,High
LEG-0002719,LG-000848,Title Dispute,2018-07-26,,Under Hearing,2896,Revenue Tribunal,Low
LEG-0002720,LG-000848,Compensation Amount Dispute,2019-03-28,,Pending,2651,Revenue Tribunal,Low
LEG-0002721,LG-000848,Encroachment,2019-01-16,,Stay Order Issued,2722,District Court,Medium
LEG-0002722,LG-000848,Environmental Challenge,2018-12-04,,Under Hearing,2765,District Court,Medium
LEG-0002723,LG-000849,Title Dispute,2023-01-01,2023-07-01,Resolved,0,Revenue Tribunal,Critical
LEG-0002724,LG-000849,Encroachment,2023-01-30,,Pending,1247,Revenue Tribunal,Critical
LEG-0002725,LG-000849,Title Dispute,2023-07-05,,Under Hearing,1091,Revenue Tribunal,Critical
LEG-0002726,LG-000849,R&R Dispute,2023-02-04,,Stay Order Issued,1242,District Court,Critical
LEG-0002727,LG-000849,Compensation Amount Dispute,2023-06-23,,Under Hearing,1103,High Court,Critical
LEG-0002728,LG-000849,Compensation Amount Dispute,2022-08-07,,Stay Order Issued,1423,High Court,Critical
LEG-0002729,LG-000849,R&R Dispute,2023-03-28,,Under Hearing,1190,Revenue Tribunal,Critical
LEG-0002730,LG-000850,Environmental Challenge,2023-08-08,,Pending,1057,Revenue Tribunal,Critical
LEG-0002731,LG-000850,Compensation Amount Dispute,2023-06-22,2024-02-14,Resolved,0,Revenue Tribunal,Critical
LEG-0002732,LG-000850,Encroachment,2023-07-06,2024-02-01,Resolved,0,District Court,Critical
LEG-0002733,LG-000850,Title Dispute,2023-09-19,,Under Hearing,1015,District Court,Critical
LEG-0002734,LG-000850,Compensation Amount Dispute,2023-07-29,,Pending,1067,District Court,Critical
LEG-0002735,LG-000850,R&R Dispute,2023-08-05,,Pending,1060,Revenue Tribunal,Critical
LEG-0002736,LG-000851,R&R Dispute,2019-06-24,,Pending,2563,Revenue Tribunal,Low
LEG-0002737,LG-000851,Environmental Challenge,2019-05-21,2019-08-09,Resolved,0,Revenue Tribunal,Medium
LEG-0002738,LG-000851,R&R Dispute,2019-05-17,,Stay Order Issued,2601,High Court,Medium
LEG-0002739,LG-000851,R&R Dispute,2019-08-05,2019-12-05,Resolved,0,District Court,Low
LEG-0002740,LG-000851,Compensation Amount Dispute,2018-12-26,,Under Hearing,2743,High Court,Medium
LEG-0002741,LG-000851,Environmental Challenge,2018-12-11,2019-09-02,Resolved,0,District Court,High
LEG-0002742,LG-000852,Encroachment,2024-10-14,,Under Hearing,624,District Court,Low
LEG-0002743,LG-000852,R&R Dispute,2025-07-07,,Under Hearing,358,District Court,Low
LEG-0002744,LG-000852,Environmental Challenge,2024-08-16,,Stay Order Issued,683,Revenue Tribunal,High
LEG-0002745,LG-000852,Encroachment,2025-07-25,2026-05-12,Resolved,0,District Court,Low
LEG-0002746,LG-000852,Environmental Challenge,2025-06-13,2025-08-19,Resolved,0,District Court,Medium
LEG-0002747,LG-000852,Environmental Challenge,2024-08-19,2025-01-03,Resolved,0,Revenue Tribunal,Low
LEG-0002748,LG-000853,Title Dispute,2021-10-13,2022-01-28,Resolved,0,Revenue Tribunal,Critical
LEG-0002749,LG-000853,Compensation Amount Dispute,2021-12-12,,Stay Order Issued,1661,District Court,Critical
LEG-0002750,LG-000853,Compensation Amount Dispute,2021-03-29,,Pending,1919,District Court,Critical
LEG-0002751,LG-000853,Compensation Amount Dispute,2021-06-11,,Stay Order Issued,1845,High Court,Critical
LEG-0002752,LG-000853,Title Dispute,2021-05-11,,Stay Order Issued,1876,High Court,Critical
LEG-0002753,LG-000853,Title Dispute,2021-04-09,,Pending,1908,Revenue Tribunal,Critical
LEG-0002754,LG-000853,Title Dispute,2021-10-05,,Pending,1729,High Court,Critical
LEG-0002755,LG-000854,Environmental Challenge,2019-04-25,2019-07-18,Resolved,0,Revenue Tribunal,Low
LEG-0002756,LG-000854,Encroachment,2019-07-25,,Stay Order Issued,2532,Revenue Tribunal,Low
LEG-0002757,LG-000854,Title Dispute,2019-03-09,,Under Hearing,2670,District Court,Low
LEG-0002758,LG-000855,Title Dispute,2020-02-09,,Stay Order Issued,2333,Revenue Tribunal,High
LEG-0002759,LG-000855,Encroachment,2020-06-27,2021-04-15,Resolved,0,Revenue Tribunal,Low
LEG-0002760,LG-000855,Environmental Challenge,2020-02-18,,Stay Order Issued,2324,Revenue Tribunal,Low
LEG-0002761,LG-000855,Encroachment,2020-06-15,2020-09-04,Resolved,0,Revenue Tribunal,Medium
LEG-0002762,LG-000855,R&R Dispute,2020-08-08,,Pending,2152,High Court,High
LEG-0002763,LG-000855,Encroachment,2020-10-31,,Pending,2068,Revenue Tribunal,High
LEG-0002764,LG-000857,R&R Dispute,2020-07-30,,Pending,2161,High Court,Low
LEG-0002765,LG-000857,Title Dispute,2021-03-17,,Stay Order Issued,1931,Revenue Tribunal,High
LEG-0002766,LG-000857,Compensation Amount Dispute,2020-07-05,2020-12-29,Resolved,0,Revenue Tribunal,Low
LEG-0002767,LG-000857,Title Dispute,2020-06-07,2021-01-22,Resolved,0,High Court,High
LEG-0002768,LG-000857,Encroachment,2021-02-20,,Under Hearing,1956,High Court,High
LEG-0002769,LG-000858,Environmental Challenge,2025-02-25,,Pending,490,District Court,High
LEG-0002770,LG-000858,R&R Dispute,2025-10-29,2026-05-29,Resolved,0,High Court,Medium
LEG-0002771,LG-000858,R&R Dispute,2026-01-07,,Under Hearing,174,Revenue Tribunal,Medium
LEG-0002772,LG-000860,Title Dispute,2024-01-21,2024-10-21,Resolved,0,Revenue Tribunal,High
LEG-0002773,LG-000861,Environmental Challenge,2019-04-01,,Under Hearing,2647,Revenue Tribunal,Medium
LEG-0002774,LG-000861,Encroachment,2019-02-16,,Pending,2691,District Court,Medium
LEG-0002775,LG-000862,Encroachment,2024-07-28,,Under Hearing,702,High Court,Critical
LEG-0002776,LG-000862,Compensation Amount Dispute,2025-01-09,,Under Hearing,537,Revenue Tribunal,Critical
LEG-0002777,LG-000862,Title Dispute,2024-05-19,,Stay Order Issued,772,High Court,Critical
LEG-0002778,LG-000862,Environmental Challenge,2025-01-22,,Stay Order Issued,524,Revenue Tribunal,Critical
LEG-0002779,LG-000862,Encroachment,2024-11-12,,Under Hearing,595,District Court,Critical
LEG-0002780,LG-000862,Environmental Challenge,2025-02-23,,Pending,492,District Court,Critical
LEG-0002781,LG-000862,Compensation Amount Dispute,2024-03-31,,Stay Order Issued,821,Revenue Tribunal,Critical
LEG-0002782,LG-000863,Encroachment,2024-03-06,,Stay Order Issued,846,High Court,High
LEG-0002783,LG-000864,Encroachment,2021-11-10,2022-01-31,Resolved,0,High Court,Low
LEG-0002784,LG-000864,Title Dispute,2021-06-13,2021-10-12,Resolved,0,District Court,Low
LEG-0002785,LG-000864,Environmental Challenge,2021-11-21,,Stay Order Issued,1682,Revenue Tribunal,Low
LEG-0002786,LG-000865,Environmental Challenge,2023-10-30,,Stay Order Issued,974,District Court,Low
LEG-0002787,LG-000865,Encroachment,2024-05-08,2025-02-01,Resolved,0,District Court,High
LEG-0002788,LG-000865,Encroachment,2024-03-09,2024-12-02,Resolved,0,District Court,Low
LEG-0002789,LG-000866,R&R Dispute,2025-09-03,2026-02-17,Resolved,0,District Court,Low
LEG-0002790,LG-000866,Encroachment,2025-05-23,2026-03-19,Resolved,0,High Court,Medium
LEG-0002791,LG-000866,Compensation Amount Dispute,2025-03-08,2025-08-29,Resolved,0,District Court,Medium
LEG-0002792,LG-000867,Encroachment,2020-03-12,,Under Hearing,2301,Revenue Tribunal,Medium
LEG-0002793,LG-000867,Compensation Amount Dispute,2020-02-16,,Pending,2326,District Court,High
LEG-0002794,LG-000868,Compensation Amount Dispute,2024-08-31,2024-11-10,Resolved,0,Revenue Tribunal,High
LEG-0002795,LG-000868,R&R Dispute,2024-12-17,,Stay Order Issued,560,Revenue Tribunal,Medium
LEG-0002796,LG-000868,Compensation Amount Dispute,2024-05-26,2024-10-09,Resolved,0,District Court,Medium
LEG-0002797,LG-000868,R&R Dispute,2024-05-23,,Stay Order Issued,768,High Court,High
LEG-0002798,LG-000868,Title Dispute,2024-05-22,,Pending,769,District Court,Medium
LEG-0002799,LG-000869,Title Dispute,2018-12-31,,Stay Order Issued,2738,High Court,Critical
LEG-0002800,LG-000869,Compensation Amount Dispute,2019-02-18,,Stay Order Issued,2689,High Court,Critical
LEG-0002801,LG-000869,Encroachment,2018-09-28,,Under Hearing,2832,High Court,Critical
LEG-0002802,LG-000869,R&R Dispute,2019-03-29,,Stay Order Issued,2650,Revenue Tribunal,Critical
LEG-0002803,LG-000869,R&R Dispute,2019-07-11,2019-11-01,Resolved,0,Revenue Tribunal,Critical
LEG-0002804,LG-000869,Environmental Challenge,2018-10-04,,Stay Order Issued,2826,District Court,Critical
LEG-0002805,LG-000870,R&R Dispute,2023-01-13,2023-04-17,Resolved,0,High Court,Medium
LEG-0002806,LG-000870,Compensation Amount Dispute,2022-07-23,2023-04-24,Resolved,0,High Court,Medium
LEG-0002807,LG-000871,Compensation Amount Dispute,2024-07-11,2025-05-06,Resolved,0,High Court,High
LEG-0002808,LG-000871,Encroachment,2023-12-26,,Pending,917,Revenue Tribunal,Medium
LEG-0002809,LG-000871,Encroachment,2023-11-01,2024-07-14,Resolved,0,Revenue Tribunal,High
LEG-0002810,LG-000872,Environmental Challenge,2019-02-21,2019-09-26,Resolved,0,District Court,Low
LEG-0002811,LG-000872,Encroachment,2018-10-13,2019-03-19,Resolved,0,Revenue Tribunal,High
LEG-0002812,LG-000873,Title Dispute,2022-08-01,,Pending,1429,Revenue Tribunal,High
LEG-0002813,LG-000875,Environmental Challenge,2020-03-27,,Stay Order Issued,2286,District Court,Low
LEG-0002814,LG-000875,Title Dispute,2020-04-04,,Pending,2278,High Court,Low
LEG-0002815,LG-000875,Compensation Amount Dispute,2020-07-14,,Under Hearing,2177,District Court,High
LEG-0002816,LG-000875,Encroachment,2020-07-03,,Under Hearing,2188,Revenue Tribunal,Low
LEG-0002817,LG-000875,Environmental Challenge,2020-10-05,,Stay Order Issued,2094,Revenue Tribunal,High
LEG-0002818,LG-000876,Compensation Amount Dispute,2018-04-04,2018-08-23,Resolved,0,District Court,High
LEG-0002819,LG-000876,R&R Dispute,2018-04-26,,Stay Order Issued,2987,Revenue Tribunal,Low
LEG-0002820,LG-000876,R&R Dispute,2018-08-09,2019-04-17,Resolved,0,High Court,Low
LEG-0002821,LG-000877,Title Dispute,2018-10-19,2019-07-27,Resolved,0,District Court,Medium
LEG-0002822,LG-000878,Title Dispute,2020-07-28,,Stay Order Issued,2163,Revenue Tribunal,Low
LEG-0002823,LG-000879,Title Dispute,2019-07-27,2020-01-20,Resolved,0,High Court,Low
LEG-0002824,LG-000879,Encroachment,2019-04-16,,Pending,2632,Revenue Tribunal,Medium
LEG-0002825,LG-000879,R&R Dispute,2019-04-25,,Under Hearing,2623,High Court,High
LEG-0002826,LG-000879,Compensation Amount Dispute,2019-04-07,,Under Hearing,2641,District Court,Low
LEG-0002827,LG-000879,Encroachment,2019-01-06,2019-06-09,Resolved,0,District Court,Medium
LEG-0002828,LG-000879,Title Dispute,2019-06-02,2020-02-26,Resolved,0,District Court,Medium
LEG-0002829,LG-000880,Title Dispute,2023-06-18,2023-09-23,Resolved,0,Revenue Tribunal,High
LEG-0002830,LG-000880,Compensation Amount Dispute,2023-02-09,,Pending,1237,Revenue Tribunal,High
LEG-0002831,LG-000880,Environmental Challenge,2023-01-02,2023-06-18,Resolved,0,District Court,High
LEG-0002832,LG-000881,Compensation Amount Dispute,2021-12-20,,Under Hearing,1653,District Court,Critical
LEG-0002833,LG-000881,Environmental Challenge,2021-09-28,,Stay Order Issued,1736,District Court,Critical
LEG-0002834,LG-000881,Environmental Challenge,2021-09-28,,Under Hearing,1736,District Court,Critical
LEG-0002835,LG-000881,Encroachment,2021-08-14,,Stay Order Issued,1781,Revenue Tribunal,Critical
LEG-0002836,LG-000881,Compensation Amount Dispute,2022-04-23,,Pending,1529,District Court,Critical
LEG-0002837,LG-000881,Environmental Challenge,2022-03-10,,Stay Order Issued,1573,High Court,Critical
LEG-0002838,LG-000881,Encroachment,2021-08-08,,Pending,1787,High Court,Critical
LEG-0002839,LG-000882,R&R Dispute,2021-09-11,2022-03-24,Resolved,0,District Court,High
LEG-0002840,LG-000882,Encroachment,2022-05-02,2022-11-11,Resolved,0,Revenue Tribunal,Low
LEG-0002841,LG-000883,Title Dispute,2025-05-03,2025-08-24,Resolved,0,District Court,High
LEG-0002842,LG-000884,R&R Dispute,2024-04-28,2024-09-05,Resolved,0,District Court,Low
LEG-0002843,LG-000885,R&R Dispute,2024-07-05,2025-03-10,Resolved,0,Revenue Tribunal,High
LEG-0002844,LG-000888,Encroachment,2022-05-07,,Pending,1515,High Court,Medium
LEG-0002845,LG-000888,Encroachment,2021-11-04,,Pending,1699,Revenue Tribunal,Low
LEG-0002846,LG-000889,R&R Dispute,2018-11-12,2019-07-14,Resolved,0,Revenue Tribunal,Low
LEG-0002847,LG-000890,Environmental Challenge,2020-01-26,2020-06-26,Resolved,0,Revenue Tribunal,Low
LEG-0002848,LG-000890,R&R Dispute,2020-03-09,2020-11-21,Resolved,0,Revenue Tribunal,Low
LEG-0002849,LG-000890,Environmental Challenge,2019-11-07,,Stay Order Issued,2427,Revenue Tribunal,High
LEG-0002850,LG-000891,R&R Dispute,2018-12-15,2019-07-03,Resolved,0,Revenue Tribunal,Medium
LEG-0002851,LG-000891,Title Dispute,2019-06-20,,Pending,2567,Revenue Tribunal,Low
LEG-0002852,LG-000891,R&R Dispute,2019-06-19,2019-12-11,Resolved,0,High Court,High
LEG-0002853,LG-000892,R&R Dispute,2019-11-10,,Under Hearing,2424,High Court,High
LEG-0002854,LG-000892,Compensation Amount Dispute,2019-09-16,,Under Hearing,2479,High Court,Medium
LEG-0002855,LG-000892,Title Dispute,2019-04-03,2019-10-21,Resolved,0,Revenue Tribunal,Low
LEG-0002856,LG-000893,Environmental Challenge,2022-01-24,,Under Hearing,1618,Revenue Tribunal,Critical
LEG-0002857,LG-000893,Title Dispute,2022-03-25,,Pending,1558,Revenue Tribunal,Critical
LEG-0002858,LG-000893,Environmental Challenge,2021-07-12,2022-02-13,Resolved,0,Revenue Tribunal,Critical
LEG-0002859,LG-000893,R&R Dispute,2022-02-24,2022-10-31,Resolved,0,Revenue Tribunal,Critical
LEG-0002860,LG-000893,Title Dispute,2022-01-11,,Pending,1631,High Court,Critical
LEG-0002861,LG-000893,Compensation Amount Dispute,2021-06-30,,Stay Order Issued,1826,District Court,Critical
LEG-0002862,LG-000893,R&R Dispute,2021-11-15,,Under Hearing,1688,High Court,Critical
LEG-0002863,LG-000893,Environmental Challenge,2021-05-31,,Under Hearing,1856,District Court,Critical
LEG-0002864,LG-000894,Title Dispute,2020-03-17,,Pending,2296,High Court,Low
LEG-0002865,LG-000894,R&R Dispute,2020-07-19,2021-04-17,Resolved,0,Revenue Tribunal,Low
LEG-0002866,LG-000894,Title Dispute,2020-10-12,2021-04-18,Resolved,0,District Court,Low
LEG-0002867,LG-000895,Title Dispute,2021-07-24,2021-11-28,Resolved,0,District Court,Critical
LEG-0002868,LG-000895,R&R Dispute,2021-05-14,2022-02-28,Resolved,0,Revenue Tribunal,Critical
LEG-0002869,LG-000895,Environmental Challenge,2021-07-31,2021-10-24,Resolved,0,High Court,Critical
LEG-0002870,LG-000895,Title Dispute,2022-02-28,,Stay Order Issued,1583,District Court,Critical
LEG-0002871,LG-000895,Title Dispute,2022-03-04,,Under Hearing,1579,District Court,Critical
LEG-0002872,LG-000895,R&R Dispute,2021-08-31,2021-12-07,Resolved,0,District Court,Critical
LEG-0002873,LG-000895,Environmental Challenge,2021-07-25,,Under Hearing,1801,District Court,Critical
LEG-0002874,LG-000895,Title Dispute,2022-04-11,,Under Hearing,1541,District Court,Critical
LEG-0002875,LG-000895,Compensation Amount Dispute,2021-08-14,,Pending,1781,Revenue Tribunal,Critical
LEG-0002876,LG-000895,R&R Dispute,2022-03-03,,Stay Order Issued,1580,Revenue Tribunal,Critical
LEG-0002877,LG-000896,Encroachment,2023-05-30,,Under Hearing,1127,Revenue Tribunal,Critical
LEG-0002878,LG-000896,Compensation Amount Dispute,2023-10-27,2024-04-10,Resolved,0,Revenue Tribunal,Critical
LEG-0002879,LG-000896,Compensation Amount Dispute,2023-09-12,,Under Hearing,1022,High Court,Critical
LEG-0002880,LG-000896,Compensation Amount Dispute,2023-10-24,,Pending,980,High Court,Critical
LEG-0002881,LG-000896,Environmental Challenge,2023-04-07,,Pending,1180,Revenue Tribunal,Critical
LEG-0002882,LG-000896,Title Dispute,2024-01-10,,Pending,902,High Court,Critical
LEG-0002883,LG-000897,Environmental Challenge,2024-10-31,,Pending,607,High Court,Low
LEG-0002884,LG-000898,Title Dispute,2025-07-24,2026-03-27,Resolved,0,District Court,High
LEG-0002885,LG-000899,R&R Dispute,2021-07-24,,Under Hearing,1802,High Court,Medium
LEG-0002886,LG-000899,Encroachment,2021-10-27,2022-01-07,Resolved,0,High Court,High
LEG-0002887,LG-000899,Environmental Challenge,2022-05-25,,Stay Order Issued,1497,Revenue Tribunal,Low
LEG-0002888,LG-000899,Compensation Amount Dispute,2022-02-15,,Under Hearing,1596,Revenue Tribunal,Low
LEG-0002889,LG-000899,Compensation Amount Dispute,2022-05-13,2022-11-12,Resolved,0,High Court,Low
LEG-0002890,LG-000900,Title Dispute,2020-06-17,,Under Hearing,2204,High Court,Medium
LEG-0002891,LG-000900,Compensation Amount Dispute,2020-03-07,,Under Hearing,2306,High Court,High
LEG-0002892,LG-000900,Environmental Challenge,2019-12-10,2020-06-21,Resolved,0,High Court,Medium
LEG-0002893,LG-000900,Encroachment,2020-08-26,2020-11-01,Resolved,0,High Court,Medium
LEG-0002894,LG-000901,R&R Dispute,2020-08-07,,Stay Order Issued,2153,High Court,Critical
LEG-0002895,LG-000901,Environmental Challenge,2020-07-17,,Under Hearing,2174,Revenue Tribunal,Critical
LEG-0002896,LG-000901,Compensation Amount Dispute,2021-05-02,,Under Hearing,1885,District Court,Critical
LEG-0002897,LG-000901,Environmental Challenge,2021-02-10,2021-08-08,Resolved,0,Revenue Tribunal,Critical
LEG-0002898,LG-000901,Compensation Amount Dispute,2021-05-24,,Stay Order Issued,1863,District Court,Critical
LEG-0002899,LG-000901,Compensation Amount Dispute,2020-07-07,,Stay Order Issued,2184,High Court,Critical
LEG-0002900,LG-000901,Compensation Amount Dispute,2021-05-02,,Stay Order Issued,1885,Revenue Tribunal,Critical
LEG-0002901,LG-000901,Encroachment,2021-01-01,,Under Hearing,2006,High Court,Critical
LEG-0002902,LG-000901,Environmental Challenge,2021-02-01,,Pending,1975,District Court,Critical
LEG-0002903,LG-000902,Title Dispute,2021-10-16,2022-06-18,Resolved,0,High Court,Low
LEG-0002904,LG-000902,Compensation Amount Dispute,2021-04-12,2022-01-08,Resolved,0,High Court,Low
LEG-0002905,LG-000903,Encroachment,2019-08-04,,Pending,2522,Revenue Tribunal,Medium
LEG-0002906,LG-000903,Title Dispute,2019-11-10,,Under Hearing,2424,Revenue Tribunal,Medium
LEG-0002907,LG-000905,Compensation Amount Dispute,2021-06-29,2022-01-10,Resolved,0,High Court,Critical
LEG-0002908,LG-000905,Title Dispute,2021-06-04,,Under Hearing,1852,High Court,Critical
LEG-0002909,LG-000905,Title Dispute,2021-12-24,2022-10-01,Resolved,0,High Court,Critical
LEG-0002910,LG-000905,Encroachment,2021-11-14,,Pending,1689,Revenue Tribunal,Critical
LEG-0002911,LG-000905,R&R Dispute,2021-08-18,,Stay Order Issued,1777,High Court,Critical
LEG-0002912,LG-000905,Title Dispute,2021-07-12,,Under Hearing,1814,Revenue Tribunal,Critical
LEG-0002913,LG-000905,Compensation Amount Dispute,2021-06-08,,Pending,1848,District Court,Critical
LEG-0002914,LG-000905,Encroachment,2022-03-14,2022-12-27,Resolved,0,District Court,Critical
LEG-0002915,LG-000905,Compensation Amount Dispute,2022-03-07,,Stay Order Issued,1576,High Court,Critical
LEG-0002916,LG-000905,R&R Dispute,2021-11-07,2022-02-05,Resolved,0,High Court,Critical
LEG-0002917,LG-000906,Encroachment,2023-08-11,2024-02-17,Resolved,0,High Court,Critical
LEG-0002918,LG-000906,R&R Dispute,2023-08-15,2024-04-01,Resolved,0,Revenue Tribunal,Critical
LEG-0002919,LG-000906,R&R Dispute,2023-06-20,,Under Hearing,1106,High Court,Critical
LEG-0002920,LG-000906,R&R Dispute,2023-08-21,,Under Hearing,1044,District Court,Critical
LEG-0002921,LG-000906,Title Dispute,2023-12-05,2024-07-16,Resolved,0,Revenue Tribunal,Critical
LEG-0002922,LG-000906,Encroachment,2024-01-30,,Stay Order Issued,882,Revenue Tribunal,Critical
LEG-0002923,LG-000907,Environmental Challenge,2024-05-24,2024-10-28,Resolved,0,Revenue Tribunal,Medium
LEG-0002924,LG-000908,R&R Dispute,2023-06-04,2023-11-06,Resolved,0,High Court,Low
LEG-0002925,LG-000909,Encroachment,2024-07-17,2025-01-01,Resolved,0,High Court,Medium
LEG-0002926,LG-000909,Environmental Challenge,2025-06-17,,Stay Order Issued,378,District Court,Low
LEG-0002927,LG-000909,Title Dispute,2024-11-10,,Stay Order Issued,597,High Court,High
LEG-0002928,LG-000909,Encroachment,2025-01-07,2025-07-02,Resolved,0,Revenue Tribunal,Medium
LEG-0002929,LG-000911,Compensation Amount Dispute,2020-05-05,2020-08-17,Resolved,0,District Court,Critical
LEG-0002930,LG-000911,Environmental Challenge,2020-01-21,,Stay Order Issued,2352,District Court,Critical
LEG-0002931,LG-000911,Encroachment,2020-03-24,,Pending,2289,Revenue Tribunal,Critical
LEG-0002932,LG-000911,R&R Dispute,2020-12-13,2021-07-27,Resolved,0,District Court,Critical
LEG-0002933,LG-000911,Compensation Amount Dispute,2020-09-30,2021-07-04,Resolved,0,District Court,Critical
LEG-0002934,LG-000911,Title Dispute,2020-04-16,,Stay Order Issued,2266,Revenue Tribunal,Critical
LEG-0002935,LG-000911,Environmental Challenge,2020-09-27,2021-01-02,Resolved,0,High Court,Critical
LEG-0002936,LG-000911,Title Dispute,2020-04-02,,Under Hearing,2280,Revenue Tribunal,Critical
LEG-0002937,LG-000911,R&R Dispute,2020-08-13,2021-03-06,Resolved,0,High Court,Critical
LEG-0002938,LG-000912,Title Dispute,2022-03-30,,Stay Order Issued,1553,High Court,Critical
LEG-0002939,LG-000912,Compensation Amount Dispute,2021-11-22,,Stay Order Issued,1681,District Court,Critical
LEG-0002940,LG-000912,Compensation Amount Dispute,2022-06-21,,Pending,1470,District Court,Critical
LEG-0002941,LG-000912,Encroachment,2022-04-26,,Under Hearing,1526,District Court,Critical
LEG-0002942,LG-000912,Compensation Amount Dispute,2022-01-07,,Under Hearing,1635,Revenue Tribunal,Critical
LEG-0002943,LG-000912,Compensation Amount Dispute,2022-09-01,,Under Hearing,1398,Revenue Tribunal,Critical
LEG-0002944,LG-000914,R&R Dispute,2024-10-07,2025-02-01,Resolved,0,Revenue Tribunal,Low
LEG-0002945,LG-000914,R&R Dispute,2025-04-10,,Pending,446,Revenue Tribunal,Medium
LEG-0002946,LG-000914,R&R Dispute,2025-02-25,,Stay Order Issued,490,High Court,Medium
LEG-0002947,LG-000915,Compensation Amount Dispute,2019-04-24,,Under Hearing,2624,High Court,Medium
LEG-0002948,LG-000915,Encroachment,2018-12-03,,Pending,2766,Revenue Tribunal,High
LEG-0002949,LG-000915,Title Dispute,2019-08-04,,Under Hearing,2522,Revenue Tribunal,Low
LEG-0002950,LG-000915,Title Dispute,2018-12-17,,Stay Order Issued,2752,District Court,Medium
LEG-0002951,LG-000915,Title Dispute,2019-07-25,,Stay Order Issued,2532,High Court,Low
LEG-0002952,LG-000916,Title Dispute,2021-03-27,,Pending,1921,District Court,High
LEG-0002953,LG-000917,Encroachment,2021-11-09,2022-04-25,Resolved,0,District Court,Medium
LEG-0002954,LG-000918,Title Dispute,2020-03-01,2020-07-29,Resolved,0,High Court,Medium
LEG-0002955,LG-000918,Environmental Challenge,2019-12-13,2020-08-14,Resolved,0,District Court,Low
LEG-0002956,LG-000918,Environmental Challenge,2019-12-17,2020-03-10,Resolved,0,District Court,High
LEG-0002957,LG-000919,Title Dispute,2018-10-24,2019-07-15,Resolved,0,District Court,Low
LEG-0002958,LG-000919,Compensation Amount Dispute,2018-08-15,,Under Hearing,2876,Revenue Tribunal,High
LEG-0002959,LG-000919,Environmental Challenge,2019-05-19,2019-11-02,Resolved,0,Revenue Tribunal,High
LEG-0002960,LG-000919,Environmental Challenge,2019-05-23,,Stay Order Issued,2595,High Court,High
LEG-0002961,LG-000921,R&R Dispute,2023-06-03,,Stay Order Issued,1123,High Court,High
LEG-0002962,LG-000922,Title Dispute,2019-05-23,,Pending,2595,District Court,Critical
LEG-0002963,LG-000922,Encroachment,2019-04-27,,Pending,2621,High Court,Critical
LEG-0002964,LG-000922,Environmental Challenge,2019-10-26,,Stay Order Issued,2439,Revenue Tribunal,Critical
LEG-0002965,LG-000922,Title Dispute,2018-11-28,,Under Hearing,2771,High Court,Critical
LEG-0002966,LG-000922,Title Dispute,2019-05-19,2019-08-16,Resolved,0,District Court,Critical
LEG-0002967,LG-000922,Title Dispute,2019-01-31,2019-08-15,Resolved,0,Revenue Tribunal,Critical
LEG-0002968,LG-000923,Compensation Amount Dispute,2019-01-07,2019-09-08,Resolved,0,Revenue Tribunal,Medium
LEG-0002969,LG-000924,Environmental Challenge,2022-09-01,2023-06-05,Resolved,0,Revenue Tribunal,High
LEG-0002970,LG-000924,Environmental Challenge,2023-01-01,,Under Hearing,1276,District Court,Low
LEG-0002971,LG-000924,R&R Dispute,2022-11-01,,Pending,1337,Revenue Tribunal,Low
LEG-0002972,LG-000924,R&R Dispute,2022-10-31,,Pending,1338,High Court,Medium
LEG-0002973,LG-000924,Environmental Challenge,2022-05-15,,Pending,1507,High Court,Low
LEG-0002974,LG-000925,Environmental Challenge,2020-05-26,2020-11-24,Resolved,0,Revenue Tribunal,Medium
LEG-0002975,LG-000926,Environmental Challenge,2023-01-30,2023-04-26,Resolved,0,District Court,Low
LEG-0002976,LG-000926,Compensation Amount Dispute,2022-06-30,2022-10-21,Resolved,0,Revenue Tribunal,High
LEG-0002977,LG-000926,R&R Dispute,2022-07-12,,Pending,1449,High Court,Medium
LEG-0002978,LG-000928,Environmental Challenge,2018-11-28,,Pending,2771,High Court,Critical
LEG-0002979,LG-000928,Compensation Amount Dispute,2018-06-20,,Stay Order Issued,2932,High Court,Critical
LEG-0002980,LG-000928,Encroachment,2018-06-04,,Under Hearing,2948,District Court,Critical
LEG-0002981,LG-000928,Compensation Amount Dispute,2019-02-08,,Under Hearing,2699,High Court,Critical
LEG-0002982,LG-000928,Environmental Challenge,2018-12-11,,Pending,2758,District Court,Critical
LEG-0002983,LG-000928,R&R Dispute,2018-05-17,,Stay Order Issued,2966,Revenue Tribunal,Critical
LEG-0002984,LG-000928,Title Dispute,2019-03-31,2020-01-23,Resolved,0,District Court,Critical
LEG-0002985,LG-000928,R&R Dispute,2019-01-10,2019-08-30,Resolved,0,District Court,Critical
LEG-0002986,LG-000928,Title Dispute,2018-08-07,,Pending,2884,High Court,Critical
LEG-0002987,LG-000929,R&R Dispute,2019-01-10,2019-07-19,Resolved,0,Revenue Tribunal,High
LEG-0002988,LG-000929,Title Dispute,2019-02-20,2019-12-17,Resolved,0,District Court,High
LEG-0002989,LG-000929,Title Dispute,2018-12-20,,Under Hearing,2749,District Court,Low
LEG-0002990,LG-000930,Encroachment,2022-05-26,2023-01-18,Resolved,0,High Court,Medium
LEG-0002991,LG-000931,Environmental Challenge,2023-03-19,,Pending,1199,District Court,Low
LEG-0002992,LG-000931,Title Dispute,2023-07-17,2023-10-07,Resolved,0,High Court,Medium
LEG-0002993,LG-000931,Title Dispute,2023-08-07,,Under Hearing,1058,High Court,High
LEG-0002994,LG-000931,R&R Dispute,2023-04-11,,Under Hearing,1176,District Court,Medium
LEG-0002995,LG-000931,Encroachment,2023-08-21,,Under Hearing,1044,High Court,Medium
LEG-0002996,LG-000931,R&R Dispute,2023-05-07,,Under Hearing,1150,District Court,Medium
LEG-0002997,LG-000932,R&R Dispute,2024-07-22,2024-12-06,Resolved,0,District Court,Low
LEG-0002998,LG-000932,R&R Dispute,2024-10-28,2025-06-25,Resolved,0,High Court,Medium
LEG-0002999,LG-000933,R&R Dispute,2022-03-17,,Stay Order Issued,1566,High Court,Low
LEG-0003000,LG-000933,Encroachment,2022-04-05,,Stay Order Issued,1547,High Court,Low
LEG-0003001,LG-000934,Compensation Amount Dispute,2024-04-15,2024-11-06,Resolved,0,High Court,Low
LEG-0003002,LG-000934,Encroachment,2024-05-19,2025-02-28,Resolved,0,District Court,Medium
LEG-0003003,LG-000934,Title Dispute,2024-05-20,2024-11-03,Resolved,0,Revenue Tribunal,High
LEG-0003004,LG-000935,Encroachment,2024-06-06,,Under Hearing,754,High Court,High
LEG-0003005,LG-000935,Title Dispute,2024-05-18,,Under Hearing,773,High Court,Medium
LEG-0003006,LG-000935,R&R Dispute,2024-01-19,,Under Hearing,893,District Court,Medium
LEG-0003007,LG-000935,Compensation Amount Dispute,2024-11-15,,Pending,592,Revenue Tribunal,Low
LEG-0003008,LG-000935,R&R Dispute,2024-06-08,,Pending,752,Revenue Tribunal,Medium
LEG-0003009,LG-000936,Title Dispute,2019-10-13,2020-07-08,Resolved,0,High Court,High
LEG-0003010,LG-000936,R&R Dispute,2019-06-09,,Pending,2578,High Court,Low
LEG-0003011,LG-000936,Encroachment,2019-12-28,,Stay Order Issued,2376,Revenue Tribunal,Medium
LEG-0003012,LG-000937,Encroachment,2024-08-17,2025-05-06,Resolved,0,Revenue Tribunal,Low
LEG-0003013,LG-000938,Compensation Amount Dispute,2024-04-09,,Pending,812,District Court,High
LEG-0003014,LG-000938,Compensation Amount Dispute,2024-06-21,2024-11-01,Resolved,0,District Court,High
LEG-0003015,LG-000938,Compensation Amount Dispute,2024-07-08,2025-02-22,Resolved,0,District Court,Medium
LEG-0003016,LG-000938,Title Dispute,2025-01-14,,Stay Order Issued,532,Revenue Tribunal,High
LEG-0003017,LG-000938,Title Dispute,2024-04-09,2024-10-21,Resolved,0,Revenue Tribunal,Medium
LEG-0003018,LG-000938,Title Dispute,2024-09-02,,Under Hearing,666,Revenue Tribunal,Low
LEG-0003019,LG-000940,Compensation Amount Dispute,2024-05-05,2024-10-19,Resolved,0,Revenue Tribunal,Low
LEG-0003020,LG-000940,Environmental Challenge,2024-05-17,2024-07-28,Resolved,0,District Court,High
LEG-0003021,LG-000941,Compensation Amount Dispute,2023-02-21,,Under Hearing,1225,Revenue Tribunal,Critical
LEG-0003022,LG-000941,R&R Dispute,2022-07-18,2022-12-12,Resolved,0,District Court,Critical
LEG-0003023,LG-000941,Environmental Challenge,2022-09-26,,Pending,1373,District Court,Critical
LEG-0003024,LG-000941,R&R Dispute,2023-01-25,,Pending,1252,Revenue Tribunal,Critical
LEG-0003025,LG-000941,Title Dispute,2023-01-17,,Under Hearing,1260,District Court,Critical
LEG-0003026,LG-000941,Compensation Amount Dispute,2022-05-23,,Under Hearing,1499,High Court,Critical
LEG-0003027,LG-000941,R&R Dispute,2022-09-13,,Under Hearing,1386,District Court,Critical
LEG-0003028,LG-000941,R&R Dispute,2022-07-04,,Under Hearing,1457,District Court,Critical
LEG-0003029,LG-000942,Environmental Challenge,2020-01-26,,Under Hearing,2347,High Court,Critical
LEG-0003030,LG-000942,R&R Dispute,2020-04-08,2021-01-18,Resolved,0,Revenue Tribunal,Critical
LEG-0003031,LG-000942,Encroachment,2021-01-06,,Under Hearing,2001,Revenue Tribunal,Critical
LEG-0003032,LG-000942,R&R Dispute,2020-12-11,2021-08-11,Resolved,0,Revenue Tribunal,Critical
LEG-0003033,LG-000942,Compensation Amount Dispute,2020-06-25,,Pending,2196,District Court,Critical
LEG-0003034,LG-000942,Encroachment,2020-06-11,,Pending,2210,Revenue Tribunal,Critical
LEG-0003035,LG-000942,Title Dispute,2020-09-24,,Stay Order Issued,2105,High Court,Critical
LEG-0003036,LG-000942,Environmental Challenge,2020-12-04,,Stay Order Issued,2034,Revenue Tribunal,Critical
LEG-0003037,LG-000943,R&R Dispute,2022-07-08,,Stay Order Issued,1453,District Court,Medium
LEG-0003038,LG-000943,R&R Dispute,2022-02-04,,Stay Order Issued,1607,High Court,High
LEG-0003039,LG-000943,R&R Dispute,2022-10-01,,Under Hearing,1368,Revenue Tribunal,Medium
LEG-0003040,LG-000943,Compensation Amount Dispute,2022-09-14,,Pending,1385,District Court,Low
LEG-0003041,LG-000943,Compensation Amount Dispute,2022-04-14,2022-06-20,Resolved,0,District Court,Medium
LEG-0003042,LG-000943,R&R Dispute,2022-09-26,,Stay Order Issued,1373,Revenue Tribunal,Medium
LEG-0003043,LG-000944,Environmental Challenge,2021-05-17,,Stay Order Issued,1870,Revenue Tribunal,Medium
LEG-0003044,LG-000944,Title Dispute,2021-01-26,,Stay Order Issued,1981,High Court,Low
LEG-0003045,LG-000944,R&R Dispute,2021-01-31,2021-11-13,Resolved,0,District Court,Medium
LEG-0003046,LG-000944,Environmental Challenge,2021-09-23,,Stay Order Issued,1741,District Court,Medium
LEG-0003047,LG-000944,Compensation Amount Dispute,2021-04-11,,Under Hearing,1906,High Court,High
LEG-0003048,LG-000945,Compensation Amount Dispute,2019-07-09,2019-10-19,Resolved,0,District Court,Low
LEG-0003049,LG-000946,Encroachment,2024-10-17,,Stay Order Issued,621,High Court,Critical
LEG-0003050,LG-000946,Encroachment,2024-12-27,,Pending,550,Revenue Tribunal,Critical
LEG-0003051,LG-000946,Compensation Amount Dispute,2024-04-13,,Under Hearing,808,Revenue Tribunal,Critical
LEG-0003052,LG-000946,Compensation Amount Dispute,2025-02-10,,Under Hearing,505,High Court,Critical
LEG-0003053,LG-000946,R&R Dispute,2024-09-10,,Under Hearing,658,District Court,Critical
LEG-0003054,LG-000946,R&R Dispute,2024-07-02,2024-11-06,Resolved,0,Revenue Tribunal,Critical
LEG-0003055,LG-000946,Title Dispute,2024-07-07,,Stay Order Issued,723,High Court,Critical
LEG-0003056,LG-000947,Compensation Amount Dispute,2024-01-19,2024-08-06,Resolved,0,High Court,Low
LEG-0003057,LG-000947,Compensation Amount Dispute,2024-08-18,2024-10-21,Resolved,0,High Court,High
LEG-0003058,LG-000947,Compensation Amount Dispute,2023-10-14,,Pending,990,District Court,Low
LEG-0003059,LG-000948,Title Dispute,2025-11-03,,Pending,239,District Court,Medium
LEG-0003060,LG-000948,Title Dispute,2025-10-14,,Pending,259,Revenue Tribunal,Low
LEG-0003061,LG-000948,Title Dispute,2025-12-11,2026-04-10,Resolved,0,District Court,Medium
LEG-0003062,LG-000948,Title Dispute,2025-02-21,,Under Hearing,494,High Court,High
LEG-0003063,LG-000948,Title Dispute,2025-09-15,2025-11-21,Resolved,0,Revenue Tribunal,Medium
LEG-0003064,LG-000948,Compensation Amount Dispute,2025-11-12,2026-04-05,Resolved,0,High Court,Low
LEG-0003065,LG-000949,Environmental Challenge,2024-06-24,,Pending,736,District Court,High
LEG-0003066,LG-000950,Title Dispute,2020-04-27,2020-12-10,Resolved,0,High Court,High
LEG-0003067,LG-000950,Title Dispute,2020-06-27,2020-11-22,Resolved,0,Revenue Tribunal,Low
LEG-0003068,LG-000951,Compensation Amount Dispute,2020-01-24,2020-10-08,Resolved,0,Revenue Tribunal,Low
LEG-0003069,LG-000951,Title Dispute,2020-02-19,,Pending,2323,High Court,Medium
LEG-0003070,LG-000951,Title Dispute,2020-03-30,,Under Hearing,2283,High Court,High
LEG-0003071,LG-000951,R&R Dispute,2020-03-15,,Under Hearing,2298,District Court,Low
LEG-0003072,LG-000951,Environmental Challenge,2020-09-10,2021-02-21,Resolved,0,Revenue Tribunal,Low
LEG-0003073,LG-000952,Environmental Challenge,2019-10-19,2020-07-19,Resolved,0,Revenue Tribunal,Medium
LEG-0003074,LG-000954,Compensation Amount Dispute,2019-02-09,,Under Hearing,2698,Revenue Tribunal,Critical
LEG-0003075,LG-000954,Environmental Challenge,2019-02-23,2019-11-17,Resolved,0,High Court,Critical
LEG-0003076,LG-000954,Title Dispute,2018-10-08,2019-02-06,Resolved,0,Revenue Tribunal,Critical
LEG-0003077,LG-000954,Compensation Amount Dispute,2019-02-19,,Pending,2688,District Court,Critical
LEG-0003078,LG-000954,Compensation Amount Dispute,2019-04-28,,Under Hearing,2620,Revenue Tribunal,Critical
LEG-0003079,LG-000954,Environmental Challenge,2019-03-05,,Under Hearing,2674,High Court,Critical
LEG-0003080,LG-000954,Encroachment,2018-08-22,2019-01-17,Resolved,0,High Court,Critical
LEG-0003081,LG-000954,R&R Dispute,2019-02-19,,Under Hearing,2688,District Court,Critical
LEG-0003082,LG-000954,Compensation Amount Dispute,2019-01-15,,Stay Order Issued,2723,High Court,Critical
LEG-0003083,LG-000954,Encroachment,2018-08-16,,Under Hearing,2875,High Court,Critical
LEG-0003084,LG-000955,Environmental Challenge,2021-03-17,,Stay Order Issued,1931,High Court,Critical
LEG-0003085,LG-000955,R&R Dispute,2021-03-19,2021-08-28,Resolved,0,Revenue Tribunal,Critical
LEG-0003086,LG-000955,Title Dispute,2020-09-02,,Stay Order Issued,2127,Revenue Tribunal,Critical
LEG-0003087,LG-000955,R&R Dispute,2021-03-12,,Pending,1936,High Court,Critical
LEG-0003088,LG-000955,Compensation Amount Dispute,2020-11-27,2021-05-25,Resolved,0,Revenue Tribunal,Critical
LEG-0003089,LG-000955,Title Dispute,2020-11-17,,Stay Order Issued,2051,Revenue Tribunal,Critical
LEG-0003090,LG-000955,Encroachment,2020-06-22,,Stay Order Issued,2199,District Court,Critical
LEG-0003091,LG-000955,Environmental Challenge,2020-10-10,,Pending,2089,Revenue Tribunal,Critical
LEG-0003092,LG-000955,Compensation Amount Dispute,2021-03-02,2021-08-02,Resolved,0,Revenue Tribunal,Critical
LEG-0003093,LG-000957,Encroachment,2023-04-26,,Pending,1161,District Court,Critical
LEG-0003094,LG-000957,Compensation Amount Dispute,2023-07-14,2023-10-22,Resolved,0,District Court,Critical
LEG-0003095,LG-000957,Compensation Amount Dispute,2023-07-31,,Under Hearing,1065,District Court,Critical
LEG-0003096,LG-000957,Title Dispute,2023-05-14,,Under Hearing,1143,District Court,Critical
LEG-0003097,LG-000957,Environmental Challenge,2023-04-24,,Under Hearing,1163,High Court,Critical
LEG-0003098,LG-000957,R&R Dispute,2023-04-18,,Stay Order Issued,1169,Revenue Tribunal,Critical
LEG-0003099,LG-000958,Title Dispute,2019-06-03,2020-03-15,Resolved,0,High Court,Medium
LEG-0003100,LG-000960,Encroachment,2024-01-12,,Under Hearing,900,High Court,High
LEG-0003101,LG-000960,Encroachment,2023-12-02,,Pending,941,Revenue Tribunal,High
LEG-0003102,LG-000960,Environmental Challenge,2024-01-09,2024-08-31,Resolved,0,District Court,Low
LEG-0003103,LG-000960,Compensation Amount Dispute,2024-02-21,,Stay Order Issued,860,High Court,Low
LEG-0003104,LG-000962,Compensation Amount Dispute,2020-05-24,,Stay Order Issued,2228,High Court,Medium
LEG-0003105,LG-000962,Title Dispute,2020-08-06,2020-10-22,Resolved,0,High Court,Medium
LEG-0003106,LG-000963,Environmental Challenge,2022-08-05,,Under Hearing,1425,Revenue Tribunal,Low
LEG-0003107,LG-000963,Encroachment,2022-01-15,,Under Hearing,1627,Revenue Tribunal,High
LEG-0003108,LG-000963,Encroachment,2022-03-19,,Under Hearing,1564,Revenue Tribunal,Medium
LEG-0003109,LG-000963,R&R Dispute,2021-11-18,2022-07-11,Resolved,0,District Court,Medium
LEG-0003110,LG-000964,Encroachment,2019-07-26,,Pending,2531,Revenue Tribunal,Critical
LEG-0003111,LG-000964,Title Dispute,2019-03-31,,Pending,2648,Revenue Tribunal,Critical
LEG-0003112,LG-000964,Title Dispute,2019-06-13,,Under Hearing,2574,Revenue Tribunal,Critical
LEG-0003113,LG-000964,R&R Dispute,2019-07-19,,Stay Order Issued,2538,Revenue Tribunal,Critical
LEG-0003114,LG-000964,Title Dispute,2019-04-29,,Pending,2619,District Court,Critical
LEG-0003115,LG-000964,Encroachment,2019-09-18,2020-02-13,Resolved,0,High Court,Critical
LEG-0003116,LG-000964,Title Dispute,2020-01-30,,Pending,2343,High Court,Critical
LEG-0003117,LG-000965,Environmental Challenge,2023-12-23,,Pending,920,Revenue Tribunal,Medium
LEG-0003118,LG-000965,Environmental Challenge,2023-10-16,2023-12-30,Resolved,0,High Court,Medium
LEG-0003119,LG-000966,Encroachment,2019-09-17,2020-03-08,Resolved,0,District Court,Low
LEG-0003120,LG-000966,Title Dispute,2019-08-15,2020-05-14,Resolved,0,District Court,Medium
LEG-0003121,LG-000966,R&R Dispute,2018-12-04,2019-05-23,Resolved,0,District Court,Medium
LEG-0003122,LG-000967,Title Dispute,2020-03-04,2020-10-19,Resolved,0,Revenue Tribunal,Low
LEG-0003123,LG-000968,Compensation Amount Dispute,2022-08-03,,Under Hearing,1427,High Court,Low
LEG-0003124,LG-000968,Compensation Amount Dispute,2022-06-23,2023-04-08,Resolved,0,High Court,High
LEG-0003125,LG-000968,R&R Dispute,2022-03-08,,Stay Order Issued,1575,High Court,Low
LEG-0003126,LG-000968,Environmental Challenge,2021-09-12,,Under Hearing,1752,High Court,High
LEG-0003127,LG-000968,Encroachment,2022-01-02,2022-09-05,Resolved,0,Revenue Tribunal,Medium
LEG-0003128,LG-000969,R&R Dispute,2020-08-19,2021-03-10,Resolved,0,Revenue Tribunal,Medium
LEG-0003129,LG-000969,Environmental Challenge,2020-12-16,,Stay Order Issued,2022,High Court,High
LEG-0003130,LG-000969,Compensation Amount Dispute,2021-01-31,,Under Hearing,1976,High Court,Medium
LEG-0003131,LG-000969,R&R Dispute,2021-04-10,2021-09-15,Resolved,0,District Court,Medium
LEG-0003132,LG-000969,R&R Dispute,2021-03-12,,Pending,1936,District Court,High
LEG-0003133,LG-000969,Title Dispute,2020-08-07,,Under Hearing,2153,Revenue Tribunal,Medium
LEG-0003134,LG-000970,Encroachment,2022-05-08,,Under Hearing,1514,High Court,Medium
LEG-0003135,LG-000970,Compensation Amount Dispute,2022-04-14,,Pending,1538,Revenue Tribunal,High
LEG-0003136,LG-000970,Environmental Challenge,2022-10-10,2022-12-22,Resolved,0,High Court,Low
LEG-0003137,LG-000971,Title Dispute,2018-07-22,2019-04-04,Resolved,0,High Court,High
LEG-0003138,LG-000971,Environmental Challenge,2019-01-27,2019-05-18,Resolved,0,District Court,Low
LEG-0003139,LG-000971,Encroachment,2018-09-28,2019-03-01,Resolved,0,Revenue Tribunal,High
LEG-0003140,LG-000971,Environmental Challenge,2019-05-15,,Under Hearing,2603,District Court,Low
LEG-0003141,LG-000971,Title Dispute,2019-01-22,,Pending,2716,District Court,High
LEG-0003142,LG-000971,Title Dispute,2019-01-14,2019-08-30,Resolved,0,High Court,High
LEG-0003143,LG-000972,R&R Dispute,2022-09-03,,Pending,1396,District Court,Medium
LEG-0003144,LG-000972,Title Dispute,2022-07-24,,Pending,1437,Revenue Tribunal,Low
LEG-0003145,LG-000972,Compensation Amount Dispute,2021-10-30,2022-07-31,Resolved,0,High Court,Low
LEG-0003146,LG-000972,R&R Dispute,2022-01-13,,Stay Order Issued,1629,High Court,Low
LEG-0003147,LG-000972,Encroachment,2022-05-05,,Stay Order Issued,1517,High Court,Medium
LEG-0003148,LG-000972,Encroachment,2022-09-10,,Pending,1389,High Court,High
LEG-0003149,LG-000974,Environmental Challenge,2020-05-31,2020-08-03,Resolved,0,Revenue Tribunal,Low
LEG-0003150,LG-000974,Title Dispute,2019-10-19,2020-08-13,Resolved,0,District Court,High
LEG-0003151,LG-000974,R&R Dispute,2019-08-14,2020-05-30,Resolved,0,District Court,High
LEG-0003152,LG-000976,Compensation Amount Dispute,2023-10-10,2024-07-14,Resolved,0,High Court,Low
LEG-0003153,LG-000979,Compensation Amount Dispute,2023-10-04,2024-04-13,Resolved,0,Revenue Tribunal,Low
LEG-0003154,LG-000979,Compensation Amount Dispute,2024-03-07,2024-12-25,Resolved,0,Revenue Tribunal,Medium
LEG-0003155,LG-000983,R&R Dispute,2021-02-22,,Pending,1954,High Court,Medium
LEG-0003156,LG-000984,R&R Dispute,2025-09-26,2026-01-05,Resolved,0,District Court,High
LEG-0003157,LG-000984,Environmental Challenge,2025-04-22,2025-09-29,Resolved,0,High Court,High
LEG-0003158,LG-000984,Environmental Challenge,2025-05-30,2026-03-06,Resolved,0,Revenue Tribunal,High
LEG-0003159,LG-000985,Compensation Amount Dispute,2023-11-18,2024-04-07,Resolved,0,Revenue Tribunal,Medium
LEG-0003160,LG-000985,Encroachment,2024-02-08,,Under Hearing,873,District Court,Medium
LEG-0003161,LG-000985,Compensation Amount Dispute,2024-03-22,2024-08-04,Resolved,0,Revenue Tribunal,Low
LEG-0003162,LG-000987,Environmental Challenge,2021-06-05,2022-02-26,Resolved,0,High Court,Medium
LEG-0003163,LG-000988,Encroachment,2023-08-19,,Pending,1046,District Court,Medium
LEG-0003164,LG-000989,Compensation Amount Dispute,2023-08-10,2023-11-02,Resolved,0,High Court,High
LEG-0003165,LG-000989,Environmental Challenge,2023-06-20,2024-01-08,Resolved,0,High Court,Low
LEG-0003166,LG-000990,R&R Dispute,2022-11-01,2023-05-02,Resolved,0,District Court,Medium
LEG-0003167,LG-000990,Compensation Amount Dispute,2023-02-13,,Under Hearing,1233,District Court,Low
LEG-0003168,LG-000990,R&R Dispute,2023-05-18,,Under Hearing,1139,High Court,High
LEG-0003169,LG-000992,R&R Dispute,2020-12-15,,Stay Order Issued,2023,High Court,Critical
LEG-0003170,LG-000992,Compensation Amount Dispute,2020-06-04,,Stay Order Issued,2217,District Court,Critical
LEG-0003171,LG-000992,Encroachment,2021-01-16,,Stay Order Issued,1991,District Court,Critical
LEG-0003172,LG-000992,Compensation Amount Dispute,2020-03-23,,Stay Order Issued,2290,District Court,Critical
LEG-0003173,LG-000992,R&R Dispute,2020-05-09,,Stay Order Issued,2243,High Court,Critical
LEG-0003174,LG-000992,Environmental Challenge,2020-03-30,,Stay Order Issued,2283,High Court,Critical
LEG-0003175,LG-000992,Title Dispute,2020-12-02,2021-02-25,Resolved,0,High Court,Critical
LEG-0003176,LG-000992,Environmental Challenge,2020-05-15,2020-12-23,Resolved,0,High Court,Critical
LEG-0003177,LG-000992,Title Dispute,2020-05-07,,Stay Order Issued,2245,Revenue Tribunal,Critical
LEG-0003178,LG-000992,Compensation Amount Dispute,2020-07-27,,Stay Order Issued,2164,Revenue Tribunal,Critical
LEG-0003179,LG-000994,R&R Dispute,2022-10-02,,Stay Order Issued,1367,Revenue Tribunal,Low
LEG-0003180,LG-000994,Environmental Challenge,2023-08-19,,Pending,1046,Revenue Tribunal,Low
LEG-0003181,LG-000994,Compensation Amount Dispute,2023-03-09,,Under Hearing,1209,Revenue Tribunal,High
LEG-0003182,LG-000996,Encroachment,2023-10-25,,Stay Order Issued,979,Revenue Tribunal,Low
LEG-0003183,LG-000996,Encroachment,2024-04-22,,Stay Order Issued,799,Revenue Tribunal,Low
LEG-0003184,LG-000996,Environmental Challenge,2024-01-24,2024-04-09,Resolved,0,Revenue Tribunal,Medium
LEG-0003185,LG-000996,Environmental Challenge,2024-06-22,,Stay Order Issued,738,District Court,Low
LEG-0003186,LG-000999,Encroachment,2024-07-05,,Stay Order Issued,725,District Court,Critical
LEG-0003187,LG-000999,Title Dispute,2024-06-07,,Stay Order Issued,753,High Court,Critical
LEG-0003188,LG-000999,Encroachment,2024-01-22,,Stay Order Issued,890,Revenue Tribunal,Critical
LEG-0003189,LG-000999,Title Dispute,2024-05-04,,Pending,787,High Court,Critical
LEG-0003190,LG-000999,Title Dispute,2024-07-29,,Under Hearing,701,Revenue Tribunal,Critical
LEG-0003191,LG-000999,Encroachment,2024-04-22,,Under Hearing,799,District Court,Critical
LEG-0003192,LG-000999,R&R Dispute,2024-08-21,,Under Hearing,678,High Court,Critical
LEG-0003193,LG-000999,Environmental Challenge,2024-04-23,2024-08-06,Resolved,0,District Court,Critical
LEG-0003194,LG-001000,Encroachment,2021-11-22,2022-06-11,Resolved,0,High Court,High
LEG-0003195,LG-001000,Title Dispute,2022-02-03,2022-10-07,Resolved,0,High Court,Medium
LEG-0003196,LG-001000,Encroachment,2022-01-15,2022-11-10,Resolved,0,High Court,High
LEG-0003197,LG-001001,Environmental Challenge,2024-08-10,,Under Hearing,689,Revenue Tribunal,Medium
LEG-0003198,LG-001001,R&R Dispute,2024-09-18,,Pending,650,District Court,High
LEG-0003199,LG-001001,Compensation Amount Dispute,2024-06-24,,Stay Order Issued,736,Revenue Tribunal,High
LEG-0003200,LG-001001,Environmental Challenge,2024-11-19,,Pending,588,Revenue Tribunal,Low
LEG-0003201,LG-001001,R&R Dispute,2024-11-30,2025-09-26,Resolved,0,Revenue Tribunal,Low
LEG-0003202,LG-001002,Compensation Amount Dispute,2023-02-17,,Under Hearing,1229,High Court,Medium
LEG-0003203,LG-001002,Environmental Challenge,2022-07-17,,Under Hearing,1444,High Court,Low
LEG-0003204,LG-001002,Environmental Challenge,2023-05-24,,Stay Order Issued,1133,District Court,Low
LEG-0003205,LG-001002,Compensation Amount Dispute,2022-09-19,,Pending,1380,High Court,High
LEG-0003206,LG-001003,Title Dispute,2024-10-06,2025-07-12,Resolved,0,High Court,High
LEG-0003207,LG-001004,Environmental Challenge,2020-12-20,,Under Hearing,2018,District Court,High
LEG-0003208,LG-001004,Environmental Challenge,2020-11-26,,Stay Order Issued,2042,Revenue Tribunal,High
LEG-0003209,LG-001004,Title Dispute,2021-06-22,,Stay Order Issued,1834,High Court,High
LEG-0003210,LG-001004,Title Dispute,2020-09-27,,Stay Order Issued,2102,High Court,High
LEG-0003211,LG-001004,Encroachment,2020-09-14,,Stay Order Issued,2115,Revenue Tribunal,Medium
LEG-0003212,LG-001004,Encroachment,2020-08-20,,Pending,2140,High Court,High
LEG-0003213,LG-001006,R&R Dispute,2024-07-31,2024-12-01,Resolved,0,District Court,High
LEG-0003214,LG-001007,Title Dispute,2022-03-20,,Under Hearing,1563,District Court,Medium
LEG-0003215,LG-001007,R&R Dispute,2022-09-01,,Under Hearing,1398,High Court,Medium
LEG-0003216,LG-001007,Encroachment,2022-01-19,,Stay Order Issued,1623,High Court,High
LEG-0003217,LG-001007,Environmental Challenge,2022-08-07,,Pending,1423,High Court,High
LEG-0003218,LG-001007,Title Dispute,2021-11-16,2022-07-19,Resolved,0,District Court,Medium
LEG-0003219,LG-001007,Encroachment,2022-10-03,2023-04-06,Resolved,0,District Court,Low
LEG-0003220,LG-001008,Environmental Challenge,2020-10-23,2021-08-18,Resolved,0,Revenue Tribunal,Low
LEG-0003221,LG-001009,R&R Dispute,2021-08-03,2022-05-08,Resolved,0,High Court,High
LEG-0003222,LG-001010,Encroachment,2022-08-31,,Under Hearing,1399,High Court,Medium
LEG-0003223,LG-001010,Environmental Challenge,2023-01-26,2023-05-15,Resolved,0,High Court,Medium
LEG-0003224,LG-001010,R&R Dispute,2023-06-29,,Pending,1097,High Court,High
LEG-0003225,LG-001010,R&R Dispute,2022-11-04,2023-06-04,Resolved,0,District Court,High
LEG-0003226,LG-001011,Environmental Challenge,2024-07-26,,Stay Order Issued,704,High Court,Critical
LEG-0003227,LG-001011,Encroachment,2024-08-17,2025-01-20,Resolved,0,Revenue Tribunal,Critical
LEG-0003228,LG-001011,R&R Dispute,2024-05-19,,Stay Order Issued,772,Revenue Tribunal,Critical
LEG-0003229,LG-001011,Environmental Challenge,2024-03-07,,Stay Order Issued,845,District Court,Critical
LEG-0003230,LG-001011,Title Dispute,2024-04-17,,Under Hearing,804,High Court,Critical
LEG-0003231,LG-001011,Title Dispute,2024-08-15,2025-06-07,Resolved,0,High Court,Critical
LEG-0003232,LG-001011,Compensation Amount Dispute,2024-10-17,,Under Hearing,621,District Court,Critical
LEG-0003233,LG-001011,Compensation Amount Dispute,2024-04-15,2024-06-27,Resolved,0,Revenue Tribunal,Critical
LEG-0003234,LG-001012,Encroachment,2020-01-19,2020-05-22,Resolved,0,High Court,Medium
LEG-0003235,LG-001013,Title Dispute,2021-06-23,2021-12-08,Resolved,0,District Court,Medium
LEG-0003236,LG-001014,Encroachment,2025-10-25,2026-08-20,Resolved,0,District Court,Critical
LEG-0003237,LG-001014,Title Dispute,2025-09-14,,Pending,289,District Court,Critical
LEG-0003238,LG-001014,Title Dispute,2025-02-09,,Pending,506,High Court,Critical
LEG-0003239,LG-001014,R&R Dispute,2025-01-14,2025-06-15,Resolved,0,High Court,Critical
LEG-0003240,LG-001014,Compensation Amount Dispute,2024-12-30,,Pending,547,Revenue Tribunal,Critical
LEG-0003241,LG-001014,R&R Dispute,2025-02-23,,Stay Order Issued,492,District Court,Critical
LEG-0003242,LG-001014,Title Dispute,2025-09-11,,Under Hearing,292,District Court,Critical
LEG-0003243,LG-001014,R&R Dispute,2025-05-07,,Pending,419,District Court,Critical
LEG-0003244,LG-001014,Encroachment,2025-09-21,,Under Hearing,282,Revenue Tribunal,Critical
LEG-0003245,LG-001014,Encroachment,2025-08-19,,Pending,315,High Court,Critical
LEG-0003246,LG-001015,Compensation Amount Dispute,2024-02-24,,Stay Order Issued,857,District Court,High
LEG-0003247,LG-001015,Environmental Challenge,2023-10-26,,Pending,978,Revenue Tribunal,Medium
LEG-0003248,LG-001015,Encroachment,2023-09-20,2024-03-09,Resolved,0,Revenue Tribunal,High
LEG-0003249,LG-001016,Title Dispute,2023-06-22,,Stay Order Issued,1104,District Court,Low
LEG-0003250,LG-001016,Encroachment,2023-02-16,,Pending,1230,High Court,High
LEG-0003251,LG-001016,Environmental Challenge,2022-09-03,,Stay Order Issued,1396,High Court,Low
LEG-0003252,LG-001016,R&R Dispute,2023-06-28,2023-09-22,Resolved,0,High Court,Medium
LEG-0003253,LG-001016,R&R Dispute,2022-11-17,2023-04-29,Resolved,0,District Court,Medium
LEG-0003254,LG-001016,Environmental Challenge,2022-12-20,,Under Hearing,1288,Revenue Tribunal,Low
LEG-0003255,LG-001017,Title Dispute,2024-04-06,2024-10-11,Resolved,0,High Court,High
LEG-0003256,LG-001018,Title Dispute,2021-04-03,,Pending,1914,Revenue Tribunal,Critical
LEG-0003257,LG-001018,Environmental Challenge,2020-09-30,,Pending,2099,Revenue Tribunal,Critical
LEG-0003258,LG-001018,Title Dispute,2021-01-21,,Pending,1986,High Court,Critical
LEG-0003259,LG-001018,Encroachment,2020-09-30,2020-11-29,Resolved,0,High Court,Critical
LEG-0003260,LG-001018,Encroachment,2020-06-04,,Under Hearing,2217,District Court,Critical
LEG-0003261,LG-001018,R&R Dispute,2020-06-10,,Pending,2211,District Court,Critical
LEG-0003262,LG-001018,Title Dispute,2020-11-29,2021-08-06,Resolved,0,District Court,Critical
LEG-0003263,LG-001018,Environmental Challenge,2020-07-12,,Pending,2179,High Court,Critical
LEG-0003264,LG-001019,Compensation Amount Dispute,2023-12-26,2024-04-10,Resolved,0,High Court,High
LEG-0003265,LG-001020,Environmental Challenge,2025-11-23,2026-02-12,Resolved,0,District Court,High
LEG-0003266,LG-001020,Compensation Amount Dispute,2025-02-19,2025-08-20,Resolved,0,District Court,Medium
LEG-0003267,LG-001021,Environmental Challenge,2023-12-24,,Pending,919,District Court,Medium
LEG-0003268,LG-001021,Compensation Amount Dispute,2023-08-12,,Stay Order Issued,1053,Revenue Tribunal,Low
LEG-0003269,LG-001021,R&R Dispute,2023-03-24,,Under Hearing,1194,High Court,Medium
LEG-0003270,LG-001021,Title Dispute,2023-12-02,,Under Hearing,941,District Court,High
LEG-0003271,LG-001022,Environmental Challenge,2021-02-01,2021-10-24,Resolved,0,High Court,High
LEG-0003272,LG-001022,Compensation Amount Dispute,2021-02-09,2021-09-28,Resolved,0,Revenue Tribunal,Medium
LEG-0003273,LG-001023,Title Dispute,2019-10-09,,Under Hearing,2456,Revenue Tribunal,Critical
LEG-0003274,LG-001023,Compensation Amount Dispute,2019-04-13,2019-12-11,Resolved,0,District Court,Critical
LEG-0003275,LG-001023,Compensation Amount Dispute,2019-07-02,2020-01-21,Resolved,0,District Court,Critical
LEG-0003276,LG-001023,Title Dispute,2019-06-09,,Under Hearing,2578,High Court,Critical
LEG-0003277,LG-001023,Environmental Challenge,2019-11-27,,Under Hearing,2407,Revenue Tribunal,Critical
LEG-0003278,LG-001023,Compensation Amount Dispute,2019-06-30,,Stay Order Issued,2557,District Court,Critical
LEG-0003279,LG-001023,Environmental Challenge,2019-04-15,,Stay Order Issued,2633,High Court,Critical
LEG-0003280,LG-001023,R&R Dispute,2020-01-17,,Under Hearing,2356,District Court,Critical
LEG-0003281,LG-001023,Environmental Challenge,2019-11-18,2020-02-09,Resolved,0,High Court,Critical
LEG-0003282,LG-001023,Compensation Amount Dispute,2019-12-27,,Stay Order Issued,2377,District Court,Critical
LEG-0003283,LG-001024,Title Dispute,2024-08-07,2025-05-20,Resolved,0,Revenue Tribunal,High
LEG-0003284,LG-001025,R&R Dispute,2018-10-18,,Pending,2812,Revenue Tribunal,Medium
LEG-0003285,LG-001025,Environmental Challenge,2018-09-17,,Pending,2843,High Court,High
LEG-0003286,LG-001025,Title Dispute,2018-10-03,2019-06-30,Resolved,0,District Court,High
LEG-0003287,LG-001025,Compensation Amount Dispute,2018-08-07,,Pending,2884,Revenue Tribunal,Low
LEG-0003288,LG-001025,Encroachment,2018-09-17,,Under Hearing,2843,District Court,Medium
LEG-0003289,LG-001025,Title Dispute,2019-05-26,,Under Hearing,2592,Revenue Tribunal,Medium
LEG-0003290,LG-001026,R&R Dispute,2022-08-14,2023-03-10,Resolved,0,Revenue Tribunal,Medium
LEG-0003291,LG-001026,R&R Dispute,2022-07-13,,Pending,1448,District Court,Medium
LEG-0003292,LG-001028,Compensation Amount Dispute,2021-05-18,,Under Hearing,1869,District Court,Critical
LEG-0003293,LG-001028,Environmental Challenge,2020-11-24,2021-05-08,Resolved,0,Revenue Tribunal,Critical
LEG-0003294,LG-001028,Compensation Amount Dispute,2021-02-10,,Pending,1966,Revenue Tribunal,Critical
LEG-0003295,LG-001028,Environmental Challenge,2020-12-04,,Pending,2034,Revenue Tribunal,Critical
LEG-0003296,LG-001028,Title Dispute,2020-08-23,,Under Hearing,2137,District Court,Critical
LEG-0003297,LG-001028,Title Dispute,2021-03-28,,Stay Order Issued,1920,High Court,Critical
LEG-0003298,LG-001029,Compensation Amount Dispute,2021-05-16,2021-10-06,Resolved,0,District Court,Medium
LEG-0003299,LG-001030,Environmental Challenge,2020-09-06,,Stay Order Issued,2123,High Court,High
LEG-0003300,LG-001030,Environmental Challenge,2020-10-31,2021-01-05,Resolved,0,Revenue Tribunal,Medium
LEG-0003301,LG-001031,Encroachment,2022-07-06,2022-09-18,Resolved,0,Revenue Tribunal,High
LEG-0003302,LG-001032,Compensation Amount Dispute,2020-10-12,2021-02-21,Resolved,0,Revenue Tribunal,High
LEG-0003303,LG-001033,Compensation Amount Dispute,2021-04-13,2021-07-11,Resolved,0,High Court,Low
LEG-0003304,LG-001033,Compensation Amount Dispute,2020-09-25,2021-05-07,Resolved,0,High Court,Medium
LEG-0003305,LG-001033,Title Dispute,2021-04-03,2021-09-13,Resolved,0,Revenue Tribunal,High
LEG-0003306,LG-001034,Encroachment,2023-03-06,2023-06-14,Resolved,0,District Court,Medium
LEG-0003307,LG-001034,Encroachment,2023-07-26,2024-03-23,Resolved,0,High Court,Low
LEG-0003308,LG-001034,Title Dispute,2023-11-26,2024-03-31,Resolved,0,High Court,High
LEG-0003309,LG-001035,Encroachment,2023-11-03,,Stay Order Issued,970,High Court,High
LEG-0003310,LG-001036,Compensation Amount Dispute,2020-08-11,,Pending,2149,District Court,High
LEG-0003311,LG-001037,R&R Dispute,2018-06-20,,Pending,2932,High Court,Medium
LEG-0003312,LG-001038,Environmental Challenge,2022-10-28,2023-08-07,Resolved,0,Revenue Tribunal,Low
LEG-0003313,LG-001039,Compensation Amount Dispute,2025-03-31,,Under Hearing,456,High Court,High
LEG-0003314,LG-001039,Encroachment,2025-03-14,,Under Hearing,473,High Court,Medium
LEG-0003315,LG-001039,Compensation Amount Dispute,2025-04-14,2025-11-28,Resolved,0,High Court,Low
LEG-0003316,LG-001040,Environmental Challenge,2024-12-29,2025-06-01,Resolved,0,High Court,Low
LEG-0003317,LG-001041,R&R Dispute,2022-07-28,,Under Hearing,1433,District Court,Medium
LEG-0003318,LG-001041,Encroachment,2023-04-11,2023-12-18,Resolved,0,District Court,High
LEG-0003319,LG-001041,Compensation Amount Dispute,2022-07-15,2023-04-27,Resolved,0,High Court,Medium
LEG-0003320,LG-001041,Encroachment,2022-04-25,,Stay Order Issued,1527,District Court,High
LEG-0003321,LG-001042,Compensation Amount Dispute,2023-04-27,2023-09-19,Resolved,0,Revenue Tribunal,Low
LEG-0003322,LG-001043,Compensation Amount Dispute,2019-09-06,2020-05-04,Resolved,0,Revenue Tribunal,Low
LEG-0003323,LG-001043,Environmental Challenge,2019-10-15,2020-06-21,Resolved,0,High Court,High
LEG-0003324,LG-001043,Encroachment,2020-02-05,2020-06-16,Resolved,0,Revenue Tribunal,High
LEG-0003325,LG-001045,R&R Dispute,2022-09-23,2023-02-26,Resolved,0,District Court,Critical
LEG-0003326,LG-001045,Environmental Challenge,2023-08-14,2024-01-29,Resolved,0,Revenue Tribunal,Critical
LEG-0003327,LG-001045,Compensation Amount Dispute,2023-05-24,2024-01-13,Resolved,0,District Court,Critical
LEG-0003328,LG-001045,Encroachment,2023-08-25,,Under Hearing,1040,District Court,Critical
LEG-0003329,LG-001045,Compensation Amount Dispute,2023-01-14,2023-09-18,Resolved,0,District Court,Critical
LEG-0003330,LG-001045,Encroachment,2022-10-28,,Under Hearing,1341,District Court,Critical
LEG-0003331,LG-001045,Compensation Amount Dispute,2023-07-14,2024-01-31,Resolved,0,High Court,Critical
LEG-0003332,LG-001046,Compensation Amount Dispute,2019-11-27,,Stay Order Issued,2407,High Court,Medium
LEG-0003333,LG-001046,Encroachment,2019-09-29,2019-12-04,Resolved,0,Revenue Tribunal,Medium
LEG-0003334,LG-001047,Environmental Challenge,2020-11-08,,Under Hearing,2060,High Court,Medium
LEG-0003335,LG-001047,Compensation Amount Dispute,2020-05-04,2020-07-15,Resolved,0,High Court,Low
LEG-0003336,LG-001047,Environmental Challenge,2019-12-17,2020-07-12,Resolved,0,District Court,Low
LEG-0003337,LG-001047,Encroachment,2020-11-12,,Stay Order Issued,2056,District Court,Medium
LEG-0003338,LG-001047,Environmental Challenge,2020-06-05,,Under Hearing,2216,Revenue Tribunal,Low
LEG-0003339,LG-001048,Encroachment,2021-03-04,,Stay Order Issued,1944,Revenue Tribunal,Low
LEG-0003340,LG-001048,R&R Dispute,2020-08-29,2020-12-20,Resolved,0,High Court,Medium
LEG-0003341,LG-001049,Encroachment,2020-03-04,,Stay Order Issued,2309,District Court,High
LEG-0003342,LG-001049,R&R Dispute,2020-02-03,,Stay Order Issued,2339,Revenue Tribunal,High
LEG-0003343,LG-001049,Compensation Amount Dispute,2019-09-26,,Pending,2469,District Court,Low
LEG-0003344,LG-001050,Title Dispute,2023-05-30,,Under Hearing,1127,Revenue Tribunal,Low
LEG-0003345,LG-001050,Environmental Challenge,2023-07-28,,Pending,1068,High Court,Low
LEG-0003346,LG-001050,Encroachment,2023-06-07,2023-09-18,Resolved,0,Revenue Tribunal,Low
LEG-0003347,LG-001051,Encroachment,2019-11-10,,Under Hearing,2424,District Court,Critical
LEG-0003348,LG-001051,Environmental Challenge,2020-08-14,,Under Hearing,2146,District Court,Critical
LEG-0003349,LG-001051,Compensation Amount Dispute,2020-02-15,,Under Hearing,2327,District Court,Critical
LEG-0003350,LG-001051,R&R Dispute,2020-01-27,,Pending,2346,High Court,Critical
LEG-0003351,LG-001051,Title Dispute,2020-07-29,,Pending,2162,High Court,Critical
LEG-0003352,LG-001051,Environmental Challenge,2020-07-06,,Under Hearing,2185,District Court,Critical
LEG-0003353,LG-001051,Compensation Amount Dispute,2020-08-18,,Pending,2142,High Court,Critical
LEG-0003354,LG-001052,R&R Dispute,2024-08-22,,Pending,677,District Court,Medium
LEG-0003355,LG-001052,Encroachment,2024-12-11,,Under Hearing,566,Revenue Tribunal,Medium
LEG-0003356,LG-001052,Encroachment,2024-06-26,2024-12-04,Resolved,0,High Court,Medium
LEG-0003357,LG-001052,Compensation Amount Dispute,2024-07-17,2024-09-24,Resolved,0,Revenue Tribunal,Low
LEG-0003358,LG-001053,R&R Dispute,2023-03-14,2023-07-06,Resolved,0,High Court,Low
LEG-0003359,LG-001054,Environmental Challenge,2024-07-02,,Stay Order Issued,728,District Court,Low
LEG-0003360,LG-001054,Title Dispute,2024-05-21,2025-01-18,Resolved,0,High Court,High
LEG-0003361,LG-001055,R&R Dispute,2024-06-12,2024-08-20,Resolved,0,District Court,High
LEG-0003362,LG-001055,Title Dispute,2024-04-26,2024-10-10,Resolved,0,District Court,High
LEG-0003363,LG-001055,Environmental Challenge,2024-02-22,2024-06-23,Resolved,0,Revenue Tribunal,Low
LEG-0003364,LG-001057,Compensation Amount Dispute,2023-11-30,2024-04-22,Resolved,0,District Court,High
LEG-0003365,LG-001058,Encroachment,2019-01-14,,Stay Order Issued,2724,High Court,Critical
LEG-0003366,LG-001058,R&R Dispute,2019-05-18,,Pending,2600,High Court,Critical
LEG-0003367,LG-001058,Environmental Challenge,2019-07-23,,Pending,2534,Revenue Tribunal,Critical
LEG-0003368,LG-001058,Compensation Amount Dispute,2019-10-10,,Stay Order Issued,2455,High Court,Critical
LEG-0003369,LG-001058,Encroachment,2019-08-18,2019-12-21,Resolved,0,Revenue Tribunal,Critical
LEG-0003370,LG-001058,Compensation Amount Dispute,2019-08-05,,Stay Order Issued,2521,High Court,Critical
LEG-0003371,LG-001059,Encroachment,2023-01-26,2023-08-01,Resolved,0,Revenue Tribunal,Medium
LEG-0003372,LG-001059,Environmental Challenge,2023-03-06,,Under Hearing,1212,Revenue Tribunal,Medium
LEG-0003373,LG-001059,R&R Dispute,2022-05-16,,Pending,1506,High Court,Low
LEG-0003374,LG-001059,Environmental Challenge,2023-01-11,,Pending,1266,High Court,Medium
LEG-0003375,LG-001059,Encroachment,2023-03-06,,Stay Order Issued,1212,High Court,High
LEG-0003376,LG-001061,Environmental Challenge,2023-05-18,2023-11-22,Resolved,0,District Court,High
LEG-0003377,LG-001062,Title Dispute,2024-08-01,2024-12-30,Resolved,0,High Court,Medium
LEG-0003378,LG-001063,Environmental Challenge,2022-03-11,2022-06-16,Resolved,0,High Court,High
LEG-0003379,LG-001064,R&R Dispute,2023-07-15,,Under Hearing,1081,High Court,Critical
LEG-0003380,LG-001064,Compensation Amount Dispute,2023-08-07,,Pending,1058,District Court,Critical
LEG-0003381,LG-001064,Environmental Challenge,2022-11-04,,Under Hearing,1334,High Court,Critical
LEG-0003382,LG-001064,Encroachment,2023-09-07,,Under Hearing,1027,District Court,Critical
LEG-0003383,LG-001064,Encroachment,2023-09-14,,Stay Order Issued,1020,District Court,Critical
LEG-0003384,LG-001064,Environmental Challenge,2023-09-11,,Pending,1023,High Court,Critical
LEG-0003385,LG-001064,Compensation Amount Dispute,2023-05-27,2023-11-19,Resolved,0,High Court,Critical
LEG-0003386,LG-001065,Title Dispute,2018-08-13,,Pending,2878,Revenue Tribunal,High
LEG-0003387,LG-001065,R&R Dispute,2018-03-19,2018-06-27,Resolved,0,High Court,Medium
LEG-0003388,LG-001065,Title Dispute,2018-08-14,,Under Hearing,2877,District Court,Medium
LEG-0003389,LG-001066,Title Dispute,2024-11-16,,Stay Order Issued,591,High Court,Low
LEG-0003390,LG-001066,Title Dispute,2024-11-01,2025-05-02,Resolved,0,District Court,High
LEG-0003391,LG-001068,Environmental Challenge,2019-09-10,2020-05-27,Resolved,0,High Court,High
LEG-0003392,LG-001068,Compensation Amount Dispute,2020-08-14,,Under Hearing,2146,High Court,Medium
LEG-0003393,LG-001068,Title Dispute,2019-11-02,2020-01-20,Resolved,0,High Court,Medium
LEG-0003394,LG-001069,Title Dispute,2019-07-09,2019-12-19,Resolved,0,High Court,Critical
LEG-0003395,LG-001069,Environmental Challenge,2019-12-12,,Under Hearing,2392,High Court,Critical
LEG-0003396,LG-001069,Encroachment,2020-03-05,2020-10-13,Resolved,0,District Court,Critical
LEG-0003397,LG-001069,R&R Dispute,2019-06-15,,Stay Order Issued,2572,High Court,Critical
LEG-0003398,LG-001069,R&R Dispute,2020-03-26,2020-11-24,Resolved,0,High Court,Critical
LEG-0003399,LG-001069,R&R Dispute,2019-07-31,2020-02-05,Resolved,0,District Court,Critical
LEG-0003400,LG-001070,Title Dispute,2020-05-19,,Pending,2233,Revenue Tribunal,Low
LEG-0003401,LG-001070,Environmental Challenge,2020-08-03,,Pending,2157,District Court,Medium
LEG-0003402,LG-001070,R&R Dispute,2020-07-22,,Stay Order Issued,2169,District Court,Medium
LEG-0003403,LG-001070,R&R Dispute,2020-08-15,,Pending,2145,District Court,High
LEG-0003404,LG-001070,Title Dispute,2019-10-26,,Stay Order Issued,2439,High Court,Low
LEG-0003405,LG-001070,R&R Dispute,2020-03-02,,Pending,2311,High Court,Medium
LEG-0003406,LG-001071,R&R Dispute,2023-11-28,2024-06-02,Resolved,0,District Court,Medium
LEG-0003407,LG-001071,Encroachment,2023-05-04,2023-08-30,Resolved,0,Revenue Tribunal,High
LEG-0003408,LG-001071,Title Dispute,2024-01-06,2024-04-30,Resolved,0,Revenue Tribunal,Low
LEG-0003409,LG-001072,Environmental Challenge,2020-11-10,,Pending,2058,High Court,Low
LEG-0003410,LG-001072,Encroachment,2021-06-17,,Pending,1839,High Court,Low
LEG-0003411,LG-001072,Environmental Challenge,2021-06-11,,Pending,1845,District Court,High
LEG-0003412,LG-001073,Title Dispute,2025-07-30,2026-01-07,Resolved,0,High Court,High
LEG-0003413,LG-001074,Environmental Challenge,2019-02-19,,Stay Order Issued,2688,Revenue Tribunal,High
LEG-0003414,LG-001074,R&R Dispute,2018-12-28,,Stay Order Issued,2741,Revenue Tribunal,Medium
LEG-0003415,LG-001074,R&R Dispute,2019-08-25,,Under Hearing,2501,Revenue Tribunal,Low
LEG-0003416,LG-001075,Title Dispute,2023-03-25,,Under Hearing,1193,District Court,Low
LEG-0003417,LG-001075,R&R Dispute,2023-07-27,2024-04-21,Resolved,0,Revenue Tribunal,High
LEG-0003418,LG-001077,R&R Dispute,2018-08-03,2019-01-12,Resolved,0,High Court,Low
LEG-0003419,LG-001077,R&R Dispute,2018-10-12,2019-02-13,Resolved,0,District Court,Medium
LEG-0003420,LG-001077,Encroachment,2018-07-08,,Under Hearing,2914,High Court,High
LEG-0003421,LG-001078,Encroachment,2020-07-20,,Under Hearing,2171,District Court,Medium
LEG-0003422,LG-001078,R&R Dispute,2021-01-27,2021-04-06,Resolved,0,District Court,Medium
LEG-0003423,LG-001078,Environmental Challenge,2021-03-20,2021-12-14,Resolved,0,District Court,Medium
LEG-0003424,LG-001079,Title Dispute,2022-04-18,2023-02-09,Resolved,0,High Court,Low
LEG-0003425,LG-001080,Environmental Challenge,2019-01-18,2019-08-11,Resolved,0,Revenue Tribunal,Medium
LEG-0003426,LG-001080,R&R Dispute,2019-05-13,,Pending,2605,Revenue Tribunal,Low
LEG-0003427,LG-001080,Title Dispute,2019-06-26,,Under Hearing,2561,High Court,Medium
LEG-0003428,LG-001080,Compensation Amount Dispute,2019-03-27,,Under Hearing,2652,Revenue Tribunal,High
LEG-0003429,LG-001081,R&R Dispute,2025-05-17,2026-02-11,Resolved,0,District Court,High
LEG-0003430,LG-001081,Title Dispute,2025-02-04,,Pending,511,Revenue Tribunal,Low
LEG-0003431,LG-001081,Encroachment,2025-08-15,,Under Hearing,319,District Court,Low
LEG-0003432,LG-001081,Title Dispute,2025-08-06,,Pending,328,District Court,High
LEG-0003433,LG-001082,Encroachment,2024-10-19,,Under Hearing,619,Revenue Tribunal,Low
LEG-0003434,LG-001082,Title Dispute,2024-06-19,,Pending,741,District Court,Medium
LEG-0003435,LG-001082,Encroachment,2024-07-15,2025-01-31,Resolved,0,High Court,High
LEG-0003436,LG-001082,R&R Dispute,2025-04-16,,Pending,440,Revenue Tribunal,Medium
LEG-0003437,LG-001082,Title Dispute,2025-01-18,,Pending,528,High Court,Medium
LEG-0003438,LG-001082,Environmental Challenge,2024-07-28,2025-05-24,Resolved,0,District Court,Medium
LEG-0003439,LG-001083,Compensation Amount Dispute,2023-10-05,,Pending,999,High Court,High
LEG-0003440,LG-001084,Environmental Challenge,2024-10-18,2025-07-12,Resolved,0,Revenue Tribunal,High
LEG-0003441,LG-001084,Compensation Amount Dispute,2024-05-04,2024-07-14,Resolved,0,District Court,High
LEG-0003442,LG-001084,Encroachment,2024-03-24,,Stay Order Issued,828,District Court,Medium
LEG-0003443,LG-001084,Encroachment,2024-02-23,2024-09-17,Resolved,0,Revenue Tribunal,Low
LEG-0003444,LG-001084,Encroachment,2024-07-27,2024-09-29,Resolved,0,High Court,Low
LEG-0003445,LG-001084,Title Dispute,2025-01-17,2025-06-23,Resolved,0,Revenue Tribunal,Medium
LEG-0003446,LG-001085,R&R Dispute,2024-11-09,2025-07-13,Resolved,0,High Court,Low
LEG-0003447,LG-001085,R&R Dispute,2024-10-28,2025-05-29,Resolved,0,District Court,Low
LEG-0003448,LG-001086,R&R Dispute,2022-05-14,,Stay Order Issued,1508,District Court,High
LEG-0003449,LG-001086,Compensation Amount Dispute,2021-12-26,2022-04-27,Resolved,0,Revenue Tribunal,Low
LEG-0003450,LG-001086,Encroachment,2022-03-12,,Under Hearing,1571,District Court,High
LEG-0003451,LG-001086,Title Dispute,2021-07-26,2022-04-12,Resolved,0,Revenue Tribunal,Medium
LEG-0003452,LG-001086,Environmental Challenge,2021-05-23,2021-11-08,Resolved,0,High Court,Low
LEG-0003453,LG-001086,Environmental Challenge,2022-01-11,2022-07-03,Resolved,0,High Court,High
LEG-0003454,LG-001087,Title Dispute,2023-11-21,2024-06-19,Resolved,0,District Court,Medium
LEG-0003455,LG-001087,Environmental Challenge,2023-04-17,,Stay Order Issued,1170,High Court,Medium
LEG-0003456,LG-001087,Encroachment,2023-08-20,2024-06-02,Resolved,0,High Court,Medium
LEG-0003457,LG-001088,Encroachment,2024-05-10,,Pending,781,High Court,High
LEG-0003458,LG-001088,Environmental Challenge,2023-12-07,,Stay Order Issued,936,High Court,Medium
LEG-0003459,LG-001088,Encroachment,2024-06-28,,Under Hearing,732,District Court,Low
LEG-0003460,LG-001088,Encroachment,2023-08-02,,Pending,1063,Revenue Tribunal,Medium
LEG-0003461,LG-001088,Environmental Challenge,2024-06-18,2024-09-18,Resolved,0,High Court,Low
LEG-0003462,LG-001089,Encroachment,2025-07-18,2025-10-26,Resolved,0,High Court,Medium
LEG-0003463,LG-001090,Encroachment,2020-07-03,2020-11-26,Resolved,0,Revenue Tribunal,Low
LEG-0003464,LG-001090,Encroachment,2019-10-11,,Pending,2454,Revenue Tribunal,High
LEG-0003465,LG-001090,Title Dispute,2020-03-08,,Stay Order Issued,2305,District Court,Medium
LEG-0003466,LG-001090,Environmental Challenge,2019-11-23,,Pending,2411,District Court,Low
LEG-0003467,LG-001090,Encroachment,2020-02-10,2020-05-30,Resolved,0,Revenue Tribunal,Medium
LEG-0003468,LG-001091,Compensation Amount Dispute,2021-06-26,2021-08-28,Resolved,0,District Court,High
LEG-0003469,LG-001091,Compensation Amount Dispute,2021-08-15,2022-01-22,Resolved,0,District Court,Low
LEG-0003470,LG-001091,Compensation Amount Dispute,2021-04-07,2021-10-31,Resolved,0,District Court,Medium
LEG-0003471,LG-001093,Encroachment,2021-07-03,,Pending,1823,High Court,Critical
LEG-0003472,LG-001093,Encroachment,2021-05-08,,Stay Order Issued,1879,District Court,Critical
LEG-0003473,LG-001093,Title Dispute,2021-06-16,,Under Hearing,1840,Revenue Tribunal,Critical
LEG-0003474,LG-001093,Title Dispute,2021-01-20,2021-09-18,Resolved,0,Revenue Tribunal,Critical
LEG-0003475,LG-001093,Compensation Amount Dispute,2021-09-25,2022-04-12,Resolved,0,Revenue Tribunal,Critical
LEG-0003476,LG-001093,Environmental Challenge,2021-08-06,,Pending,1789,District Court,Critical
LEG-0003477,LG-001094,Encroachment,2022-05-26,2022-12-19,Resolved,0,High Court,Low
LEG-0003478,LG-001094,R&R Dispute,2022-05-21,2023-01-02,Resolved,0,Revenue Tribunal,Medium
LEG-0003479,LG-001094,Encroachment,2022-08-09,2023-05-11,Resolved,0,High Court,Low
LEG-0003480,LG-001095,Title Dispute,2023-01-20,,Stay Order Issued,1257,High Court,High
LEG-0003481,LG-001095,Title Dispute,2022-06-16,,Pending,1475,District Court,Medium
LEG-0003482,LG-001095,Encroachment,2022-10-24,,Pending,1345,High Court,High
LEG-0003483,LG-001095,Environmental Challenge,2022-10-01,,Stay Order Issued,1368,Revenue Tribunal,Medium
LEG-0003484,LG-001096,Compensation Amount Dispute,2024-08-07,,Under Hearing,692,District Court,Medium
LEG-0003485,LG-001096,Compensation Amount Dispute,2024-03-19,2024-10-02,Resolved,0,District Court,Low
LEG-0003486,LG-001096,Title Dispute,2024-02-16,,Stay Order Issued,865,Revenue Tribunal,High
LEG-0003487,LG-001096,Title Dispute,2024-09-11,,Pending,657,Revenue Tribunal,Medium
LEG-0003488,LG-001096,R&R Dispute,2024-02-10,2024-09-12,Resolved,0,High Court,High
LEG-0003489,LG-001097,Title Dispute,2019-05-14,2020-02-03,Resolved,0,Revenue Tribunal,Critical
LEG-0003490,LG-001097,Title Dispute,2019-10-18,2020-04-19,Resolved,0,Revenue Tribunal,Critical
LEG-0003491,LG-001097,R&R Dispute,2019-10-19,,Under Hearing,2446,District Court,Critical
LEG-0003492,LG-001097,Compensation Amount Dispute,2018-12-24,,Pending,2745,High Court,Critical
LEG-0003493,LG-001097,Environmental Challenge,2019-07-03,,Pending,2554,High Court,Critical
LEG-0003494,LG-001097,Encroachment,2019-08-29,,Pending,2497,Revenue Tribunal,Critical
LEG-0003495,LG-001097,Title Dispute,2019-01-31,,Under Hearing,2707,High Court,Critical
LEG-0003496,LG-001097,Title Dispute,2019-01-20,,Stay Order Issued,2718,Revenue Tribunal,Critical
LEG-0003497,LG-001098,Environmental Challenge,2024-04-08,2024-08-14,Resolved,0,Revenue Tribunal,Low
LEG-0003498,LG-001099,R&R Dispute,2023-12-25,,Pending,918,District Court,Low
LEG-0003499,LG-001099,Environmental Challenge,2023-11-16,,Pending,957,Revenue Tribunal,High
LEG-0003500,LG-001099,Compensation Amount Dispute,2023-12-03,2024-05-29,Resolved,0,Revenue Tribunal,Medium
LEG-0003501,LG-001100,Compensation Amount Dispute,2018-10-19,2019-06-14,Resolved,0,District Court,Low
LEG-0003502,LG-001101,Encroachment,2025-05-29,,Pending,397,District Court,High
LEG-0003503,LG-001101,Title Dispute,2025-04-20,,Stay Order Issued,436,Revenue Tribunal,Medium
LEG-0003504,LG-001101,Environmental Challenge,2025-02-08,,Under Hearing,507,District Court,Low
LEG-0003505,LG-001101,Title Dispute,2025-08-20,,Pending,314,District Court,High
LEG-0003506,LG-001101,Compensation Amount Dispute,2025-06-05,,Stay Order Issued,390,Revenue Tribunal,High
LEG-0003507,LG-001101,Title Dispute,2025-02-24,2025-06-28,Resolved,0,High Court,Medium
LEG-0003508,LG-001102,Environmental Challenge,2024-10-25,,Under Hearing,613,Revenue Tribunal,Low
LEG-0003509,LG-001102,Compensation Amount Dispute,2024-05-31,2024-12-13,Resolved,0,Revenue Tribunal,Low
LEG-0003510,LG-001102,R&R Dispute,2024-10-18,,Pending,620,Revenue Tribunal,Low
LEG-0003511,LG-001102,Compensation Amount Dispute,2024-09-04,2024-12-07,Resolved,0,High Court,High
LEG-0003512,LG-001102,R&R Dispute,2024-03-30,2024-12-08,Resolved,0,District Court,Medium
LEG-0003513,LG-001102,Compensation Amount Dispute,2024-11-12,,Stay Order Issued,595,District Court,Medium
LEG-0003514,LG-001103,Encroachment,2022-08-15,2023-01-31,Resolved,0,District Court,Low
LEG-0003515,LG-001103,Environmental Challenge,2021-12-19,2022-06-01,Resolved,0,High Court,Medium
LEG-0003516,LG-001103,Title Dispute,2022-12-14,2023-09-17,Resolved,0,Revenue Tribunal,High
LEG-0003517,LG-001104,Compensation Amount Dispute,2023-04-22,,Under Hearing,1165,High Court,Critical
LEG-0003518,LG-001104,R&R Dispute,2023-01-03,,Pending,1274,Revenue Tribunal,Critical
LEG-0003519,LG-001104,Title Dispute,2023-06-06,,Under Hearing,1120,District Court,Critical
LEG-0003520,LG-001104,R&R Dispute,2023-02-12,,Pending,1234,District Court,Critical
LEG-0003521,LG-001104,Encroachment,2023-11-19,,Under Hearing,954,District Court,Critical
LEG-0003522,LG-001104,Encroachment,2023-02-17,,Under Hearing,1229,Revenue Tribunal,Critical
LEG-0003523,LG-001104,Encroachment,2023-06-02,,Stay Order Issued,1124,District Court,Critical
LEG-0003524,LG-001104,R&R Dispute,2023-03-26,,Stay Order Issued,1192,High Court,Critical
LEG-0003525,LG-001104,Title Dispute,2023-08-04,,Stay Order Issued,1061,Revenue Tribunal,Critical
LEG-0003526,LG-001104,Encroachment,2023-07-01,,Stay Order Issued,1095,Revenue Tribunal,Critical
LEG-0003527,LG-001105,Encroachment,2024-08-23,2024-11-19,Resolved,0,High Court,High
LEG-0003528,LG-001105,Compensation Amount Dispute,2025-03-01,2025-08-20,Resolved,0,Revenue Tribunal,Low
LEG-0003529,LG-001105,Compensation Amount Dispute,2024-05-19,,Pending,772,District Court,Medium
LEG-0003530,LG-001106,Environmental Challenge,2024-04-18,2025-01-30,Resolved,0,High Court,High
LEG-0003531,LG-001107,Environmental Challenge,2022-09-05,,Stay Order Issued,1394,Revenue Tribunal,Critical
LEG-0003532,LG-001107,Title Dispute,2022-10-12,,Under Hearing,1357,High Court,Critical
LEG-0003533,LG-001107,Environmental Challenge,2022-08-02,,Pending,1428,District Court,Critical
LEG-0003534,LG-001107,Environmental Challenge,2022-09-28,,Under Hearing,1371,District Court,Critical
LEG-0003535,LG-001107,Title Dispute,2022-07-25,,Stay Order Issued,1436,Revenue Tribunal,Critical
LEG-0003536,LG-001107,Compensation Amount Dispute,2022-05-20,,Under Hearing,1502,Revenue Tribunal,Critical
LEG-0003537,LG-001107,Encroachment,2022-08-31,,Stay Order Issued,1399,District Court,Critical
LEG-0003538,LG-001108,Encroachment,2023-01-27,,Pending,1250,Revenue Tribunal,Critical
LEG-0003539,LG-001108,Environmental Challenge,2023-03-06,,Pending,1212,Revenue Tribunal,Critical
LEG-0003540,LG-001108,Encroachment,2022-06-22,,Pending,1469,District Court,Critical
LEG-0003541,LG-001108,Encroachment,2022-11-01,,Pending,1337,High Court,Critical
LEG-0003542,LG-001108,Title Dispute,2022-07-28,,Pending,1433,District Court,Critical
LEG-0003543,LG-001108,Title Dispute,2022-06-18,,Under Hearing,1473,High Court,Critical
LEG-0003544,LG-001110,Compensation Amount Dispute,2023-12-07,2024-05-01,Resolved,0,Revenue Tribunal,Low
LEG-0003545,LG-001110,Compensation Amount Dispute,2023-06-22,,Under Hearing,1104,District Court,Medium
LEG-0003546,LG-001111,Encroachment,2024-07-30,2024-12-30,Resolved,0,High Court,Critical
LEG-0003547,LG-001111,R&R Dispute,2025-02-01,2025-08-16,Resolved,0,Revenue Tribunal,Critical
LEG-0003548,LG-001111,R&R Dispute,2025-05-04,,Under Hearing,422,District Court,Critical
LEG-0003549,LG-001111,Compensation Amount Dispute,2025-03-05,,Stay Order Issued,482,High Court,Critical
LEG-0003550,LG-001111,Encroachment,2025-05-11,,Stay Order Issued,415,Revenue Tribunal,Critical
LEG-0003551,LG-001111,Compensation Amount Dispute,2025-01-08,,Pending,538,High Court,Critical
LEG-0003552,LG-001112,Title Dispute,2020-07-05,,Stay Order Issued,2186,High Court,High
LEG-0003553,LG-001112,Environmental Challenge,2020-11-10,,Under Hearing,2058,Revenue Tribunal,Medium
LEG-0003554,LG-001112,Environmental Challenge,2020-11-13,,Stay Order Issued,2055,Revenue Tribunal,Medium
LEG-0003555,LG-001112,Encroachment,2020-09-24,2021-03-28,Resolved,0,Revenue Tribunal,Low
LEG-0003556,LG-001112,Title Dispute,2020-09-24,,Stay Order Issued,2105,District Court,High
LEG-0003557,LG-001113,Environmental Challenge,2022-03-02,,Pending,1581,High Court,High
LEG-0003558,LG-001113,Encroachment,2022-05-31,,Stay Order Issued,1491,District Court,Low
LEG-0003559,LG-001113,R&R Dispute,2021-11-09,,Pending,1694,District Court,High
LEG-0003560,LG-001115,Encroachment,2024-07-05,2024-09-30,Resolved,0,District Court,Low
LEG-0003561,LG-001115,Title Dispute,2024-07-23,,Pending,707,District Court,Medium
LEG-0003562,LG-001118,Environmental Challenge,2019-02-01,,Pending,2706,High Court,High
LEG-0003563,LG-001118,Title Dispute,2019-02-03,2019-11-03,Resolved,0,District Court,Low
LEG-0003564,LG-001118,Title Dispute,2019-05-01,,Under Hearing,2617,Revenue Tribunal,High
LEG-0003565,LG-001119,Title Dispute,2025-07-31,2025-11-10,Resolved,0,Revenue Tribunal,Low
LEG-0003566,LG-001119,Title Dispute,2025-07-09,,Under Hearing,356,District Court,Medium
LEG-0003567,LG-001119,Encroachment,2025-10-09,2026-01-12,Resolved,0,Revenue Tribunal,High
LEG-0003568,LG-001120,Title Dispute,2023-12-28,,Pending,915,High Court,High
LEG-0003569,LG-001121,R&R Dispute,2018-11-19,2019-04-27,Resolved,0,High Court,Medium
LEG-0003570,LG-001123,Compensation Amount Dispute,2018-07-27,2019-02-06,Resolved,0,Revenue Tribunal,Medium
LEG-0003571,LG-001124,Environmental Challenge,2023-11-11,,Under Hearing,962,High Court,Medium
LEG-0003572,LG-001124,R&R Dispute,2023-04-25,,Pending,1162,Revenue Tribunal,Low
LEG-0003573,LG-001124,Encroachment,2023-07-21,,Under Hearing,1075,Revenue Tribunal,High
LEG-0003574,LG-001126,Encroachment,2020-05-04,,Pending,2248,High Court,Low
LEG-0003575,LG-001127,R&R Dispute,2023-08-25,2024-01-24,Resolved,0,High Court,Medium
LEG-0003576,LG-001127,Title Dispute,2024-06-11,,Under Hearing,749,Revenue Tribunal,High
LEG-0003577,LG-001127,R&R Dispute,2024-04-25,2024-09-06,Resolved,0,High Court,High
LEG-0003578,LG-001128,Environmental Challenge,2022-04-21,,Under Hearing,1531,High Court,High
LEG-0003579,LG-001129,R&R Dispute,2018-07-03,2019-03-01,Resolved,0,Revenue Tribunal,High
LEG-0003580,LG-001129,Title Dispute,2018-04-02,2018-07-04,Resolved,0,District Court,High
LEG-0003581,LG-001129,Environmental Challenge,2018-11-03,2019-08-18,Resolved,0,District Court,Medium
LEG-0003582,LG-001130,Title Dispute,2024-04-25,2025-02-01,Resolved,0,Revenue Tribunal,Medium
LEG-0003583,LG-001131,Environmental Challenge,2021-08-08,2022-05-15,Resolved,0,District Court,Low
LEG-0003584,LG-001132,Encroachment,2023-02-26,,Pending,1220,District Court,Critical
LEG-0003585,LG-001132,Encroachment,2022-11-29,,Pending,1309,Revenue Tribunal,Critical
LEG-0003586,LG-001132,Encroachment,2023-08-16,2024-05-30,Resolved,0,High Court,Critical
LEG-0003587,LG-001132,Title Dispute,2023-02-07,,Under Hearing,1239,Revenue Tribunal,Critical
LEG-0003588,LG-001132,Encroachment,2023-06-11,,Pending,1115,High Court,Critical
LEG-0003589,LG-001132,R&R Dispute,2023-07-21,2023-09-22,Resolved,0,Revenue Tribunal,Critical
LEG-0003590,LG-001132,R&R Dispute,2023-01-22,2023-04-18,Resolved,0,High Court,Critical
LEG-0003591,LG-001132,Encroachment,2023-02-18,2023-07-27,Resolved,0,High Court,Critical
LEG-0003592,LG-001134,R&R Dispute,2021-01-14,2021-09-19,Resolved,0,District Court,Low
LEG-0003593,LG-001134,Title Dispute,2020-02-27,2020-12-20,Resolved,0,High Court,High
LEG-0003594,LG-001134,Compensation Amount Dispute,2020-06-16,,Pending,2205,Revenue Tribunal,Low
LEG-0003595,LG-001135,Compensation Amount Dispute,2018-07-18,2019-01-21,Resolved,0,Revenue Tribunal,High
LEG-0003596,LG-001136,Encroachment,2024-06-27,2024-09-11,Resolved,0,High Court,Low
LEG-0003597,LG-001136,Title Dispute,2024-07-26,2024-10-23,Resolved,0,Revenue Tribunal,Low
LEG-0003598,LG-001136,Encroachment,2025-04-03,2025-06-13,Resolved,0,High Court,High
LEG-0003599,LG-001137,Compensation Amount Dispute,2025-01-21,,Pending,525,Revenue Tribunal,Critical
LEG-0003600,LG-001137,Environmental Challenge,2024-03-28,,Stay Order Issued,824,District Court,Critical
LEG-0003601,LG-001137,Encroachment,2024-06-30,,Under Hearing,730,District Court,Critical
LEG-0003602,LG-001137,Compensation Amount Dispute,2024-11-29,2025-02-01,Resolved,0,High Court,Critical
LEG-0003603,LG-001137,R&R Dispute,2024-04-30,,Stay Order Issued,791,High Court,Critical
LEG-0003604,LG-001137,Title Dispute,2024-10-18,,Pending,620,Revenue Tribunal,Critical
LEG-0003605,LG-001137,Environmental Challenge,2024-09-16,,Stay Order Issued,652,Revenue Tribunal,Critical
LEG-0003606,LG-001138,Encroachment,2024-07-25,2024-12-18,Resolved,0,Revenue Tribunal,High
LEG-0003607,LG-001138,R&R Dispute,2024-02-24,,Stay Order Issued,857,District Court,High
LEG-0003608,LG-001138,R&R Dispute,2023-12-22,,Pending,921,Revenue Tribunal,Low
LEG-0003609,LG-001138,Encroachment,2023-12-15,,Stay Order Issued,928,Revenue Tribunal,Low
LEG-0003610,LG-001138,Encroachment,2024-08-26,,Stay Order Issued,673,Revenue Tribunal,Low
LEG-0003611,LG-001139,Environmental Challenge,2020-06-12,2020-09-30,Resolved,0,Revenue Tribunal,Low
LEG-0003612,LG-001140,Encroachment,2020-01-13,2020-10-24,Resolved,0,Revenue Tribunal,High
LEG-0003613,LG-001140,Environmental Challenge,2019-10-28,,Under Hearing,2437,District Court,Medium
LEG-0003614,LG-001140,R&R Dispute,2019-12-26,2020-10-09,Resolved,0,Revenue Tribunal,Low
LEG-0003615,LG-001141,R&R Dispute,2021-08-15,,Stay Order Issued,1780,District Court,Critical
LEG-0003616,LG-001141,Environmental Challenge,2021-07-30,,Stay Order Issued,1796,High Court,Critical
LEG-0003617,LG-001141,Environmental Challenge,2021-03-23,,Under Hearing,1925,Revenue Tribunal,Critical
LEG-0003618,LG-001141,Title Dispute,2021-04-23,,Under Hearing,1894,District Court,Critical
LEG-0003619,LG-001141,Environmental Challenge,2021-04-10,,Pending,1907,Revenue Tribunal,Critical
LEG-0003620,LG-001141,Encroachment,2021-02-26,,Pending,1950,High Court,Critical
LEG-0003621,LG-001142,Compensation Amount Dispute,2020-12-17,,Stay Order Issued,2021,High Court,Medium
LEG-0003622,LG-001142,Title Dispute,2020-12-27,2021-10-22,Resolved,0,High Court,Medium
LEG-0003623,LG-001142,Compensation Amount Dispute,2020-11-24,,Stay Order Issued,2044,Revenue Tribunal,High
LEG-0003624,LG-001142,Encroachment,2021-03-21,,Under Hearing,1927,Revenue Tribunal,Low
LEG-0003625,LG-001144,Environmental Challenge,2023-05-04,2023-10-14,Resolved,0,Revenue Tribunal,Low
LEG-0003626,LG-001145,Environmental Challenge,2019-08-03,,Pending,2523,Revenue Tribunal,High
LEG-0003627,LG-001146,R&R Dispute,2025-05-10,,Pending,416,High Court,Medium
LEG-0003628,LG-001146,R&R Dispute,2025-05-21,,Under Hearing,405,District Court,Medium
LEG-0003629,LG-001146,Compensation Amount Dispute,2025-01-23,,Pending,523,District Court,Low
LEG-0003630,LG-001146,Compensation Amount Dispute,2025-12-04,,Stay Order Issued,208,District Court,Low
LEG-0003631,LG-001148,Title Dispute,2024-05-29,,Stay Order Issued,762,District Court,Critical
LEG-0003632,LG-001148,R&R Dispute,2023-10-29,,Pending,975,Revenue Tribunal,Critical
LEG-0003633,LG-001148,Compensation Amount Dispute,2023-09-24,,Pending,1010,Revenue Tribunal,Critical
LEG-0003634,LG-001148,R&R Dispute,2023-08-29,,Under Hearing,1036,High Court,Critical
LEG-0003635,LG-001148,Compensation Amount Dispute,2023-12-04,,Stay Order Issued,939,Revenue Tribunal,Critical
LEG-0003636,LG-001148,R&R Dispute,2024-04-16,,Pending,805,High Court,Critical
LEG-0003637,LG-001148,Encroachment,2023-07-23,,Stay Order Issued,1073,Revenue Tribunal,Critical
LEG-0003638,LG-001148,Encroachment,2024-03-14,,Under Hearing,838,Revenue Tribunal,Critical
LEG-0003639,LG-001149,Environmental Challenge,2022-04-17,,Pending,1535,Revenue Tribunal,Medium
LEG-0003640,LG-001149,Title Dispute,2022-06-28,2022-10-04,Resolved,0,District Court,Low
LEG-0003641,LG-001150,R&R Dispute,2021-09-04,,Stay Order Issued,1760,Revenue Tribunal,Low
LEG-0003642,LG-001150,Encroachment,2021-11-05,2022-07-25,Resolved,0,Revenue Tribunal,High
LEG-0003643,LG-001150,Compensation Amount Dispute,2021-01-11,2021-05-15,Resolved,0,District Court,Medium
LEG-0003644,LG-001151,Compensation Amount Dispute,2020-05-09,,Pending,2243,Revenue Tribunal,High
LEG-0003645,LG-001152,R&R Dispute,2023-04-08,,Stay Order Issued,1179,High Court,Critical
LEG-0003646,LG-001152,Encroachment,2022-10-18,,Under Hearing,1351,High Court,Critical
LEG-0003647,LG-001152,Title Dispute,2023-07-22,,Stay Order Issued,1074,High Court,Critical
LEG-0003648,LG-001152,Compensation Amount Dispute,2022-12-27,2023-10-04,Resolved,0,District Court,Critical
LEG-0003649,LG-001152,Environmental Challenge,2022-12-22,,Under Hearing,1286,District Court,Critical
LEG-0003650,LG-001152,Title Dispute,2023-01-17,,Stay Order Issued,1260,High Court,Critical
LEG-0003651,LG-001152,Environmental Challenge,2023-05-07,,Under Hearing,1150,Revenue Tribunal,Critical
LEG-0003652,LG-001152,Title Dispute,2023-04-03,,Stay Order Issued,1184,High Court,Critical
LEG-0003653,LG-001152,Title Dispute,2022-10-19,2023-02-03,Resolved,0,High Court,Critical
LEG-0003654,LG-001153,R&R Dispute,2024-02-27,,Pending,854,District Court,Low
LEG-0003655,LG-001153,Compensation Amount Dispute,2024-03-01,,Stay Order Issued,851,High Court,Medium
LEG-0003656,LG-001153,Encroachment,2023-10-13,,Pending,991,Revenue Tribunal,High
LEG-0003657,LG-001153,Encroachment,2024-01-05,,Stay Order Issued,907,High Court,High
LEG-0003658,LG-001154,R&R Dispute,2024-06-16,2025-01-24,Resolved,0,Revenue Tribunal,Critical
LEG-0003659,LG-001154,R&R Dispute,2024-09-04,,Stay Order Issued,664,District Court,Critical
LEG-0003660,LG-001154,Encroachment,2024-08-05,,Pending,694,Revenue Tribunal,Critical
LEG-0003661,LG-001154,Title Dispute,2025-03-02,,Under Hearing,485,District Court,Critical
LEG-0003662,LG-001154,Environmental Challenge,2025-02-03,2025-08-20,Resolved,0,Revenue Tribunal,Critical
LEG-0003663,LG-001154,Environmental Challenge,2024-09-01,2025-03-27,Resolved,0,Revenue Tribunal,Critical
LEG-0003664,LG-001154,Environmental Challenge,2025-01-26,,Under Hearing,520,District Court,Critical
LEG-0003665,LG-001154,Encroachment,2025-04-20,,Pending,436,High Court,Critical
LEG-0003666,LG-001154,Environmental Challenge,2025-04-05,2025-06-14,Resolved,0,District Court,Critical
LEG-0003667,LG-001156,Compensation Amount Dispute,2020-02-22,2020-06-21,Resolved,0,District Court,High
LEG-0003668,LG-001157,R&R Dispute,2025-11-10,2026-08-09,Resolved,0,District Court,Low
LEG-0003669,LG-001159,Environmental Challenge,2022-12-22,,Under Hearing,1286,High Court,Low
LEG-0003670,LG-001159,Compensation Amount Dispute,2022-07-09,,Stay Order Issued,1452,Revenue Tribunal,Low
LEG-0003671,LG-001159,Title Dispute,2023-03-03,2023-08-06,Resolved,0,District Court,Low
LEG-0003672,LG-001159,Encroachment,2022-07-29,,Stay Order Issued,1432,Revenue Tribunal,High
LEG-0003673,LG-001159,Encroachment,2022-09-07,2023-04-18,Resolved,0,Revenue Tribunal,Low
LEG-0003674,LG-001159,Environmental Challenge,2023-01-12,,Stay Order Issued,1265,High Court,Medium
LEG-0003675,LG-001160,Encroachment,2023-03-13,,Under Hearing,1205,District Court,Critical
LEG-0003676,LG-001160,Title Dispute,2022-10-06,2023-02-15,Resolved,0,High Court,Critical
LEG-0003677,LG-001160,R&R Dispute,2022-10-24,,Under Hearing,1345,Revenue Tribunal,Critical
LEG-0003678,LG-001160,Environmental Challenge,2022-11-11,,Under Hearing,1327,Revenue Tribunal,Critical
LEG-0003679,LG-001160,Encroachment,2022-06-04,2022-10-07,Resolved,0,High Court,Critical
LEG-0003680,LG-001160,R&R Dispute,2022-09-13,,Under Hearing,1386,District Court,Critical
LEG-0003681,LG-001160,Compensation Amount Dispute,2022-05-01,2023-01-06,Resolved,0,Revenue Tribunal,Critical
LEG-0003682,LG-001160,R&R Dispute,2023-04-12,2023-12-23,Resolved,0,High Court,Critical
LEG-0003683,LG-001160,R&R Dispute,2022-10-05,,Stay Order Issued,1364,High Court,Critical
LEG-0003684,LG-001160,Title Dispute,2023-01-25,,Pending,1252,District Court,Critical
LEG-0003685,LG-001161,Title Dispute,2020-05-25,2020-11-20,Resolved,0,District Court,Critical
LEG-0003686,LG-001161,Environmental Challenge,2020-06-08,,Pending,2213,Revenue Tribunal,Critical
LEG-0003687,LG-001161,Compensation Amount Dispute,2020-07-19,,Pending,2172,Revenue Tribunal,Critical
LEG-0003688,LG-001161,Compensation Amount Dispute,2019-12-15,,Pending,2389,High Court,Critical
LEG-0003689,LG-001161,Compensation Amount Dispute,2020-03-23,,Under Hearing,2290,District Court,Critical
LEG-0003690,LG-001161,Title Dispute,2019-08-28,,Stay Order Issued,2498,High Court,Critical
LEG-0003691,LG-001161,Title Dispute,2020-06-24,,Stay Order Issued,2197,Revenue Tribunal,Critical
LEG-0003692,LG-001161,Title Dispute,2020-05-12,,Stay Order Issued,2240,High Court,Critical
LEG-0003693,LG-001161,Compensation Amount Dispute,2020-04-17,2020-09-06,Resolved,0,High Court,Critical
LEG-0003694,LG-001161,Title Dispute,2019-09-07,,Under Hearing,2488,Revenue Tribunal,Critical
LEG-0003695,LG-001163,Environmental Challenge,2023-11-09,,Pending,964,Revenue Tribunal,Critical
LEG-0003696,LG-001163,Compensation Amount Dispute,2023-11-14,2024-04-24,Resolved,0,District Court,Critical
LEG-0003697,LG-001163,Title Dispute,2023-03-09,,Under Hearing,1209,High Court,Critical
LEG-0003698,LG-001163,Environmental Challenge,2023-09-23,,Stay Order Issued,1011,Revenue Tribunal,Critical
LEG-0003699,LG-001163,Encroachment,2023-02-18,2023-05-17,Resolved,0,High Court,Critical
LEG-0003700,LG-001163,Compensation Amount Dispute,2023-12-07,2024-08-07,Resolved,0,Revenue Tribunal,Critical
LEG-0003701,LG-001163,Compensation Amount Dispute,2023-03-18,2023-05-31,Resolved,0,District Court,Critical
LEG-0003702,LG-001166,Encroachment,2020-07-12,,Stay Order Issued,2179,District Court,Critical
LEG-0003703,LG-001166,Encroachment,2020-05-16,2021-02-15,Resolved,0,District Court,Critical
LEG-0003704,LG-001166,Encroachment,2020-11-08,2021-04-18,Resolved,0,District Court,Critical
LEG-0003705,LG-001166,Environmental Challenge,2020-03-22,2020-08-09,Resolved,0,District Court,Critical
LEG-0003706,LG-001166,Encroachment,2020-12-11,2021-06-24,Resolved,0,High Court,Critical
LEG-0003707,LG-001166,R&R Dispute,2020-03-04,2020-11-12,Resolved,0,Revenue Tribunal,Critical
LEG-0003708,LG-001166,Encroachment,2020-07-31,,Under Hearing,2160,District Court,Critical
LEG-0003709,LG-001166,Compensation Amount Dispute,2020-05-14,,Pending,2238,High Court,Critical
LEG-0003710,LG-001167,Encroachment,2023-12-28,2024-09-01,Resolved,0,Revenue Tribunal,Medium
LEG-0003711,LG-001167,Compensation Amount Dispute,2023-12-20,2024-02-23,Resolved,0,Revenue Tribunal,Low
LEG-0003712,LG-001167,Title Dispute,2023-04-19,,Under Hearing,1168,High Court,Low
LEG-0003713,LG-001167,Encroachment,2024-02-05,2024-10-27,Resolved,0,District Court,Medium
LEG-0003714,LG-001167,Title Dispute,2023-06-13,2023-09-15,Resolved,0,Revenue Tribunal,Medium
LEG-0003715,LG-001168,Title Dispute,2025-06-05,,Under Hearing,390,High Court,Low
LEG-0003716,LG-001168,Encroachment,2025-06-08,,Pending,387,High Court,Medium
LEG-0003717,LG-001169,Environmental Challenge,2023-03-26,,Stay Order Issued,1192,High Court,Medium
LEG-0003718,LG-001169,Environmental Challenge,2022-07-08,,Under Hearing,1453,High Court,Low
LEG-0003719,LG-001169,Compensation Amount Dispute,2023-03-11,,Stay Order Issued,1207,Revenue Tribunal,High
LEG-0003720,LG-001169,Title Dispute,2022-06-14,,Under Hearing,1477,High Court,High
LEG-0003721,LG-001169,Encroachment,2023-06-11,,Stay Order Issued,1115,Revenue Tribunal,Low
LEG-0003722,LG-001169,Environmental Challenge,2022-11-01,,Under Hearing,1337,District Court,Low
LEG-0003723,LG-001170,Encroachment,2021-02-21,,Stay Order Issued,1955,Revenue Tribunal,High
LEG-0003724,LG-001171,R&R Dispute,2024-12-06,2025-03-03,Resolved,0,District Court,High
LEG-0003725,LG-001172,Environmental Challenge,2019-12-14,2020-08-06,Resolved,0,Revenue Tribunal,High
LEG-0003726,LG-001173,R&R Dispute,2022-01-16,2022-04-03,Resolved,0,Revenue Tribunal,Medium
LEG-0003727,LG-001173,R&R Dispute,2022-07-20,2022-12-15,Resolved,0,Revenue Tribunal,High
LEG-0003728,LG-001173,R&R Dispute,2022-08-02,,Under Hearing,1428,Revenue Tribunal,Medium
LEG-0003729,LG-001175,R&R Dispute,2019-12-23,2020-07-03,Resolved,0,District Court,Low
LEG-0003730,LG-001175,Compensation Amount Dispute,2020-05-26,,Stay Order Issued,2226,District Court,Low
LEG-0003731,LG-001175,Environmental Challenge,2020-07-17,,Under Hearing,2174,High Court,High
LEG-0003732,LG-001175,Compensation Amount Dispute,2020-01-18,,Under Hearing,2355,District Court,Low
LEG-0003733,LG-001175,Compensation Amount Dispute,2019-11-20,,Under Hearing,2414,District Court,High
LEG-0003734,LG-001176,Encroachment,2020-05-21,2020-07-31,Resolved,0,Revenue Tribunal,Low
LEG-0003735,LG-001176,Title Dispute,2019-11-17,,Stay Order Issued,2417,Revenue Tribunal,High
LEG-0003736,LG-001176,Compensation Amount Dispute,2020-06-30,,Stay Order Issued,2191,Revenue Tribunal,Medium
LEG-0003737,LG-001179,Encroachment,2024-01-20,2024-08-27,Resolved,0,District Court,High
LEG-0003738,LG-001179,Encroachment,2024-02-17,2024-06-27,Resolved,0,District Court,Medium
LEG-0003739,LG-001179,Encroachment,2024-01-22,2024-03-27,Resolved,0,Revenue Tribunal,Low
LEG-0003740,LG-001180,Title Dispute,2020-10-30,,Stay Order Issued,2069,Revenue Tribunal,Critical
LEG-0003741,LG-001180,R&R Dispute,2021-04-02,,Pending,1915,High Court,Critical
LEG-0003742,LG-001180,Title Dispute,2021-09-03,,Stay Order Issued,1761,High Court,Critical
LEG-0003743,LG-001180,Title Dispute,2021-05-05,,Stay Order Issued,1882,High Court,Critical
LEG-0003744,LG-001180,Encroachment,2021-03-01,,Under Hearing,1947,District Court,Critical
LEG-0003745,LG-001180,R&R Dispute,2021-05-03,,Under Hearing,1884,Revenue Tribunal,Critical
LEG-0003746,LG-001180,Encroachment,2021-08-05,,Pending,1790,Revenue Tribunal,Critical
LEG-0003747,LG-001180,R&R Dispute,2020-10-07,2020-12-26,Resolved,0,High Court,Critical
LEG-0003748,LG-001180,Compensation Amount Dispute,2021-07-17,,Under Hearing,1809,District Court,Critical
LEG-0003749,LG-001180,Title Dispute,2021-10-10,,Stay Order Issued,1724,Revenue Tribunal,Critical
LEG-0003750,LG-001181,Environmental Challenge,2022-08-29,,Under Hearing,1401,High Court,Critical
LEG-0003751,LG-001181,Encroachment,2022-07-08,,Pending,1453,District Court,Critical
LEG-0003752,LG-001181,Compensation Amount Dispute,2022-12-31,,Pending,1277,District Court,Critical
LEG-0003753,LG-001181,Environmental Challenge,2022-05-27,,Stay Order Issued,1495,District Court,Critical
LEG-0003754,LG-001181,Environmental Challenge,2023-03-13,2023-10-03,Resolved,0,District Court,Critical
LEG-0003755,LG-001181,Title Dispute,2023-02-05,2023-12-01,Resolved,0,District Court,Critical
LEG-0003756,LG-001181,Encroachment,2022-05-16,,Stay Order Issued,1506,Revenue Tribunal,Critical
LEG-0003757,LG-001182,Environmental Challenge,2019-08-11,,Under Hearing,2515,High Court,Critical
LEG-0003758,LG-001182,Encroachment,2019-01-06,,Stay Order Issued,2732,Revenue Tribunal,Critical
LEG-0003759,LG-001182,Title Dispute,2019-06-01,2019-10-15,Resolved,0,Revenue Tribunal,Critical
LEG-0003760,LG-001182,Title Dispute,2019-02-03,,Under Hearing,2704,District Court,Critical
LEG-0003761,LG-001182,Encroachment,2019-06-17,,Under Hearing,2570,Revenue Tribunal,Critical
LEG-0003762,LG-001182,Compensation Amount Dispute,2019-02-12,,Under Hearing,2695,District Court,Critical
LEG-0003763,LG-001185,Title Dispute,2021-04-05,,Stay Order Issued,1912,District Court,High
LEG-0003764,LG-001185,Environmental Challenge,2021-11-02,2022-03-09,Resolved,0,Revenue Tribunal,Low
LEG-0003765,LG-001185,Compensation Amount Dispute,2021-08-17,2022-01-12,Resolved,0,Revenue Tribunal,Low
LEG-0003766,LG-001186,Environmental Challenge,2022-11-04,,Under Hearing,1334,High Court,Low
LEG-0003767,LG-001186,Title Dispute,2022-06-14,2022-08-20,Resolved,0,District Court,Low
LEG-0003768,LG-001186,Compensation Amount Dispute,2022-05-11,,Stay Order Issued,1511,Revenue Tribunal,High
LEG-0003769,LG-001186,Encroachment,2021-11-08,2022-08-08,Resolved,0,High Court,High
LEG-0003770,LG-001186,Environmental Challenge,2022-06-12,,Pending,1479,High Court,High
LEG-0003771,LG-001186,Environmental Challenge,2022-05-26,,Stay Order Issued,1496,High Court,Low
LEG-0003772,LG-001189,Compensation Amount Dispute,2018-11-14,2019-02-10,Resolved,0,District Court,High
LEG-0003773,LG-001190,R&R Dispute,2020-11-07,2021-01-28,Resolved,0,District Court,Medium
LEG-0003774,LG-001191,Compensation Amount Dispute,2021-04-02,,Under Hearing,1915,Revenue Tribunal,High
LEG-0003775,LG-001191,Compensation Amount Dispute,2020-09-21,2021-01-08,Resolved,0,High Court,High
LEG-0003776,LG-001191,Compensation Amount Dispute,2020-12-01,2021-05-14,Resolved,0,District Court,Medium
LEG-0003777,LG-001191,Title Dispute,2021-03-02,2021-10-11,Resolved,0,Revenue Tribunal,Low
LEG-0003778,LG-001192,Encroachment,2018-11-24,,Pending,2775,District Court,Low
LEG-0003779,LG-001192,Compensation Amount Dispute,2019-02-21,2019-10-26,Resolved,0,District Court,Low
LEG-0003780,LG-001192,Encroachment,2018-08-15,2018-12-03,Resolved,0,Revenue Tribunal,Medium
LEG-0003781,LG-001193,Compensation Amount Dispute,2021-03-30,2021-06-02,Resolved,0,High Court,High
LEG-0003782,LG-001194,Compensation Amount Dispute,2022-09-12,2022-11-24,Resolved,0,High Court,Low
LEG-0003783,LG-001195,Title Dispute,2022-01-20,2022-03-30,Resolved,0,High Court,High
LEG-0003784,LG-001196,Title Dispute,2024-08-09,2025-03-30,Resolved,0,Revenue Tribunal,High
LEG-0003785,LG-001196,Encroachment,2025-04-22,,Under Hearing,434,Revenue Tribunal,Medium
LEG-0003786,LG-001197,R&R Dispute,2020-07-08,2021-01-18,Resolved,0,High Court,Low
LEG-0003787,LG-001197,Environmental Challenge,2020-10-26,,Stay Order Issued,2073,Revenue Tribunal,High
LEG-0003788,LG-001197,Encroachment,2020-07-06,2021-01-15,Resolved,0,High Court,High
LEG-0003789,LG-001197,Compensation Amount Dispute,2020-06-10,,Stay Order Issued,2211,Revenue Tribunal,Medium
LEG-0003790,LG-001197,Environmental Challenge,2020-02-19,,Pending,2323,High Court,Medium
LEG-0003791,LG-001197,R&R Dispute,2019-12-27,2020-07-27,Resolved,0,Revenue Tribunal,Low
LEG-0003792,LG-001200,R&R Dispute,2020-07-14,,Under Hearing,2177,District Court,High
LEG-0003793,LG-001200,Compensation Amount Dispute,2021-06-28,2021-12-22,Resolved,0,Revenue Tribunal,High
