project_id,project_name,project_type,state,district,project_manager_id,village_count,land_area_acres,affected_families,total_landowners,project_budget,planned_start_date,planned_completion_date,current_stage,project_status,created_at,updated_at
LG-000001,Ananthapuramu Railway Smart City Water Network,Railway,Andhra Pradesh,Ananthapuramu,USR-00935,14,6881.22,2172,3947,90534595743.02,2018-11-14,2022-11-13,Land Identification,Active,2018-11-14 09:00:00,2018-12-16 09:00:00
LG-000002,Annamayya Urban Development Expressway Development,Urban Development,Andhra Pradesh,Annamayya,USR-00935,38,276.27,2565,4918,39671477607.25,2018-10-23,2021-10-22,Approval,Completed,2018-10-23 09:00:00,2018-12-24 09:00:00
LG-000003,Alluri Sitharama Raju Industrial Corridor Greenfield Connector,Industrial Corridor,Andhra Pradesh,Alluri Sitharama Raju,USR-00935,38,3333.31,832,1966,9980172657.22,2018-12-05,2023-12-04,Legal Resolution,Completed,2018-12-05 09:00:00,2019-03-04 09:00:00
LG-000004,Anakapalli Highway Metro Line Extension,Highway,Andhra Pradesh,Anakapalli,USR-00935,5,930.42,709,883,74461451029.5,2024-03-18,2026-03-18,Objection/Hearing,Active,2024-03-18 09:00:00,2025-01-09 09:00:00
LG-000005,Bapatla Highway Irrigation Modernization,Highway,Andhra Pradesh,Bapatla,USR-00935,3,2883.06,3880,8062,75886527065.01,2021-10-01,2023-10-01,Legal Resolution,Active,2021-10-01 09:00:00,2021-10-20 09:00:00
LG-000006,Chittoor Water Supply Expressway Development,Water Supply,Andhra Pradesh,Chittoor,USR-00935,17,1979.09,4522,6756,30289432364.83,2018-09-21,2021-09-20,R&R,Completed,2018-09-21 09:00:00,2018-12-18 09:00:00
LG-000007,East Godavari Water Supply Power Grid Link,Water Supply,Andhra Pradesh,East Godavari,USR-00935,16,6809.81,4890,11366,52555410555.45,2023-06-03,2029-06-01,R&R,Active,2023-06-03 09:00:00,2023-08-09 09:00:00
LG-000008,Eluru Highway Metro Line Extension,Highway,Andhra Pradesh,Eluru,USR-00935,32,2296.82,4540,11007,18581927211.08,2023-07-03,2029-07-01,Possession,Completed,2023-07-03 09:00:00,2023-12-11 09:00:00
LG-000009,Guntur Power Project Industrial Cluster Feeder,Power Project,Andhra Pradesh,Guntur,USR-00935,32,4167.99,3646,6515,56544125946.51,2020-01-09,2023-01-08,Approval,Active,2020-01-09 09:00:00,2020-10-20 09:00:00
LG-000010,Kakinada Highway Expressway Development,Highway,Andhra Pradesh,Kakinada,USR-00935,37,6747.72,954,1391,266824918.19,2019-01-16,2023-01-15,Land Identification,Completed,2019-01-16 09:00:00,2019-08-10 09:00:00
LG-000011,NTR Highway Metro Line Extension,Highway,Andhra Pradesh,NTR,USR-00935,3,920.77,1915,3725,52649586929.71,2020-10-07,2023-10-07,Land Identification,Completed,2020-10-07 09:00:00,2021-04-09 09:00:00
LG-000012,Nandyal Urban Development Bypass Construction,Urban Development,Andhra Pradesh,Nandyal,USR-00935,36,3510.6,1349,3086,74898623837.15,2020-01-13,2022-01-12,Survey,Active,2020-01-13 09:00:00,2020-04-15 09:00:00
LG-000013,Palnadu Highway Smart City Water Network,Highway,Andhra Pradesh,Palnadu,USR-00935,34,5240.57,790,1367,48198148435.29,2023-11-13,2026-11-12,Final Handover,Cancelled,2023-11-13 09:00:00,2024-09-03 09:00:00
LG-000014,Parvathipuram Manyam Water Supply Smart City Water Network,Water Supply,Andhra Pradesh,Parvathipuram Manyam,USR-00935,25,9161.01,938,1577,72400321080.91,2022-06-17,2028-06-15,Land Identification,Active,2022-06-17 09:00:00,2023-02-10 09:00:00
LG-000015,Prakasam Industrial Corridor Bypass Construction,Industrial Corridor,Andhra Pradesh,Prakasam,USR-00935,39,409.58,4363,7885,9328064680.47,2019-10-18,2021-10-17,Final Handover,On Hold,2019-10-18 09:00:00,2020-06-04 09:00:00
LG-000016,Sri Potti Sriramulu Nellore Dam Industrial Cluster Feeder,Dam,Andhra Pradesh,Sri Potti Sriramulu Nellore,USR-00935,24,3663.48,3291,4924,57145257720.74,2023-04-27,2025-04-26,Possession,Completed,2023-04-27 09:00:00,2023-09-22 09:00:00
LG-000017,Sri Sathya Sai Water Supply Freight Corridor Expansion,Water Supply,Andhra Pradesh,Sri Sathya Sai,USR-00935,4,3568.07,1270,2654,12591487491.95,2020-09-26,2024-09-25,Approval,Active,2020-09-26 09:00:00,2021-05-18 09:00:00
LG-000018,Srikakulam Industrial Corridor Power Grid Link,Industrial Corridor,Andhra Pradesh,Srikakulam,USR-00935,13,6859.89,1287,2790,11246050361.1,2019-10-05,2023-10-04,Land Identification,Active,2019-10-05 09:00:00,2019-10-22 09:00:00
LG-000019,Tirupati Water Supply Bypass Construction,Water Supply,Andhra Pradesh,Tirupati,USR-00935,39,85.6,4493,6736,55759289340.41,2018-03-05,2020-03-04,Approval,On Hold,2018-03-05 09:00:00,2018-09-09 09:00:00
LG-000020,Visakhapatnam Highway Power Grid Link,Highway,Andhra Pradesh,Visakhapatnam,USR-00935,21,2021.54,2357,3530,77280981869.3,2018-05-05,2021-05-04,Final Handover,Active,2018-05-05 09:00:00,2018-10-02 09:00:00
LG-000021,Vizianagaram Highway Metro Line Extension,Highway,Andhra Pradesh,Vizianagaram,USR-00935,27,7708.27,1959,4011,16736653257.71,2023-06-02,2027-06-01,Possession,Active,2023-06-02 09:00:00,2023-08-10 09:00:00
LG-000022,West Godavari Highway Expressway Development,Highway,Andhra Pradesh,West Godavari,USR-00935,4,9250.12,1450,1921,48511288988.48,2018-04-24,2023-04-23,Survey,Active,2018-04-24 09:00:00,2018-10-17 09:00:00
LG-000023,YSR Kadapa Highway Bypass Construction,Highway,Andhra Pradesh,YSR Kadapa,USR-00935,13,5842.65,1829,4034,19579610186.85,2022-08-22,2024-08-21,Survey,Active,2022-08-22 09:00:00,2023-05-21 09:00:00
LG-000024,Dr. B.R. Ambedkar Konaseema Urban Development Greenfield Connector,Urban Development,Andhra Pradesh,Dr. B.R. Ambedkar Konaseema,USR-00935,9,4968.24,2969,6235,72216435864.87,2020-08-04,2025-08-03,Survey,Active,2020-08-04 09:00:00,2021-01-06 09:00:00
LG-000025,Kurnool Dam Irrigation Modernization,Dam,Andhra Pradesh,Kurnool,USR-00935,7,1768.04,2259,3895,86291364368.37,2021-09-12,2023-09-12,Land Identification,Active,2021-09-12 09:00:00,2022-03-03 09:00:00
LG-000026,Anjaw Railway Smart City Water Network,Railway,Arunachal Pradesh,Anjaw,USR-00877,2,2857.13,1009,1708,92915552783.55,2024-06-05,2026-06-05,Survey,Completed,2024-06-05 09:00:00,2024-07-26 09:00:00
LG-000027,Changlang Railway Freight Corridor Expansion,Railway,Arunachal Pradesh,Changlang,USR-00874,29,1472.93,91,229,94364847602.38,2020-06-13,2023-06-13,Survey,On Hold,2020-06-13 09:00:00,2021-01-31 09:00:00
LG-000028,Dibang Valley Highway Industrial Cluster Feeder,Highway,Arunachal Pradesh,Dibang Valley,USR-00944,15,9139.08,162,281,67512991927.56,2024-09-21,2027-09-21,Approval,On Hold,2024-09-21 09:00:00,2025-03-05 09:00:00
LG-000029,East Kameng Highway Irrigation Modernization,Highway,Arunachal Pradesh,East Kameng,USR-00944,20,5853.53,4213,10322,31125712140.36,2024-03-05,2029-03-04,R&R,Completed,2024-03-05 09:00:00,2024-08-20 09:00:00
LG-000030,East Siang Canal Irrigation Modernization,Canal,Arunachal Pradesh,East Siang,USR-00944,29,658.42,3280,6405,52590391915.41,2021-08-15,2027-08-14,Possession,Cancelled,2021-08-15 09:00:00,2021-09-14 09:00:00
LG-000031,Kamle Highway Power Grid Link,Highway,Arunachal Pradesh,Kamle,USR-00874,39,5791.85,1332,1498,64443295098.12,2021-12-19,2023-12-19,Compensation,Active,2021-12-19 09:00:00,2022-09-20 09:00:00
LG-000032,Kra Daadi Dam Metro Line Extension,Dam,Arunachal Pradesh,Kra Daadi,USR-00874,19,7047.32,3095,3685,15278696317.97,2024-12-26,2027-12-26,Approval,Active,2024-12-26 09:00:00,2025-01-31 09:00:00
LG-000033,Kurung Kumey Power Project Expressway Development,Power Project,Arunachal Pradesh,Kurung Kumey,USR-00944,24,8397.3,4218,6734,42277999658.93,2019-06-04,2023-06-03,Compensation,Active,2019-06-04 09:00:00,2019-10-19 09:00:00
LG-000034,Lepa Rada Canal Metro Line Extension,Canal,Arunachal Pradesh,Lepa Rada,USR-00944,33,3853.82,3206,5347,20700390385.05,2019-10-07,2025-10-05,Land Identification,Active,2019-10-07 09:00:00,2019-10-21 09:00:00
LG-000035,Lohit Power Project Bypass Construction,Power Project,Arunachal Pradesh,Lohit,USR-00877,31,475.89,2587,3207,857788289.89,2024-05-13,2030-05-12,Objection/Hearing,On Hold,2024-05-13 09:00:00,2024-08-30 09:00:00
LG-000036,Longding Highway Freight Corridor Expansion,Highway,Arunachal Pradesh,Longding,USR-00944,37,4302.44,3208,7934,40317870754.81,2022-03-14,2025-03-13,Objection/Hearing,Active,2022-03-14 09:00:00,2022-05-13 09:00:00
LG-000037,Lower Dibang Valley Dam Freight Corridor Expansion,Dam,Arunachal Pradesh,Lower Dibang Valley,USR-00944,14,151.02,1780,3153,18799863811.88,2020-04-27,2026-04-26,Survey,Completed,2020-04-27 09:00:00,2021-02-01 09:00:00
LG-000038,Lower Subansiri Canal Freight Corridor Expansion,Canal,Arunachal Pradesh,Lower Subansiri,USR-00944,26,1276.84,58,139,46027473087.32,2018-01-09,2020-01-09,Land Identification,Active,2018-01-09 09:00:00,2018-07-08 09:00:00
LG-000039,Namsai Railway Metro Line Extension,Railway,Arunachal Pradesh,Namsai,USR-00944,20,7819.79,1875,2126,2645118408.97,2022-10-28,2027-10-27,Approval,Active,2022-10-28 09:00:00,2022-11-16 09:00:00
LG-000040,Pakke Kessang Canal Smart City Water Network,Canal,Arunachal Pradesh,Pakke Kessang,USR-00874,8,833.43,3459,6264,57605414962.88,2024-04-06,2029-04-05,Final Handover,Active,2024-04-06 09:00:00,2024-04-23 09:00:00
LG-000041,Papum Pare Power Project Ring Road Phase II,Power Project,Arunachal Pradesh,Papum Pare,USR-00944,8,8133.7,3105,6276,81831405708.08,2024-02-03,2026-02-02,Notification,Active,2024-02-03 09:00:00,2024-10-28 09:00:00
LG-000042,National Highway 44 Bypass (Shi Yomi Corridor),Highway,Arunachal Pradesh,Shi Yomi,USR-00944,14,800.0,450,650,4500000000.0,2024-11-12,2029-11-11,Compensation,Active,2024-11-12 09:00:00,2025-03-11 09:00:00
LG-000043,Siang Dam Freight Corridor Expansion,Dam,Arunachal Pradesh,Siang,USR-00877,39,1134.6,309,599,24870185506.88,2022-02-05,2025-02-04,Survey,Cancelled,2022-02-05 09:00:00,2022-10-25 09:00:00
LG-000044,Tawang Urban Development Ring Road Phase II,Urban Development,Arunachal Pradesh,Tawang,USR-00874,31,7136.53,2425,3240,12864023081.22,2020-07-09,2023-07-09,Possession,Active,2020-07-09 09:00:00,2020-08-02 09:00:00
LG-000045,Tirap Railway Metro Line Extension,Railway,Arunachal Pradesh,Tirap,USR-00874,14,1857.72,3846,5484,33307879685.66,2023-05-09,2029-05-07,Final Handover,Completed,2023-05-09 09:00:00,2023-05-30 09:00:00
LG-000046,Upper Siang Urban Development Irrigation Modernization,Urban Development,Arunachal Pradesh,Upper Siang,USR-00944,20,3299.69,3795,7763,51695266795.98,2024-03-11,2029-03-10,Notification,Active,2024-03-11 09:00:00,2024-09-28 09:00:00
LG-000047,Upper Subansiri Airport Metro Line Extension,Airport,Arunachal Pradesh,Upper Subansiri,USR-00874,37,8636.84,315,806,74441190485.7,2023-01-07,2029-01-05,Compensation,Completed,2023-01-07 09:00:00,2023-04-19 09:00:00
LG-000048,West Kameng Airport Ring Road Phase II,Airport,Arunachal Pradesh,West Kameng,USR-00877,28,4054.3,3098,3771,49129028300.5,2022-08-20,2027-08-19,Objection/Hearing,Completed,2022-08-20 09:00:00,2023-02-02 09:00:00
LG-000049,West Siang Power Project Irrigation Modernization,Power Project,Arunachal Pradesh,West Siang,USR-00944,27,3178.58,2022,4694,76264400771.3,2020-10-25,2026-10-24,Legal Resolution,Active,2020-10-25 09:00:00,2021-08-02 09:00:00
LG-000050,Itanagar Airport Metro Line Extension,Airport,Arunachal Pradesh,Itanagar,USR-00874,23,7427.08,3945,6409,76343613798.2,2022-12-07,2025-12-06,Objection/Hearing,Completed,2022-12-07 09:00:00,2023-03-14 09:00:00
LG-000051,Bichom Highway Ring Road Phase II,Highway,Arunachal Pradesh,Bichom,USR-00877,32,254.66,3409,6381,20020438982.7,2019-04-19,2024-04-17,Land Identification,Active,2019-04-19 09:00:00,2019-05-02 09:00:00
LG-000052,Bajali Water Supply Irrigation Modernization,Water Supply,Assam,Bajali,USR-00909,15,3413.9,4790,10958,71385656581.02,2018-03-05,2021-03-04,Survey,Completed,2018-03-05 09:00:00,2018-12-28 09:00:00
LG-000053,Baksa Dam Bypass Construction,Dam,Assam,Baksa,USR-00967,11,8921.01,1815,2711,23884686617.03,2021-10-28,2027-10-27,Notification,Active,2021-10-28 09:00:00,2022-05-23 09:00:00
LG-000054,Barpeta Power Project Irrigation Modernization,Power Project,Assam,Barpeta,USR-01014,27,9596.99,2020,4947,92275445146.24,2020-01-12,2025-01-10,Notification,Active,2020-01-12 09:00:00,2020-08-06 09:00:00
LG-000055,Biswanath Dam Expressway Development,Dam,Assam,Biswanath,USR-00967,36,7299.22,2488,6020,89560007933.81,2018-06-06,2023-06-05,Final Handover,Completed,2018-06-06 09:00:00,2018-09-22 09:00:00
LG-000056,Bongaigaon Metro Ring Road Phase II,Metro,Assam,Bongaigaon,USR-00967,21,1864.07,772,1826,60294611975.17,2020-02-04,2024-02-03,Survey,Active,2020-02-04 09:00:00,2020-08-02 09:00:00
LG-000057,Cachar Water Supply Expressway Development,Water Supply,Assam,Cachar,USR-01014,33,5837.13,4725,7066,69640944510.64,2024-08-18,2027-08-18,Objection/Hearing,Active,2024-08-18 09:00:00,2024-09-10 09:00:00
LG-000058,Charaideo Highway Bypass Construction,Highway,Assam,Charaideo,USR-00967,34,5062.06,194,434,36843495675.71,2023-09-17,2026-09-16,R&R,Completed,2023-09-17 09:00:00,2024-02-15 09:00:00
LG-000059,Chirang Industrial Corridor Expressway Development,Industrial Corridor,Assam,Chirang,USR-01014,12,8395.08,1837,2791,77629115312.33,2021-10-18,2023-10-18,Compensation,Cancelled,2021-10-18 09:00:00,2022-05-24 09:00:00
LG-000060,Darrang Dam Irrigation Modernization,Dam,Assam,Darrang,USR-00967,20,8827.26,2776,6386,51225441410.16,2018-11-03,2022-11-02,Final Handover,Active,2018-11-03 09:00:00,2019-05-09 09:00:00
LG-000061,Dhemaji Industrial Corridor Freight Corridor Expansion,Industrial Corridor,Assam,Dhemaji,USR-00967,6,5205.51,3412,5021,20403663832.97,2021-06-01,2027-05-31,R&R,On Hold,2021-06-01 09:00:00,2021-09-03 09:00:00
LG-000062,Dhubri Metro Irrigation Modernization,Metro,Assam,Dhubri,USR-01014,22,8601.24,4732,9623,15021306562.55,2021-03-01,2027-02-28,Notification,Active,2021-03-01 09:00:00,2021-06-18 09:00:00
LG-000063,Dibrugarh Canal Bypass Construction,Canal,Assam,Dibrugarh,USR-00909,19,5836.98,943,2384,80703270611.81,2023-05-06,2028-05-04,Survey,Active,2023-05-06 09:00:00,2023-07-26 09:00:00
LG-000064,Dima Hasao Dam Greenfield Connector,Dam,Assam,Dima Hasao,USR-00909,37,7535.02,352,661,86631212315.31,2024-09-05,2026-09-05,Legal Resolution,Active,2024-09-05 09:00:00,2025-02-01 09:00:00
LG-000065,Goalpara Railway Greenfield Connector,Railway,Assam,Goalpara,USR-00909,14,8198.1,2972,6168,60280712831.9,2021-12-26,2027-12-25,Approval,Active,2021-12-26 09:00:00,2022-02-28 09:00:00
LG-000066,Golaghat Power Project Power Grid Link,Power Project,Assam,Golaghat,USR-01014,6,1379.77,3448,4181,92420356240.53,2018-08-03,2020-08-02,Objection/Hearing,Active,2018-08-03 09:00:00,2019-02-08 09:00:00
LG-000067,Hailakandi Highway Ring Road Phase II,Highway,Assam,Hailakandi,USR-00967,23,1278.04,267,654,4570257030.97,2023-05-03,2025-05-02,Possession,Active,2023-05-03 09:00:00,2024-02-14 09:00:00
LG-000068,Hojai Canal Industrial Cluster Feeder,Canal,Assam,Hojai,USR-00967,22,8865.63,3345,4883,298554988.14,2020-12-26,2026-12-25,Land Identification,Completed,2020-12-26 09:00:00,2021-05-03 09:00:00
LG-000069,Jorhat Canal Metro Line Extension,Canal,Assam,Jorhat,USR-01014,9,5781.5,3289,6789,18838144573.76,2018-02-09,2020-02-09,Legal Resolution,Completed,2018-02-09 09:00:00,2018-03-14 09:00:00
LG-000070,Kamrup Power Project Industrial Cluster Feeder,Power Project,Assam,Kamrup,USR-00909,22,3101.49,262,686,72510870310.04,2023-06-06,2026-06-05,Possession,Active,2023-06-06 09:00:00,2023-08-18 09:00:00
LG-000071,Kamrup Metropolitan Metro Irrigation Modernization,Metro,Assam,Kamrup Metropolitan,USR-00967,13,8291.56,1300,3140,3358212259.7,2019-05-15,2023-05-14,Approval,Active,2019-05-15 09:00:00,2019-08-26 09:00:00
LG-000072,Karbi Anglong Highway Greenfield Connector,Highway,Assam,Karbi Anglong,USR-01014,10,8699.91,4461,7548,99143480042.46,2018-02-25,2024-02-24,Notification,Active,2018-02-25 09:00:00,2018-05-02 09:00:00
LG-000073,Karimganj Industrial Corridor Irrigation Modernization,Industrial Corridor,Assam,Karimganj,USR-00967,30,410.06,3288,4994,90174163128.88,2024-09-06,2028-09-05,Land Identification,Active,2024-09-06 09:00:00,2025-06-16 09:00:00
LG-000074,Kokrajhar Urban Development Metro Line Extension,Urban Development,Assam,Kokrajhar,USR-01014,33,5352.47,1830,2551,21785146214.92,2024-02-23,2027-02-22,Survey,Active,2024-02-23 09:00:00,2024-07-04 09:00:00
LG-000075,Lakhimpur Highway Freight Corridor Expansion,Highway,Assam,Lakhimpur,USR-00967,17,1444.25,3448,4812,93363356367.89,2024-02-09,2028-02-08,R&R,Active,2024-02-09 09:00:00,2024-07-06 09:00:00
LG-000076,Majuli Water Supply Power Grid Link,Water Supply,Assam,Majuli,USR-00967,26,6087.14,1057,2421,97964944987.18,2022-05-17,2027-05-16,Notification,Active,2022-05-17 09:00:00,2022-10-12 09:00:00
LG-000077,Morigaon Water Supply Expressway Development,Water Supply,Assam,Morigaon,USR-00967,40,899.36,1948,2197,71920657803.08,2019-12-10,2024-12-08,Final Handover,Active,2019-12-10 09:00:00,2020-03-05 09:00:00
LG-000078,Nagaon Airport Ring Road Phase II,Airport,Assam,Nagaon,USR-00967,13,7988.06,1115,1589,96401236394.35,2024-02-13,2030-02-11,Documentation,Active,2024-02-13 09:00:00,2024-03-13 09:00:00
LG-000079,Nalbari Canal Ring Road Phase II,Canal,Assam,Nalbari,USR-00967,11,6175.55,4459,7249,26827804613.98,2021-10-18,2024-10-17,R&R,Completed,2021-10-18 09:00:00,2021-11-13 09:00:00
LG-000080,Sivasagar Water Supply Freight Corridor Expansion,Water Supply,Assam,Sivasagar,USR-00967,21,958.99,1729,3657,10045747641.27,2018-05-08,2020-05-07,Final Handover,Active,2018-05-08 09:00:00,2019-02-06 09:00:00
LG-000081,Sonitpur Metro Greenfield Connector,Metro,Assam,Sonitpur,USR-00967,5,2633.27,3510,4142,84644532821.76,2021-12-04,2025-12-03,Final Handover,On Hold,2021-12-04 09:00:00,2022-04-06 09:00:00
LG-000082,South Salmara-Mankachar Highway Metro Line Extension,Highway,Assam,South Salmara-Mankachar,USR-01014,24,2501.47,1506,2841,56991922464.3,2024-12-02,2027-12-02,Compensation,On Hold,2024-12-02 09:00:00,2025-06-22 09:00:00
LG-000083,Tinsukia Canal Irrigation Modernization,Canal,Assam,Tinsukia,USR-01014,19,8498.75,65,123,49080344484.45,2023-03-11,2026-03-10,Survey,Active,2023-03-11 09:00:00,2023-04-27 09:00:00
LG-000084,Udalguri Canal Ring Road Phase II,Canal,Assam,Udalguri,USR-01014,21,2592.74,2249,5606,95182409739.31,2020-05-24,2026-05-23,Land Identification,Cancelled,2020-05-24 09:00:00,2020-10-25 09:00:00
LG-000085,West Karbi Anglong Canal Metro Line Extension,Canal,Assam,West Karbi Anglong,USR-00967,1,2089.21,2971,3514,79759069530.63,2022-06-06,2028-06-04,Objection/Hearing,Active,2022-06-06 09:00:00,2023-02-28 09:00:00
LG-000086,Araria Power Project Bypass Construction,Power Project,Bihar,Araria,USR-00979,31,5971.84,4727,11020,84071556751.44,2019-09-09,2021-09-08,Objection/Hearing,Active,2019-09-09 09:00:00,2020-01-04 09:00:00
LG-000087,Arwal Highway Bypass Construction,Highway,Bihar,Arwal,USR-00994,29,8785.85,3699,7307,5353147111.63,2019-11-10,2023-11-09,Documentation,Active,2019-11-10 09:00:00,2020-05-20 09:00:00
LG-000088,Aurangabad Highway Expressway Development,Highway,Bihar,Aurangabad,USR-00908,8,2621.93,4829,8446,46661006170.65,2019-02-05,2021-02-04,Objection/Hearing,Active,2019-02-05 09:00:00,2019-07-13 09:00:00
LG-000089,Banka Highway Expressway Development,Highway,Bihar,Banka,USR-00978,7,3948.64,4231,8587,46195844771.02,2019-01-16,2022-01-15,Land Identification,Active,2019-01-16 09:00:00,2019-09-25 09:00:00
LG-000090,Begusarai Highway Industrial Cluster Feeder,Highway,Bihar,Begusarai,USR-00994,39,2837.62,4681,11627,22098362302.53,2018-06-04,2024-06-02,Land Identification,Active,2018-06-04 09:00:00,2018-12-05 09:00:00
LG-000091,Bhagalpur Metro Irrigation Modernization,Metro,Bihar,Bhagalpur,USR-00978,23,7520.21,1774,2271,58641079673.45,2018-05-18,2022-05-17,R&R,Active,2018-05-18 09:00:00,2018-05-31 09:00:00
LG-000092,Bhojpur Urban Development Freight Corridor Expansion,Urban Development,Bihar,Bhojpur,USR-01008,40,4419.68,1775,2614,86648609720.89,2019-10-04,2023-10-03,Survey,Active,2019-10-04 09:00:00,2020-05-24 09:00:00
LG-000093,Buxar Highway Freight Corridor Expansion,Highway,Bihar,Buxar,USR-01002,11,3212.95,4252,6907,42652645638.5,2018-09-15,2021-09-14,Approval,Active,2018-09-15 09:00:00,2018-09-28 09:00:00
LG-000094,Darbhanga Highway Industrial Cluster Feeder,Highway,Bihar,Darbhanga,USR-00994,16,4335.77,4318,10274,35759928854.76,2023-11-13,2026-11-12,Survey,Active,2023-11-13 09:00:00,2024-07-15 09:00:00
LG-000095,East Champaran Highway Metro Line Extension,Highway,Bihar,East Champaran,USR-01002,29,2288.22,4024,9577,31480080468.44,2024-06-22,2026-06-22,Final Handover,Active,2024-06-22 09:00:00,2024-11-02 09:00:00
LG-000096,Gaya Highway Ring Road Phase II,Highway,Bihar,Gaya,USR-01005,1,6053.78,1695,2560,68980471973.26,2020-05-21,2022-05-21,Final Handover,Active,2020-05-21 09:00:00,2021-03-01 09:00:00
LG-000097,Gopalganj Railway Freight Corridor Expansion,Railway,Bihar,Gopalganj,USR-01008,28,788.16,1740,3501,85417053433.71,2021-04-04,2026-04-03,Objection/Hearing,Active,2021-04-04 09:00:00,2021-07-25 09:00:00
LG-000098,Jamui Canal Ring Road Phase II,Canal,Bihar,Jamui,USR-01002,34,5397.2,1894,4629,20876608264.89,2018-12-17,2023-12-16,Objection/Hearing,Active,2018-12-17 09:00:00,2019-08-07 09:00:00
LG-000099,Jehanabad Highway Power Grid Link,Highway,Bihar,Jehanabad,USR-01008,19,8396.32,2748,3582,84845680275.59,2023-08-26,2027-08-25,Legal Resolution,Completed,2023-08-26 09:00:00,2023-09-19 09:00:00
LG-000100,Kaimur Power Project Freight Corridor Expansion,Power Project,Bihar,Kaimur,USR-00978,27,9717.56,3142,7805,69005271847.47,2018-01-25,2024-01-24,Survey,Active,2018-01-25 09:00:00,2018-04-12 09:00:00
LG-000101,Katihar Metro Metro Line Extension,Metro,Bihar,Katihar,USR-00979,33,204.35,3280,4927,21888900117.94,2023-05-19,2027-05-18,Notification,On Hold,2023-05-19 09:00:00,2024-01-27 09:00:00
LG-000102,Khagaria Highway Greenfield Connector,Highway,Bihar,Khagaria,USR-00979,31,1352.25,2896,7041,96192807364.71,2021-05-04,2024-05-03,Objection/Hearing,Active,2021-05-04 09:00:00,2021-11-05 09:00:00
LG-000103,Kishanganj Industrial Corridor Bypass Construction,Industrial Corridor,Bihar,Kishanganj,USR-00978,2,3881.3,2059,4600,3328704286.04,2023-12-25,2028-12-23,Possession,Completed,2023-12-25 09:00:00,2024-01-11 09:00:00
LG-000104,Lakhisarai Highway Power Grid Link,Highway,Bihar,Lakhisarai,USR-01008,13,6850.42,1991,2348,21575356011.85,2019-05-09,2024-05-07,Possession,Active,2019-05-09 09:00:00,2019-05-30 09:00:00
LG-000105,Madhepura Water Supply Industrial Cluster Feeder,Water Supply,Bihar,Madhepura,USR-01005,14,8024.68,3644,4476,16495719439.76,2024-08-11,2029-08-10,Land Identification,Active,2024-08-11 09:00:00,2025-01-22 09:00:00
LG-000106,Madhubani Power Project Ring Road Phase II,Power Project,Bihar,Madhubani,USR-01008,10,1540.08,2460,5995,30561786772.68,2022-10-06,2026-10-05,Survey,Active,2022-10-06 09:00:00,2023-04-24 09:00:00
LG-000107,Munger Canal Bypass Construction,Canal,Bihar,Munger,USR-00978,25,1584.49,2769,3672,63187319645.79,2018-03-05,2021-03-04,Land Identification,Completed,2018-03-05 09:00:00,2018-04-03 09:00:00
LG-000108,Muzaffarpur Highway Bypass Construction,Highway,Bihar,Muzaffarpur,USR-00908,34,5917.6,4177,6079,46735035501.13,2019-07-26,2021-07-25,Final Handover,Active,2019-07-26 09:00:00,2019-08-17 09:00:00
LG-000109,Nalanda Urban Development Metro Line Extension,Urban Development,Bihar,Nalanda,USR-01002,6,8412.29,2609,5478,67484676263.68,2024-11-13,2027-11-13,Land Identification,Completed,2024-11-13 09:00:00,2025-07-27 09:00:00
LG-000110,Nawada Canal Ring Road Phase II,Canal,Bihar,Nawada,USR-00908,24,5970.65,1493,1763,56357452717.52,2020-08-16,2026-08-15,Legal Resolution,Active,2020-08-16 09:00:00,2020-10-10 09:00:00
LG-000111,Patna Highway Power Grid Link,Highway,Bihar,Patna,USR-00978,9,4891.82,1580,3056,6181025275.46,2024-07-02,2026-07-02,Final Handover,Active,2024-07-02 09:00:00,2025-04-04 09:00:00
LG-000112,Purnia Canal Freight Corridor Expansion,Canal,Bihar,Purnia,USR-00908,24,499.69,2860,5850,47360800194.63,2024-11-08,2030-11-07,Final Handover,Active,2024-11-08 09:00:00,2025-02-15 09:00:00
LG-000113,Rohtas Railway Bypass Construction,Railway,Bihar,Rohtas,USR-00994,18,3913.33,4972,9154,17568555775.66,2019-12-27,2025-12-25,R&R,Active,2019-12-27 09:00:00,2020-05-31 09:00:00
LG-000114,Saharsa Highway Irrigation Modernization,Highway,Bihar,Saharsa,USR-01005,6,3007.71,3075,5548,29592194587.32,2018-04-02,2021-04-01,Documentation,Active,2018-04-02 09:00:00,2018-12-10 09:00:00
LG-000115,Samastipur Railway Industrial Cluster Feeder,Railway,Bihar,Samastipur,USR-00908,17,4400.98,4260,6573,89859615977.84,2022-07-24,2027-07-23,Notification,Active,2022-07-24 09:00:00,2022-12-17 09:00:00
LG-000116,Saran Highway Irrigation Modernization,Highway,Bihar,Saran,USR-01002,11,4073.67,4693,11553,61454326986.64,2021-07-24,2023-07-24,Final Handover,Completed,2021-07-24 09:00:00,2021-10-17 09:00:00
LG-000117,Sheikhpura Power Project Bypass Construction,Power Project,Bihar,Sheikhpura,USR-00979,33,3753.83,4774,10791,96395559738.29,2024-02-22,2026-02-21,Objection/Hearing,Active,2024-02-22 09:00:00,2024-05-07 09:00:00
LG-000118,Sheohar Industrial Corridor Expressway Development,Industrial Corridor,Bihar,Sheohar,USR-01005,2,704.43,2420,5442,9476742896.52,2018-06-18,2020-06-17,R&R,Active,2018-06-18 09:00:00,2019-01-11 09:00:00
LG-000119,Sitamarhi Highway Irrigation Modernization,Highway,Bihar,Sitamarhi,USR-00908,14,885.63,1218,1911,17939350051.08,2020-03-11,2025-03-10,Approval,Active,2020-03-11 09:00:00,2020-04-07 09:00:00
LG-000120,Siwan Power Project Irrigation Modernization,Power Project,Bihar,Siwan,USR-00908,11,8550.98,4512,10360,86546952862.34,2024-11-21,2030-11-20,Documentation,Completed,2024-11-21 09:00:00,2025-02-04 09:00:00
LG-000121,Supaul Water Supply Metro Line Extension,Water Supply,Bihar,Supaul,USR-01005,4,1698.8,1654,2197,83967315091.6,2021-06-20,2026-06-19,Final Handover,Active,2021-06-20 09:00:00,2021-11-12 09:00:00
LG-000122,Vaishali Railway Freight Corridor Expansion,Railway,Bihar,Vaishali,USR-00994,39,8228.76,1362,3260,84970119925.16,2020-05-01,2023-05-01,Compensation,Active,2020-05-01 09:00:00,2020-05-26 09:00:00
LG-000123,West Champaran Power Project Metro Line Extension,Power Project,Bihar,West Champaran,USR-00994,39,8207.9,3339,4836,78491709183.04,2022-02-22,2028-02-21,Objection/Hearing,Active,2022-02-22 09:00:00,2022-11-01 09:00:00
LG-000124,Balod Water Supply Ring Road Phase II,Water Supply,Chhattisgarh,Balod,USR-00902,30,3272.12,2781,3676,94018252995.34,2023-04-13,2028-04-11,Land Identification,Cancelled,2023-04-13 09:00:00,2023-05-22 09:00:00
LG-000125,Baloda Bazar Power Project Expressway Development,Power Project,Chhattisgarh,Baloda Bazar,USR-00902,12,3519.67,305,739,20022690674.57,2020-07-21,2026-07-20,Compensation,Active,2020-07-21 09:00:00,2020-10-02 09:00:00
LG-000126,Balrampur Highway Industrial Cluster Feeder,Highway,Chhattisgarh,Balrampur,USR-00965,26,3609.37,111,169,98052585381.33,2024-02-11,2029-02-09,Possession,Active,2024-02-11 09:00:00,2024-08-02 09:00:00
LG-000127,Bastar Railway Power Grid Link,Railway,Chhattisgarh,Bastar,USR-00911,12,2180.46,4474,5661,8027029841.4,2024-09-27,2030-09-26,Survey,Active,2024-09-27 09:00:00,2025-02-01 09:00:00
LG-000128,Bemetara Highway Expressway Development,Highway,Chhattisgarh,Bemetara,USR-00968,12,2964.55,875,1833,66869965623.64,2023-01-09,2025-01-08,R&R,Active,2023-01-09 09:00:00,2023-01-30 09:00:00
LG-000129,Bijapur Highway Smart City Water Network,Highway,Chhattisgarh,Bijapur,USR-00968,30,7335.8,960,1305,72567525060.39,2023-05-22,2026-05-21,Legal Resolution,Completed,2023-05-22 09:00:00,2024-01-11 09:00:00
LG-000130,Bilaspur Highway Irrigation Modernization,Highway,Chhattisgarh,Bilaspur,USR-00902,3,3098.48,1861,3765,76545642292.17,2018-11-23,2022-11-22,Objection/Hearing,Active,2018-11-23 09:00:00,2019-06-26 09:00:00
LG-000131,Dantewada Water Supply Smart City Water Network,Water Supply,Chhattisgarh,Dantewada,USR-00965,31,7201.38,3162,5273,48070986914.54,2018-09-12,2021-09-11,Compensation,Cancelled,2018-09-12 09:00:00,2018-09-26 09:00:00
LG-000132,Dhamtari Highway Irrigation Modernization,Highway,Chhattisgarh,Dhamtari,USR-00911,32,4757.66,1817,3270,34321322576.5,2021-02-15,2024-02-15,Legal Resolution,Active,2021-02-15 09:00:00,2021-10-10 09:00:00
LG-000133,Durg Dam Metro Line Extension,Dam,Chhattisgarh,Durg,USR-00965,26,4589.92,206,274,50582928557.85,2020-07-14,2025-07-13,Notification,Completed,2020-07-14 09:00:00,2021-02-02 09:00:00
LG-000134,Gariaband Industrial Corridor Freight Corridor Expansion,Industrial Corridor,Chhattisgarh,Gariaband,USR-00965,7,7498.01,693,1188,11090562141.78,2021-12-18,2026-12-17,Compensation,Active,2021-12-18 09:00:00,2022-03-07 09:00:00
LG-000135,Gaurela-Pendra-Marwahi Highway Smart City Water Network,Highway,Chhattisgarh,Gaurela-Pendra-Marwahi,USR-01010,30,340.9,2270,3371,79923269628.9,2023-11-10,2026-11-09,Survey,Active,2023-11-10 09:00:00,2024-04-06 09:00:00
LG-000136,Janjgir-Champa Airport Smart City Water Network,Airport,Chhattisgarh,Janjgir-Champa,USR-00902,28,7425.9,1102,2071,63271011102.4,2023-07-14,2025-07-13,Possession,Active,2023-07-14 09:00:00,2024-02-23 09:00:00
LG-000137,Jashpur Power Project Irrigation Modernization,Power Project,Chhattisgarh,Jashpur,USR-00926,16,8250.17,58,75,96853790201.07,2020-03-28,2026-03-27,Documentation,Active,2020-03-28 09:00:00,2020-10-16 09:00:00
LG-000138,Kabirdham Industrial Corridor Smart City Water Network,Industrial Corridor,Chhattisgarh,Kabirdham,USR-00894,9,8457.33,3681,8985,41460945618.36,2022-11-11,2024-11-10,Survey,Active,2022-11-11 09:00:00,2023-03-28 09:00:00
LG-000139,Kanker Railway Ring Road Phase II,Railway,Chhattisgarh,Kanker,USR-00968,13,233.04,828,1533,23889438487.12,2023-04-21,2029-04-19,Possession,Active,2023-04-21 09:00:00,2023-12-16 09:00:00
LG-000140,Kondagaon Canal Metro Line Extension,Canal,Chhattisgarh,Kondagaon,USR-01010,12,5216.24,2381,3982,21354707361.08,2018-07-07,2021-07-06,Approval,Active,2018-07-07 09:00:00,2018-07-25 09:00:00
LG-000141,Korba Highway Irrigation Modernization,Highway,Chhattisgarh,Korba,USR-00926,7,612.35,435,795,25722987770.57,2023-04-19,2025-04-18,Possession,Active,2023-04-19 09:00:00,2023-06-04 09:00:00
LG-000142,Koriya Railway Power Grid Link,Railway,Chhattisgarh,Koriya,USR-00968,27,4090.5,2645,6615,73279075861.02,2022-08-27,2028-08-25,Objection/Hearing,Active,2022-08-27 09:00:00,2023-01-08 09:00:00
LG-000143,Mahasamund Highway Bypass Construction,Highway,Chhattisgarh,Mahasamund,USR-00911,32,4242.64,1316,1675,41693518541.32,2021-05-22,2026-05-21,Survey,Active,2021-05-22 09:00:00,2021-07-10 09:00:00
LG-000144,Manendragarh-Chirmiri-Bharatpur Canal Bypass Construction,Canal,Chhattisgarh,Manendragarh-Chirmiri-Bharatpur,USR-00894,19,2689.21,1838,4068,21362572811.5,2024-11-10,2027-11-10,Survey,Active,2024-11-10 09:00:00,2024-12-27 09:00:00
LG-000145,Mohla-Manpur-Ambagarh Chowki Railway Metro Line Extension,Railway,Chhattisgarh,Mohla-Manpur-Ambagarh Chowki,USR-00911,29,2142.51,1075,1792,53207925564.22,2020-01-07,2022-01-06,Legal Resolution,Active,2020-01-07 09:00:00,2020-01-21 09:00:00
LG-000146,Mungeli Highway Bypass Construction,Highway,Chhattisgarh,Mungeli,USR-00965,5,2711.42,4822,8610,97650902191.06,2021-01-19,2027-01-18,Compensation,Cancelled,2021-01-19 09:00:00,2021-07-10 09:00:00
LG-000147,Narayanpur Railway Metro Line Extension,Railway,Chhattisgarh,Narayanpur,USR-00911,11,2005.53,3243,5546,41382206514.35,2021-08-12,2025-08-11,Compensation,Completed,2021-08-12 09:00:00,2022-06-06 09:00:00
LG-000148,Raigarh Railway Irrigation Modernization,Railway,Chhattisgarh,Raigarh,USR-00968,24,7731.86,3952,6252,40202293260.12,2022-11-02,2028-10-31,R&R,Active,2022-11-02 09:00:00,2023-04-01 09:00:00
LG-000149,Raipur Industrial Corridor Bypass Construction,Industrial Corridor,Chhattisgarh,Raipur,USR-00965,14,1745.75,4719,8235,17473637739.33,2020-01-04,2024-01-03,Objection/Hearing,Active,2020-01-04 09:00:00,2020-05-20 09:00:00
LG-000150,Rajnandgaon Canal Metro Line Extension,Canal,Chhattisgarh,Rajnandgaon,USR-00911,14,5331.93,751,1562,63150235425.36,2018-08-06,2020-08-05,Final Handover,Active,2018-08-06 09:00:00,2018-12-19 09:00:00
LG-000151,Sarangarh-Bilaigarh Railway Metro Line Extension,Railway,Chhattisgarh,Sarangarh-Bilaigarh,USR-00902,22,1893.48,373,524,40506518522.54,2020-09-27,2024-09-26,Possession,On Hold,2020-09-27 09:00:00,2020-11-29 09:00:00
LG-000152,Sakti Metro Smart City Water Network,Metro,Chhattisgarh,Sakti,USR-00894,27,4853.77,2308,2585,4859837808.11,2023-08-26,2027-08-25,Compensation,On Hold,2023-08-26 09:00:00,2024-01-07 09:00:00
LG-000153,Sukma Highway Industrial Cluster Feeder,Highway,Chhattisgarh,Sukma,USR-01010,32,483.15,2492,5759,47752059450.13,2024-02-09,2026-02-08,Legal Resolution,Completed,2024-02-09 09:00:00,2024-08-18 09:00:00
LG-000154,Surajpur Airport Bypass Construction,Airport,Chhattisgarh,Surajpur,USR-00902,18,2508.53,2045,3572,42239100245.0,2022-02-10,2028-02-09,Legal Resolution,Active,2022-02-10 09:00:00,2022-09-10 09:00:00
LG-000155,Surguja Highway Smart City Water Network,Highway,Chhattisgarh,Surguja,USR-00894,38,5848.29,2202,4962,46537763569.94,2022-12-28,2028-12-26,Compensation,Completed,2022-12-28 09:00:00,2023-10-10 09:00:00
LG-000156,Khairagarh-Chhuikhadan-Gandai Power Project Freight Corridor Expansion,Power Project,Chhattisgarh,Khairagarh-Chhuikhadan-Gandai,USR-01010,17,77.56,2552,3722,91691515365.97,2021-09-10,2026-09-09,Compensation,Completed,2021-09-10 09:00:00,2021-10-10 09:00:00
LG-000157,North Goa Highway Greenfield Connector,Highway,Goa,North Goa,USR-00922,34,2201.94,1948,3840,83433268448.59,2024-10-17,2029-10-16,Final Handover,Completed,2024-10-17 09:00:00,2025-01-05 09:00:00
LG-000158,South Goa Railway Greenfield Connector,Railway,Goa,South Goa,USR-00896,18,8571.69,178,398,99681546119.9,2019-09-06,2021-09-05,Survey,Active,2019-09-06 09:00:00,2019-11-06 09:00:00
LG-000159,Ahmedabad Highway Smart City Water Network,Highway,Gujarat,Ahmedabad,USR-00886,1,6477.63,491,772,89570961477.97,2020-02-21,2022-02-20,Documentation,Completed,2020-02-21 09:00:00,2020-03-17 09:00:00
LG-000160,Amreli Urban Development Freight Corridor Expansion,Urban Development,Gujarat,Amreli,USR-00872,17,6238.3,3939,7052,58944972484.24,2023-08-06,2027-08-05,Objection/Hearing,Active,2023-08-06 09:00:00,2023-08-19 09:00:00
LG-000161,Anand Water Supply Freight Corridor Expansion,Water Supply,Gujarat,Anand,USR-00988,38,3845.53,2468,2986,31917192043.21,2022-09-20,2028-09-18,R&R,Completed,2022-09-20 09:00:00,2022-09-30 09:00:00
LG-000162,Aravalli Water Supply Metro Line Extension,Water Supply,Gujarat,Aravalli,USR-00897,8,6868.56,4778,11537,33718205466.46,2024-05-12,2030-05-11,Survey,Completed,2024-05-12 09:00:00,2024-11-26 09:00:00
LG-000163,Banaskantha Water Supply Power Grid Link,Water Supply,Gujarat,Banaskantha,USR-00872,29,2518.52,1771,3133,4535461501.98,2018-09-09,2021-09-08,Approval,Active,2018-09-09 09:00:00,2019-02-13 09:00:00
LG-000164,Bharuch Canal Industrial Cluster Feeder,Canal,Gujarat,Bharuch,USR-00897,26,9316.26,2006,4138,74136320163.17,2021-02-28,2027-02-27,Objection/Hearing,Active,2021-02-28 09:00:00,2021-07-27 09:00:00
LG-000165,Bhavnagar Urban Development Freight Corridor Expansion,Urban Development,Gujarat,Bhavnagar,USR-00975,34,7664.78,4255,7246,91292060878.43,2018-09-23,2021-09-22,Notification,Active,2018-09-23 09:00:00,2019-03-17 09:00:00
LG-000166,Botad Railway Smart City Water Network,Railway,Gujarat,Botad,USR-00886,16,7910.92,1910,2457,27294431426.19,2019-10-26,2023-10-25,Notification,Completed,2019-10-26 09:00:00,2020-03-22 09:00:00
LG-000167,Chhota Udaipur Water Supply Irrigation Modernization,Water Supply,Gujarat,Chhota Udaipur,USR-00886,2,7879.52,274,316,39271010216.45,2020-06-09,2025-06-08,Legal Resolution,Active,2020-06-09 09:00:00,2020-12-13 09:00:00
LG-000168,Dahod Airport Metro Line Extension,Airport,Gujarat,Dahod,USR-00872,28,7007.67,2900,4465,80743054407.85,2018-11-25,2024-11-23,Survey,Active,2018-11-25 09:00:00,2019-01-29 09:00:00
LG-000169,Dang Highway Freight Corridor Expansion,Highway,Gujarat,Dang,USR-00872,9,9731.47,2835,3628,3988233330.18,2021-03-10,2025-03-09,Final Handover,On Hold,2021-03-10 09:00:00,2021-10-23 09:00:00
LG-000170,Devbhumi Dwarka Power Project Smart City Water Network,Power Project,Gujarat,Devbhumi Dwarka,USR-00897,24,8031.61,1952,2301,89488027327.55,2019-10-01,2021-09-30,Survey,Active,2019-10-01 09:00:00,2020-02-24 09:00:00
LG-000171,Gandhinagar Highway Irrigation Modernization,Highway,Gujarat,Gandhinagar,USR-00897,22,8191.24,3032,6788,66802436749.58,2023-02-26,2025-02-25,Notification,Completed,2023-02-26 09:00:00,2023-04-08 09:00:00
LG-000172,Gir Somnath Power Project Bypass Construction,Power Project,Gujarat,Gir Somnath,USR-00872,34,2351.12,3167,5540,6674264544.6,2018-09-23,2021-09-22,Legal Resolution,Active,2018-09-23 09:00:00,2019-02-08 09:00:00
LG-000173,Jamnagar Metro Ring Road Phase II,Metro,Gujarat,Jamnagar,USR-00897,27,3569.89,2722,5232,70731990195.1,2020-07-18,2026-07-17,Possession,Completed,2020-07-18 09:00:00,2021-02-18 09:00:00
LG-000174,Junagadh Highway Ring Road Phase II,Highway,Gujarat,Junagadh,USR-00897,15,266.03,4785,9463,46620179067.1,2022-06-10,2026-06-09,Approval,Active,2022-06-10 09:00:00,2022-09-18 09:00:00
LG-000175,Kheda Railway Power Grid Link,Railway,Gujarat,Kheda,USR-00988,8,8204.68,2256,3168,41634556250.03,2021-05-07,2024-05-06,Objection/Hearing,Completed,2021-05-07 09:00:00,2021-07-08 09:00:00
LG-000176,Kutch Highway Expressway Development,Highway,Gujarat,Kutch,USR-00872,9,1252.03,3392,8503,29864096596.33,2023-11-02,2025-11-01,Survey,Active,2023-11-02 09:00:00,2023-12-21 09:00:00
LG-000177,Mahisagar Industrial Corridor Metro Line Extension,Industrial Corridor,Gujarat,Mahisagar,USR-00975,8,1137.81,4327,9690,33056906421.5,2024-02-04,2028-02-03,Survey,Completed,2024-02-04 09:00:00,2024-10-23 09:00:00
LG-000178,Mehsana Railway Metro Line Extension,Railway,Gujarat,Mehsana,USR-00988,11,1676.37,4608,8124,93118304526.22,2024-06-17,2030-06-16,Possession,Completed,2024-06-17 09:00:00,2024-10-03 09:00:00
LG-000179,Morbi Highway Irrigation Modernization,Highway,Gujarat,Morbi,USR-00938,29,1482.99,2211,4865,82907986199.64,2021-06-20,2025-06-19,Documentation,Completed,2021-06-20 09:00:00,2021-09-07 09:00:00
LG-000180,Narmada Highway Smart City Water Network,Highway,Gujarat,Narmada,USR-00988,18,2425.26,3718,7674,75236555705.83,2021-08-03,2024-08-02,Approval,Active,2021-08-03 09:00:00,2022-04-25 09:00:00
LG-000181,Navsari Industrial Corridor Metro Line Extension,Industrial Corridor,Gujarat,Navsari,USR-00897,12,6176.67,459,988,32206930271.04,2021-09-07,2027-09-06,Approval,Active,2021-09-07 09:00:00,2021-10-01 09:00:00
LG-000182,Panchmahal Railway Greenfield Connector,Railway,Gujarat,Panchmahal,USR-00872,27,8618.47,438,767,72972348128.95,2021-05-28,2025-05-27,Possession,Completed,2021-05-28 09:00:00,2021-07-11 09:00:00
LG-000183,Patan Urban Development Greenfield Connector,Urban Development,Gujarat,Patan,USR-00897,5,1935.98,1420,1913,83055401593.77,2019-01-10,2023-01-09,Documentation,Active,2019-01-10 09:00:00,2019-10-12 09:00:00
LG-000184,Porbandar Urban Development Irrigation Modernization,Urban Development,Gujarat,Porbandar,USR-00897,36,1218.65,4599,6585,78004982366.46,2021-05-07,2024-05-06,Land Identification,Active,2021-05-07 09:00:00,2021-10-27 09:00:00
LG-000185,Rajkot Railway Freight Corridor Expansion,Railway,Gujarat,Rajkot,USR-00988,34,4170.61,4499,5154,24103730903.54,2023-12-12,2027-12-11,R&R,Active,2023-12-12 09:00:00,2024-09-04 09:00:00
LG-000186,Sabarkantha Highway Irrigation Modernization,Highway,Gujarat,Sabarkantha,USR-00872,27,2168.39,3080,4173,65949845354.56,2020-05-17,2025-05-16,Final Handover,On Hold,2020-05-17 09:00:00,2021-02-05 09:00:00
LG-000187,Surat Power Project Greenfield Connector,Power Project,Gujarat,Surat,USR-00886,38,4853.54,1336,2714,81686019088.22,2022-09-19,2028-09-17,Legal Resolution,Active,2022-09-19 09:00:00,2022-12-29 09:00:00
LG-000188,Surendranagar Canal Expressway Development,Canal,Gujarat,Surendranagar,USR-00975,17,659.83,2238,2526,19557482347.3,2022-05-17,2025-05-16,Compensation,On Hold,2022-05-17 09:00:00,2022-11-05 09:00:00
LG-000189,Tapi Highway Smart City Water Network,Highway,Gujarat,Tapi,USR-00988,7,227.1,1682,4119,67064267782.86,2021-09-28,2026-09-27,Compensation,Active,2021-09-28 09:00:00,2022-07-12 09:00:00
LG-000190,Vadodara Canal Metro Line Extension,Canal,Gujarat,Vadodara,USR-00872,15,7332.89,2958,3846,60367248559.46,2021-09-09,2027-09-08,Land Identification,Active,2021-09-09 09:00:00,2022-04-13 09:00:00
LG-000191,Valsad Highway Freight Corridor Expansion,Highway,Gujarat,Valsad,USR-00975,25,5787.51,4934,7048,14535091908.46,2020-03-18,2025-03-17,Notification,Completed,2020-03-18 09:00:00,2020-12-18 09:00:00
LG-000192,Ambala Airport Smart City Water Network,Airport,Haryana,Ambala,USR-00869,34,9891.8,2249,4568,21554520325.08,2023-11-22,2028-11-20,Objection/Hearing,Active,2023-11-22 09:00:00,2024-05-05 09:00:00
LG-000193,Bhiwani Urban Development Irrigation Modernization,Urban Development,Haryana,Bhiwani,USR-01012,35,7529.7,4721,9562,18942035752.9,2019-06-28,2024-06-26,Notification,On Hold,2019-06-28 09:00:00,2019-10-12 09:00:00
LG-000194,Charkhi Dadri Urban Development Expressway Development,Urban Development,Haryana,Charkhi Dadri,USR-01012,3,9323.8,460,1162,46100278461.13,2021-01-18,2027-01-17,Possession,Active,2021-01-18 09:00:00,2021-07-16 09:00:00
LG-000195,Faridabad Power Project Ring Road Phase II,Power Project,Haryana,Faridabad,USR-00960,21,9412.61,1670,2774,50971927301.96,2022-07-16,2026-07-15,Legal Resolution,Active,2022-07-16 09:00:00,2023-02-10 09:00:00
LG-000196,Fatehabad Water Supply Metro Line Extension,Water Supply,Haryana,Fatehabad,USR-00960,1,9789.73,2632,4721,29432116064.99,2019-08-14,2022-08-13,Land Identification,Completed,2019-08-14 09:00:00,2019-11-21 09:00:00
LG-000197,Gurugram Airport Bypass Construction,Airport,Haryana,Gurugram,USR-00930,28,4915.52,4840,10832,18250258060.92,2019-06-15,2024-06-13,Objection/Hearing,On Hold,2019-06-15 09:00:00,2019-08-04 09:00:00
LG-000198,Hisar Canal Smart City Water Network,Canal,Haryana,Hisar,USR-00930,30,7585.89,4846,11964,37368352071.57,2024-01-25,2028-01-24,Land Identification,Active,2024-01-25 09:00:00,2024-07-05 09:00:00
LG-000199,Jhajjar Dam Industrial Cluster Feeder,Dam,Haryana,Jhajjar,USR-01012,2,5745.22,3838,7047,81639524522.74,2024-07-10,2029-07-09,Documentation,Completed,2024-07-10 09:00:00,2025-01-05 09:00:00
LG-000200,Jind Highway Ring Road Phase II,Highway,Haryana,Jind,USR-00923,13,4484.52,2231,3992,1734007235.8,2019-09-26,2022-09-25,Legal Resolution,On Hold,2019-09-26 09:00:00,2020-01-11 09:00:00
LG-000201,Kaithal Metro Greenfield Connector,Metro,Haryana,Kaithal,USR-01012,15,2243.35,4287,10074,34760802652.4,2022-08-18,2028-08-16,Survey,Active,2022-08-18 09:00:00,2023-03-09 09:00:00
LG-000202,Karnal Power Project Freight Corridor Expansion,Power Project,Haryana,Karnal,USR-00930,26,6519.81,3508,8049,77975806602.46,2021-09-21,2023-09-21,Legal Resolution,Active,2021-09-21 09:00:00,2022-01-15 09:00:00
LG-000203,Kurukshetra Highway Metro Line Extension,Highway,Haryana,Kurukshetra,USR-00869,33,8539.88,4875,8801,17112978561.58,2022-03-12,2025-03-11,Land Identification,Active,2022-03-12 09:00:00,2022-05-19 09:00:00
LG-000204,Mahendragarh Industrial Corridor Expressway Development,Industrial Corridor,Haryana,Mahendragarh,USR-00923,39,4654.22,1795,2076,77653414855.22,2021-12-14,2024-12-13,Survey,Active,2021-12-14 09:00:00,2022-04-30 09:00:00
LG-000205,Nuh Railway Industrial Cluster Feeder,Railway,Haryana,Nuh,USR-00923,20,2295.36,1789,3643,73598815993.03,2018-10-20,2024-10-18,Objection/Hearing,Active,2018-10-20 09:00:00,2019-06-18 09:00:00
LG-000206,Palwal Canal Irrigation Modernization,Canal,Haryana,Palwal,USR-00923,36,1663.05,3358,5809,68371010218.55,2023-01-20,2028-01-19,Land Identification,On Hold,2023-01-20 09:00:00,2023-10-06 09:00:00
LG-000207,Panchkula Railway Power Grid Link,Railway,Haryana,Panchkula,USR-01012,33,583.81,564,781,80368618545.23,2019-05-28,2024-05-26,R&R,Active,2019-05-28 09:00:00,2019-06-11 09:00:00
LG-000208,Panipat Urban Development Ring Road Phase II,Urban Development,Haryana,Panipat,USR-00869,8,8985.08,3940,8788,77942006431.53,2024-11-01,2027-11-01,Objection/Hearing,Active,2024-11-01 09:00:00,2025-02-18 09:00:00
LG-000209,Rewari Railway Irrigation Modernization,Railway,Haryana,Rewari,USR-00869,33,2556.33,823,1931,88575968264.1,2018-01-09,2021-01-08,Documentation,Active,2018-01-09 09:00:00,2018-04-24 09:00:00
LG-000210,Rohtak Highway Expressway Development,Highway,Haryana,Rohtak,USR-01012,37,5500.87,4166,7834,64396433838.02,2019-03-03,2024-03-01,Legal Resolution,Active,2019-03-03 09:00:00,2019-10-30 09:00:00
LG-000211,Sirsa Canal Industrial Cluster Feeder,Canal,Haryana,Sirsa,USR-01012,2,8479.63,1086,1306,80451073462.55,2018-05-14,2024-05-12,Land Identification,Active,2018-05-14 09:00:00,2019-01-27 09:00:00
LG-000212,Sonipat Airport Greenfield Connector,Airport,Haryana,Sonipat,USR-00923,37,4903.53,243,535,49167069879.12,2020-09-04,2024-09-03,R&R,Active,2020-09-04 09:00:00,2021-02-20 09:00:00
LG-000213,Yamunanagar Power Project Expressway Development,Power Project,Haryana,Yamunanagar,USR-01012,33,6480.27,4313,8724,39762170421.7,2021-04-08,2025-04-07,Compensation,Active,2021-04-08 09:00:00,2021-07-21 09:00:00
LG-000214,Bilaspur Highway Power Grid Link,Highway,Himachal Pradesh,Bilaspur,USR-00951,40,2107.96,1869,3743,87451393921.45,2022-04-05,2027-04-04,Possession,Active,2022-04-05 09:00:00,2022-04-26 09:00:00
LG-000215,Chamba Highway Expressway Development,Highway,Himachal Pradesh,Chamba,USR-00951,31,7486.51,127,315,80731401216.9,2021-04-27,2023-04-27,Notification,On Hold,2021-04-27 09:00:00,2022-01-30 09:00:00
LG-000216,Hamirpur Highway Expressway Development,Highway,Himachal Pradesh,Hamirpur,USR-00951,1,2236.37,753,948,29973506740.68,2020-06-19,2025-06-18,Legal Resolution,Active,2020-06-19 09:00:00,2021-03-31 09:00:00
LG-000217,Kangra Highway Bypass Construction,Highway,Himachal Pradesh,Kangra,USR-00951,6,4135.58,3608,5087,12042975630.28,2021-11-25,2026-11-24,Final Handover,Cancelled,2021-11-25 09:00:00,2022-06-01 09:00:00
LG-000218,Kinnaur Canal Ring Road Phase II,Canal,Himachal Pradesh,Kinnaur,USR-00951,16,8121.01,4189,7570,94116068881.3,2022-05-15,2024-05-14,Possession,Active,2022-05-15 09:00:00,2022-06-04 09:00:00
LG-000219,Kullu Highway Freight Corridor Expansion,Highway,Himachal Pradesh,Kullu,USR-00951,10,7888.08,4759,10278,57112812572.92,2022-05-02,2026-05-01,Objection/Hearing,Completed,2022-05-02 09:00:00,2022-07-18 09:00:00
LG-000220,Lahaul and Spiti Railway Ring Road Phase II,Railway,Himachal Pradesh,Lahaul and Spiti,USR-00951,3,4082.39,4527,5785,34705167265.42,2023-01-10,2025-01-09,Survey,Completed,2023-01-10 09:00:00,2023-11-02 09:00:00
LG-000221,Mandi Railway Greenfield Connector,Railway,Himachal Pradesh,Mandi,USR-00951,6,3450.83,3486,4289,2143409496.47,2019-03-26,2024-03-24,Final Handover,Active,2019-03-26 09:00:00,2019-10-28 09:00:00
LG-000222,Shimla Highway Smart City Water Network,Highway,Himachal Pradesh,Shimla,USR-00951,33,893.41,3861,8817,85990670003.7,2019-01-09,2022-01-08,Possession,Active,2019-01-09 09:00:00,2019-02-04 09:00:00
LG-000223,Sirmaur Power Project Freight Corridor Expansion,Power Project,Himachal Pradesh,Sirmaur,USR-00951,8,7935.14,1248,1615,52026048427.74,2020-05-14,2026-05-13,Legal Resolution,Active,2020-05-14 09:00:00,2020-09-04 09:00:00
LG-000224,Solan Industrial Corridor Freight Corridor Expansion,Industrial Corridor,Himachal Pradesh,Solan,USR-00951,22,3782.32,2002,4958,3530193004.0,2021-10-24,2026-10-23,Notification,Active,2021-10-24 09:00:00,2022-05-28 09:00:00
LG-000225,Una Canal Expressway Development,Canal,Himachal Pradesh,Una,USR-00951,21,9564.36,147,275,86793781156.83,2022-06-17,2026-06-16,Approval,Active,2022-06-17 09:00:00,2022-12-14 09:00:00
LG-000226,Bokaro Water Supply Ring Road Phase II,Water Supply,Jharkhand,Bokaro,USR-01000,38,6690.16,4136,8229,59929978317.39,2023-03-13,2026-03-12,Survey,Active,2023-03-13 09:00:00,2023-12-19 09:00:00
LG-000227,Chatra Highway Industrial Cluster Feeder,Highway,Jharkhand,Chatra,USR-01000,36,9789.77,2857,3419,16844148813.16,2023-01-06,2026-01-05,Notification,Active,2023-01-06 09:00:00,2023-10-08 09:00:00
LG-000228,Deoghar Metro Expressway Development,Metro,Jharkhand,Deoghar,USR-01000,18,266.87,4583,10022,96563457494.84,2021-05-20,2024-05-19,Final Handover,On Hold,2021-05-20 09:00:00,2021-06-04 09:00:00
LG-000229,Dhanbad Water Supply Industrial Cluster Feeder,Water Supply,Jharkhand,Dhanbad,USR-01000,36,7465.49,3087,3793,89183270141.91,2020-09-16,2026-09-15,Final Handover,Active,2020-09-16 09:00:00,2020-09-27 09:00:00
LG-000230,Dumka Power Project Power Grid Link,Power Project,Jharkhand,Dumka,USR-01000,24,5961.61,4665,11626,51287775860.08,2020-06-06,2023-06-06,R&R,Active,2020-06-06 09:00:00,2020-09-03 09:00:00
LG-000231,East Singhbhum Highway Greenfield Connector,Highway,Jharkhand,East Singhbhum,USR-01000,18,239.52,806,1652,4079876782.66,2018-05-07,2024-05-05,Possession,Active,2018-05-07 09:00:00,2019-03-02 09:00:00
LG-000232,Garhwa Urban Development Metro Line Extension,Urban Development,Jharkhand,Garhwa,USR-01000,8,9758.77,959,1628,17996615180.18,2023-07-17,2026-07-16,Compensation,Active,2023-07-17 09:00:00,2024-03-27 09:00:00
LG-000233,Giridih Highway Greenfield Connector,Highway,Jharkhand,Giridih,USR-01000,22,9980.9,592,886,75240300532.43,2019-06-11,2025-06-09,Approval,Active,2019-06-11 09:00:00,2020-01-27 09:00:00
LG-000234,Godda Railway Industrial Cluster Feeder,Railway,Jharkhand,Godda,USR-01000,39,6986.9,107,249,58098729785.07,2019-11-26,2021-11-25,Legal Resolution,Active,2019-11-26 09:00:00,2020-03-28 09:00:00
LG-000235,Gumla Highway Bypass Construction,Highway,Jharkhand,Gumla,USR-01000,10,2260.13,1819,3697,96867900879.27,2024-12-10,2027-12-10,Documentation,Active,2024-12-10 09:00:00,2025-09-03 09:00:00
LG-000236,Hazaribagh Industrial Corridor Greenfield Connector,Industrial Corridor,Jharkhand,Hazaribagh,USR-01000,17,5193.24,156,283,33239375937.03,2023-10-18,2026-10-17,Final Handover,Active,2023-10-18 09:00:00,2024-06-08 09:00:00
LG-000237,Jamtara Urban Development Greenfield Connector,Urban Development,Jharkhand,Jamtara,USR-01000,24,8560.66,3215,4919,20379250077.06,2019-11-06,2023-11-05,Compensation,Active,2019-11-06 09:00:00,2020-01-21 09:00:00
LG-000238,Khunti Highway Industrial Cluster Feeder,Highway,Jharkhand,Khunti,USR-01000,36,6300.18,3241,6201,33349223478.03,2023-12-21,2025-12-20,Land Identification,Active,2023-12-21 09:00:00,2024-02-27 09:00:00
LG-000239,Koderma Urban Development Smart City Water Network,Urban Development,Jharkhand,Koderma,USR-01000,34,8890.4,3195,6971,80758564473.26,2024-07-03,2030-07-02,Notification,Completed,2024-07-03 09:00:00,2024-12-03 09:00:00
LG-000240,Latehar Metro Industrial Cluster Feeder,Metro,Jharkhand,Latehar,USR-01000,12,7620.48,88,220,25843296232.43,2023-02-26,2029-02-24,Legal Resolution,Active,2023-02-26 09:00:00,2023-08-04 09:00:00
LG-000241,Lohardaga Urban Development Ring Road Phase II,Urban Development,Jharkhand,Lohardaga,USR-01000,31,5782.88,2987,6041,78360623388.71,2020-12-28,2024-12-27,Survey,Active,2020-12-28 09:00:00,2021-06-21 09:00:00
LG-000242,Pakur Railway Greenfield Connector,Railway,Jharkhand,Pakur,USR-01000,5,1021.56,3050,4885,8495558960.25,2021-08-12,2026-08-11,Land Identification,Completed,2021-08-12 09:00:00,2022-03-28 09:00:00
LG-000243,Palamu Highway Metro Line Extension,Highway,Jharkhand,Palamu,USR-01000,21,8296.38,3105,6599,31351593318.95,2018-04-27,2024-04-25,Possession,Active,2018-04-27 09:00:00,2018-06-11 09:00:00
LG-000244,Ramgarh Railway Greenfield Connector,Railway,Jharkhand,Ramgarh,USR-01000,5,312.57,3256,4705,93029656501.08,2019-02-18,2023-02-17,Legal Resolution,Active,2019-02-18 09:00:00,2019-03-18 09:00:00
LG-000245,Ranchi Highway Industrial Cluster Feeder,Highway,Jharkhand,Ranchi,USR-01000,36,6963.26,3400,5749,75007491002.88,2022-10-14,2026-10-13,Land Identification,Active,2022-10-14 09:00:00,2023-07-29 09:00:00
LG-000246,Sahibganj Water Supply Ring Road Phase II,Water Supply,Jharkhand,Sahibganj,USR-01000,27,6152.91,2285,5730,18335843239.59,2024-06-15,2029-06-14,Notification,Completed,2024-06-15 09:00:00,2024-10-27 09:00:00
LG-000247,Seraikela Kharsawan Industrial Corridor Bypass Construction,Industrial Corridor,Jharkhand,Seraikela Kharsawan,USR-01000,34,7223.69,1221,1837,58454075194.53,2018-05-16,2020-05-15,Legal Resolution,Active,2018-05-16 09:00:00,2018-12-21 09:00:00
LG-000248,Simdega Railway Smart City Water Network,Railway,Jharkhand,Simdega,USR-01000,23,6691.12,3887,9168,33603229746.3,2021-03-19,2023-03-19,Objection/Hearing,Active,2021-03-19 09:00:00,2021-07-04 09:00:00
LG-000249,West Singhbhum Power Project Metro Line Extension,Power Project,Jharkhand,West Singhbhum,USR-01000,13,989.4,709,1672,28840231586.97,2019-06-18,2024-06-16,Possession,Active,2019-06-18 09:00:00,2020-02-23 09:00:00
LG-000250,Bagalkot Power Project Freight Corridor Expansion,Power Project,Karnataka,Bagalkot,USR-00953,10,6136.95,4073,5322,33361541535.45,2023-06-28,2028-06-26,Approval,Active,2023-06-28 09:00:00,2023-07-11 09:00:00
LG-000251,Ballari Power Project Greenfield Connector,Power Project,Karnataka,Ballari,USR-00953,35,4072.09,1885,3206,3325695453.89,2020-06-09,2026-06-08,Possession,Active,2020-06-09 09:00:00,2020-12-11 09:00:00
LG-000252,Belagavi Railway Bypass Construction,Railway,Karnataka,Belagavi,USR-00953,32,5092.31,1559,3906,50416350779.67,2020-04-17,2022-04-17,Notification,On Hold,2020-04-17 09:00:00,2020-07-20 09:00:00
LG-000253,Bengaluru Rural Industrial Corridor Power Grid Link,Industrial Corridor,Karnataka,Bengaluru Rural,USR-00991,40,2732.59,3786,9160,22024124188.46,2021-03-13,2024-03-12,Land Identification,Active,2021-03-13 09:00:00,2021-09-27 09:00:00
LG-000254,Bengaluru Urban Metro Ring Road Phase II,Metro,Karnataka,Bengaluru Urban,USR-00904,4,1622.14,3391,4108,54588349611.21,2019-12-17,2025-12-15,Survey,Active,2019-12-17 09:00:00,2020-05-02 09:00:00
LG-000255,Bidar Metro Ring Road Phase II,Metro,Karnataka,Bidar,USR-00991,10,8897.05,1101,2713,49316152476.34,2023-06-12,2028-06-10,Possession,Completed,2023-06-12 09:00:00,2024-02-10 09:00:00
LG-000256,Chamarajanagar Water Supply Freight Corridor Expansion,Water Supply,Karnataka,Chamarajanagar,USR-00882,12,4890.1,580,1464,16621353352.22,2020-06-16,2026-06-15,Documentation,Active,2020-06-16 09:00:00,2020-11-17 09:00:00
LG-000257,Chikkaballapura Railway Greenfield Connector,Railway,Karnataka,Chikkaballapura,USR-00924,14,1759.44,2076,3829,26522883071.48,2022-10-01,2024-09-30,Compensation,Active,2022-10-01 09:00:00,2023-05-28 09:00:00
LG-000258,Chikkamagaluru Power Project Power Grid Link,Power Project,Karnataka,Chikkamagaluru,USR-00904,36,876.65,4081,5068,48361779562.12,2018-08-20,2021-08-19,Possession,Active,2018-08-20 09:00:00,2019-01-01 09:00:00
LG-000259,Chitradurga Highway Ring Road Phase II,Highway,Karnataka,Chitradurga,USR-00934,23,2032.24,4244,5872,20414575909.0,2024-08-27,2028-08-26,Land Identification,Completed,2024-08-27 09:00:00,2025-04-18 09:00:00
LG-000260,Dakshina Kannada Dam Irrigation Modernization,Dam,Karnataka,Dakshina Kannada,USR-00882,13,4323.87,1977,3307,68679485801.05,2018-10-24,2023-10-23,Land Identification,Active,2018-10-24 09:00:00,2019-02-20 09:00:00
LG-000261,Davanagere Highway Irrigation Modernization,Highway,Karnataka,Davanagere,USR-00991,26,4515.54,3192,5102,62132073906.47,2023-09-01,2027-08-31,Final Handover,Active,2023-09-01 09:00:00,2024-01-13 09:00:00
LG-000262,Dharwad Highway Metro Line Extension,Highway,Karnataka,Dharwad,USR-00934,23,4335.16,1123,2460,81700756035.91,2023-08-14,2029-08-12,Notification,On Hold,2023-08-14 09:00:00,2023-09-09 09:00:00
LG-000263,Gadag Highway Ring Road Phase II,Highway,Karnataka,Gadag,USR-00991,29,3167.85,4278,9162,88815816871.32,2021-07-08,2027-07-07,Objection/Hearing,Active,2021-07-08 09:00:00,2022-04-08 09:00:00
LG-000264,Hassan Railway Metro Line Extension,Railway,Karnataka,Hassan,USR-00953,36,1141.77,4140,9150,67410660996.22,2024-08-13,2027-08-13,Notification,Active,2024-08-13 09:00:00,2024-12-22 09:00:00
LG-000265,Haveri Urban Development Freight Corridor Expansion,Urban Development,Karnataka,Haveri,USR-00904,40,8855.94,3549,5576,54361430674.56,2020-08-06,2022-08-06,Land Identification,Completed,2020-08-06 09:00:00,2021-01-30 09:00:00
LG-000266,Kalaburagi Railway Greenfield Connector,Railway,Karnataka,Kalaburagi,USR-00882,35,7636.89,4158,6757,22182071277.4,2019-11-18,2023-11-17,Land Identification,Active,2019-11-18 09:00:00,2020-02-12 09:00:00
LG-000267,Kodagu Highway Power Grid Link,Highway,Karnataka,Kodagu,USR-00934,31,6302.78,3743,5521,15284220282.12,2024-08-24,2027-08-24,Compensation,On Hold,2024-08-24 09:00:00,2024-11-26 09:00:00
LG-000268,Kolar Metro Power Grid Link,Metro,Karnataka,Kolar,USR-00882,37,7460.66,4652,10600,84851970461.06,2022-12-03,2024-12-02,Legal Resolution,Active,2022-12-03 09:00:00,2023-04-14 09:00:00
LG-000269,Koppal Power Project Bypass Construction,Power Project,Karnataka,Koppal,USR-00991,33,815.38,4179,8874,71522924823.3,2024-05-26,2028-05-25,Notification,Active,2024-05-26 09:00:00,2025-02-14 09:00:00
LG-000270,Mandya Highway Freight Corridor Expansion,Highway,Karnataka,Mandya,USR-00991,35,6698.28,4971,8798,22481924639.89,2023-01-26,2026-01-25,Objection/Hearing,On Hold,2023-01-26 09:00:00,2023-09-26 09:00:00
LG-000271,Mysuru Water Supply Industrial Cluster Feeder,Water Supply,Karnataka,Mysuru,USR-00953,40,5210.82,1292,1802,7234411488.39,2018-03-17,2020-03-16,R&R,Active,2018-03-17 09:00:00,2018-04-30 09:00:00
LG-000272,Raichur Canal Expressway Development,Canal,Karnataka,Raichur,USR-00904,1,2903.56,3094,5630,18366956063.93,2020-03-27,2024-03-26,Approval,Active,2020-03-27 09:00:00,2020-07-08 09:00:00
LG-000273,Ramanagara Highway Ring Road Phase II,Highway,Karnataka,Ramanagara,USR-00882,32,4159.1,487,928,24752367576.26,2021-04-11,2025-04-10,Land Identification,Completed,2021-04-11 09:00:00,2021-11-22 09:00:00
LG-000274,Shivamogga Highway Metro Line Extension,Highway,Karnataka,Shivamogga,USR-00953,6,5517.51,2912,6225,46715642865.63,2023-06-23,2029-06-21,Approval,Active,2023-06-23 09:00:00,2024-02-19 09:00:00
LG-000275,Tumakuru Railway Industrial Cluster Feeder,Railway,Karnataka,Tumakuru,USR-00924,38,4078.31,4297,8392,69511266825.94,2022-08-19,2027-08-18,Compensation,Active,2022-08-19 09:00:00,2022-12-26 09:00:00
LG-000276,Udupi Railway Bypass Construction,Railway,Karnataka,Udupi,USR-00882,28,7240.38,414,843,37996687348.06,2024-08-19,2027-08-19,Land Identification,Active,2024-08-19 09:00:00,2024-10-08 09:00:00
LG-000277,Uttara Kannada Urban Development Smart City Water Network,Urban Development,Karnataka,Uttara Kannada,USR-00924,2,4989.46,1915,4686,54758952245.72,2020-10-08,2025-10-07,R&R,Active,2020-10-08 09:00:00,2021-06-10 09:00:00
LG-000278,Vijayanagara Power Project Greenfield Connector,Power Project,Karnataka,Vijayanagara,USR-00904,22,3008.53,434,768,90891107203.66,2022-04-09,2024-04-08,Approval,Active,2022-04-09 09:00:00,2022-06-10 09:00:00
LG-000279,Vijayapura Urban Development Industrial Cluster Feeder,Urban Development,Karnataka,Vijayapura,USR-00924,1,4537.19,3900,8862,90457164852.97,2019-10-16,2021-10-15,Legal Resolution,On Hold,2019-10-16 09:00:00,2020-01-31 09:00:00
LG-000280,Yadgir Urban Development Power Grid Link,Urban Development,Karnataka,Yadgir,USR-00953,40,1851.31,498,1274,97184393251.86,2018-01-11,2020-01-11,Final Handover,Active,2018-01-11 09:00:00,2018-10-28 09:00:00
LG-000281,Alappuzha Highway Greenfield Connector,Highway,Kerala,Alappuzha,USR-00937,24,1665.45,1486,2734,97042073791.77,2019-08-05,2024-08-03,R&R,Active,2019-08-05 09:00:00,2019-08-18 09:00:00
LG-000282,Ernakulam Power Project Metro Line Extension,Power Project,Kerala,Ernakulam,USR-00937,20,3122.48,3465,8282,15222125462.23,2023-06-24,2029-06-22,Notification,Active,2023-06-24 09:00:00,2024-03-23 09:00:00
LG-000283,Idukki Canal Power Grid Link,Canal,Kerala,Idukki,USR-00937,9,5036.76,4017,8620,95566778465.36,2024-05-05,2026-05-05,Approval,Active,2024-05-05 09:00:00,2024-10-31 09:00:00
LG-000284,Kannur Railway Expressway Development,Railway,Kerala,Kannur,USR-00937,8,909.14,3574,8579,23553033549.15,2018-12-26,2020-12-25,Final Handover,Completed,2018-12-26 09:00:00,2019-01-18 09:00:00
LG-000285,Kasaragod Highway Greenfield Connector,Highway,Kerala,Kasaragod,USR-00937,31,5904.34,3880,5543,97246047653.52,2022-09-27,2025-09-26,Land Identification,Active,2022-09-27 09:00:00,2022-11-06 09:00:00
LG-000286,Kollam Urban Development Power Grid Link,Urban Development,Kerala,Kollam,USR-00937,29,8444.22,3285,7385,97237606508.9,2023-02-09,2026-02-08,Legal Resolution,Active,2023-02-09 09:00:00,2023-09-18 09:00:00
LG-000287,Kottayam Urban Development Smart City Water Network,Urban Development,Kerala,Kottayam,USR-00937,20,2559.73,3329,4682,84412986348.07,2021-07-02,2025-07-01,Notification,Active,2021-07-02 09:00:00,2022-03-17 09:00:00
LG-000288,Kozhikode Railway Bypass Construction,Railway,Kerala,Kozhikode,USR-00937,25,5138.38,4206,8705,73007006262.15,2018-02-10,2024-02-09,Approval,Completed,2018-02-10 09:00:00,2018-09-15 09:00:00
LG-000289,Malappuram Industrial Corridor Bypass Construction,Industrial Corridor,Kerala,Malappuram,USR-00937,38,3648.89,471,756,26229859530.08,2024-02-21,2030-02-19,Approval,Active,2024-02-21 09:00:00,2024-10-27 09:00:00
LG-000290,Palakkad Railway Greenfield Connector,Railway,Kerala,Palakkad,USR-00937,32,3945.57,4886,9572,72674281533.75,2018-10-12,2021-10-11,Possession,Active,2018-10-12 09:00:00,2018-11-13 09:00:00
LG-000291,Pathanamthitta Water Supply Metro Line Extension,Water Supply,Kerala,Pathanamthitta,USR-00937,12,4346.46,4962,7718,30940717225.01,2021-02-23,2024-02-23,Approval,Active,2021-02-23 09:00:00,2021-11-14 09:00:00
LG-000292,Thiruvananthapuram Airport Ring Road Phase II,Airport,Kerala,Thiruvananthapuram,USR-00937,16,4141.84,2493,5202,25734292340.14,2024-07-25,2030-07-24,Final Handover,Active,2024-07-25 09:00:00,2024-12-15 09:00:00
LG-000293,Thrissur Dam Expressway Development,Dam,Kerala,Thrissur,USR-00937,35,2238.95,3878,7066,91826435303.09,2019-05-12,2024-05-10,R&R,Active,2019-05-12 09:00:00,2019-05-29 09:00:00
LG-000294,Wayanad Highway Metro Line Extension,Highway,Kerala,Wayanad,USR-00937,35,8434.62,1970,2820,42348892940.93,2023-10-26,2028-10-24,Objection/Hearing,Active,2023-10-26 09:00:00,2024-05-26 09:00:00
LG-000295,Agar Malwa Metro Smart City Water Network,Metro,Madhya Pradesh,Agar Malwa,USR-00940,26,6986.25,102,144,49411199256.34,2019-05-26,2023-05-25,Final Handover,Completed,2019-05-26 09:00:00,2019-07-15 09:00:00
LG-000296,Alirajpur Industrial Corridor Bypass Construction,Industrial Corridor,Madhya Pradesh,Alirajpur,USR-00956,30,6216.36,3176,6650,72870134750.83,2018-02-13,2020-02-13,Final Handover,Active,2018-02-13 09:00:00,2018-09-21 09:00:00
LG-000297,Anuppur Urban Development Smart City Water Network,Urban Development,Madhya Pradesh,Anuppur,USR-00974,39,7078.89,660,1641,69707932496.37,2023-06-02,2028-05-31,R&R,Completed,2023-06-02 09:00:00,2024-03-28 09:00:00
LG-000298,Ashoknagar Railway Power Grid Link,Railway,Madhya Pradesh,Ashoknagar,USR-00982,30,822.21,2615,3654,19273740399.99,2019-11-04,2024-11-02,Compensation,Active,2019-11-04 09:00:00,2020-04-04 09:00:00
LG-000299,Balaghat Railway Ring Road Phase II,Railway,Madhya Pradesh,Balaghat,USR-00956,8,8950.47,654,769,73358804443.91,2024-11-06,2029-11-05,Legal Resolution,Cancelled,2024-11-06 09:00:00,2024-11-24 09:00:00
LG-000300,Barwani Airport Power Grid Link,Airport,Madhya Pradesh,Barwani,USR-00974,31,4704.82,1037,2543,51144211868.28,2023-02-18,2027-02-17,Final Handover,Active,2023-02-18 09:00:00,2023-04-12 09:00:00
LG-000301,Betul Urban Development Irrigation Modernization,Urban Development,Madhya Pradesh,Betul,USR-00956,14,8265.34,4309,9222,10998074802.71,2024-02-03,2026-02-02,Compensation,On Hold,2024-02-03 09:00:00,2024-03-13 09:00:00
LG-000302,Bhind Highway Freight Corridor Expansion,Highway,Madhya Pradesh,Bhind,USR-00974,29,936.85,330,448,34652492471.09,2019-10-04,2025-10-02,Approval,Active,2019-10-04 09:00:00,2019-11-04 09:00:00
LG-000303,Bhopal Airport Freight Corridor Expansion,Airport,Madhya Pradesh,Bhopal,USR-00878,30,5222.66,1049,2119,22353447408.96,2020-08-21,2022-08-21,R&R,Active,2020-08-21 09:00:00,2021-02-04 09:00:00
LG-000304,Burhanpur Urban Development Irrigation Modernization,Urban Development,Madhya Pradesh,Burhanpur,USR-00982,26,9581.11,4839,9752,28904986937.62,2018-02-24,2020-02-24,Land Identification,Active,2018-02-24 09:00:00,2018-06-29 09:00:00
LG-000305,Chhatarpur Airport Ring Road Phase II,Airport,Madhya Pradesh,Chhatarpur,USR-00982,38,2275.73,2514,6267,57860726427.67,2022-08-24,2027-08-23,R&R,Cancelled,2022-08-24 09:00:00,2023-06-06 09:00:00
LG-000306,Chhindwara Airport Freight Corridor Expansion,Airport,Madhya Pradesh,Chhindwara,USR-00878,1,7602.48,48,122,28478144800.5,2022-10-03,2025-10-02,Survey,Active,2022-10-03 09:00:00,2022-10-30 09:00:00
LG-000307,Damoh Metro Power Grid Link,Metro,Madhya Pradesh,Damoh,USR-00878,38,837.25,4960,11181,98658052093.68,2019-11-22,2024-11-20,Compensation,Completed,2019-11-22 09:00:00,2020-08-03 09:00:00
LG-000308,Datia Railway Greenfield Connector,Railway,Madhya Pradesh,Datia,USR-00956,14,5049.37,1168,1760,58078011852.04,2018-10-27,2020-10-26,Land Identification,Completed,2018-10-27 09:00:00,2019-04-17 09:00:00
LG-000309,Dewas Highway Freight Corridor Expansion,Highway,Madhya Pradesh,Dewas,USR-00982,23,404.98,851,1619,48259374551.48,2021-10-25,2024-10-24,Approval,Active,2021-10-25 09:00:00,2021-12-28 09:00:00
LG-000310,Dhar Railway Expressway Development,Railway,Madhya Pradesh,Dhar,USR-00956,4,9615.57,4185,6038,22070996897.94,2019-10-15,2025-10-13,Survey,Active,2019-10-15 09:00:00,2020-06-20 09:00:00
LG-000311,Dindori Highway Ring Road Phase II,Highway,Madhya Pradesh,Dindori,USR-00940,32,4140.65,704,1363,82603297739.27,2022-03-06,2024-03-05,Legal Resolution,Active,2022-03-06 09:00:00,2022-07-14 09:00:00
LG-000312,Guna Railway Bypass Construction,Railway,Madhya Pradesh,Guna,USR-00940,32,5332.15,1690,3732,78350560327.95,2022-02-15,2028-02-14,Possession,Completed,2022-02-15 09:00:00,2022-05-25 09:00:00
LG-000313,Gwalior Highway Bypass Construction,Highway,Madhya Pradesh,Gwalior,USR-00956,12,4680.98,4420,5758,61857356795.39,2022-05-09,2027-05-08,Land Identification,Active,2022-05-09 09:00:00,2023-01-25 09:00:00
LG-000314,Harda Canal Metro Line Extension,Canal,Madhya Pradesh,Harda,USR-00940,8,1222.6,1903,4315,65104486835.71,2019-04-11,2024-04-09,Final Handover,Completed,2019-04-11 09:00:00,2019-11-17 09:00:00
LG-000315,Narmadapuram Railway Irrigation Modernization,Railway,Madhya Pradesh,Narmadapuram,USR-00974,29,6658.91,1653,2497,69121769505.82,2024-09-22,2029-09-21,Objection/Hearing,Active,2024-09-22 09:00:00,2025-04-02 09:00:00
LG-000316,Indore Metro Freight Corridor Expansion,Metro,Madhya Pradesh,Indore,USR-00940,32,9509.4,3962,8424,6903536592.52,2018-06-17,2022-06-16,R&R,Active,2018-06-17 09:00:00,2019-04-01 09:00:00
LG-000317,Jabalpur Railway Bypass Construction,Railway,Madhya Pradesh,Jabalpur,USR-00940,6,1500.96,2934,6506,71314386190.84,2020-09-14,2024-09-13,R&R,Active,2020-09-14 09:00:00,2021-01-03 09:00:00
LG-000318,Jhabua Metro Power Grid Link,Metro,Madhya Pradesh,Jhabua,USR-00974,10,1239.18,4065,8660,99671160046.98,2023-09-10,2026-09-09,Documentation,Active,2023-09-10 09:00:00,2024-06-21 09:00:00
LG-000319,Katni Metro Irrigation Modernization,Metro,Madhya Pradesh,Katni,USR-00956,18,3121.91,3642,8986,91725997348.62,2023-07-28,2028-07-26,Possession,Active,2023-07-28 09:00:00,2024-04-01 09:00:00
LG-000320,Khandwa Airport Expressway Development,Airport,Madhya Pradesh,Khandwa,USR-00878,10,5818.32,74,133,1696147741.35,2021-05-13,2023-05-13,Documentation,Completed,2021-05-13 09:00:00,2022-02-17 09:00:00
LG-000321,Khargone Dam Greenfield Connector,Dam,Madhya Pradesh,Khargone,USR-00982,14,4878.43,2553,4991,42921481844.73,2020-05-05,2024-05-04,Land Identification,Active,2020-05-05 09:00:00,2020-06-20 09:00:00
LG-000322,Mandla Industrial Corridor Bypass Construction,Industrial Corridor,Madhya Pradesh,Mandla,USR-00878,14,9388.63,2913,7037,99781159694.6,2019-11-15,2023-11-14,Objection/Hearing,Active,2019-11-15 09:00:00,2020-07-13 09:00:00
LG-000323,Mandsaur Canal Ring Road Phase II,Canal,Madhya Pradesh,Mandsaur,USR-00982,8,7728.02,3769,4269,48155771324.42,2020-06-01,2025-05-31,Survey,Active,2020-06-01 09:00:00,2020-12-12 09:00:00
LG-000324,Morena Metro Power Grid Link,Metro,Madhya Pradesh,Morena,USR-00956,32,8552.1,4377,8576,33869006292.12,2021-08-20,2027-08-19,Approval,Cancelled,2021-08-20 09:00:00,2022-05-30 09:00:00
LG-000325,Narsinghpur Industrial Corridor Metro Line Extension,Industrial Corridor,Madhya Pradesh,Narsinghpur,USR-00940,18,53.32,4005,8114,99027607882.11,2021-11-05,2023-11-05,Land Identification,Active,2021-11-05 09:00:00,2022-01-26 09:00:00
LG-000326,Neemuch Water Supply Ring Road Phase II,Water Supply,Madhya Pradesh,Neemuch,USR-00982,22,5978.44,4800,8164,95316267189.82,2021-11-04,2027-11-03,R&R,Completed,2021-11-04 09:00:00,2022-07-14 09:00:00
LG-000327,Niwari Railway Bypass Construction,Railway,Madhya Pradesh,Niwari,USR-00940,31,6650.01,4485,10348,48553882157.49,2022-08-02,2026-08-01,Compensation,Active,2022-08-02 09:00:00,2022-11-13 09:00:00
LG-000328,Panna Water Supply Bypass Construction,Water Supply,Madhya Pradesh,Panna,USR-00982,6,2562.17,72,179,65415781222.58,2019-09-23,2025-09-21,Compensation,Active,2019-09-23 09:00:00,2020-05-03 09:00:00
LG-000329,Raisen Railway Smart City Water Network,Railway,Madhya Pradesh,Raisen,USR-00940,6,1539.91,1686,3589,21555593351.32,2022-04-08,2028-04-06,Land Identification,Active,2022-04-08 09:00:00,2022-07-26 09:00:00
LG-000330,Rajgarh Highway Metro Line Extension,Highway,Madhya Pradesh,Rajgarh,USR-00956,16,7364.89,1972,4631,98624262326.16,2020-09-11,2025-09-10,Approval,Active,2020-09-11 09:00:00,2021-05-26 09:00:00
LG-000331,Ratlam Dam Irrigation Modernization,Dam,Madhya Pradesh,Ratlam,USR-00974,12,4068.35,3178,4797,38573592588.12,2021-04-21,2023-04-21,R&R,Active,2021-04-21 09:00:00,2022-01-17 09:00:00
LG-000332,Rewa Water Supply Greenfield Connector,Water Supply,Madhya Pradesh,Rewa,USR-00982,36,9556.19,3663,6752,24874334683.03,2019-02-14,2023-02-13,Documentation,Active,2019-02-14 09:00:00,2019-08-15 09:00:00
LG-000333,Sagar Railway Industrial Cluster Feeder,Railway,Madhya Pradesh,Sagar,USR-00878,25,8285.79,723,817,75686338313.07,2018-12-15,2022-12-14,Survey,On Hold,2018-12-15 09:00:00,2019-06-30 09:00:00
LG-000334,Satna Industrial Corridor Industrial Cluster Feeder,Industrial Corridor,Madhya Pradesh,Satna,USR-00956,23,7242.49,2952,6609,94842519080.58,2019-03-27,2023-03-26,Objection/Hearing,Active,2019-03-27 09:00:00,2019-06-29 09:00:00
LG-000335,Sehore Water Supply Expressway Development,Water Supply,Madhya Pradesh,Sehore,USR-00982,36,9675.76,156,259,93998574460.0,2022-10-18,2024-10-17,Documentation,Completed,2022-10-18 09:00:00,2023-08-11 09:00:00
LG-000336,Seoni Airport Power Grid Link,Airport,Madhya Pradesh,Seoni,USR-00982,23,3287.09,894,2222,25764762214.14,2019-11-01,2021-10-31,Possession,Active,2019-11-01 09:00:00,2020-05-25 09:00:00
LG-000337,Shahdol Power Project Metro Line Extension,Power Project,Madhya Pradesh,Shahdol,USR-00940,16,5228.03,1141,1548,35633528901.64,2024-10-20,2030-10-19,Final Handover,Active,2024-10-20 09:00:00,2025-02-14 09:00:00
LG-000338,Shajapur Dam Greenfield Connector,Dam,Madhya Pradesh,Shajapur,USR-00956,23,7455.55,74,171,24433414926.38,2020-06-26,2025-06-25,R&R,Active,2020-06-26 09:00:00,2021-03-29 09:00:00
LG-000339,Sheopur Airport Smart City Water Network,Airport,Madhya Pradesh,Sheopur,USR-00974,20,3885.26,2929,6549,20383778525.91,2022-03-24,2028-03-22,Legal Resolution,Active,2022-03-24 09:00:00,2022-09-20 09:00:00
LG-000340,Shivpuri Power Project Expressway Development,Power Project,Madhya Pradesh,Shivpuri,USR-00940,38,7668.43,597,743,50437754915.13,2018-03-25,2024-03-23,R&R,Active,2018-03-25 09:00:00,2018-06-02 09:00:00
LG-000341,Sidhi Railway Expressway Development,Railway,Madhya Pradesh,Sidhi,USR-00974,25,208.67,2982,3439,2704201917.34,2018-09-27,2021-09-26,Objection/Hearing,Active,2018-09-27 09:00:00,2019-06-25 09:00:00
LG-000342,Singrauli Railway Greenfield Connector,Railway,Madhya Pradesh,Singrauli,USR-00956,27,6562.82,1721,3550,52433443692.65,2020-05-11,2022-05-11,R&R,Active,2020-05-11 09:00:00,2020-08-11 09:00:00
LG-000343,Tikamgarh Industrial Corridor Expressway Development,Industrial Corridor,Madhya Pradesh,Tikamgarh,USR-00940,21,2299.71,749,1003,3360719781.76,2018-07-07,2023-07-06,R&R,Active,2018-07-07 09:00:00,2019-02-03 09:00:00
LG-000344,Ujjain Highway Freight Corridor Expansion,Highway,Madhya Pradesh,Ujjain,USR-00974,11,7385.56,493,940,60470921650.67,2018-12-19,2023-12-18,Notification,On Hold,2018-12-19 09:00:00,2019-05-20 09:00:00
LG-000345,Umaria Metro Greenfield Connector,Metro,Madhya Pradesh,Umaria,USR-00878,40,4409.92,611,1498,32981608278.69,2020-07-06,2023-07-06,Survey,On Hold,2020-07-06 09:00:00,2020-07-25 09:00:00
LG-000346,Vidisha Dam Expressway Development,Dam,Madhya Pradesh,Vidisha,USR-00940,32,9504.65,3836,4719,55042963882.33,2020-10-09,2024-10-08,Legal Resolution,Active,2020-10-09 09:00:00,2021-01-17 09:00:00
LG-000347,Mauganj Water Supply Power Grid Link,Water Supply,Madhya Pradesh,Mauganj,USR-00878,18,5094.2,588,1201,47719649040.56,2024-12-13,2027-12-13,Notification,Completed,2024-12-13 09:00:00,2025-08-23 09:00:00
LG-000348,Maihar Urban Development Bypass Construction,Urban Development,Madhya Pradesh,Maihar,USR-00982,17,7831.54,975,1264,73509951780.23,2020-07-04,2026-07-03,R&R,Active,2020-07-04 09:00:00,2021-03-19 09:00:00
LG-000349,Pandhurna Industrial Corridor Expressway Development,Industrial Corridor,Madhya Pradesh,Pandhurna,USR-00878,26,9283.7,1723,2756,79974240312.02,2022-10-22,2026-10-21,Compensation,Active,2022-10-22 09:00:00,2023-07-26 09:00:00
LG-000350,Ahilyanagar Railway Expressway Development,Railway,Maharashtra,Ahilyanagar,USR-00955,5,6313.33,2676,5370,79280608493.7,2023-12-03,2026-12-02,Legal Resolution,Active,2023-12-03 09:00:00,2024-07-21 09:00:00
LG-000351,Akola Power Project Bypass Construction,Power Project,Maharashtra,Akola,USR-00885,13,1859.92,4955,10895,45046652893.23,2022-11-02,2026-11-01,Survey,Active,2022-11-02 09:00:00,2023-02-16 09:00:00
LG-000352,Amravati Highway Irrigation Modernization,Highway,Maharashtra,Amravati,USR-00955,28,9864.57,1809,2539,42362435197.72,2021-10-09,2024-10-08,Approval,Completed,2021-10-09 09:00:00,2021-10-20 09:00:00
LG-000353,Chhatrapati Sambhajinagar Railway Irrigation Modernization,Railway,Maharashtra,Chhatrapati Sambhajinagar,USR-00875,1,8071.23,725,825,86565213175.03,2022-04-03,2024-04-02,Documentation,Active,2022-04-03 09:00:00,2022-05-16 09:00:00
LG-000354,Beed Metro Metro Line Extension,Metro,Maharashtra,Beed,USR-00955,19,7173.33,2697,3130,12264020626.98,2020-09-14,2022-09-14,Final Handover,On Hold,2020-09-14 09:00:00,2021-07-03 09:00:00
LG-000355,Bhandara Metro Metro Line Extension,Metro,Maharashtra,Bhandara,USR-00993,17,540.18,3337,5664,28770784509.74,2021-02-19,2024-02-19,Land Identification,Completed,2021-02-19 09:00:00,2021-03-24 09:00:00
LG-000356,Buldhana Urban Development Ring Road Phase II,Urban Development,Maharashtra,Buldhana,USR-00901,18,1718.27,3410,7303,38278206478.39,2021-07-02,2023-07-02,Final Handover,Active,2021-07-02 09:00:00,2021-07-15 09:00:00
LG-000357,Chandrapur Highway Bypass Construction,Highway,Maharashtra,Chandrapur,USR-00885,31,3018.45,1324,2397,52480158801.93,2019-04-10,2022-04-09,Documentation,Active,2019-04-10 09:00:00,2019-08-15 09:00:00
LG-000358,Dharashiv Water Supply Smart City Water Network,Water Supply,Maharashtra,Dharashiv,USR-00885,39,537.12,3273,6121,82429923486.71,2023-10-10,2025-10-09,R&R,Active,2023-10-10 09:00:00,2024-02-29 09:00:00
LG-000359,Dhule Urban Development Smart City Water Network,Urban Development,Maharashtra,Dhule,USR-00901,18,3915.78,468,822,17841695705.03,2022-09-08,2025-09-07,R&R,Active,2022-09-08 09:00:00,2023-02-16 09:00:00
LG-000360,Gadchiroli Highway Metro Line Extension,Highway,Maharashtra,Gadchiroli,USR-00875,19,3489.69,3554,6935,17836109085.7,2022-10-21,2027-10-20,Notification,Active,2022-10-21 09:00:00,2023-02-10 09:00:00
LG-000361,Gondia Urban Development Greenfield Connector,Urban Development,Maharashtra,Gondia,USR-00993,16,8811.87,1325,1868,88903856294.9,2021-11-02,2023-11-02,Compensation,Active,2021-11-02 09:00:00,2022-05-07 09:00:00
LG-000362,Hingoli Metro Freight Corridor Expansion,Metro,Maharashtra,Hingoli,USR-00875,33,9356.35,1887,2742,28340902922.34,2020-05-19,2025-05-18,Documentation,Active,2020-05-19 09:00:00,2020-05-31 09:00:00
LG-000363,Jalgaon Canal Metro Line Extension,Canal,Maharashtra,Jalgaon,USR-00993,22,6022.05,2312,5517,26490575865.71,2020-04-24,2023-04-24,Documentation,Active,2020-04-24 09:00:00,2021-01-14 09:00:00
LG-000364,Jalna Industrial Corridor Smart City Water Network,Industrial Corridor,Maharashtra,Jalna,USR-00875,21,2225.85,2010,2650,19491527380.31,2018-09-01,2021-08-31,Possession,Active,2018-09-01 09:00:00,2019-03-05 09:00:00
LG-000365,Kolhapur Urban Development Ring Road Phase II,Urban Development,Maharashtra,Kolhapur,USR-00955,18,7875.43,1669,3336,79175024072.02,2018-12-19,2021-12-18,Documentation,Active,2018-12-19 09:00:00,2019-04-24 09:00:00
LG-000366,Latur Railway Smart City Water Network,Railway,Maharashtra,Latur,USR-00885,2,9618.54,4232,4945,53592723553.43,2020-03-17,2024-03-16,Objection/Hearing,Completed,2020-03-17 09:00:00,2020-06-28 09:00:00
LG-000367,Mumbai City Industrial Corridor Industrial Cluster Feeder,Industrial Corridor,Maharashtra,Mumbai City,USR-00901,38,6428.39,2369,5447,93834617843.25,2020-05-25,2025-05-24,Land Identification,Active,2020-05-25 09:00:00,2020-09-29 09:00:00
LG-000368,Mumbai Suburban Metro Industrial Cluster Feeder,Metro,Maharashtra,Mumbai Suburban,USR-00993,18,2409.36,4596,10380,15523023874.41,2019-10-26,2024-10-24,Documentation,Completed,2019-10-26 09:00:00,2020-03-02 09:00:00
LG-000369,Nagpur Urban Development Freight Corridor Expansion,Urban Development,Maharashtra,Nagpur,USR-00955,13,6260.09,434,617,33379390209.94,2023-07-03,2029-07-01,Land Identification,Completed,2023-07-03 09:00:00,2024-04-22 09:00:00
LG-000370,Nanded Urban Development Industrial Cluster Feeder,Urban Development,Maharashtra,Nanded,USR-00993,6,6287.54,2548,4477,18261424346.53,2018-11-13,2021-11-12,Documentation,Active,2018-11-13 09:00:00,2019-03-17 09:00:00
LG-000371,Nandurbar Power Project Expressway Development,Power Project,Maharashtra,Nandurbar,USR-00955,21,1978.15,2196,4347,61400033835.43,2024-09-27,2029-09-26,Possession,Completed,2024-09-27 09:00:00,2025-07-03 09:00:00
LG-000372,Nashik Highway Irrigation Modernization,Highway,Maharashtra,Nashik,USR-00955,28,9859.7,3931,4723,67069990241.96,2021-03-13,2026-03-12,Objection/Hearing,Completed,2021-03-13 09:00:00,2021-09-21 09:00:00
LG-000373,Palghar Metro Power Grid Link,Metro,Maharashtra,Palghar,USR-00955,37,4175.79,2806,3228,57708822431.9,2023-11-27,2027-11-26,Approval,Active,2023-11-27 09:00:00,2024-05-23 09:00:00
LG-000374,Parbhani Industrial Corridor Metro Line Extension,Industrial Corridor,Maharashtra,Parbhani,USR-00875,9,914.27,2867,3358,59027130509.28,2023-09-23,2025-09-22,Compensation,Active,2023-09-23 09:00:00,2023-12-05 09:00:00
LG-000375,Pune Railway Bypass Construction,Railway,Maharashtra,Pune,USR-00875,36,8103.62,2771,4491,52870118521.75,2024-02-22,2029-02-20,Approval,Completed,2024-02-22 09:00:00,2024-08-25 09:00:00
LG-000376,Raigad Highway Bypass Construction,Highway,Maharashtra,Raigad,USR-00901,38,4369.59,1297,2585,44591807530.21,2019-05-07,2021-05-06,Possession,Completed,2019-05-07 09:00:00,2020-01-16 09:00:00
LG-000377,Ratnagiri Metro Freight Corridor Expansion,Metro,Maharashtra,Ratnagiri,USR-00955,38,9418.63,1233,2666,5552749440.75,2024-09-27,2027-09-27,Notification,Active,2024-09-27 09:00:00,2025-01-17 09:00:00
LG-000378,Sangli Highway Industrial Cluster Feeder,Highway,Maharashtra,Sangli,USR-00875,15,9778.46,406,470,60248407479.79,2022-12-23,2028-12-21,Documentation,Active,2022-12-23 09:00:00,2023-09-29 09:00:00
LG-000379,Satara Power Project Greenfield Connector,Power Project,Maharashtra,Satara,USR-00901,39,2517.75,2036,4579,26825022014.58,2020-08-26,2026-08-25,Approval,Cancelled,2020-08-26 09:00:00,2021-06-02 09:00:00
LG-000380,Sindhudurg Power Project Bypass Construction,Power Project,Maharashtra,Sindhudurg,USR-00993,13,5450.79,1771,4176,95075513193.04,2022-03-24,2026-03-23,Objection/Hearing,Active,2022-03-24 09:00:00,2022-06-15 09:00:00
LG-000381,Solapur Power Project Irrigation Modernization,Power Project,Maharashtra,Solapur,USR-00901,13,1747.47,1381,2413,82944331646.15,2024-12-26,2027-12-26,Possession,Active,2024-12-26 09:00:00,2025-05-24 09:00:00
LG-000382,Thane Industrial Corridor Bypass Construction,Industrial Corridor,Maharashtra,Thane,USR-00901,36,1038.83,3049,6670,82621234524.57,2018-11-18,2024-11-16,Possession,Active,2018-11-18 09:00:00,2019-04-14 09:00:00
LG-000383,Wardha Industrial Corridor Metro Line Extension,Industrial Corridor,Maharashtra,Wardha,USR-00875,30,3739.68,3497,5245,27824510326.34,2019-01-15,2022-01-14,R&R,Active,2019-01-15 09:00:00,2019-07-28 09:00:00
LG-000384,Washim Dam Smart City Water Network,Dam,Maharashtra,Washim,USR-00885,25,7200.47,2048,4867,70803141338.99,2018-04-03,2020-04-02,Final Handover,Active,2018-04-03 09:00:00,2018-11-14 09:00:00
LG-000385,Yavatmal Power Project Expressway Development,Power Project,Maharashtra,Yavatmal,USR-00901,5,1593.46,2566,3843,26678397557.81,2021-03-23,2023-03-23,Land Identification,On Hold,2021-03-23 09:00:00,2021-12-12 09:00:00
LG-000386,Bishnupur Highway Smart City Water Network,Highway,Manipur,Bishnupur,USR-00966,37,5563.84,3312,5072,16278155329.81,2024-10-02,2026-10-02,Notification,On Hold,2024-10-02 09:00:00,2025-06-01 09:00:00
LG-000387,Chandel Urban Development Metro Line Extension,Urban Development,Manipur,Chandel,USR-00966,11,3668.48,1427,2766,93146870412.57,2019-12-24,2025-12-22,Approval,Active,2019-12-24 09:00:00,2020-03-07 09:00:00
LG-000388,Churachandpur Railway Industrial Cluster Feeder,Railway,Manipur,Churachandpur,USR-00871,11,7961.4,1202,2531,78549560495.27,2023-08-03,2025-08-02,Approval,Completed,2023-08-03 09:00:00,2024-03-01 09:00:00
LG-000389,Imphal East Highway Metro Line Extension,Highway,Manipur,Imphal East,USR-00871,40,3382.12,2635,3545,4750495504.21,2022-03-21,2025-03-20,Possession,Active,2022-03-21 09:00:00,2022-12-27 09:00:00
LG-000390,Imphal West Railway Smart City Water Network,Railway,Manipur,Imphal West,USR-00880,28,148.09,4206,6405,65899885669.61,2023-02-04,2028-02-03,Legal Resolution,Active,2023-02-04 09:00:00,2023-09-03 09:00:00
LG-000391,Jiribam Highway Irrigation Modernization,Highway,Manipur,Jiribam,USR-00966,25,8082.8,2073,2867,48390993579.21,2020-11-18,2023-11-18,Final Handover,Completed,2020-11-18 09:00:00,2021-05-25 09:00:00
LG-000392,Kakching Dam Expressway Development,Dam,Manipur,Kakching,USR-00871,3,5011.91,3495,6506,66459090545.61,2018-07-18,2021-07-17,Objection/Hearing,On Hold,2018-07-18 09:00:00,2018-09-17 09:00:00
LG-000393,Kamjong Urban Development Ring Road Phase II,Urban Development,Manipur,Kamjong,USR-00961,8,2627.04,824,1585,97106701962.14,2021-07-19,2025-07-18,Notification,Active,2021-07-19 09:00:00,2021-08-10 09:00:00
LG-000394,Kangpokpi Industrial Corridor Expressway Development,Industrial Corridor,Manipur,Kangpokpi,USR-00966,11,3867.87,209,295,32892878473.11,2021-12-08,2023-12-08,Land Identification,Active,2021-12-08 09:00:00,2022-02-21 09:00:00
LG-000395,Noney Highway Ring Road Phase II,Highway,Manipur,Noney,USR-00961,25,9320.45,910,1599,47150728144.67,2023-09-07,2025-09-06,Land Identification,Active,2023-09-07 09:00:00,2023-10-19 09:00:00
LG-000396,Pherzawl Canal Greenfield Connector,Canal,Manipur,Pherzawl,USR-00895,32,4168.66,2189,3750,45422905572.89,2022-10-02,2027-10-01,Final Handover,Completed,2022-10-02 09:00:00,2022-12-18 09:00:00
LG-000397,Senapati Urban Development Ring Road Phase II,Urban Development,Manipur,Senapati,USR-00880,40,3516.46,1252,2131,58781918596.44,2021-10-09,2026-10-08,Notification,Active,2021-10-09 09:00:00,2022-07-25 09:00:00
LG-000398,Tamenglong Railway Expressway Development,Railway,Manipur,Tamenglong,USR-00871,32,4239.45,269,358,52885458523.42,2024-11-15,2029-11-14,Land Identification,Cancelled,2024-11-15 09:00:00,2025-02-15 09:00:00
LG-000399,Tengnoupal Water Supply Power Grid Link,Water Supply,Manipur,Tengnoupal,USR-00920,35,5187.1,4921,6578,1379582044.39,2023-01-28,2025-01-27,Land Identification,Active,2023-01-28 09:00:00,2023-07-11 09:00:00
LG-000400,Thoubal Highway Irrigation Modernization,Highway,Manipur,Thoubal,USR-00920,5,6792.12,3077,5516,82501849497.26,2024-06-18,2026-06-18,Compensation,Completed,2024-06-18 09:00:00,2024-08-20 09:00:00
LG-000401,Ukhrul Urban Development Metro Line Extension,Urban Development,Manipur,Ukhrul,USR-00966,28,8909.28,3215,6044,56001642004.56,2018-03-12,2020-03-11,Legal Resolution,Active,2018-03-12 09:00:00,2018-10-09 09:00:00
LG-000402,East Garo Hills Highway Freight Corridor Expansion,Highway,Meghalaya,East Garo Hills,USR-00947,31,3696.27,1099,1833,13080949061.85,2024-05-05,2026-05-05,R&R,Active,2024-05-05 09:00:00,2024-07-27 09:00:00
LG-000403,East Jaintia Hills Urban Development Metro Line Extension,Urban Development,Meghalaya,East Jaintia Hills,USR-01013,36,7936.43,1060,1636,21785897109.11,2024-02-04,2029-02-02,Compensation,Active,2024-02-04 09:00:00,2024-04-16 09:00:00
LG-000404,East Khasi Hills Dam Industrial Cluster Feeder,Dam,Meghalaya,East Khasi Hills,USR-01011,23,3431.38,1271,1427,90876534737.57,2021-05-13,2027-05-12,Approval,Active,2021-05-13 09:00:00,2021-06-14 09:00:00
LG-000405,Eastern West Khasi Hills Water Supply Industrial Cluster Feeder,Water Supply,Meghalaya,Eastern West Khasi Hills,USR-00986,9,4389.12,2064,3493,48910957021.69,2021-11-17,2026-11-16,Documentation,On Hold,2021-11-17 09:00:00,2022-03-25 09:00:00
LG-000406,North Garo Hills Water Supply Power Grid Link,Water Supply,Meghalaya,North Garo Hills,USR-00916,35,7249.0,1239,3104,69282642181.64,2021-11-02,2027-11-01,Final Handover,Active,2021-11-02 09:00:00,2022-06-10 09:00:00
LG-000407,Ri Bhoi Water Supply Greenfield Connector,Water Supply,Meghalaya,Ri Bhoi,USR-00981,18,9804.97,1775,3631,26768238099.77,2021-05-27,2024-05-26,Possession,Active,2021-05-27 09:00:00,2021-10-29 09:00:00
LG-000408,South Garo Hills Dam Power Grid Link,Dam,Meghalaya,South Garo Hills,USR-00947,23,8024.99,1553,2896,18023198050.07,2021-08-01,2023-08-01,Notification,Active,2021-08-01 09:00:00,2022-04-27 09:00:00
LG-000409,South West Garo Hills Metro Ring Road Phase II,Metro,Meghalaya,South West Garo Hills,USR-00916,17,5603.33,4554,7912,54457314954.01,2022-06-17,2028-06-15,Possession,Active,2022-06-17 09:00:00,2023-01-26 09:00:00
LG-000410,South West Khasi Hills Railway Metro Line Extension,Railway,Meghalaya,South West Khasi Hills,USR-00946,13,2271.8,4333,7065,3469099955.64,2018-12-26,2021-12-25,Notification,Active,2018-12-26 09:00:00,2019-07-03 09:00:00
LG-000411,West Garo Hills Urban Development Expressway Development,Urban Development,Meghalaya,West Garo Hills,USR-00981,37,1683.32,1408,2130,1235126729.79,2024-12-28,2029-12-27,Final Handover,Active,2024-12-28 09:00:00,2025-05-17 09:00:00
LG-000412,West Jaintia Hills Metro Ring Road Phase II,Metro,Meghalaya,West Jaintia Hills,USR-00969,36,2242.65,1250,1932,3963339840.25,2019-01-12,2022-01-11,Final Handover,Active,2019-01-12 09:00:00,2019-09-04 09:00:00
LG-000413,West Khasi Hills Dam Irrigation Modernization,Dam,Meghalaya,West Khasi Hills,USR-00981,22,8628.14,4977,6166,51829713157.51,2022-05-10,2026-05-09,Approval,Active,2022-05-10 09:00:00,2022-06-29 09:00:00
LG-000414,Aizawl Metro Expressway Development,Metro,Mizoram,Aizawl,USR-00936,7,5880.1,842,1178,61709228101.46,2023-01-13,2028-01-12,Possession,Completed,2023-01-13 09:00:00,2023-09-06 09:00:00
LG-000415,Champhai Industrial Corridor Power Grid Link,Industrial Corridor,Mizoram,Champhai,USR-00915,17,4913.01,4642,10502,47530755001.1,2020-07-08,2025-07-07,Compensation,Completed,2020-07-08 09:00:00,2021-03-20 09:00:00
LG-000416,Hnahthial Industrial Corridor Bypass Construction,Industrial Corridor,Mizoram,Hnahthial,USR-00889,20,1634.16,1129,1632,65132977004.81,2024-12-17,2030-12-16,Legal Resolution,Active,2024-12-17 09:00:00,2025-07-08 09:00:00
LG-000417,Khawzawl Highway Bypass Construction,Highway,Mizoram,Khawzawl,USR-01017,3,3871.08,3205,6728,23761150551.2,2019-12-08,2021-12-07,Compensation,Active,2019-12-08 09:00:00,2020-02-03 09:00:00
LG-000418,Kolasib Airport Smart City Water Network,Airport,Mizoram,Kolasib,USR-00936,27,998.11,3798,7552,93361189956.05,2022-06-25,2024-06-24,Survey,Active,2022-06-25 09:00:00,2023-01-02 09:00:00
LG-000419,Lawngtlai Industrial Corridor Bypass Construction,Industrial Corridor,Mizoram,Lawngtlai,USR-00936,29,5851.14,4555,10706,71784476218.4,2022-12-06,2025-12-05,Approval,Active,2022-12-06 09:00:00,2023-07-23 09:00:00
LG-000420,Lunglei Highway Ring Road Phase II,Highway,Mizoram,Lunglei,USR-01017,38,3825.26,81,222,20462662581.23,2018-09-11,2024-09-09,Final Handover,Active,2018-09-11 09:00:00,2019-03-05 09:00:00
LG-000421,Mamit Urban Development Power Grid Link,Urban Development,Mizoram,Mamit,USR-00889,6,3436.7,3460,6465,15220913517.78,2024-09-05,2026-09-05,Land Identification,Active,2024-09-05 09:00:00,2025-06-25 09:00:00
LG-000422,Saiha Railway Bypass Construction,Railway,Mizoram,Saiha,USR-01017,3,965.16,3018,6629,33520713455.19,2022-09-24,2027-09-23,Notification,Active,2022-09-24 09:00:00,2023-05-14 09:00:00
LG-000423,Saitual Highway Power Grid Link,Highway,Mizoram,Saitual,USR-00889,39,9540.56,2966,6084,95861142589.44,2023-03-16,2025-03-15,Possession,Active,2023-03-16 09:00:00,2023-09-16 09:00:00
LG-000424,Serchhip Railway Smart City Water Network,Railway,Mizoram,Serchhip,USR-00936,30,6208.48,2294,2741,79691525543.67,2019-03-18,2022-03-17,Approval,Completed,2019-03-18 09:00:00,2019-08-12 09:00:00
LG-000425,Chumoukedima Railway Power Grid Link,Railway,Nagaland,Chumoukedima,USR-00884,2,9058.92,4784,6282,43655373990.0,2021-12-08,2023-12-08,Final Handover,Active,2021-12-08 09:00:00,2022-08-30 09:00:00
LG-000426,Dimapur Highway Power Grid Link,Highway,Nagaland,Dimapur,USR-00870,28,8999.45,4495,5930,13375252718.98,2022-08-03,2025-08-02,R&R,Active,2022-08-03 09:00:00,2023-01-10 09:00:00
LG-000427,Kiphire Water Supply Irrigation Modernization,Water Supply,Nagaland,Kiphire,USR-00985,33,1105.84,597,1402,55156741150.3,2023-10-25,2028-10-23,Final Handover,Active,2023-10-25 09:00:00,2023-12-27 09:00:00
LG-000428,Kohima Power Project Metro Line Extension,Power Project,Nagaland,Kohima,USR-00870,10,4610.63,1380,1798,41207909145.2,2022-09-13,2028-09-11,Notification,Active,2022-09-13 09:00:00,2023-01-10 09:00:00
LG-000429,Longleng Urban Development Expressway Development,Urban Development,Nagaland,Longleng,USR-00884,16,4830.24,4945,6116,32114021133.78,2018-03-10,2023-03-09,Final Handover,Completed,2018-03-10 09:00:00,2018-07-13 09:00:00
LG-000430,Mokokchung Industrial Corridor Greenfield Connector,Industrial Corridor,Nagaland,Mokokchung,USR-00881,37,7763.92,1522,1715,4277065593.83,2021-09-22,2024-09-21,Possession,Active,2021-09-22 09:00:00,2022-04-26 09:00:00
LG-000431,Mon Canal Industrial Cluster Feeder,Canal,Nagaland,Mon,USR-00884,35,992.18,3418,7758,38799628041.44,2022-11-03,2025-11-02,Approval,Active,2022-11-03 09:00:00,2023-06-07 09:00:00
LG-000432,Niuland Railway Metro Line Extension,Railway,Nagaland,Niuland,USR-00898,18,1742.04,4813,10227,11053974191.09,2024-09-25,2026-09-25,Notification,Cancelled,2024-09-25 09:00:00,2025-01-15 09:00:00
LG-000433,Noklak Highway Industrial Cluster Feeder,Highway,Nagaland,Noklak,USR-00985,10,2246.05,4479,8241,85863779160.7,2018-07-03,2020-07-02,Notification,Active,2018-07-03 09:00:00,2018-10-01 09:00:00
LG-000434,Peren Power Project Power Grid Link,Power Project,Nagaland,Peren,USR-00870,32,7387.41,4843,7692,33417910727.37,2021-10-16,2024-10-15,Legal Resolution,Completed,2021-10-16 09:00:00,2021-12-04 09:00:00
LG-000435,Phek Power Project Ring Road Phase II,Power Project,Nagaland,Phek,USR-00898,17,1937.14,641,997,55471451291.83,2019-07-27,2023-07-26,Compensation,Active,2019-07-27 09:00:00,2020-03-28 09:00:00
LG-000436,Shamator Railway Ring Road Phase II,Railway,Nagaland,Shamator,USR-00870,19,276.98,2203,5200,15030178607.97,2024-03-06,2028-03-05,Documentation,Active,2024-03-06 09:00:00,2024-07-07 09:00:00
LG-000437,Tseminyu Highway Bypass Construction,Highway,Nagaland,Tseminyu,USR-00884,22,9493.21,215,370,41441619252.88,2022-08-13,2024-08-12,Notification,Active,2022-08-13 09:00:00,2022-12-06 09:00:00
LG-000438,Tuensang Highway Smart City Water Network,Highway,Nagaland,Tuensang,USR-00985,15,668.18,549,1029,57905627038.64,2021-05-07,2024-05-06,Final Handover,Active,2021-05-07 09:00:00,2022-01-12 09:00:00
LG-000439,Wokha Water Supply Greenfield Connector,Water Supply,Nagaland,Wokha,USR-00884,1,5800.9,3618,7972,69475925039.16,2021-05-16,2027-05-15,Survey,Active,2021-05-16 09:00:00,2021-07-03 09:00:00
LG-000440,Zunheboto Power Project Ring Road Phase II,Power Project,Nagaland,Zunheboto,USR-00881,10,67.86,3728,7845,77350105105.52,2019-11-15,2024-11-13,Survey,Active,2019-11-15 09:00:00,2020-01-08 09:00:00
LG-000441,Angul Industrial Corridor Power Grid Link,Industrial Corridor,Odisha,Angul,USR-01001,34,9172.93,4614,8453,462988891.9,2024-09-11,2030-09-10,Legal Resolution,Active,2024-09-11 09:00:00,2025-03-04 09:00:00
LG-000442,Balangir Highway Freight Corridor Expansion,Highway,Odisha,Balangir,USR-01001,22,8569.1,1500,1986,89329657758.9,2021-08-13,2023-08-13,Final Handover,Active,2021-08-13 09:00:00,2022-04-21 09:00:00
LG-000443,Balasore Power Project Expressway Development,Power Project,Odisha,Balasore,USR-01001,26,2897.78,4725,6856,58254283528.71,2023-12-06,2028-12-04,Possession,Completed,2023-12-06 09:00:00,2024-09-20 09:00:00
LG-000444,Bargarh Highway Greenfield Connector,Highway,Odisha,Bargarh,USR-01001,18,1040.22,1426,2048,54093548972.09,2023-11-08,2029-11-06,Compensation,On Hold,2023-11-08 09:00:00,2023-12-05 09:00:00
LG-000445,Bhadrak Highway Industrial Cluster Feeder,Highway,Odisha,Bhadrak,USR-01001,2,8731.06,1225,2325,838189515.41,2023-05-22,2027-05-21,Compensation,Active,2023-05-22 09:00:00,2023-08-10 09:00:00
LG-000446,Boudh Urban Development Freight Corridor Expansion,Urban Development,Odisha,Boudh,USR-00933,27,2150.55,689,1158,94870975828.64,2024-03-21,2026-03-21,Possession,Completed,2024-03-21 09:00:00,2024-04-12 09:00:00
LG-000447,Cuttack Urban Development Expressway Development,Urban Development,Odisha,Cuttack,USR-00933,20,6013.33,2065,2768,90467822589.54,2018-02-23,2024-02-22,Possession,Completed,2018-02-23 09:00:00,2018-05-06 09:00:00
LG-000448,Deogarh Railway Greenfield Connector,Railway,Odisha,Deogarh,USR-01001,3,2705.58,1381,2318,80645133244.83,2020-03-04,2022-03-04,Survey,Completed,2020-03-04 09:00:00,2020-07-19 09:00:00
LG-000449,Dhenkanal Highway Bypass Construction,Highway,Odisha,Dhenkanal,USR-00933,32,5028.82,4852,11976,29340049832.97,2018-02-21,2020-02-21,Land Identification,Completed,2018-02-21 09:00:00,2018-08-24 09:00:00
LG-000450,Gajapati Canal Metro Line Extension,Canal,Odisha,Gajapati,USR-01001,40,9803.87,2921,6681,71065289629.75,2021-01-23,2025-01-22,Survey,Completed,2021-01-23 09:00:00,2021-10-18 09:00:00
LG-000451,Ganjam Canal Greenfield Connector,Canal,Odisha,Ganjam,USR-00933,30,9197.28,1910,3852,64362708844.09,2020-04-18,2023-04-18,Land Identification,Active,2020-04-18 09:00:00,2020-05-26 09:00:00
LG-000452,Jagatsinghpur Canal Greenfield Connector,Canal,Odisha,Jagatsinghpur,USR-00933,10,9858.81,1629,2422,92535931599.56,2019-05-27,2022-05-26,Final Handover,Completed,2019-05-27 09:00:00,2019-08-03 09:00:00
LG-000453,Jajpur Highway Power Grid Link,Highway,Odisha,Jajpur,USR-01001,10,1444.51,2873,6474,17324714639.71,2024-12-10,2026-12-10,Documentation,Active,2024-12-10 09:00:00,2025-05-05 09:00:00
LG-000454,Jharsuguda Railway Bypass Construction,Railway,Odisha,Jharsuguda,USR-00933,37,7374.2,3892,8041,70159291645.83,2019-10-05,2021-10-04,Objection/Hearing,Active,2019-10-05 09:00:00,2019-11-29 09:00:00
LG-000455,Kalahandi Metro Expressway Development,Metro,Odisha,Kalahandi,USR-01001,36,5326.76,1244,1745,33837910439.9,2019-07-14,2025-07-12,Legal Resolution,Active,2019-07-14 09:00:00,2020-03-23 09:00:00
LG-000456,Kandhamal Dam Power Grid Link,Dam,Odisha,Kandhamal,USR-01001,15,4156.65,1843,2943,78246548113.58,2022-11-20,2026-11-19,Land Identification,Active,2022-11-20 09:00:00,2023-04-18 09:00:00
LG-000457,Kendrapara Highway Smart City Water Network,Highway,Odisha,Kendrapara,USR-00933,12,1438.4,4275,10194,9849856629.83,2021-05-09,2025-05-08,Objection/Hearing,Completed,2021-05-09 09:00:00,2021-09-13 09:00:00
LG-000458,Kendujhar Urban Development Power Grid Link,Urban Development,Odisha,Kendujhar,USR-01001,31,5951.19,3372,4576,28677356343.01,2018-11-25,2022-11-24,Compensation,Active,2018-11-25 09:00:00,2018-12-28 09:00:00
LG-000459,Khordha Power Project Irrigation Modernization,Power Project,Odisha,Khordha,USR-01001,6,9191.93,3661,9081,52061390241.11,2024-11-16,2030-11-15,Possession,Completed,2024-11-16 09:00:00,2025-05-31 09:00:00
LG-000460,Koraput Railway Power Grid Link,Railway,Odisha,Koraput,USR-00933,17,6718.27,4772,10473,14502525679.9,2022-08-14,2028-08-12,Possession,Cancelled,2022-08-14 09:00:00,2023-01-11 09:00:00
LG-000461,Malkangiri Dam Power Grid Link,Dam,Odisha,Malkangiri,USR-01001,25,9814.8,2898,4241,48442572893.02,2019-07-24,2022-07-23,Objection/Hearing,Active,2019-07-24 09:00:00,2019-08-25 09:00:00
LG-000462,Mayurbhanj Highway Smart City Water Network,Highway,Odisha,Mayurbhanj,USR-01001,14,8871.69,1775,4270,46074680295.2,2019-09-02,2021-09-01,R&R,Active,2019-09-02 09:00:00,2020-02-20 09:00:00
LG-000463,Nabarangpur Highway Power Grid Link,Highway,Odisha,Nabarangpur,USR-00933,22,6637.04,690,979,95849904739.81,2021-08-11,2027-08-10,Approval,Active,2021-08-11 09:00:00,2021-10-27 09:00:00
LG-000464,Nayagarh Railway Greenfield Connector,Railway,Odisha,Nayagarh,USR-01001,3,1963.76,3536,4425,44441228548.01,2022-10-27,2026-10-26,Survey,Active,2022-10-27 09:00:00,2023-05-25 09:00:00
LG-000465,Nuapada Metro Expressway Development,Metro,Odisha,Nuapada,USR-01001,5,9562.75,1298,2681,90752877858.95,2020-07-16,2024-07-15,Possession,Completed,2020-07-16 09:00:00,2020-11-19 09:00:00
LG-000466,Puri Urban Development Metro Line Extension,Urban Development,Odisha,Puri,USR-00933,15,1156.04,261,600,3537039910.85,2023-05-14,2029-05-12,Survey,Active,2023-05-14 09:00:00,2023-07-30 09:00:00
LG-000467,Rayagada Railway Metro Line Extension,Railway,Odisha,Rayagada,USR-00933,32,5064.63,97,238,3084695467.9,2023-08-01,2029-07-30,Documentation,Active,2023-08-01 09:00:00,2024-04-26 09:00:00
LG-000468,Sambalpur Dam Greenfield Connector,Dam,Odisha,Sambalpur,USR-00933,26,9451.28,615,1462,73527461937.86,2023-03-27,2025-03-26,Objection/Hearing,Active,2023-03-27 09:00:00,2023-07-04 09:00:00
LG-000469,Subarnapur Metro Industrial Cluster Feeder,Metro,Odisha,Subarnapur,USR-00933,19,6927.31,315,718,76676538817.97,2020-09-20,2023-09-20,Survey,Active,2020-09-20 09:00:00,2021-06-15 09:00:00
LG-000470,Sundargarh Water Supply Irrigation Modernization,Water Supply,Odisha,Sundargarh,USR-00933,11,6422.81,1964,2488,90237903682.59,2020-05-12,2024-05-11,Approval,Completed,2020-05-12 09:00:00,2020-07-19 09:00:00
LG-000471,Amritsar Canal Irrigation Modernization,Canal,Punjab,Amritsar,USR-00957,25,3734.98,3112,7363,70989041394.95,2019-01-06,2021-01-05,Approval,Completed,2019-01-06 09:00:00,2019-08-03 09:00:00
LG-000472,Barnala Airport Metro Line Extension,Airport,Punjab,Barnala,USR-00957,31,554.9,2896,7211,92693128037.3,2021-11-05,2026-11-04,Compensation,Active,2021-11-05 09:00:00,2022-07-18 09:00:00
LG-000473,Bathinda Railway Metro Line Extension,Railway,Punjab,Bathinda,USR-00957,36,7555.98,4986,7083,70666516328.54,2019-03-27,2021-03-26,Notification,Active,2019-03-27 09:00:00,2019-10-10 09:00:00
LG-000474,Faridkot Airport Bypass Construction,Airport,Punjab,Faridkot,USR-00957,7,8039.06,3140,5326,97762275913.8,2024-10-08,2026-10-08,Notification,Active,2024-10-08 09:00:00,2024-10-26 09:00:00
LG-000475,Fatehgarh Sahib Power Project Industrial Cluster Feeder,Power Project,Punjab,Fatehgarh Sahib,USR-00957,6,752.25,4733,8394,20714749932.61,2020-09-18,2024-09-17,Objection/Hearing,Active,2020-09-18 09:00:00,2021-03-06 09:00:00
LG-000476,Fazilka Urban Development Bypass Construction,Urban Development,Punjab,Fazilka,USR-00957,21,9294.12,3940,6096,30524304473.84,2020-11-07,2022-11-07,Notification,Active,2020-11-07 09:00:00,2021-03-22 09:00:00
LG-000477,Firozpur Urban Development Industrial Cluster Feeder,Urban Development,Punjab,Firozpur,USR-00957,16,7032.33,2661,3441,7641794426.35,2018-07-12,2020-07-11,Legal Resolution,On Hold,2018-07-12 09:00:00,2018-09-21 09:00:00
LG-000478,Gurdaspur Highway Industrial Cluster Feeder,Highway,Punjab,Gurdaspur,USR-00957,17,1076.14,3835,4489,21653530422.06,2021-12-25,2026-12-24,Compensation,Active,2021-12-25 09:00:00,2022-09-30 09:00:00
LG-000479,Hoshiarpur Dam Greenfield Connector,Dam,Punjab,Hoshiarpur,USR-00957,9,1827.07,4106,6981,40483424006.25,2018-02-25,2021-02-24,R&R,Active,2018-02-25 09:00:00,2018-04-21 09:00:00
LG-000480,Jalandhar Metro Power Grid Link,Metro,Punjab,Jalandhar,USR-00957,40,5979.38,3018,6665,25370604696.71,2019-02-16,2023-02-15,Final Handover,Active,2019-02-16 09:00:00,2019-03-17 09:00:00
LG-000481,Kapurthala Railway Power Grid Link,Railway,Punjab,Kapurthala,USR-00957,29,188.33,3305,5594,99959008086.78,2020-01-05,2023-01-04,Objection/Hearing,Completed,2020-01-05 09:00:00,2020-03-17 09:00:00
LG-000482,Ludhiana Water Supply Greenfield Connector,Water Supply,Punjab,Ludhiana,USR-00957,23,4850.55,1625,3746,52368434541.73,2019-02-23,2023-02-22,Notification,Active,2019-02-23 09:00:00,2019-12-18 09:00:00
LG-000483,Malerkotla Water Supply Freight Corridor Expansion,Water Supply,Punjab,Malerkotla,USR-00957,18,8413.95,423,847,92884596547.4,2022-10-28,2025-10-27,Compensation,Active,2022-10-28 09:00:00,2023-08-23 09:00:00
LG-000484,Mansa Highway Irrigation Modernization,Highway,Punjab,Mansa,USR-00957,31,530.26,3012,6533,78079633178.19,2020-12-26,2024-12-25,Survey,Active,2020-12-26 09:00:00,2021-06-11 09:00:00
LG-000485,Moga Dam Bypass Construction,Dam,Punjab,Moga,USR-00957,22,7230.48,2368,2767,91350915103.04,2018-07-09,2024-07-07,R&R,Active,2018-07-09 09:00:00,2018-12-10 09:00:00
LG-000486,Pathankot Urban Development Expressway Development,Urban Development,Punjab,Pathankot,USR-00957,13,7117.49,1501,2625,81526923563.92,2019-02-28,2024-02-27,Objection/Hearing,Active,2019-02-28 09:00:00,2019-03-23 09:00:00
LG-000487,Patiala Industrial Corridor Freight Corridor Expansion,Industrial Corridor,Punjab,Patiala,USR-00957,26,2040.14,4419,10310,73897590774.53,2021-03-02,2025-03-01,Approval,Active,2021-03-02 09:00:00,2021-10-10 09:00:00
LG-000488,Rupnagar Dam Ring Road Phase II,Dam,Punjab,Rupnagar,USR-00957,36,5744.16,4303,7768,61905735034.82,2019-07-04,2021-07-03,Notification,Active,2019-07-04 09:00:00,2020-02-21 09:00:00
LG-000489,Sahibzada Ajit Singh Nagar Railway Bypass Construction,Railway,Punjab,Sahibzada Ajit Singh Nagar,USR-00957,9,2530.67,2062,3334,41692234189.18,2024-04-05,2030-04-04,Survey,Active,2024-04-05 09:00:00,2024-10-08 09:00:00
LG-000490,Sangrur Highway Bypass Construction,Highway,Punjab,Sangrur,USR-00957,18,9038.41,108,132,90943290663.68,2020-04-17,2025-04-16,Objection/Hearing,Active,2020-04-17 09:00:00,2020-10-30 09:00:00
LG-000491,Shahid Bhagat Singh Nagar Railway Metro Line Extension,Railway,Punjab,Shahid Bhagat Singh Nagar,USR-00957,13,1686.45,4550,7331,97363713821.7,2021-07-25,2025-07-24,Survey,Completed,2021-07-25 09:00:00,2021-11-15 09:00:00
LG-000492,Sri Muktsar Sahib Water Supply Greenfield Connector,Water Supply,Punjab,Sri Muktsar Sahib,USR-00957,12,7719.99,1411,3127,20412806670.58,2022-08-05,2027-08-04,Final Handover,Active,2022-08-05 09:00:00,2023-03-19 09:00:00
LG-000493,Tarn Taran Power Project Metro Line Extension,Power Project,Punjab,Tarn Taran,USR-00957,6,1101.94,2709,4333,84180033491.45,2018-05-19,2024-05-17,Documentation,Completed,2018-05-19 09:00:00,2018-12-03 09:00:00
LG-000494,Ajmer Highway Smart City Water Network,Highway,Rajasthan,Ajmer,USR-00912,24,4508.57,1255,2754,11323836794.32,2022-03-27,2027-03-26,R&R,Active,2022-03-27 09:00:00,2022-05-20 09:00:00
LG-000495,Alwar Highway Smart City Water Network,Highway,Rajasthan,Alwar,USR-00907,14,4389.03,4602,10830,73574578057.23,2020-06-04,2026-06-03,R&R,Completed,2020-06-04 09:00:00,2021-01-23 09:00:00
LG-000496,Banswara Urban Development Power Grid Link,Urban Development,Rajasthan,Banswara,USR-00907,40,7827.24,4099,6741,52405210219.4,2020-03-07,2026-03-06,Legal Resolution,Active,2020-03-07 09:00:00,2020-04-01 09:00:00
LG-000497,Baran Metro Irrigation Modernization,Metro,Rajasthan,Baran,USR-01004,8,2556.47,3046,3877,25876672102.61,2023-05-17,2026-05-16,Land Identification,Completed,2023-05-17 09:00:00,2023-11-19 09:00:00
LG-000498,Barmer Power Project Irrigation Modernization,Power Project,Rajasthan,Barmer,USR-01018,1,6232.28,3961,4620,25027658893.85,2023-01-26,2025-01-25,Approval,Completed,2023-01-26 09:00:00,2023-02-16 09:00:00
LG-000499,Bharatpur Railway Smart City Water Network,Railway,Rajasthan,Bharatpur,USR-00912,38,6509.76,3448,7321,92627847846.03,2021-02-11,2025-02-10,Possession,Active,2021-02-11 09:00:00,2021-03-30 09:00:00
LG-000500,Bhilwara Railway Ring Road Phase II,Railway,Rajasthan,Bhilwara,USR-00912,20,3164.44,1351,2162,63917418654.42,2022-05-22,2028-05-20,Documentation,Active,2022-05-22 09:00:00,2023-02-08 09:00:00
LG-000501,Bikaner Canal Industrial Cluster Feeder,Canal,Rajasthan,Bikaner,USR-00943,8,2144.43,2476,4953,94058649496.53,2020-04-12,2022-04-12,R&R,On Hold,2020-04-12 09:00:00,2020-05-10 09:00:00
LG-000502,Bundi Highway Ring Road Phase II,Highway,Rajasthan,Bundi,USR-00912,11,9663.26,2644,4526,82512236826.62,2018-02-07,2022-02-06,Compensation,Active,2018-02-07 09:00:00,2018-11-09 09:00:00
LG-000503,Chittorgarh Canal Greenfield Connector,Canal,Rajasthan,Chittorgarh,USR-00912,24,8224.55,2038,4403,23567329087.28,2023-12-24,2028-12-22,Land Identification,On Hold,2023-12-24 09:00:00,2024-09-30 09:00:00
LG-000504,Churu Railway Power Grid Link,Railway,Rajasthan,Churu,USR-00907,24,7474.76,1103,1841,67739862995.7,2018-11-27,2024-11-25,Approval,Active,2018-11-27 09:00:00,2019-03-28 09:00:00
LG-000505,Dausa Highway Metro Line Extension,Highway,Rajasthan,Dausa,USR-00907,36,4968.58,4475,5893,80761176756.07,2019-11-16,2023-11-15,Legal Resolution,Active,2019-11-16 09:00:00,2020-03-26 09:00:00
LG-000506,Dholpur Dam Expressway Development,Dam,Rajasthan,Dholpur,USR-00907,33,6525.63,4868,10301,43705580235.7,2024-06-04,2026-06-04,Documentation,On Hold,2024-06-04 09:00:00,2024-10-25 09:00:00
LG-000507,Dungarpur Highway Freight Corridor Expansion,Highway,Rajasthan,Dungarpur,USR-00907,23,7106.93,4156,5924,75978291727.06,2023-05-19,2026-05-18,Compensation,On Hold,2023-05-19 09:00:00,2023-07-04 09:00:00
LG-000508,Hanumangarh Power Project Greenfield Connector,Power Project,Rajasthan,Hanumangarh,USR-00943,2,5337.03,3885,5154,68331188907.79,2023-04-23,2027-04-22,Possession,Completed,2023-04-23 09:00:00,2023-10-19 09:00:00
LG-000509,Jaipur Canal Smart City Water Network,Canal,Rajasthan,Jaipur,USR-00907,3,9862.12,3064,4059,81155293233.47,2022-08-08,2026-08-07,Objection/Hearing,Active,2022-08-08 09:00:00,2022-11-16 09:00:00
LG-000510,Jaipur Rural Canal Greenfield Connector,Canal,Rajasthan,Jaipur Rural,USR-00912,40,1264.39,1352,2797,40020796815.18,2018-11-09,2020-11-08,Objection/Hearing,Active,2018-11-09 09:00:00,2019-03-08 09:00:00
LG-000511,Jaisalmer Highway Industrial Cluster Feeder,Highway,Rajasthan,Jaisalmer,USR-01004,19,3141.53,3308,4706,50579284707.9,2024-05-05,2026-05-05,Objection/Hearing,Active,2024-05-05 09:00:00,2024-07-20 09:00:00
LG-000512,Jalore Railway Freight Corridor Expansion,Railway,Rajasthan,Jalore,USR-00907,22,2797.84,3677,7402,86205645584.88,2021-06-13,2026-06-12,Survey,Completed,2021-06-13 09:00:00,2021-07-16 09:00:00
LG-000513,Jhalawar Railway Smart City Water Network,Railway,Rajasthan,Jhalawar,USR-00912,14,5893.05,2732,6344,96165955228.2,2024-08-21,2029-08-20,Survey,Active,2024-08-21 09:00:00,2025-04-11 09:00:00
LG-000514,Jhunjhunu Dam Greenfield Connector,Dam,Rajasthan,Jhunjhunu,USR-01018,4,8573.51,1668,3759,79940595588.0,2018-05-09,2021-05-08,Land Identification,Active,2018-05-09 09:00:00,2018-07-24 09:00:00
LG-000515,Jodhpur Urban Development Power Grid Link,Urban Development,Rajasthan,Jodhpur,USR-00943,18,9108.69,970,1289,64497707349.28,2022-10-12,2025-10-11,Notification,Active,2022-10-12 09:00:00,2023-01-20 09:00:00
LG-000516,Jodhpur Rural Metro Smart City Water Network,Metro,Rajasthan,Jodhpur Rural,USR-01004,14,7781.18,526,1300,74040241553.13,2022-02-21,2024-02-21,Approval,Active,2022-02-21 09:00:00,2022-11-20 09:00:00
LG-000517,Karauli Urban Development Expressway Development,Urban Development,Rajasthan,Karauli,USR-01018,22,8783.32,4901,11511,73624855847.6,2018-03-12,2020-03-11,Possession,Completed,2018-03-12 09:00:00,2018-12-21 09:00:00
LG-000518,Kota Airport Freight Corridor Expansion,Airport,Rajasthan,Kota,USR-01004,2,9868.67,1990,4439,67831617302.89,2024-05-24,2028-05-23,Land Identification,Active,2024-05-24 09:00:00,2024-11-24 09:00:00
LG-000519,Nagaur Canal Greenfield Connector,Canal,Rajasthan,Nagaur,USR-00912,40,2199.09,1887,4336,46746663334.53,2019-08-15,2022-08-14,Final Handover,Active,2019-08-15 09:00:00,2019-10-30 09:00:00
LG-000520,Pali Metro Freight Corridor Expansion,Metro,Rajasthan,Pali,USR-00907,31,7306.13,4007,5027,89263115481.74,2020-02-09,2022-02-08,Survey,Active,2020-02-09 09:00:00,2020-09-02 09:00:00
LG-000521,Pratapgarh Highway Irrigation Modernization,Highway,Rajasthan,Pratapgarh,USR-00907,35,2947.27,2933,5588,50222816575.56,2019-12-28,2025-12-26,Compensation,On Hold,2019-12-28 09:00:00,2020-06-01 09:00:00
LG-000522,Rajsamand Urban Development Metro Line Extension,Urban Development,Rajasthan,Rajsamand,USR-00912,7,7839.22,4659,7043,63861618165.61,2018-12-17,2020-12-16,Legal Resolution,Active,2018-12-17 09:00:00,2019-03-29 09:00:00
LG-000523,Sawai Madhopur Railway Ring Road Phase II,Railway,Rajasthan,Sawai Madhopur,USR-00907,15,2960.9,4969,12461,85960797205.24,2019-02-09,2024-02-08,Objection/Hearing,Active,2019-02-09 09:00:00,2019-05-15 09:00:00
LG-000524,Sikar Water Supply Greenfield Connector,Water Supply,Rajasthan,Sikar,USR-00912,30,6839.9,4192,10281,35824676620.94,2022-02-03,2024-02-03,Objection/Hearing,Active,2022-02-03 09:00:00,2022-10-19 09:00:00
LG-000525,Sirohi Highway Power Grid Link,Highway,Rajasthan,Sirohi,USR-01004,39,4891.9,2203,4100,49003586864.05,2022-08-13,2025-08-12,Survey,Active,2022-08-13 09:00:00,2023-03-19 09:00:00
LG-000526,Sri Ganganagar Dam Industrial Cluster Feeder,Dam,Rajasthan,Sri Ganganagar,USR-01018,38,7376.14,1570,2098,65488806962.11,2024-07-09,2028-07-08,Objection/Hearing,Active,2024-07-09 09:00:00,2025-02-25 09:00:00
LG-000527,Tonk Dam Ring Road Phase II,Dam,Rajasthan,Tonk,USR-01004,21,4363.19,3559,8771,80245565302.25,2020-08-05,2024-08-04,Survey,Active,2020-08-05 09:00:00,2021-05-24 09:00:00
LG-000528,Udaipur Metro Irrigation Modernization,Metro,Rajasthan,Udaipur,USR-00943,35,5107.91,3998,6140,96372440896.38,2023-11-08,2028-11-06,Land Identification,Completed,2023-11-08 09:00:00,2024-03-05 09:00:00
LG-000529,Anupgarh Power Project Irrigation Modernization,Power Project,Rajasthan,Anupgarh,USR-00912,7,2571.37,4427,5498,22801888486.91,2024-08-02,2030-08-01,Approval,Completed,2024-08-02 09:00:00,2025-05-01 09:00:00
LG-000530,Balotra Metro Greenfield Connector,Metro,Rajasthan,Balotra,USR-00943,18,3474.75,2083,5037,69546861004.21,2020-05-26,2025-05-25,Possession,Active,2020-05-26 09:00:00,2021-02-08 09:00:00
LG-000531,Beawar Railway Greenfield Connector,Railway,Rajasthan,Beawar,USR-01004,21,721.7,3618,4728,24958004813.87,2022-09-11,2028-09-09,Documentation,Active,2022-09-11 09:00:00,2023-01-23 09:00:00
LG-000532,Deeg Industrial Corridor Power Grid Link,Industrial Corridor,Rajasthan,Deeg,USR-01018,19,2834.64,3822,7187,5795280946.86,2021-06-28,2025-06-27,Survey,Completed,2021-06-28 09:00:00,2021-10-05 09:00:00
LG-000533,Didwana-Kuchaman Industrial Corridor Irrigation Modernization,Industrial Corridor,Rajasthan,Didwana-Kuchaman,USR-00912,7,7637.87,2321,5011,60265650173.29,2024-03-10,2028-03-09,Survey,Active,2024-03-10 09:00:00,2024-09-28 09:00:00
LG-000534,Dudu Industrial Corridor Irrigation Modernization,Industrial Corridor,Rajasthan,Dudu,USR-00907,38,1919.77,2247,4575,44295146624.52,2022-12-18,2027-12-17,R&R,Active,2022-12-18 09:00:00,2023-02-02 09:00:00
LG-000535,Gangapur City Canal Expressway Development,Canal,Rajasthan,Gangapur City,USR-00943,32,1559.66,4249,7216,88101151131.97,2024-12-16,2028-12-15,Compensation,Active,2024-12-16 09:00:00,2025-01-11 09:00:00
LG-000536,Kekri Railway Freight Corridor Expansion,Railway,Rajasthan,Kekri,USR-00943,38,7220.44,124,294,72675237194.97,2023-01-07,2027-01-06,R&R,Active,2023-01-07 09:00:00,2023-06-28 09:00:00
LG-000537,Kotputli-Behror Water Supply Smart City Water Network,Water Supply,Rajasthan,Kotputli-Behror,USR-00912,6,9944.14,1967,4234,5582888080.02,2023-04-28,2028-04-26,Legal Resolution,Active,2023-04-28 09:00:00,2023-05-10 09:00:00
LG-000538,Khairthal-Tijara Water Supply Greenfield Connector,Water Supply,Rajasthan,Khairthal-Tijara,USR-01018,2,6234.33,71,116,18513659964.04,2020-02-16,2025-02-14,Land Identification,Active,2020-02-16 09:00:00,2020-05-22 09:00:00
LG-000539,Neem Ka Thana Railway Ring Road Phase II,Railway,Rajasthan,Neem Ka Thana,USR-01018,18,3700.81,1542,1766,73695781398.83,2024-11-19,2026-11-19,Survey,Active,2024-11-19 09:00:00,2025-09-09 09:00:00
LG-000540,Phalodi Railway Expressway Development,Railway,Rajasthan,Phalodi,USR-00907,33,9074.07,2328,4693,329665676.01,2018-12-25,2024-12-23,Approval,Active,2018-12-25 09:00:00,2019-08-08 09:00:00
LG-000541,Salumbar Power Project Expressway Development,Power Project,Rajasthan,Salumbar,USR-01004,23,8324.3,2945,3272,82411558484.18,2022-11-01,2024-10-31,Possession,Active,2022-11-01 09:00:00,2023-06-12 09:00:00
LG-000542,Sanchore Power Project Smart City Water Network,Power Project,Rajasthan,Sanchore,USR-00912,11,996.18,3792,4489,69204203526.35,2020-10-02,2022-10-02,Land Identification,Active,2020-10-02 09:00:00,2021-04-08 09:00:00
LG-000543,Shahpura Water Supply Power Grid Link,Water Supply,Rajasthan,Shahpura,USR-00912,9,514.93,2533,3888,28383461682.08,2018-06-07,2023-06-06,Approval,Completed,2018-06-07 09:00:00,2018-08-30 09:00:00
LG-000544,Gangtok Canal Industrial Cluster Feeder,Canal,Sikkim,Gangtok,USR-00932,38,1359.27,3187,5676,54258070847.99,2019-08-17,2021-08-16,Possession,Active,2019-08-17 09:00:00,2019-10-24 09:00:00
LG-000545,Mangan Highway Bypass Construction,Highway,Sikkim,Mangan,USR-00932,16,225.49,2638,5923,77453903574.48,2019-01-26,2024-01-25,Notification,Active,2019-01-26 09:00:00,2019-10-29 09:00:00
LG-000546,Namchi Water Supply Greenfield Connector,Water Supply,Sikkim,Namchi,USR-00980,38,1016.46,497,553,19515043888.75,2022-10-14,2026-10-13,Possession,Active,2022-10-14 09:00:00,2023-01-29 09:00:00
LG-000547,Pakyong Power Project Greenfield Connector,Power Project,Sikkim,Pakyong,USR-00932,30,6881.91,2123,3086,72247380402.84,2019-01-18,2024-01-17,Notification,Active,2019-01-18 09:00:00,2019-08-06 09:00:00
LG-000548,Soreng Power Project Bypass Construction,Power Project,Sikkim,Soreng,USR-00932,28,6314.26,3026,6338,45874036470.69,2021-04-17,2025-04-16,Notification,Completed,2021-04-17 09:00:00,2022-02-03 09:00:00
LG-000549,Gyalshing Industrial Corridor Freight Corridor Expansion,Industrial Corridor,Sikkim,Gyalshing,USR-00932,16,8605.3,3347,6687,1487960984.49,2019-06-25,2024-06-23,Final Handover,Completed,2019-06-25 09:00:00,2019-10-28 09:00:00
LG-000550,Ariyalur Dam Smart City Water Network,Dam,Tamil Nadu,Ariyalur,USR-00888,16,9635.24,2230,4313,61465030677.18,2021-07-25,2027-07-24,Approval,Active,2021-07-25 09:00:00,2022-01-14 09:00:00
LG-000551,Chengalpattu Highway Industrial Cluster Feeder,Highway,Tamil Nadu,Chengalpattu,USR-00888,30,3357.92,38,100,31116128415.16,2019-09-21,2023-09-20,Possession,Active,2019-09-21 09:00:00,2020-02-29 09:00:00
LG-000552,Chennai Power Project Power Grid Link,Power Project,Tamil Nadu,Chennai,USR-00888,3,7974.15,1892,4010,59887196529.16,2023-08-07,2026-08-06,Documentation,Completed,2023-08-07 09:00:00,2023-10-03 09:00:00
LG-000553,Coimbatore Railway Smart City Water Network,Railway,Tamil Nadu,Coimbatore,USR-00888,9,1476.52,128,179,9585334561.95,2019-09-24,2025-09-22,Documentation,On Hold,2019-09-24 09:00:00,2020-07-06 09:00:00
LG-000554,Cuddalore Highway Industrial Cluster Feeder,Highway,Tamil Nadu,Cuddalore,USR-00976,12,7118.72,3679,7680,60334906006.06,2021-02-27,2023-02-27,Legal Resolution,On Hold,2021-02-27 09:00:00,2021-04-03 09:00:00
LG-000555,Dharmapuri Water Supply Expressway Development,Water Supply,Tamil Nadu,Dharmapuri,USR-00888,17,4074.28,2330,2834,18329294501.69,2018-07-08,2020-07-07,Survey,Active,2018-07-08 09:00:00,2019-02-12 09:00:00
LG-000556,Dindigul Canal Irrigation Modernization,Canal,Tamil Nadu,Dindigul,USR-00976,3,9304.0,1520,2550,29794219500.76,2020-06-06,2022-06-06,Legal Resolution,Active,2020-06-06 09:00:00,2021-01-02 09:00:00
LG-000557,Erode Railway Greenfield Connector,Railway,Tamil Nadu,Erode,USR-00976,31,6643.14,2895,6759,39943805153.04,2020-12-10,2022-12-10,Approval,Active,2020-12-10 09:00:00,2021-09-04 09:00:00
LG-000558,Kallakurichi Industrial Corridor Power Grid Link,Industrial Corridor,Tamil Nadu,Kallakurichi,USR-00976,36,868.39,2491,5274,85462951464.35,2021-06-03,2024-06-02,Land Identification,Active,2021-06-03 09:00:00,2021-11-06 09:00:00
LG-000559,Kanchipuram Railway Industrial Cluster Feeder,Railway,Tamil Nadu,Kanchipuram,USR-00888,36,9298.19,1042,1435,87626226211.57,2024-09-24,2027-09-24,Compensation,Active,2024-09-24 09:00:00,2024-12-07 09:00:00
LG-000560,Kanyakumari Urban Development Expressway Development,Urban Development,Tamil Nadu,Kanyakumari,USR-00888,22,5686.74,2117,5017,59249298851.27,2022-05-19,2027-05-18,Survey,Active,2022-05-19 09:00:00,2023-02-27 09:00:00
LG-000561,Karur Water Supply Metro Line Extension,Water Supply,Tamil Nadu,Karur,USR-00888,17,7418.37,1456,1897,53613334671.86,2023-08-04,2029-08-02,R&R,Active,2023-08-04 09:00:00,2024-01-20 09:00:00
LG-000562,Krishnagiri Highway Power Grid Link,Highway,Tamil Nadu,Krishnagiri,USR-00888,35,4746.48,1015,2461,20690404084.91,2022-07-22,2027-07-21,Approval,Active,2022-07-22 09:00:00,2023-02-11 09:00:00
LG-000563,Madurai Highway Freight Corridor Expansion,Highway,Tamil Nadu,Madurai,USR-00976,7,3229.09,2633,6568,94050113124.42,2021-07-07,2026-07-06,Documentation,Active,2021-07-07 09:00:00,2021-10-23 09:00:00
LG-000564,Mayiladuthurai Urban Development Greenfield Connector,Urban Development,Tamil Nadu,Mayiladuthurai,USR-00888,7,5900.44,1326,2328,71861936334.26,2024-07-24,2030-07-23,R&R,Active,2024-07-24 09:00:00,2024-10-21 09:00:00
LG-000565,Nagapattinam Power Project Greenfield Connector,Power Project,Tamil Nadu,Nagapattinam,USR-00888,15,6560.2,3920,9318,39238120356.72,2022-05-26,2028-05-24,Land Identification,Active,2022-05-26 09:00:00,2022-06-13 09:00:00
LG-000566,Namakkal Dam Smart City Water Network,Dam,Tamil Nadu,Namakkal,USR-00976,34,180.25,1538,3666,87519720867.47,2023-02-04,2027-02-03,Legal Resolution,Active,2023-02-04 09:00:00,2023-03-04 09:00:00
LG-000567,Nilgiris Industrial Corridor Power Grid Link,Industrial Corridor,Tamil Nadu,Nilgiris,USR-00976,14,8451.95,3568,5045,692777581.76,2023-05-16,2028-05-14,R&R,Active,2023-05-16 09:00:00,2023-09-12 09:00:00
LG-000568,Perambalur Highway Irrigation Modernization,Highway,Tamil Nadu,Perambalur,USR-00888,10,6204.51,2863,4328,48793089036.7,2023-11-07,2027-11-06,Approval,Active,2023-11-07 09:00:00,2024-06-16 09:00:00
LG-000569,Pudukkottai Dam Freight Corridor Expansion,Dam,Tamil Nadu,Pudukkottai,USR-00888,5,9384.35,1200,2383,81480739947.36,2021-09-21,2024-09-20,Notification,Active,2021-09-21 09:00:00,2021-10-27 09:00:00
LG-000570,Ramanathapuram Industrial Corridor Ring Road Phase II,Industrial Corridor,Tamil Nadu,Ramanathapuram,USR-00976,5,8446.86,4340,8107,19484356575.99,2022-07-24,2027-07-23,Notification,Completed,2022-07-24 09:00:00,2022-10-15 09:00:00
LG-000571,Ranipet Railway Bypass Construction,Railway,Tamil Nadu,Ranipet,USR-00888,23,3990.03,4650,6733,11669981890.94,2018-05-10,2024-05-08,Possession,Active,2018-05-10 09:00:00,2018-10-20 09:00:00
LG-000572,Salem Power Project Greenfield Connector,Power Project,Tamil Nadu,Salem,USR-00888,24,2863.3,1380,2353,1799968216.14,2024-05-12,2030-05-11,Documentation,Active,2024-05-12 09:00:00,2024-07-02 09:00:00
LG-000573,Sivaganga Metro Bypass Construction,Metro,Tamil Nadu,Sivaganga,USR-00976,22,5559.38,974,1360,44809587832.54,2018-04-17,2021-04-16,Objection/Hearing,On Hold,2018-04-17 09:00:00,2018-07-28 09:00:00
LG-000574,Tenkasi Water Supply Greenfield Connector,Water Supply,Tamil Nadu,Tenkasi,USR-00976,12,9289.16,4499,9390,91151069494.9,2024-06-11,2030-06-10,Possession,Active,2024-06-11 09:00:00,2025-03-07 09:00:00
LG-000575,Thanjavur Industrial Corridor Metro Line Extension,Industrial Corridor,Tamil Nadu,Thanjavur,USR-00976,9,9370.79,1285,2364,10716299341.21,2019-02-02,2025-01-31,Final Handover,Active,2019-02-02 09:00:00,2019-09-15 09:00:00
LG-000576,Theni Industrial Corridor Ring Road Phase II,Industrial Corridor,Tamil Nadu,Theni,USR-00976,2,6896.66,3920,8593,70022592729.77,2018-07-19,2020-07-18,Legal Resolution,Active,2018-07-19 09:00:00,2019-02-05 09:00:00
LG-000577,Thoothukudi Urban Development Irrigation Modernization,Urban Development,Tamil Nadu,Thoothukudi,USR-00976,6,3295.67,1368,3296,63692329773.73,2023-09-20,2029-09-18,Objection/Hearing,Active,2023-09-20 09:00:00,2024-02-17 09:00:00
LG-000578,Tiruchirappalli Power Project Freight Corridor Expansion,Power Project,Tamil Nadu,Tiruchirappalli,USR-00888,1,4939.61,4345,6996,86823881353.31,2020-06-02,2025-06-01,Legal Resolution,Active,2020-06-02 09:00:00,2021-03-28 09:00:00
LG-000579,Tirunelveli Power Project Irrigation Modernization,Power Project,Tamil Nadu,Tirunelveli,USR-00888,39,8235.48,963,2340,98273599396.48,2021-10-17,2023-10-17,Survey,Active,2021-10-17 09:00:00,2022-06-23 09:00:00
LG-000580,Tirupathur Urban Development Power Grid Link,Urban Development,Tamil Nadu,Tirupathur,USR-00888,5,5894.19,3154,5778,2721833673.46,2023-06-12,2028-06-10,Legal Resolution,Completed,2023-06-12 09:00:00,2023-10-06 09:00:00
LG-000581,Tiruppur Railway Expressway Development,Railway,Tamil Nadu,Tiruppur,USR-00888,2,6803.08,2649,5613,46132875616.66,2019-04-03,2021-04-02,Survey,Active,2019-04-03 09:00:00,2019-04-28 09:00:00
LG-000582,Tiruvallur Highway Greenfield Connector,Highway,Tamil Nadu,Tiruvallur,USR-00976,33,7158.17,4434,9515,86564962245.99,2018-07-09,2024-07-07,Possession,Active,2018-07-09 09:00:00,2019-04-22 09:00:00
LG-000583,Tiruvannamalai Power Project Bypass Construction,Power Project,Tamil Nadu,Tiruvannamalai,USR-00888,24,5339.54,3977,5845,54347244800.51,2024-03-23,2028-03-22,Documentation,Active,2024-03-23 09:00:00,2024-05-21 09:00:00
LG-000584,Tiruvarur Railway Ring Road Phase II,Railway,Tamil Nadu,Tiruvarur,USR-00888,30,503.78,3674,4492,34015052409.46,2019-11-03,2022-11-02,Compensation,Active,2019-11-03 09:00:00,2020-01-26 09:00:00
LG-000585,Vellore Power Project Industrial Cluster Feeder,Power Project,Tamil Nadu,Vellore,USR-00976,16,5020.55,4176,10398,59166167571.35,2018-05-14,2022-05-13,Documentation,Active,2018-05-14 09:00:00,2018-12-07 09:00:00
LG-000586,Viluppuram Dam Metro Line Extension,Dam,Tamil Nadu,Viluppuram,USR-00976,7,2597.05,3248,4128,7977982208.66,2023-07-28,2027-07-27,Objection/Hearing,Active,2023-07-28 09:00:00,2024-01-29 09:00:00
LG-000587,Virudhunagar Urban Development Ring Road Phase II,Urban Development,Tamil Nadu,Virudhunagar,USR-00976,33,4636.43,1897,2962,38476163002.37,2023-01-24,2027-01-23,Notification,Active,2023-01-24 09:00:00,2023-11-10 09:00:00
LG-000588,Adilabad Water Supply Power Grid Link,Water Supply,Telangana,Adilabad,USR-00893,33,2910.93,4047,8198,60023726610.45,2022-06-22,2024-06-21,Survey,Completed,2022-06-22 09:00:00,2022-11-06 09:00:00
LG-000589,Bhadradri Kothagudem Urban Development Industrial Cluster Feeder,Urban Development,Telangana,Bhadradri Kothagudem,USR-00900,1,8490.77,4633,7703,23582488041.5,2021-11-06,2023-11-06,Survey,Cancelled,2021-11-06 09:00:00,2022-02-15 09:00:00
LG-000590,Hanamkonda Highway Irrigation Modernization,Highway,Telangana,Hanamkonda,USR-00945,18,315.8,3784,8716,97390539668.81,2022-06-08,2026-06-07,Approval,Active,2022-06-08 09:00:00,2022-10-13 09:00:00
LG-000591,Hyderabad Urban Development Metro Line Extension,Urban Development,Telangana,Hyderabad,USR-00899,4,230.41,1377,2762,91027452863.34,2021-04-17,2026-04-16,R&R,Active,2021-04-17 09:00:00,2021-12-30 09:00:00
LG-000592,Jagtial Railway Smart City Water Network,Railway,Telangana,Jagtial,USR-00900,10,4193.48,2203,4615,88254622980.7,2018-06-03,2020-06-02,Compensation,Active,2018-06-03 09:00:00,2018-10-22 09:00:00
LG-000593,Jangaon Highway Metro Line Extension,Highway,Telangana,Jangaon,USR-00893,26,4061.88,3473,5481,5282938839.71,2019-03-07,2022-03-06,R&R,Completed,2019-03-07 09:00:00,2019-09-28 09:00:00
LG-000594,Jayashankar Bhupalpally Highway Smart City Water Network,Highway,Telangana,Jayashankar Bhupalpally,USR-00958,12,1723.65,3417,3903,82505337652.02,2024-08-24,2028-08-23,Possession,Active,2024-08-24 09:00:00,2025-04-10 09:00:00
LG-000595,Jogulamba Gadwal Railway Industrial Cluster Feeder,Railway,Telangana,Jogulamba Gadwal,USR-00945,22,2195.03,685,881,55806894080.57,2020-01-10,2024-01-09,Approval,Active,2020-01-10 09:00:00,2020-05-09 09:00:00
LG-000596,Kamareddy Highway Greenfield Connector,Highway,Telangana,Kamareddy,USR-00900,1,7994.63,4263,8678,80556963710.78,2021-04-27,2023-04-27,Land Identification,Active,2021-04-27 09:00:00,2022-01-16 09:00:00
LG-000597,Karimnagar Highway Freight Corridor Expansion,Highway,Telangana,Karimnagar,USR-00945,29,4788.99,3227,7593,38295067585.2,2024-12-15,2030-12-14,Compensation,Completed,2024-12-15 09:00:00,2025-06-13 09:00:00
LG-000598,Khammam Railway Bypass Construction,Railway,Telangana,Khammam,USR-00900,10,4379.68,4158,10183,93821863186.26,2019-11-11,2024-11-09,Approval,Active,2019-11-11 09:00:00,2020-07-02 09:00:00
LG-000599,Kumuram Bheem Metro Metro Line Extension,Metro,Telangana,Kumuram Bheem,USR-00899,36,7218.85,942,1365,2471862391.6,2018-06-09,2022-06-08,Compensation,Active,2018-06-09 09:00:00,2019-01-17 09:00:00
LG-000600,Mahabubabad Canal Expressway Development,Canal,Telangana,Mahabubabad,USR-00945,3,346.79,1912,4577,6129401618.97,2023-05-14,2028-05-12,Compensation,Active,2023-05-14 09:00:00,2023-05-27 09:00:00
LG-000601,Mahabubnagar Railway Expressway Development,Railway,Telangana,Mahabubnagar,USR-00899,33,2157.07,1737,4231,80752653522.28,2018-11-28,2021-11-27,Land Identification,Active,2018-11-28 09:00:00,2019-02-10 09:00:00
LG-000602,Mancherial Dam Greenfield Connector,Dam,Telangana,Mancherial,USR-00899,10,3797.99,293,530,71807512705.62,2018-11-19,2024-11-17,Compensation,Active,2018-11-19 09:00:00,2019-08-05 09:00:00
LG-000603,Medak Power Project Power Grid Link,Power Project,Telangana,Medak,USR-00893,36,9543.24,3405,4139,52978182491.1,2021-12-14,2025-12-13,Legal Resolution,Completed,2021-12-14 09:00:00,2022-08-20 09:00:00
LG-000604,Medchal-Malkajgiri Canal Bypass Construction,Canal,Telangana,Medchal-Malkajgiri,USR-00900,30,5671.33,4453,9314,67381327964.64,2022-09-19,2028-09-17,Legal Resolution,Active,2022-09-19 09:00:00,2022-10-25 09:00:00
LG-000605,Mulugu Power Project Smart City Water Network,Power Project,Telangana,Mulugu,USR-00941,33,1993.57,4615,8643,10142803437.73,2020-03-01,2025-02-28,Objection/Hearing,On Hold,2020-03-01 09:00:00,2020-03-16 09:00:00
LG-000606,Nagarkurnool Highway Ring Road Phase II,Highway,Telangana,Nagarkurnool,USR-00900,18,3664.88,4871,11788,30642946411.2,2024-10-02,2027-10-02,Objection/Hearing,Active,2024-10-02 09:00:00,2025-06-28 09:00:00
LG-000607,Nalgonda Railway Expressway Development,Railway,Telangana,Nalgonda,USR-00945,11,3263.17,2303,3139,60957458264.68,2021-10-18,2026-10-17,Final Handover,Active,2021-10-18 09:00:00,2022-02-17 09:00:00
LG-000608,Narayanpet Highway Greenfield Connector,Highway,Telangana,Narayanpet,USR-00941,24,1704.86,1930,2822,52219246574.3,2022-05-19,2024-05-18,Legal Resolution,Active,2022-05-19 09:00:00,2022-12-28 09:00:00
LG-000609,Nirmal Industrial Corridor Metro Line Extension,Industrial Corridor,Telangana,Nirmal,USR-00899,1,5674.55,338,849,47047298216.81,2021-04-17,2024-04-16,Legal Resolution,Active,2021-04-17 09:00:00,2021-08-21 09:00:00
LG-000610,Nizamabad Urban Development Bypass Construction,Urban Development,Telangana,Nizamabad,USR-00941,1,9720.18,4579,5165,82761105884.77,2022-03-17,2027-03-16,Survey,Completed,2022-03-17 09:00:00,2022-07-22 09:00:00
LG-000611,Peddapalli Airport Ring Road Phase II,Airport,Telangana,Peddapalli,USR-00900,28,3965.06,3640,5228,55849440880.19,2019-03-05,2023-03-04,Land Identification,Active,2019-03-05 09:00:00,2019-03-30 09:00:00
LG-000612,Rajanna Sircilla Water Supply Ring Road Phase II,Water Supply,Telangana,Rajanna Sircilla,USR-00945,20,3950.01,2394,3058,5543519879.77,2022-08-16,2025-08-15,Approval,Active,2022-08-16 09:00:00,2023-03-15 09:00:00
LG-000613,Rangareddy Dam Metro Line Extension,Dam,Telangana,Rangareddy,USR-00945,9,5440.6,3319,5535,27459051066.42,2020-03-22,2023-03-22,Legal Resolution,On Hold,2020-03-22 09:00:00,2021-01-16 09:00:00
LG-000614,Sangareddy Canal Expressway Development,Canal,Telangana,Sangareddy,USR-00893,34,9684.85,1203,1606,60855626478.17,2019-10-25,2021-10-24,R&R,Completed,2019-10-25 09:00:00,2019-12-30 09:00:00
LG-000615,Siddipet Canal Expressway Development,Canal,Telangana,Siddipet,USR-00945,38,6332.49,4566,8412,21570250401.96,2019-08-28,2023-08-27,Final Handover,Active,2019-08-28 09:00:00,2020-04-24 09:00:00
LG-000616,Suryapet Highway Metro Line Extension,Highway,Telangana,Suryapet,USR-00945,18,5479.34,4394,8760,38673877681.0,2020-06-05,2022-06-05,Final Handover,Completed,2020-06-05 09:00:00,2021-03-20 09:00:00
LG-000617,Vikarabad Highway Expressway Development,Highway,Telangana,Vikarabad,USR-00945,2,3299.07,891,1241,98483444547.87,2021-09-04,2023-09-04,Approval,Completed,2021-09-04 09:00:00,2021-12-26 09:00:00
LG-000618,Wanaparthy Industrial Corridor Greenfield Connector,Industrial Corridor,Telangana,Wanaparthy,USR-00893,28,7748.57,804,1138,49888489607.86,2023-04-08,2026-04-07,Compensation,Completed,2023-04-08 09:00:00,2023-11-17 09:00:00
LG-000619,Warangal Highway Power Grid Link,Highway,Telangana,Warangal,USR-00941,32,6036.46,3162,5135,41909275002.39,2023-03-10,2025-03-09,Approval,Active,2023-03-10 09:00:00,2023-09-24 09:00:00
LG-000620,Yadadri Bhuvanagiri Railway Ring Road Phase II,Railway,Telangana,Yadadri Bhuvanagiri,USR-00941,26,8559.05,4009,10000,74853928624.98,2024-08-21,2030-08-20,Possession,Active,2024-08-21 09:00:00,2025-01-26 09:00:00
LG-000621,Dhalai Highway Power Grid Link,Highway,Tripura,Dhalai,USR-00887,14,5452.29,161,298,1409145814.17,2023-03-16,2025-03-15,Approval,On Hold,2023-03-16 09:00:00,2023-08-20 09:00:00
LG-000622,Gomati Power Project Power Grid Link,Power Project,Tripura,Gomati,USR-00905,7,1717.62,4692,9154,88514557130.97,2022-10-19,2028-10-17,Compensation,Active,2022-10-19 09:00:00,2023-04-15 09:00:00
LG-000623,Khowai Water Supply Industrial Cluster Feeder,Water Supply,Tripura,Khowai,USR-00996,16,665.5,4950,7402,90568262982.64,2019-05-28,2025-05-26,Compensation,Active,2019-05-28 09:00:00,2020-01-01 09:00:00
LG-000624,North Tripura Power Project Irrigation Modernization,Power Project,Tripura,North Tripura,USR-00996,10,2757.37,4071,7350,89192155125.69,2019-09-06,2025-09-04,Documentation,Active,2019-09-06 09:00:00,2020-03-04 09:00:00
LG-000625,Sepahijala Airport Expressway Development,Airport,Tripura,Sepahijala,USR-00887,22,2736.27,3719,7850,86929779751.73,2024-02-10,2026-02-09,Land Identification,Active,2024-02-10 09:00:00,2024-04-22 09:00:00
LG-000626,South Tripura Dam Metro Line Extension,Dam,Tripura,South Tripura,USR-00996,11,1478.24,725,1047,17881283509.69,2020-06-20,2022-06-20,Documentation,Completed,2020-06-20 09:00:00,2021-02-06 09:00:00
LG-000627,Unakoti Railway Power Grid Link,Railway,Tripura,Unakoti,USR-00887,32,3344.98,1104,1486,40083731738.91,2018-10-19,2024-10-17,Possession,On Hold,2018-10-19 09:00:00,2019-03-22 09:00:00
LG-000628,West Tripura Highway Freight Corridor Expansion,Highway,Tripura,West Tripura,USR-00927,36,9215.53,285,379,55014982619.24,2020-01-23,2022-01-22,Legal Resolution,Completed,2020-01-23 09:00:00,2020-09-06 09:00:00
LG-000629,Agra Water Supply Power Grid Link,Water Supply,Uttar Pradesh,Agra,USR-00910,24,5812.27,4768,11108,44068356959.31,2018-07-06,2021-07-05,Compensation,Completed,2018-07-06 09:00:00,2018-12-04 09:00:00
LG-000630,Aligarh Metro Freight Corridor Expansion,Metro,Uttar Pradesh,Aligarh,USR-00919,35,2153.55,866,2181,13355747996.59,2019-01-10,2024-01-09,Approval,Completed,2019-01-10 09:00:00,2019-07-28 09:00:00
LG-000631,Ambedkar Nagar Industrial Corridor Freight Corridor Expansion,Industrial Corridor,Uttar Pradesh,Ambedkar Nagar,USR-00910,12,766.09,4546,7058,79918910105.59,2018-12-12,2024-12-10,Legal Resolution,Active,2018-12-12 09:00:00,2018-12-28 09:00:00
LG-000632,Amethi Highway Bypass Construction,Highway,Uttar Pradesh,Amethi,USR-00910,13,4547.84,4526,5056,62204203239.05,2024-02-08,2030-02-06,Approval,Active,2024-02-08 09:00:00,2024-06-27 09:00:00
LG-000633,Amroha Highway Bypass Construction,Highway,Uttar Pradesh,Amroha,USR-00910,23,8579.46,2326,5111,90161364689.95,2024-05-27,2026-05-27,Objection/Hearing,Active,2024-05-27 09:00:00,2025-01-05 09:00:00
LG-000634,Auraiya Railway Greenfield Connector,Railway,Uttar Pradesh,Auraiya,USR-00910,39,7177.61,2374,5831,93702287894.58,2024-02-28,2030-02-26,Land Identification,Cancelled,2024-02-28 09:00:00,2024-03-27 09:00:00
LG-000635,Ayodhya Power Project Greenfield Connector,Power Project,Uttar Pradesh,Ayodhya,USR-00919,14,1897.12,4818,10478,46542408446.92,2019-02-08,2021-02-07,Possession,Completed,2019-02-08 09:00:00,2019-10-08 09:00:00
LG-000636,Azamgarh Highway Smart City Water Network,Highway,Uttar Pradesh,Azamgarh,USR-00910,3,919.09,3149,7703,18206101225.08,2024-12-03,2027-12-03,Approval,Completed,2024-12-03 09:00:00,2025-01-29 09:00:00
LG-000637,Baghpat Airport Smart City Water Network,Airport,Uttar Pradesh,Baghpat,USR-00910,38,7130.98,3935,9592,73504962017.7,2022-03-16,2026-03-15,Final Handover,Active,2022-03-16 09:00:00,2022-12-22 09:00:00
LG-000638,Bahraich Power Project Ring Road Phase II,Power Project,Uttar Pradesh,Bahraich,USR-00910,11,5956.44,1258,2372,43378499905.49,2023-12-22,2026-12-21,Approval,Completed,2023-12-22 09:00:00,2024-03-25 09:00:00
LG-000639,Ballia Highway Industrial Cluster Feeder,Highway,Uttar Pradesh,Ballia,USR-00919,11,6599.27,661,1203,69022484610.82,2022-03-20,2025-03-19,Final Handover,Active,2022-03-20 09:00:00,2022-12-07 09:00:00
LG-000640,Balrampur Water Supply Bypass Construction,Water Supply,Uttar Pradesh,Balrampur,USR-00910,23,7483.17,2010,3904,85282699579.85,2020-04-04,2024-04-03,Documentation,Active,2020-04-04 09:00:00,2020-09-22 09:00:00
LG-000641,Banda Water Supply Power Grid Link,Water Supply,Uttar Pradesh,Banda,USR-00919,38,3414.85,4326,6482,74866315088.41,2024-04-04,2029-04-03,Notification,Active,2024-04-04 09:00:00,2024-06-21 09:00:00
LG-000642,Barabanki Highway Greenfield Connector,Highway,Uttar Pradesh,Barabanki,USR-00910,39,7904.34,3951,4369,49578961607.65,2022-06-27,2027-06-26,Legal Resolution,Active,2022-06-27 09:00:00,2022-07-08 09:00:00
LG-000643,Bareilly Dam Irrigation Modernization,Dam,Uttar Pradesh,Bareilly,USR-00910,12,7885.41,2188,4359,39918611331.25,2021-02-15,2025-02-14,Notification,Active,2021-02-15 09:00:00,2021-07-21 09:00:00
LG-000644,Basti Dam Ring Road Phase II,Dam,Uttar Pradesh,Basti,USR-00910,11,8255.12,1796,3505,96351179853.53,2024-11-11,2027-11-11,Approval,Active,2024-11-11 09:00:00,2025-04-11 09:00:00
LG-000645,Bhadohi Railway Irrigation Modernization,Railway,Uttar Pradesh,Bhadohi,USR-00910,40,9982.81,2183,2795,56490525699.77,2022-04-07,2024-04-06,Final Handover,Active,2022-04-07 09:00:00,2022-04-20 09:00:00
LG-000646,Bijnor Water Supply Industrial Cluster Feeder,Water Supply,Uttar Pradesh,Bijnor,USR-00910,16,280.04,3181,5895,79987244351.77,2023-11-07,2026-11-06,Final Handover,Active,2023-11-07 09:00:00,2024-03-30 09:00:00
LG-000647,Budaun Power Project Smart City Water Network,Power Project,Uttar Pradesh,Budaun,USR-00919,4,1531.33,4863,7194,80032212344.06,2023-11-20,2029-11-18,Land Identification,Active,2023-11-20 09:00:00,2024-06-23 09:00:00
LG-000648,Bulandshahr Power Project Ring Road Phase II,Power Project,Uttar Pradesh,Bulandshahr,USR-00919,28,9705.96,2709,5291,86400089003.88,2020-09-03,2023-09-03,Land Identification,Active,2020-09-03 09:00:00,2020-10-25 09:00:00
LG-000649,Chandauli Highway Power Grid Link,Highway,Uttar Pradesh,Chandauli,USR-00919,16,841.55,2360,5755,45883136633.5,2020-10-28,2025-10-27,Legal Resolution,Active,2020-10-28 09:00:00,2020-11-25 09:00:00
LG-000650,Chitrakoot Industrial Corridor Smart City Water Network,Industrial Corridor,Uttar Pradesh,Chitrakoot,USR-00910,12,3465.42,954,1519,29121990768.44,2018-01-18,2022-01-17,Land Identification,Active,2018-01-18 09:00:00,2018-04-24 09:00:00
LG-000651,Deoria Highway Greenfield Connector,Highway,Uttar Pradesh,Deoria,USR-00919,33,462.76,206,360,89255244736.82,2018-08-03,2022-08-02,Documentation,Cancelled,2018-08-03 09:00:00,2019-05-06 09:00:00
LG-000652,Etah Highway Irrigation Modernization,Highway,Uttar Pradesh,Etah,USR-00919,6,8827.44,1868,2425,94241998466.12,2018-01-04,2023-01-03,Legal Resolution,Active,2018-01-04 09:00:00,2018-06-20 09:00:00
LG-000653,Etawah Dam Expressway Development,Dam,Uttar Pradesh,Etawah,USR-00919,21,5727.29,793,2016,79661857834.41,2019-12-26,2022-12-25,Notification,Active,2019-12-26 09:00:00,2020-09-13 09:00:00
LG-000654,Farrukhabad Highway Power Grid Link,Highway,Uttar Pradesh,Farrukhabad,USR-00919,35,6070.53,487,1212,12431777385.74,2021-10-24,2024-10-23,Compensation,Active,2021-10-24 09:00:00,2022-07-09 09:00:00
LG-000655,Fatehpur Railway Metro Line Extension,Railway,Uttar Pradesh,Fatehpur,USR-00910,12,1400.45,3853,8898,29903584622.98,2023-06-18,2026-06-17,Compensation,Active,2023-06-18 09:00:00,2023-09-17 09:00:00
LG-000656,Firozabad Urban Development Ring Road Phase II,Urban Development,Uttar Pradesh,Firozabad,USR-00919,28,2954.22,3697,5780,35580847610.96,2018-09-05,2022-09-04,Land Identification,Active,2018-09-05 09:00:00,2018-12-18 09:00:00
LG-000657,Gautam Buddha Nagar Canal Greenfield Connector,Canal,Uttar Pradesh,Gautam Buddha Nagar,USR-00910,30,2598.59,2958,3398,72916396789.73,2020-10-26,2022-10-26,Possession,Cancelled,2020-10-26 09:00:00,2021-05-26 09:00:00
LG-000658,Ghaziabad Industrial Corridor Bypass Construction,Industrial Corridor,Uttar Pradesh,Ghaziabad,USR-00910,3,469.88,3130,5681,50511204887.93,2021-09-13,2024-09-12,Notification,Active,2021-09-13 09:00:00,2022-01-29 09:00:00
LG-000659,Ghazipur Railway Industrial Cluster Feeder,Railway,Uttar Pradesh,Ghazipur,USR-00910,3,4674.68,2031,2778,19662531627.88,2022-06-12,2028-06-10,Land Identification,Active,2022-06-12 09:00:00,2022-10-21 09:00:00
LG-000660,Gonda Canal Power Grid Link,Canal,Uttar Pradesh,Gonda,USR-00919,20,2647.89,583,991,14488266822.56,2019-02-11,2024-02-10,Land Identification,Active,2019-02-11 09:00:00,2019-06-04 09:00:00
LG-000661,Gorakhpur Highway Greenfield Connector,Highway,Uttar Pradesh,Gorakhpur,USR-00910,40,5395.57,3879,9326,62922521151.11,2019-12-12,2024-12-10,Possession,Completed,2019-12-12 09:00:00,2020-02-26 09:00:00
LG-000662,Hamirpur Water Supply Greenfield Connector,Water Supply,Uttar Pradesh,Hamirpur,USR-00919,28,2023.48,164,391,65342447034.5,2021-02-26,2027-02-25,Compensation,Active,2021-02-26 09:00:00,2021-07-25 09:00:00
LG-000663,Hapur Water Supply Industrial Cluster Feeder,Water Supply,Uttar Pradesh,Hapur,USR-00919,20,9562.59,1999,4629,67858457168.37,2021-02-20,2024-02-20,Possession,Active,2021-02-20 09:00:00,2021-09-22 09:00:00
LG-000664,Hardoi Industrial Corridor Greenfield Connector,Industrial Corridor,Uttar Pradesh,Hardoi,USR-00910,22,5934.35,606,761,27184127087.74,2023-11-11,2029-11-09,R&R,Completed,2023-11-11 09:00:00,2024-04-25 09:00:00
LG-000665,Hathras Industrial Corridor Industrial Cluster Feeder,Industrial Corridor,Uttar Pradesh,Hathras,USR-00910,15,8479.16,4861,5392,81264122178.41,2018-12-14,2024-12-12,R&R,Active,2018-12-14 09:00:00,2019-03-16 09:00:00
LG-000666,Jalaun Water Supply Industrial Cluster Feeder,Water Supply,Uttar Pradesh,Jalaun,USR-00919,9,9687.84,1258,2797,77474172950.72,2018-01-14,2024-01-13,Survey,Active,2018-01-14 09:00:00,2018-08-12 09:00:00
LG-000667,Jaunpur Highway Power Grid Link,Highway,Uttar Pradesh,Jaunpur,USR-00919,24,986.91,3912,8860,60236249770.69,2021-06-07,2027-06-06,Compensation,Active,2021-06-07 09:00:00,2021-12-19 09:00:00
LG-000668,Jhansi Industrial Corridor Metro Line Extension,Industrial Corridor,Uttar Pradesh,Jhansi,USR-00919,13,4560.23,169,229,40602171579.3,2021-04-05,2023-04-05,Objection/Hearing,Active,2021-04-05 09:00:00,2021-07-07 09:00:00
LG-000669,Kannauj Canal Bypass Construction,Canal,Uttar Pradesh,Kannauj,USR-00910,38,8569.79,2304,4747,97401505764.07,2024-03-13,2026-03-13,Legal Resolution,Active,2024-03-13 09:00:00,2024-11-18 09:00:00
LG-000670,Kanpur Dehat Highway Industrial Cluster Feeder,Highway,Uttar Pradesh,Kanpur Dehat,USR-00919,35,4474.32,141,317,79998264672.11,2021-10-24,2026-10-23,Land Identification,Active,2021-10-24 09:00:00,2022-07-14 09:00:00
LG-000671,Kanpur Nagar Dam Metro Line Extension,Dam,Uttar Pradesh,Kanpur Nagar,USR-00919,10,4682.28,2543,4641,46154305870.71,2022-05-05,2024-05-04,Survey,Completed,2022-05-05 09:00:00,2023-02-24 09:00:00
LG-000672,Kasganj Dam Greenfield Connector,Dam,Uttar Pradesh,Kasganj,USR-00910,5,8303.82,3501,6662,48712319192.79,2020-08-02,2025-08-01,Survey,Active,2020-08-02 09:00:00,2021-01-05 09:00:00
LG-000673,Kaushambi Highway Power Grid Link,Highway,Uttar Pradesh,Kaushambi,USR-00910,38,2537.77,668,1230,60884441638.66,2020-12-10,2022-12-10,Approval,Active,2020-12-10 09:00:00,2020-12-23 09:00:00
LG-000674,Kheri Canal Power Grid Link,Canal,Uttar Pradesh,Kheri,USR-00910,38,5629.99,1805,3924,93544500619.36,2023-10-26,2025-10-25,Survey,Completed,2023-10-26 09:00:00,2023-11-14 09:00:00
LG-000675,Kushinagar Highway Freight Corridor Expansion,Highway,Uttar Pradesh,Kushinagar,USR-00910,29,1301.0,3224,7549,97319808325.43,2018-11-15,2024-11-13,Documentation,Active,2018-11-15 09:00:00,2019-07-20 09:00:00
LG-000676,Lalitpur Highway Expressway Development,Highway,Uttar Pradesh,Lalitpur,USR-00919,5,9829.94,3140,4819,34137334842.98,2018-09-03,2022-09-02,Legal Resolution,Active,2018-09-03 09:00:00,2018-09-30 09:00:00
LG-000677,Lucknow Urban Development Expressway Development,Urban Development,Uttar Pradesh,Lucknow,USR-00910,9,9398.09,624,1384,50638825426.88,2024-04-19,2026-04-19,Possession,Active,2024-04-19 09:00:00,2024-11-22 09:00:00
LG-000678,Maharajganj Water Supply Irrigation Modernization,Water Supply,Uttar Pradesh,Maharajganj,USR-00910,39,6925.14,4470,9687,45936600369.13,2023-05-09,2028-05-07,Compensation,Active,2023-05-09 09:00:00,2023-11-17 09:00:00
LG-000679,Mahoba Canal Expressway Development,Canal,Uttar Pradesh,Mahoba,USR-00910,21,7043.65,1400,2551,64669645336.01,2023-11-24,2027-11-23,Documentation,Completed,2023-11-24 09:00:00,2024-06-25 09:00:00
LG-000680,Mainpuri Metro Metro Line Extension,Metro,Uttar Pradesh,Mainpuri,USR-00910,6,7223.46,2584,4251,77793173570.43,2018-08-07,2020-08-06,Objection/Hearing,On Hold,2018-08-07 09:00:00,2019-02-27 09:00:00
LG-000681,Mathura Industrial Corridor Metro Line Extension,Industrial Corridor,Uttar Pradesh,Mathura,USR-00910,17,4790.05,4620,6593,83464810018.13,2018-07-23,2020-07-22,Objection/Hearing,Active,2018-07-23 09:00:00,2019-03-18 09:00:00
LG-000682,Mau Urban Development Greenfield Connector,Urban Development,Uttar Pradesh,Mau,USR-00910,9,4767.03,4946,12170,3889026500.89,2018-09-08,2023-09-07,Final Handover,Active,2018-09-08 09:00:00,2019-04-24 09:00:00
LG-000683,Meerut Railway Irrigation Modernization,Railway,Uttar Pradesh,Meerut,USR-00910,9,8135.56,4795,9227,84567014853.19,2023-06-12,2028-06-10,Compensation,Completed,2023-06-12 09:00:00,2024-02-12 09:00:00
LG-000684,Mirzapur Highway Greenfield Connector,Highway,Uttar Pradesh,Mirzapur,USR-00919,17,9074.46,2793,4806,59759103898.26,2023-01-01,2025-12-31,Final Handover,On Hold,2023-01-01 09:00:00,2023-09-07 09:00:00
LG-000685,Moradabad Canal Smart City Water Network,Canal,Uttar Pradesh,Moradabad,USR-00910,39,865.95,2339,5129,25439790709.25,2024-06-06,2030-06-05,R&R,Active,2024-06-06 09:00:00,2024-06-23 09:00:00
LG-000686,Muzaffarnagar Urban Development Irrigation Modernization,Urban Development,Uttar Pradesh,Muzaffarnagar,USR-00919,38,661.99,144,212,28346374525.21,2020-02-12,2023-02-11,R&R,Completed,2020-02-12 09:00:00,2020-07-25 09:00:00
LG-000687,Pilibhit Power Project Freight Corridor Expansion,Power Project,Uttar Pradesh,Pilibhit,USR-00919,31,2627.44,2193,5159,66625354802.94,2023-03-14,2027-03-13,Possession,Active,2023-03-14 09:00:00,2024-01-05 09:00:00
LG-000688,Pratapgarh Highway Freight Corridor Expansion,Highway,Uttar Pradesh,Pratapgarh,USR-00910,18,6712.94,1928,4315,7163972601.26,2022-05-16,2025-05-15,Approval,Active,2022-05-16 09:00:00,2022-09-08 09:00:00
LG-000689,Prayagraj Highway Expressway Development,Highway,Uttar Pradesh,Prayagraj,USR-00910,14,4183.15,2915,6614,2607952677.9,2024-02-18,2030-02-16,Documentation,Completed,2024-02-18 09:00:00,2024-11-04 09:00:00
LG-000690,Raebareli Canal Bypass Construction,Canal,Uttar Pradesh,Raebareli,USR-00919,23,3452.07,494,1224,67008650986.46,2020-09-21,2024-09-20,Compensation,Active,2020-09-21 09:00:00,2021-02-20 09:00:00
LG-000691,Rampur Highway Expressway Development,Highway,Uttar Pradesh,Rampur,USR-00919,5,3673.83,2945,3941,43770621147.36,2023-06-06,2028-06-04,Compensation,Active,2023-06-06 09:00:00,2023-08-06 09:00:00
LG-000692,Saharanpur Urban Development Bypass Construction,Urban Development,Uttar Pradesh,Saharanpur,USR-00919,37,6282.69,307,536,36335763658.88,2020-11-04,2024-11-03,Documentation,Active,2020-11-04 09:00:00,2021-03-15 09:00:00
LG-000693,Sambhal Highway Bypass Construction,Highway,Uttar Pradesh,Sambhal,USR-00910,12,3246.48,1227,2212,39050326296.7,2021-05-26,2024-05-25,Final Handover,Active,2021-05-26 09:00:00,2022-02-06 09:00:00
LG-000694,Sant Kabir Nagar Dam Smart City Water Network,Dam,Uttar Pradesh,Sant Kabir Nagar,USR-00910,6,5834.9,4305,5614,27445723321.17,2020-08-06,2026-08-05,Compensation,Completed,2020-08-06 09:00:00,2021-05-30 09:00:00
LG-000695,Shahjahanpur Water Supply Greenfield Connector,Water Supply,Uttar Pradesh,Shahjahanpur,USR-00919,35,3663.32,2411,5795,59177861374.46,2018-09-22,2022-09-21,Legal Resolution,Active,2018-09-22 09:00:00,2019-02-21 09:00:00
LG-000696,Shamli Railway Greenfield Connector,Railway,Uttar Pradesh,Shamli,USR-00910,9,3782.6,109,290,39364683096.73,2019-12-05,2024-12-03,Documentation,Completed,2019-12-05 09:00:00,2020-07-20 09:00:00
LG-000697,Shravasti Urban Development Ring Road Phase II,Urban Development,Uttar Pradesh,Shravasti,USR-00910,8,6780.62,3176,5839,33126920912.77,2024-09-16,2026-09-16,Legal Resolution,Active,2024-09-16 09:00:00,2025-06-02 09:00:00
LG-000698,Siddharthnagar Highway Smart City Water Network,Highway,Uttar Pradesh,Siddharthnagar,USR-00919,1,3792.62,4385,9651,80851268628.82,2022-03-02,2028-02-29,R&R,Active,2022-03-02 09:00:00,2022-12-24 09:00:00
LG-000699,Sitapur Urban Development Industrial Cluster Feeder,Urban Development,Uttar Pradesh,Sitapur,USR-00919,29,9722.39,1215,2390,89191449048.97,2023-01-21,2027-01-20,Final Handover,Completed,2023-01-21 09:00:00,2023-09-20 09:00:00
LG-000700,Sonbhadra Railway Ring Road Phase II,Railway,Uttar Pradesh,Sonbhadra,USR-00919,27,4438.83,2774,4945,88721153808.2,2023-12-04,2025-12-03,Possession,Active,2023-12-04 09:00:00,2024-06-24 09:00:00
LG-000701,Sultanpur Highway Smart City Water Network,Highway,Uttar Pradesh,Sultanpur,USR-00919,36,4227.14,30,96,83319476912.87,2019-03-27,2022-03-26,Legal Resolution,On Hold,2019-03-27 09:00:00,2019-08-06 09:00:00
LG-000702,Unnao Railway Expressway Development,Railway,Uttar Pradesh,Unnao,USR-00910,8,7835.9,4101,4737,89279613817.92,2020-11-01,2024-10-31,Survey,Completed,2020-11-01 09:00:00,2021-05-20 09:00:00
LG-000703,Varanasi Power Project Industrial Cluster Feeder,Power Project,Uttar Pradesh,Varanasi,USR-00919,14,8045.25,102,211,71185669218.67,2021-08-11,2026-08-10,Compensation,Active,2021-08-11 09:00:00,2022-03-21 09:00:00
LG-000704,Almora Railway Smart City Water Network,Railway,Uttarakhand,Almora,USR-01015,10,7494.22,3224,4489,53054833063.74,2020-06-11,2025-06-10,Objection/Hearing,Active,2020-06-11 09:00:00,2020-07-25 09:00:00
LG-000705,Bageshwar Power Project Metro Line Extension,Power Project,Uttarakhand,Bageshwar,USR-00977,25,6813.12,2835,6335,89275540407.44,2018-04-13,2023-04-12,Survey,Completed,2018-04-13 09:00:00,2018-09-29 09:00:00
LG-000706,Chamoli Power Project Ring Road Phase II,Power Project,Uttarakhand,Chamoli,USR-01015,12,8161.35,2313,2599,52450900948.29,2024-11-03,2027-11-03,Documentation,Active,2024-11-03 09:00:00,2025-04-14 09:00:00
LG-000707,Champawat Highway Ring Road Phase II,Highway,Uttarakhand,Champawat,USR-01015,3,7826.92,2136,2869,33611190096.57,2022-12-14,2025-12-13,Possession,On Hold,2022-12-14 09:00:00,2023-08-08 09:00:00
LG-000708,Dehradun Industrial Corridor Greenfield Connector,Industrial Corridor,Uttarakhand,Dehradun,USR-00977,17,6904.25,4903,8915,71190110495.57,2021-11-07,2027-11-06,Compensation,Active,2021-11-07 09:00:00,2021-11-19 09:00:00
LG-000709,Haridwar Dam Power Grid Link,Dam,Uttarakhand,Haridwar,USR-01015,39,1088.05,3953,5600,49487699657.35,2018-07-01,2022-06-30,Survey,Active,2018-07-01 09:00:00,2018-11-21 09:00:00
LG-000710,Nainital Power Project Power Grid Link,Power Project,Uttarakhand,Nainital,USR-00977,35,2330.63,2991,5017,63486567633.72,2018-01-09,2020-01-09,R&R,Completed,2018-01-09 09:00:00,2018-02-08 09:00:00
LG-000711,Pauri Garhwal Industrial Corridor Metro Line Extension,Industrial Corridor,Uttarakhand,Pauri Garhwal,USR-01015,6,9039.23,1910,2752,42220658972.04,2019-07-05,2023-07-04,Approval,Active,2019-07-05 09:00:00,2020-01-06 09:00:00
LG-000712,Pithoragarh Highway Industrial Cluster Feeder,Highway,Uttarakhand,Pithoragarh,USR-01015,23,3118.97,2423,4841,78929021380.36,2019-03-20,2023-03-19,Final Handover,Active,2019-03-20 09:00:00,2019-05-06 09:00:00
LG-000713,Rudraprayag Airport Greenfield Connector,Airport,Uttarakhand,Rudraprayag,USR-01015,22,2443.0,890,1666,88312554805.83,2023-08-09,2027-08-08,Survey,Active,2023-08-09 09:00:00,2023-08-21 09:00:00
LG-000714,Tehri Garhwal Water Supply Metro Line Extension,Water Supply,Uttarakhand,Tehri Garhwal,USR-00977,14,5091.32,3952,4558,85329280412.91,2022-12-05,2028-12-03,Land Identification,Active,2022-12-05 09:00:00,2023-01-11 09:00:00
LG-000715,Udham Singh Nagar Water Supply Metro Line Extension,Water Supply,Uttarakhand,Udham Singh Nagar,USR-00977,7,4589.07,819,1411,37314400566.54,2020-02-13,2023-02-12,Land Identification,Active,2020-02-13 09:00:00,2020-03-20 09:00:00
LG-000716,Uttarkashi Airport Metro Line Extension,Airport,Uttarakhand,Uttarkashi,USR-00977,19,8381.08,4175,5062,93501832865.81,2019-01-06,2022-01-05,Notification,Active,2019-01-06 09:00:00,2019-03-19 09:00:00
LG-000717,Alipurduar Highway Ring Road Phase II,Highway,West Bengal,Alipurduar,USR-00918,35,523.57,2285,4805,59147254205.75,2018-01-23,2021-01-22,Possession,Active,2018-01-23 09:00:00,2018-11-10 09:00:00
LG-000718,Bankura Metro Irrigation Modernization,Metro,West Bengal,Bankura,USR-00918,20,3433.37,2190,4559,14406270503.18,2018-05-02,2022-05-01,Legal Resolution,Active,2018-05-02 09:00:00,2019-01-24 09:00:00
LG-000719,Birbhum Railway Power Grid Link,Railway,West Bengal,Birbhum,USR-00918,17,5399.31,2856,6951,94810923482.94,2021-04-27,2027-04-26,Objection/Hearing,Completed,2021-04-27 09:00:00,2022-02-12 09:00:00
LG-000720,Cooch Behar Metro Ring Road Phase II,Metro,West Bengal,Cooch Behar,USR-00873,39,7320.53,4324,4883,26541775294.87,2024-05-18,2029-05-17,Possession,Completed,2024-05-18 09:00:00,2025-02-14 09:00:00
LG-000721,Dakshin Dinajpur Airport Power Grid Link,Airport,West Bengal,Dakshin Dinajpur,USR-00984,31,5662.1,4951,10039,31348780838.21,2024-10-10,2029-10-09,Legal Resolution,Active,2024-10-10 09:00:00,2025-05-09 09:00:00
LG-000722,Darjeeling Industrial Corridor Industrial Cluster Feeder,Industrial Corridor,West Bengal,Darjeeling,USR-00883,11,7274.39,2708,6593,43478718661.59,2023-07-17,2029-07-15,Documentation,Active,2023-07-17 09:00:00,2023-12-19 09:00:00
LG-000723,Hooghly Metro Freight Corridor Expansion,Metro,West Bengal,Hooghly,USR-00873,32,9573.15,1254,3033,48851251024.97,2018-11-28,2023-11-27,Survey,Completed,2018-11-28 09:00:00,2019-07-10 09:00:00
LG-000724,Howrah Industrial Corridor Smart City Water Network,Industrial Corridor,West Bengal,Howrah,USR-00883,40,7950.68,3666,5928,7705097779.53,2022-05-22,2027-05-21,Survey,Active,2022-05-22 09:00:00,2023-03-17 09:00:00
LG-000725,Jalpaiguri Highway Metro Line Extension,Highway,West Bengal,Jalpaiguri,USR-00984,23,9888.83,1034,1253,5805413476.09,2021-05-12,2023-05-12,Documentation,Active,2021-05-12 09:00:00,2021-12-31 09:00:00
LG-000726,Jhargram Dam Smart City Water Network,Dam,West Bengal,Jhargram,USR-00998,38,4303.59,2035,4890,15249856242.02,2020-04-25,2025-04-24,Objection/Hearing,On Hold,2020-04-25 09:00:00,2020-07-20 09:00:00
LG-000727,Kalimpong Highway Power Grid Link,Highway,West Bengal,Kalimpong,USR-00883,18,7830.1,1085,2238,71949360058.68,2022-01-07,2025-01-06,Legal Resolution,Active,2022-01-07 09:00:00,2022-08-03 09:00:00
LG-000728,Kolkata Highway Metro Line Extension,Highway,West Bengal,Kolkata,USR-00925,36,4446.4,779,1903,57875971421.42,2020-07-20,2023-07-20,Objection/Hearing,Completed,2020-07-20 09:00:00,2021-04-10 09:00:00
LG-000729,Malda Industrial Corridor Ring Road Phase II,Industrial Corridor,West Bengal,Malda,USR-00883,12,3143.0,266,594,30620716374.18,2018-11-17,2020-11-16,Legal Resolution,Active,2018-11-17 09:00:00,2019-04-28 09:00:00
LG-000730,Murshidabad Canal Irrigation Modernization,Canal,West Bengal,Murshidabad,USR-00873,17,2161.79,1942,4286,18708839045.0,2021-10-28,2025-10-27,Compensation,Completed,2021-10-28 09:00:00,2022-06-17 09:00:00
LG-000731,Nadia Urban Development Industrial Cluster Feeder,Urban Development,West Bengal,Nadia,USR-00883,38,1989.23,1089,1712,8736123216.32,2022-02-14,2026-02-13,Legal Resolution,Active,2022-02-14 09:00:00,2022-05-13 09:00:00
LG-000732,North 24 Parganas Power Project Metro Line Extension,Power Project,West Bengal,North 24 Parganas,USR-00873,32,8557.85,1981,4219,94393202357.33,2019-03-18,2022-03-17,Documentation,Active,2019-03-18 09:00:00,2019-12-24 09:00:00
LG-000733,Paschim Bardhaman Railway Irrigation Modernization,Railway,West Bengal,Paschim Bardhaman,USR-00918,5,2892.38,4652,9092,41397408873.98,2023-04-03,2028-04-01,Survey,Active,2023-04-03 09:00:00,2023-11-09 09:00:00
LG-000734,Paschim Medinipur Urban Development Expressway Development,Urban Development,West Bengal,Paschim Medinipur,USR-00883,32,3636.06,2653,5092,22159223076.33,2022-08-28,2028-08-26,Final Handover,Completed,2022-08-28 09:00:00,2022-10-07 09:00:00
LG-000735,Purba Bardhaman Power Project Expressway Development,Power Project,West Bengal,Purba Bardhaman,USR-00918,20,2523.92,1935,4852,96325773459.48,2023-10-02,2029-09-30,Possession,Completed,2023-10-02 09:00:00,2024-03-25 09:00:00
LG-000736,Purba Medinipur Highway Bypass Construction,Highway,West Bengal,Purba Medinipur,USR-00883,36,6412.71,500,1199,20182404178.02,2019-08-16,2021-08-15,Objection/Hearing,Active,2019-08-16 09:00:00,2019-11-03 09:00:00
LG-000737,Purulia Highway Expressway Development,Highway,West Bengal,Purulia,USR-00918,33,3109.88,4985,6754,17372902289.81,2019-08-12,2023-08-11,Approval,Active,2019-08-12 09:00:00,2019-12-29 09:00:00
LG-000738,South 24 Parganas Urban Development Metro Line Extension,Urban Development,West Bengal,South 24 Parganas,USR-00883,35,1263.25,2513,5310,86573518823.59,2023-01-01,2026-12-31,Documentation,Cancelled,2023-01-01 09:00:00,2023-06-16 09:00:00
LG-000739,Uttar Dinajpur Highway Industrial Cluster Feeder,Highway,West Bengal,Uttar Dinajpur,USR-00998,33,9293.5,878,1737,27804868339.28,2019-09-27,2022-09-26,Compensation,Active,2019-09-27 09:00:00,2019-11-13 09:00:00
LG-000740,Nicobar Industrial Corridor Power Grid Link,Industrial Corridor,Andaman and Nicobar Islands,Nicobar,USR-00987,8,5679.5,498,736,2375451262.22,2022-03-06,2024-03-05,Land Identification,Active,2022-03-06 09:00:00,2022-04-16 09:00:00
LG-000741,North and Middle Andaman Power Project Industrial Cluster Feeder,Power Project,Andaman and Nicobar Islands,North and Middle Andaman,USR-00987,10,3733.78,1624,3518,97527278890.13,2022-12-04,2028-12-02,Notification,Completed,2022-12-04 09:00:00,2022-12-27 09:00:00
LG-000742,South Andaman Power Project Bypass Construction,Power Project,Andaman and Nicobar Islands,South Andaman,USR-00987,14,5095.09,4288,7226,43129714440.47,2018-08-09,2024-08-07,Objection/Hearing,Active,2018-08-09 09:00:00,2019-03-16 09:00:00
LG-000743,Chandigarh Water Supply Power Grid Link,Water Supply,Chandigarh,Chandigarh,USR-00914,38,9262.02,501,807,66775039686.12,2021-05-13,2025-05-12,Notification,Completed,2021-05-13 09:00:00,2022-01-14 09:00:00
LG-000744,Dadra and Nagar Haveli Power Project Power Grid Link,Power Project,Dadra and Nagar Haveli and Daman and Diu,Dadra and Nagar Haveli,USR-01006,31,2500.79,1479,2756,11140157076.93,2021-06-15,2024-06-14,Possession,Active,2021-06-15 09:00:00,2021-07-03 09:00:00
LG-000745,Daman Industrial Corridor Freight Corridor Expansion,Industrial Corridor,Dadra and Nagar Haveli and Daman and Diu,Daman,USR-00973,12,7494.96,4338,6490,85182851995.4,2018-01-15,2022-01-14,Approval,Active,2018-01-15 09:00:00,2018-08-12 09:00:00
LG-000746,Diu Urban Development Smart City Water Network,Urban Development,Dadra and Nagar Haveli and Daman and Diu,Diu,USR-00973,37,2637.66,1709,1966,19703050482.42,2020-06-28,2025-06-27,R&R,Active,2020-06-28 09:00:00,2021-04-08 09:00:00
LG-000747,Central Delhi Dam Greenfield Connector,Dam,Delhi,Central Delhi,USR-00913,33,3041.87,3536,8631,35514911060.96,2022-10-14,2024-10-13,Land Identification,Active,2022-10-14 09:00:00,2023-07-19 09:00:00
LG-000748,East Delhi Railway Expressway Development,Railway,Delhi,East Delhi,USR-00913,34,5126.53,2163,3331,30435156082.57,2024-04-26,2028-04-25,Documentation,Active,2024-04-26 09:00:00,2025-02-11 09:00:00
LG-000749,New Delhi Railway Irrigation Modernization,Railway,Delhi,New Delhi,USR-00913,32,7468.34,3330,5132,31760435435.56,2020-06-06,2022-06-06,Final Handover,Completed,2020-06-06 09:00:00,2020-09-10 09:00:00
LG-000750,North Delhi Dam Industrial Cluster Feeder,Dam,Delhi,North Delhi,USR-00992,2,4385.76,1687,3178,35438801275.98,2020-01-02,2025-12-31,Approval,Active,2020-01-02 09:00:00,2020-02-11 09:00:00
LG-000751,North East Delhi Water Supply Metro Line Extension,Water Supply,Delhi,North East Delhi,USR-00949,28,6742.94,1981,2271,34284846049.04,2023-01-07,2026-01-06,Compensation,Completed,2023-01-07 09:00:00,2023-03-07 09:00:00
LG-000752,North West Delhi Metro Expressway Development,Metro,Delhi,North West Delhi,USR-00970,24,2324.55,1932,3670,25030063683.95,2019-05-18,2024-05-16,Land Identification,Active,2019-05-18 09:00:00,2019-12-01 09:00:00
LG-000753,Shahdara Water Supply Expressway Development,Water Supply,Delhi,Shahdara,USR-00992,17,1389.13,4872,6605,70970732483.07,2018-11-06,2020-11-05,Land Identification,Active,2018-11-06 09:00:00,2019-01-25 09:00:00
LG-000754,South Delhi Urban Development Smart City Water Network,Urban Development,Delhi,South Delhi,USR-00970,2,9790.65,1122,2089,48454046057.77,2019-08-11,2022-08-10,Objection/Hearing,Active,2019-08-11 09:00:00,2020-04-04 09:00:00
LG-000755,South East Delhi Power Project Ring Road Phase II,Power Project,Delhi,South East Delhi,USR-00992,29,1971.67,475,827,12199565729.4,2020-06-27,2025-06-26,Final Handover,Active,2020-06-27 09:00:00,2020-10-05 09:00:00
LG-000756,South West Delhi Industrial Corridor Freight Corridor Expansion,Industrial Corridor,Delhi,South West Delhi,USR-00949,31,2344.8,4149,4840,29236502456.99,2022-05-12,2024-05-11,Objection/Hearing,Active,2022-05-12 09:00:00,2022-12-19 09:00:00
LG-000757,West Delhi Power Project Bypass Construction,Power Project,Delhi,West Delhi,USR-00913,21,5772.57,18,51,70819578196.59,2020-10-13,2025-10-12,R&R,Active,2020-10-13 09:00:00,2020-12-06 09:00:00
LG-000758,Anantnag Power Project Metro Line Extension,Power Project,Jammu and Kashmir,Anantnag,USR-00939,16,7015.32,675,984,4698639911.66,2022-02-03,2027-02-02,Survey,Active,2022-02-03 09:00:00,2022-07-28 09:00:00
LG-000759,Bandipora Power Project Ring Road Phase II,Power Project,Jammu and Kashmir,Bandipora,USR-00921,25,2702.05,4799,10087,24714529818.13,2018-08-19,2020-08-18,Objection/Hearing,Active,2018-08-19 09:00:00,2019-05-14 09:00:00
LG-000760,Baramulla Power Project Bypass Construction,Power Project,Jammu and Kashmir,Baramulla,USR-00921,10,7554.16,2924,5247,10228496621.66,2021-09-09,2026-09-08,Final Handover,Active,2021-09-09 09:00:00,2021-12-10 09:00:00
LG-000761,Budgam Urban Development Bypass Construction,Urban Development,Jammu and Kashmir,Budgam,USR-00921,27,9429.58,4666,5424,55831449256.83,2022-10-17,2028-10-15,Notification,Completed,2022-10-17 09:00:00,2023-07-24 09:00:00
LG-000762,Doda Railway Greenfield Connector,Railway,Jammu and Kashmir,Doda,USR-00921,21,3752.08,2047,3924,81327910211.74,2022-09-12,2027-09-11,Land Identification,Completed,2022-09-12 09:00:00,2023-04-06 09:00:00
LG-000763,Ganderbal Canal Power Grid Link,Canal,Jammu and Kashmir,Ganderbal,USR-00921,10,9645.98,3446,3932,80752855752.39,2018-07-07,2024-07-05,Objection/Hearing,Active,2018-07-07 09:00:00,2019-02-25 09:00:00
LG-000764,Jammu Highway Expressway Development,Highway,Jammu and Kashmir,Jammu,USR-00939,12,5736.57,2976,6193,10067627344.57,2022-05-27,2024-05-26,Documentation,Active,2022-05-27 09:00:00,2022-11-13 09:00:00
LG-000765,Kathua Industrial Corridor Irrigation Modernization,Industrial Corridor,Jammu and Kashmir,Kathua,USR-00939,12,1200.47,238,545,95799482524.71,2024-06-21,2029-06-20,Legal Resolution,Completed,2024-06-21 09:00:00,2024-12-21 09:00:00
LG-000766,Kishtwar Industrial Corridor Industrial Cluster Feeder,Industrial Corridor,Jammu and Kashmir,Kishtwar,USR-00921,40,5239.13,321,364,22572593725.36,2019-04-16,2025-04-14,Notification,Active,2019-04-16 09:00:00,2019-11-23 09:00:00
LG-000767,Kulgam Water Supply Smart City Water Network,Water Supply,Jammu and Kashmir,Kulgam,USR-00939,36,9586.23,3364,5995,38062597525.27,2021-10-04,2027-10-03,Documentation,Active,2021-10-04 09:00:00,2022-06-17 09:00:00
LG-000768,Kupwara Railway Power Grid Link,Railway,Jammu and Kashmir,Kupwara,USR-00876,27,1035.0,4711,7651,7435119699.62,2023-10-05,2029-10-03,Documentation,Active,2023-10-05 09:00:00,2023-10-30 09:00:00
LG-000769,Poonch Highway Ring Road Phase II,Highway,Jammu and Kashmir,Poonch,USR-00876,14,7910.85,2893,6882,94978436789.0,2023-05-10,2027-05-09,Approval,Active,2023-05-10 09:00:00,2023-06-20 09:00:00
LG-000770,Pulwama Power Project Metro Line Extension,Power Project,Jammu and Kashmir,Pulwama,USR-00876,21,6301.64,557,1290,36857032957.12,2023-09-06,2027-09-05,Documentation,Completed,2023-09-06 09:00:00,2023-10-19 09:00:00
LG-000771,Rajouri Dam Bypass Construction,Dam,Jammu and Kashmir,Rajouri,USR-00939,26,4715.8,3515,8240,94396013903.34,2020-12-11,2025-12-10,Final Handover,On Hold,2020-12-11 09:00:00,2021-03-19 09:00:00
LG-000772,Ramban Power Project Expressway Development,Power Project,Jammu and Kashmir,Ramban,USR-00921,26,7191.81,1386,2374,54451493360.89,2020-04-21,2024-04-20,Approval,Active,2020-04-21 09:00:00,2020-05-21 09:00:00
LG-000773,Reasi Power Project Freight Corridor Expansion,Power Project,Jammu and Kashmir,Reasi,USR-00921,24,1710.27,4658,8561,1338584266.59,2021-09-01,2023-09-01,Approval,Completed,2021-09-01 09:00:00,2021-12-26 09:00:00
LG-000774,Samba Highway Expressway Development,Highway,Jammu and Kashmir,Samba,USR-00939,13,1417.46,2119,3817,39878562658.71,2019-08-12,2024-08-10,Compensation,Active,2019-08-12 09:00:00,2020-04-25 09:00:00
LG-000775,Shopian Metro Industrial Cluster Feeder,Metro,Jammu and Kashmir,Shopian,USR-00876,6,2248.73,2366,4208,21738609971.94,2020-12-20,2025-12-19,Possession,Active,2020-12-20 09:00:00,2021-07-30 09:00:00
LG-000776,Srinagar Power Project Ring Road Phase II,Power Project,Jammu and Kashmir,Srinagar,USR-00876,17,3876.05,2936,5805,18434524304.48,2023-06-09,2029-06-07,Land Identification,Active,2023-06-09 09:00:00,2023-11-12 09:00:00
LG-000777,Udhampur Highway Industrial Cluster Feeder,Highway,Jammu and Kashmir,Udhampur,USR-00939,40,8989.59,1096,1508,43606181184.77,2019-06-26,2022-06-25,Final Handover,Active,2019-06-26 09:00:00,2020-03-01 09:00:00
LG-000778,Kargil Railway Freight Corridor Expansion,Railway,Ladakh,Kargil,USR-01016,31,4839.66,1637,2895,3761171515.43,2024-09-09,2030-09-08,Survey,Active,2024-09-09 09:00:00,2025-06-06 09:00:00
LG-000779,Leh Highway Expressway Development,Highway,Ladakh,Leh,USR-01016,24,2335.52,704,1365,16778829675.48,2019-03-10,2025-03-08,Compensation,Completed,2019-03-10 09:00:00,2019-07-28 09:00:00
LG-000780,Lakshadweep Railway Industrial Cluster Feeder,Railway,Lakshadweep,Lakshadweep,USR-00950,17,2316.61,3869,9368,76450008320.39,2020-06-04,2023-06-04,Final Handover,Active,2020-06-04 09:00:00,2021-02-17 09:00:00
LG-000781,Karaikal Railway Freight Corridor Expansion,Railway,Puducherry,Karaikal,USR-00906,3,7441.23,1132,2263,21608211699.75,2024-04-24,2029-04-23,Approval,On Hold,2024-04-24 09:00:00,2024-09-17 09:00:00
LG-000782,Mahe Railway Expressway Development,Railway,Puducherry,Mahe,USR-00929,27,3135.86,2953,6602,57346003774.88,2022-04-16,2024-04-15,Legal Resolution,Active,2022-04-16 09:00:00,2022-04-28 09:00:00
LG-000783,Puducherry Metro Expressway Development,Metro,Puducherry,Puducherry,USR-00892,30,5516.69,3164,7047,86809735319.2,2024-10-23,2030-10-22,Legal Resolution,Completed,2024-10-23 09:00:00,2024-12-24 09:00:00
LG-000784,Yanam Highway Ring Road Phase II,Highway,Puducherry,Yanam,USR-00929,25,5644.42,2607,6034,16191884968.58,2019-08-12,2024-08-10,Legal Resolution,Completed,2019-08-12 09:00:00,2020-02-02 09:00:00
LG-000785,Ratlam Canal Power Grid Link,Canal,Madhya Pradesh,Ratlam,USR-00974,25,3831.99,2658,3442,71107311746.37,2018-11-28,2022-11-27,Approval,Active,2018-11-28 09:00:00,2019-07-05 09:00:00
LG-000786,Sonbhadra Highway Bypass Construction,Highway,Uttar Pradesh,Sonbhadra,USR-00910,31,3994.94,3125,4726,35714965754.13,2022-03-07,2024-03-06,Notification,Active,2022-03-07 09:00:00,2022-07-15 09:00:00
LG-000787,Ambedkar Nagar Urban Development Smart City Water Network,Urban Development,Uttar Pradesh,Ambedkar Nagar,USR-00919,19,8018.05,4366,7712,83852061524.19,2018-10-04,2020-10-03,Possession,Active,2018-10-04 09:00:00,2018-10-28 09:00:00
LG-000788,Tonk Water Supply Smart City Water Network,Water Supply,Rajasthan,Tonk,USR-00907,10,2401.94,4373,5285,87164510839.11,2020-09-20,2025-09-19,Final Handover,Completed,2020-09-20 09:00:00,2021-04-16 09:00:00
LG-000789,Kanker Industrial Corridor Greenfield Connector,Industrial Corridor,Chhattisgarh,Kanker,USR-00902,22,9972.76,1714,2363,70194791121.79,2018-01-11,2023-01-10,Approval,Active,2018-01-11 09:00:00,2018-11-02 09:00:00
LG-000790,Kanker Power Project Power Grid Link,Power Project,Chhattisgarh,Kanker,USR-00965,28,852.59,3557,8616,67998940797.88,2024-09-05,2030-09-04,Approval,Active,2024-09-05 09:00:00,2025-01-02 09:00:00
LG-000791,Dibrugarh Industrial Corridor Smart City Water Network,Industrial Corridor,Assam,Dibrugarh,USR-00909,16,7449.98,3543,6528,62168252959.4,2024-11-10,2030-11-09,Documentation,Active,2024-11-10 09:00:00,2025-01-04 09:00:00
LG-000792,Kheri Dam Greenfield Connector,Dam,Uttar Pradesh,Kheri,USR-00919,3,877.86,1697,1883,58434389976.69,2022-10-10,2026-10-09,Land Identification,Active,2022-10-10 09:00:00,2023-05-07 09:00:00
LG-000793,Anupgarh Highway Industrial Cluster Feeder,Highway,Rajasthan,Anupgarh,USR-01018,24,949.29,1441,2924,54200428835.81,2021-03-22,2023-03-22,Final Handover,Active,2021-03-22 09:00:00,2021-11-14 09:00:00
LG-000794,Narayanpet Railway Greenfield Connector,Railway,Telangana,Narayanpet,USR-00893,10,6005.94,859,1692,67814652042.37,2024-06-08,2028-06-07,Land Identification,Active,2024-06-08 09:00:00,2024-07-04 09:00:00
LG-000795,Kurnool Airport Freight Corridor Expansion,Airport,Andhra Pradesh,Kurnool,USR-00935,13,2508.32,2298,2837,28120708150.37,2022-08-28,2025-08-27,Documentation,Active,2022-08-28 09:00:00,2023-02-09 09:00:00
LG-000796,Hooghly Railway Irrigation Modernization,Railway,West Bengal,Hooghly,USR-00873,24,9679.99,3167,7883,74309179354.36,2019-04-08,2021-04-07,Legal Resolution,Completed,2019-04-08 09:00:00,2019-06-21 09:00:00
LG-000797,Hapur Water Supply Bypass Construction,Water Supply,Uttar Pradesh,Hapur,USR-00919,24,8061.37,2302,4936,97194065866.78,2022-07-12,2028-07-10,Approval,Completed,2022-07-12 09:00:00,2022-09-17 09:00:00
LG-000798,Tapi Highway Expressway Development,Highway,Gujarat,Tapi,USR-00975,18,1566.79,536,1097,42849456904.6,2020-08-22,2024-08-21,Survey,Active,2020-08-22 09:00:00,2021-06-14 09:00:00
LG-000799,Banaskantha Highway Greenfield Connector,Highway,Gujarat,Banaskantha,USR-00897,2,6512.47,470,1010,40573596537.73,2022-11-17,2024-11-16,Possession,Active,2022-11-17 09:00:00,2023-05-04 09:00:00
LG-000800,Bharuch Airport Expressway Development,Airport,Gujarat,Bharuch,USR-00938,39,5079.07,3250,7235,53017589471.68,2018-08-16,2022-08-15,Approval,Active,2018-08-16 09:00:00,2018-10-24 09:00:00
LG-000801,Balaghat Canal Smart City Water Network,Canal,Madhya Pradesh,Balaghat,USR-00940,18,6247.44,2969,5264,2909895059.09,2021-12-17,2025-12-16,Land Identification,Active,2021-12-17 09:00:00,2022-06-28 09:00:00
LG-000802,Ludhiana Railway Irrigation Modernization,Railway,Punjab,Ludhiana,USR-00957,37,8262.31,2381,3518,70316574980.91,2019-02-19,2022-02-18,Survey,Completed,2019-02-19 09:00:00,2019-05-24 09:00:00
LG-000803,Jalgaon Highway Irrigation Modernization,Highway,Maharashtra,Jalgaon,USR-00875,1,3296.74,1675,3820,99167421745.97,2018-10-25,2024-10-23,Survey,Active,2018-10-25 09:00:00,2019-05-28 09:00:00
LG-000804,Kollam Dam Metro Line Extension,Dam,Kerala,Kollam,USR-00937,22,3706.25,2545,6050,18985159632.19,2022-12-20,2026-12-19,Land Identification,Active,2022-12-20 09:00:00,2023-01-30 09:00:00
LG-000805,Dudu Airport Metro Line Extension,Airport,Rajasthan,Dudu,USR-00943,21,7091.25,1111,1697,92613079610.56,2018-10-21,2023-10-20,Survey,Active,2018-10-21 09:00:00,2019-06-17 09:00:00
LG-000806,Baloda Bazar Water Supply Irrigation Modernization,Water Supply,Chhattisgarh,Baloda Bazar,USR-01010,24,6840.6,1226,2059,95255455495.52,2021-03-24,2025-03-23,Notification,Active,2021-03-24 09:00:00,2021-08-04 09:00:00
LG-000807,Kozhikode Urban Development Irrigation Modernization,Urban Development,Kerala,Kozhikode,USR-00937,5,8780.62,3285,7895,80506155598.5,2024-10-06,2027-10-06,Possession,Cancelled,2024-10-06 09:00:00,2024-12-28 09:00:00
LG-000808,Niwari Railway Metro Line Extension,Railway,Madhya Pradesh,Niwari,USR-00878,32,5309.53,2242,3359,19617417626.46,2022-02-01,2026-01-31,Approval,Active,2022-02-01 09:00:00,2022-05-07 09:00:00
LG-000809,Thane Highway Irrigation Modernization,Highway,Maharashtra,Thane,USR-00885,40,5165.26,780,1094,95132237733.14,2020-08-07,2026-08-06,Objection/Hearing,Active,2020-08-07 09:00:00,2020-11-27 09:00:00
LG-000810,Bulandshahr Canal Freight Corridor Expansion,Canal,Uttar Pradesh,Bulandshahr,USR-00919,13,246.91,4991,7773,299660014.33,2021-02-27,2025-02-26,R&R,Cancelled,2021-02-27 09:00:00,2021-05-25 09:00:00
LG-000811,Mehsana Power Project Power Grid Link,Power Project,Gujarat,Mehsana,USR-00975,29,595.63,3064,6423,10274061420.83,2020-01-18,2024-01-17,Compensation,Active,2020-01-18 09:00:00,2020-08-23 09:00:00
LG-000812,Subarnapur Highway Irrigation Modernization,Highway,Odisha,Subarnapur,USR-00933,8,1774.3,4820,6862,65378780496.11,2018-04-14,2023-04-13,Land Identification,Active,2018-04-14 09:00:00,2018-09-29 09:00:00
LG-000813,Sikar Railway Power Grid Link,Railway,Rajasthan,Sikar,USR-00912,29,933.3,1159,2135,74362985136.85,2021-08-03,2024-08-02,Final Handover,Active,2021-08-03 09:00:00,2022-05-20 09:00:00
LG-000814,Barpeta Metro Freight Corridor Expansion,Metro,Assam,Barpeta,USR-00909,40,4109.45,787,1030,70323535091.5,2024-11-22,2027-11-22,Objection/Hearing,Active,2024-11-22 09:00:00,2025-04-21 09:00:00
LG-000815,Deeg Canal Greenfield Connector,Canal,Rajasthan,Deeg,USR-01004,23,5335.94,2031,5022,26209254502.18,2018-01-06,2021-01-05,R&R,Active,2018-01-06 09:00:00,2018-08-30 09:00:00
LG-000816,Sarangarh-Bilaigarh Metro Greenfield Connector,Metro,Chhattisgarh,Sarangarh-Bilaigarh,USR-01010,19,2111.43,4036,4569,41419576642.49,2022-10-28,2027-10-27,Notification,Completed,2022-10-28 09:00:00,2023-08-10 09:00:00
LG-000817,Jorhat Highway Metro Line Extension,Highway,Assam,Jorhat,USR-00909,38,3796.37,618,1041,2692826995.7,2022-07-12,2027-07-11,Legal Resolution,Completed,2022-07-12 09:00:00,2022-09-24 09:00:00
LG-000818,Sonbhadra Canal Ring Road Phase II,Canal,Uttar Pradesh,Sonbhadra,USR-00919,27,306.94,1600,1844,91789657478.77,2022-10-10,2026-10-09,Approval,Active,2022-10-10 09:00:00,2023-04-26 09:00:00
LG-000819,Alipurduar Canal Expressway Development,Canal,West Bengal,Alipurduar,USR-00984,22,9745.56,1455,2038,71641869981.09,2023-03-07,2029-03-05,Compensation,Active,2023-03-07 09:00:00,2023-09-24 09:00:00
LG-000820,Fatehpur Highway Expressway Development,Highway,Uttar Pradesh,Fatehpur,USR-00919,25,7994.23,3585,5043,3266782705.27,2020-03-25,2026-03-24,R&R,On Hold,2020-03-25 09:00:00,2020-04-17 09:00:00
LG-000821,Balaghat Metro Freight Corridor Expansion,Metro,Madhya Pradesh,Balaghat,USR-00956,39,5103.45,347,429,55973758600.66,2018-03-19,2023-03-18,Legal Resolution,Active,2018-03-19 09:00:00,2018-05-12 09:00:00
LG-000822,Darbhanga Canal Greenfield Connector,Canal,Bihar,Darbhanga,USR-01005,12,6851.24,116,175,56784172329.78,2021-06-11,2025-06-10,Objection/Hearing,Active,2021-06-11 09:00:00,2021-11-26 09:00:00
LG-000823,Adilabad Urban Development Smart City Water Network,Urban Development,Telangana,Adilabad,USR-00945,13,5421.9,1581,2123,89330306613.5,2021-07-26,2024-07-25,Notification,Active,2021-07-26 09:00:00,2022-01-19 09:00:00
LG-000824,Nanded Highway Greenfield Connector,Highway,Maharashtra,Nanded,USR-00885,15,1889.6,1366,3020,62295876889.21,2021-06-05,2026-06-04,R&R,Active,2021-06-05 09:00:00,2021-12-12 09:00:00
LG-000825,Purnia Industrial Corridor Freight Corridor Expansion,Industrial Corridor,Bihar,Purnia,USR-00994,8,7069.39,1573,1886,39707111896.43,2022-09-03,2026-09-02,Objection/Hearing,Active,2022-09-03 09:00:00,2022-10-20 09:00:00
LG-000826,Ganjam Highway Greenfield Connector,Highway,Odisha,Ganjam,USR-00933,6,6807.57,2975,5140,16827980268.66,2023-01-04,2029-01-02,Documentation,Completed,2023-01-04 09:00:00,2023-07-13 09:00:00
LG-000827,Papum Pare Railway Expressway Development,Railway,Arunachal Pradesh,Papum Pare,USR-00874,10,3905.09,913,1984,85331448564.62,2021-05-06,2025-05-05,Documentation,Active,2021-05-06 09:00:00,2021-05-18 09:00:00
LG-000828,Pilibhit Highway Irrigation Modernization,Highway,Uttar Pradesh,Pilibhit,USR-00910,7,5251.46,1981,4383,47794673093.98,2024-04-09,2027-04-09,Land Identification,Active,2024-04-09 09:00:00,2024-10-11 09:00:00
LG-000829,Bengaluru Rural Industrial Corridor Freight Corridor Expansion,Industrial Corridor,Karnataka,Bengaluru Rural,USR-00934,17,6679.59,955,1652,74596322271.91,2018-10-15,2023-10-14,Survey,Active,2018-10-15 09:00:00,2019-03-30 09:00:00
LG-000830,Salem Railway Industrial Cluster Feeder,Railway,Tamil Nadu,Salem,USR-00888,10,2684.72,4281,7095,17672346787.62,2020-12-16,2025-12-15,Survey,Completed,2020-12-16 09:00:00,2021-01-30 09:00:00
LG-000831,Bhind Metro Industrial Cluster Feeder,Metro,Madhya Pradesh,Bhind,USR-00940,21,222.83,4778,8463,74933481103.0,2021-06-13,2027-06-12,Compensation,Completed,2021-06-13 09:00:00,2021-08-12 09:00:00
LG-000832,Fazilka Railway Industrial Cluster Feeder,Railway,Punjab,Fazilka,USR-00957,23,3799.89,1346,2735,5069418976.31,2022-11-15,2024-11-14,Final Handover,Active,2022-11-15 09:00:00,2023-03-02 09:00:00
LG-000833,Bhilwara Dam Expressway Development,Dam,Rajasthan,Bhilwara,USR-00943,3,1273.12,4581,7213,62235550838.14,2024-10-24,2026-10-24,Legal Resolution,Completed,2024-10-24 09:00:00,2025-07-30 09:00:00
LG-000834,Bhavnagar Highway Metro Line Extension,Highway,Gujarat,Bhavnagar,USR-00897,14,6323.07,3621,4327,67620768861.6,2021-11-11,2026-11-10,Notification,Active,2021-11-11 09:00:00,2022-04-07 09:00:00
LG-000835,Darjeeling Canal Bypass Construction,Canal,West Bengal,Darjeeling,USR-00925,35,8239.24,2688,6391,95857800159.96,2024-05-06,2029-05-05,Approval,On Hold,2024-05-06 09:00:00,2024-05-27 09:00:00
LG-000836,Bhadohi Canal Bypass Construction,Canal,Uttar Pradesh,Bhadohi,USR-00919,7,6572.2,4102,9804,2294411857.48,2020-03-22,2023-03-22,Legal Resolution,Active,2020-03-22 09:00:00,2020-05-15 09:00:00
LG-000837,Shravasti Highway Power Grid Link,Highway,Uttar Pradesh,Shravasti,USR-00919,2,609.13,1406,2520,30366213589.07,2018-02-19,2023-02-18,Possession,Active,2018-02-19 09:00:00,2018-03-24 09:00:00
LG-000838,Meerut Industrial Corridor Ring Road Phase II,Industrial Corridor,Uttar Pradesh,Meerut,USR-00919,30,1282.66,3267,5635,56931136823.88,2022-04-07,2024-04-06,Compensation,Active,2022-04-07 09:00:00,2022-07-16 09:00:00
LG-000839,Tonk Industrial Corridor Ring Road Phase II,Industrial Corridor,Rajasthan,Tonk,USR-00943,32,4652.22,4888,6672,40275434728.63,2020-05-24,2025-05-23,Final Handover,On Hold,2020-05-24 09:00:00,2020-11-18 09:00:00
LG-000840,Rampur Railway Irrigation Modernization,Railway,Uttar Pradesh,Rampur,USR-00919,19,4860.41,2820,6102,36151242670.4,2019-12-06,2025-12-04,Documentation,Active,2019-12-06 09:00:00,2020-07-28 09:00:00
LG-000841,Aurangabad Railway Bypass Construction,Railway,Bihar,Aurangabad,USR-01002,31,1093.22,3340,5954,25887697263.95,2018-03-05,2021-03-04,Compensation,Completed,2018-03-05 09:00:00,2018-10-19 09:00:00
LG-000842,Kheda Power Project Ring Road Phase II,Power Project,Gujarat,Kheda,USR-00988,3,9974.29,4386,6577,61427465647.6,2020-04-03,2023-04-03,Notification,Active,2020-04-03 09:00:00,2020-05-23 09:00:00
LG-000843,Baksa Industrial Corridor Bypass Construction,Industrial Corridor,Assam,Baksa,USR-01014,30,3263.5,3582,8000,93778707497.23,2020-12-09,2023-12-09,Possession,Active,2020-12-09 09:00:00,2021-06-09 09:00:00
LG-000844,Dewas Airport Irrigation Modernization,Airport,Madhya Pradesh,Dewas,USR-00878,19,3293.97,553,724,7844580110.71,2022-10-19,2027-10-18,Objection/Hearing,Active,2022-10-19 09:00:00,2023-02-04 09:00:00
LG-000845,Shajapur Highway Ring Road Phase II,Highway,Madhya Pradesh,Shajapur,USR-00940,9,8602.29,1605,3383,77871300051.12,2024-02-04,2026-02-03,Compensation,Active,2024-02-04 09:00:00,2024-04-03 09:00:00
LG-000846,Hassan Industrial Corridor Smart City Water Network,Industrial Corridor,Karnataka,Hassan,USR-00934,12,232.54,3688,5837,65429239335.1,2018-05-01,2023-04-30,Documentation,Active,2018-05-01 09:00:00,2018-07-17 09:00:00
LG-000847,Hamirpur Metro Industrial Cluster Feeder,Metro,Uttar Pradesh,Hamirpur,USR-00910,17,2188.31,226,346,8547007571.85,2023-06-22,2029-06-20,Survey,On Hold,2023-06-22 09:00:00,2024-03-06 09:00:00
LG-000848,Mandsaur Railway Greenfield Connector,Railway,Madhya Pradesh,Mandsaur,USR-00956,2,3010.43,11,49,4956360020.88,2018-06-02,2020-06-01,Survey,Cancelled,2018-06-02 09:00:00,2018-11-01 09:00:00
LG-000849,Ramanagara Highway Ring Road Phase II,Highway,Karnataka,Ramanagara,USR-00924,33,4268.51,279,438,16978549753.25,2022-06-24,2025-06-23,Possession,Active,2022-06-24 09:00:00,2022-09-12 09:00:00
LG-000850,Barmer Highway Irrigation Modernization,Highway,Rajasthan,Barmer,USR-01004,24,6800.76,4938,7218,20835491827.89,2023-03-13,2026-03-12,Possession,Completed,2023-03-13 09:00:00,2023-12-10 09:00:00
LG-000851,Balrampur Urban Development Bypass Construction,Urban Development,Chhattisgarh,Balrampur,USR-00911,15,9648.0,121,300,43025897671.35,2018-10-19,2022-10-18,Final Handover,Active,2018-10-19 09:00:00,2019-04-27 09:00:00
LG-000852,Etawah Water Supply Ring Road Phase II,Water Supply,Uttar Pradesh,Etawah,USR-00919,28,1967.5,3722,5144,26427888094.97,2024-07-10,2028-07-09,Land Identification,Active,2024-07-10 09:00:00,2024-12-27 09:00:00
LG-000853,Morigaon Highway Expressway Development,Highway,Assam,Morigaon,USR-00909,3,9691.02,4012,6298,10372828608.62,2021-02-20,2025-02-19,Compensation,Completed,2021-02-20 09:00:00,2021-05-22 09:00:00
LG-000854,Anantnag Industrial Corridor Bypass Construction,Industrial Corridor,Jammu and Kashmir,Anantnag,USR-00939,30,1059.15,1000,2512,10149788691.02,2018-09-09,2024-09-07,Compensation,Active,2018-09-09 09:00:00,2019-03-18 09:00:00
LG-000855,Basti Dam Industrial Cluster Feeder,Dam,Uttar Pradesh,Basti,USR-00910,14,951.03,1083,2170,69562978166.27,2019-10-27,2022-10-26,Compensation,Active,2019-10-27 09:00:00,2020-03-02 09:00:00
LG-000856,Mahisagar Dam Smart City Water Network,Dam,Gujarat,Mahisagar,USR-00886,4,773.03,486,667,88553196882.52,2023-04-04,2029-04-02,Approval,Active,2023-04-04 09:00:00,2023-08-11 09:00:00
LG-000857,East Godavari Power Project Irrigation Modernization,Power Project,Andhra Pradesh,East Godavari,USR-00935,26,1232.63,1957,3549,24268169138.68,2020-02-18,2022-02-17,Possession,Active,2020-02-18 09:00:00,2020-09-28 09:00:00
LG-000858,Gautam Buddha Nagar Metro Metro Line Extension,Metro,Uttar Pradesh,Gautam Buddha Nagar,USR-00910,11,752.06,4062,10066,21798286487.78,2024-12-19,2030-12-18,Possession,Active,2024-12-19 09:00:00,2025-08-16 09:00:00
LG-000859,Nalgonda Highway Irrigation Modernization,Highway,Telangana,Nalgonda,USR-00945,24,9679.55,1582,2675,27856179964.92,2020-12-28,2025-12-27,Objection/Hearing,Active,2020-12-28 09:00:00,2021-06-20 09:00:00
LG-000860,Aligarh Power Project Power Grid Link,Power Project,Uttar Pradesh,Aligarh,USR-00919,11,8559.72,2812,4654,82319782980.42,2023-07-21,2029-07-19,Approval,Active,2023-07-21 09:00:00,2023-09-29 09:00:00
LG-000861,Bareilly Urban Development Metro Line Extension,Urban Development,Uttar Pradesh,Bareilly,USR-00910,37,6550.35,2896,4134,48394393514.04,2018-04-26,2020-04-25,Compensation,Completed,2018-04-26 09:00:00,2018-05-13 09:00:00
LG-000862,Majuli Highway Industrial Cluster Feeder,Highway,Assam,Majuli,USR-00967,28,9808.06,4563,8528,48913058720.57,2024-02-14,2026-02-13,Notification,Completed,2024-02-14 09:00:00,2024-03-31 09:00:00
LG-000863,Morena Highway Smart City Water Network,Highway,Madhya Pradesh,Morena,USR-00974,9,7885.25,886,2117,73080508710.29,2023-12-23,2026-12-22,Objection/Hearing,Completed,2023-12-23 09:00:00,2024-04-09 09:00:00
LG-000864,Munger Industrial Corridor Bypass Construction,Industrial Corridor,Bihar,Munger,USR-00994,13,153.28,4954,10920,28968544748.85,2020-12-02,2024-12-01,Land Identification,Active,2020-12-02 09:00:00,2021-01-20 09:00:00
LG-000865,Kaushambi Urban Development Industrial Cluster Feeder,Urban Development,Uttar Pradesh,Kaushambi,USR-00919,15,473.92,4636,7626,60794588190.96,2023-08-22,2027-08-21,Land Identification,Active,2023-08-22 09:00:00,2023-10-30 09:00:00
LG-000866,Phalodi Canal Greenfield Connector,Canal,Rajasthan,Phalodi,USR-01018,19,4798.57,3619,6302,32741447408.28,2024-08-12,2030-08-11,Notification,Completed,2024-08-12 09:00:00,2024-11-01 09:00:00
LG-000867,Dindori Canal Ring Road Phase II,Canal,Madhya Pradesh,Dindori,USR-00878,32,5838.0,4239,4792,12777937655.76,2019-07-01,2022-06-30,Approval,Active,2019-07-01 09:00:00,2019-11-16 09:00:00
LG-000868,Hojai Canal Smart City Water Network,Canal,Assam,Hojai,USR-00967,5,1225.56,4508,6377,57136277995.63,2024-01-17,2026-01-16,Legal Resolution,Completed,2024-01-17 09:00:00,2024-11-05 09:00:00
LG-000869,Bhind Railway Ring Road Phase II,Railway,Madhya Pradesh,Bhind,USR-00878,26,4852.1,4025,10008,95118757278.15,2018-08-02,2021-08-01,Possession,Active,2018-08-02 09:00:00,2018-12-25 09:00:00
LG-000870,Dewas Urban Development Smart City Water Network,Urban Development,Madhya Pradesh,Dewas,USR-00974,17,2640.91,1117,2135,73955938707.66,2022-01-24,2026-01-23,Final Handover,Completed,2022-01-24 09:00:00,2022-06-18 09:00:00
LG-000871,Aligarh Highway Smart City Water Network,Highway,Uttar Pradesh,Aligarh,USR-00910,16,8589.84,889,1521,74811198260.92,2023-08-10,2029-08-08,R&R,Active,2023-08-10 09:00:00,2023-08-31 09:00:00
LG-000872,Cuddalore Highway Ring Road Phase II,Highway,Tamil Nadu,Cuddalore,USR-00888,27,2017.26,3239,8092,41439695649.6,2018-03-17,2021-03-16,R&R,Active,2018-03-17 09:00:00,2018-08-07 09:00:00
LG-000873,Mainpuri Canal Ring Road Phase II,Canal,Uttar Pradesh,Mainpuri,USR-00910,17,8231.77,1340,2064,28719013416.4,2022-06-12,2027-06-11,Compensation,Completed,2022-06-12 09:00:00,2022-08-10 09:00:00
LG-000874,West Garo Hills Urban Development Smart City Water Network,Urban Development,Meghalaya,West Garo Hills,USR-01011,12,1103.22,1023,2293,36405122218.46,2019-12-28,2024-12-26,Final Handover,Active,2019-12-28 09:00:00,2020-02-17 09:00:00
LG-000875,Nawada Water Supply Expressway Development,Water Supply,Bihar,Nawada,USR-00979,40,1720.82,89,167,74520213704.83,2019-11-08,2021-11-07,Survey,Completed,2019-11-08 09:00:00,2020-03-21 09:00:00
LG-000876,Rangareddy Canal Freight Corridor Expansion,Canal,Telangana,Rangareddy,USR-00958,10,47.24,3383,6356,67541992665.93,2018-01-19,2021-01-18,R&R,Cancelled,2018-01-19 09:00:00,2018-09-02 09:00:00
LG-000877,Balrampur Power Project Freight Corridor Expansion,Power Project,Uttar Pradesh,Balrampur,USR-00910,12,1395.65,4456,7998,44789013547.42,2018-09-18,2022-09-17,Possession,Active,2018-09-18 09:00:00,2018-12-17 09:00:00
LG-000878,Hanumangarh Urban Development Ring Road Phase II,Urban Development,Rajasthan,Hanumangarh,USR-00907,21,8418.59,2146,5043,50103618510.86,2020-06-13,2022-06-13,Land Identification,Active,2020-06-13 09:00:00,2021-01-13 09:00:00
LG-000879,Bareilly Urban Development Freight Corridor Expansion,Urban Development,Uttar Pradesh,Bareilly,USR-00910,3,186.33,962,1855,66247430521.33,2018-08-16,2024-08-14,Notification,Active,2018-08-16 09:00:00,2019-06-03 09:00:00
LG-000880,Dhenkanal Highway Bypass Construction,Highway,Odisha,Dhenkanal,USR-01001,39,4079.66,4874,9884,13977436334.93,2022-11-16,2028-11-14,Final Handover,Completed,2022-11-16 09:00:00,2023-04-01 09:00:00
LG-000881,Jalandhar Railway Expressway Development,Railway,Punjab,Jalandhar,USR-00957,24,366.16,4510,6878,17507272402.72,2021-04-01,2023-04-01,Possession,Completed,2021-04-01 09:00:00,2021-04-19 09:00:00
LG-000882,Gadchiroli Railway Power Grid Link,Railway,Maharashtra,Gadchiroli,USR-00901,38,1450.04,3225,6871,33701652427.87,2021-05-06,2023-05-06,Land Identification,Active,2021-05-06 09:00:00,2021-12-16 09:00:00
LG-000883,East Siang Urban Development Expressway Development,Urban Development,Arunachal Pradesh,East Siang,USR-00874,30,7310.91,3728,5667,29555785810.33,2024-11-05,2026-11-05,Documentation,Active,2024-11-05 09:00:00,2025-01-03 09:00:00
LG-000884,Khagaria Railway Industrial Cluster Feeder,Railway,Bihar,Khagaria,USR-01005,7,1781.7,1660,2331,4212703441.65,2023-07-24,2026-07-23,Compensation,Active,2023-07-24 09:00:00,2024-04-19 09:00:00
LG-000885,Lower Dibang Valley Highway Irrigation Modernization,Highway,Arunachal Pradesh,Lower Dibang Valley,USR-00874,1,7766.29,2018,3214,92055420714.76,2023-10-04,2025-10-03,Notification,Active,2023-10-04 09:00:00,2024-06-19 09:00:00
LG-000886,Coimbatore Urban Development Metro Line Extension,Urban Development,Tamil Nadu,Coimbatore,USR-00976,37,8021.63,2805,3177,5078879033.48,2018-02-05,2023-02-04,Legal Resolution,On Hold,2018-02-05 09:00:00,2018-09-02 09:00:00
LG-000887,Burhanpur Metro Power Grid Link,Metro,Madhya Pradesh,Burhanpur,USR-00878,28,3895.82,3033,5896,93599586702.22,2020-06-24,2024-06-23,R&R,Completed,2020-06-24 09:00:00,2020-11-25 09:00:00
LG-000888,Nayagarh Industrial Corridor Greenfield Connector,Industrial Corridor,Odisha,Nayagarh,USR-00933,13,411.87,4401,5602,34981819727.4,2021-08-28,2024-08-27,Final Handover,Active,2021-08-28 09:00:00,2021-11-29 09:00:00
LG-000889,Pilibhit Railway Ring Road Phase II,Railway,Uttar Pradesh,Pilibhit,USR-00919,38,5723.42,3923,5017,81588909631.44,2018-04-22,2020-04-21,Notification,On Hold,2018-04-22 09:00:00,2018-10-19 09:00:00
LG-000890,Pakur Urban Development Industrial Cluster Feeder,Urban Development,Jharkhand,Pakur,USR-01000,20,3364.26,589,1293,91426302511.02,2019-03-17,2023-03-16,Final Handover,Active,2019-03-17 09:00:00,2019-10-16 09:00:00
LG-000891,Maihar Highway Power Grid Link,Highway,Madhya Pradesh,Maihar,USR-00982,5,7453.12,2549,4539,45626820791.52,2018-06-13,2021-06-12,Notification,Active,2018-06-13 09:00:00,2018-12-19 09:00:00
LG-000892,Bahraich Canal Expressway Development,Canal,Uttar Pradesh,Bahraich,USR-00910,13,9933.37,3786,6871,34795079874.02,2018-11-12,2024-11-10,Possession,Completed,2018-11-12 09:00:00,2019-05-15 09:00:00
LG-000893,Rewari Canal Power Grid Link,Canal,Haryana,Rewari,USR-00960,27,5189.87,4802,8134,79513196229.14,2021-04-04,2025-04-03,Final Handover,Active,2021-04-04 09:00:00,2021-07-16 09:00:00
LG-000894,Nalbari Dam Freight Corridor Expansion,Dam,Assam,Nalbari,USR-00967,15,4891.45,426,544,929980940.88,2019-11-16,2022-11-15,Land Identification,Active,2019-11-16 09:00:00,2020-03-20 09:00:00
LG-000895,Ernakulam Water Supply Ring Road Phase II,Water Supply,Kerala,Ernakulam,USR-00937,15,4719.43,4282,5129,24640958969.61,2021-03-11,2024-03-10,Legal Resolution,Active,2021-03-11 09:00:00,2021-10-17 09:00:00
LG-000896,Mahasamund Urban Development Metro Line Extension,Urban Development,Chhattisgarh,Mahasamund,USR-00911,23,5480.08,2546,5176,38119520917.73,2023-01-09,2028-01-08,R&R,On Hold,2023-01-09 09:00:00,2023-10-29 09:00:00
LG-000897,Sant Kabir Nagar Railway Smart City Water Network,Railway,Uttar Pradesh,Sant Kabir Nagar,USR-00919,26,2637.01,3205,7240,94410376684.15,2024-02-17,2029-02-15,Approval,Completed,2024-02-17 09:00:00,2024-11-04 09:00:00
LG-000898,Fatehpur Railway Greenfield Connector,Railway,Uttar Pradesh,Fatehpur,USR-00910,3,7607.43,880,1310,12462880226.39,2024-09-28,2026-09-28,Land Identification,On Hold,2024-09-28 09:00:00,2025-06-15 09:00:00
LG-000899,Chengalpattu Industrial Corridor Greenfield Connector,Industrial Corridor,Tamil Nadu,Chengalpattu,USR-00976,21,1367.49,4198,8143,9526000209.08,2021-05-18,2023-05-18,Objection/Hearing,Completed,2021-05-18 09:00:00,2022-02-25 09:00:00
LG-000900,Kushinagar Highway Power Grid Link,Highway,Uttar Pradesh,Kushinagar,USR-00919,33,5259.8,4743,11586,44463384433.89,2019-10-04,2025-10-02,Land Identification,On Hold,2019-10-04 09:00:00,2020-01-10 09:00:00
LG-000901,Farrukhabad Urban Development Metro Line Extension,Urban Development,Uttar Pradesh,Farrukhabad,USR-00910,32,6859.93,1867,3335,57780893453.31,2020-06-05,2026-06-04,Legal Resolution,Active,2020-06-05 09:00:00,2020-08-28 09:00:00
LG-000902,Chhota Udaipur Industrial Corridor Expressway Development,Industrial Corridor,Gujarat,Chhota Udaipur,USR-00988,3,7517.59,1084,2404,75482327344.85,2021-01-04,2027-01-03,Approval,Active,2021-01-04 09:00:00,2021-04-14 09:00:00
LG-000903,Mau Metro Industrial Cluster Feeder,Metro,Uttar Pradesh,Mau,USR-00919,36,492.97,2745,4922,89964823689.43,2019-05-27,2021-05-26,Documentation,Active,2019-05-27 09:00:00,2019-12-31 09:00:00
LG-000904,Baran Urban Development Expressway Development,Urban Development,Rajasthan,Baran,USR-01004,27,1881.92,4333,10498,24813368457.13,2021-04-28,2023-04-28,Legal Resolution,Active,2021-04-28 09:00:00,2021-09-06 09:00:00
LG-000905,Fatehpur Highway Metro Line Extension,Highway,Uttar Pradesh,Fatehpur,USR-00910,19,2235.36,2894,6804,56884614961.42,2021-02-17,2024-02-17,R&R,Active,2021-02-17 09:00:00,2021-08-03 09:00:00
LG-000906,Meerut Highway Ring Road Phase II,Highway,Uttar Pradesh,Meerut,USR-00910,24,1328.57,1542,3488,16933681789.06,2023-05-08,2027-05-07,Documentation,Active,2023-05-08 09:00:00,2023-08-07 09:00:00
LG-000907,Chhatarpur Railway Ring Road Phase II,Railway,Madhya Pradesh,Chhatarpur,USR-00974,35,882.17,272,496,71562857751.57,2023-12-11,2026-12-10,Approval,Active,2023-12-11 09:00:00,2024-01-30 09:00:00
LG-000908,Kishanganj Railway Power Grid Link,Railway,Bihar,Kishanganj,USR-00994,6,6887.04,1974,4826,71815306585.16,2022-12-19,2027-12-18,Documentation,Active,2022-12-19 09:00:00,2023-01-23 09:00:00
LG-000909,Panipat Urban Development Metro Line Extension,Urban Development,Haryana,Panipat,USR-00869,12,1981.86,98,190,60775101377.45,2024-06-04,2030-06-03,Legal Resolution,Active,2024-06-04 09:00:00,2024-09-19 09:00:00
LG-000910,Dhule Airport Power Grid Link,Airport,Maharashtra,Dhule,USR-00955,23,3183.97,2951,4411,77828653522.51,2018-02-11,2022-02-10,Approval,Completed,2018-02-11 09:00:00,2018-04-16 09:00:00
LG-000911,Ghaziabad Urban Development Greenfield Connector,Urban Development,Uttar Pradesh,Ghaziabad,USR-00910,30,2943.16,3999,10015,25975508123.32,2019-12-04,2024-12-02,Documentation,Active,2019-12-04 09:00:00,2020-04-18 09:00:00
LG-000912,Kasganj Metro Industrial Cluster Feeder,Metro,Uttar Pradesh,Kasganj,USR-00910,2,76.21,3234,4146,4626569767.89,2021-08-05,2024-08-04,Compensation,Active,2021-08-05 09:00:00,2022-02-09 09:00:00
LG-000913,Guntur Highway Bypass Construction,Highway,Andhra Pradesh,Guntur,USR-00935,6,4859.25,2274,4208,45808358944.79,2023-08-21,2027-08-20,Legal Resolution,Active,2023-08-21 09:00:00,2024-03-25 09:00:00
LG-000914,Puri Industrial Corridor Greenfield Connector,Industrial Corridor,Odisha,Puri,USR-00933,12,3441.03,4563,10255,40930885769.08,2024-07-07,2028-07-06,Legal Resolution,Active,2024-07-07 09:00:00,2024-12-09 09:00:00
LG-000915,Amravati Power Project Power Grid Link,Power Project,Maharashtra,Amravati,USR-00875,23,5285.14,1412,3416,31765881989.85,2018-09-27,2020-09-26,Documentation,Cancelled,2018-09-27 09:00:00,2019-06-26 09:00:00
LG-000916,Jind Metro Expressway Development,Metro,Haryana,Jind,USR-00923,38,1902.43,2558,3515,54684527082.33,2020-07-12,2022-07-12,Approval,Active,2020-07-12 09:00:00,2020-07-31 09:00:00
LG-000917,Nawada Highway Bypass Construction,Highway,Bihar,Nawada,USR-00978,7,6184.48,4755,10815,63190787128.48,2020-10-12,2024-10-11,Notification,Completed,2020-10-12 09:00:00,2021-01-27 09:00:00
LG-000918,Harda Power Project Expressway Development,Power Project,Madhya Pradesh,Harda,USR-00974,11,2020.89,2094,4623,32419377833.87,2019-04-22,2021-04-21,Objection/Hearing,Active,2019-04-22 09:00:00,2020-01-05 09:00:00
LG-000919,Siddharthnagar Highway Bypass Construction,Highway,Uttar Pradesh,Siddharthnagar,USR-00919,13,5905.41,944,1920,92090530305.44,2018-04-22,2024-04-20,Compensation,On Hold,2018-04-22 09:00:00,2019-02-05 09:00:00
LG-000920,Datia Urban Development Freight Corridor Expansion,Urban Development,Madhya Pradesh,Datia,USR-00982,6,6467.58,3840,7335,16447397866.11,2018-04-16,2024-04-14,Possession,Completed,2018-04-16 09:00:00,2018-05-08 09:00:00
LG-000921,Faridkot Metro Metro Line Extension,Metro,Punjab,Faridkot,USR-00957,3,1676.75,3899,9480,94425287610.56,2022-09-25,2025-09-24,Land Identification,Active,2022-09-25 09:00:00,2023-07-22 09:00:00
LG-000922,Medchal-Malkajgiri Canal Smart City Water Network,Canal,Telangana,Medchal-Malkajgiri,USR-00900,9,6693.5,4489,9059,65742745790.75,2018-10-10,2023-10-09,R&R,Active,2018-10-10 09:00:00,2019-06-09 09:00:00
LG-000923,Neemuch Railway Irrigation Modernization,Railway,Madhya Pradesh,Neemuch,USR-00974,39,3114.59,1040,1663,75083906765.32,2018-04-20,2023-04-19,Legal Resolution,Active,2018-04-20 09:00:00,2018-11-09 09:00:00
LG-000924,Jalpaiguri Industrial Corridor Power Grid Link,Industrial Corridor,West Bengal,Jalpaiguri,USR-00998,25,4586.63,1813,4258,47880699957.08,2021-12-26,2026-12-25,Final Handover,Active,2021-12-26 09:00:00,2022-08-21 09:00:00
LG-000925,Haridwar Metro Industrial Cluster Feeder,Metro,Uttarakhand,Haridwar,USR-01015,39,1427.83,3514,7818,63069832614.87,2019-06-23,2023-06-22,Possession,Active,2019-06-23 09:00:00,2019-08-23 09:00:00
LG-000926,Ranchi Power Project Bypass Construction,Power Project,Jharkhand,Ranchi,USR-01000,1,963.0,3806,4951,46672100335.76,2022-02-08,2024-02-08,Legal Resolution,Active,2022-02-08 09:00:00,2022-12-03 09:00:00
LG-000927,Jajpur Power Project Freight Corridor Expansion,Power Project,Odisha,Jajpur,USR-01001,8,5744.52,1537,2095,37464228367.77,2018-10-19,2024-10-17,Objection/Hearing,Completed,2018-10-19 09:00:00,2019-03-29 09:00:00
LG-000928,Anuppur Railway Expressway Development,Railway,Madhya Pradesh,Anuppur,USR-00878,36,1945.76,3491,5986,71934978729.75,2018-03-03,2023-03-02,Land Identification,Active,2018-03-03 09:00:00,2018-11-07 09:00:00
LG-000929,Uttara Kannada Highway Ring Road Phase II,Highway,Karnataka,Uttara Kannada,USR-00882,1,1364.23,1222,1512,56082636658.2,2018-03-03,2024-03-01,Approval,Active,2018-03-03 09:00:00,2018-03-26 09:00:00
LG-000930,Siang Canal Ring Road Phase II,Canal,Arunachal Pradesh,Siang,USR-00944,19,4301.15,1341,1688,22315081019.8,2022-01-10,2027-01-09,Legal Resolution,Active,2022-01-10 09:00:00,2022-08-24 09:00:00
LG-000931,Didwana-Kuchaman Dam Irrigation Modernization,Dam,Rajasthan,Didwana-Kuchaman,USR-01004,22,6811.03,2131,4561,63917838550.73,2022-08-07,2026-08-06,Documentation,Active,2022-08-07 09:00:00,2023-03-05 09:00:00
LG-000932,Kendujhar Urban Development Power Grid Link,Urban Development,Odisha,Kendujhar,USR-00933,35,388.96,829,1908,50223296247.97,2024-01-13,2028-01-12,Land Identification,Active,2024-01-13 09:00:00,2024-04-15 09:00:00
LG-000933,Charaideo Power Project Smart City Water Network,Power Project,Assam,Charaideo,USR-00909,38,5381.56,4522,10040,79561667528.13,2021-11-15,2024-11-14,Documentation,Active,2021-11-15 09:00:00,2021-12-06 09:00:00
LG-000934,Mysuru Railway Power Grid Link,Railway,Karnataka,Mysuru,USR-00953,7,7215.94,4495,7742,27067277051.57,2024-03-03,2026-03-03,Land Identification,Active,2024-03-03 09:00:00,2024-05-16 09:00:00
LG-000935,Pilibhit Canal Irrigation Modernization,Canal,Uttar Pradesh,Pilibhit,USR-00919,10,574.46,221,265,43720789957.58,2023-12-10,2029-12-08,Notification,Active,2023-12-10 09:00:00,2024-03-12 09:00:00
LG-000936,Dumka Highway Smart City Water Network,Highway,Jharkhand,Dumka,USR-01000,8,6580.38,4099,8760,86262321084.31,2018-12-05,2023-12-04,Land Identification,Active,2018-12-05 09:00:00,2019-06-10 09:00:00
LG-000937,Bijapur Dam Ring Road Phase II,Dam,Chhattisgarh,Bijapur,USR-00926,5,4529.48,2335,5299,92365733879.98,2024-06-21,2029-06-20,Final Handover,Active,2024-06-21 09:00:00,2024-10-01 09:00:00
LG-000938,Bhadrak Canal Smart City Water Network,Canal,Odisha,Bhadrak,USR-00933,33,4773.42,4219,8091,53397717357.95,2024-03-06,2029-03-05,Notification,Active,2024-03-06 09:00:00,2024-05-13 09:00:00
LG-000939,South Delhi Power Project Power Grid Link,Power Project,Delhi,South Delhi,USR-00992,5,2442.5,4885,6783,87944519240.7,2023-01-11,2029-01-09,Documentation,Active,2023-01-11 09:00:00,2023-02-03 09:00:00
LG-000940,Giridih Railway Metro Line Extension,Railway,Jharkhand,Giridih,USR-01000,14,7497.39,4192,5173,44862065977.04,2024-01-27,2028-01-26,Survey,Active,2024-01-27 09:00:00,2024-10-17 09:00:00
LG-000941,Tirunelveli Highway Ring Road Phase II,Highway,Tamil Nadu,Tirunelveli,USR-00976,28,3595.4,4205,5724,27555267960.39,2022-02-26,2027-02-25,Possession,Active,2022-02-26 09:00:00,2022-05-08 09:00:00
LG-000942,Balrampur Railway Smart City Water Network,Railway,Uttar Pradesh,Balrampur,USR-00910,13,915.82,4746,6248,15088856812.84,2019-12-08,2024-12-06,Notification,Active,2019-12-08 09:00:00,2020-02-04 09:00:00
LG-000943,Deoghar Highway Irrigation Modernization,Highway,Jharkhand,Deoghar,USR-01000,23,6425.27,1586,2185,7241697115.05,2021-09-07,2027-09-06,Land Identification,Active,2021-09-07 09:00:00,2021-11-25 09:00:00
LG-000944,Aligarh Industrial Corridor Industrial Cluster Feeder,Industrial Corridor,Uttar Pradesh,Aligarh,USR-00910,1,397.74,4081,8329,16612854258.78,2020-11-08,2026-11-07,Compensation,Active,2020-11-08 09:00:00,2021-01-14 09:00:00
LG-000945,Panna Canal Industrial Cluster Feeder,Canal,Madhya Pradesh,Panna,USR-00956,17,3726.75,3304,5958,95474263678.3,2018-10-19,2024-10-17,Survey,Active,2018-10-19 09:00:00,2019-06-10 09:00:00
LG-000946,Ariyalur Airport Industrial Cluster Feeder,Airport,Tamil Nadu,Ariyalur,USR-00888,16,440.39,2763,3408,30343684314.64,2024-01-16,2030-01-14,Survey,Active,2024-01-16 09:00:00,2024-04-25 09:00:00
LG-000947,Chengalpattu Highway Expressway Development,Highway,Tamil Nadu,Chengalpattu,USR-00976,5,8713.62,4469,11172,90739466819.2,2023-08-03,2025-08-02,Legal Resolution,Active,2023-08-03 09:00:00,2023-11-22 09:00:00
LG-000948,Alwar Highway Greenfield Connector,Highway,Rajasthan,Alwar,USR-00912,22,4549.13,103,249,46809960560.28,2024-12-20,2026-12-20,Documentation,Active,2024-12-20 09:00:00,2025-03-13 09:00:00
LG-000949,Banka Canal Metro Line Extension,Canal,Bihar,Banka,USR-00979,25,942.41,4574,9388,83599133999.3,2024-02-19,2030-02-17,Objection/Hearing,Completed,2024-02-19 09:00:00,2024-04-17 09:00:00
LG-000950,Hardoi Canal Smart City Water Network,Canal,Uttar Pradesh,Hardoi,USR-00919,40,1403.58,4796,7383,50008867003.23,2019-06-02,2024-05-31,Survey,Completed,2019-06-02 09:00:00,2019-06-24 09:00:00
LG-000951,Chhindwara Dam Bypass Construction,Dam,Madhya Pradesh,Chhindwara,USR-00982,2,699.14,1893,3277,91976748369.2,2019-12-06,2025-12-04,Documentation,Active,2019-12-06 09:00:00,2020-08-31 09:00:00
LG-000952,Chhota Udaipur Railway Power Grid Link,Railway,Gujarat,Chhota Udaipur,USR-00988,29,3207.56,1535,1725,86767066974.24,2019-09-02,2021-09-01,Land Identification,Active,2019-09-02 09:00:00,2019-11-02 09:00:00
LG-000953,West Kameng Water Supply Expressway Development,Water Supply,Arunachal Pradesh,West Kameng,USR-00944,10,614.21,485,934,41521170285.96,2022-03-02,2027-03-01,Final Handover,Active,2022-03-02 09:00:00,2022-06-18 09:00:00
LG-000954,Sawai Madhopur Airport Smart City Water Network,Airport,Rajasthan,Sawai Madhopur,USR-00907,20,3156.48,1326,2278,74859593676.88,2018-06-15,2022-06-14,Notification,Completed,2018-06-15 09:00:00,2019-01-23 09:00:00
LG-000955,Tiruvannamalai Power Project Expressway Development,Power Project,Tamil Nadu,Tiruvannamalai,USR-00888,21,1535.06,1902,3836,50022935874.95,2020-05-22,2026-05-21,Land Identification,Active,2020-05-22 09:00:00,2020-10-30 09:00:00
LG-000956,Visakhapatnam Industrial Corridor Metro Line Extension,Industrial Corridor,Andhra Pradesh,Visakhapatnam,USR-00935,22,7912.15,275,573,36606748986.91,2021-12-15,2026-12-14,Documentation,On Hold,2021-12-15 09:00:00,2022-05-09 09:00:00
LG-000957,Rayagada Industrial Corridor Freight Corridor Expansion,Industrial Corridor,Odisha,Rayagada,USR-01001,6,9140.73,532,1343,20672020683.15,2022-10-04,2026-10-03,Possession,Active,2022-10-04 09:00:00,2023-07-27 09:00:00
LG-000958,Palwal Power Project Greenfield Connector,Power Project,Haryana,Palwal,USR-00869,18,2185.99,162,217,10212922016.58,2018-12-14,2022-12-13,Compensation,Active,2018-12-14 09:00:00,2019-07-25 09:00:00
LG-000959,Kanyakumari Railway Metro Line Extension,Railway,Tamil Nadu,Kanyakumari,USR-00976,17,5219.83,3360,8279,66572003619.22,2018-03-26,2023-03-25,Possession,Active,2018-03-26 09:00:00,2018-11-02 09:00:00
LG-000960,Surajpur Power Project Irrigation Modernization,Power Project,Chhattisgarh,Surajpur,USR-00926,22,1397.14,4649,6655,38516281140.16,2023-08-10,2029-08-08,Possession,Active,2023-08-10 09:00:00,2024-01-28 09:00:00
LG-000961,Jayashankar Bhupalpally Highway Greenfield Connector,Highway,Telangana,Jayashankar Bhupalpally,USR-00900,38,7480.03,4329,6868,38542742929.89,2022-02-16,2028-02-15,Land Identification,Active,2022-02-16 09:00:00,2022-11-27 09:00:00
LG-000962,Shahdol Canal Ring Road Phase II,Canal,Madhya Pradesh,Shahdol,USR-00974,21,2666.63,2736,4556,30030819000.11,2020-03-22,2025-03-21,Compensation,Active,2020-03-22 09:00:00,2020-05-30 09:00:00
LG-000963,Shamli Highway Irrigation Modernization,Highway,Uttar Pradesh,Shamli,USR-00919,12,901.86,4734,5419,81151899885.97,2021-09-03,2023-09-03,Approval,Active,2021-09-03 09:00:00,2022-02-12 09:00:00
LG-000964,West Champaran Industrial Corridor Irrigation Modernization,Industrial Corridor,Bihar,West Champaran,USR-00908,24,6234.89,3834,9154,5856266514.51,2019-01-13,2022-01-12,Objection/Hearing,Active,2019-01-13 09:00:00,2019-09-08 09:00:00
LG-000965,Indore Highway Ring Road Phase II,Highway,Madhya Pradesh,Indore,USR-00982,35,6215.77,4912,7612,58654909703.2,2023-06-25,2028-06-23,Objection/Hearing,Active,2023-06-25 09:00:00,2024-01-10 09:00:00
LG-000966,Madhubani Airport Expressway Development,Airport,Bihar,Madhubani,USR-01008,21,508.19,2008,4266,16102068536.48,2018-09-16,2021-09-15,Legal Resolution,Active,2018-09-16 09:00:00,2019-02-07 09:00:00
LG-000967,Saharanpur Urban Development Expressway Development,Urban Development,Uttar Pradesh,Saharanpur,USR-00910,32,2150.02,1976,4440,67961016401.0,2019-10-07,2024-10-05,R&R,Active,2019-10-07 09:00:00,2019-12-28 09:00:00
LG-000968,Lucknow Power Project Power Grid Link,Power Project,Uttar Pradesh,Lucknow,USR-00919,37,3408.27,591,1165,78942961476.69,2021-07-10,2025-07-09,Notification,Active,2021-07-10 09:00:00,2021-08-01 09:00:00
LG-000969,Belagavi Power Project Metro Line Extension,Power Project,Karnataka,Belagavi,USR-00924,22,5813.68,2618,5475,17859773110.36,2020-04-16,2024-04-15,R&R,On Hold,2020-04-16 09:00:00,2020-11-08 09:00:00
LG-000970,Ramanathapuram Power Project Expressway Development,Power Project,Tamil Nadu,Ramanathapuram,USR-00976,19,1479.8,1882,3059,17631605341.61,2021-11-26,2023-11-26,Legal Resolution,Completed,2021-11-26 09:00:00,2022-02-08 09:00:00
LG-000971,Ghaziabad Urban Development Smart City Water Network,Urban Development,Uttar Pradesh,Ghaziabad,USR-00919,7,5487.46,1645,2479,47848298230.33,2018-06-04,2024-06-02,Notification,Active,2018-06-04 09:00:00,2019-01-14 09:00:00
LG-000972,Dausa Airport Expressway Development,Airport,Rajasthan,Dausa,USR-00912,7,599.68,1524,2749,97651491155.94,2021-08-10,2027-08-09,Survey,Active,2021-08-10 09:00:00,2021-09-20 09:00:00
LG-000973,Sahibzada Ajit Singh Nagar Canal Greenfield Connector,Canal,Punjab,Sahibzada Ajit Singh Nagar,USR-00957,36,9510.49,4251,8691,62211767623.84,2018-09-20,2022-09-19,Compensation,Active,2018-09-20 09:00:00,2019-05-14 09:00:00
LG-000974,Giridih Highway Irrigation Modernization,Highway,Jharkhand,Giridih,USR-01000,18,9984.42,1257,3061,52251321735.41,2019-07-14,2023-07-13,Final Handover,Active,2019-07-14 09:00:00,2019-09-04 09:00:00
LG-000975,Bhagalpur Railway Ring Road Phase II,Railway,Bihar,Bhagalpur,USR-00979,20,6698.15,2302,5205,11776936883.14,2019-10-09,2024-10-07,R&R,Active,2019-10-09 09:00:00,2020-04-26 09:00:00
LG-000976,Meerut Power Project Power Grid Link,Power Project,Uttar Pradesh,Meerut,USR-00910,15,6875.51,4294,8644,71856616524.81,2023-03-05,2028-03-03,Objection/Hearing,Active,2023-03-05 09:00:00,2023-11-16 09:00:00
LG-000977,Mirzapur Highway Power Grid Link,Highway,Uttar Pradesh,Mirzapur,USR-00910,3,6977.05,4431,10373,64274882872.83,2020-09-24,2024-09-23,Legal Resolution,Active,2020-09-24 09:00:00,2021-06-27 09:00:00
LG-000978,Chengalpattu Railway Industrial Cluster Feeder,Railway,Tamil Nadu,Chengalpattu,USR-00888,30,6446.13,159,326,43057515862.51,2020-05-14,2024-05-13,Objection/Hearing,Completed,2020-05-14 09:00:00,2020-06-11 09:00:00
LG-000979,Narmadapuram Urban Development Ring Road Phase II,Urban Development,Madhya Pradesh,Narmadapuram,USR-00982,11,4696.89,2111,3554,75080093874.24,2023-02-18,2025-02-17,Land Identification,Completed,2023-02-18 09:00:00,2023-10-19 09:00:00
LG-000980,Khandwa Urban Development Bypass Construction,Urban Development,Madhya Pradesh,Khandwa,USR-00940,13,2893.77,4685,9821,61578181868.63,2024-08-06,2028-08-05,R&R,Active,2024-08-06 09:00:00,2025-05-21 09:00:00
LG-000981,Agra Urban Development Smart City Water Network,Urban Development,Uttar Pradesh,Agra,USR-00919,7,7002.13,3141,6062,54917053997.65,2023-07-03,2027-07-02,Land Identification,Active,2023-07-03 09:00:00,2024-03-30 09:00:00
LG-000982,Meerut Railway Power Grid Link,Railway,Uttar Pradesh,Meerut,USR-00919,24,3468.04,4475,6381,60467338993.97,2022-12-09,2028-12-07,Compensation,Completed,2022-12-09 09:00:00,2023-08-18 09:00:00
LG-000983,Mainpuri Water Supply Power Grid Link,Water Supply,Uttar Pradesh,Mainpuri,USR-00919,10,9426.02,3936,8122,48449724098.71,2020-10-15,2022-10-15,Compensation,Completed,2020-10-15 09:00:00,2020-12-24 09:00:00
LG-000984,Bijnor Industrial Corridor Freight Corridor Expansion,Industrial Corridor,Uttar Pradesh,Bijnor,USR-00910,14,1033.8,4186,6378,39426358319.51,2024-09-10,2026-09-10,Final Handover,Completed,2024-09-10 09:00:00,2024-12-18 09:00:00
LG-000985,Erode Airport Power Grid Link,Airport,Tamil Nadu,Erode,USR-00888,26,4039.41,1399,3184,78833226581.13,2023-08-13,2027-08-12,Objection/Hearing,Active,2023-08-13 09:00:00,2024-02-02 09:00:00
LG-000986,Udalguri Railway Ring Road Phase II,Railway,Assam,Udalguri,USR-01014,31,5907.88,4796,9566,53109155102.21,2018-05-12,2024-05-10,Land Identification,Active,2018-05-12 09:00:00,2018-09-21 09:00:00
LG-000987,Mahasamund Water Supply Freight Corridor Expansion,Water Supply,Chhattisgarh,Mahasamund,USR-00911,14,4392.2,2047,3448,29139844020.64,2021-03-01,2024-02-29,Compensation,Active,2021-03-01 09:00:00,2021-09-28 09:00:00
LG-000988,Mirzapur Urban Development Freight Corridor Expansion,Urban Development,Uttar Pradesh,Mirzapur,USR-00919,17,663.21,4406,9784,25409501067.59,2023-04-13,2026-04-12,Objection/Hearing,Active,2023-04-13 09:00:00,2023-08-18 09:00:00
LG-000989,Beawar Water Supply Industrial Cluster Feeder,Water Supply,Rajasthan,Beawar,USR-01018,23,2505.42,3475,5650,88214205140.45,2023-01-11,2029-01-09,Documentation,Active,2023-01-11 09:00:00,2023-07-31 09:00:00
LG-000990,NTR Water Supply Irrigation Modernization,Water Supply,Andhra Pradesh,NTR,USR-00935,18,6717.44,978,2379,54133237579.71,2022-05-03,2026-05-02,Compensation,Active,2022-05-03 09:00:00,2022-10-28 09:00:00
LG-000991,Gopalganj Metro Smart City Water Network,Metro,Bihar,Gopalganj,USR-00908,7,6369.17,481,1194,15155212925.01,2021-10-06,2024-10-05,Possession,Active,2021-10-06 09:00:00,2022-01-13 09:00:00
LG-000992,Sivaganga Highway Irrigation Modernization,Highway,Tamil Nadu,Sivaganga,USR-00976,9,9309.33,765,1060,27448159442.23,2020-02-07,2022-02-06,Final Handover,Active,2020-02-07 09:00:00,2020-03-08 09:00:00
LG-000993,East Godavari Power Project Freight Corridor Expansion,Power Project,Andhra Pradesh,East Godavari,USR-00935,16,1705.02,1050,1367,87925911578.3,2021-09-17,2023-09-17,Notification,Active,2021-09-17 09:00:00,2022-02-08 09:00:00
LG-000994,Mahasamund Railway Greenfield Connector,Railway,Chhattisgarh,Mahasamund,USR-00911,34,3953.11,1548,3330,6836841406.49,2022-08-14,2024-08-13,Objection/Hearing,Active,2022-08-14 09:00:00,2022-09-26 09:00:00
LG-000995,Bikaner Water Supply Metro Line Extension,Water Supply,Rajasthan,Bikaner,USR-00943,17,3563.81,1024,1301,68052044638.39,2018-04-15,2021-04-14,Final Handover,Active,2018-04-15 09:00:00,2018-10-09 09:00:00
LG-000996,Jayashankar Bhupalpally Urban Development Greenfield Connector,Urban Development,Telangana,Jayashankar Bhupalpally,USR-00893,1,5020.35,3134,3899,33070302062.76,2023-07-09,2026-07-08,R&R,Active,2023-07-09 09:00:00,2023-08-07 09:00:00
LG-000997,Nagapattinam Water Supply Expressway Development,Water Supply,Tamil Nadu,Nagapattinam,USR-00976,8,1178.37,4397,9975,82727759978.57,2021-10-14,2024-10-13,Approval,Active,2021-10-14 09:00:00,2022-07-30 09:00:00
LG-000998,Kurukshetra Dam Metro Line Extension,Dam,Haryana,Kurukshetra,USR-00869,34,1268.44,1539,2780,19502174536.6,2019-02-04,2024-02-03,Notification,Active,2019-02-04 09:00:00,2019-08-08 09:00:00
LG-000999,Rajanna Sircilla Urban Development Industrial Cluster Feeder,Urban Development,Telangana,Rajanna Sircilla,USR-00893,38,5346.43,4711,9509,9149270600.91,2023-12-21,2028-12-19,Possession,Active,2023-12-21 09:00:00,2024-07-19 09:00:00
LG-001000,Chatra Canal Metro Line Extension,Canal,Jharkhand,Chatra,USR-01000,12,6194.01,4325,7172,16727473623.38,2021-02-05,2025-02-04,Land Identification,Active,2021-02-05 09:00:00,2021-11-26 09:00:00
LG-001001,Dewas Canal Irrigation Modernization,Canal,Madhya Pradesh,Dewas,USR-00940,19,8370.54,3391,5744,14857856059.11,2023-12-13,2025-12-12,Legal Resolution,On Hold,2023-12-13 09:00:00,2024-07-06 09:00:00
LG-001002,Azamgarh Water Supply Freight Corridor Expansion,Water Supply,Uttar Pradesh,Azamgarh,USR-00910,6,2576.2,2560,5397,69399147996.49,2022-05-15,2027-05-14,Final Handover,Active,2022-05-15 09:00:00,2022-09-15 09:00:00
LG-001003,Madurai Highway Ring Road Phase II,Highway,Tamil Nadu,Madurai,USR-00976,2,7248.95,974,1977,51512090881.6,2023-11-05,2025-11-04,Final Handover,Active,2023-11-05 09:00:00,2024-08-04 09:00:00
LG-001004,Jhansi Highway Power Grid Link,Highway,Uttar Pradesh,Jhansi,USR-00910,21,6837.86,1664,3212,25296807881.32,2020-05-28,2025-05-27,Compensation,Active,2020-05-28 09:00:00,2021-02-25 09:00:00
LG-001005,Pudukkottai Industrial Corridor Irrigation Modernization,Industrial Corridor,Tamil Nadu,Pudukkottai,USR-00888,10,8987.22,2061,3764,5777234732.27,2021-04-27,2023-04-27,R&R,Active,2021-04-27 09:00:00,2021-09-20 09:00:00
LG-001006,Jalore Railway Power Grid Link,Railway,Rajasthan,Jalore,USR-00907,4,5449.32,3228,6253,47770976251.73,2023-12-02,2029-11-30,Survey,On Hold,2023-12-02 09:00:00,2024-04-25 09:00:00
LG-001007,Bhagalpur Highway Freight Corridor Expansion,Highway,Bihar,Bhagalpur,USR-00908,23,358.0,3608,4642,1649615486.79,2021-09-16,2025-09-15,Approval,On Hold,2021-09-16 09:00:00,2021-10-17 09:00:00
LG-001008,Panna Railway Expressway Development,Railway,Madhya Pradesh,Panna,USR-00940,8,2491.56,1658,3180,39065160883.18,2019-10-09,2025-10-07,Final Handover,Completed,2019-10-09 09:00:00,2019-11-14 09:00:00
LG-001009,Chitradurga Power Project Ring Road Phase II,Power Project,Karnataka,Chitradurga,USR-00882,22,6410.51,4683,8043,34703287413.53,2020-08-10,2026-08-09,Possession,Completed,2020-08-10 09:00:00,2021-05-19 09:00:00
LG-001010,Hazaribagh Dam Bypass Construction,Dam,Jharkhand,Hazaribagh,USR-01000,19,599.79,1630,2602,93419062775.32,2022-07-26,2027-07-25,Survey,Active,2022-07-26 09:00:00,2022-11-27 09:00:00
LG-001011,Kalimpong Dam Ring Road Phase II,Dam,West Bengal,Kalimpong,USR-00925,17,9711.2,1584,2457,90185662761.27,2024-01-24,2027-01-23,Approval,Active,2024-01-24 09:00:00,2024-09-03 09:00:00
LG-001012,Shivpuri Water Supply Freight Corridor Expansion,Water Supply,Madhya Pradesh,Shivpuri,USR-00974,23,4316.54,2780,6041,33798799859.24,2019-08-06,2024-08-04,Land Identification,Active,2019-08-06 09:00:00,2020-05-25 09:00:00
LG-001013,Mau Canal Smart City Water Network,Canal,Uttar Pradesh,Mau,USR-00910,8,3112.27,3506,4518,14497288729.05,2020-12-09,2022-12-09,Notification,Active,2020-12-09 09:00:00,2021-01-07 09:00:00
LG-001014,Ariyalur Power Project Industrial Cluster Feeder,Power Project,Tamil Nadu,Ariyalur,USR-00888,17,7319.86,2116,2529,29045530394.67,2024-09-23,2027-09-23,Legal Resolution,Active,2024-09-23 09:00:00,2025-05-01 09:00:00
LG-001015,Deoria Industrial Corridor Expressway Development,Industrial Corridor,Uttar Pradesh,Deoria,USR-00910,25,3368.17,2315,2908,98608261978.58,2023-08-18,2028-08-16,Notification,Completed,2023-08-18 09:00:00,2024-04-03 09:00:00
LG-001016,Kendujhar Water Supply Freight Corridor Expansion,Water Supply,Odisha,Kendujhar,USR-00933,29,9996.6,3289,4892,64632425575.72,2022-07-01,2026-06-30,Possession,Active,2022-07-01 09:00:00,2022-12-10 09:00:00
LG-001017,Jodhpur Rural Railway Greenfield Connector,Railway,Rajasthan,Jodhpur Rural,USR-00907,24,9706.33,2474,4232,29653117494.57,2024-02-12,2030-02-10,Land Identification,Active,2024-02-12 09:00:00,2024-12-04 09:00:00
LG-001018,Deogarh Highway Freight Corridor Expansion,Highway,Odisha,Deogarh,USR-01001,35,4880.07,2634,3008,11469907881.17,2020-04-28,2024-04-27,Objection/Hearing,Active,2020-04-28 09:00:00,2020-07-21 09:00:00
LG-001019,Junagadh Railway Greenfield Connector,Railway,Gujarat,Junagadh,USR-00975,38,1530.84,114,218,11424432680.83,2023-06-21,2028-06-19,Legal Resolution,On Hold,2023-06-21 09:00:00,2024-02-20 09:00:00
LG-001020,Yadadri Bhuvanagiri Power Project Irrigation Modernization,Power Project,Telangana,Yadadri Bhuvanagiri,USR-00893,31,9618.8,4182,5881,69827923569.48,2024-12-13,2029-12-12,Final Handover,Active,2024-12-13 09:00:00,2025-06-04 09:00:00
LG-001021,Ramanagara Power Project Metro Line Extension,Power Project,Karnataka,Ramanagara,USR-00882,1,5479.17,4460,10445,55548349303.3,2023-01-26,2028-01-25,Possession,Active,2023-01-26 09:00:00,2023-10-14 09:00:00
LG-001022,East Kameng Water Supply Industrial Cluster Feeder,Water Supply,Arunachal Pradesh,East Kameng,USR-00877,1,1438.98,2674,4167,54620975096.93,2020-04-10,2025-04-09,R&R,Active,2020-04-10 09:00:00,2020-11-11 09:00:00
LG-001023,Kanyakumari Canal Industrial Cluster Feeder,Canal,Tamil Nadu,Kanyakumari,USR-00888,33,8032.96,2391,4823,53602968828.26,2018-12-14,2020-12-13,Land Identification,Active,2018-12-14 09:00:00,2019-07-19 09:00:00
LG-001024,Ahmedabad Dam Bypass Construction,Dam,Gujarat,Ahmedabad,USR-00886,7,625.74,3282,5714,38988587660.74,2023-12-15,2025-12-14,Final Handover,Completed,2023-12-15 09:00:00,2024-03-08 09:00:00
LG-001025,Shravasti Power Project Industrial Cluster Feeder,Power Project,Uttar Pradesh,Shravasti,USR-00910,30,7617.08,2346,3687,95104050282.06,2018-05-12,2023-05-11,Land Identification,Active,2018-05-12 09:00:00,2018-11-16 09:00:00
LG-001026,Sultanpur Power Project Smart City Water Network,Power Project,Uttar Pradesh,Sultanpur,USR-00919,24,9543.41,1772,3416,35702850769.68,2022-04-13,2026-04-12,Compensation,Active,2022-04-13 09:00:00,2022-08-24 09:00:00
LG-001027,Prayagraj Water Supply Industrial Cluster Feeder,Water Supply,Uttar Pradesh,Prayagraj,USR-00919,34,9587.66,3312,5087,57028609793.7,2018-11-28,2021-11-27,Compensation,Active,2018-11-28 09:00:00,2019-05-22 09:00:00
LG-001028,Raisen Canal Greenfield Connector,Canal,Madhya Pradesh,Raisen,USR-00878,22,2608.08,899,1553,12777381195.25,2020-04-17,2025-04-16,Legal Resolution,Active,2020-04-17 09:00:00,2021-01-04 09:00:00
LG-001029,Tirupati Railway Expressway Development,Railway,Andhra Pradesh,Tirupati,USR-00935,13,7405.1,4782,11946,48935362578.63,2020-11-23,2023-11-23,Approval,On Hold,2020-11-23 09:00:00,2021-08-06 09:00:00
LG-001030,Sambhal Airport Metro Line Extension,Airport,Uttar Pradesh,Sambhal,USR-00910,27,732.31,545,935,12047539793.41,2020-05-04,2024-05-03,Compensation,Completed,2020-05-04 09:00:00,2020-05-15 09:00:00
LG-001031,Gadchiroli Canal Smart City Water Network,Canal,Maharashtra,Gadchiroli,USR-00901,23,8614.31,4621,5724,29048818758.01,2022-01-21,2024-01-21,Legal Resolution,Completed,2022-01-21 09:00:00,2022-11-04 09:00:00
LG-001032,Bankura Highway Smart City Water Network,Highway,West Bengal,Bankura,USR-00873,14,9740.74,3429,5484,56393432545.98,2020-08-28,2026-08-27,Survey,Completed,2020-08-28 09:00:00,2020-11-20 09:00:00
LG-001033,Pithoragarh Highway Bypass Construction,Highway,Uttarakhand,Pithoragarh,USR-00977,28,6154.41,4346,9384,50014158984.18,2020-05-27,2023-05-27,R&R,Completed,2020-05-27 09:00:00,2021-03-22 09:00:00
LG-001034,Kannauj Railway Power Grid Link,Railway,Uttar Pradesh,Kannauj,USR-00919,5,3408.99,1136,1997,88995171574.83,2022-11-25,2028-11-23,Documentation,Completed,2022-11-25 09:00:00,2023-02-15 09:00:00
LG-001035,Wayanad Airport Irrigation Modernization,Airport,Kerala,Wayanad,USR-00937,26,9048.2,21,70,71838181805.21,2023-07-08,2027-07-07,Survey,Active,2023-07-08 09:00:00,2023-11-21 09:00:00
LG-001036,Seoni Canal Power Grid Link,Canal,Madhya Pradesh,Seoni,USR-00878,18,6095.78,2587,4188,4171838066.44,2020-06-20,2026-06-19,Approval,Cancelled,2020-06-20 09:00:00,2020-10-25 09:00:00
LG-001037,Kannauj Canal Industrial Cluster Feeder,Canal,Uttar Pradesh,Kannauj,USR-00919,19,3052.9,4525,7385,50715845457.09,2018-04-03,2020-04-02,Compensation,Completed,2018-04-03 09:00:00,2018-07-07 09:00:00
LG-001038,Chhatarpur Power Project Irrigation Modernization,Power Project,Madhya Pradesh,Chhatarpur,USR-00974,25,4399.9,2738,6817,85014185524.16,2022-06-16,2028-06-14,Approval,Active,2022-06-16 09:00:00,2022-08-01 09:00:00
LG-001039,Rajnandgaon Railway Bypass Construction,Railway,Chhattisgarh,Rajnandgaon,USR-00926,27,8323.2,1071,1952,77860577465.9,2024-05-25,2029-05-24,Approval,Active,2024-05-25 09:00:00,2024-09-16 09:00:00
LG-001040,Dholpur Industrial Corridor Power Grid Link,Industrial Corridor,Rajasthan,Dholpur,USR-00907,19,1297.85,2168,4509,90851957063.74,2024-06-05,2027-06-05,Objection/Hearing,Active,2024-06-05 09:00:00,2025-02-18 09:00:00
LG-001041,Shamli Canal Freight Corridor Expansion,Canal,Uttar Pradesh,Shamli,USR-00910,15,2738.73,3356,7662,42314342596.22,2022-03-09,2025-03-08,Documentation,Active,2022-03-09 09:00:00,2022-10-16 09:00:00
LG-001042,Khammam Power Project Smart City Water Network,Power Project,Telangana,Khammam,USR-00900,31,2954.16,4489,6915,96931324219.64,2023-01-28,2027-01-27,R&R,Completed,2023-01-28 09:00:00,2023-11-21 09:00:00
LG-001043,Jalore Dam Expressway Development,Dam,Rajasthan,Jalore,USR-01004,21,7576.79,4081,7006,86064761939.98,2019-04-02,2022-04-01,Objection/Hearing,Active,2019-04-02 09:00:00,2019-05-17 09:00:00
LG-001044,Darbhanga Industrial Corridor Power Grid Link,Industrial Corridor,Bihar,Darbhanga,USR-00978,19,202.6,3350,7987,73386963104.53,2021-07-10,2024-07-09,Notification,Completed,2021-07-10 09:00:00,2021-12-26 09:00:00
LG-001045,Kekri Power Project Industrial Cluster Feeder,Power Project,Rajasthan,Kekri,USR-00912,40,8178.29,4342,5538,43785119812.92,2022-07-26,2024-07-25,Approval,On Hold,2022-07-26 09:00:00,2023-04-13 09:00:00
LG-001046,Ganderbal Railway Industrial Cluster Feeder,Railway,Jammu and Kashmir,Ganderbal,USR-00939,11,1159.74,155,324,76485969059.51,2019-07-28,2023-07-27,Legal Resolution,Active,2019-07-28 09:00:00,2019-10-23 09:00:00
LG-001047,Baloda Bazar Metro Metro Line Extension,Metro,Chhattisgarh,Baloda Bazar,USR-00926,38,5281.57,4082,6295,19710684188.78,2019-10-10,2021-10-09,Possession,Active,2019-10-10 09:00:00,2020-08-01 09:00:00
LG-001048,Faridkot Metro Metro Line Extension,Metro,Punjab,Faridkot,USR-00957,28,2906.33,1420,3466,26125221910.11,2020-06-08,2024-06-07,Notification,Completed,2020-06-08 09:00:00,2020-07-10 09:00:00
LG-001049,Lucknow Highway Greenfield Connector,Highway,Uttar Pradesh,Lucknow,USR-00919,37,680.64,1572,2682,72107038678.29,2019-02-15,2023-02-14,Documentation,Completed,2019-02-15 09:00:00,2019-10-14 09:00:00
LG-001050,Auraiya Water Supply Freight Corridor Expansion,Water Supply,Uttar Pradesh,Auraiya,USR-00910,1,7539.81,2426,3796,88464226557.28,2022-08-17,2026-08-16,Land Identification,Active,2022-08-17 09:00:00,2023-04-03 09:00:00
LG-001051,Kumuram Bheem Power Project Bypass Construction,Power Project,Telangana,Kumuram Bheem,USR-00899,23,1181.03,3950,7501,46469278528.52,2019-09-14,2024-09-12,Approval,On Hold,2019-09-14 09:00:00,2019-10-29 09:00:00
LG-001052,Medak Highway Greenfield Connector,Highway,Telangana,Medak,USR-00945,21,5973.83,2060,2662,17623516134.29,2024-04-13,2028-04-12,Documentation,Active,2024-04-13 09:00:00,2024-08-13 09:00:00
LG-001053,Morena Urban Development Smart City Water Network,Urban Development,Madhya Pradesh,Morena,USR-00956,7,1350.99,1475,2328,98227239494.36,2022-11-18,2025-11-17,Possession,Completed,2022-11-18 09:00:00,2023-03-26 09:00:00
LG-001054,Thiruvananthapuram Urban Development Power Grid Link,Urban Development,Kerala,Thiruvananthapuram,USR-00937,17,2768.57,4357,7551,55593816880.02,2023-11-26,2027-11-25,Legal Resolution,Active,2023-11-26 09:00:00,2024-06-30 09:00:00
LG-001055,Firozabad Railway Freight Corridor Expansion,Railway,Uttar Pradesh,Firozabad,USR-00910,26,2100.85,3138,6699,71060235480.14,2023-06-03,2025-06-02,Possession,Active,2023-06-03 09:00:00,2023-12-21 09:00:00
LG-001056,Firozabad Industrial Corridor Freight Corridor Expansion,Industrial Corridor,Uttar Pradesh,Firozabad,USR-00919,7,8485.35,1403,2536,64131764282.72,2021-11-13,2023-11-13,Compensation,Active,2021-11-13 09:00:00,2022-01-07 09:00:00
LG-001057,Kheri Railway Greenfield Connector,Railway,Uttar Pradesh,Kheri,USR-00910,1,5506.65,2885,5326,58700571343.36,2022-12-05,2024-12-04,Possession,On Hold,2022-12-05 09:00:00,2023-08-13 09:00:00
LG-001058,Prayagraj Highway Freight Corridor Expansion,Highway,Uttar Pradesh,Prayagraj,USR-00919,23,3541.97,3432,7809,66881265803.98,2018-10-06,2023-10-05,Documentation,Cancelled,2018-10-06 09:00:00,2018-12-20 09:00:00
LG-001059,Puri Urban Development Industrial Cluster Feeder,Urban Development,Odisha,Puri,USR-01001,34,4159.77,3352,5742,7595136341.09,2022-02-12,2025-02-11,R&R,Completed,2022-02-12 09:00:00,2022-04-24 09:00:00
LG-001060,Kendrapara Railway Irrigation Modernization,Railway,Odisha,Kendrapara,USR-01001,17,3899.66,4150,9035,32684946492.85,2018-05-26,2023-05-25,Compensation,Active,2018-05-26 09:00:00,2018-09-26 09:00:00
LG-001061,Etah Urban Development Smart City Water Network,Urban Development,Uttar Pradesh,Etah,USR-00910,15,9244.13,661,1241,35718640362.55,2023-01-16,2026-01-15,Notification,Completed,2023-01-16 09:00:00,2023-10-23 09:00:00
LG-001062,Madurai Urban Development Bypass Construction,Urban Development,Tamil Nadu,Madurai,USR-00888,10,6801.69,3716,6233,7972947121.19,2024-04-22,2028-04-21,R&R,Active,2024-04-22 09:00:00,2024-08-15 09:00:00
LG-001063,Medak Industrial Corridor Industrial Cluster Feeder,Industrial Corridor,Telangana,Medak,USR-00893,35,2770.78,3330,5019,67809982598.22,2021-07-04,2027-07-03,Possession,Completed,2021-07-04 09:00:00,2021-10-14 09:00:00
LG-001064,Deoria Urban Development Smart City Water Network,Urban Development,Uttar Pradesh,Deoria,USR-00910,16,3509.03,2587,6029,37709439942.01,2022-09-15,2027-09-14,Approval,Completed,2022-09-15 09:00:00,2023-06-07 09:00:00
LG-001065,Mathura Metro Ring Road Phase II,Metro,Uttar Pradesh,Mathura,USR-00910,9,2054.62,2396,5001,52870298045.43,2018-01-14,2024-01-13,Possession,Active,2018-01-14 09:00:00,2018-06-26 09:00:00
LG-001066,Harda Highway Smart City Water Network,Highway,Madhya Pradesh,Harda,USR-00974,18,5166.43,371,643,78219614929.99,2023-11-24,2029-11-22,Compensation,Active,2023-11-24 09:00:00,2024-01-03 09:00:00
LG-001067,Rewa Highway Bypass Construction,Highway,Madhya Pradesh,Rewa,USR-00974,40,9607.97,2930,5495,89407129204.66,2020-01-09,2024-01-08,Notification,Active,2020-01-09 09:00:00,2020-04-13 09:00:00
LG-001068,Bhojpur Water Supply Power Grid Link,Water Supply,Bihar,Bhojpur,USR-00978,15,7054.79,4147,9301,26089011359.1,2019-08-09,2023-08-08,Documentation,Active,2019-08-09 09:00:00,2020-04-23 09:00:00
LG-001069,Karauli Railway Bypass Construction,Railway,Rajasthan,Karauli,USR-01004,36,1532.36,2885,5504,37757161366.32,2019-04-19,2024-04-17,Legal Resolution,Active,2019-04-19 09:00:00,2020-01-31 09:00:00
LG-001070,Shi Yomi Industrial Corridor Greenfield Connector,Industrial Corridor,Arunachal Pradesh,Shi Yomi,USR-00874,15,7490.51,3913,4848,26455367215.13,2019-08-24,2024-08-22,Notification,On Hold,2019-08-24 09:00:00,2020-06-12 09:00:00
LG-001071,Noney Highway Expressway Development,Highway,Manipur,Noney,USR-00961,30,6429.14,2949,5437,76073658836.24,2023-01-08,2025-01-07,Land Identification,On Hold,2023-01-08 09:00:00,2023-10-07 09:00:00
LG-001072,Barmer Canal Ring Road Phase II,Canal,Rajasthan,Barmer,USR-00943,32,2972.71,2068,3286,27634081859.04,2020-10-09,2026-10-08,Final Handover,Active,2020-10-09 09:00:00,2021-07-23 09:00:00
LG-001073,Vijayanagara Highway Industrial Cluster Feeder,Highway,Karnataka,Vijayanagara,USR-00882,7,7366.18,56,151,94845939887.79,2024-08-05,2028-08-04,R&R,Active,2024-08-05 09:00:00,2024-10-22 09:00:00
LG-001074,Sawai Madhopur Industrial Corridor Bypass Construction,Industrial Corridor,Rajasthan,Sawai Madhopur,USR-01004,28,3275.55,938,2146,89246290096.07,2018-09-21,2023-09-20,Survey,Completed,2018-09-21 09:00:00,2019-02-10 09:00:00
LG-001075,Longding Highway Bypass Construction,Highway,Arunachal Pradesh,Longding,USR-00877,18,3186.06,3845,5848,82027294494.24,2022-12-16,2024-12-15,Approval,Active,2022-12-16 09:00:00,2023-07-08 09:00:00
LG-001076,Tawang Water Supply Expressway Development,Water Supply,Arunachal Pradesh,Tawang,USR-00877,3,1776.29,3944,4439,23863921764.08,2021-03-08,2027-03-07,R&R,Active,2021-03-08 09:00:00,2021-10-14 09:00:00
LG-001077,Gonda Railway Irrigation Modernization,Railway,Uttar Pradesh,Gonda,USR-00910,7,8663.6,1489,3127,55854378468.34,2018-06-05,2022-06-04,Possession,Active,2018-06-05 09:00:00,2018-08-29 09:00:00
LG-001078,Narsinghpur Industrial Corridor Freight Corridor Expansion,Industrial Corridor,Madhya Pradesh,Narsinghpur,USR-00940,7,1985.51,440,730,75935142019.28,2020-04-21,2024-04-20,Approval,On Hold,2020-04-21 09:00:00,2020-09-10 09:00:00
LG-001079,Samastipur Water Supply Ring Road Phase II,Water Supply,Bihar,Samastipur,USR-01002,4,5012.33,3720,8791,88012694514.16,2021-04-17,2027-04-16,Legal Resolution,On Hold,2021-04-17 09:00:00,2021-08-05 09:00:00
LG-001080,Hoshiarpur Railway Expressway Development,Railway,Punjab,Hoshiarpur,USR-00957,8,3226.67,3013,7409,86942755032.23,2018-07-10,2020-07-09,Objection/Hearing,Active,2018-07-10 09:00:00,2018-08-26 09:00:00
LG-001081,Bareilly Railway Ring Road Phase II,Railway,Uttar Pradesh,Bareilly,USR-00910,13,9119.61,4322,8473,14182756979.03,2024-08-26,2026-08-26,Compensation,Active,2024-08-26 09:00:00,2025-03-07 09:00:00
LG-001082,Valsad Dam Industrial Cluster Feeder,Dam,Gujarat,Valsad,USR-00886,35,4789.55,3232,5743,12801928475.67,2024-04-14,2026-04-14,Documentation,Active,2024-04-14 09:00:00,2024-12-17 09:00:00
LG-001083,Phalodi Water Supply Freight Corridor Expansion,Water Supply,Rajasthan,Phalodi,USR-01004,18,415.7,227,342,63960478350.81,2023-04-24,2026-04-23,Land Identification,Active,2023-04-24 09:00:00,2023-10-22 09:00:00
LG-001084,West Karbi Anglong Highway Industrial Cluster Feeder,Highway,Assam,West Karbi Anglong,USR-00967,2,5984.75,2966,4217,38070355590.6,2023-12-22,2028-12-20,Land Identification,Completed,2023-12-22 09:00:00,2024-08-09 09:00:00
LG-001085,Charaideo Canal Power Grid Link,Canal,Assam,Charaideo,USR-00967,6,6406.5,2974,4609,10952163848.14,2024-07-09,2030-07-08,Legal Resolution,Active,2024-07-09 09:00:00,2024-08-26 09:00:00
LG-001086,Shahid Bhagat Singh Nagar Power Project Smart City Water Network,Power Project,Punjab,Shahid Bhagat Singh Nagar,USR-00957,5,8639.86,925,2319,66560904614.05,2021-04-12,2026-04-11,Possession,Active,2021-04-12 09:00:00,2021-11-04 09:00:00
LG-001087,Baran Highway Freight Corridor Expansion,Highway,Rajasthan,Baran,USR-00907,20,7290.62,4796,6210,12761256738.94,2022-11-21,2024-11-20,Documentation,Active,2022-11-21 09:00:00,2023-06-26 09:00:00
LG-001088,Cuddalore Railway Smart City Water Network,Railway,Tamil Nadu,Cuddalore,USR-00888,37,5647.66,3124,3598,30008827459.44,2023-06-16,2027-06-15,Possession,Completed,2023-06-16 09:00:00,2024-03-31 09:00:00
LG-001089,Agra Industrial Corridor Industrial Cluster Feeder,Industrial Corridor,Uttar Pradesh,Agra,USR-00910,19,4034.48,4738,7600,23036982608.81,2024-10-05,2026-10-05,Documentation,Completed,2024-10-05 09:00:00,2025-03-08 09:00:00
LG-001090,Murshidabad Power Project Irrigation Modernization,Power Project,West Bengal,Murshidabad,USR-00918,1,7032.33,413,519,79918525131.08,2019-07-26,2024-07-24,Compensation,Active,2019-07-26 09:00:00,2020-01-27 09:00:00
LG-001091,Amritsar Highway Power Grid Link,Highway,Punjab,Amritsar,USR-00957,23,6408.6,4029,9024,28252493654.61,2020-09-18,2025-09-17,Notification,Completed,2020-09-18 09:00:00,2021-02-24 09:00:00
LG-001092,Damoh Railway Metro Line Extension,Railway,Madhya Pradesh,Damoh,USR-00940,36,138.26,717,1252,49541624351.92,2020-09-02,2022-09-02,Compensation,Active,2020-09-02 09:00:00,2021-04-09 09:00:00
LG-001093,Deoria Railway Greenfield Connector,Railway,Uttar Pradesh,Deoria,USR-00910,20,8399.33,4519,7472,35921773843.67,2020-09-20,2025-09-19,Possession,Active,2020-09-20 09:00:00,2021-02-25 09:00:00
LG-001094,Hassan Power Project Smart City Water Network,Power Project,Karnataka,Hassan,USR-00934,23,7818.8,3893,6123,23786367346.39,2022-01-03,2027-01-02,Compensation,Active,2022-01-03 09:00:00,2022-10-19 09:00:00
LG-001095,Nagpur Urban Development Smart City Water Network,Urban Development,Maharashtra,Nagpur,USR-00875,31,4898.02,3343,7025,39886095187.13,2022-04-09,2025-04-08,Approval,Active,2022-04-09 09:00:00,2022-08-27 09:00:00
LG-001096,Sivasagar Highway Freight Corridor Expansion,Highway,Assam,Sivasagar,USR-00967,38,7527.85,2865,6351,92459018945.58,2023-11-15,2026-11-14,Approval,Active,2023-11-15 09:00:00,2024-03-05 09:00:00
LG-001097,East Siang Highway Metro Line Extension,Highway,Arunachal Pradesh,East Siang,USR-00944,12,368.19,124,342,57382713444.53,2018-10-08,2024-10-06,Legal Resolution,Active,2018-10-08 09:00:00,2019-04-14 09:00:00
LG-001098,Nainital Urban Development Bypass Construction,Urban Development,Uttarakhand,Nainital,USR-01015,37,6286.7,1203,2228,92160190885.39,2023-12-03,2029-12-01,Survey,Active,2023-12-03 09:00:00,2024-09-17 09:00:00
LG-001099,Hardoi Metro Power Grid Link,Metro,Uttar Pradesh,Hardoi,USR-00919,15,8432.47,11,46,45285978197.62,2023-04-17,2027-04-16,Final Handover,Active,2023-04-17 09:00:00,2023-11-01 09:00:00
LG-001100,Khammam Railway Irrigation Modernization,Railway,Telangana,Khammam,USR-00941,35,5843.26,3495,3898,54717077734.49,2018-02-08,2020-02-08,R&R,Completed,2018-02-08 09:00:00,2018-05-28 09:00:00
LG-001101,Mauganj Railway Expressway Development,Railway,Madhya Pradesh,Mauganj,USR-00974,35,8407.44,4725,6071,94093766314.76,2024-10-14,2029-10-13,R&R,Active,2024-10-14 09:00:00,2025-03-30 09:00:00
LG-001102,Sukma Water Supply Bypass Construction,Water Supply,Chhattisgarh,Sukma,USR-00926,2,2302.36,328,411,72649503153.73,2023-10-14,2027-10-13,Documentation,Active,2023-10-14 09:00:00,2024-04-21 09:00:00
LG-001103,Kanker Metro Metro Line Extension,Metro,Chhattisgarh,Kanker,USR-00911,14,2690.61,2394,5417,37586886749.52,2021-11-09,2026-11-08,Possession,Active,2021-11-09 09:00:00,2022-02-23 09:00:00
LG-001104,Palamu Industrial Corridor Ring Road Phase II,Industrial Corridor,Jharkhand,Palamu,USR-01000,31,7136.94,3416,4253,22389522575.03,2022-12-02,2027-12-01,Documentation,Completed,2022-12-02 09:00:00,2022-12-28 09:00:00
LG-001105,Bundi Water Supply Ring Road Phase II,Water Supply,Rajasthan,Bundi,USR-01018,15,9435.32,3929,5810,59608355537.57,2024-04-19,2029-04-18,R&R,On Hold,2024-04-19 09:00:00,2024-07-07 09:00:00
LG-001106,Sangareddy Water Supply Bypass Construction,Water Supply,Telangana,Sangareddy,USR-00945,5,5553.23,4251,8209,60571950435.11,2023-07-18,2025-07-17,Survey,On Hold,2023-07-18 09:00:00,2023-08-20 09:00:00
LG-001107,Ranipet Highway Freight Corridor Expansion,Highway,Tamil Nadu,Ranipet,USR-00976,16,3629.34,4188,6029,25561427580.49,2021-12-19,2026-12-18,Legal Resolution,Active,2021-12-19 09:00:00,2022-05-14 09:00:00
LG-001108,Raichur Canal Power Grid Link,Canal,Karnataka,Raichur,USR-00882,16,8889.52,593,968,59974585925.56,2022-04-05,2027-04-04,R&R,Active,2022-04-05 09:00:00,2022-05-26 09:00:00
LG-001109,Unnao Power Project Expressway Development,Power Project,Uttar Pradesh,Unnao,USR-00919,28,3798.33,2363,4319,28608990444.06,2021-01-22,2024-01-22,Notification,Completed,2021-01-22 09:00:00,2021-04-26 09:00:00
LG-001110,Amroha Highway Greenfield Connector,Highway,Uttar Pradesh,Amroha,USR-00919,22,4801.19,452,866,54859881632.03,2023-01-07,2028-01-06,Documentation,Active,2023-01-07 09:00:00,2023-04-13 09:00:00
LG-001111,Churu Urban Development Industrial Cluster Feeder,Urban Development,Rajasthan,Churu,USR-00907,23,611.3,3906,4303,56116553680.89,2024-04-28,2028-04-27,R&R,Active,2024-04-28 09:00:00,2024-12-29 09:00:00
LG-001112,Dudu Dam Ring Road Phase II,Dam,Rajasthan,Dudu,USR-00907,2,1573.73,682,1667,95485076136.09,2020-03-22,2022-03-22,Objection/Hearing,Completed,2020-03-22 09:00:00,2020-04-20 09:00:00
LG-001113,Beed Dam Irrigation Modernization,Dam,Maharashtra,Beed,USR-00901,7,957.89,2303,5336,37010452062.85,2021-09-12,2026-09-11,Survey,Completed,2021-09-12 09:00:00,2022-06-25 09:00:00
LG-001114,Latehar Railway Power Grid Link,Railway,Jharkhand,Latehar,USR-01000,16,205.23,3339,5159,61937555864.03,2019-10-02,2022-10-01,Possession,Active,2019-10-02 09:00:00,2019-12-28 09:00:00
LG-001115,Mandsaur Industrial Corridor Expressway Development,Industrial Corridor,Madhya Pradesh,Mandsaur,USR-00956,27,8859.58,370,578,29120691855.83,2024-02-07,2030-02-05,Compensation,Active,2024-02-07 09:00:00,2024-04-29 09:00:00
LG-001116,Ballia Highway Expressway Development,Highway,Uttar Pradesh,Ballia,USR-00910,27,1185.46,929,2066,82022269304.86,2022-12-20,2026-12-19,Land Identification,Active,2022-12-20 09:00:00,2023-07-29 09:00:00
LG-001117,Srikakulam Dam Smart City Water Network,Dam,Andhra Pradesh,Srikakulam,USR-00935,10,4084.99,1647,3629,89346617961.25,2018-09-28,2022-09-27,Survey,Active,2018-09-28 09:00:00,2018-10-11 09:00:00
LG-001118,Muzaffarpur Water Supply Expressway Development,Water Supply,Bihar,Muzaffarpur,USR-01002,20,1951.37,2892,5045,92940961857.45,2018-07-11,2024-07-09,Documentation,Active,2018-07-11 09:00:00,2018-10-25 09:00:00
LG-001119,Baksa Railway Industrial Cluster Feeder,Railway,Assam,Baksa,USR-00909,11,9763.01,4854,10821,88294133390.58,2024-11-25,2030-11-24,Land Identification,Active,2024-11-25 09:00:00,2025-03-15 09:00:00
LG-001120,West Kameng Water Supply Power Grid Link,Water Supply,Arunachal Pradesh,West Kameng,USR-00877,10,9159.77,3006,3429,48838468259.1,2023-05-03,2026-05-02,R&R,Active,2023-05-03 09:00:00,2023-09-07 09:00:00
LG-001121,Kanpur Dehat Industrial Corridor Industrial Cluster Feeder,Industrial Corridor,Uttar Pradesh,Kanpur Dehat,USR-00910,35,1082.7,1221,2657,651745781.81,2018-06-14,2023-06-13,R&R,Active,2018-06-14 09:00:00,2019-01-19 09:00:00
LG-001122,Medchal-Malkajgiri Industrial Corridor Metro Line Extension,Industrial Corridor,Telangana,Medchal-Malkajgiri,USR-00899,33,344.15,2408,5523,76852954680.96,2018-07-10,2023-07-09,Objection/Hearing,Completed,2018-07-10 09:00:00,2018-11-16 09:00:00
LG-001123,Khawzawl Railway Industrial Cluster Feeder,Railway,Mizoram,Khawzawl,USR-00915,21,2276.93,926,1988,56748863301.49,2018-03-01,2024-02-28,Documentation,Active,2018-03-01 09:00:00,2018-08-08 09:00:00
LG-001124,Darbhanga Canal Bypass Construction,Canal,Bihar,Darbhanga,USR-01008,38,6915.51,3284,4717,43422853912.28,2023-03-15,2026-03-14,Objection/Hearing,Completed,2023-03-15 09:00:00,2023-06-08 09:00:00
LG-001125,Cuttack Railway Freight Corridor Expansion,Railway,Odisha,Cuttack,USR-00933,12,3874.36,1500,2002,97653058992.59,2018-07-04,2024-07-02,Objection/Hearing,Active,2018-07-04 09:00:00,2018-08-24 09:00:00
LG-001126,Champhai Power Project Bypass Construction,Power Project,Mizoram,Champhai,USR-01017,1,5405.48,3015,5707,14109267320.77,2019-04-21,2022-04-20,Legal Resolution,Active,2019-04-21 09:00:00,2019-06-10 09:00:00
LG-001127,Sukma Highway Freight Corridor Expansion,Highway,Chhattisgarh,Sukma,USR-00968,9,8429.96,4518,5263,71685254728.41,2023-07-04,2029-07-02,Final Handover,Active,2023-07-04 09:00:00,2023-08-15 09:00:00
LG-001128,Kolhapur Urban Development Expressway Development,Urban Development,Maharashtra,Kolhapur,USR-00955,12,1445.07,3876,4901,71034921582.84,2021-08-21,2025-08-20,Survey,Active,2021-08-21 09:00:00,2022-06-17 09:00:00
LG-001129,Singrauli Power Project Power Grid Link,Power Project,Madhya Pradesh,Singrauli,USR-00940,24,6110.95,1375,2173,4835390151.32,2018-02-28,2021-02-27,Survey,Active,2018-02-28 09:00:00,2018-10-20 09:00:00
LG-001130,Kekri Urban Development Industrial Cluster Feeder,Urban Development,Rajasthan,Kekri,USR-00943,10,2438.21,2619,4334,12982290995.41,2024-01-23,2027-01-22,Land Identification,Active,2024-01-23 09:00:00,2024-08-05 09:00:00
LG-001131,Chennai Metro Greenfield Connector,Metro,Tamil Nadu,Chennai,USR-00888,4,7361.32,1789,2945,56868744860.76,2021-03-10,2024-03-09,Survey,Active,2021-03-10 09:00:00,2021-08-15 09:00:00
LG-001132,Baksa Water Supply Metro Line Extension,Water Supply,Assam,Baksa,USR-00967,5,9225.61,4480,7278,79748873093.22,2022-10-02,2025-10-01,Survey,Active,2022-10-02 09:00:00,2023-04-15 09:00:00
LG-001133,Ratlam Highway Smart City Water Network,Highway,Madhya Pradesh,Ratlam,USR-00878,29,3574.8,4382,9051,58556595267.55,2022-08-22,2027-08-21,Survey,Active,2022-08-22 09:00:00,2023-02-16 09:00:00
LG-001134,Salumbar Railway Expressway Development,Railway,Rajasthan,Salumbar,USR-01004,13,6391.68,3045,6755,8059758766.05,2020-01-11,2026-01-09,Compensation,Completed,2020-01-11 09:00:00,2020-05-31 09:00:00
LG-001135,Kendujhar Highway Power Grid Link,Highway,Odisha,Kendujhar,USR-00933,37,6185.25,1030,1193,50771312192.96,2018-05-28,2022-05-27,Possession,Active,2018-05-28 09:00:00,2018-06-25 09:00:00
LG-001136,Kanpur Nagar Railway Freight Corridor Expansion,Railway,Uttar Pradesh,Kanpur Nagar,USR-00919,5,1214.86,4642,8704,98260768409.25,2024-05-02,2027-05-02,Final Handover,Active,2024-05-02 09:00:00,2025-02-06 09:00:00
LG-001137,Pudukkottai Highway Metro Line Extension,Highway,Tamil Nadu,Pudukkottai,USR-00976,22,6605.53,49,100,51993628513.55,2024-02-05,2028-02-04,Notification,Active,2024-02-05 09:00:00,2024-09-27 09:00:00
LG-001138,Mohla-Manpur-Ambagarh Chowki Canal Irrigation Modernization,Canal,Chhattisgarh,Mohla-Manpur-Ambagarh Chowki,USR-00968,27,6338.59,479,688,14678025488.72,2023-08-24,2029-08-22,Documentation,Active,2023-08-24 09:00:00,2024-04-29 09:00:00
LG-001139,Karimganj Canal Greenfield Connector,Canal,Assam,Karimganj,USR-00967,16,8222.5,1580,3589,68935614670.18,2020-05-11,2022-05-11,R&R,Active,2020-05-11 09:00:00,2020-10-20 09:00:00
LG-001140,Kallakurichi Highway Ring Road Phase II,Highway,Tamil Nadu,Kallakurichi,USR-00976,16,4329.5,1650,3750,13144984140.18,2019-05-21,2025-05-19,Final Handover,Active,2019-05-21 09:00:00,2019-09-21 09:00:00
LG-001141,Kra Daadi Dam Metro Line Extension,Dam,Arunachal Pradesh,Kra Daadi,USR-00874,13,4398.18,2027,5027,57510127902.52,2020-11-22,2022-11-22,Survey,Active,2020-11-22 09:00:00,2021-03-17 09:00:00
LG-001142,Pratapgarh Urban Development Irrigation Modernization,Urban Development,Rajasthan,Pratapgarh,USR-01018,15,4117.06,102,157,46481399804.26,2020-09-01,2024-08-31,Compensation,Active,2020-09-01 09:00:00,2020-10-29 09:00:00
LG-001143,Shravasti Industrial Corridor Power Grid Link,Industrial Corridor,Uttar Pradesh,Shravasti,USR-00919,14,9706.66,2357,3449,89567679765.78,2019-03-10,2025-03-08,Survey,Completed,2019-03-10 09:00:00,2019-06-15 09:00:00
LG-001144,Jodhpur Canal Metro Line Extension,Canal,Rajasthan,Jodhpur,USR-00907,1,3868.01,3776,5673,80230856912.25,2022-09-06,2024-09-05,Survey,Cancelled,2022-09-06 09:00:00,2022-12-26 09:00:00
LG-001145,Shajapur Highway Irrigation Modernization,Highway,Madhya Pradesh,Shajapur,USR-00878,24,8050.84,4552,8321,37659882249.08,2019-05-01,2022-04-30,Approval,Active,2019-05-01 09:00:00,2019-08-18 09:00:00
LG-001146,Kallakurichi Industrial Corridor Ring Road Phase II,Industrial Corridor,Tamil Nadu,Kallakurichi,USR-00976,19,1113.82,3968,5141,60658830035.02,2024-12-08,2026-12-08,Land Identification,Completed,2024-12-08 09:00:00,2025-03-02 09:00:00
LG-001147,Wardha Highway Power Grid Link,Highway,Maharashtra,Wardha,USR-00885,22,6076.8,2016,3609,70608123261.96,2019-04-03,2024-04-01,Notification,Active,2019-04-03 09:00:00,2019-07-27 09:00:00
LG-001148,Bhilwara Highway Smart City Water Network,Highway,Rajasthan,Bhilwara,USR-00907,14,6754.65,1686,3968,67475227363.67,2023-06-17,2025-06-16,R&R,Active,2023-06-17 09:00:00,2023-08-22 09:00:00
LG-001149,Siddharthnagar Industrial Corridor Ring Road Phase II,Industrial Corridor,Uttar Pradesh,Siddharthnagar,USR-00910,23,5345.38,4294,10305,74055394637.0,2022-01-03,2026-01-02,Final Handover,Active,2022-01-03 09:00:00,2022-05-31 09:00:00
LG-001150,Shahdol Railway Bypass Construction,Railway,Madhya Pradesh,Shahdol,USR-00940,36,6945.44,2564,4530,92779513942.55,2020-10-16,2023-10-16,R&R,Active,2020-10-16 09:00:00,2020-10-29 09:00:00
LG-001151,Chamoli Highway Industrial Cluster Feeder,Highway,Uttarakhand,Chamoli,USR-01015,15,8836.39,615,1559,97849485601.92,2019-08-17,2024-08-15,Documentation,Active,2019-08-17 09:00:00,2019-09-03 09:00:00
LG-001152,Muzaffarnagar Power Project Power Grid Link,Power Project,Uttar Pradesh,Muzaffarnagar,USR-00919,11,5656.15,3024,6218,78086495861.8,2022-06-21,2024-06-20,Land Identification,Cancelled,2022-06-21 09:00:00,2022-12-28 09:00:00
LG-001153,Junagadh Metro Industrial Cluster Feeder,Metro,Gujarat,Junagadh,USR-00886,28,7810.23,2925,3227,70448193841.28,2023-07-15,2025-07-14,Possession,Active,2023-07-15 09:00:00,2023-08-07 09:00:00
LG-001154,Karbi Anglong Metro Ring Road Phase II,Metro,Assam,Karbi Anglong,USR-00909,29,8788.87,508,1007,87695424784.75,2024-05-15,2028-05-14,Final Handover,Completed,2024-05-15 09:00:00,2025-02-06 09:00:00
LG-001155,Gopalganj Industrial Corridor Bypass Construction,Industrial Corridor,Bihar,Gopalganj,USR-01008,38,546.98,2612,5177,24267590230.34,2023-12-19,2027-12-18,Approval,Active,2023-12-19 09:00:00,2024-07-03 09:00:00
LG-001156,West Godavari Water Supply Expressway Development,Water Supply,Andhra Pradesh,West Godavari,USR-00935,6,3337.9,4880,6345,91869985895.54,2019-12-20,2021-12-19,Approval,Active,2019-12-20 09:00:00,2020-01-27 09:00:00
LG-001157,Bhojpur Highway Industrial Cluster Feeder,Highway,Bihar,Bhojpur,USR-01005,33,6243.5,3285,4229,25463417825.6,2024-11-23,2026-11-23,Compensation,Active,2024-11-23 09:00:00,2025-01-16 09:00:00
LG-001158,Virudhunagar Railway Power Grid Link,Railway,Tamil Nadu,Virudhunagar,USR-00976,28,1670.42,3121,6048,52109796702.7,2019-09-10,2021-09-09,Possession,Active,2019-09-10 09:00:00,2020-03-13 09:00:00
LG-001159,Kokrajhar Urban Development Metro Line Extension,Urban Development,Assam,Kokrajhar,USR-01014,17,8319.32,3762,6566,67337807753.88,2022-04-23,2026-04-22,Possession,Active,2022-04-23 09:00:00,2022-08-18 09:00:00
LG-001160,Chhindwara Highway Smart City Water Network,Highway,Madhya Pradesh,Chhindwara,USR-00982,36,5575.12,3174,3982,58647802756.51,2022-03-08,2027-03-07,Approval,On Hold,2022-03-08 09:00:00,2022-07-28 09:00:00
LG-001161,Jaunpur Airport Smart City Water Network,Airport,Uttar Pradesh,Jaunpur,USR-00910,26,9440.74,3146,4720,17707572887.52,2019-06-21,2021-06-20,Documentation,Completed,2019-06-21 09:00:00,2019-08-01 09:00:00
LG-001162,Dibang Valley Dam Bypass Construction,Dam,Arunachal Pradesh,Dibang Valley,USR-00877,23,5496.03,1873,3106,70388834682.41,2020-08-08,2026-08-07,Approval,Active,2020-08-08 09:00:00,2020-11-10 09:00:00
LG-001163,Gautam Buddha Nagar Dam Ring Road Phase II,Dam,Uttar Pradesh,Gautam Buddha Nagar,USR-00910,20,2770.33,2588,5277,46398339270.27,2022-11-14,2026-11-13,Legal Resolution,Active,2022-11-14 09:00:00,2023-05-03 09:00:00
LG-001164,Shivamogga Water Supply Industrial Cluster Feeder,Water Supply,Karnataka,Shivamogga,USR-00924,29,8207.87,2583,4272,23709148269.27,2019-11-21,2023-11-20,Possession,Active,2019-11-21 09:00:00,2019-12-08 09:00:00
LG-001165,Nalanda Highway Metro Line Extension,Highway,Bihar,Nalanda,USR-00979,27,2782.19,124,227,80929800900.6,2024-01-05,2029-01-03,Compensation,Active,2024-01-05 09:00:00,2024-03-16 09:00:00
LG-001166,Khammam Power Project Expressway Development,Power Project,Telangana,Khammam,USR-00899,12,7505.2,4375,10669,40208509559.49,2020-01-22,2024-01-21,Approval,Completed,2020-01-22 09:00:00,2020-10-18 09:00:00
LG-001167,Shahpura Power Project Power Grid Link,Power Project,Rajasthan,Shahpura,USR-00912,7,6087.95,2348,5034,63300801838.33,2023-02-27,2028-02-26,Land Identification,Active,2023-02-27 09:00:00,2023-06-02 09:00:00
LG-001168,Lucknow Industrial Corridor Irrigation Modernization,Industrial Corridor,Uttar Pradesh,Lucknow,USR-00919,11,8159.38,2036,3540,12418357130.34,2024-10-15,2026-10-15,Survey,Active,2024-10-15 09:00:00,2025-08-01 09:00:00
LG-001169,Amethi Water Supply Expressway Development,Water Supply,Uttar Pradesh,Amethi,USR-00910,3,6119.83,3254,6590,23625624892.61,2022-05-08,2024-05-07,Land Identification,Active,2022-05-08 09:00:00,2022-09-28 09:00:00
LG-001170,Farrukhabad Railway Smart City Water Network,Railway,Uttar Pradesh,Farrukhabad,USR-00910,20,5831.81,3241,4745,24807193226.94,2020-05-09,2026-05-08,Objection/Hearing,Active,2020-05-09 09:00:00,2020-08-14 09:00:00
LG-001171,Shivamogga Airport Ring Road Phase II,Airport,Karnataka,Shivamogga,USR-00924,27,251.08,3137,7513,89545590493.65,2024-11-06,2030-11-05,Objection/Hearing,Active,2024-11-06 09:00:00,2025-05-12 09:00:00
LG-001172,Ahmedabad Canal Irrigation Modernization,Canal,Gujarat,Ahmedabad,USR-00975,18,1723.77,3657,5067,70034953954.91,2018-11-18,2023-11-17,Documentation,Completed,2018-11-18 09:00:00,2018-12-15 09:00:00
LG-001173,Baghpat Urban Development Freight Corridor Expansion,Urban Development,Uttar Pradesh,Baghpat,USR-00910,29,5751.74,819,1395,55625698078.18,2021-07-21,2024-07-20,Compensation,Active,2021-07-21 09:00:00,2021-11-03 09:00:00
LG-001174,Fatehpur Highway Industrial Cluster Feeder,Highway,Uttar Pradesh,Fatehpur,USR-00910,28,3188.72,1137,2158,63065813713.48,2023-01-03,2026-01-02,Compensation,Active,2023-01-03 09:00:00,2023-05-21 09:00:00
LG-001175,Ganderbal Power Project Smart City Water Network,Power Project,Jammu and Kashmir,Ganderbal,USR-00876,4,20.01,3902,7639,57797618663.71,2019-07-07,2023-07-06,Documentation,Active,2019-07-07 09:00:00,2020-04-19 09:00:00
LG-001176,Pandhurna Highway Bypass Construction,Highway,Madhya Pradesh,Pandhurna,USR-00982,3,2598.94,1971,4393,30726371118.42,2019-09-02,2025-08-31,Compensation,On Hold,2019-09-02 09:00:00,2020-06-17 09:00:00
LG-001177,Rajgarh Canal Ring Road Phase II,Canal,Madhya Pradesh,Rajgarh,USR-00982,9,7261.3,3682,8477,58750730226.19,2023-02-24,2027-02-23,Notification,Active,2023-02-24 09:00:00,2023-07-17 09:00:00
LG-001178,Bhadohi Canal Expressway Development,Canal,Uttar Pradesh,Bhadohi,USR-00919,13,4237.58,2696,6481,52047488197.95,2020-11-02,2025-11-01,Documentation,Active,2020-11-02 09:00:00,2021-06-27 09:00:00
LG-001179,Indore Highway Smart City Water Network,Highway,Madhya Pradesh,Indore,USR-00878,10,6994.5,1963,3463,96805696743.09,2023-05-25,2028-05-23,Legal Resolution,Active,2023-05-25 09:00:00,2024-02-20 09:00:00
LG-001180,Sant Kabir Nagar Industrial Corridor Industrial Cluster Feeder,Industrial Corridor,Uttar Pradesh,Sant Kabir Nagar,USR-00910,14,8532.33,3866,8031,11372299121.64,2020-09-05,2026-09-04,Survey,Active,2020-09-05 09:00:00,2021-03-12 09:00:00
LG-001181,Kanpur Nagar Canal Bypass Construction,Canal,Uttar Pradesh,Kanpur Nagar,USR-00919,2,88.92,523,1065,61041045031.7,2022-03-17,2025-03-16,Land Identification,Active,2022-03-17 09:00:00,2022-10-09 09:00:00
LG-001182,Gondia Highway Smart City Water Network,Highway,Maharashtra,Gondia,USR-00875,6,708.07,4623,10892,70729048032.28,2018-08-27,2020-08-26,Approval,Active,2018-08-27 09:00:00,2019-03-05 09:00:00
LG-001183,Baghpat Water Supply Irrigation Modernization,Water Supply,Uttar Pradesh,Baghpat,USR-00919,9,4777.75,392,918,30180552722.9,2024-04-09,2030-04-08,Approval,Active,2024-04-09 09:00:00,2024-07-02 09:00:00
LG-001184,Bahraich Highway Metro Line Extension,Highway,Uttar Pradesh,Bahraich,USR-00910,22,9741.85,2902,4671,52125090746.02,2023-07-26,2026-07-25,Objection/Hearing,Completed,2023-07-26 09:00:00,2024-04-23 09:00:00
LG-001185,Jamui Dam Irrigation Modernization,Dam,Bihar,Jamui,USR-01005,27,8292.97,3443,8125,89289273745.06,2020-10-09,2023-10-09,Objection/Hearing,Completed,2020-10-09 09:00:00,2021-02-14 09:00:00
LG-001186,Moradabad Metro Smart City Water Network,Metro,Uttar Pradesh,Moradabad,USR-00910,10,5052.44,2996,4119,24913683848.4,2021-10-06,2023-10-06,Notification,Active,2021-10-06 09:00:00,2022-05-19 09:00:00
LG-001187,Koraput Dam Expressway Development,Dam,Odisha,Koraput,USR-01001,20,6771.44,2231,2762,53398812724.94,2024-07-09,2027-07-09,Land Identification,Active,2024-07-09 09:00:00,2024-09-07 09:00:00
LG-001188,Gorakhpur Dam Freight Corridor Expansion,Dam,Uttar Pradesh,Gorakhpur,USR-00910,16,2272.12,2819,4372,63738563247.01,2024-07-05,2030-07-04,Compensation,Cancelled,2024-07-05 09:00:00,2025-01-28 09:00:00
LG-001189,Chhindwara Urban Development Irrigation Modernization,Urban Development,Madhya Pradesh,Chhindwara,USR-00878,7,9927.47,1301,1839,40366500510.68,2018-01-05,2023-01-04,Objection/Hearing,Cancelled,2018-01-05 09:00:00,2018-03-21 09:00:00
LG-001190,Meerut Power Project Freight Corridor Expansion,Power Project,Uttar Pradesh,Meerut,USR-00919,17,1335.65,2510,5347,9906870527.55,2020-10-06,2023-10-06,Legal Resolution,Active,2020-10-06 09:00:00,2020-11-05 09:00:00
LG-001191,Shajapur Water Supply Industrial Cluster Feeder,Water Supply,Madhya Pradesh,Shajapur,USR-00878,38,2955.54,4616,11293,58770482005.74,2020-06-15,2025-06-14,Documentation,Active,2020-06-15 09:00:00,2020-12-30 09:00:00
LG-001192,Palnadu Highway Ring Road Phase II,Highway,Andhra Pradesh,Palnadu,USR-00935,31,5657.16,4333,9706,50895978209.1,2018-03-18,2022-03-17,R&R,Active,2018-03-18 09:00:00,2018-07-05 09:00:00
LG-001193,Muzaffarnagar Dam Ring Road Phase II,Dam,Uttar Pradesh,Muzaffarnagar,USR-00910,6,6458.44,1662,3299,47990518456.17,2021-02-28,2025-02-27,R&R,Active,2021-02-28 09:00:00,2021-09-17 09:00:00
LG-001194,Begusarai Industrial Corridor Power Grid Link,Industrial Corridor,Bihar,Begusarai,USR-00978,19,8226.4,3881,7988,95840901230.58,2022-05-10,2024-05-09,Legal Resolution,On Hold,2022-05-10 09:00:00,2022-08-30 09:00:00
LG-001195,Chhindwara Airport Metro Line Extension,Airport,Madhya Pradesh,Chhindwara,USR-00940,33,8004.4,2491,3976,56107235202.49,2021-01-03,2024-01-03,Possession,On Hold,2021-01-03 09:00:00,2021-06-05 09:00:00
LG-001196,Sonbhadra Canal Greenfield Connector,Canal,Uttar Pradesh,Sonbhadra,USR-00919,14,5262.55,2460,3059,15499777322.01,2024-06-26,2028-06-25,Documentation,Cancelled,2024-06-26 09:00:00,2024-10-06 09:00:00
LG-001197,Sonbhadra Industrial Corridor Metro Line Extension,Industrial Corridor,Uttar Pradesh,Sonbhadra,USR-00919,2,6921.28,4402,7441,27628985229.19,2019-10-22,2023-10-21,Possession,Active,2019-10-22 09:00:00,2019-11-02 09:00:00
LG-001198,Jhunjhunu Canal Ring Road Phase II,Canal,Rajasthan,Jhunjhunu,USR-00907,20,283.66,2097,2860,99947686156.0,2020-01-01,2025-12-30,Survey,Completed,2020-01-01 09:00:00,2020-04-04 09:00:00
LG-001199,Ariyalur Railway Greenfield Connector,Railway,Tamil Nadu,Ariyalur,USR-00888,17,7326.53,1001,2395,51816885858.92,2023-11-22,2028-11-20,Final Handover,Active,2023-11-22 09:00:00,2024-09-11 09:00:00
LG-001200,Raigad Urban Development Freight Corridor Expansion,Urban Development,Maharashtra,Raigad,USR-00955,39,1400.98,98,134,30156554136.37,2020-06-07,2022-06-07,Land Identification,Active,2020-06-07 09:00:00,2020-08-04 09:00:00
