rr_id,project_id,affected_families,families_eligible,families_rehabilitated,families_pending,houses_required,houses_completed,rr_budget,rr_spent,rr_completion_percentage,rr_status
RR-000001,LG-000001,2172,2108,2093,15,2108,2093,13580189361.45,13483556135.44,99.29,In Progress
RR-000002,LG-000002,2565,2462,861,1601,2462,738,5950721641.09,2081060655.15,34.97,Delayed
RR-000003,LG-000003,832,668,646,22,668,646,1497025898.58,1447722650.42,96.71,In Progress
RR-000004,LG-000004,709,639,351,288,639,319,11169217654.42,6135204063.7,54.93,In Progress
RR-000005,LG-000005,3880,3209,2763,446,3209,2763,11382979059.75,9800925877.87,86.1,In Progress
RR-000006,LG-000006,4522,3786,2082,1704,3786,1893,4543414854.72,2498518153.07,54.99,In Progress
RR-000007,LG-000007,4890,4464,2455,2009,4464,2232,7883311583.32,4335468175.86,55.0,In Progress
RR-000008,LG-000008,4540,4156,2285,1871,4156,2078,2787289081.66,1532472461.88,54.98,In Progress
RR-000009,LG-000009,3646,3142,2876,266,3142,2876,8481618891.98,7763569679.61,91.53,In Progress
RR-000010,LG-000010,954,810,724,86,810,724,40023737.73,35774303.85,89.38,In Progress
RR-000011,LG-000011,1915,1587,555,1032,1587,476,7897438039.46,2761863964.65,34.97,Delayed
RR-000012,LG-000012,1349,1315,460,855,1315,394,11234793575.57,3930041859.13,34.98,Delayed
RR-000013,LG-000013,790,657,641,16,657,641,7229722265.29,7053655969.64,97.56,In Progress
RR-000014,LG-000014,938,885,816,69,885,816,10860048162.14,10013332542.72,92.2,In Progress
RR-000015,LG-000015,4363,3707,3202,505,3707,3202,1399209702.07,1208597104.4,86.38,In Progress
RR-000016,LG-000016,3291,2763,2653,110,2763,2653,8571788658.11,8230530332.96,96.02,In Progress
RR-000017,LG-000017,1270,1089,990,99,1089,990,1888723123.79,1717021021.63,90.91,In Progress
RR-000018,LG-000018,1287,1256,690,566,1256,628,1686907554.16,926724691.38,54.94,In Progress
RR-000019,LG-000019,4493,4351,4071,280,4351,4071,8363893401.06,7825651582.56,93.56,In Progress
RR-000020,LG-000020,2357,1938,1787,151,1938,1787,11592147280.4,10688940758.55,92.21,In Progress
RR-000021,LG-000021,1959,1662,1557,105,1662,1557,2510497988.66,2351892520.06,93.68,In Progress
RR-000022,LG-000022,1450,1287,1165,122,1287,1165,7276693348.27,6586905789.23,90.52,In Progress
RR-000023,LG-000023,1829,1510,1301,209,1510,1301,2936941528.03,2530437700.64,86.16,In Progress
RR-000024,LG-000024,2969,2930,1611,1319,2930,1465,10832465379.73,5956007415.27,54.98,In Progress
RR-000025,LG-000025,2259,1866,1674,192,1866,1674,12943704655.26,11611876523.53,89.71,In Progress
RR-000026,LG-000026,1009,813,447,366,813,406,13937332917.53,7662961641.0,54.98,In Progress
RR-000027,LG-000027,91,90,80,10,90,80,14154727140.36,12581979680.32,88.89,In Progress
RR-000028,LG-000028,162,149,139,10,149,139,10126948789.13,9447287796.57,93.29,In Progress
RR-000029,LG-000029,4213,4032,3885,147,4032,3885,4668856821.05,4498638082.78,96.35,In Progress
RR-000030,LG-000030,3280,2811,2578,233,2811,2578,7888558787.31,7234686785.37,91.71,In Progress
RR-000031,LG-000031,1332,1088,380,708,1088,326,9666494264.72,3376165276.28,34.93,Delayed
RR-000032,LG-000032,3095,3061,1071,1990,3061,918,2291804447.7,801869507.84,34.99,Delayed
RR-000033,LG-000033,4218,3551,1242,2309,3551,1065,6341699948.84,2218076974.5,34.98,Delayed
RR-000034,LG-000034,3206,2721,2317,404,2721,2317,3105058557.76,2644035530.44,85.15,In Progress
RR-000035,LG-000035,2587,2549,1401,1148,2549,1274,128668243.48,70719579.88,54.96,In Progress
RR-000036,LG-000036,3208,2632,1447,1185,2632,1316,6047680613.22,3324845686.68,54.98,In Progress
RR-000037,LG-000037,1780,1577,551,1026,1577,473,2819979571.78,985294067.25,34.94,Delayed
RR-000038,LG-000038,58,52,50,2,52,50,6904120963.1,6638577849.13,96.15,In Progress
RR-000039,LG-000039,1875,1733,1514,219,1733,1514,396767761.35,346628038.48,87.36,In Progress
RR-000040,LG-000040,3459,3242,2769,473,3242,2769,8640812244.43,7380138527.09,85.41,In Progress
RR-000041,LG-000041,3105,2684,1476,1208,2684,1342,12274710856.21,6750176312.88,54.99,In Progress
RR-000042,LG-000042,450,419,146,273,419,125,675000000.0,235202863.96,34.84,Delayed
RR-000043,LG-000043,309,253,88,165,253,75,3730527826.03,1297574896.01,34.78,Delayed
RR-000044,LG-000044,2425,1966,1791,175,1966,1791,1929603462.18,1757843235.38,91.1,In Progress
RR-000045,LG-000045,3846,3331,3275,56,3331,3275,4996181952.85,4912187299.78,98.32,In Progress
RR-000046,LG-000046,3795,3700,3671,29,3700,3671,7754290019.4,7693513151.68,99.22,In Progress
RR-000047,LG-000047,315,263,144,119,263,131,11166178572.85,6113801195.78,54.75,In Progress
RR-000048,LG-000048,3098,3061,1071,1990,3061,918,7369354245.07,2578431361.15,34.99,Delayed
RR-000049,LG-000049,2022,1747,960,787,1747,873,11439660115.69,6286247115.66,54.95,In Progress
RR-000050,LG-000050,3945,3468,1907,1561,3468,1734,11451542069.73,6297027314.58,54.99,In Progress
RR-000051,LG-000051,3409,3244,1784,1460,3244,1622,3003065847.41,1651501070.22,54.99,In Progress
RR-000052,LG-000052,4790,4267,4261,6,4267,4261,10707848487.15,10692791751.52,99.86,In Progress
RR-000053,LG-000053,1815,1508,1311,197,1508,1311,3582702992.55,3114670837.69,86.94,In Progress
RR-000054,LG-000054,2020,2015,705,1310,2015,604,13841316771.94,4842743585.22,34.99,Delayed
RR-000055,LG-000055,2488,2071,1866,205,2071,1866,13434001190.07,12104223187.19,90.1,In Progress
RR-000056,LG-000056,772,728,254,474,728,218,9044191796.28,3155528456.39,34.89,Delayed
RR-000057,LG-000057,4725,4458,3914,544,4458,3914,10446141676.6,9171421830.91,87.8,In Progress
RR-000058,LG-000058,194,183,100,83,183,91,5526524351.36,3019958661.95,54.64,In Progress
RR-000059,LG-000059,1837,1660,913,747,1660,830,11644367296.85,6404402013.27,55.0,In Progress
RR-000060,LG-000060,2776,2664,1465,1199,2664,1332,7683816211.52,4225522053.26,54.99,In Progress
RR-000061,LG-000061,3412,3406,2937,469,3406,2937,3060549574.95,2639117469.65,86.23,In Progress
RR-000062,LG-000062,4732,4166,2291,1875,4166,2083,2253195984.38,1239095535.34,54.99,In Progress
RR-000063,LG-000063,943,758,739,19,758,739,12105490591.77,11802054811.77,97.49,In Progress
RR-000064,LG-000064,352,335,321,14,335,321,12994681847.3,12451620516.37,95.82,In Progress
RR-000065,LG-000065,2972,2463,1354,1109,2463,1231,9042106924.78,4970772544.11,54.97,In Progress
RR-000066,LG-000066,3448,3218,1769,1449,3218,1609,13863053436.08,7620802215.17,54.97,In Progress
RR-000067,LG-000067,267,217,119,98,217,108,685538554.65,375940497.71,54.84,In Progress
RR-000068,LG-000068,3345,3336,2968,368,3336,2968,44783248.22,39843129.71,88.97,In Progress
RR-000069,LG-000069,3289,2840,1562,1278,2840,1420,2825721686.06,1554146927.33,55.0,In Progress
RR-000070,LG-000070,262,216,205,11,216,205,10876630546.51,10322728064.97,94.91,In Progress
RR-000071,LG-000071,1300,1042,944,98,1042,944,503731838.95,456355907.84,90.6,In Progress
RR-000072,LG-000072,4461,4359,4083,276,4359,4083,14871522006.37,13929897763.71,93.67,In Progress
RR-000073,LG-000073,3288,2667,2563,104,2667,2563,13526124469.33,12998671546.64,96.1,In Progress
RR-000074,LG-000074,1830,1805,1749,56,1805,1749,3267771932.24,3166389534.34,96.9,In Progress
RR-000075,LG-000075,3448,2944,2538,406,2944,2538,14004503455.18,12073175872.71,86.21,In Progress
RR-000076,LG-000076,1057,907,317,590,907,272,14694741748.08,5135868946.13,34.95,Delayed
RR-000077,LG-000077,1948,1691,1523,168,1691,1523,10788098670.46,9716306490.31,90.07,In Progress
RR-000078,LG-000078,1115,931,512,419,931,465,14460185459.15,7952325408.25,54.99,In Progress
RR-000079,LG-000079,4459,4262,4103,159,4262,4103,4024170692.1,3874043254.27,96.27,In Progress
RR-000080,LG-000080,1729,1560,1429,131,1560,1429,1506862146.19,1380324363.4,91.6,In Progress
RR-000081,LG-000081,3510,3265,3152,113,3265,3152,12696679923.26,12257254247.51,96.54,In Progress
RR-000082,LG-000082,1506,1354,744,610,1354,677,8548788369.65,4697413993.37,54.95,In Progress
RR-000083,LG-000083,65,52,51,1,52,51,7362051672.67,7220473755.89,98.08,In Progress
RR-000084,LG-000084,2249,1948,1749,199,1948,1749,14277361460.9,12818842502.63,89.78,In Progress
RR-000085,LG-000085,2971,2965,2596,369,2965,2596,11963860429.59,10474934797.71,87.55,In Progress
RR-000086,LG-000086,4727,3788,3448,340,3788,3448,12610733512.72,11478830293.52,91.02,In Progress
RR-000087,LG-000087,3699,3176,2993,183,3176,2993,802972066.74,756705099.42,94.24,In Progress
RR-000088,LG-000088,4829,4461,4070,391,4461,4070,6999150925.6,6385685780.59,91.24,In Progress
RR-000089,LG-000089,4231,3904,3383,521,3904,3383,6929376715.65,6004631513.59,86.65,In Progress
RR-000090,LG-000090,4681,4040,3604,436,4040,3604,3314754345.38,2957023430.88,89.21,In Progress
RR-000091,LG-000091,1774,1667,1515,152,1667,1515,8796161951.02,7994112391.0,90.88,In Progress
RR-000092,LG-000092,1775,1487,817,670,1487,743,12997291458.13,7141080780.96,54.94,In Progress
RR-000093,LG-000093,4252,3520,1232,2288,3520,1056,6397896845.77,2239263896.02,35.0,Delayed
RR-000094,LG-000094,4318,3771,3436,335,3771,3436,5363989328.21,4887474763.12,91.12,In Progress
RR-000095,LG-000095,4024,3332,1166,2166,3332,999,4722012070.27,1652420790.5,34.99,Delayed
RR-000096,LG-000096,1695,1483,815,668,1483,741,10347070795.99,5686353808.99,54.96,In Progress
RR-000097,LG-000097,1740,1691,1606,85,1691,1606,12812558015.06,12168520503.95,94.97,In Progress
RR-000098,LG-000098,1894,1760,1496,264,1760,1496,3131491239.73,2661767553.77,85.0,In Progress
RR-000099,LG-000099,2748,2234,1228,1006,2234,1117,12726852041.34,6995780799.81,54.97,In Progress
RR-000100,LG-000100,3142,2960,1628,1332,2960,1480,10350790777.12,5692934927.42,55.0,In Progress
RR-000101,LG-000101,3280,2869,2468,401,2869,2468,3283335017.69,2824423431.04,86.02,In Progress
RR-000102,LG-000102,2896,2844,1564,1280,2844,1422,14428921104.71,7934891915.53,54.99,In Progress
RR-000103,LG-000103,2059,2035,1937,98,2035,1937,499305642.91,475260457.16,95.18,In Progress
RR-000104,LG-000104,1991,1709,1591,118,1709,1591,3236303401.78,3012848866.14,93.1,In Progress
RR-000105,LG-000105,3644,3321,1162,2159,3321,996,2474357915.96,865764498.15,34.99,Delayed
RR-000106,LG-000106,2460,2021,1955,66,2021,1955,4584268015.9,4434559114.84,96.73,In Progress
RR-000107,LG-000107,2769,2230,1967,263,2230,1967,9478097946.87,8360277426.68,88.21,In Progress
RR-000108,LG-000108,4177,3570,1249,2321,3570,1071,7010255325.17,2452607535.33,34.99,Delayed
RR-000109,LG-000109,2609,2419,2141,278,2419,2141,10122701439.55,8959364936.78,88.51,In Progress
RR-000110,LG-000110,1493,1317,724,593,1317,658,8453617907.63,4647243253.7,54.97,In Progress
RR-000111,LG-000111,1580,1339,736,603,1339,669,927153791.32,509622995.08,54.97,In Progress
RR-000112,LG-000112,2860,2426,2081,345,2426,2081,7104120029.19,6093847395.2,85.78,In Progress
RR-000113,LG-000113,4972,4329,1515,2814,4329,1298,2635283366.35,922257865.56,35.0,Delayed
RR-000114,LG-000114,3075,2804,2466,338,2804,2466,4438829188.1,3903763472.84,87.95,In Progress
RR-000115,LG-000115,4260,3556,3398,158,3556,3398,13478942396.68,12880046755.88,95.56,In Progress
RR-000116,LG-000116,4693,4360,4288,72,4360,4288,9218149048.0,9065922733.45,98.35,In Progress
RR-000117,LG-000117,4774,4161,3866,295,4161,3866,14459333960.74,13434218959.92,92.91,In Progress
RR-000118,LG-000118,2420,2060,721,1339,2060,618,1421511434.48,497529002.07,35.0,Delayed
RR-000119,LG-000119,1218,1116,956,160,1116,956,2690902507.66,2305110033.44,85.66,In Progress
RR-000120,LG-000120,4512,4124,3560,564,4124,3560,12982042929.35,11206613197.98,86.32,In Progress
RR-000121,LG-000121,1654,1541,1469,72,1541,1469,12595097263.74,12006617703.07,95.33,In Progress
RR-000122,LG-000122,1362,1113,1098,15,1113,1098,12745517988.77,12573745509.14,98.65,In Progress
RR-000123,LG-000123,3339,3140,1727,1413,3140,1570,11773756377.46,6475566007.6,55.0,In Progress
RR-000124,LG-000124,2781,2694,2291,403,2694,2291,14102737949.3,11993085613.16,85.04,In Progress
RR-000125,LG-000125,305,292,275,17,292,275,3003403601.19,2828547912.08,94.18,In Progress
RR-000126,LG-000126,111,97,92,5,97,92,14707887807.2,13949749260.44,94.85,In Progress
RR-000127,LG-000127,4474,4423,1548,2875,4423,1326,1204054476.21,421405455.39,35.0,Delayed
RR-000128,LG-000128,875,814,284,530,814,244,10030494843.55,3499582967.53,34.89,Delayed
RR-000129,LG-000129,960,923,910,13,923,910,10885128759.06,10731817086.4,98.59,In Progress
RR-000130,LG-000130,1861,1583,1434,149,1583,1434,11481846343.83,10401116650.06,90.59,In Progress
RR-000131,LG-000131,3162,2771,1524,1247,2771,1385,7210648037.18,3965726311.32,55.0,In Progress
RR-000132,LG-000132,1817,1576,1453,123,1576,1453,5148198386.47,4746403715.44,92.2,In Progress
RR-000133,LG-000133,206,201,191,10,201,191,7587439283.68,7209954742.2,95.02,In Progress
RR-000134,LG-000134,693,634,577,57,634,577,1663584321.27,1514019169.36,91.01,In Progress
RR-000135,LG-000135,2270,2096,2021,75,2096,2021,11988490444.33,11559512971.37,96.42,In Progress
RR-000136,LG-000136,1102,983,856,127,983,856,9490651665.36,8264494227.41,87.08,In Progress
RR-000137,LG-000137,58,49,45,4,49,45,14528068530.16,13342103752.19,91.84,In Progress
RR-000138,LG-000138,3681,3134,2871,263,3134,2871,6219141842.75,5697241936.99,91.61,In Progress
RR-000139,LG-000139,828,746,712,34,746,712,3583415773.07,3420096555.53,95.44,In Progress
RR-000140,LG-000140,2381,2078,1997,81,2078,1997,3203206104.16,3078345808.47,96.1,In Progress
RR-000141,LG-000141,435,392,386,6,392,386,3858448165.59,3799390285.5,98.47,In Progress
RR-000142,LG-000142,2645,2214,1956,258,2214,1956,10991861379.15,9710966963.69,88.35,In Progress
RR-000143,LG-000143,1316,1085,950,135,1085,950,6254027781.2,5475876859.12,87.56,In Progress
RR-000144,LG-000144,1838,1689,928,761,1689,844,3204385921.72,1760609908.44,54.94,In Progress
RR-000145,LG-000145,1075,862,474,388,862,431,7981188834.63,4388727967.07,54.99,In Progress
RR-000146,LG-000146,4822,3960,3596,364,3960,3596,14647635328.66,13301236525.72,90.81,In Progress
RR-000147,LG-000147,3243,2884,2839,45,2884,2839,6207330977.15,6110475951.5,98.44,In Progress
RR-000148,LG-000148,3952,3212,1124,2088,3212,963,6030343989.02,2110244907.74,34.99,Delayed
RR-000149,LG-000149,4719,3868,2127,1741,3868,1934,2621045660.9,1441304064.31,54.99,In Progress
RR-000150,LG-000150,751,621,528,93,621,528,9472535313.8,8053943068.74,85.02,In Progress
RR-000151,LG-000151,373,312,277,35,312,277,6075977778.38,5394377707.09,88.78,In Progress
RR-000152,LG-000152,2308,2105,736,1369,2105,631,728975671.22,254881754.88,34.96,Delayed
RR-000153,LG-000153,2492,2113,1995,118,2113,1995,7162808917.52,6762803497.61,94.42,In Progress
RR-000154,LG-000154,2045,1767,971,796,1767,883,6335865036.75,3481677957.38,54.95,In Progress
RR-000155,LG-000155,2202,1797,1608,189,1797,1608,6980664535.49,6246471103.54,89.48,In Progress
RR-000156,LG-000156,2552,2156,2093,63,2156,2093,13753727304.9,13351832675.86,97.08,In Progress
RR-000157,LG-000157,1948,1605,1485,120,1605,1485,12514990267.29,11579290060.39,92.52,In Progress
RR-000158,LG-000158,178,149,142,7,149,142,14952231917.98,14249778069.48,95.3,In Progress
RR-000159,LG-000159,491,471,402,69,471,402,13435644221.7,11467365131.9,85.35,In Progress
RR-000160,LG-000160,3939,3412,2981,431,3412,2981,8841745872.64,7724866484.86,87.37,In Progress
RR-000161,LG-000161,2468,2021,707,1314,2021,606,4787578806.48,1674823461.74,34.98,Delayed
RR-000162,LG-000162,4778,4360,3823,537,4360,3822,5057730819.97,4434794707.51,87.68,In Progress
RR-000163,LG-000163,1771,1666,1435,231,1666,1435,680319225.3,585989248.68,86.13,In Progress
RR-000164,LG-000164,2006,1784,1657,127,1784,1657,11120448024.48,10328801780.58,92.88,In Progress
RR-000165,LG-000165,4255,4051,3772,279,4051,3772,13693809131.76,12750690704.76,93.11,In Progress
RR-000166,LG-000166,1910,1577,1574,3,1577,1574,4094164713.93,4086376195.13,99.81,In Progress
RR-000167,LG-000167,274,258,141,117,258,129,5890651532.47,3219309558.44,54.65,In Progress
RR-000168,LG-000168,2900,2676,1471,1205,2676,1338,12111458161.18,6657681223.88,54.97,In Progress
RR-000169,LG-000169,2835,2453,1349,1104,2453,1226,598234999.53,328992667.9,54.99,In Progress
RR-000170,LG-000170,1952,1575,866,709,1575,787,13423204099.13,7380631587.2,54.98,In Progress
RR-000171,LG-000171,3032,2607,2223,384,2607,2223,10020365512.44,8544408336.84,85.27,In Progress
RR-000172,LG-000172,3167,2661,2634,27,2661,2634,1001139681.69,990981556.4,98.99,In Progress
RR-000173,LG-000173,2722,2659,930,1729,2659,797,10609798529.27,3710835890.27,34.98,Delayed
RR-000174,LG-000174,4785,3875,3643,232,3875,3643,6993026860.06,6574347574.5,94.01,In Progress
RR-000175,LG-000175,2256,1805,631,1174,1805,541,6245183437.5,2183219251.56,34.96,Delayed
RR-000176,LG-000176,3392,3132,2840,292,3132,2840,4479614489.45,4061974824.41,90.68,In Progress
RR-000177,LG-000177,4327,4091,1431,2660,4091,1227,4958535963.22,1734457336.44,34.98,Delayed
RR-000178,LG-000178,4608,3906,3334,572,3906,3334,13967745678.93,11922289834.5,85.36,In Progress
RR-000179,LG-000179,2211,1870,1815,55,1870,1815,12436197929.95,12070427402.6,97.06,In Progress
RR-000180,LG-000180,3718,3064,2871,193,3064,2871,11285483355.87,10574615768.51,93.7,In Progress
RR-000181,LG-000181,459,410,225,185,410,205,4831039540.66,2651180235.73,54.88,In Progress
RR-000182,LG-000182,438,381,328,53,381,328,10945852219.34,9423200860.74,86.09,In Progress
RR-000183,LG-000183,1420,1395,767,628,1395,697,12458310239.07,6849837959.4,54.98,In Progress
RR-000184,LG-000184,4599,4556,4388,168,4556,4388,11700747354.97,11269288716.77,96.31,In Progress
RR-000185,LG-000185,4499,3805,1331,2474,3805,1141,3615559635.53,1264733212.85,34.98,Delayed
RR-000186,LG-000186,3080,2670,1468,1202,2670,1335,9892476803.18,5439009718.0,54.98,In Progress
RR-000187,LG-000187,1336,1288,450,838,1288,386,12252902863.23,4280905503.46,34.94,Delayed
RR-000188,LG-000188,2238,1903,1046,857,1903,951,2933622352.09,1612490268.15,54.97,In Progress
RR-000189,LG-000189,1682,1365,477,888,1365,409,10059640167.43,3515346783.78,34.95,Delayed
RR-000190,LG-000190,2958,2517,1384,1133,2517,1258,9055087283.92,4979038856.16,54.99,In Progress
RR-000191,LG-000191,4934,4179,2298,1881,4179,2089,2180263786.27,1198910308.89,54.99,In Progress
RR-000192,LG-000192,2249,1892,1749,143,1892,1749,3233178048.76,2988809940.42,92.44,In Progress
RR-000193,LG-000193,4721,4433,2438,1995,4433,2216,2841305362.93,1562621807.99,55.0,In Progress
RR-000194,LG-000194,460,400,366,34,400,366,6915041769.17,6327263218.79,91.5,In Progress
RR-000195,LG-000195,1670,1508,829,679,1508,754,7645789095.29,4203155941.64,54.97,In Progress
RR-000196,LG-000196,2632,2135,747,1388,2135,640,4414817409.75,1544669135.87,34.99,Delayed
RR-000197,LG-000197,4840,4641,4530,111,4641,4530,2737538709.14,2672064286.23,97.61,In Progress
RR-000198,LG-000198,4846,4788,4199,589,4788,4199,5605252810.74,4915717742.75,87.7,In Progress
RR-000199,LG-000199,3838,3289,1151,2138,3289,986,12245928678.41,4285516542.67,35.0,Delayed
RR-000200,LG-000200,2231,1787,1731,56,1787,1731,260101085.37,251950183.98,96.87,In Progress
RR-000201,LG-000201,4287,4043,1415,2628,4043,1212,5214120397.86,1824877655.94,35.0,Delayed
RR-000202,LG-000202,3508,2958,2771,187,2958,2771,11696370990.37,10956945238.11,93.68,In Progress
RR-000203,LG-000203,4875,3983,2190,1793,3983,1991,2566946784.24,1411401822.12,54.98,In Progress
RR-000204,LG-000204,1795,1491,1489,2,1491,1489,11648012228.28,11632387798.73,99.87,In Progress
RR-000205,LG-000205,1789,1762,616,1146,1762,528,11039822398.95,3859551985.1,34.96,Delayed
RR-000206,LG-000206,3358,2873,2628,245,2873,2628,10255651532.78,9381083267.72,91.47,In Progress
RR-000207,LG-000207,564,503,176,327,503,150,12055292781.78,4218154134.38,34.99,Delayed
RR-000208,LG-000208,3940,3591,1975,1616,3591,1795,11691300964.73,6430052744.46,55.0,In Progress
RR-000209,LG-000209,823,796,704,92,796,704,13286395239.61,11750781719.45,88.44,In Progress
RR-000210,LG-000210,4166,3800,2090,1710,3800,1900,9659465075.7,5312705791.64,55.0,In Progress
RR-000211,LG-000211,1086,873,821,52,873,821,12067661019.38,11348854177.45,94.04,In Progress
RR-000212,LG-000212,243,235,82,153,235,70,7375060481.87,2573425359.63,34.89,Delayed
RR-000213,LG-000213,4313,3655,2010,1645,3655,1827,5964325563.25,3279971103.18,54.99,In Progress
RR-000214,LG-000214,1869,1571,864,707,1571,785,13117709088.22,7214322503.01,55.0,In Progress
RR-000215,LG-000215,127,117,109,8,117,109,12109710182.53,11281695811.07,93.16,In Progress
RR-000216,LG-000216,753,638,547,91,638,547,4496026011.1,3854743304.19,85.74,In Progress
RR-000217,LG-000217,3608,3226,1774,1452,3226,1613,1806446344.54,993377500.07,54.99,In Progress
RR-000218,LG-000218,4189,4130,3996,134,4130,3996,14117410332.19,13659363604.7,96.76,In Progress
RR-000219,LG-000219,4759,4098,1434,2664,4098,1229,8566921885.94,2997795506.21,34.99,Delayed
RR-000220,LG-000220,4527,3999,3856,143,3999,3856,5205775089.81,5019622092.1,96.42,In Progress
RR-000221,LG-000221,3486,3164,3044,120,3164,3044,321511424.47,309317565.13,96.21,In Progress
RR-000222,LG-000222,3861,3821,1337,2484,3821,1146,12898600500.55,4513328675.54,34.99,Delayed
RR-000223,LG-000223,1248,1167,1162,5,1167,1162,7803907264.16,7770471500.39,99.57,In Progress
RR-000224,LG-000224,2002,1787,982,805,1787,893,529528950.6,290989048.4,54.95,In Progress
RR-000225,LG-000225,147,139,120,19,139,120,13019067173.52,11239482451.96,86.33,In Progress
RR-000226,LG-000226,4136,3349,3135,214,3349,3135,8989496747.61,8415070858.09,93.61,In Progress
RR-000227,LG-000227,2857,2745,1509,1236,2745,1372,2526622321.97,1388951943.12,54.97,In Progress
RR-000228,LG-000228,4583,4555,4484,71,4555,4484,14484518624.23,14258744568.84,98.44,In Progress
RR-000229,LG-000229,3087,3041,2980,61,3041,2980,13377490521.29,13109148883.08,97.99,In Progress
RR-000230,LG-000230,4665,3778,3362,416,3778,3362,7693166379.01,6846062828.54,88.99,In Progress
RR-000231,LG-000231,806,719,704,15,719,704,611981517.4,599214170.03,97.91,In Progress
RR-000232,LG-000232,959,935,929,6,935,929,2699492277.03,2682169331.94,99.36,In Progress
RR-000233,LG-000233,592,519,481,38,519,481,11286045079.86,10459706519.1,92.68,In Progress
RR-000234,LG-000234,107,93,89,4,93,89,8714809467.76,8339978953.02,95.7,In Progress
RR-000235,LG-000235,1819,1612,886,726,1612,806,14530185131.89,7986193565.05,54.96,In Progress
RR-000236,LG-000236,156,153,135,18,153,135,4985906390.55,4399329168.13,88.24,In Progress
RR-000237,LG-000237,3215,2628,2552,76,2628,2552,3056887511.56,2968484371.96,97.11,In Progress
RR-000238,LG-000238,3241,3100,1705,1395,3100,1550,5002383521.7,2751310936.93,55.0,In Progress
RR-000239,LG-000239,3195,2828,2723,105,2828,2723,12113784670.99,11664015438.16,96.29,In Progress
RR-000240,LG-000240,88,75,70,5,75,70,3876494434.86,3618061472.54,93.33,In Progress
RR-000241,LG-000241,2987,2457,2149,308,2457,2149,11754093508.31,10280645889.03,87.46,In Progress
RR-000242,LG-000242,3050,2599,909,1690,2599,779,1274333844.04,445698139.37,34.97,Delayed
RR-000243,LG-000243,3105,3067,1686,1381,3067,1533,4702738997.84,2585203113.91,54.97,In Progress
RR-000244,LG-000244,3256,2951,2598,353,2951,2598,13954448475.16,12285210822.93,88.04,In Progress
RR-000245,LG-000245,3400,2818,1549,1269,2818,1409,11251123650.43,6184524675.13,54.97,In Progress
RR-000246,LG-000246,2285,2228,1919,309,2228,1919,2750376485.94,2368928400.59,86.13,In Progress
RR-000247,LG-000247,1221,1138,1039,99,1138,1039,8768111279.18,8005331826.95,91.3,In Progress
RR-000248,LG-000248,3887,3245,3006,239,3245,3006,5040484461.94,4669243849.8,92.63,In Progress
RR-000249,LG-000249,709,651,576,75,651,576,4326034738.05,3827643639.2,88.48,In Progress
RR-000250,LG-000250,4073,3898,3654,244,3898,3654,5004231230.32,4690985355.46,93.74,In Progress
RR-000251,LG-000251,1885,1518,834,684,1518,759,498854318.08,274074111.51,54.94,In Progress
RR-000252,LG-000252,1559,1399,769,630,1399,699,7562452616.95,4156916413.46,54.97,In Progress
RR-000253,LG-000253,3786,3493,3057,436,3493,3057,3303618628.27,2891257413.86,87.52,In Progress
RR-000254,LG-000254,3391,2845,2673,172,2845,2673,8188252441.68,7693215738.7,93.95,In Progress
RR-000255,LG-000255,1101,943,518,425,943,471,7397422871.45,4063483613.37,54.93,In Progress
RR-000256,LG-000256,580,501,175,326,501,150,2493203002.83,870879292.41,34.93,Delayed
RR-000257,LG-000257,2076,2017,1870,147,2017,1870,3978432460.72,3688482251.63,92.71,In Progress
RR-000258,LG-000258,4081,3618,3330,288,3618,3330,7254266934.32,6676812850.0,92.04,In Progress
RR-000259,LG-000259,4244,4232,4003,229,4232,4003,3062186386.35,2896486792.19,94.59,In Progress
RR-000260,LG-000260,1977,1883,1709,174,1883,1709,10301922870.16,9349966109.99,90.76,In Progress
RR-000261,LG-000261,3192,3000,1050,1950,3000,900,9319811085.97,3261933880.09,35.0,Delayed
RR-000262,LG-000262,1123,1041,959,82,1041,959,12255113405.39,11289773060.3,92.12,In Progress
RR-000263,LG-000263,4278,3560,1246,2314,3560,1068,13322372530.7,4662830385.74,35.0,Delayed
RR-000264,LG-000264,4140,3967,3869,98,3967,3869,10111599149.43,9861804161.62,97.53,In Progress
RR-000265,LG-000265,3549,2947,2513,434,2947,2513,8154214601.18,6953356393.88,85.27,In Progress
RR-000266,LG-000266,4158,3824,3818,6,3824,3818,3327310691.61,3322090015.84,99.84,In Progress
RR-000267,LG-000267,3743,3269,1797,1472,3269,1634,2292633042.32,1260281914.06,54.97,In Progress
RR-000268,LG-000268,4652,4573,2515,2058,4573,2286,12727795569.16,6999870075.76,55.0,In Progress
RR-000269,LG-000269,4179,3732,3564,168,3732,3564,10728438723.5,10245486498.0,95.5,In Progress
RR-000270,LG-000270,4971,4086,3638,448,4086,3638,3372288695.98,3002541917.76,89.04,In Progress
RR-000271,LG-000271,1292,1138,398,740,1138,341,1085161723.26,379520532.39,34.97,Delayed
RR-000272,LG-000272,3094,2753,2481,272,2753,2481,2755043409.59,2482841518.05,90.12,In Progress
RR-000273,LG-000273,487,443,434,9,443,434,3712855136.44,3637424670.91,97.97,In Progress
RR-000274,LG-000274,2912,2785,2451,334,2785,2451,7007346429.84,6166968078.83,88.01,In Progress
RR-000275,LG-000275,4297,3956,3576,380,3956,3576,10426690023.89,9425137392.68,90.39,In Progress
RR-000276,LG-000276,414,341,313,28,341,313,5699503102.21,5231508712.59,91.79,In Progress
RR-000277,LG-000277,1915,1907,1748,159,1907,1748,8213842836.86,7528996999.91,91.66,In Progress
RR-000278,LG-000278,434,416,145,271,416,124,13633666080.55,4752119186.73,34.86,Delayed
RR-000279,LG-000279,3900,3510,3028,482,3510,3028,13568574727.95,11705311759.61,86.27,In Progress
RR-000280,LG-000280,498,413,376,37,413,376,14577658987.78,13271670168.05,91.04,In Progress
RR-000281,LG-000281,1486,1207,1144,63,1207,1144,14556311068.77,13796536754.49,94.78,In Progress
RR-000282,LG-000282,3465,3293,1811,1482,3293,1646,2283318819.33,1255721342.79,55.0,In Progress
RR-000283,LG-000283,4017,3959,3815,144,3959,3815,14335016769.8,13813611764.79,96.36,In Progress
RR-000284,LG-000284,3574,3139,3050,89,3139,3050,3532955032.37,3432785233.75,97.16,In Progress
RR-000285,LG-000285,3880,3601,3547,54,3601,3547,14586907148.03,14368164302.71,98.5,In Progress
RR-000286,LG-000286,3285,3135,1097,2038,3135,940,14585640976.33,5103811212.45,34.99,Delayed
RR-000287,LG-000287,3329,2942,2670,272,2942,2670,12661947952.21,11491298787.36,90.75,In Progress
RR-000288,LG-000288,4206,3439,1891,1548,3439,1719,10951050939.32,6021645049.8,54.99,In Progress
RR-000289,LG-000289,471,405,222,183,405,202,3934478929.51,2156677339.14,54.81,In Progress
RR-000290,LG-000290,4886,4343,3966,377,4343,3966,10901142230.06,9954853807.14,91.32,In Progress
RR-000291,LG-000291,4962,3980,1393,2587,3980,1194,4641107583.75,1624387654.31,35.0,Delayed
RR-000292,LG-000292,2493,2454,2131,323,2454,2131,3860143851.02,3352064607.39,86.84,In Progress
RR-000293,LG-000293,3878,3292,1152,2140,3292,987,13773965295.46,4820051038.99,34.99,Delayed
RR-000294,LG-000294,1970,1880,1653,227,1880,1653,6352333941.14,5585323406.76,87.93,In Progress
RR-000295,LG-000295,102,94,51,43,94,47,7411679888.45,4021230577.78,54.26,In Progress
RR-000296,LG-000296,3176,2639,2552,87,2639,2552,10930520212.62,10570173392.42,96.7,In Progress
RR-000297,LG-000297,660,544,299,245,544,272,10456189874.46,5747060243.5,54.96,In Progress
RR-000298,LG-000298,2615,2386,2141,245,2386,2141,2891061060.0,2594200221.9,89.73,In Progress
RR-000299,LG-000299,654,588,205,383,588,176,11003820666.59,3836366048.73,34.86,Delayed
RR-000300,LG-000300,1037,861,777,84,861,777,7671631780.24,6923179899.24,90.24,In Progress
RR-000301,LG-000301,4309,3505,3367,138,3505,3367,1649711220.41,1584758253.67,96.06,In Progress
RR-000302,LG-000302,330,306,272,34,306,272,5197873870.66,4620332329.48,88.89,In Progress
RR-000303,LG-000303,1049,924,850,74,924,850,3353017111.34,3084485437.92,91.99,In Progress
RR-000304,LG-000304,4839,4464,1562,2902,4464,1339,4335748040.64,1517123306.34,34.99,Delayed
RR-000305,LG-000305,2514,2052,1128,924,2052,1026,8679108964.15,4770972179.12,54.97,In Progress
RR-000306,LG-000306,48,46,39,7,46,39,4271721720.07,3621677110.49,84.78,In Progress
RR-000307,LG-000307,4960,4640,4471,169,4640,4471,14798707814.05,14259703154.44,96.36,In Progress
RR-000308,LG-000308,1168,1009,959,50,1009,959,8711701777.81,8280001987.04,95.04,In Progress
RR-000309,LG-000309,851,806,443,363,806,403,7238906182.72,3978704018.54,54.96,In Progress
RR-000310,LG-000310,4185,3810,2095,1715,3810,1905,3310649534.69,1820422775.64,54.99,In Progress
RR-000311,LG-000311,704,623,546,77,623,546,12390494660.89,10859085208.42,87.64,In Progress
RR-000312,LG-000312,1690,1675,921,754,1675,837,11752584049.19,6462167110.03,54.99,In Progress
RR-000313,LG-000313,4420,3860,3344,516,3860,3344,9278603519.31,8038251339.01,86.63,In Progress
RR-000314,LG-000314,1903,1536,844,692,1536,768,9765673025.36,5366033875.91,54.95,In Progress
RR-000315,LG-000315,1653,1414,1249,165,1414,1249,10368265425.87,9158390040.25,88.33,In Progress
RR-000316,LG-000316,3962,3601,3486,115,3601,3486,1035530488.88,1002460228.89,96.81,In Progress
RR-000317,LG-000317,2934,2891,2472,419,2891,2472,10697157928.63,9146791559.87,85.51,In Progress
RR-000318,LG-000318,4065,3322,2947,375,3322,2947,14950674007.05,13262985038.76,88.71,In Progress
RR-000319,LG-000319,3642,3585,3256,329,3585,3256,13758899602.29,12496227923.31,90.82,In Progress
RR-000320,LG-000320,74,64,54,10,64,54,254422161.2,214668698.51,84.38,In Progress
RR-000321,LG-000321,2553,2205,1902,303,2205,1902,6438222276.71,5553514181.54,86.26,In Progress
RR-000322,LG-000322,2913,2693,942,1751,2693,807,14967173954.19,5235454090.18,34.98,Delayed
RR-000323,LG-000323,3769,3042,1064,1978,3042,912,7223365698.66,2526515813.08,34.98,Delayed
RR-000324,LG-000324,4377,3910,1368,2542,3910,1173,5080350943.82,1777473169.09,34.99,Delayed
RR-000325,LG-000325,4005,3209,3201,8,3209,3201,14854141182.32,14817109979.62,99.75,In Progress
RR-000326,LG-000326,4800,4079,1427,2652,4079,1223,14297440078.47,5001825690.6,34.98,Delayed
RR-000327,LG-000327,4485,3770,2073,1697,3770,1885,7283082323.62,4004729351.95,54.99,In Progress
RR-000328,LG-000328,72,61,33,28,61,30,9812367183.39,5308329787.74,54.1,In Progress
RR-000329,LG-000329,1686,1505,526,979,1505,451,3233339002.7,1130057352.44,34.95,Delayed
RR-000330,LG-000330,1972,1795,1692,103,1795,1692,14793639348.92,13944756422.49,94.26,In Progress
RR-000331,LG-000331,3178,2584,904,1680,2584,775,5786038888.22,2024217939.22,34.98,Delayed
RR-000332,LG-000332,3663,3000,2608,392,3000,2608,3731150202.45,3243613242.66,86.93,In Progress
RR-000333,LG-000333,723,612,336,276,612,306,11352950746.96,6232992566.96,54.9,In Progress
RR-000334,LG-000334,2952,2551,892,1659,2551,765,14226377862.09,4974491984.71,34.97,Delayed
RR-000335,LG-000335,156,141,77,64,141,70,14099786169.0,7699883227.04,54.61,In Progress
RR-000336,LG-000336,894,763,419,344,763,381,3864714332.12,2122300531.01,54.91,In Progress
RR-000337,LG-000337,1141,951,523,428,951,475,5345029335.25,2939485112.87,54.99,In Progress
RR-000338,LG-000338,74,59,56,3,59,56,3665012238.96,3478655684.44,94.92,In Progress
RR-000339,LG-000339,2929,2771,2592,179,2771,2592,3057566778.89,2860055247.52,93.54,In Progress
RR-000340,LG-000340,597,514,437,77,514,437,7565663237.27,6432285670.6,85.02,In Progress
RR-000341,LG-000341,2982,2969,2555,414,2969,2555,405630287.6,349068839.62,86.06,In Progress
RR-000342,LG-000342,1721,1660,913,747,1660,830,7865016553.9,4325759104.65,55.0,In Progress
RR-000343,LG-000343,749,690,682,8,690,682,504107967.26,498263237.2,98.84,In Progress
RR-000344,LG-000344,493,473,454,19,473,454,9070638247.6,8706278571.69,95.98,In Progress
RR-000345,LG-000345,611,573,315,258,573,286,4947241241.8,2719687593.66,54.97,In Progress
RR-000346,LG-000346,3836,3134,2828,306,3134,2828,8256444582.35,7450295238.96,90.24,In Progress
RR-000347,LG-000347,588,477,262,215,477,238,7157947356.08,3931618883.21,54.93,In Progress
RR-000348,LG-000348,975,914,819,95,914,819,11026492767.03,9880413103.06,89.61,In Progress
RR-000349,LG-000349,1723,1508,1370,138,1508,1370,11996136046.8,10898346408.56,90.85,In Progress
RR-000350,LG-000350,2676,2617,2262,355,2617,2262,11892091274.05,10278911143.26,86.43,In Progress
RR-000351,LG-000351,4955,4046,3829,217,4046,3829,6756997933.98,6394598390.81,94.64,In Progress
RR-000352,LG-000352,1809,1716,1649,67,1716,1649,6354365279.66,6106263604.99,96.1,In Progress
RR-000353,LG-000353,725,619,216,403,619,185,12984781976.25,4531038621.76,34.89,Delayed
RR-000354,LG-000354,2697,2167,1956,211,2167,1956,1839603094.05,1660481611.43,90.26,In Progress
RR-000355,LG-000355,3337,3176,1746,1430,3176,1588,4315617676.46,2372502664.7,54.97,In Progress
RR-000356,LG-000356,3410,3009,2663,346,3009,2663,5741730971.76,5081498696.51,88.5,In Progress
RR-000357,LG-000357,1324,1276,1176,100,1276,1176,7872023820.29,7255094053.81,92.16,In Progress
RR-000358,LG-000358,3273,3131,1095,2036,3131,939,12364488523.01,4324214287.03,34.97,Delayed
RR-000359,LG-000359,468,393,336,57,393,336,2676254355.75,2288095327.05,85.5,In Progress
RR-000360,LG-000360,3554,2872,2680,192,2872,2680,2675416362.86,2496558444.45,93.31,In Progress
RR-000361,LG-000361,1325,1192,1171,21,1192,1171,13335578444.23,13100639562.24,98.24,In Progress
RR-000362,LG-000362,1887,1812,996,816,1812,906,4251135438.35,2336716830.35,54.97,In Progress
RR-000363,LG-000363,2312,2280,798,1482,2280,684,3973586379.86,1390755232.95,35.0,Delayed
RR-000364,LG-000364,2010,1917,1054,863,1917,958,2923729107.05,1607517203.35,54.98,In Progress
RR-000365,LG-000365,1669,1622,567,1055,1622,486,11876253610.8,4151563376.89,34.96,Delayed
RR-000366,LG-000366,4232,3468,3026,442,3468,3026,8038908533.01,7014341759.2,87.25,In Progress
RR-000367,LG-000367,2369,2313,1272,1041,2313,1156,14075192676.49,7740443183.96,54.99,In Progress
RR-000368,LG-000368,4596,4236,4189,47,4236,4189,2328453581.16,2302618520.18,98.89,In Progress
RR-000369,LG-000369,434,416,145,271,416,124,5006908531.49,1745196483.33,34.86,Delayed
RR-000370,LG-000370,2548,2342,1288,1054,2342,1171,2739213651.98,1506450548.14,55.0,In Progress
RR-000371,LG-000371,2196,1803,631,1172,1803,540,9210005075.31,3223246368.56,35.0,Delayed
RR-000372,LG-000372,3931,3250,1137,2113,3250,975,10060498536.29,3519626718.7,34.98,Delayed
RR-000373,LG-000373,2806,2380,1309,1071,2380,1190,8656323364.78,4760977850.63,55.0,In Progress
RR-000374,LG-000374,2867,2585,2537,48,2585,2537,8854069576.39,8689661321.2,98.14,In Progress
RR-000375,LG-000375,2771,2293,1261,1032,2293,1146,7930517778.26,4361265991.45,54.99,In Progress
RR-000376,LG-000376,1297,1178,1172,6,1178,1172,6688771129.53,6654702685.75,99.49,In Progress
RR-000377,LG-000377,1233,1070,588,482,1070,535,832912416.11,457712617.45,54.95,In Progress
RR-000378,LG-000378,406,347,190,157,347,173,9037261121.97,4948356233.93,54.76,In Progress
RR-000379,LG-000379,2036,1880,1707,173,1880,1707,4023753302.19,3653482386.62,90.8,In Progress
RR-000380,LG-000380,1771,1485,1267,218,1485,1267,14261326978.96,12167744971.27,85.32,In Progress
RR-000381,LG-000381,1381,1365,1355,10,1365,1355,12441649746.92,12350502129.73,99.27,In Progress
RR-000382,LG-000382,3049,2500,2425,75,2500,2425,12393185178.69,12021389623.33,97.0,In Progress
RR-000383,LG-000383,3497,3289,3119,170,3289,3119,4173676548.95,3957949880.26,94.83,In Progress
RR-000384,LG-000384,2048,1920,1056,864,1920,960,10620471200.85,5841259160.47,55.0,In Progress
RR-000385,LG-000385,2566,2372,1304,1068,2372,1186,4001759633.67,2199955549.03,54.97,In Progress
RR-000386,LG-000386,3312,3000,2675,325,3000,2675,2441723299.47,2177203275.36,89.17,In Progress
RR-000387,LG-000387,1427,1174,1166,8,1174,1166,13972030561.89,13876820813.6,99.32,In Progress
RR-000388,LG-000388,1202,1039,906,133,1039,906,11782434074.29,10274191791.44,87.2,In Progress
RR-000389,LG-000389,2635,2349,2343,6,2349,2343,712574325.63,710754212.41,99.74,In Progress
RR-000390,LG-000390,4206,4110,2260,1850,4110,2055,9884982850.44,5435538015.08,54.99,In Progress
RR-000391,LG-000391,2073,1894,1716,178,1894,1716,7258649036.88,6576473995.4,90.6,In Progress
RR-000392,LG-000392,3495,3078,1077,2001,3078,923,9968863581.84,3488130629.51,34.99,Delayed
RR-000393,LG-000393,824,668,634,34,668,634,14566005294.32,13824621791.32,94.91,In Progress
RR-000394,LG-000394,209,186,176,10,186,176,4933931770.97,4668666621.99,94.62,In Progress
RR-000395,LG-000395,910,764,267,497,764,229,7072609221.7,2471710290.83,34.95,Delayed
RR-000396,LG-000396,2189,1759,967,792,1759,879,6813435835.93,3745646647.72,54.97,In Progress
RR-000397,LG-000397,1252,1247,1080,167,1247,1080,8817287789.47,7636464164.1,86.61,In Progress
RR-000398,LG-000398,269,238,229,9,238,229,7932818778.51,7632838236.47,96.22,In Progress
RR-000399,LG-000399,4921,4836,4654,182,4836,4654,206937306.66,199149343.51,96.24,In Progress
RR-000400,LG-000400,3077,2614,2446,168,2614,2446,12375277424.59,11579926771.44,93.57,In Progress
RR-000401,LG-000401,3215,3049,1067,1982,3049,914,8400246300.68,2939672942.87,35.0,Delayed
RR-000402,LG-000402,1099,923,507,416,923,461,1962142359.28,1077796507.21,54.93,In Progress
RR-000403,LG-000403,1060,929,881,48,929,881,3267884566.37,3099038001.05,94.83,In Progress
RR-000404,LG-000404,1271,1213,667,546,1213,606,13631480210.64,7495628442.29,54.99,In Progress
RR-000405,LG-000405,2064,1878,1032,846,1878,939,7336643553.25,4031637990.92,54.95,In Progress
RR-000406,LG-000406,1239,1193,1151,42,1193,1151,10392396327.25,10026528225.2,96.48,In Progress
RR-000407,LG-000407,1775,1543,1476,67,1543,1476,4015235714.97,3840886529.68,95.66,In Progress
RR-000408,LG-000408,1553,1299,1218,81,1299,1218,2703479707.51,2534902450.92,93.76,In Progress
RR-000409,LG-000409,4554,3954,3580,374,3954,3580,8168597243.1,7395947933.81,90.54,In Progress
RR-000410,LG-000410,4333,4148,3701,447,4148,3701,520364993.35,464289016.49,89.22,In Progress
RR-000411,LG-000411,1408,1309,1288,21,1309,1288,185269009.47,182296779.37,98.4,In Progress
RR-000412,LG-000412,1250,1011,902,109,1011,902,594500976.04,530405420.76,89.22,In Progress
RR-000413,LG-000413,4977,4206,2313,1893,4206,2103,7774456973.63,4275396809.32,54.99,In Progress
RR-000414,LG-000414,842,753,686,67,753,686,9256384215.22,8432774995.54,91.1,In Progress
RR-000415,LG-000415,4642,4568,4233,335,4568,4233,7129613250.16,6606754134.84,92.67,In Progress
RR-000416,LG-000416,1129,929,875,54,929,875,9769946550.72,9202048688.78,94.19,In Progress
RR-000417,LG-000417,3205,2904,2860,44,2904,2860,3564172582.68,3510169967.79,98.48,In Progress
RR-000418,LG-000418,3798,3519,3130,389,3519,3130,14004178493.41,12456117841.54,88.95,In Progress
RR-000419,LG-000419,4555,4061,4031,30,4061,4031,10767671432.76,10688126950.37,99.26,In Progress
RR-000420,LG-000420,81,74,40,34,74,37,3069399387.18,1659134803.88,54.05,In Progress
RR-000421,LG-000421,3460,3201,2984,217,3201,2984,2283137027.67,2128360165.75,93.22,In Progress
RR-000422,LG-000422,3018,2669,2515,154,2669,2515,5028107018.28,4737987692.38,94.23,In Progress
RR-000423,LG-000423,2966,2826,2674,152,2826,2674,14379171388.42,13605769388.76,94.62,In Progress
RR-000424,LG-000424,2294,2273,1963,310,2273,1963,11953728831.55,10323435854.08,86.36,In Progress
RR-000425,LG-000425,4784,4540,4360,180,4540,4360,6548306098.5,6288681627.63,96.04,In Progress
RR-000426,LG-000426,4495,4158,3762,396,4158,3762,2006287907.85,1815212869.01,90.48,In Progress
RR-000427,LG-000427,597,505,277,228,505,252,8273511172.55,4538143752.07,54.85,In Progress
RR-000428,LG-000428,1380,1240,434,806,1240,372,6181186371.78,2163415230.12,35.0,Delayed
RR-000429,LG-000429,4945,4407,2423,1984,4407,2203,4817103170.07,2648477644.9,54.98,In Progress
RR-000430,LG-000430,1522,1312,459,853,1312,393,641559839.07,224448144.92,34.98,Delayed
RR-000431,LG-000431,3418,3163,2827,336,3163,2827,5819944206.22,5201701634.84,89.38,In Progress
RR-000432,LG-000432,4813,4562,4207,355,4562,4207,1658096128.66,1529068481.65,92.22,In Progress
RR-000433,LG-000433,4479,3767,2071,1696,3767,1883,12879566874.1,7080855587.01,54.98,In Progress
RR-000434,LG-000434,4843,3929,3450,479,3929,3450,5012686609.11,4401570069.08,87.81,In Progress
RR-000435,LG-000435,641,539,482,57,539,482,8320717693.77,7440790219.66,89.42,In Progress
RR-000436,LG-000436,2203,2105,2000,105,2105,1999,2254526791.2,2142068210.17,95.01,In Progress
RR-000437,LG-000437,215,194,172,22,194,172,6216242887.93,5511308127.44,88.66,In Progress
RR-000438,LG-000438,549,505,478,27,505,478,8685844055.8,8221452393.41,94.65,In Progress
RR-000439,LG-000439,3618,3402,3092,310,3402,3092,10421388755.87,9471761914.51,90.89,In Progress
RR-000440,LG-000440,3728,3565,3057,508,3565,3057,11602515765.83,9949197951.23,85.75,In Progress
RR-000441,LG-000441,4614,3974,3890,84,3974,3890,69448333.78,67980377.05,97.89,In Progress
RR-000442,LG-000442,1500,1282,448,834,1282,384,13399448663.83,4682490640.71,34.95,Delayed
RR-000443,LG-000443,4725,3829,1340,2489,3829,1148,8738142529.31,3058007570.98,35.0,Delayed
RR-000444,LG-000444,1426,1153,1101,52,1153,1101,8114032345.81,7748091598.21,95.49,In Progress
RR-000445,LG-000445,1225,1131,622,509,1131,565,125728427.31,69145076.73,55.0,In Progress
RR-000446,LG-000446,689,574,315,259,574,287,14230646374.3,7809501059.07,54.88,In Progress
RR-000447,LG-000447,2065,1846,1015,831,1846,923,13570173388.43,7461390026.68,54.98,In Progress
RR-000448,LG-000448,1381,1239,1158,81,1239,1158,12096769986.72,11305939987.59,93.46,In Progress
RR-000449,LG-000449,4852,4703,2586,2117,4703,2351,4401007474.95,2419945849.5,54.99,In Progress
RR-000450,LG-000450,2921,2362,1299,1063,2362,1181,10659793444.46,5862435090.75,55.0,In Progress
RR-000451,LG-000451,1910,1666,583,1083,1666,499,9654406326.61,3378462718.14,34.99,Delayed
RR-000452,LG-000452,1629,1603,561,1042,1603,480,13880389739.93,4857703458.58,35.0,Delayed
RR-000453,LG-000453,2873,2432,2321,111,2432,2321,2598707195.96,2480098438.25,95.44,In Progress
RR-000454,LG-000454,3892,3865,3338,527,3865,3338,10523893746.87,9088941093.67,86.36,In Progress
RR-000455,LG-000455,1244,1013,938,75,1013,938,5075686565.98,4699895359.22,92.6,In Progress
RR-000456,LG-000456,1843,1576,1433,143,1576,1433,11736982217.04,10672014921.97,90.93,In Progress
RR-000457,LG-000457,4275,3872,1355,2517,3872,1161,1477478494.47,517041157.03,34.99,Delayed
RR-000458,LG-000458,3372,2844,995,1849,2844,853,4301603451.45,1504956200.49,34.99,Delayed
RR-000459,LG-000459,3661,3462,1904,1558,3462,1731,7809208536.17,4294839125.61,55.0,In Progress
RR-000460,LG-000460,4772,4333,4234,99,4333,4234,2175378851.98,2125675988.76,97.72,In Progress
RR-000461,LG-000461,2898,2549,2358,191,2549,2358,7266385933.95,6721905858.08,92.51,In Progress
RR-000462,LG-000462,1775,1662,1450,212,1662,1450,6911202044.28,6029628738.99,87.24,In Progress
RR-000463,LG-000463,690,676,371,305,676,338,14377485710.97,7890602365.04,54.88,In Progress
RR-000464,LG-000464,3536,2909,2571,338,2909,2571,6666184282.2,5891632791.18,88.38,In Progress
RR-000465,LG-000465,1298,1099,384,715,1099,329,13612931678.84,4756474763.13,34.94,Delayed
RR-000466,LG-000466,261,260,232,28,260,232,530555986.63,473419188.07,89.23,In Progress
RR-000467,LG-000467,97,96,94,2,96,94,462704320.19,453064646.85,97.92,In Progress
RR-000468,LG-000468,615,575,201,374,575,172,11029119290.68,3855396482.48,34.96,Delayed
RR-000469,LG-000469,315,263,144,119,263,131,11501480822.7,6297388739.43,54.75,In Progress
RR-000470,LG-000470,1964,1743,1521,222,1743,1521,13535685552.39,11811691179.11,87.26,In Progress
RR-000471,LG-000471,3112,2568,2333,235,2568,2333,10648356209.24,9673915512.52,90.85,In Progress
RR-000472,LG-000472,2896,2455,2097,358,2455,2097,13903969205.59,11876425020.01,85.42,In Progress
RR-000473,LG-000473,4986,4882,4673,209,4882,4673,10599977449.28,10146188984.12,95.72,In Progress
RR-000474,LG-000474,3140,2579,2302,277,2579,2302,14664341387.07,13089303556.82,89.26,In Progress
RR-000475,LG-000475,4733,4480,4062,418,4480,4062,3107212489.89,2817298467.4,90.67,In Progress
RR-000476,LG-000476,3940,3572,3315,257,3572,3315,4578645671.08,4249219036.85,92.81,In Progress
RR-000477,LG-000477,2661,2612,1436,1176,2612,1306,1146269163.95,630184731.79,54.98,In Progress
RR-000478,LG-000478,3835,3797,3454,343,3797,3454,3248029563.31,2954620519.27,90.97,In Progress
RR-000479,LG-000479,4106,3302,1816,1486,3302,1651,6072513600.94,3339698576.41,55.0,In Progress
RR-000480,LG-000480,3018,2476,866,1610,2476,742,3805590704.51,1331034551.74,34.98,Delayed
RR-000481,LG-000481,3305,2726,1499,1227,2726,1363,14993851213.02,8244968073.48,54.99,In Progress
RR-000482,LG-000482,1625,1313,722,591,1313,656,7855265181.26,4319498446.97,54.99,In Progress
RR-000483,LG-000483,423,415,145,270,415,124,13932689482.11,4868048132.3,34.94,Delayed
RR-000484,LG-000484,3012,2981,1639,1342,2981,1490,11711944976.73,6439408861.74,54.98,In Progress
RR-000485,LG-000485,2368,2063,1946,117,2063,1946,13702637265.46,12925512418.12,94.33,In Progress
RR-000486,LG-000486,1501,1437,502,935,1437,431,12229038534.59,4272078875.69,34.93,Delayed
RR-000487,LG-000487,4419,3779,2078,1701,3779,1889,11084638616.18,6095231289.87,54.99,In Progress
RR-000488,LG-000488,4303,4059,3596,463,4059,3596,9285860255.22,8226645350.52,88.59,In Progress
RR-000489,LG-000489,2062,1962,1809,153,1962,1809,6253835128.38,5766150737.63,92.2,In Progress
RR-000490,LG-000490,108,90,87,3,90,87,13641493599.55,13186777146.23,96.67,In Progress
RR-000491,LG-000491,4550,4219,2320,1899,4219,2109,14604557073.25,8030948663.18,54.99,In Progress
RR-000492,LG-000492,1411,1154,1127,27,1154,1127,3061921000.59,2990281601.1,97.66,In Progress
RR-000493,LG-000493,2709,2535,2309,226,2535,2309,12627005023.72,11501283865.79,91.08,In Progress
RR-000494,LG-000494,1255,1131,1065,66,1131,1065,1698575519.15,1599454401.32,94.16,In Progress
RR-000495,LG-000495,4602,4169,3583,586,4169,3583,11036186708.58,9484926115.82,85.94,In Progress
RR-000496,LG-000496,4099,3530,1941,1589,3530,1765,7860781532.91,4322316417.95,54.99,In Progress
RR-000497,LG-000497,3046,3012,2788,224,3012,2788,3881500815.39,3592836744.13,92.56,In Progress
RR-000498,LG-000498,3961,3241,3037,204,3241,3037,3754148834.08,3517849432.0,93.71,In Progress
RR-000499,LG-000499,3448,3329,3149,180,3329,3149,13894177176.9,13142914968.48,94.59,In Progress
RR-000500,LG-000500,1351,1100,605,495,1100,550,9587612798.16,5273187038.99,55.0,In Progress
RR-000501,LG-000501,2476,2310,2039,271,2310,2039,14108797424.48,12453609501.52,88.27,In Progress
RR-000502,LG-000502,2644,2561,896,1665,2561,768,12376835523.99,4330200948.65,34.99,Delayed
RR-000503,LG-000503,2038,1872,1689,183,1872,1689,3535099363.09,3189520739.45,90.22,In Progress
RR-000504,LG-000504,1103,1064,585,479,1064,532,10160979449.35,5586628738.6,54.98,In Progress
RR-000505,LG-000505,4475,3671,1284,2387,3671,1101,12114176513.41,4237156808.29,34.98,Delayed
RR-000506,LG-000506,4868,4378,1532,2846,4378,1313,6555837035.35,2294093727.31,34.99,Delayed
RR-000507,LG-000507,4156,3939,1378,2561,3939,1181,11396743759.06,3986979664.89,34.98,Delayed
RR-000508,LG-000508,3885,3814,3307,507,3814,3307,10249678336.17,8887175211.78,86.71,In Progress
RR-000509,LG-000509,3064,3058,3042,16,3058,3042,12173293985.02,12109601145.33,99.48,In Progress
RR-000510,LG-000510,1352,1132,1120,12,1132,1120,6003119522.28,5939482212.86,98.94,In Progress
RR-000511,LG-000511,3308,2967,1631,1336,2967,1483,7586892706.19,4170617459.99,54.97,In Progress
RR-000512,LG-000512,3677,3065,2999,66,3065,2999,12930846837.73,12652401196.2,97.85,In Progress
RR-000513,LG-000513,2732,2661,2617,44,2661,2617,14424893284.23,14186375695.16,98.35,In Progress
RR-000514,LG-000514,1668,1526,1412,114,1526,1412,11991089338.2,11095293673.35,92.53,In Progress
RR-000515,LG-000515,970,864,842,22,864,842,9674656102.39,9428310692.38,97.45,In Progress
RR-000516,LG-000516,526,512,179,333,512,153,11106036232.97,3882774386.14,34.96,Delayed
RR-000517,LG-000517,4901,4755,1664,3091,4755,1426,11043728377.14,3864724294.33,34.99,Delayed
RR-000518,LG-000518,1990,1877,1826,51,1877,1826,10174742595.43,9898284485.48,97.28,In Progress
RR-000519,LG-000519,1887,1680,1627,53,1680,1627,7011999500.18,6790787611.19,96.85,In Progress
RR-000520,LG-000520,4007,3560,1958,1602,3560,1780,13389467322.26,7364207027.24,55.0,In Progress
RR-000521,LG-000521,2933,2432,1337,1095,2432,1216,7533422486.33,4141523792.85,54.98,In Progress
RR-000522,LG-000522,4659,3998,3630,368,3998,3630,9579242724.84,8697511528.56,90.8,In Progress
RR-000523,LG-000523,4969,4455,3931,524,4455,3931,12894119580.79,11377504842.22,88.24,In Progress
RR-000524,LG-000524,4192,3918,2154,1764,3918,1959,5373701493.14,2954301433.44,54.98,In Progress
RR-000525,LG-000525,2203,2102,1156,946,2102,1051,7350538029.61,4042446223.71,55.0,In Progress
RR-000526,LG-000526,1570,1265,695,570,1265,632,9823321044.32,5397002470.99,54.94,In Progress
RR-000527,LG-000527,3559,3492,3380,112,3492,3380,12036834795.34,11650773656.43,96.79,In Progress
RR-000528,LG-000528,3998,3830,3637,193,3830,3637,14455866134.46,13727411261.37,94.96,In Progress
RR-000529,LG-000529,4427,3854,3746,108,3854,3746,3420283273.04,3324437244.63,97.2,In Progress
RR-000530,LG-000530,2083,2040,2006,34,2040,2006,10432029150.63,10258161998.12,98.33,In Progress
RR-000531,LG-000531,3618,3004,1051,1953,3004,901,3743700722.08,1309796757.29,34.99,Delayed
RR-000532,LG-000532,3822,3356,1174,2182,3356,1006,869292142.03,304096833.95,34.98,Delayed
RR-000533,LG-000533,2321,1903,1046,857,1903,951,9039847525.99,4968828435.2,54.97,In Progress
RR-000534,LG-000534,2247,2198,1208,990,2198,1099,6644271993.68,3651629012.0,54.96,In Progress
RR-000535,LG-000535,4249,3412,3031,381,3412,3031,13215172669.8,11739504209.31,88.83,In Progress
RR-000536,LG-000536,124,100,94,6,100,94,10901285579.25,10247208444.49,94.0,In Progress
RR-000537,LG-000537,1967,1627,1486,141,1627,1486,837433212.0,764859098.36,91.33,In Progress
RR-000538,LG-000538,71,63,22,41,63,18,2777048994.61,969763140.97,34.92,Delayed
RR-000539,LG-000539,1542,1420,1307,113,1420,1307,11054367209.82,10174688692.42,92.04,In Progress
RR-000540,LG-000540,2328,1901,665,1236,1901,570,49449851.4,17298343.6,34.98,Delayed
RR-000541,LG-000541,2945,2516,2278,238,2516,2278,12361733772.63,11192380577.92,90.54,In Progress
RR-000542,LG-000542,3792,3217,1125,2092,3217,965,10380630528.95,3630155220.72,34.97,Delayed
RR-000543,LG-000543,2533,2451,1348,1103,2451,1225,4257519252.31,2341548736.07,55.0,In Progress
RR-000544,LG-000544,3187,2875,1581,1294,2875,1437,8138710627.2,4475583130.99,54.99,In Progress
RR-000545,LG-000545,2638,2437,852,1585,2437,731,11618085536.17,4061800934.27,34.96,Delayed
RR-000546,LG-000546,497,426,234,192,426,213,2927256583.31,1607929672.52,54.93,In Progress
RR-000547,LG-000547,2123,1930,675,1255,1930,579,10837107060.43,3790179930.46,34.97,Delayed
RR-000548,LG-000548,3026,2846,996,1850,2846,853,6881105470.6,2408145133.07,35.0,Delayed
RR-000549,LG-000549,3347,2905,2530,375,2905,2530,223194147.67,194382510.71,87.09,In Progress
RR-000550,LG-000550,2230,1815,1542,273,1815,1542,9219754601.58,7832981595.39,84.96,In Progress
RR-000551,LG-000551,38,37,20,17,37,18,4667419262.27,2522929330.96,54.05,In Progress
RR-000552,LG-000552,1892,1603,881,722,1603,801,8983079479.37,4937051167.39,54.96,In Progress
RR-000553,LG-000553,128,117,64,53,117,58,1437800184.29,786488989.7,54.7,In Progress
RR-000554,LG-000554,3679,3543,1948,1595,3543,1771,9050235900.91,4975969386.11,54.98,In Progress
RR-000555,LG-000555,2330,2323,1277,1046,2323,1161,2749394175.25,1511397486.78,54.97,In Progress
RR-000556,LG-000556,1520,1261,1244,17,1261,1244,4469132925.11,4408882917.4,98.65,In Progress
RR-000557,LG-000557,2895,2386,2048,338,2386,2048,5991570772.96,5142806765.73,85.83,In Progress
RR-000558,LG-000558,2491,2205,771,1434,2205,661,12819442719.65,4482444597.21,34.97,Delayed
RR-000559,LG-000559,1042,1019,1000,19,1019,1000,13143933931.74,12898855673.94,98.14,In Progress
RR-000560,LG-000560,2117,1766,1759,7,1766,1759,8887394827.69,8852167328.37,99.6,In Progress
RR-000561,LG-000561,1456,1259,692,567,1259,629,8042000200.78,4420225686.21,54.96,In Progress
RR-000562,LG-000562,1015,884,754,130,884,754,3103560612.74,2647154640.28,85.29,In Progress
RR-000563,LG-000563,2633,2480,868,1612,2480,744,14107516968.66,4937630939.03,35.0,Delayed
RR-000564,LG-000564,1326,1188,1096,92,1188,1096,10779290450.14,9944530583.63,92.26,In Progress
RR-000565,LG-000565,3920,3630,3130,500,3630,3130,5885718053.51,5075013087.46,86.23,In Progress
RR-000566,LG-000566,1538,1535,1318,217,1535,1318,13127958130.12,11272083918.89,85.86,In Progress
RR-000567,LG-000567,3568,3126,2886,240,3126,2886,103916637.26,95938392.56,92.32,In Progress
RR-000568,LG-000568,2863,2834,1558,1276,2834,1417,7318963355.5,4023622056.41,54.98,In Progress
RR-000569,LG-000569,1200,1088,380,708,1088,326,12222110992.1,4268752000.92,34.93,Delayed
RR-000570,LG-000570,4340,4181,1463,2718,4181,1254,2922653486.4,1022684058.98,34.99,Delayed
RR-000571,LG-000571,4650,3910,3498,412,3910,3498,1750497283.64,1566045907.46,89.46,In Progress
RR-000572,LG-000572,1380,1152,1130,22,1152,1130,269995232.42,264839073.47,98.09,In Progress
RR-000573,LG-000573,974,844,776,68,844,776,6721438174.88,6179900502.02,91.94,In Progress
RR-000574,LG-000574,4499,4278,3643,635,4278,3643,13672660424.23,11643174830.64,85.16,In Progress
RR-000575,LG-000575,1285,1125,1074,51,1125,1074,1607444901.18,1534574065.66,95.47,In Progress
RR-000576,LG-000576,3920,3759,2067,1692,3759,1879,10503388909.47,5775606511.27,54.99,In Progress
RR-000577,LG-000577,1368,1212,1038,174,1212,1038,9553849466.06,8182257215.98,85.64,In Progress
RR-000578,LG-000578,4345,4046,3999,47,4046,3999,13023582203.0,12872294915.92,98.84,In Progress
RR-000579,LG-000579,963,828,723,105,828,723,14741039909.47,12871705138.34,87.32,In Progress
RR-000580,LG-000580,3154,2848,996,1852,2848,854,408275051.02,142781583.85,34.97,Delayed
RR-000581,LG-000581,2649,2144,750,1394,2144,643,6919931342.5,2420684937.91,34.98,Delayed
RR-000582,LG-000582,4434,4005,3578,427,4005,3578,12984744336.9,11600353367.65,89.34,In Progress
RR-000583,LG-000583,3977,3543,3026,517,3543,3026,8152086720.08,6962521708.99,85.41,In Progress
RR-000584,LG-000584,3674,3478,3346,132,3478,3346,5102257861.42,4908612652.19,96.2,In Progress
RR-000585,LG-000585,4176,3510,1228,2282,3510,1053,8874925135.7,3104959563.15,34.99,Delayed
RR-000586,LG-000586,3248,3102,2833,269,3102,2833,1196697331.3,1092921837.39,91.33,In Progress
RR-000587,LG-000587,1897,1713,942,771,1713,856,5771424450.36,3173778069.02,54.99,In Progress
RR-000588,LG-000588,4047,3921,3452,469,3921,3452,9003558991.57,7926622198.14,88.04,In Progress
RR-000589,LG-000589,4633,4285,2356,1929,4285,2142,3537373206.22,1944936119.92,54.98,In Progress
RR-000590,LG-000590,3784,3289,3243,46,3289,3243,14608580950.32,14404265132.83,98.6,In Progress
RR-000591,LG-000591,1377,1104,386,718,1104,331,13654117929.5,4773994131.15,34.96,Delayed
RR-000592,LG-000592,2203,1803,1664,139,1803,1664,13238193447.1,12217611700.48,92.29,In Progress
RR-000593,LG-000593,3473,3442,3091,351,3442,3091,792440825.96,711631200.77,89.8,In Progress
RR-000594,LG-000594,3417,2798,2451,347,2798,2451,12375800647.8,10840989059.24,87.6,In Progress
RR-000595,LG-000595,685,654,359,295,654,327,8371034112.09,4595108939.21,54.89,In Progress
RR-000596,LG-000596,4263,4046,3718,328,4046,3718,12083544556.62,11103959135.32,91.89,In Progress
RR-000597,LG-000597,3227,2740,2657,83,2740,2657,5744260137.78,5570255177.4,96.97,In Progress
RR-000598,LG-000598,4158,3940,2167,1773,3940,1970,14073279477.94,7740303712.87,55.0,In Progress
RR-000599,LG-000599,942,756,647,109,756,647,370779358.74,317320430.03,85.58,In Progress
RR-000600,LG-000600,1912,1664,915,749,1664,832,919410242.85,505565127.53,54.99,In Progress
RR-000601,LG-000601,1737,1736,1488,248,1736,1488,12112898028.34,10382484024.29,85.71,In Progress
RR-000602,LG-000602,293,235,216,19,235,216,10771126905.84,9900269836.86,91.91,In Progress
RR-000603,LG-000603,3405,2921,2573,348,2921,2573,7946727373.66,6999975875.53,88.09,In Progress
RR-000604,LG-000604,4453,3580,1969,1611,3580,1790,10107199194.7,5558959557.09,55.0,In Progress
RR-000605,LG-000605,4615,4112,1439,2673,4112,1233,1521420515.66,532423181.43,35.0,Delayed
RR-000606,LG-000606,4871,3920,3485,435,3920,3485,4596441961.68,4086377611.34,88.9,In Progress
RR-000607,LG-000607,2303,2098,734,1364,2098,629,9143618739.7,3198959082.43,34.99,Delayed
RR-000608,LG-000608,1930,1827,639,1188,1827,548,7832886986.15,2739581162.64,34.98,Delayed
RR-000609,LG-000609,338,330,181,149,330,165,7057094732.52,3870709535.11,54.85,In Progress
RR-000610,LG-000610,4579,4163,2289,1874,4163,2081,12414165882.72,6825852919.9,54.98,In Progress
RR-000611,LG-000611,3640,3521,2998,523,3521,2998,8377416132.03,7133056962.18,85.15,In Progress
RR-000612,LG-000612,2394,2194,1943,251,2194,1943,831527981.97,736398755.23,88.56,In Progress
RR-000613,LG-000613,3319,2932,1612,1320,2932,1466,4118857659.96,2264528836.24,54.98,In Progress
RR-000614,LG-000614,1203,1109,609,500,1109,554,9128343971.73,5012769593.13,54.91,In Progress
RR-000615,LG-000615,4566,4556,3940,616,4556,3940,3235537560.29,2798072429.22,86.48,In Progress
RR-000616,LG-000616,4394,3970,2183,1787,3970,1985,5801081652.15,3189864293.86,54.99,In Progress
RR-000617,LG-000617,891,858,471,387,858,429,14772516682.18,8109388528.33,54.9,In Progress
RR-000618,LG-000618,804,781,273,508,781,234,7483273441.18,2615792124.77,34.96,Delayed
RR-000619,LG-000619,3162,3161,1738,1423,3161,1580,6286391250.36,3456421383.46,54.98,In Progress
RR-000620,LG-000620,4009,3983,1394,2589,3983,1194,11228089293.75,3929690302.66,35.0,Delayed
RR-000621,LG-000621,161,158,152,6,158,152,211371872.13,203345092.18,96.2,In Progress
RR-000622,LG-000622,4692,3806,1332,2474,3806,1141,13277183569.65,4646665400.62,35.0,Delayed
RR-000623,LG-000623,4950,4321,3766,555,4321,3766,13585239447.4,11840317463.3,87.16,In Progress
RR-000624,LG-000624,4071,3932,2162,1770,3932,1966,13378823268.85,7356311268.38,54.98,In Progress
RR-000625,LG-000625,3719,3550,3027,523,3550,3027,13039466962.76,11118441266.56,85.27,In Progress
RR-000626,LG-000626,725,704,246,458,704,211,2682192526.45,937243411.23,34.94,Delayed
RR-000627,LG-000627,1104,1096,602,494,1096,548,6012559760.84,3302519138.71,54.93,In Progress
RR-000628,LG-000628,285,269,147,122,269,134,8252247392.89,4509592441.47,54.65,In Progress
RR-000629,LG-000629,4768,4459,1560,2899,4459,1337,6610253543.9,2312625146.55,34.99,Delayed
RR-000630,LG-000630,866,857,471,386,857,428,2003362199.49,1101031033.79,54.96,In Progress
RR-000631,LG-000631,4546,4509,3867,642,4509,3867,11987836515.84,10280985541.53,85.76,In Progress
RR-000632,LG-000632,4526,3626,3140,486,3626,3140,9330630485.86,8080027502.92,86.6,In Progress
RR-000633,LG-000633,2326,2160,1188,972,2160,1080,13524204703.49,7438312586.92,55.0,In Progress
RR-000634,LG-000634,2374,2075,1845,230,2075,1845,14055343184.19,12497401530.04,88.92,In Progress
RR-000635,LG-000635,4818,4793,2636,2157,4793,2396,6981361267.04,3839530210.71,55.0,In Progress
RR-000636,LG-000636,3149,2928,2713,215,2928,2713,2730915183.76,2530386917.19,92.66,In Progress
RR-000637,LG-000637,3935,3721,3632,89,3721,3632,11025744302.65,10762027225.81,97.61,In Progress
RR-000638,LG-000638,1258,1183,1035,148,1183,1035,6506774985.82,5692740583.54,87.49,In Progress
RR-000639,LG-000639,661,541,477,64,541,476,10353372691.62,9128574443.44,88.17,In Progress
RR-000640,LG-000640,2010,1939,1808,131,1939,1808,12792404936.98,11928142406.43,93.24,In Progress
RR-000641,LG-000641,4326,3578,1967,1611,3578,1789,11229947263.26,6173646245.62,54.97,In Progress
RR-000642,LG-000642,3951,3276,3121,155,3276,3121,7436844241.15,7084978900.07,95.27,In Progress
RR-000643,LG-000643,2188,1815,998,817,1815,907,5987791699.69,3292460670.13,54.99,In Progress
RR-000644,LG-000644,1796,1476,1262,214,1476,1262,14452676978.03,12357234651.95,85.5,In Progress
RR-000645,LG-000645,2183,2127,744,1383,2127,638,8473578854.97,2963959881.57,34.98,Delayed
RR-000646,LG-000646,3181,2814,1547,1267,2814,1407,11998086652.77,6595963060.35,54.98,In Progress
RR-000647,LG-000647,4863,4587,4200,387,4587,4200,12004831851.61,10991997771.26,91.56,In Progress
RR-000648,LG-000648,2709,2468,2250,218,2468,2250,12960013350.58,11815247179.42,91.17,In Progress
RR-000649,LG-000649,2360,2151,752,1399,2151,645,6882470495.02,2406144961.53,34.96,Delayed
RR-000650,LG-000650,954,807,282,525,807,242,4368298615.27,1526468661.1,34.94,Delayed
RR-000651,LG-000651,206,184,101,83,184,92,13388286710.52,7349005205.23,54.89,In Progress
RR-000652,LG-000652,1868,1522,1358,164,1522,1358,14136299769.92,12613071673.82,89.22,In Progress
RR-000653,LG-000653,793,704,387,317,704,352,11949278675.16,6568708589.9,54.97,In Progress
RR-000654,LG-000654,487,475,166,309,475,142,1864766607.86,651686856.64,34.95,Delayed
RR-000655,LG-000655,3853,3155,2965,190,3155,2965,4485537693.45,4215410225.38,93.98,In Progress
RR-000656,LG-000656,3697,3335,3121,214,3335,3121,5337127141.64,4994654815.31,93.58,In Progress
RR-000657,LG-000657,2958,2566,2276,290,2566,2276,10937459518.46,9701347569.76,88.7,In Progress
RR-000658,LG-000658,3130,2848,2795,53,2848,2795,7576680733.19,7435682110.0,98.14,In Progress
RR-000659,LG-000659,2031,2007,1960,47,2007,1960,2949379744.18,2880311060.58,97.66,In Progress
RR-000660,LG-000660,583,485,266,219,485,242,2173240023.38,1191921332.41,54.85,In Progress
RR-000661,LG-000661,3879,3622,3344,278,3622,3344,9438378172.67,8713952680.68,92.32,In Progress
RR-000662,LG-000662,164,154,53,101,154,46,9801367055.17,3373197752.75,34.42,Delayed
RR-000663,LG-000663,1999,1847,646,1201,1847,554,10178768575.26,3560089063.14,34.98,Delayed
RR-000664,LG-000664,606,547,502,45,547,502,4077619063.16,3742165940.96,91.77,In Progress
RR-000665,LG-000665,4861,4234,3648,586,4234,3648,12189618326.76,10502533692.97,86.16,In Progress
RR-000666,LG-000666,1258,1019,356,663,1019,305,11621125942.61,4059981192.9,34.94,Delayed
RR-000667,LG-000667,3912,3169,2803,366,3169,2803,9035437465.6,7991900036.63,88.45,In Progress
RR-000668,LG-000668,169,165,151,14,165,151,6090325736.9,5573570825.89,91.52,In Progress
RR-000669,LG-000669,2304,2214,1996,218,2214,1996,14610225864.61,13171639939.37,90.15,In Progress
RR-000670,LG-000670,141,131,115,16,131,115,11999739700.82,10534122638.12,87.79,In Progress
RR-000671,LG-000671,2543,2215,2116,99,2215,2116,6923145880.61,6613714078.27,95.53,In Progress
RR-000672,LG-000672,3501,3369,1852,1517,3369,1684,7306847878.92,4016705928.1,54.97,In Progress
RR-000673,LG-000673,668,636,349,287,636,318,9132666245.8,5011478804.69,54.87,In Progress
RR-000674,LG-000674,1805,1556,1342,214,1556,1342,14031675092.9,12101868878.32,86.25,In Progress
RR-000675,LG-000675,3224,3151,2691,460,3151,2691,14597971248.81,12466880555.55,85.4,In Progress
RR-000676,LG-000676,3140,2631,2385,246,2631,2385,5120600226.45,4641821185.89,90.65,In Progress
RR-000677,LG-000677,624,503,456,47,503,456,7595823814.03,6886074869.18,90.66,In Progress
RR-000678,LG-000678,4470,3898,3530,368,3898,3530,6890490055.37,6239976884.42,90.56,In Progress
RR-000679,LG-000679,1400,1243,1124,119,1243,1124,9700446800.4,8771763639.3,90.43,In Progress
RR-000680,LG-000680,2584,2107,2065,42,2107,2065,11668976035.56,11436371862.09,98.01,In Progress
RR-000681,LG-000681,4620,4476,2461,2015,4476,2238,12519721502.72,6883609164.03,54.98,In Progress
RR-000682,LG-000682,4946,4034,3863,171,4034,3863,583353975.13,558625782.33,95.76,In Progress
RR-000683,LG-000683,4795,4533,2493,2040,4533,2266,12685052227.98,6976358968.53,55.0,In Progress
RR-000684,LG-000684,2793,2356,2101,255,2356,2101,8963865584.74,7993667908.97,89.18,In Progress
RR-000685,LG-000685,2339,1996,1937,59,1996,1937,3815968606.39,3703171939.17,97.04,In Progress
RR-000686,LG-000686,144,132,72,60,132,66,4251956178.78,2319248824.79,54.55,In Progress
RR-000687,LG-000687,2193,1759,1639,120,1759,1639,9993803220.44,9312020169.59,93.18,In Progress
RR-000688,LG-000688,1928,1831,1007,824,1831,915,1074595890.19,590998395.1,55.0,In Progress
RR-000689,LG-000689,2915,2404,2234,170,2404,2234,391192901.69,363529510.14,92.93,In Progress
RR-000690,LG-000690,494,464,398,66,464,398,10051297647.97,8621587206.66,85.78,In Progress
RR-000691,LG-000691,2945,2619,2599,20,2619,2599,6565593172.1,6515455003.55,99.24,In Progress
RR-000692,LG-000692,307,277,152,125,277,138,5450364548.83,2990813759.65,54.87,In Progress
RR-000693,LG-000693,1227,1137,1100,37,1137,1100,5857548944.5,5666933895.29,96.75,In Progress
RR-000694,LG-000694,4305,4272,3933,339,4272,3933,4116858498.18,3790169586.46,92.06,In Progress
RR-000695,LG-000695,2411,2296,2244,52,2296,2244,8876679206.17,8675639433.21,97.74,In Progress
RR-000696,LG-000696,109,101,89,12,101,89,5904702464.51,5203153656.85,88.12,In Progress
RR-000697,LG-000697,3176,2694,2297,397,2694,2297,4969038136.92,4236778248.15,85.26,In Progress
RR-000698,LG-000698,4385,4128,3757,371,4128,3757,12127690294.32,11037725880.76,91.01,In Progress
RR-000699,LG-000699,1215,1121,1102,19,1121,1102,13378717357.35,13151959436.04,98.31,In Progress
RR-000700,LG-000700,2774,2635,922,1713,2635,790,13308173071.23,4656597939.91,34.99,Delayed
RR-000701,LG-000701,30,29,27,2,29,27,12497921536.93,11635995913.69,93.1,In Progress
RR-000702,LG-000702,4101,3751,3343,408,3751,3343,13391942072.69,11935287216.48,89.12,In Progress
RR-000703,LG-000703,102,100,55,45,100,50,10677850382.8,5872817710.54,55.0,In Progress
RR-000704,LG-000704,3224,2941,2881,60,2941,2881,7958224959.56,7795867428.93,97.96,In Progress
RR-000705,LG-000705,2835,2497,1373,1124,2497,1248,13391331061.12,7363355044.82,54.99,In Progress
RR-000706,LG-000706,2313,2143,1178,965,2143,1071,7867635142.24,4324812971.33,54.97,In Progress
RR-000707,LG-000707,2136,2079,1143,936,2079,1039,5041678514.49,2771831910.56,54.98,In Progress
RR-000708,LG-000708,4903,4214,4107,107,4214,4107,10678516574.34,10407372465.78,97.46,In Progress
RR-000709,LG-000709,3953,3577,3223,354,3577,3223,7423154948.6,6688517863.95,90.1,In Progress
RR-000710,LG-000710,2991,2428,2255,173,2428,2255,9522985145.06,8844452842.71,92.87,In Progress
RR-000711,LG-000711,1910,1536,1355,181,1536,1355,6333098845.81,5586815713.59,88.22,In Progress
RR-000712,LG-000712,2423,1967,1081,886,1967,983,11839353207.05,6506528122.43,54.96,In Progress
RR-000713,LG-000713,890,754,414,340,754,377,13246883220.87,7273487604.03,54.91,In Progress
RR-000714,LG-000714,3952,3601,3403,198,3601,3403,12799392061.94,12095620990.5,94.5,In Progress
RR-000715,LG-000715,819,666,366,300,666,333,5597160084.98,3075916803.46,54.95,In Progress
RR-000716,LG-000716,4175,3908,2149,1759,3908,1954,14025274929.87,7712465666.4,54.99,In Progress
RR-000717,LG-000717,2285,2223,1951,272,2223,1951,8872088130.86,7786524490.92,87.76,In Progress
RR-000718,LG-000718,2190,1934,676,1258,1934,580,2160940575.48,755323593.08,34.95,Delayed
RR-000719,LG-000719,2856,2658,930,1728,2658,797,14221638522.44,4975968331.78,34.99,Delayed
RR-000720,LG-000720,4324,4258,1490,2768,4258,1277,3981266294.23,1393162700.42,34.99,Delayed
RR-000721,LG-000721,4951,4524,4277,247,4524,4277,4702317125.73,4445581420.59,94.54,In Progress
RR-000722,LG-000722,2708,2669,934,1735,2669,800,6521807799.24,2282266198.76,34.99,Delayed
RR-000723,LG-000723,1254,1076,1003,73,1076,1003,7327687653.75,6830548993.23,93.22,In Progress
RR-000724,LG-000724,3666,3362,3130,232,3362,3130,1155764666.93,1076009341.91,93.1,In Progress
RR-000725,LG-000725,1034,950,522,428,950,475,870812021.41,478488289.66,54.95,In Progress
RR-000726,LG-000726,2035,1784,1691,93,1784,1691,2287478436.3,2168232082.84,94.79,In Progress
RR-000727,LG-000727,1085,1034,361,673,1034,310,10792404008.8,3767947627.83,34.91,Delayed
RR-000728,LG-000728,779,644,555,89,644,555,8681395713.21,7481637609.99,86.18,In Progress
RR-000729,LG-000729,266,235,214,21,235,214,4593107456.13,4182659555.79,91.06,In Progress
RR-000730,LG-000730,1942,1721,1672,49,1721,1672,2806325856.75,2726424655.72,97.15,In Progress
RR-000731,LG-000731,1089,1086,380,706,1086,325,1310418482.45,458525804.17,34.99,Delayed
RR-000732,LG-000732,1981,1632,1629,3,1632,1629,14158980353.6,14132952816.19,99.82,In Progress
RR-000733,LG-000733,4652,4226,2324,1902,4226,2113,6209611331.1,3414845417.29,54.99,In Progress
RR-000734,LG-000734,2653,2563,897,1666,2563,768,3323883461.45,1163294367.9,35.0,Delayed
RR-000735,LG-000735,1935,1821,1641,180,1821,1641,14448866018.92,13020642030.23,90.12,In Progress
RR-000736,LG-000736,500,419,395,24,419,395,3027360626.7,2853955722.07,94.27,In Progress
RR-000737,LG-000737,4985,4742,4500,242,4742,4500,2605935343.47,2472945813.08,94.9,In Progress
RR-000738,LG-000738,2513,2098,734,1364,2098,629,12986027823.54,4543252822.92,34.99,Delayed
RR-000739,LG-000739,878,751,413,338,751,375,4170730250.89,2293623959.54,54.99,In Progress
RR-000740,LG-000740,498,435,239,196,435,217,356317689.33,195769948.85,54.94,In Progress
RR-000741,LG-000741,1624,1374,755,619,1374,687,14629091833.52,8038547550.44,54.95,In Progress
RR-000742,LG-000742,4288,4170,3842,328,4170,3842,6469457166.07,5960588592.82,92.13,In Progress
RR-000743,LG-000743,501,437,434,3,437,434,10016255952.92,9947494470.41,99.31,In Progress
RR-000744,LG-000744,1479,1205,662,543,1205,602,1671023561.54,918022902.69,54.94,In Progress
RR-000745,LG-000745,4338,3559,3473,86,3559,3473,12777427799.31,12468672870.75,97.58,In Progress
RR-000746,LG-000746,1709,1578,552,1026,1578,473,2955457572.36,1033848276.26,34.98,Delayed
RR-000747,LG-000747,3536,3501,3287,214,3501,3287,5327236659.14,5001607226.1,93.89,In Progress
RR-000748,LG-000748,2163,1889,1038,851,1889,944,4565273412.39,2508604447.89,54.95,In Progress
RR-000749,LG-000749,3330,3250,3020,230,3250,3020,4764065315.33,4426916077.63,92.92,In Progress
RR-000750,LG-000750,1687,1551,1519,32,1551,1519,5315820191.4,5206144984.36,97.94,In Progress
RR-000751,LG-000751,1981,1820,1779,41,1820,1779,5142726907.36,5026874268.24,97.75,In Progress
RR-000752,LG-000752,1932,1714,1551,163,1714,1551,3754509552.59,3397458760.83,90.49,In Progress
RR-000753,LG-000753,4872,4785,1674,3111,4785,1435,10645609872.46,3724294864.47,34.98,Delayed
RR-000754,LG-000754,1122,920,904,16,920,904,7268106908.67,7141705049.39,98.26,In Progress
RR-000755,LG-000755,475,445,244,201,445,222,1829934859.41,1003380012.8,54.83,In Progress
RR-000756,LG-000756,4149,3905,2147,1758,3905,1952,4385475368.55,2411169171.9,54.98,In Progress
RR-000757,LG-000757,18,14,4,10,14,4,10622936729.49,3035124779.85,28.57,Delayed
RR-000758,LG-000758,675,565,530,35,565,530,704795986.75,661136058.37,93.81,In Progress
RR-000759,LG-000759,4799,4206,3697,509,4206,3697,3707179472.72,3258545532.73,87.9,In Progress
RR-000760,LG-000760,2924,2566,1411,1155,2566,1283,1534274493.25,843671593.91,54.99,In Progress
RR-000761,LG-000761,4666,4630,4021,609,4630,4020,8374717388.52,7273161688.82,86.85,In Progress
RR-000762,LG-000762,2047,1674,585,1089,1674,502,12199186531.76,4263156583.68,34.95,Delayed
RR-000763,LG-000763,3446,3108,1709,1399,3108,1554,12112928362.86,6660551664.13,54.99,In Progress
RR-000764,LG-000764,2976,2594,2469,125,2594,2469,1510144101.69,1437373086.77,95.18,In Progress
RR-000765,LG-000765,238,200,110,90,200,100,14369922378.71,7903457308.29,55.0,In Progress
RR-000766,LG-000766,321,263,260,3,263,260,3385889058.8,3347266750.14,98.86,In Progress
RR-000767,LG-000767,3364,2890,1011,1879,2890,867,5709389628.79,1997298586.4,34.98,Delayed
RR-000768,LG-000768,4711,3803,3517,286,3803,3517,1115267954.94,1031395581.78,92.48,In Progress
RR-000769,LG-000769,2893,2386,2126,260,2386,2126,14246765518.35,12694309929.59,89.1,In Progress
RR-000770,LG-000770,557,478,437,41,478,437,5528554943.57,5054348347.99,91.42,In Progress
RR-000771,LG-000771,3515,3241,3158,83,3241,3158,14159402085.5,13796788579.45,97.44,In Progress
RR-000772,LG-000772,1386,1253,1164,89,1253,1164,8167724004.13,7587574414.05,92.9,In Progress
RR-000773,LG-000773,4658,4352,3933,419,4352,3933,200787639.99,181456293.22,90.37,In Progress
RR-000774,LG-000774,2119,1910,1050,860,1910,955,5981784398.81,3288415507.2,54.97,In Progress
RR-000775,LG-000775,2366,2210,773,1437,2210,663,3260791495.79,1140539287.89,34.98,Delayed
RR-000776,LG-000776,2936,2624,2250,374,2624,2250,2765178645.67,2371056384.44,85.75,In Progress
RR-000777,LG-000777,1096,1057,581,476,1057,528,6540927177.72,3595344077.82,54.97,In Progress
RR-000778,LG-000778,1637,1389,1215,174,1389,1215,564175727.31,493501446.14,87.47,In Progress
RR-000779,LG-000779,704,646,565,81,646,565,2516824451.32,2201247391.63,87.46,In Progress
RR-000780,LG-000780,3869,3379,3164,215,3379,3164,11467501248.06,10737843725.62,93.64,In Progress
RR-000781,LG-000781,1132,964,849,115,964,849,3241231754.96,2854570290.42,88.07,In Progress
RR-000782,LG-000782,2953,2700,2375,325,2700,2375,8601900566.23,7566486609.18,87.96,In Progress
RR-000783,LG-000783,3164,2894,1012,1882,2894,868,13021460297.88,4553461583.09,34.97,Delayed
RR-000784,LG-000784,2607,2268,1247,1021,2268,1134,2428782745.29,1335402153.16,54.98,In Progress
RR-000785,LG-000785,2658,2223,1222,1001,2223,1111,10666096761.96,5863234477.33,54.97,In Progress
RR-000786,LG-000786,3125,3066,2692,374,3066,2692,5357244863.12,4703751849.81,87.8,In Progress
RR-000787,LG-000787,4366,3720,2046,1674,3720,1860,12577809228.63,6917795075.75,55.0,In Progress
RR-000788,LG-000788,4373,3915,2153,1762,3915,1957,13074676625.87,7190237235.12,54.99,In Progress
RR-000789,LG-000789,1714,1638,900,738,1638,819,10529218668.27,5785284982.57,54.95,In Progress
RR-000790,LG-000790,3557,3030,1666,1364,3030,1515,10199841119.68,5608229473.73,54.98,In Progress
RR-000791,LG-000791,3543,2983,1044,1939,2983,894,9325237943.91,3263676974.0,35.0,Delayed
RR-000792,LG-000792,1697,1575,866,709,1575,787,8765158496.5,4819445878.08,54.98,In Progress
RR-000793,LG-000793,1441,1412,494,918,1412,423,8130064325.37,2844370946.69,34.99,Delayed
RR-000794,LG-000794,859,848,732,116,848,732,10172197806.36,8780717917.75,86.32,In Progress
RR-000795,LG-000795,2298,2076,1141,935,2076,1038,4218106222.56,2318332947.95,54.96,In Progress
RR-000796,LG-000796,3167,2845,1564,1281,2845,1422,11146376903.15,6127568884.54,54.97,In Progress
RR-000797,LG-000797,2302,1907,1048,859,1907,953,14579109880.02,8012012141.72,54.96,In Progress
RR-000798,LG-000798,536,484,475,9,484,475,6427418535.69,6307900422.42,98.14,In Progress
RR-000799,LG-000799,470,408,380,28,408,380,6086039480.66,5668370104.54,93.14,In Progress
RR-000800,LG-000800,3250,3155,2698,457,3155,2698,7952638420.75,6800703156.64,85.52,In Progress
RR-000801,LG-000801,2969,2847,1565,1282,2847,1423,436484258.86,239936025.68,54.97,In Progress
RR-000802,LG-000802,2381,2241,2099,142,2241,2099,10547486247.14,9879149322.96,93.66,In Progress
RR-000803,LG-000803,1675,1584,871,713,1584,792,14875113261.9,8179434123.18,54.99,In Progress
RR-000804,LG-000804,2545,2122,2010,112,2122,2010,2847773944.83,2697467308.72,94.72,In Progress
RR-000805,LG-000805,1111,1082,978,104,1082,978,13891961941.58,12556690183.79,90.39,In Progress
RR-000806,LG-000806,1226,1030,943,87,1030,943,14288318324.33,13081440951.3,91.55,In Progress
RR-000807,LG-000807,3285,2894,1012,1882,2894,868,12075923339.77,4222817698.63,34.97,Delayed
RR-000808,LG-000808,2242,2164,1993,171,2164,1993,2942612643.97,2710086413.79,92.1,In Progress
RR-000809,LG-000809,780,710,390,320,710,355,14269835659.97,7838360432.94,54.93,In Progress
RR-000810,LG-000810,4991,4624,4399,225,4624,4399,44949002.15,42761821.03,95.13,In Progress
RR-000811,LG-000811,3064,2884,1586,1298,2884,1442,1541109213.12,847503194.18,54.99,In Progress
RR-000812,LG-000812,4820,4679,4045,634,4679,4045,9806817074.42,8478002792.48,86.45,In Progress
RR-000813,LG-000813,1159,1076,591,485,1076,538,11154447770.53,6126653004.07,54.93,In Progress
RR-000814,LG-000814,787,647,575,72,647,575,10548530263.73,9374659817.07,88.87,In Progress
RR-000815,LG-000815,2031,1953,1903,50,1953,1903,3931388175.33,3830738196.44,97.44,In Progress
RR-000816,LG-000816,4036,3499,1924,1575,3499,1749,6212936496.37,3416316038.59,54.99,In Progress
RR-000817,LG-000817,618,544,190,354,544,163,403924049.35,141076414.3,34.93,Delayed
RR-000818,LG-000818,1600,1350,742,608,1350,675,13768448621.82,7567547316.59,54.96,In Progress
RR-000819,LG-000819,1455,1335,1223,112,1335,1223,10746280497.16,9844719886.16,91.61,In Progress
RR-000820,LG-000820,3585,2891,2652,239,2891,2652,490017405.79,449507492.27,91.73,In Progress
RR-000821,LG-000821,347,345,310,35,345,310,8396063790.1,7544289202.7,89.86,In Progress
RR-000822,LG-000822,116,113,102,11,113,102,8517625849.47,7688476430.5,90.27,In Progress
RR-000823,LG-000823,1581,1553,1498,55,1553,1498,13399545992.02,12924996713.49,96.46,In Progress
RR-000824,LG-000824,1366,1240,1116,124,1240,1116,9344381533.38,8409943380.04,90.0,In Progress
RR-000825,LG-000825,1573,1391,1338,53,1391,1338,5956066784.46,5729128222.58,96.19,In Progress
RR-000826,LG-000826,2975,2880,2678,202,2880,2678,2524197040.3,2347152664.56,92.99,In Progress
RR-000827,LG-000827,913,854,774,80,854,774,12799717284.69,11600680536.71,90.63,In Progress
RR-000828,LG-000828,1981,1861,1754,107,1861,1754,7169200964.1,6757000801.2,94.25,In Progress
RR-000829,LG-000829,955,946,945,1,946,945,11189448340.79,11177620171.3,99.89,In Progress
RR-000830,LG-000830,4281,4114,2262,1852,4114,2057,2650852018.14,1457517565.64,54.98,In Progress
RR-000831,LG-000831,4778,4024,3771,253,4024,3771,11240022165.45,10533330911.01,93.71,In Progress
RR-000832,LG-000832,1346,1298,1114,184,1298,1114,760412846.45,652619345.87,85.82,In Progress
RR-000833,LG-000833,4581,4044,3739,305,4044,3739,9335332625.72,8631258330.26,92.46,In Progress
RR-000834,LG-000834,3621,3323,3101,222,3323,3101,10143115329.24,9465483188.68,93.32,In Progress
RR-000835,LG-000835,2688,2678,2418,260,2678,2418,14378670023.99,12982682643.02,90.29,In Progress
RR-000836,LG-000836,4102,3912,3471,441,3912,3471,344161778.62,305364400.2,88.73,In Progress
RR-000837,LG-000837,1406,1359,1254,105,1359,1254,4554932038.36,4203005721.93,92.27,In Progress
RR-000838,LG-000838,3267,2894,2637,257,2894,2637,8539670523.58,7781310010.6,91.12,In Progress
RR-000839,LG-000839,4888,4488,3966,522,4488,3966,6041315209.29,5338648868.1,88.37,In Progress
RR-000840,LG-000840,2820,2746,2640,106,2746,2640,5422686400.56,5213362016.56,96.14,In Progress
RR-000841,LG-000841,3340,2734,2730,4,2734,2730,3883154589.59,3877473310.01,99.85,In Progress
RR-000842,LG-000842,4386,3920,2156,1764,3920,1960,9214119847.14,5067765915.93,55.0,In Progress
RR-000843,LG-000843,3582,2986,2974,12,2986,2974,14066806124.58,14010275088.58,99.6,In Progress
RR-000844,LG-000844,553,516,180,336,516,154,1176687016.61,410472215.1,34.88,Delayed
RR-000845,LG-000845,1605,1510,830,680,1510,755,11680695007.67,6420514474.41,54.97,In Progress
RR-000846,LG-000846,3688,3479,3380,99,3479,3380,9814385900.26,9535103289.13,97.15,In Progress
RR-000847,LG-000847,226,218,195,23,218,195,1282051135.78,1146788859.99,89.45,In Progress
RR-000848,LG-000848,11,9,4,5,9,4,743454003.13,330424001.39,44.44,In Progress
RR-000849,LG-000849,279,248,86,162,248,74,2546782462.99,883158434.75,34.68,Delayed
RR-000850,LG-000850,4938,4418,1546,2872,4418,1325,3125323774.18,1093651098.89,34.99,Delayed
RR-000851,LG-000851,121,102,56,46,102,51,6453884650.7,3543309219.99,54.9,In Progress
RR-000852,LG-000852,3722,3451,1898,1553,3451,1725,3964183214.25,2180243332.55,55.0,In Progress
RR-000853,LG-000853,4012,3488,1220,2268,3488,1046,1555924291.29,544216638.58,34.98,Delayed
RR-000854,LG-000854,1000,962,529,433,962,481,1522468303.65,837199306.27,54.99,In Progress
RR-000855,LG-000855,1083,987,542,445,987,493,10434446724.94,5729959599.71,54.91,In Progress
RR-000856,LG-000856,486,429,423,6,429,423,13282979532.38,13097203594.86,98.6,In Progress
RR-000857,LG-000857,1957,1642,903,739,1642,821,3640225370.8,2001902259.34,54.99,In Progress
RR-000858,LG-000858,4062,3319,2967,352,3319,2967,3269742973.17,2922966978.43,89.39,In Progress
RR-000859,LG-000859,1582,1457,1245,212,1457,1245,4178426994.74,3570447226.12,85.45,In Progress
RR-000860,LG-000860,2812,2343,2049,294,2343,2049,12347967447.06,10798542594.55,87.45,In Progress
RR-000861,LG-000861,2896,2745,2417,328,2745,2417,7259159027.11,6391762247.19,88.05,In Progress
RR-000862,LG-000862,4563,4435,1552,2883,4435,1330,7336958808.09,2567522000.04,34.99,Delayed
RR-000863,LG-000863,886,730,679,51,730,679,10962076306.54,10196232619.37,93.01,In Progress
RR-000864,LG-000864,4954,4504,3874,630,4504,3874,4345281712.33,3737482538.54,86.01,In Progress
RR-000865,LG-000865,4636,4268,3884,384,4268,3884,9119188228.64,8298717685.11,91.0,In Progress
RR-000866,LG-000866,3619,3441,2990,451,3441,2990,4911217111.24,4267520826.1,86.89,In Progress
RR-000867,LG-000867,4239,3473,3192,281,3473,3192,1916690648.36,1761611445.31,91.91,In Progress
RR-000868,LG-000868,4508,4126,2269,1857,4126,2063,8570441699.34,4713119780.85,54.99,In Progress
RR-000869,LG-000869,4025,3925,1373,2552,3925,1177,14267813591.72,4991008423.29,34.98,Delayed
RR-000870,LG-000870,1117,983,860,123,983,860,11093390806.15,9705306300.4,87.49,In Progress
RR-000871,LG-000871,889,861,768,93,861,768,11221679739.14,10009581927.6,89.2,In Progress
RR-000872,LG-000872,3239,3160,2787,373,3160,2787,6215954347.44,5482235685.54,88.2,In Progress
RR-000873,LG-000873,1340,1126,999,127,1126,999,4307852012.46,3821975275.71,88.72,In Progress
RR-000874,LG-000874,1023,965,913,52,965,913,5460768332.77,5166509313.8,94.61,In Progress
RR-000875,LG-000875,89,73,40,33,73,36,11178032055.72,6124949071.63,54.79,In Progress
RR-000876,LG-000876,3383,2965,2649,316,2965,2649,10131298899.89,9051538207.69,89.34,In Progress
RR-000877,LG-000877,4456,3611,3140,471,3611,3140,6718352032.11,5842045245.31,86.96,In Progress
RR-000878,LG-000878,2146,2035,1891,144,2035,1891,7515542776.63,6983730413.07,92.92,In Progress
RR-000879,LG-000879,962,925,508,417,925,462,9937114578.2,5457355898.08,54.92,In Progress
RR-000880,LG-000880,4874,4024,3636,388,4024,3636,2096615450.24,1894456704.04,90.36,In Progress
RR-000881,LG-000881,4510,3905,1366,2539,3905,1171,2626090860.41,918627430.3,34.98,Delayed
RR-000882,LG-000882,3225,2763,2380,383,2763,2380,5055247864.18,4354502322.38,86.14,In Progress
RR-000883,LG-000883,3728,3629,3097,532,3629,3097,4433367871.55,3783450068.39,85.34,In Progress
RR-000884,LG-000884,1660,1476,1312,164,1476,1312,631905516.25,561693792.22,88.89,In Progress
RR-000885,LG-000885,2018,1623,1564,59,1623,1564,13808313107.21,13306347319.58,96.36,In Progress
RR-000886,LG-000886,2805,2392,2354,38,2392,2354,761831855.02,749729175.05,98.41,In Progress
RR-000887,LG-000887,3033,2734,2461,273,2734,2461,14039938005.33,12637998328.87,90.01,In Progress
RR-000888,LG-000888,4401,4089,3666,423,4089,3666,5247272959.11,4704451618.51,89.66,In Progress
RR-000889,LG-000889,3923,3442,3399,43,3442,3399,12238336444.72,12085446128.88,98.75,In Progress
RR-000890,LG-000890,589,500,460,40,500,460,13713945376.65,12616829746.52,92.0,In Progress
RR-000891,LG-000891,2549,2060,1928,132,2060,1928,6844023118.73,6405474064.52,93.59,In Progress
RR-000892,LG-000892,3786,3159,1737,1422,3159,1579,5219261981.1,2869850604.99,54.99,In Progress
RR-000893,LG-000893,4802,4121,1442,2679,4121,1236,11926979434.37,4173429833.62,34.99,Delayed
RR-000894,LG-000894,426,419,367,52,419,367,139497141.13,122184846.77,87.59,In Progress
RR-000895,LG-000895,4282,3496,1223,2273,3496,1048,3696143845.44,1293015996.27,34.98,Delayed
RR-000896,LG-000896,2546,2078,727,1351,2078,623,5717928137.66,2000449353.26,34.99,Delayed
RR-000897,LG-000897,3205,2719,2437,282,2719,2437,14161556502.62,12692796321.03,89.63,In Progress
RR-000898,LG-000898,880,876,845,31,876,845,1869432033.96,1803276334.13,96.46,In Progress
RR-000899,LG-000899,4198,3902,2146,1756,3902,1951,1428900031.36,785858397.56,55.0,In Progress
RR-000900,LG-000900,4743,3882,2135,1747,3882,1941,6669507665.08,3668057409.83,55.0,In Progress
RR-000901,LG-000901,1867,1679,587,1092,1679,503,8667134018.0,3030141553.64,34.96,Delayed
RR-000902,LG-000902,1084,1053,902,151,1053,902,11322349101.73,9698726391.04,85.66,In Progress
RR-000903,LG-000903,2745,2423,2239,184,2423,2239,13494723553.41,12469948838.66,92.41,In Progress
RR-000904,LG-000904,4333,4004,3407,597,4004,3407,3722005268.57,3167050936.57,85.09,In Progress
RR-000905,LG-000905,2894,2774,970,1804,2774,832,8532692244.21,2983673928.22,34.97,Delayed
RR-000906,LG-000906,1542,1421,497,924,1421,426,2540052268.36,888392665.29,34.98,Delayed
RR-000907,LG-000907,272,266,258,8,266,258,10734428662.74,10411588702.96,96.99,In Progress
RR-000908,LG-000908,1974,1927,1925,2,1927,1925,10772295987.77,10761115607.92,99.9,In Progress
RR-000909,LG-000909,98,81,44,37,81,40,9116265206.62,4952045297.42,54.32,In Progress
RR-000910,LG-000910,2951,2690,2366,324,2690,2366,11674298028.38,10268174399.68,87.96,In Progress
RR-000911,LG-000911,3999,3718,1301,2417,3718,1115,3896326218.5,1363399787.59,34.99,Delayed
RR-000912,LG-000912,3234,3169,1109,2060,3169,950,693985465.18,242862064.02,35.0,Delayed
RR-000913,LG-000913,2274,1959,1925,34,1959,1925,6871253841.72,6751997777.09,98.26,In Progress
RR-000914,LG-000914,4563,3733,3572,161,3733,3572,6139632865.36,5874837555.6,95.69,In Progress
RR-000915,LG-000915,1412,1290,709,581,1290,645,4764882298.48,2618838410.56,54.96,In Progress
RR-000916,LG-000916,2558,2258,2240,18,2258,2240,8202679062.35,8137290123.85,99.2,In Progress
RR-000917,LG-000917,4755,4754,4436,318,4754,4436,9478618069.27,8844583457.15,93.31,In Progress
RR-000918,LG-000918,2094,2020,1739,281,2020,1739,4862906675.08,4186433023.74,86.09,In Progress
RR-000919,LG-000919,944,818,449,369,818,409,13813579545.82,7582270435.3,54.89,In Progress
RR-000920,LG-000920,3840,3585,3364,221,3585,3364,2467109679.92,2315022862.83,93.84,In Progress
RR-000921,LG-000921,3899,3422,3181,241,3422,3181,14163793141.58,13166284624.01,92.96,In Progress
RR-000922,LG-000922,4489,4067,1423,2644,4067,1220,9861411868.61,3450403021.65,34.99,Delayed
RR-000923,LG-000923,1040,1007,875,132,1007,875,11262586014.8,9786258950.3,86.89,In Progress
RR-000924,LG-000924,1813,1735,954,781,1735,867,7182104993.56,3949122861.01,54.99,In Progress
RR-000925,LG-000925,3514,3451,3414,37,3451,3414,9460474892.23,9359044126.94,98.93,In Progress
RR-000926,LG-000926,3806,3703,3351,352,3703,3351,7000815050.36,6335331146.03,90.49,In Progress
RR-000927,LG-000927,1537,1291,1278,13,1291,1278,5619634255.17,5563046148.81,98.99,In Progress
RR-000928,LG-000928,3491,2956,1034,1922,2956,886,10790246809.46,3774396211.43,34.98,Delayed
RR-000929,LG-000929,1222,995,974,21,995,974,8412395498.73,8234847453.03,97.89,In Progress
RR-000930,LG-000930,1341,1315,1124,191,1315,1124,3347262152.97,2861081870.68,85.48,In Progress
RR-000931,LG-000931,2131,1987,1092,895,1987,993,9587675782.61,5269120258.99,54.96,In Progress
RR-000932,LG-000932,829,663,594,69,663,594,7533494437.2,6749465604.37,89.59,In Progress
RR-000933,LG-000933,4522,3770,3443,327,3770,3443,11934250129.22,10899104295.73,91.33,In Progress
RR-000934,LG-000934,4495,4289,4212,77,4289,4212,4060091557.74,3987201128.75,98.2,In Progress
RR-000935,LG-000935,221,178,97,81,178,89,6558118493.64,3573806145.41,54.49,In Progress
RR-000936,LG-000936,4099,3784,3367,417,3784,3367,12939348162.65,11513421052.76,88.98,In Progress
RR-000937,LG-000937,2335,2202,2041,161,2202,2041,13854860082.0,12841857142.31,92.69,In Progress
RR-000938,LG-000938,4219,4010,2205,1805,4010,2005,8009657603.69,4404312971.61,54.99,In Progress
RR-000939,LG-000939,4885,4282,3912,370,4282,3912,13191677886.1,12051808475.11,91.36,In Progress
RR-000940,LG-000940,4192,4181,3807,374,4181,3807,6729309896.56,6127357755.61,91.05,In Progress
RR-000941,LG-000941,4205,3522,1232,2290,3522,1056,4133290194.06,1445830073.56,34.98,Delayed
RR-000942,LG-000942,4746,4388,1535,2853,4388,1316,2263328521.93,791752343.02,34.98,Delayed
RR-000943,LG-000943,1586,1447,795,652,1447,723,1086254567.26,596801921.89,54.94,In Progress
RR-000944,LG-000944,4081,3326,1829,1497,3326,1663,2491928138.82,1370335708.33,54.99,In Progress
RR-000945,LG-000945,3304,2975,2879,96,2975,2879,14321139551.75,13859012023.36,96.77,In Progress
RR-000946,LG-000946,2763,2402,840,1562,2402,720,4551552647.2,1591716995.69,34.97,Delayed
RR-000947,LG-000947,4469,3732,2052,1680,3732,1866,13610920022.88,7483817761.78,54.98,In Progress
RR-000948,LG-000948,103,100,55,45,100,50,7021494084.04,3861821746.22,55.0,In Progress
RR-000949,LG-000949,4574,4307,4203,104,4307,4203,12539870099.9,12237073143.69,97.59,In Progress
RR-000950,LG-000950,4796,3961,3639,322,3961,3639,7501330050.48,6891527405.63,91.87,In Progress
RR-000951,LG-000951,1893,1538,845,693,1538,769,13796512255.38,7580008358.78,54.94,In Progress
RR-000952,LG-000952,1535,1327,1239,88,1327,1239,13015060046.14,12151966388.22,93.37,In Progress
RR-000953,LG-000953,485,388,369,19,388,369,6228175542.89,5923187565.27,95.1,In Progress
RR-000954,LG-000954,1326,1158,405,753,1158,347,11228939051.53,3927219616.47,34.97,Delayed
RR-000955,LG-000955,1902,1716,600,1116,1716,514,7503440381.24,2623580552.88,34.97,Delayed
RR-000956,LG-000956,275,250,222,28,250,222,5491012348.04,4876018965.06,88.8,In Progress
RR-000957,LG-000957,532,461,161,300,461,138,3100803102.47,1082926896.96,34.92,Delayed
RR-000958,LG-000958,162,133,118,15,133,118,1531938302.49,1359163305.97,88.72,In Progress
RR-000959,LG-000959,3360,2926,2815,111,2926,2815,9985800542.88,9606981725.29,96.21,In Progress
RR-000960,LG-000960,4649,4574,2515,2059,4574,2287,5777442171.02,3176709020.58,54.98,In Progress
RR-000961,LG-000961,4329,4031,3564,467,4031,3564,5781411439.48,5111622518.06,88.41,In Progress
RR-000962,LG-000962,2736,2260,2163,97,2260,2163,4504622850.02,4311282842.74,95.71,In Progress
RR-000963,LG-000963,4734,4540,2497,2043,4540,2270,12172784982.9,6695031740.6,55.0,In Progress
RR-000964,LG-000964,3834,3677,1286,2391,3677,1103,878439977.18,307227035.8,34.97,Delayed
RR-000965,LG-000965,4912,4029,3910,119,4029,3910,8798236455.48,8538372931.48,97.05,In Progress
RR-000966,LG-000966,2008,1832,1797,35,1832,1797,2415310280.47,2369166252.19,98.09,In Progress
RR-000967,LG-000967,1976,1660,1614,46,1660,1614,10194152460.15,9911663898.0,97.23,In Progress
RR-000968,LG-000968,591,570,313,257,570,285,11841444221.5,6502407090.05,54.91,In Progress
RR-000969,LG-000969,2618,2361,1298,1063,2361,1180,2678965966.55,1472807210.75,54.98,In Progress
RR-000970,LG-000970,1882,1654,1501,153,1654,1501,2644740801.24,2400094282.14,90.75,In Progress
RR-000971,LG-000971,1645,1328,730,598,1328,664,7177244734.55,3945322783.3,54.97,In Progress
RR-000972,LG-000972,1524,1508,829,679,1508,754,14647723673.39,8052362682.52,54.97,In Progress
RR-000973,LG-000973,4251,3461,3147,314,3461,3147,9331765143.58,8485138661.33,90.93,In Progress
RR-000974,LG-000974,1257,1175,1107,68,1175,1107,7837698260.31,7384112318.44,94.21,In Progress
RR-000975,LG-000975,2302,2009,1837,172,2009,1837,1766540532.47,1615298635.22,91.44,In Progress
RR-000976,LG-000976,4294,4117,3819,298,4117,3819,10778492478.72,9998314980.87,92.76,In Progress
RR-000977,LG-000977,4431,4183,3776,407,4183,3776,9641232430.92,8703154114.07,90.27,In Progress
RR-000978,LG-000978,159,130,117,13,130,117,6458627379.38,5812764641.44,90.0,In Progress
RR-000979,LG-000979,2111,1892,1716,176,1892,1716,11262014081.14,10214384864.29,90.7,In Progress
RR-000980,LG-000980,4685,4437,4253,184,4437,4253,9236727280.29,8853685175.36,95.85,In Progress
RR-000981,LG-000981,3141,2585,2250,335,2585,2250,8237558099.65,7170021556.76,87.04,In Progress
RR-000982,LG-000982,4475,3802,3710,92,3802,3710,9070100849.1,8850624447.7,97.58,In Progress
RR-000983,LG-000983,3936,3458,3241,217,3458,3241,7267458614.81,6811403519.55,93.72,In Progress
RR-000984,LG-000984,4186,3753,3367,386,3753,3367,5913953747.93,5305697380.57,89.71,In Progress
RR-000985,LG-000985,1399,1313,1237,76,1313,1237,11824983987.17,11140521852.35,94.21,In Progress
RR-000986,LG-000986,4796,4727,4659,68,4727,4659,7966373265.33,7851773438.37,98.56,In Progress
RR-000987,LG-000987,2047,1922,1788,134,1922,1788,4370976603.1,4066236298.83,93.03,In Progress
RR-000988,LG-000988,4406,4333,3930,403,4333,3930,3811425160.14,3456935351.8,90.7,In Progress
RR-000989,LG-000989,3475,2877,2661,216,2877,2661,13232130771.07,12238686125.07,92.49,In Progress
RR-000990,LG-000990,978,784,739,45,784,739,8119985636.96,7653915032.8,94.26,In Progress
RR-000991,LG-000991,481,437,433,4,437,433,2273281938.75,2252473866.08,99.08,In Progress
RR-000992,LG-000992,765,671,234,437,671,201,4117223916.33,1435812811.36,34.87,Delayed
RR-000993,LG-000993,1050,1028,1003,25,1028,1003,13188886736.75,12868145327.78,97.57,In Progress
RR-000994,LG-000994,1548,1328,730,598,1328,664,1025526210.97,563730522.6,54.97,In Progress
RR-000995,LG-000995,1024,914,828,86,914,828,10207806695.76,9247334730.95,90.59,In Progress
RR-000996,LG-000996,3134,2733,1503,1230,2733,1366,4960545309.41,2728027661.93,54.99,In Progress
RR-000997,LG-000997,4397,3705,3312,393,3705,3312,12409163996.79,11092888301.58,89.39,In Progress
RR-000998,LG-000998,1539,1412,1329,83,1412,1329,2925326180.49,2753370038.15,94.12,In Progress
RR-000999,LG-000999,4711,4062,1421,2641,4062,1218,1372390590.14,480100203.99,34.98,Delayed
RR-001000,LG-001000,4325,3923,3396,527,3923,3396,2509121043.51,2172055840.88,86.57,In Progress
RR-001001,LG-001001,3391,3243,1783,1460,3243,1621,2228678408.87,1225326427.08,54.98,In Progress
RR-001002,LG-001002,2560,2241,1232,1009,2241,1120,10409872199.47,5722874854.86,54.98,In Progress
RR-001003,LG-001003,974,822,776,46,822,776,7726813632.24,7294412869.37,94.4,In Progress
RR-001004,LG-001004,1664,1480,814,666,1480,740,3794521182.2,2086986650.21,55.0,In Progress
RR-001005,LG-001005,2061,1922,1807,115,1922,1807,866585209.84,814734377.83,94.02,In Progress
RR-001006,LG-001006,3228,2892,2740,152,2892,2740,7165646437.76,6789028782.66,94.74,In Progress
RR-001007,LG-001007,3608,2997,1648,1349,2997,1498,247442323.02,136064380.49,54.99,In Progress
RR-001008,LG-001008,1658,1388,1204,184,1388,1204,5859774132.48,5082974103.39,86.74,In Progress
RR-001009,LG-001009,4683,4478,3909,569,4478,3909,5205493112.03,4544053723.74,87.29,In Progress
RR-001010,LG-001010,1630,1399,769,630,1399,699,14012859416.3,7702565326.04,54.97,In Progress
RR-001011,LG-001011,1584,1309,458,851,1309,392,13527849414.19,4733197121.24,34.99,Delayed
RR-001012,LG-001012,2780,2284,2034,250,2284,2034,5069819978.89,4514892222.88,89.05,In Progress
RR-001013,LG-001013,3506,3162,3027,135,3162,3027,2174593309.36,2081750141.5,95.73,In Progress
RR-001014,LG-001014,2116,1722,602,1120,1722,516,4356829559.2,1523119276.79,34.96,Delayed
RR-001015,LG-001015,2315,1960,1078,882,1960,980,14791239296.79,8135181613.23,55.0,In Progress
RR-001016,LG-001016,3289,2993,1646,1347,2993,1496,9694863836.36,5331689233.09,54.99,In Progress
RR-001017,LG-001017,2474,2218,1969,249,2218,1969,4447967624.19,3948624099.2,88.77,In Progress
RR-001018,LG-001018,2634,2601,910,1691,2601,780,1720486182.18,601938648.9,34.99,Delayed
RR-001019,LG-001019,114,110,107,3,110,107,1713664902.12,1666928586.61,97.27,In Progress
RR-001020,LG-001020,4182,3739,3619,120,3739,3619,10474188535.42,10138028432.65,96.79,In Progress
RR-001021,LG-001021,4460,3952,2173,1779,3952,1976,8332252395.49,4581473799.44,54.98,In Progress
RR-001022,LG-001022,2674,2490,2374,116,2490,2374,8193146264.54,7811457522.9,95.34,In Progress
RR-001023,LG-001023,2391,2001,700,1301,2001,600,8040445324.24,2812749488.74,34.98,Delayed
RR-001024,LG-001024,3282,2805,2768,37,2805,2768,5848288149.11,5771144954.27,98.68,In Progress
RR-001025,LG-001025,2346,2026,1114,912,2026,1013,14265607542.31,7843971768.08,54.99,In Progress
RR-001026,LG-001026,1772,1631,1492,139,1631,1492,5355427615.45,4899017781.88,91.48,In Progress
RR-001027,LG-001027,3312,3037,2890,147,3037,2890,8554291469.05,8140237848.39,95.16,In Progress
RR-001028,LG-001028,899,765,267,498,765,229,1916607179.29,668933486.11,34.9,Delayed
RR-001029,LG-001029,4782,4471,4298,173,4471,4298,7340304386.79,7056280083.74,96.13,In Progress
RR-001030,LG-001030,545,446,393,53,446,393,1807130969.01,1592382221.57,88.12,In Progress
RR-001031,LG-001031,4621,4239,3949,290,4239,3949,4357322813.7,4059228070.61,93.16,In Progress
RR-001032,LG-001032,3429,2942,2833,109,2942,2833,8459014881.9,8145611543.31,96.3,In Progress
RR-001033,LG-001033,4346,3943,3892,51,3943,3892,7502123847.63,7405089022.31,98.71,In Progress
RR-001034,LG-001034,1136,1088,1076,12,1088,1076,13349275736.22,13202041077.36,98.9,In Progress
RR-001035,LG-001035,21,19,16,3,19,16,10775727270.78,9074296649.08,84.21,In Progress
RR-001036,LG-001036,2587,2353,2018,335,2353,2018,625775709.97,536683120.58,85.76,In Progress
RR-001037,LG-001037,4525,4359,4041,318,4359,4041,7607376818.56,7052399569.58,92.7,In Progress
RR-001038,LG-001038,2738,2605,2290,315,2605,2290,12752127828.62,11210123887.73,87.91,In Progress
RR-001039,LG-001039,1071,924,899,25,924,899,11679086619.88,11363094016.53,97.29,In Progress
RR-001040,LG-001040,2168,2038,1861,177,2038,1861,13627793559.56,12444221694.97,91.32,In Progress
RR-001041,LG-001041,3356,3325,1828,1497,3325,1662,6347151389.43,3489501575.9,54.98,In Progress
RR-001042,LG-001042,4489,4087,4012,75,4087,4012,14539698632.95,14272882533.74,98.16,In Progress
RR-001043,LG-001043,4081,3926,3419,507,3926,3419,12909714291.0,11242565756.73,87.09,In Progress
RR-001044,LG-001044,3350,3200,3028,172,3200,3028,11008044465.68,10416362075.65,94.62,In Progress
RR-001045,LG-001045,4342,3475,1216,2259,3475,1042,6567767971.94,2298246288.89,34.99,Delayed
RR-001046,LG-001046,155,134,118,16,134,118,11472895358.93,10102997405.62,88.06,In Progress
RR-001047,LG-001047,4082,3797,2088,1709,3797,1898,2956602628.32,1625858911.75,54.99,In Progress
RR-001048,LG-001048,1420,1150,1108,42,1150,1108,3918783286.52,3775662505.62,96.35,In Progress
RR-001049,LG-001049,1572,1306,1227,79,1306,1227,10816055801.74,10161792089.38,93.95,In Progress
RR-001050,LG-001050,2426,2352,1293,1059,2352,1176,13269633983.59,7294913580.26,54.97,In Progress
RR-001051,LG-001051,3950,3842,1344,2498,3842,1152,6970391779.28,2438367139.86,34.98,Delayed
RR-001052,LG-001052,2060,1896,1042,854,1896,948,2643527420.14,1452824668.66,54.96,In Progress
RR-001053,LG-001053,1475,1379,1316,63,1379,1316,14734085924.15,14060955095.13,95.43,In Progress
RR-001054,LG-001054,4357,3647,3354,293,3647,3354,8339072532.0,7669111399.05,91.97,In Progress
RR-001055,LG-001055,3138,2973,2773,200,2973,2773,10659035322.02,9941979464.5,93.27,In Progress
RR-001056,LG-001056,1403,1176,1172,4,1176,1172,9619764642.41,9587044354.51,99.66,In Progress
RR-001057,LG-001057,2885,2843,2743,100,2843,2743,8805085701.5,8495374632.15,96.48,In Progress
RR-001058,LG-001058,3432,3416,1195,2221,3416,1024,10032189870.6,3509504360.47,34.98,Delayed
RR-001059,LG-001059,3352,2965,1630,1335,2965,1482,1139270451.16,626310568.43,54.97,In Progress
RR-001060,LG-001060,4150,3732,3472,260,3732,3472,4902741973.93,4561179028.26,93.03,In Progress
RR-001061,LG-001061,661,548,470,78,548,470,5357796054.38,4595190046.64,85.77,In Progress
RR-001062,LG-001062,3716,3254,3006,248,3254,3006,1195942068.18,1104794670.24,92.38,In Progress
RR-001063,LG-001063,3330,2844,2700,144,2844,2700,10171497389.73,9656484863.67,94.94,In Progress
RR-001064,LG-001064,2587,2473,865,1608,2473,741,5656415991.3,1978487599.06,34.98,Delayed
RR-001065,LG-001065,2396,2059,1132,927,2059,1029,7930544706.81,4360066346.82,54.98,In Progress
RR-001066,LG-001066,371,370,339,31,370,339,11732942239.5,10749911943.76,91.62,In Progress
RR-001067,LG-001067,2930,2462,2384,78,2462,2384,13411069380.7,12986185785.37,96.83,In Progress
RR-001068,LG-001068,4147,3601,3141,460,3601,3141,3913351703.86,3413451180.73,87.23,In Progress
RR-001069,LG-001069,2885,2797,978,1819,2797,839,5663574204.95,1980327340.88,34.97,Delayed
RR-001070,LG-001070,3913,3401,1870,1531,3401,1700,3968305082.27,2181926052.29,54.98,In Progress
RR-001071,LG-001071,2949,2483,2244,239,2483,2244,11411048825.44,10312683674.7,90.37,In Progress
RR-001072,LG-001072,2068,1848,1016,832,1848,924,4145112278.86,2278914542.92,54.98,In Progress
RR-001073,LG-001073,56,44,41,3,44,41,14226890983.17,13256875688.86,93.18,In Progress
RR-001074,LG-001074,938,903,496,407,903,451,13386943514.41,7353182705.59,54.93,In Progress
RR-001075,LG-001075,3845,3822,3743,79,3822,3743,12304094174.14,12049770929.83,97.93,In Progress
RR-001076,LG-001076,3944,3707,3573,134,3707,3573,3579588264.61,3450193922.16,96.39,In Progress
RR-001077,LG-001077,1489,1424,1263,161,1424,1263,8378156770.25,7430907303.95,88.69,In Progress
RR-001078,LG-001078,440,428,378,50,428,378,11390271302.89,10059632131.99,88.32,In Progress
RR-001079,LG-001079,3720,2993,2801,192,2993,2801,13201904177.12,12355006214.54,93.59,In Progress
RR-001080,LG-001080,3013,2557,1406,1151,2557,1278,13041413254.83,7170992192.53,54.99,In Progress
RR-001081,LG-001081,4322,3892,2140,1752,3892,1946,2127413546.85,1169749483.62,54.98,In Progress
RR-001082,LG-001082,3232,2930,1611,1319,2930,1465,1920289271.35,1055831404.83,54.98,In Progress
RR-001083,LG-001083,227,224,205,19,224,205,9594071752.62,8780288880.75,91.52,In Progress
RR-001084,LG-001084,2966,2618,1439,1179,2618,1309,5710553338.59,3138841197.19,54.97,In Progress
RR-001085,LG-001085,2974,2655,2427,228,2655,2427,1642824577.22,1501745856.46,91.41,In Progress
RR-001086,LG-001086,925,908,499,409,908,454,9984135692.11,5486876333.0,54.96,In Progress
RR-001087,LG-001087,4796,4055,2230,1825,4055,2027,1914188510.84,1052685666.87,54.99,In Progress
RR-001088,LG-001088,3124,3104,1707,1397,3104,1552,4501324118.92,2475438231.64,54.99,In Progress
RR-001089,LG-001089,4738,3801,3374,427,3801,3374,3455547391.32,3067355142.94,88.77,In Progress
RR-001090,LG-001090,413,391,215,176,391,195,11987778769.66,6591745359.28,54.99,In Progress
RR-001091,LG-001091,4029,3853,3441,412,3853,3441,4237874048.19,3784719595.07,89.31,In Progress
RR-001092,LG-001092,717,632,595,37,632,595,7431243652.79,6996186666.79,94.15,In Progress
RR-001093,LG-001093,4519,3655,1279,2376,3655,1096,5388266076.55,1885524572.34,34.99,Delayed
RR-001094,LG-001094,3893,3230,3136,94,3230,3136,3567955101.96,3464119876.08,97.09,In Progress
RR-001095,LG-001095,3343,3294,1811,1483,3294,1647,5982914278.07,3289331438.25,54.98,In Progress
RR-001096,LG-001096,2865,2296,1262,1034,2296,1148,13868852841.84,7623036710.11,54.97,In Progress
RR-001097,LG-001097,124,103,36,67,103,30,8607407016.68,3008414102.92,34.95,Delayed
RR-001098,LG-001098,1203,1009,919,90,1009,919,13824028632.81,12590963640.79,91.08,In Progress
RR-001099,LG-001099,11,10,5,5,10,5,6792896729.64,3396448364.82,50.0,In Progress
RR-001100,LG-001100,3495,3078,2951,127,3078,2951,8207561660.17,7868913079.65,95.87,In Progress
RR-001101,LG-001101,4725,3941,2167,1774,3941,1970,14114064947.21,7760765983.41,54.99,In Progress
RR-001102,LG-001102,328,289,158,131,289,144,10897425473.06,5957762023.33,54.67,In Progress
RR-001103,LG-001103,2394,2008,1867,141,2008,1867,5638033012.43,5242135276.0,92.98,In Progress
RR-001104,LG-001104,3416,2942,1029,1913,2942,882,3358428386.25,1174650852.97,34.98,Delayed
RR-001105,LG-001105,3929,3221,3043,178,3221,3043,8941253330.64,8447138741.12,94.47,In Progress
RR-001106,LG-001106,4251,3831,3259,572,3831,3259,9085792565.27,7729208553.96,85.07,In Progress
RR-001107,LG-001107,4188,3891,1361,2530,3891,1167,3834214137.07,1341137353.01,34.98,Delayed
RR-001108,LG-001108,593,480,168,312,480,144,8996187888.83,3148665761.09,35.0,Delayed
RR-001109,LG-001109,2363,2086,1983,103,2086,1983,4291348566.61,4079455516.58,95.06,In Progress
RR-001110,LG-001110,452,407,358,49,407,358,8228982244.8,7238269394.69,87.96,In Progress
RR-001111,LG-001111,3906,3781,1323,2458,3781,1134,8417483052.13,2945339877.8,34.99,Delayed
RR-001112,LG-001112,682,639,351,288,639,319,14322761420.41,7867432329.52,54.93,In Progress
RR-001113,LG-001113,2303,2030,1116,914,2030,1015,5551567809.43,3051994913.95,54.98,In Progress
RR-001114,LG-001114,3339,2916,2630,286,2916,2630,9290633379.6,8379412135.92,90.19,In Progress
RR-001115,LG-001115,370,337,291,46,337,291,4368103778.37,3771864093.49,86.35,In Progress
RR-001116,LG-001116,929,755,681,74,755,681,12303340395.73,11097450078.8,90.2,In Progress
RR-001117,LG-001117,1647,1342,1182,160,1342,1182,13401992694.19,11804139615.9,88.08,In Progress
RR-001118,LG-001118,2892,2805,1542,1263,2805,1402,13941144278.62,7663901774.56,54.97,In Progress
RR-001119,LG-001119,4854,4786,4163,623,4786,4163,13244120008.59,11520115251.93,86.98,In Progress
RR-001120,LG-001120,3006,2942,2663,279,2942,2663,7325770238.86,6631042197.85,90.52,In Progress
RR-001121,LG-001121,1221,1058,982,76,1058,982,97761867.27,90739275.67,92.82,In Progress
RR-001122,LG-001122,2408,2387,2140,247,2387,2140,11527943202.14,10335064286.79,89.65,In Progress
RR-001123,LG-001123,926,827,815,12,827,815,8512329495.22,8388813226.85,98.55,In Progress
RR-001124,LG-001124,3284,2755,1515,1240,2755,1377,6513428086.84,3581794392.58,54.99,In Progress
RR-001125,LG-001125,1500,1338,1316,22,1338,1316,14647958848.89,14407110497.11,98.36,In Progress
RR-001126,LG-001126,3015,2709,2338,371,2709,2338,2116390098.12,1826548560.13,86.3,In Progress
RR-001127,LG-001127,4518,3834,3472,362,3834,3472,10752788209.26,9737527559.35,90.56,In Progress
RR-001128,LG-001128,3876,3430,3113,317,3430,3113,10655238237.43,9670482983.42,90.76,In Progress
RR-001129,LG-001129,1375,1109,1098,11,1109,1098,725308522.7,718114299.3,99.01,In Progress
RR-001130,LG-001130,2619,2431,2390,41,2431,2390,1947343649.31,1914500749.42,98.31,In Progress
RR-001131,LG-001131,1789,1652,1414,238,1652,1414,8530311729.11,7301368513.9,85.59,In Progress
RR-001132,LG-001132,4480,4393,1537,2856,4393,1317,11962330963.98,4185318163.36,34.99,Delayed
RR-001133,LG-001133,4382,4006,3655,351,4006,3655,8783489290.13,8013892500.11,91.24,In Progress
RR-001134,LG-001134,3045,2584,2340,244,2584,2340,1208963814.91,1094804693.07,90.56,In Progress
RR-001135,LG-001135,1030,1023,909,114,1023,909,7615696828.94,6767026801.08,88.86,In Progress
RR-001136,LG-001136,4642,4285,3980,305,4285,3980,14739115261.39,13690006707.2,92.88,In Progress
RR-001137,LG-001137,49,47,16,31,47,14,7799044277.03,2654993796.44,34.04,Delayed
RR-001138,LG-001138,479,472,259,213,472,236,2201703823.31,1208138326.77,54.87,In Progress
RR-001139,LG-001139,1580,1296,1179,117,1296,1179,10340342200.53,9406839085.2,90.97,In Progress
RR-001140,LG-001140,1650,1570,1445,125,1570,1445,1971747621.03,1814761345.47,92.04,In Progress
RR-001141,LG-001141,2027,1640,574,1066,1640,492,8626519185.38,3019281714.88,35.0,Delayed
RR-001142,LG-001142,102,98,53,45,98,49,6972209970.64,3770684984.12,54.08,In Progress
RR-001143,LG-001143,2357,2197,1940,257,2197,1940,13435151964.87,11863538831.06,88.3,In Progress
RR-001144,LG-001144,3776,3425,3138,287,3425,3138,12034628536.84,11026179371.86,91.62,In Progress
RR-001145,LG-001145,4552,4481,3923,558,4481,3923,5648982337.36,4945538431.03,87.55,In Progress
RR-001146,LG-001146,3968,3632,1997,1635,3632,1816,9098824505.25,5002850368.11,54.98,In Progress
RR-001147,LG-001147,2016,1992,1846,146,1992,1846,10591218489.29,9814954483.55,92.67,In Progress
RR-001148,LG-001148,1686,1635,572,1063,1635,490,10121284104.55,3540901839.63,34.98,Delayed
RR-001149,LG-001149,4294,3577,3432,145,3577,3432,11108309195.55,10658014302.24,95.95,In Progress
RR-001150,LG-001150,2564,2259,2007,252,2259,2007,13916927091.38,12364441200.71,88.84,In Progress
RR-001151,LG-001151,615,606,585,21,606,585,14677422840.29,14168799276.52,96.53,In Progress
RR-001152,LG-001152,3024,2460,861,1599,2460,738,11712974379.27,4099541032.74,35.0,Delayed
RR-001153,LG-001153,2925,2385,1311,1074,2385,1192,10567229076.19,5808652963.89,54.97,In Progress
RR-001154,LG-001154,508,443,155,288,443,132,13154313717.71,4602525115.68,34.99,Delayed
RR-001155,LG-001155,2612,2157,1957,200,2157,1957,3640138534.55,3302619894.35,90.73,In Progress
RR-001156,LG-001156,4880,4170,4101,69,4170,4101,13780497884.33,13552475257.47,98.35,In Progress
RR-001157,LG-001157,3285,2702,2604,98,2702,2604,3819512673.84,3680981126.08,96.37,In Progress
RR-001158,LG-001158,3121,3113,2779,334,3113,2779,7816469505.4,6977824849.18,89.27,In Progress
RR-001159,LG-001159,3762,3529,1940,1589,3529,1764,10100671163.08,5552650058.48,54.97,In Progress
RR-001160,LG-001160,3174,2750,962,1788,2750,825,8797170413.48,3077410159.19,34.98,Delayed
RR-001161,LG-001161,3146,2958,1035,1923,2958,887,2656135933.13,929378191.61,34.99,Delayed
RR-001162,LG-001162,1873,1645,1494,151,1645,1494,10558325202.36,9589141551.57,90.82,In Progress
RR-001163,LG-001163,2588,2449,857,1592,2449,734,6959750890.54,2435486530.5,34.99,Delayed
RR-001164,LG-001164,2583,2399,2304,95,2399,2304,3556372240.39,3415540492.65,96.04,In Progress
RR-001165,LG-001165,124,104,103,1,104,103,12139470135.09,12022744460.71,99.04,In Progress
RR-001166,LG-001166,4375,3833,1341,2492,3833,1149,6031276433.92,2110081319.56,34.99,Delayed
RR-001167,LG-001167,2348,2162,1189,973,2162,1081,9495120275.75,5221876969.41,55.0,In Progress
RR-001168,LG-001168,2036,1962,1677,285,1962,1677,1862753569.55,1592170099.97,85.47,In Progress
RR-001169,LG-001169,3254,2715,1493,1222,2715,1357,3543843733.89,1948787732.85,54.99,In Progress
RR-001170,LG-001170,3241,3041,2882,159,3041,2882,3721078984.04,3526520760.28,94.77,In Progress
RR-001171,LG-001171,3137,2636,2246,390,2636,2246,13431838574.05,11444578693.97,85.2,In Progress
RR-001172,LG-001172,3657,3221,2831,390,3221,2831,10505243093.24,9233263954.35,87.89,In Progress
RR-001173,LG-001173,819,679,648,31,679,648,8343854711.73,7962912891.31,95.43,In Progress
RR-001174,LG-001174,1137,1030,992,38,1030,992,9459872057.02,9110867068.51,96.31,In Progress
RR-001175,LG-001175,3902,3542,1948,1594,3542,1771,8669642799.56,4768058772.88,55.0,In Progress
RR-001176,LG-001176,1971,1738,955,783,1738,869,4608955667.76,2532538931.36,54.95,In Progress
RR-001177,LG-001177,3682,3146,3004,142,3146,3004,8812609533.93,8414837584.21,95.49,In Progress
RR-001178,LG-001178,2696,2305,2101,204,2305,2101,7807123229.69,7116167421.08,91.15,In Progress
RR-001179,LG-001179,1963,1851,1768,83,1851,1768,14520854511.46,13869730295.12,95.52,In Progress
RR-001180,LG-001180,3866,3389,1186,2203,3389,1016,1705844868.25,596970201.75,35.0,Delayed
RR-001181,LG-001181,523,509,178,331,509,152,9156156754.75,3201956586.14,34.97,Delayed
RR-001182,LG-001182,4623,4445,1555,2890,4445,1333,10609357204.84,3711484916.43,34.98,Delayed
RR-001183,LG-001183,392,345,311,34,345,311,4527082908.44,4080935607.32,90.14,In Progress
RR-001184,LG-001184,2902,2697,2448,249,2697,2448,7818763611.9,7096897783.44,90.77,In Progress
RR-001185,LG-001185,3443,3173,3107,66,3173,3107,13393391061.76,13114801774.0,97.92,In Progress
RR-001186,LG-001186,2996,2699,1484,1215,2699,1349,3737052577.26,2054755844.63,54.98,In Progress
RR-001187,LG-001187,2231,2167,1849,318,2167,1849,8009821908.74,6834407341.61,85.33,In Progress
RR-001188,LG-001188,2819,2732,2459,273,2732,2459,9560784487.05,8605405949.36,90.01,In Progress
RR-001189,LG-001189,1301,1172,1097,75,1172,1097,6054975076.6,5667498002.59,93.6,In Progress
RR-001190,LG-001190,2510,2326,2109,217,2326,2109,1486030579.13,1347394020.37,90.67,In Progress
RR-001191,LG-001191,4616,4340,2387,1953,4340,2170,8815572300.86,4848564765.47,55.0,In Progress
RR-001192,LG-001192,4333,4242,3923,319,4242,3923,7634396731.36,7060287217.62,92.48,In Progress
RR-001193,LG-001193,1662,1444,1384,60,1444,1384,7198577768.43,6899467888.86,95.84,In Progress
RR-001194,LG-001194,3881,3134,2815,319,3134,2815,14376135184.59,12912833613.47,89.82,In Progress
RR-001195,LG-001195,2491,2200,2095,105,2200,2095,8416085280.37,8014408482.9,95.23,In Progress
RR-001196,LG-001196,2460,2319,2287,32,2319,2287,2324966598.3,2292884264.9,98.62,In Progress
RR-001197,LG-001197,4402,3691,2030,1661,3691,1845,4144347784.38,2279335140.15,55.0,In Progress
RR-001198,LG-001198,2097,2036,1780,256,2036,1780,14992152923.4,13107088508.67,87.43,In Progress
RR-001199,LG-001199,1001,870,815,55,870,815,7772532878.84,7281165857.76,93.68,In Progress
RR-001200,LG-001200,98,92,87,5,92,87,4523483120.46,4277641646.52,94.57,In Progress
