stakeholder_id,project_id,stakeholder_type,stakeholder_name,engagement_level,sentiment,requests_received,requests_resolved,pending_requests,response_time_days
STK-0000001,LG-000001,Local Authority,Stakeholder Group 1 (Ananthapuramu),High,Positive,39,33,6,24
STK-0000002,LG-000001,Contractor,Stakeholder Group 2 (Ananthapuramu),High,Positive,19,16,3,12
STK-0000003,LG-000001,Contractor,Stakeholder Group 3 (Ananthapuramu),High,Positive,22,18,4,20
STK-0000004,LG-000001,Contractor,Stakeholder Group 4 (Ananthapuramu),High,Positive,6,5,1,15
STK-0000005,LG-000001,Contractor,Stakeholder Group 5 (Ananthapuramu),High,Positive,47,39,8,10
STK-0000006,LG-000001,Village Administration,Stakeholder Group 6 (Ananthapuramu),High,Positive,34,28,6,24
STK-0000007,LG-000002,District Administration,Stakeholder Group 1 (Annamayya),Low,Negative,15,6,9,65
STK-0000008,LG-000002,Local Authority,Stakeholder Group 2 (Annamayya),Low,Negative,5,2,3,56
STK-0000009,LG-000002,Village Administration,Stakeholder Group 3 (Annamayya),Low,Negative,10,4,6,83
STK-0000010,LG-000002,Contractor,Stakeholder Group 4 (Annamayya),Low,Negative,12,4,8,90
STK-0000011,LG-000002,Village Administration,Stakeholder Group 5 (Annamayya),Low,Negative,12,4,8,61
STK-0000012,LG-000002,District Administration,Stakeholder Group 6 (Annamayya),Low,Negative,50,20,30,62
STK-0000013,LG-000002,District Administration,Stakeholder Group 7 (Annamayya),Low,Negative,50,20,30,56
STK-0000014,LG-000002,Contractor,Stakeholder Group 8 (Annamayya),Low,Negative,35,14,21,45
STK-0000015,LG-000003,District Administration,Stakeholder Group 1 (Alluri Sitharama Raju),High,Positive,42,35,7,5
STK-0000016,LG-000003,District Administration,Stakeholder Group 2 (Alluri Sitharama Raju),High,Positive,16,13,3,6
STK-0000017,LG-000003,Contractor,Stakeholder Group 3 (Alluri Sitharama Raju),High,Positive,13,11,2,21
STK-0000018,LG-000003,Landowner,Stakeholder Group 4 (Alluri Sitharama Raju),High,Positive,12,10,2,20
STK-0000019,LG-000004,Landowner,Stakeholder Group 1 (Anakapalli),Low,Negative,38,15,23,72
STK-0000020,LG-000004,Local Authority,Stakeholder Group 2 (Anakapalli),Low,Negative,26,10,16,38
STK-0000021,LG-000004,Contractor,Stakeholder Group 3 (Anakapalli),Low,Negative,43,17,26,39
STK-0000022,LG-000004,Village Administration,Stakeholder Group 4 (Anakapalli),Low,Negative,15,6,9,83
STK-0000023,LG-000004,Local Authority,Stakeholder Group 5 (Anakapalli),Low,Negative,49,19,30,81
STK-0000024,LG-000004,Contractor,Stakeholder Group 6 (Anakapalli),Low,Negative,15,6,9,32
STK-0000025,LG-000004,District Administration,Stakeholder Group 7 (Anakapalli),Low,Negative,31,12,19,73
STK-0000026,LG-000005,Contractor,Stakeholder Group 1 (Bapatla),High,Positive,50,42,8,7
STK-0000027,LG-000005,District Administration,Stakeholder Group 2 (Bapatla),High,Positive,48,40,8,16
STK-0000028,LG-000005,Landowner,Stakeholder Group 3 (Bapatla),High,Positive,50,42,8,22
STK-0000029,LG-000005,District Administration,Stakeholder Group 4 (Bapatla),High,Positive,39,33,6,14
STK-0000030,LG-000006,Landowner,Stakeholder Group 1 (Chittoor),Low,Negative,23,9,14,30
STK-0000031,LG-000006,Local Authority,Stakeholder Group 2 (Chittoor),Low,Negative,24,9,15,68
STK-0000032,LG-000006,District Administration,Stakeholder Group 3 (Chittoor),Low,Negative,11,4,7,48
STK-0000033,LG-000006,Local Authority,Stakeholder Group 4 (Chittoor),Low,Negative,34,13,21,63
STK-0000034,LG-000006,Village Administration,Stakeholder Group 5 (Chittoor),Low,Negative,36,14,22,84
STK-0000035,LG-000006,Contractor,Stakeholder Group 6 (Chittoor),Low,Negative,37,14,23,47
STK-0000036,LG-000006,Landowner,Stakeholder Group 7 (Chittoor),Low,Negative,17,6,11,51
STK-0000037,LG-000006,Contractor,Stakeholder Group 8 (Chittoor),Low,Negative,15,6,9,71
STK-0000038,LG-000007,District Administration,Stakeholder Group 1 (East Godavari),Low,Negative,19,7,12,73
STK-0000039,LG-000007,Landowner,Stakeholder Group 2 (East Godavari),Low,Negative,10,4,6,35
STK-0000040,LG-000007,Contractor,Stakeholder Group 3 (East Godavari),Low,Negative,30,12,18,54
STK-0000041,LG-000007,Contractor,Stakeholder Group 4 (East Godavari),Low,Negative,40,16,24,33
STK-0000042,LG-000007,Landowner,Stakeholder Group 5 (East Godavari),Low,Negative,45,18,27,74
STK-0000043,LG-000007,Landowner,Stakeholder Group 6 (East Godavari),Low,Negative,15,6,9,61
STK-0000044,LG-000007,District Administration,Stakeholder Group 7 (East Godavari),Low,Negative,32,12,20,66
STK-0000045,LG-000007,Local Authority,Stakeholder Group 8 (East Godavari),Low,Negative,11,4,7,88
STK-0000046,LG-000008,District Administration,Stakeholder Group 1 (Eluru),Low,Negative,16,6,10,50
STK-0000047,LG-000008,Contractor,Stakeholder Group 2 (Eluru),Low,Negative,17,6,11,37
STK-0000048,LG-000008,Contractor,Stakeholder Group 3 (Eluru),Low,Negative,21,8,13,63
STK-0000049,LG-000008,District Administration,Stakeholder Group 4 (Eluru),Low,Negative,45,18,27,68
STK-0000050,LG-000008,Local Authority,Stakeholder Group 5 (Eluru),Low,Negative,29,11,18,55
STK-0000051,LG-000008,Landowner,Stakeholder Group 6 (Eluru),Low,Negative,42,16,26,52
STK-0000052,LG-000008,Contractor,Stakeholder Group 7 (Eluru),Low,Negative,27,10,17,69
STK-0000053,LG-000009,Village Administration,Stakeholder Group 1 (Guntur),High,Positive,8,6,2,7
STK-0000054,LG-000009,Landowner,Stakeholder Group 2 (Guntur),High,Positive,32,27,5,19
STK-0000055,LG-000009,Local Authority,Stakeholder Group 3 (Guntur),High,Positive,44,37,7,6
STK-0000056,LG-000009,Village Administration,Stakeholder Group 4 (Guntur),High,Positive,24,20,4,8
STK-0000057,LG-000010,Contractor,Stakeholder Group 1 (Kakinada),High,Positive,40,34,6,6
STK-0000058,LG-000010,District Administration,Stakeholder Group 2 (Kakinada),High,Positive,10,8,2,17
STK-0000059,LG-000010,Contractor,Stakeholder Group 3 (Kakinada),High,Positive,13,11,2,11
STK-0000060,LG-000010,Local Authority,Stakeholder Group 4 (Kakinada),High,Positive,46,39,7,12
STK-0000061,LG-000010,Local Authority,Stakeholder Group 5 (Kakinada),High,Positive,45,38,7,5
STK-0000062,LG-000010,District Administration,Stakeholder Group 6 (Kakinada),High,Positive,29,24,5,20
STK-0000063,LG-000011,Contractor,Stakeholder Group 1 (NTR),Low,Negative,48,19,29,32
STK-0000064,LG-000011,District Administration,Stakeholder Group 2 (NTR),Low,Negative,30,12,18,74
STK-0000065,LG-000011,Landowner,Stakeholder Group 3 (NTR),Low,Negative,20,8,12,77
STK-0000066,LG-000011,District Administration,Stakeholder Group 4 (NTR),Low,Negative,35,14,21,87
STK-0000067,LG-000011,Landowner,Stakeholder Group 5 (NTR),Low,Negative,28,11,17,51
STK-0000068,LG-000011,District Administration,Stakeholder Group 6 (NTR),Low,Negative,24,9,15,47
STK-0000069,LG-000011,Landowner,Stakeholder Group 7 (NTR),Low,Negative,36,14,22,85
STK-0000070,LG-000012,District Administration,Stakeholder Group 1 (Nandyal),Low,Negative,28,11,17,57
STK-0000071,LG-000012,Landowner,Stakeholder Group 2 (Nandyal),Low,Negative,12,4,8,84
STK-0000072,LG-000012,Landowner,Stakeholder Group 3 (Nandyal),Low,Negative,7,2,5,84
STK-0000073,LG-000012,Village Administration,Stakeholder Group 4 (Nandyal),Low,Negative,13,5,8,51
STK-0000074,LG-000012,Contractor,Stakeholder Group 5 (Nandyal),Low,Negative,27,10,17,69
STK-0000075,LG-000013,Contractor,Stakeholder Group 1 (Palnadu),High,Positive,26,22,4,9
STK-0000076,LG-000013,Village Administration,Stakeholder Group 2 (Palnadu),High,Positive,7,5,2,15
STK-0000077,LG-000013,Landowner,Stakeholder Group 3 (Palnadu),High,Positive,43,36,7,25
STK-0000078,LG-000014,Village Administration,Stakeholder Group 1 (Parvathipuram Manyam),High,Positive,35,29,6,23
STK-0000079,LG-000014,Contractor,Stakeholder Group 2 (Parvathipuram Manyam),High,Positive,15,12,3,5
STK-0000080,LG-000014,Landowner,Stakeholder Group 3 (Parvathipuram Manyam),High,Positive,20,17,3,9
STK-0000081,LG-000014,Local Authority,Stakeholder Group 4 (Parvathipuram Manyam),High,Positive,41,34,7,10
STK-0000082,LG-000014,Local Authority,Stakeholder Group 5 (Parvathipuram Manyam),High,Positive,13,11,2,6
STK-0000083,LG-000014,Village Administration,Stakeholder Group 6 (Parvathipuram Manyam),High,Positive,41,34,7,6
STK-0000084,LG-000015,Landowner,Stakeholder Group 1 (Prakasam),High,Positive,26,22,4,22
STK-0000085,LG-000015,Contractor,Stakeholder Group 2 (Prakasam),High,Positive,16,13,3,15
STK-0000086,LG-000015,Village Administration,Stakeholder Group 3 (Prakasam),High,Positive,27,22,5,23
STK-0000087,LG-000015,Village Administration,Stakeholder Group 4 (Prakasam),High,Positive,22,18,4,11
STK-0000088,LG-000015,Village Administration,Stakeholder Group 5 (Prakasam),High,Positive,36,30,6,12
STK-0000089,LG-000015,District Administration,Stakeholder Group 6 (Prakasam),High,Positive,20,17,3,11
STK-0000090,LG-000015,Village Administration,Stakeholder Group 7 (Prakasam),High,Positive,19,16,3,12
STK-0000091,LG-000015,District Administration,Stakeholder Group 8 (Prakasam),High,Positive,44,37,7,9
STK-0000092,LG-000016,Village Administration,Stakeholder Group 1 (Sri Potti Sriramulu Nellore),High,Positive,38,32,6,20
STK-0000093,LG-000016,District Administration,Stakeholder Group 2 (Sri Potti Sriramulu Nellore),High,Positive,29,24,5,15
STK-0000094,LG-000016,Landowner,Stakeholder Group 3 (Sri Potti Sriramulu Nellore),High,Positive,15,12,3,22
STK-0000095,LG-000017,Landowner,Stakeholder Group 1 (Sri Sathya Sai),High,Positive,26,22,4,20
STK-0000096,LG-000017,Landowner,Stakeholder Group 2 (Sri Sathya Sai),High,Positive,41,34,7,22
STK-0000097,LG-000017,District Administration,Stakeholder Group 3 (Sri Sathya Sai),High,Positive,30,25,5,7
STK-0000098,LG-000017,Local Authority,Stakeholder Group 4 (Sri Sathya Sai),High,Positive,30,25,5,18
STK-0000099,LG-000018,District Administration,Stakeholder Group 1 (Srikakulam),Low,Negative,21,8,13,74
STK-0000100,LG-000018,Village Administration,Stakeholder Group 2 (Srikakulam),Low,Negative,46,18,28,75
STK-0000101,LG-000018,Landowner,Stakeholder Group 3 (Srikakulam),Low,Negative,12,4,8,37
STK-0000102,LG-000019,Local Authority,Stakeholder Group 1 (Tirupati),High,Positive,16,13,3,8
STK-0000103,LG-000019,District Administration,Stakeholder Group 2 (Tirupati),High,Positive,24,20,4,6
STK-0000104,LG-000019,Contractor,Stakeholder Group 3 (Tirupati),High,Positive,22,18,4,7
STK-0000105,LG-000019,Village Administration,Stakeholder Group 4 (Tirupati),High,Positive,36,30,6,16
STK-0000106,LG-000019,District Administration,Stakeholder Group 5 (Tirupati),High,Positive,33,28,5,11
STK-0000107,LG-000019,District Administration,Stakeholder Group 6 (Tirupati),High,Positive,38,32,6,10
STK-0000108,LG-000020,Village Administration,Stakeholder Group 1 (Visakhapatnam),High,Positive,10,8,2,21
STK-0000109,LG-000020,Contractor,Stakeholder Group 2 (Visakhapatnam),High,Positive,22,18,4,21
STK-0000110,LG-000020,Local Authority,Stakeholder Group 3 (Visakhapatnam),High,Positive,10,8,2,24
STK-0000111,LG-000020,Village Administration,Stakeholder Group 4 (Visakhapatnam),High,Positive,10,8,2,20
STK-0000112,LG-000020,Landowner,Stakeholder Group 5 (Visakhapatnam),High,Positive,45,38,7,25
STK-0000113,LG-000020,Local Authority,Stakeholder Group 6 (Visakhapatnam),High,Positive,39,33,6,14
STK-0000114,LG-000020,Landowner,Stakeholder Group 7 (Visakhapatnam),High,Positive,44,37,7,15
STK-0000115,LG-000020,Landowner,Stakeholder Group 8 (Visakhapatnam),High,Positive,39,33,6,20
STK-0000116,LG-000021,Local Authority,Stakeholder Group 1 (Vizianagaram),High,Positive,11,9,2,17
STK-0000117,LG-000021,Landowner,Stakeholder Group 2 (Vizianagaram),High,Positive,15,12,3,20
STK-0000118,LG-000021,Landowner,Stakeholder Group 3 (Vizianagaram),High,Positive,10,8,2,5
STK-0000119,LG-000021,Landowner,Stakeholder Group 4 (Vizianagaram),High,Positive,16,13,3,25
STK-0000120,LG-000022,Landowner,Stakeholder Group 1 (West Godavari),High,Positive,40,34,6,15
STK-0000121,LG-000022,Village Administration,Stakeholder Group 2 (West Godavari),High,Positive,27,22,5,16
STK-0000122,LG-000022,Local Authority,Stakeholder Group 3 (West Godavari),High,Positive,33,28,5,10
STK-0000123,LG-000022,District Administration,Stakeholder Group 4 (West Godavari),High,Positive,39,33,6,8
STK-0000124,LG-000023,Landowner,Stakeholder Group 1 (YSR Kadapa),High,Positive,12,10,2,5
STK-0000125,LG-000023,Contractor,Stakeholder Group 2 (YSR Kadapa),High,Positive,35,29,6,6
STK-0000126,LG-000023,Landowner,Stakeholder Group 3 (YSR Kadapa),High,Positive,17,14,3,6
STK-0000127,LG-000023,Local Authority,Stakeholder Group 4 (YSR Kadapa),High,Positive,47,39,8,23
STK-0000128,LG-000023,Contractor,Stakeholder Group 5 (YSR Kadapa),High,Positive,8,6,2,8
STK-0000129,LG-000023,Landowner,Stakeholder Group 6 (YSR Kadapa),High,Positive,21,17,4,7
STK-0000130,LG-000023,Landowner,Stakeholder Group 7 (YSR Kadapa),High,Positive,24,20,4,8
STK-0000131,LG-000023,Local Authority,Stakeholder Group 8 (YSR Kadapa),High,Positive,12,10,2,11
STK-0000132,LG-000024,Landowner,Stakeholder Group 1 (Dr. B.R. Ambedkar Konaseema),Low,Negative,45,18,27,63
STK-0000133,LG-000024,District Administration,Stakeholder Group 2 (Dr. B.R. Ambedkar Konaseema),Low,Negative,17,6,11,59
STK-0000134,LG-000024,Village Administration,Stakeholder Group 3 (Dr. B.R. Ambedkar Konaseema),Low,Negative,14,5,9,39
STK-0000135,LG-000024,District Administration,Stakeholder Group 4 (Dr. B.R. Ambedkar Konaseema),Low,Negative,48,19,29,84
STK-0000136,LG-000024,Contractor,Stakeholder Group 5 (Dr. B.R. Ambedkar Konaseema),Low,Negative,32,12,20,50
STK-0000137,LG-000024,Village Administration,Stakeholder Group 6 (Dr. B.R. Ambedkar Konaseema),Low,Negative,9,3,6,84
STK-0000138,LG-000024,District Administration,Stakeholder Group 7 (Dr. B.R. Ambedkar Konaseema),Low,Negative,31,12,19,82
STK-0000139,LG-000024,Village Administration,Stakeholder Group 8 (Dr. B.R. Ambedkar Konaseema),Low,Negative,23,9,14,46
STK-0000140,LG-000025,Village Administration,Stakeholder Group 1 (Kurnool),High,Positive,32,27,5,13
STK-0000141,LG-000025,District Administration,Stakeholder Group 2 (Kurnool),High,Positive,12,10,2,6
STK-0000142,LG-000025,Contractor,Stakeholder Group 3 (Kurnool),High,Positive,13,11,2,13
STK-0000143,LG-000025,Contractor,Stakeholder Group 4 (Kurnool),High,Positive,28,23,5,14
STK-0000144,LG-000025,Local Authority,Stakeholder Group 5 (Kurnool),High,Positive,21,17,4,13
STK-0000145,LG-000025,District Administration,Stakeholder Group 6 (Kurnool),High,Positive,38,32,6,18
STK-0000146,LG-000025,District Administration,Stakeholder Group 7 (Kurnool),High,Positive,15,12,3,20
STK-0000147,LG-000026,Contractor,Stakeholder Group 1 (Anjaw),Low,Negative,26,10,16,37
STK-0000148,LG-000026,Village Administration,Stakeholder Group 2 (Anjaw),Low,Negative,44,17,27,37
STK-0000149,LG-000026,Village Administration,Stakeholder Group 3 (Anjaw),Low,Negative,40,16,24,61
STK-0000150,LG-000027,Local Authority,Stakeholder Group 1 (Changlang),High,Positive,20,17,3,19
STK-0000151,LG-000027,Local Authority,Stakeholder Group 2 (Changlang),High,Positive,10,8,2,24
STK-0000152,LG-000027,Contractor,Stakeholder Group 3 (Changlang),High,Positive,25,21,4,23
STK-0000153,LG-000027,Contractor,Stakeholder Group 4 (Changlang),High,Positive,7,5,2,5
STK-0000154,LG-000028,Landowner,Stakeholder Group 1 (Dibang Valley),High,Positive,8,6,2,17
STK-0000155,LG-000028,Landowner,Stakeholder Group 2 (Dibang Valley),High,Positive,25,21,4,9
STK-0000156,LG-000028,Contractor,Stakeholder Group 3 (Dibang Valley),High,Positive,8,6,2,6
STK-0000157,LG-000029,District Administration,Stakeholder Group 1 (East Kameng),High,Positive,34,28,6,7
STK-0000158,LG-000029,Village Administration,Stakeholder Group 2 (East Kameng),High,Positive,25,21,4,18
STK-0000159,LG-000029,Contractor,Stakeholder Group 3 (East Kameng),High,Positive,49,41,8,11
STK-0000160,LG-000029,Contractor,Stakeholder Group 4 (East Kameng),High,Positive,33,28,5,22
STK-0000161,LG-000029,District Administration,Stakeholder Group 5 (East Kameng),High,Positive,6,5,1,9
STK-0000162,LG-000029,Village Administration,Stakeholder Group 6 (East Kameng),High,Positive,41,34,7,14
STK-0000163,LG-000029,Contractor,Stakeholder Group 7 (East Kameng),High,Positive,5,4,1,16
STK-0000164,LG-000029,Village Administration,Stakeholder Group 8 (East Kameng),High,Positive,26,22,4,18
STK-0000165,LG-000030,District Administration,Stakeholder Group 1 (East Siang),High,Positive,17,14,3,20
STK-0000166,LG-000030,District Administration,Stakeholder Group 2 (East Siang),High,Positive,10,8,2,17
STK-0000167,LG-000030,Village Administration,Stakeholder Group 3 (East Siang),High,Positive,29,24,5,20
STK-0000168,LG-000030,Contractor,Stakeholder Group 4 (East Siang),High,Positive,33,28,5,21
STK-0000169,LG-000030,Contractor,Stakeholder Group 5 (East Siang),High,Positive,44,37,7,9
STK-0000170,LG-000030,Landowner,Stakeholder Group 6 (East Siang),High,Positive,35,29,6,17
STK-0000171,LG-000030,Landowner,Stakeholder Group 7 (East Siang),High,Positive,32,27,5,14
STK-0000172,LG-000030,Local Authority,Stakeholder Group 8 (East Siang),High,Positive,43,36,7,9
STK-0000173,LG-000031,Local Authority,Stakeholder Group 1 (Kamle),Low,Negative,26,10,16,89
STK-0000174,LG-000031,Landowner,Stakeholder Group 2 (Kamle),Low,Negative,17,6,11,66
STK-0000175,LG-000031,Village Administration,Stakeholder Group 3 (Kamle),Low,Negative,28,11,17,84
STK-0000176,LG-000032,District Administration,Stakeholder Group 1 (Kra Daadi),Low,Negative,16,6,10,81
STK-0000177,LG-000032,Local Authority,Stakeholder Group 2 (Kra Daadi),Low,Negative,48,19,29,65
STK-0000178,LG-000032,Contractor,Stakeholder Group 3 (Kra Daadi),Low,Negative,43,17,26,60
STK-0000179,LG-000032,Village Administration,Stakeholder Group 4 (Kra Daadi),Low,Negative,42,16,26,46
STK-0000180,LG-000032,Local Authority,Stakeholder Group 5 (Kra Daadi),Low,Negative,5,2,3,75
STK-0000181,LG-000032,Village Administration,Stakeholder Group 6 (Kra Daadi),Low,Negative,14,5,9,39
STK-0000182,LG-000033,Landowner,Stakeholder Group 1 (Kurung Kumey),Low,Negative,10,4,6,38
STK-0000183,LG-000033,Local Authority,Stakeholder Group 2 (Kurung Kumey),Low,Negative,45,18,27,37
STK-0000184,LG-000033,Local Authority,Stakeholder Group 3 (Kurung Kumey),Low,Negative,7,2,5,88
STK-0000185,LG-000033,Village Administration,Stakeholder Group 4 (Kurung Kumey),Low,Negative,46,18,28,42
STK-0000186,LG-000033,Contractor,Stakeholder Group 5 (Kurung Kumey),Low,Negative,50,20,30,89
STK-0000187,LG-000033,Landowner,Stakeholder Group 6 (Kurung Kumey),Low,Negative,11,4,7,90
STK-0000188,LG-000034,Village Administration,Stakeholder Group 1 (Lepa Rada),High,Positive,14,11,3,20
STK-0000189,LG-000034,Local Authority,Stakeholder Group 2 (Lepa Rada),High,Positive,13,11,2,14
STK-0000190,LG-000034,Contractor,Stakeholder Group 3 (Lepa Rada),High,Positive,35,29,6,15
STK-0000191,LG-000034,Landowner,Stakeholder Group 4 (Lepa Rada),High,Positive,33,28,5,14
STK-0000192,LG-000034,Village Administration,Stakeholder Group 5 (Lepa Rada),High,Positive,12,10,2,6
STK-0000193,LG-000034,Landowner,Stakeholder Group 6 (Lepa Rada),High,Positive,46,39,7,24
STK-0000194,LG-000035,Contractor,Stakeholder Group 1 (Lohit),Low,Negative,45,18,27,62
STK-0000195,LG-000035,Landowner,Stakeholder Group 2 (Lohit),Low,Negative,42,16,26,72
STK-0000196,LG-000035,Contractor,Stakeholder Group 3 (Lohit),Low,Negative,23,9,14,43
STK-0000197,LG-000036,Landowner,Stakeholder Group 1 (Longding),Low,Negative,8,3,5,38
STK-0000198,LG-000036,District Administration,Stakeholder Group 2 (Longding),Low,Negative,11,4,7,85
STK-0000199,LG-000036,Contractor,Stakeholder Group 3 (Longding),Low,Negative,49,19,30,44
STK-0000200,LG-000036,Landowner,Stakeholder Group 4 (Longding),Low,Negative,15,6,9,42
STK-0000201,LG-000037,Landowner,Stakeholder Group 1 (Lower Dibang Valley),Low,Negative,5,2,3,46
STK-0000202,LG-000037,District Administration,Stakeholder Group 2 (Lower Dibang Valley),Low,Negative,13,5,8,86
STK-0000203,LG-000037,Local Authority,Stakeholder Group 3 (Lower Dibang Valley),Low,Negative,23,9,14,72
STK-0000204,LG-000037,Village Administration,Stakeholder Group 4 (Lower Dibang Valley),Low,Negative,40,16,24,35
STK-0000205,LG-000037,District Administration,Stakeholder Group 5 (Lower Dibang Valley),Low,Negative,50,20,30,39
STK-0000206,LG-000037,Contractor,Stakeholder Group 6 (Lower Dibang Valley),Low,Negative,17,6,11,67
STK-0000207,LG-000037,District Administration,Stakeholder Group 7 (Lower Dibang Valley),Low,Negative,10,4,6,44
STK-0000208,LG-000037,Contractor,Stakeholder Group 8 (Lower Dibang Valley),Low,Negative,7,2,5,89
STK-0000209,LG-000038,Local Authority,Stakeholder Group 1 (Lower Subansiri),High,Positive,16,13,3,20
STK-0000210,LG-000038,Village Administration,Stakeholder Group 2 (Lower Subansiri),High,Positive,17,14,3,23
STK-0000211,LG-000038,Local Authority,Stakeholder Group 3 (Lower Subansiri),High,Positive,35,29,6,16
STK-0000212,LG-000038,Local Authority,Stakeholder Group 4 (Lower Subansiri),High,Positive,27,22,5,22
STK-0000213,LG-000038,Landowner,Stakeholder Group 5 (Lower Subansiri),High,Positive,13,11,2,19
STK-0000214,LG-000039,Village Administration,Stakeholder Group 1 (Namsai),High,Positive,23,19,4,23
STK-0000215,LG-000039,Landowner,Stakeholder Group 2 (Namsai),High,Positive,6,5,1,24
STK-0000216,LG-000039,District Administration,Stakeholder Group 3 (Namsai),High,Positive,18,15,3,21
STK-0000217,LG-000040,Village Administration,Stakeholder Group 1 (Pakke Kessang),High,Positive,37,31,6,18
STK-0000218,LG-000040,Local Authority,Stakeholder Group 2 (Pakke Kessang),High,Positive,8,6,2,15
STK-0000219,LG-000040,District Administration,Stakeholder Group 3 (Pakke Kessang),High,Positive,21,17,4,18
STK-0000220,LG-000040,Contractor,Stakeholder Group 4 (Pakke Kessang),High,Positive,30,25,5,18
STK-0000221,LG-000040,District Administration,Stakeholder Group 5 (Pakke Kessang),High,Positive,30,25,5,6
STK-0000222,LG-000041,Local Authority,Stakeholder Group 1 (Papum Pare),Low,Negative,13,5,8,81
STK-0000223,LG-000041,Contractor,Stakeholder Group 2 (Papum Pare),Low,Negative,33,13,20,72
STK-0000224,LG-000041,District Administration,Stakeholder Group 3 (Papum Pare),Low,Negative,35,14,21,49
STK-0000225,LG-000042,Village Administration,Stakeholder Group 1 (Shi Yomi),Low,Negative,5,2,3,50
STK-0000226,LG-000042,Local Authority,Stakeholder Group 2 (Shi Yomi),Low,Negative,13,5,8,62
STK-0000227,LG-000042,Contractor,Stakeholder Group 3 (Shi Yomi),Low,Negative,29,11,18,30
STK-0000228,LG-000042,Contractor,Stakeholder Group 4 (Shi Yomi),Low,Negative,36,14,22,57
STK-0000229,LG-000042,District Administration,Stakeholder Group 5 (Shi Yomi),Low,Negative,8,3,5,57
STK-0000230,LG-000042,Landowner,Stakeholder Group 6 (Shi Yomi),Low,Negative,21,8,13,68
STK-0000231,LG-000043,Landowner,Stakeholder Group 1 (Siang),Low,Negative,42,16,26,76
STK-0000232,LG-000043,District Administration,Stakeholder Group 2 (Siang),Low,Negative,15,6,9,56
STK-0000233,LG-000043,District Administration,Stakeholder Group 3 (Siang),Low,Negative,47,18,29,39
STK-0000234,LG-000043,Contractor,Stakeholder Group 4 (Siang),Low,Negative,20,8,12,43
STK-0000235,LG-000043,Landowner,Stakeholder Group 5 (Siang),Low,Negative,21,8,13,51
STK-0000236,LG-000044,Contractor,Stakeholder Group 1 (Tawang),High,Positive,13,11,2,13
STK-0000237,LG-000044,Village Administration,Stakeholder Group 2 (Tawang),High,Positive,6,5,1,11
STK-0000238,LG-000044,District Administration,Stakeholder Group 3 (Tawang),High,Positive,47,39,8,14
STK-0000239,LG-000044,Landowner,Stakeholder Group 4 (Tawang),High,Positive,28,23,5,15
STK-0000240,LG-000044,Contractor,Stakeholder Group 5 (Tawang),High,Positive,32,27,5,15
STK-0000241,LG-000044,Local Authority,Stakeholder Group 6 (Tawang),High,Positive,40,34,6,11
STK-0000242,LG-000044,Local Authority,Stakeholder Group 7 (Tawang),High,Positive,18,15,3,21
STK-0000243,LG-000044,District Administration,Stakeholder Group 8 (Tawang),High,Positive,33,28,5,8
STK-0000244,LG-000045,Contractor,Stakeholder Group 1 (Tirap),High,Positive,14,11,3,6
STK-0000245,LG-000045,Contractor,Stakeholder Group 2 (Tirap),High,Positive,39,33,6,24
STK-0000246,LG-000045,Village Administration,Stakeholder Group 3 (Tirap),High,Positive,38,32,6,10
STK-0000247,LG-000046,District Administration,Stakeholder Group 1 (Upper Siang),High,Positive,29,24,5,8
STK-0000248,LG-000046,Contractor,Stakeholder Group 2 (Upper Siang),High,Positive,45,38,7,18
STK-0000249,LG-000046,Village Administration,Stakeholder Group 3 (Upper Siang),High,Positive,42,35,7,20
STK-0000250,LG-000047,Village Administration,Stakeholder Group 1 (Upper Subansiri),Low,Negative,36,14,22,64
STK-0000251,LG-000047,District Administration,Stakeholder Group 2 (Upper Subansiri),Low,Negative,18,7,11,36
STK-0000252,LG-000047,Village Administration,Stakeholder Group 3 (Upper Subansiri),Low,Negative,48,19,29,68
STK-0000253,LG-000047,Local Authority,Stakeholder Group 4 (Upper Subansiri),Low,Negative,28,11,17,41
STK-0000254,LG-000047,Village Administration,Stakeholder Group 5 (Upper Subansiri),Low,Negative,33,13,20,62
STK-0000255,LG-000047,Contractor,Stakeholder Group 6 (Upper Subansiri),Low,Negative,14,5,9,31
STK-0000256,LG-000047,Landowner,Stakeholder Group 7 (Upper Subansiri),Low,Negative,44,17,27,89
STK-0000257,LG-000048,Contractor,Stakeholder Group 1 (West Kameng),Low,Negative,31,12,19,76
STK-0000258,LG-000048,Contractor,Stakeholder Group 2 (West Kameng),Low,Negative,33,13,20,90
STK-0000259,LG-000048,Contractor,Stakeholder Group 3 (West Kameng),Low,Negative,29,11,18,53
STK-0000260,LG-000048,District Administration,Stakeholder Group 4 (West Kameng),Low,Negative,26,10,16,72
STK-0000261,LG-000048,Village Administration,Stakeholder Group 5 (West Kameng),Low,Negative,30,12,18,76
STK-0000262,LG-000048,Village Administration,Stakeholder Group 6 (West Kameng),Low,Negative,38,15,23,45
STK-0000263,LG-000049,Contractor,Stakeholder Group 1 (West Siang),Low,Negative,17,6,11,82
STK-0000264,LG-000049,Contractor,Stakeholder Group 2 (West Siang),Low,Negative,17,6,11,68
STK-0000265,LG-000049,Village Administration,Stakeholder Group 3 (West Siang),Low,Negative,50,20,30,60
STK-0000266,LG-000049,Local Authority,Stakeholder Group 4 (West Siang),Low,Negative,23,9,14,85
STK-0000267,LG-000049,Contractor,Stakeholder Group 5 (West Siang),Low,Negative,8,3,5,41
STK-0000268,LG-000049,Landowner,Stakeholder Group 6 (West Siang),Low,Negative,37,14,23,35
STK-0000269,LG-000049,Village Administration,Stakeholder Group 7 (West Siang),Low,Negative,16,6,10,46
STK-0000270,LG-000050,Landowner,Stakeholder Group 1 (Itanagar),Low,Negative,44,17,27,71
STK-0000271,LG-000050,District Administration,Stakeholder Group 2 (Itanagar),Low,Negative,23,9,14,66
STK-0000272,LG-000050,Landowner,Stakeholder Group 3 (Itanagar),Low,Negative,41,16,25,86
STK-0000273,LG-000050,Landowner,Stakeholder Group 4 (Itanagar),Low,Negative,37,14,23,76
STK-0000274,LG-000050,Village Administration,Stakeholder Group 5 (Itanagar),Low,Negative,50,20,30,61
STK-0000275,LG-000051,District Administration,Stakeholder Group 1 (Bichom),Low,Negative,35,14,21,64
STK-0000276,LG-000051,Landowner,Stakeholder Group 2 (Bichom),Low,Negative,10,4,6,45
STK-0000277,LG-000051,Landowner,Stakeholder Group 3 (Bichom),Low,Negative,50,20,30,59
STK-0000278,LG-000052,Local Authority,Stakeholder Group 1 (Bajali),High,Positive,22,18,4,23
STK-0000279,LG-000052,Village Administration,Stakeholder Group 2 (Bajali),High,Positive,31,26,5,13
STK-0000280,LG-000052,Contractor,Stakeholder Group 3 (Bajali),High,Positive,8,6,2,25
STK-0000281,LG-000052,Local Authority,Stakeholder Group 4 (Bajali),High,Positive,36,30,6,8
STK-0000282,LG-000052,Contractor,Stakeholder Group 5 (Bajali),High,Positive,35,29,6,17
STK-0000283,LG-000052,Landowner,Stakeholder Group 6 (Bajali),High,Positive,25,21,4,9
STK-0000284,LG-000052,Landowner,Stakeholder Group 7 (Bajali),High,Positive,16,13,3,16
STK-0000285,LG-000053,Local Authority,Stakeholder Group 1 (Baksa),High,Positive,28,23,5,13
STK-0000286,LG-000053,Village Administration,Stakeholder Group 2 (Baksa),High,Positive,34,28,6,19
STK-0000287,LG-000053,Landowner,Stakeholder Group 3 (Baksa),High,Positive,16,13,3,12
STK-0000288,LG-000053,Local Authority,Stakeholder Group 4 (Baksa),High,Positive,15,12,3,6
STK-0000289,LG-000053,Contractor,Stakeholder Group 5 (Baksa),High,Positive,9,7,2,9
STK-0000290,LG-000053,District Administration,Stakeholder Group 6 (Baksa),High,Positive,5,4,1,19
STK-0000291,LG-000053,Contractor,Stakeholder Group 7 (Baksa),High,Positive,38,32,6,17
STK-0000292,LG-000054,Village Administration,Stakeholder Group 1 (Barpeta),Low,Negative,5,2,3,80
STK-0000293,LG-000054,Contractor,Stakeholder Group 2 (Barpeta),Low,Negative,15,6,9,82
STK-0000294,LG-000054,Landowner,Stakeholder Group 3 (Barpeta),Low,Negative,36,14,22,47
STK-0000295,LG-000054,District Administration,Stakeholder Group 4 (Barpeta),Low,Negative,42,16,26,69
STK-0000296,LG-000054,Landowner,Stakeholder Group 5 (Barpeta),Low,Negative,38,15,23,83
STK-0000297,LG-000054,District Administration,Stakeholder Group 6 (Barpeta),Low,Negative,44,17,27,38
STK-0000298,LG-000054,Contractor,Stakeholder Group 7 (Barpeta),Low,Negative,9,3,6,68
STK-0000299,LG-000055,Local Authority,Stakeholder Group 1 (Biswanath),High,Positive,49,41,8,11
STK-0000300,LG-000055,District Administration,Stakeholder Group 2 (Biswanath),High,Positive,35,29,6,5
STK-0000301,LG-000055,Contractor,Stakeholder Group 3 (Biswanath),High,Positive,26,22,4,18
STK-0000302,LG-000055,Local Authority,Stakeholder Group 4 (Biswanath),High,Positive,11,9,2,17
STK-0000303,LG-000055,Village Administration,Stakeholder Group 5 (Biswanath),High,Positive,18,15,3,11
STK-0000304,LG-000055,Contractor,Stakeholder Group 6 (Biswanath),High,Positive,44,37,7,23
STK-0000305,LG-000055,Landowner,Stakeholder Group 7 (Biswanath),High,Positive,49,41,8,12
STK-0000306,LG-000056,District Administration,Stakeholder Group 1 (Bongaigaon),Low,Negative,21,8,13,67
STK-0000307,LG-000056,Contractor,Stakeholder Group 2 (Bongaigaon),Low,Negative,17,6,11,72
STK-0000308,LG-000056,Local Authority,Stakeholder Group 3 (Bongaigaon),Low,Negative,43,17,26,66
STK-0000309,LG-000056,Landowner,Stakeholder Group 4 (Bongaigaon),Low,Negative,27,10,17,54
STK-0000310,LG-000056,Local Authority,Stakeholder Group 5 (Bongaigaon),Low,Negative,35,14,21,42
STK-0000311,LG-000056,District Administration,Stakeholder Group 6 (Bongaigaon),Low,Negative,20,8,12,32
STK-0000312,LG-000057,Contractor,Stakeholder Group 1 (Cachar),High,Positive,9,7,2,13
STK-0000313,LG-000057,Village Administration,Stakeholder Group 2 (Cachar),High,Positive,20,17,3,7
STK-0000314,LG-000057,Contractor,Stakeholder Group 3 (Cachar),High,Positive,14,11,3,24
STK-0000315,LG-000057,District Administration,Stakeholder Group 4 (Cachar),High,Positive,48,40,8,10
STK-0000316,LG-000057,Local Authority,Stakeholder Group 5 (Cachar),High,Positive,38,32,6,25
STK-0000317,LG-000057,District Administration,Stakeholder Group 6 (Cachar),High,Positive,47,39,8,18
STK-0000318,LG-000057,Village Administration,Stakeholder Group 7 (Cachar),High,Positive,24,20,4,5
STK-0000319,LG-000057,Contractor,Stakeholder Group 8 (Cachar),High,Positive,20,17,3,9
STK-0000320,LG-000058,Contractor,Stakeholder Group 1 (Charaideo),Low,Negative,13,5,8,32
STK-0000321,LG-000058,Village Administration,Stakeholder Group 2 (Charaideo),Low,Negative,18,7,11,71
STK-0000322,LG-000058,Local Authority,Stakeholder Group 3 (Charaideo),Low,Negative,28,11,17,76
STK-0000323,LG-000058,Landowner,Stakeholder Group 4 (Charaideo),Low,Negative,12,4,8,36
STK-0000324,LG-000058,District Administration,Stakeholder Group 5 (Charaideo),Low,Negative,47,18,29,58
STK-0000325,LG-000058,Landowner,Stakeholder Group 6 (Charaideo),Low,Negative,49,19,30,68
STK-0000326,LG-000058,Local Authority,Stakeholder Group 7 (Charaideo),Low,Negative,8,3,5,53
STK-0000327,LG-000059,District Administration,Stakeholder Group 1 (Chirang),Low,Negative,5,2,3,78
STK-0000328,LG-000059,Contractor,Stakeholder Group 2 (Chirang),Low,Negative,5,2,3,64
STK-0000329,LG-000059,Landowner,Stakeholder Group 3 (Chirang),Low,Negative,14,5,9,72
STK-0000330,LG-000059,Village Administration,Stakeholder Group 4 (Chirang),Low,Negative,15,6,9,44
STK-0000331,LG-000060,Village Administration,Stakeholder Group 1 (Darrang),Low,Negative,9,3,6,30
STK-0000332,LG-000060,District Administration,Stakeholder Group 2 (Darrang),Low,Negative,25,10,15,60
STK-0000333,LG-000060,Local Authority,Stakeholder Group 3 (Darrang),Low,Negative,7,2,5,43
STK-0000334,LG-000060,Contractor,Stakeholder Group 4 (Darrang),Low,Negative,45,18,27,65
STK-0000335,LG-000060,Landowner,Stakeholder Group 5 (Darrang),Low,Negative,16,6,10,48
STK-0000336,LG-000061,Contractor,Stakeholder Group 1 (Dhemaji),High,Positive,42,35,7,7
STK-0000337,LG-000061,Landowner,Stakeholder Group 2 (Dhemaji),High,Positive,43,36,7,9
STK-0000338,LG-000061,Landowner,Stakeholder Group 3 (Dhemaji),High,Positive,30,25,5,25
STK-0000339,LG-000061,Village Administration,Stakeholder Group 4 (Dhemaji),High,Positive,14,11,3,8
STK-0000340,LG-000061,Village Administration,Stakeholder Group 5 (Dhemaji),High,Positive,18,15,3,8
STK-0000341,LG-000061,Contractor,Stakeholder Group 6 (Dhemaji),High,Positive,48,40,8,18
STK-0000342,LG-000061,Village Administration,Stakeholder Group 7 (Dhemaji),High,Positive,34,28,6,6
STK-0000343,LG-000061,Local Authority,Stakeholder Group 8 (Dhemaji),High,Positive,12,10,2,7
STK-0000344,LG-000062,District Administration,Stakeholder Group 1 (Dhubri),Low,Negative,11,4,7,51
STK-0000345,LG-000062,Local Authority,Stakeholder Group 2 (Dhubri),Low,Negative,45,18,27,31
STK-0000346,LG-000062,Landowner,Stakeholder Group 3 (Dhubri),Low,Negative,9,3,6,33
STK-0000347,LG-000062,Local Authority,Stakeholder Group 4 (Dhubri),Low,Negative,33,13,20,61
STK-0000348,LG-000062,Contractor,Stakeholder Group 5 (Dhubri),Low,Negative,47,18,29,37
STK-0000349,LG-000062,Landowner,Stakeholder Group 6 (Dhubri),Low,Negative,21,8,13,31
STK-0000350,LG-000063,Landowner,Stakeholder Group 1 (Dibrugarh),High,Positive,24,20,4,11
STK-0000351,LG-000063,Local Authority,Stakeholder Group 2 (Dibrugarh),High,Positive,12,10,2,12
STK-0000352,LG-000063,Local Authority,Stakeholder Group 3 (Dibrugarh),High,Positive,27,22,5,25
STK-0000353,LG-000064,Local Authority,Stakeholder Group 1 (Dima Hasao),High,Positive,48,40,8,7
STK-0000354,LG-000064,Contractor,Stakeholder Group 2 (Dima Hasao),High,Positive,33,28,5,17
STK-0000355,LG-000064,Village Administration,Stakeholder Group 3 (Dima Hasao),High,Positive,18,15,3,14
STK-0000356,LG-000064,Village Administration,Stakeholder Group 4 (Dima Hasao),High,Positive,46,39,7,20
STK-0000357,LG-000064,Landowner,Stakeholder Group 5 (Dima Hasao),High,Positive,15,12,3,11
STK-0000358,LG-000064,Local Authority,Stakeholder Group 6 (Dima Hasao),High,Positive,40,34,6,17
STK-0000359,LG-000065,Local Authority,Stakeholder Group 1 (Goalpara),Low,Negative,43,17,26,55
STK-0000360,LG-000065,Contractor,Stakeholder Group 2 (Goalpara),Low,Negative,13,5,8,47
STK-0000361,LG-000065,Village Administration,Stakeholder Group 3 (Goalpara),Low,Negative,16,6,10,39
STK-0000362,LG-000066,District Administration,Stakeholder Group 1 (Golaghat),Low,Negative,33,13,20,80
STK-0000363,LG-000066,District Administration,Stakeholder Group 2 (Golaghat),Low,Negative,41,16,25,85
STK-0000364,LG-000066,Landowner,Stakeholder Group 3 (Golaghat),Low,Negative,8,3,5,40
STK-0000365,LG-000066,Landowner,Stakeholder Group 4 (Golaghat),Low,Negative,31,12,19,35
STK-0000366,LG-000067,Village Administration,Stakeholder Group 1 (Hailakandi),Low,Negative,43,17,26,62
STK-0000367,LG-000067,Contractor,Stakeholder Group 2 (Hailakandi),Low,Negative,42,16,26,87
STK-0000368,LG-000067,Local Authority,Stakeholder Group 3 (Hailakandi),Low,Negative,16,6,10,47
STK-0000369,LG-000067,District Administration,Stakeholder Group 4 (Hailakandi),Low,Negative,26,10,16,85
STK-0000370,LG-000067,Landowner,Stakeholder Group 5 (Hailakandi),Low,Negative,8,3,5,62
STK-0000371,LG-000067,Village Administration,Stakeholder Group 6 (Hailakandi),Low,Negative,13,5,8,76
STK-0000372,LG-000068,District Administration,Stakeholder Group 1 (Hojai),High,Positive,12,10,2,6
STK-0000373,LG-000068,District Administration,Stakeholder Group 2 (Hojai),High,Positive,47,39,8,25
STK-0000374,LG-000068,Local Authority,Stakeholder Group 3 (Hojai),High,Positive,39,33,6,11
STK-0000375,LG-000068,Village Administration,Stakeholder Group 4 (Hojai),High,Positive,20,17,3,18
STK-0000376,LG-000068,District Administration,Stakeholder Group 5 (Hojai),High,Positive,12,10,2,15
STK-0000377,LG-000068,Village Administration,Stakeholder Group 6 (Hojai),High,Positive,24,20,4,6
STK-0000378,LG-000069,Village Administration,Stakeholder Group 1 (Jorhat),Low,Negative,9,3,6,89
STK-0000379,LG-000069,Landowner,Stakeholder Group 2 (Jorhat),Low,Negative,45,18,27,53
STK-0000380,LG-000069,Contractor,Stakeholder Group 3 (Jorhat),Low,Negative,10,4,6,76
STK-0000381,LG-000069,Landowner,Stakeholder Group 4 (Jorhat),Low,Negative,22,8,14,34
STK-0000382,LG-000069,District Administration,Stakeholder Group 5 (Jorhat),Low,Negative,41,16,25,51
STK-0000383,LG-000069,District Administration,Stakeholder Group 6 (Jorhat),Low,Negative,32,12,20,31
STK-0000384,LG-000069,Landowner,Stakeholder Group 7 (Jorhat),Low,Negative,41,16,25,66
STK-0000385,LG-000070,Landowner,Stakeholder Group 1 (Kamrup),High,Positive,35,29,6,20
STK-0000386,LG-000070,District Administration,Stakeholder Group 2 (Kamrup),High,Positive,25,21,4,21
STK-0000387,LG-000070,Village Administration,Stakeholder Group 3 (Kamrup),High,Positive,27,22,5,14
STK-0000388,LG-000071,Local Authority,Stakeholder Group 1 (Kamrup Metropolitan),High,Positive,29,24,5,16
STK-0000389,LG-000071,Local Authority,Stakeholder Group 2 (Kamrup Metropolitan),High,Positive,9,7,2,15
STK-0000390,LG-000071,Contractor,Stakeholder Group 3 (Kamrup Metropolitan),High,Positive,17,14,3,20
STK-0000391,LG-000071,Local Authority,Stakeholder Group 4 (Kamrup Metropolitan),High,Positive,21,17,4,10
STK-0000392,LG-000071,Contractor,Stakeholder Group 5 (Kamrup Metropolitan),High,Positive,30,25,5,25
STK-0000393,LG-000071,Village Administration,Stakeholder Group 6 (Kamrup Metropolitan),High,Positive,47,39,8,10
STK-0000394,LG-000071,District Administration,Stakeholder Group 7 (Kamrup Metropolitan),High,Positive,43,36,7,18
STK-0000395,LG-000071,District Administration,Stakeholder Group 8 (Kamrup Metropolitan),High,Positive,19,16,3,10
STK-0000396,LG-000072,Contractor,Stakeholder Group 1 (Karbi Anglong),High,Positive,6,5,1,13
STK-0000397,LG-000072,Contractor,Stakeholder Group 2 (Karbi Anglong),High,Positive,45,38,7,9
STK-0000398,LG-000072,Contractor,Stakeholder Group 3 (Karbi Anglong),High,Positive,44,37,7,18
STK-0000399,LG-000072,District Administration,Stakeholder Group 4 (Karbi Anglong),High,Positive,42,35,7,7
STK-0000400,LG-000072,Local Authority,Stakeholder Group 5 (Karbi Anglong),High,Positive,33,28,5,24
STK-0000401,LG-000072,Contractor,Stakeholder Group 6 (Karbi Anglong),High,Positive,30,25,5,5
STK-0000402,LG-000072,Landowner,Stakeholder Group 7 (Karbi Anglong),High,Positive,40,34,6,22
STK-0000403,LG-000073,Village Administration,Stakeholder Group 1 (Karimganj),High,Positive,13,11,2,7
STK-0000404,LG-000073,Contractor,Stakeholder Group 2 (Karimganj),High,Positive,9,7,2,12
STK-0000405,LG-000073,Village Administration,Stakeholder Group 3 (Karimganj),High,Positive,45,38,7,25
STK-0000406,LG-000073,Contractor,Stakeholder Group 4 (Karimganj),High,Positive,34,28,6,10
STK-0000407,LG-000073,District Administration,Stakeholder Group 5 (Karimganj),High,Positive,32,27,5,22
STK-0000408,LG-000073,Local Authority,Stakeholder Group 6 (Karimganj),High,Positive,46,39,7,12
STK-0000409,LG-000074,Village Administration,Stakeholder Group 1 (Kokrajhar),High,Positive,36,30,6,17
STK-0000410,LG-000074,Village Administration,Stakeholder Group 2 (Kokrajhar),High,Positive,30,25,5,19
STK-0000411,LG-000074,Village Administration,Stakeholder Group 3 (Kokrajhar),High,Positive,10,8,2,16
STK-0000412,LG-000074,Local Authority,Stakeholder Group 4 (Kokrajhar),High,Positive,37,31,6,17
STK-0000413,LG-000074,Village Administration,Stakeholder Group 5 (Kokrajhar),High,Positive,41,34,7,11
STK-0000414,LG-000074,Village Administration,Stakeholder Group 6 (Kokrajhar),High,Positive,27,22,5,24
STK-0000415,LG-000074,Landowner,Stakeholder Group 7 (Kokrajhar),High,Positive,8,6,2,25
STK-0000416,LG-000075,Landowner,Stakeholder Group 1 (Lakhimpur),High,Positive,47,39,8,23
STK-0000417,LG-000075,District Administration,Stakeholder Group 2 (Lakhimpur),High,Positive,22,18,4,19
STK-0000418,LG-000075,Village Administration,Stakeholder Group 3 (Lakhimpur),High,Positive,35,29,6,17
STK-0000419,LG-000075,Landowner,Stakeholder Group 4 (Lakhimpur),High,Positive,44,37,7,11
STK-0000420,LG-000075,Village Administration,Stakeholder Group 5 (Lakhimpur),High,Positive,48,40,8,18
STK-0000421,LG-000075,District Administration,Stakeholder Group 6 (Lakhimpur),High,Positive,46,39,7,15
STK-0000422,LG-000075,Village Administration,Stakeholder Group 7 (Lakhimpur),High,Positive,11,9,2,9
STK-0000423,LG-000075,Contractor,Stakeholder Group 8 (Lakhimpur),High,Positive,35,29,6,7
STK-0000424,LG-000076,Landowner,Stakeholder Group 1 (Majuli),Low,Negative,44,17,27,79
STK-0000425,LG-000076,Village Administration,Stakeholder Group 2 (Majuli),Low,Negative,40,16,24,65
STK-0000426,LG-000076,District Administration,Stakeholder Group 3 (Majuli),Low,Negative,49,19,30,36
STK-0000427,LG-000076,Landowner,Stakeholder Group 4 (Majuli),Low,Negative,40,16,24,73
STK-0000428,LG-000077,Landowner,Stakeholder Group 1 (Morigaon),High,Positive,50,42,8,5
STK-0000429,LG-000077,Village Administration,Stakeholder Group 2 (Morigaon),High,Positive,35,29,6,22
STK-0000430,LG-000077,Contractor,Stakeholder Group 3 (Morigaon),High,Positive,38,32,6,21
STK-0000431,LG-000077,Contractor,Stakeholder Group 4 (Morigaon),High,Positive,5,4,1,9
STK-0000432,LG-000078,District Administration,Stakeholder Group 1 (Nagaon),Low,Negative,26,10,16,79
STK-0000433,LG-000078,District Administration,Stakeholder Group 2 (Nagaon),Low,Negative,20,8,12,30
STK-0000434,LG-000078,Landowner,Stakeholder Group 3 (Nagaon),Low,Negative,27,10,17,73
STK-0000435,LG-000078,Local Authority,Stakeholder Group 4 (Nagaon),Low,Negative,38,15,23,79
STK-0000436,LG-000078,Contractor,Stakeholder Group 5 (Nagaon),Low,Negative,14,5,9,42
STK-0000437,LG-000078,Contractor,Stakeholder Group 6 (Nagaon),Low,Negative,41,16,25,77
STK-0000438,LG-000078,District Administration,Stakeholder Group 7 (Nagaon),Low,Negative,10,4,6,68
STK-0000439,LG-000078,Contractor,Stakeholder Group 8 (Nagaon),Low,Negative,33,13,20,90
STK-0000440,LG-000079,Local Authority,Stakeholder Group 1 (Nalbari),High,Positive,25,21,4,24
STK-0000441,LG-000079,Village Administration,Stakeholder Group 2 (Nalbari),High,Positive,44,37,7,6
STK-0000442,LG-000079,Village Administration,Stakeholder Group 3 (Nalbari),High,Positive,12,10,2,12
STK-0000443,LG-000079,Contractor,Stakeholder Group 4 (Nalbari),High,Positive,36,30,6,11
STK-0000444,LG-000079,Contractor,Stakeholder Group 5 (Nalbari),High,Positive,9,7,2,19
STK-0000445,LG-000079,Local Authority,Stakeholder Group 6 (Nalbari),High,Positive,24,20,4,16
STK-0000446,LG-000080,Local Authority,Stakeholder Group 1 (Sivasagar),High,Positive,36,30,6,24
STK-0000447,LG-000080,Village Administration,Stakeholder Group 2 (Sivasagar),High,Positive,41,34,7,10
STK-0000448,LG-000080,Village Administration,Stakeholder Group 3 (Sivasagar),High,Positive,24,20,4,6
STK-0000449,LG-000081,District Administration,Stakeholder Group 1 (Sonitpur),High,Positive,38,32,6,5
STK-0000450,LG-000081,Landowner,Stakeholder Group 2 (Sonitpur),High,Positive,47,39,8,19
STK-0000451,LG-000081,Local Authority,Stakeholder Group 3 (Sonitpur),High,Positive,14,11,3,21
STK-0000452,LG-000081,Local Authority,Stakeholder Group 4 (Sonitpur),High,Positive,47,39,8,15
STK-0000453,LG-000081,Village Administration,Stakeholder Group 5 (Sonitpur),High,Positive,41,34,7,25
STK-0000454,LG-000082,Local Authority,Stakeholder Group 1 (South Salmara-Mankachar),Low,Negative,45,18,27,60
STK-0000455,LG-000082,Landowner,Stakeholder Group 2 (South Salmara-Mankachar),Low,Negative,13,5,8,67
STK-0000456,LG-000082,Local Authority,Stakeholder Group 3 (South Salmara-Mankachar),Low,Negative,44,17,27,57
STK-0000457,LG-000082,District Administration,Stakeholder Group 4 (South Salmara-Mankachar),Low,Negative,46,18,28,83
STK-0000458,LG-000083,Landowner,Stakeholder Group 1 (Tinsukia),High,Positive,30,25,5,15
STK-0000459,LG-000083,Contractor,Stakeholder Group 2 (Tinsukia),High,Positive,8,6,2,12
STK-0000460,LG-000083,Contractor,Stakeholder Group 3 (Tinsukia),High,Positive,7,5,2,17
STK-0000461,LG-000083,Contractor,Stakeholder Group 4 (Tinsukia),High,Positive,20,17,3,5
STK-0000462,LG-000083,Landowner,Stakeholder Group 5 (Tinsukia),High,Positive,28,23,5,9
STK-0000463,LG-000083,Landowner,Stakeholder Group 6 (Tinsukia),High,Positive,38,32,6,25
STK-0000464,LG-000083,Contractor,Stakeholder Group 7 (Tinsukia),High,Positive,45,38,7,13
STK-0000465,LG-000084,District Administration,Stakeholder Group 1 (Udalguri),High,Positive,26,22,4,15
STK-0000466,LG-000084,Contractor,Stakeholder Group 2 (Udalguri),High,Positive,13,11,2,6
STK-0000467,LG-000084,District Administration,Stakeholder Group 3 (Udalguri),High,Positive,33,28,5,18
STK-0000468,LG-000085,District Administration,Stakeholder Group 1 (West Karbi Anglong),High,Positive,32,27,5,5
STK-0000469,LG-000085,Landowner,Stakeholder Group 2 (West Karbi Anglong),High,Positive,5,4,1,17
STK-0000470,LG-000085,Contractor,Stakeholder Group 3 (West Karbi Anglong),High,Positive,38,32,6,15
STK-0000471,LG-000085,Contractor,Stakeholder Group 4 (West Karbi Anglong),High,Positive,38,32,6,21
STK-0000472,LG-000085,District Administration,Stakeholder Group 5 (West Karbi Anglong),High,Positive,13,11,2,6
STK-0000473,LG-000085,Landowner,Stakeholder Group 6 (West Karbi Anglong),High,Positive,27,22,5,18
STK-0000474,LG-000086,Landowner,Stakeholder Group 1 (Araria),High,Positive,43,36,7,8
STK-0000475,LG-000086,Contractor,Stakeholder Group 2 (Araria),High,Positive,8,6,2,23
STK-0000476,LG-000086,Village Administration,Stakeholder Group 3 (Araria),High,Positive,13,11,2,20
STK-0000477,LG-000086,Local Authority,Stakeholder Group 4 (Araria),High,Positive,14,11,3,22
STK-0000478,LG-000086,Contractor,Stakeholder Group 5 (Araria),High,Positive,14,11,3,22
STK-0000479,LG-000086,Village Administration,Stakeholder Group 6 (Araria),High,Positive,43,36,7,12
STK-0000480,LG-000086,Local Authority,Stakeholder Group 7 (Araria),High,Positive,22,18,4,18
STK-0000481,LG-000086,District Administration,Stakeholder Group 8 (Araria),High,Positive,47,39,8,24
STK-0000482,LG-000087,District Administration,Stakeholder Group 1 (Arwal),High,Positive,20,17,3,7
STK-0000483,LG-000087,District Administration,Stakeholder Group 2 (Arwal),High,Positive,34,28,6,17
STK-0000484,LG-000087,Contractor,Stakeholder Group 3 (Arwal),High,Positive,28,23,5,14
STK-0000485,LG-000087,Contractor,Stakeholder Group 4 (Arwal),High,Positive,13,11,2,6
STK-0000486,LG-000088,District Administration,Stakeholder Group 1 (Aurangabad),High,Positive,11,9,2,20
STK-0000487,LG-000088,Village Administration,Stakeholder Group 2 (Aurangabad),High,Positive,28,23,5,12
STK-0000488,LG-000088,Local Authority,Stakeholder Group 3 (Aurangabad),High,Positive,30,25,5,16
STK-0000489,LG-000088,District Administration,Stakeholder Group 4 (Aurangabad),High,Positive,15,12,3,19
STK-0000490,LG-000088,Contractor,Stakeholder Group 5 (Aurangabad),High,Positive,22,18,4,18
STK-0000491,LG-000089,Local Authority,Stakeholder Group 1 (Banka),High,Positive,12,10,2,14
STK-0000492,LG-000089,Village Administration,Stakeholder Group 2 (Banka),High,Positive,15,12,3,25
STK-0000493,LG-000089,Landowner,Stakeholder Group 3 (Banka),High,Positive,14,11,3,16
STK-0000494,LG-000089,Landowner,Stakeholder Group 4 (Banka),High,Positive,23,19,4,7
STK-0000495,LG-000089,Village Administration,Stakeholder Group 5 (Banka),High,Positive,50,42,8,7
STK-0000496,LG-000089,Village Administration,Stakeholder Group 6 (Banka),High,Positive,26,22,4,15
STK-0000497,LG-000090,Contractor,Stakeholder Group 1 (Begusarai),High,Positive,6,5,1,10
STK-0000498,LG-000090,Local Authority,Stakeholder Group 2 (Begusarai),High,Positive,36,30,6,17
STK-0000499,LG-000090,Village Administration,Stakeholder Group 3 (Begusarai),High,Positive,5,4,1,13
STK-0000500,LG-000090,District Administration,Stakeholder Group 4 (Begusarai),High,Positive,15,12,3,19
STK-0000501,LG-000090,Village Administration,Stakeholder Group 5 (Begusarai),High,Positive,8,6,2,11
STK-0000502,LG-000090,Village Administration,Stakeholder Group 6 (Begusarai),High,Positive,19,16,3,24
STK-0000503,LG-000090,Local Authority,Stakeholder Group 7 (Begusarai),High,Positive,26,22,4,14
STK-0000504,LG-000091,Contractor,Stakeholder Group 1 (Bhagalpur),High,Positive,32,27,5,12
STK-0000505,LG-000091,Landowner,Stakeholder Group 2 (Bhagalpur),High,Positive,28,23,5,9
STK-0000506,LG-000091,Village Administration,Stakeholder Group 3 (Bhagalpur),High,Positive,36,30,6,13
STK-0000507,LG-000091,District Administration,Stakeholder Group 4 (Bhagalpur),High,Positive,25,21,4,12
STK-0000508,LG-000092,Local Authority,Stakeholder Group 1 (Bhojpur),Low,Negative,46,18,28,34
STK-0000509,LG-000092,District Administration,Stakeholder Group 2 (Bhojpur),Low,Negative,42,16,26,57
STK-0000510,LG-000092,Contractor,Stakeholder Group 3 (Bhojpur),Low,Negative,25,10,15,75
STK-0000511,LG-000092,Local Authority,Stakeholder Group 4 (Bhojpur),Low,Negative,14,5,9,53
STK-0000512,LG-000092,District Administration,Stakeholder Group 5 (Bhojpur),Low,Negative,20,8,12,90
STK-0000513,LG-000093,Contractor,Stakeholder Group 1 (Buxar),Low,Negative,48,19,29,63
STK-0000514,LG-000093,District Administration,Stakeholder Group 2 (Buxar),Low,Negative,9,3,6,84
STK-0000515,LG-000093,District Administration,Stakeholder Group 3 (Buxar),Low,Negative,41,16,25,79
STK-0000516,LG-000093,District Administration,Stakeholder Group 4 (Buxar),Low,Negative,34,13,21,79
STK-0000517,LG-000094,Landowner,Stakeholder Group 1 (Darbhanga),High,Positive,21,17,4,17
STK-0000518,LG-000094,Contractor,Stakeholder Group 2 (Darbhanga),High,Positive,39,33,6,11
STK-0000519,LG-000094,District Administration,Stakeholder Group 3 (Darbhanga),High,Positive,28,23,5,13
STK-0000520,LG-000094,Village Administration,Stakeholder Group 4 (Darbhanga),High,Positive,28,23,5,13
STK-0000521,LG-000094,Landowner,Stakeholder Group 5 (Darbhanga),High,Positive,26,22,4,13
STK-0000522,LG-000094,Contractor,Stakeholder Group 6 (Darbhanga),High,Positive,29,24,5,22
STK-0000523,LG-000095,Landowner,Stakeholder Group 1 (East Champaran),Low,Negative,10,4,6,76
STK-0000524,LG-000095,Contractor,Stakeholder Group 2 (East Champaran),Low,Negative,37,14,23,44
STK-0000525,LG-000095,Village Administration,Stakeholder Group 3 (East Champaran),Low,Negative,44,17,27,40
STK-0000526,LG-000095,Local Authority,Stakeholder Group 4 (East Champaran),Low,Negative,11,4,7,65
STK-0000527,LG-000095,Contractor,Stakeholder Group 5 (East Champaran),Low,Negative,20,8,12,66
STK-0000528,LG-000095,District Administration,Stakeholder Group 6 (East Champaran),Low,Negative,9,3,6,58
STK-0000529,LG-000095,Contractor,Stakeholder Group 7 (East Champaran),Low,Negative,18,7,11,57
STK-0000530,LG-000096,Local Authority,Stakeholder Group 1 (Gaya),Low,Negative,14,5,9,36
STK-0000531,LG-000096,Local Authority,Stakeholder Group 2 (Gaya),Low,Negative,10,4,6,58
STK-0000532,LG-000096,Village Administration,Stakeholder Group 3 (Gaya),Low,Negative,15,6,9,62
STK-0000533,LG-000096,District Administration,Stakeholder Group 4 (Gaya),Low,Negative,15,6,9,60
STK-0000534,LG-000096,Local Authority,Stakeholder Group 5 (Gaya),Low,Negative,12,4,8,42
STK-0000535,LG-000096,Landowner,Stakeholder Group 6 (Gaya),Low,Negative,6,2,4,64
STK-0000536,LG-000096,Contractor,Stakeholder Group 7 (Gaya),Low,Negative,12,4,8,74
STK-0000537,LG-000096,Contractor,Stakeholder Group 8 (Gaya),Low,Negative,42,16,26,71
STK-0000538,LG-000097,Village Administration,Stakeholder Group 1 (Gopalganj),High,Positive,6,5,1,15
STK-0000539,LG-000097,District Administration,Stakeholder Group 2 (Gopalganj),High,Positive,29,24,5,24
STK-0000540,LG-000097,Village Administration,Stakeholder Group 3 (Gopalganj),High,Positive,22,18,4,23
STK-0000541,LG-000098,Local Authority,Stakeholder Group 1 (Jamui),High,Positive,46,39,7,16
STK-0000542,LG-000098,Contractor,Stakeholder Group 2 (Jamui),High,Positive,14,11,3,19
STK-0000543,LG-000098,Local Authority,Stakeholder Group 3 (Jamui),High,Positive,27,22,5,17
STK-0000544,LG-000098,Landowner,Stakeholder Group 4 (Jamui),High,Positive,35,29,6,11
STK-0000545,LG-000098,District Administration,Stakeholder Group 5 (Jamui),High,Positive,29,24,5,18
STK-0000546,LG-000099,Village Administration,Stakeholder Group 1 (Jehanabad),Low,Negative,29,11,18,46
STK-0000547,LG-000099,Local Authority,Stakeholder Group 2 (Jehanabad),Low,Negative,13,5,8,82
STK-0000548,LG-000099,District Administration,Stakeholder Group 3 (Jehanabad),Low,Negative,16,6,10,88
STK-0000549,LG-000099,Landowner,Stakeholder Group 4 (Jehanabad),Low,Negative,15,6,9,74
STK-0000550,LG-000099,District Administration,Stakeholder Group 5 (Jehanabad),Low,Negative,43,17,26,66
STK-0000551,LG-000100,Contractor,Stakeholder Group 1 (Kaimur),Low,Negative,21,8,13,81
STK-0000552,LG-000100,Landowner,Stakeholder Group 2 (Kaimur),Low,Negative,41,16,25,53
STK-0000553,LG-000100,District Administration,Stakeholder Group 3 (Kaimur),Low,Negative,19,7,12,58
STK-0000554,LG-000101,District Administration,Stakeholder Group 1 (Katihar),High,Positive,48,40,8,14
STK-0000555,LG-000101,District Administration,Stakeholder Group 2 (Katihar),High,Positive,11,9,2,24
STK-0000556,LG-000101,District Administration,Stakeholder Group 3 (Katihar),High,Positive,15,12,3,11
STK-0000557,LG-000101,Landowner,Stakeholder Group 4 (Katihar),High,Positive,48,40,8,18
STK-0000558,LG-000101,Local Authority,Stakeholder Group 5 (Katihar),High,Positive,22,18,4,22
STK-0000559,LG-000101,Local Authority,Stakeholder Group 6 (Katihar),High,Positive,16,13,3,12
STK-0000560,LG-000101,District Administration,Stakeholder Group 7 (Katihar),High,Positive,38,32,6,23
STK-0000561,LG-000102,Landowner,Stakeholder Group 1 (Khagaria),Low,Negative,17,6,11,62
STK-0000562,LG-000102,Contractor,Stakeholder Group 2 (Khagaria),Low,Negative,35,14,21,88
STK-0000563,LG-000102,Contractor,Stakeholder Group 3 (Khagaria),Low,Negative,23,9,14,88
STK-0000564,LG-000103,Landowner,Stakeholder Group 1 (Kishanganj),High,Positive,42,35,7,24
STK-0000565,LG-000103,District Administration,Stakeholder Group 2 (Kishanganj),High,Positive,37,31,6,17
STK-0000566,LG-000103,District Administration,Stakeholder Group 3 (Kishanganj),High,Positive,38,32,6,18
STK-0000567,LG-000103,Contractor,Stakeholder Group 4 (Kishanganj),High,Positive,5,4,1,17
STK-0000568,LG-000104,Landowner,Stakeholder Group 1 (Lakhisarai),High,Positive,17,14,3,23
STK-0000569,LG-000104,Local Authority,Stakeholder Group 2 (Lakhisarai),High,Positive,28,23,5,20
STK-0000570,LG-000104,Village Administration,Stakeholder Group 3 (Lakhisarai),High,Positive,14,11,3,22
STK-0000571,LG-000104,Contractor,Stakeholder Group 4 (Lakhisarai),High,Positive,18,15,3,22
STK-0000572,LG-000105,Contractor,Stakeholder Group 1 (Madhepura),Low,Negative,26,10,16,42
STK-0000573,LG-000105,Local Authority,Stakeholder Group 2 (Madhepura),Low,Negative,20,8,12,36
STK-0000574,LG-000105,Village Administration,Stakeholder Group 3 (Madhepura),Low,Negative,19,7,12,31
STK-0000575,LG-000105,Village Administration,Stakeholder Group 4 (Madhepura),Low,Negative,35,14,21,47
STK-0000576,LG-000106,District Administration,Stakeholder Group 1 (Madhubani),High,Positive,11,9,2,14
STK-0000577,LG-000106,Contractor,Stakeholder Group 2 (Madhubani),High,Positive,40,34,6,9
STK-0000578,LG-000106,Landowner,Stakeholder Group 3 (Madhubani),High,Positive,5,4,1,9
STK-0000579,LG-000106,Landowner,Stakeholder Group 4 (Madhubani),High,Positive,21,17,4,9
STK-0000580,LG-000106,District Administration,Stakeholder Group 5 (Madhubani),High,Positive,28,23,5,15
STK-0000581,LG-000106,Landowner,Stakeholder Group 6 (Madhubani),High,Positive,25,21,4,6
STK-0000582,LG-000107,District Administration,Stakeholder Group 1 (Munger),High,Positive,21,17,4,24
STK-0000583,LG-000107,Local Authority,Stakeholder Group 2 (Munger),High,Positive,45,38,7,24
STK-0000584,LG-000107,Contractor,Stakeholder Group 3 (Munger),High,Positive,38,32,6,5
STK-0000585,LG-000107,Village Administration,Stakeholder Group 4 (Munger),High,Positive,43,36,7,12
STK-0000586,LG-000107,Landowner,Stakeholder Group 5 (Munger),High,Positive,43,36,7,12
STK-0000587,LG-000107,Local Authority,Stakeholder Group 6 (Munger),High,Positive,30,25,5,14
STK-0000588,LG-000108,Village Administration,Stakeholder Group 1 (Muzaffarpur),Low,Negative,14,5,9,80
STK-0000589,LG-000108,Landowner,Stakeholder Group 2 (Muzaffarpur),Low,Negative,41,16,25,75
STK-0000590,LG-000108,Village Administration,Stakeholder Group 3 (Muzaffarpur),Low,Negative,41,16,25,72
STK-0000591,LG-000108,District Administration,Stakeholder Group 4 (Muzaffarpur),Low,Negative,16,6,10,38
STK-0000592,LG-000109,District Administration,Stakeholder Group 1 (Nalanda),High,Positive,8,6,2,20
STK-0000593,LG-000109,Village Administration,Stakeholder Group 2 (Nalanda),High,Positive,30,25,5,15
STK-0000594,LG-000109,Village Administration,Stakeholder Group 3 (Nalanda),High,Positive,48,40,8,24
STK-0000595,LG-000109,Landowner,Stakeholder Group 4 (Nalanda),High,Positive,28,23,5,8
STK-0000596,LG-000109,Landowner,Stakeholder Group 5 (Nalanda),High,Positive,10,8,2,15
STK-0000597,LG-000110,Landowner,Stakeholder Group 1 (Nawada),Low,Negative,21,8,13,42
STK-0000598,LG-000110,District Administration,Stakeholder Group 2 (Nawada),Low,Negative,31,12,19,46
STK-0000599,LG-000110,Local Authority,Stakeholder Group 3 (Nawada),Low,Negative,28,11,17,47
STK-0000600,LG-000110,Contractor,Stakeholder Group 4 (Nawada),Low,Negative,35,14,21,37
STK-0000601,LG-000110,Landowner,Stakeholder Group 5 (Nawada),Low,Negative,15,6,9,65
STK-0000602,LG-000110,Village Administration,Stakeholder Group 6 (Nawada),Low,Negative,41,16,25,89
STK-0000603,LG-000111,District Administration,Stakeholder Group 1 (Patna),Low,Negative,48,19,29,35
STK-0000604,LG-000111,Landowner,Stakeholder Group 2 (Patna),Low,Negative,30,12,18,35
STK-0000605,LG-000111,Local Authority,Stakeholder Group 3 (Patna),Low,Negative,41,16,25,35
STK-0000606,LG-000111,Local Authority,Stakeholder Group 4 (Patna),Low,Negative,44,17,27,73
STK-0000607,LG-000111,Local Authority,Stakeholder Group 5 (Patna),Low,Negative,21,8,13,31
STK-0000608,LG-000112,Village Administration,Stakeholder Group 1 (Purnia),High,Positive,48,40,8,25
STK-0000609,LG-000112,Contractor,Stakeholder Group 2 (Purnia),High,Positive,50,42,8,7
STK-0000610,LG-000112,Contractor,Stakeholder Group 3 (Purnia),High,Positive,39,33,6,25
STK-0000611,LG-000112,Village Administration,Stakeholder Group 4 (Purnia),High,Positive,46,39,7,14
STK-0000612,LG-000112,Contractor,Stakeholder Group 5 (Purnia),High,Positive,24,20,4,16
STK-0000613,LG-000112,Village Administration,Stakeholder Group 6 (Purnia),High,Positive,31,26,5,7
STK-0000614,LG-000113,Local Authority,Stakeholder Group 1 (Rohtas),Low,Negative,26,10,16,51
STK-0000615,LG-000113,Local Authority,Stakeholder Group 2 (Rohtas),Low,Negative,44,17,27,53
STK-0000616,LG-000113,Landowner,Stakeholder Group 3 (Rohtas),Low,Negative,28,11,17,87
STK-0000617,LG-000113,District Administration,Stakeholder Group 4 (Rohtas),Low,Negative,26,10,16,87
STK-0000618,LG-000113,Village Administration,Stakeholder Group 5 (Rohtas),Low,Negative,46,18,28,74
STK-0000619,LG-000113,Contractor,Stakeholder Group 6 (Rohtas),Low,Negative,45,18,27,38
STK-0000620,LG-000114,District Administration,Stakeholder Group 1 (Saharsa),High,Positive,18,15,3,11
STK-0000621,LG-000114,Contractor,Stakeholder Group 2 (Saharsa),High,Positive,6,5,1,15
STK-0000622,LG-000114,Contractor,Stakeholder Group 3 (Saharsa),High,Positive,39,33,6,14
STK-0000623,LG-000114,Local Authority,Stakeholder Group 4 (Saharsa),High,Positive,23,19,4,21
STK-0000624,LG-000115,District Administration,Stakeholder Group 1 (Samastipur),High,Positive,20,17,3,16
STK-0000625,LG-000115,Local Authority,Stakeholder Group 2 (Samastipur),High,Positive,14,11,3,11
STK-0000626,LG-000115,Village Administration,Stakeholder Group 3 (Samastipur),High,Positive,45,38,7,20
STK-0000627,LG-000115,Local Authority,Stakeholder Group 4 (Samastipur),High,Positive,15,12,3,20
STK-0000628,LG-000115,District Administration,Stakeholder Group 5 (Samastipur),High,Positive,50,42,8,17
STK-0000629,LG-000115,Contractor,Stakeholder Group 6 (Samastipur),High,Positive,47,39,8,23
STK-0000630,LG-000115,Landowner,Stakeholder Group 7 (Samastipur),High,Positive,40,34,6,11
STK-0000631,LG-000115,Village Administration,Stakeholder Group 8 (Samastipur),High,Positive,8,6,2,18
STK-0000632,LG-000116,District Administration,Stakeholder Group 1 (Saran),High,Positive,5,4,1,19
STK-0000633,LG-000116,Contractor,Stakeholder Group 2 (Saran),High,Positive,19,16,3,8
STK-0000634,LG-000116,Local Authority,Stakeholder Group 3 (Saran),High,Positive,42,35,7,25
STK-0000635,LG-000116,District Administration,Stakeholder Group 4 (Saran),High,Positive,45,38,7,8
STK-0000636,LG-000116,Contractor,Stakeholder Group 5 (Saran),High,Positive,35,29,6,23
STK-0000637,LG-000116,Contractor,Stakeholder Group 6 (Saran),High,Positive,47,39,8,22
STK-0000638,LG-000116,Contractor,Stakeholder Group 7 (Saran),High,Positive,6,5,1,14
STK-0000639,LG-000116,District Administration,Stakeholder Group 8 (Saran),High,Positive,28,23,5,14
STK-0000640,LG-000117,Village Administration,Stakeholder Group 1 (Sheikhpura),High,Positive,26,22,4,8
STK-0000641,LG-000117,Landowner,Stakeholder Group 2 (Sheikhpura),High,Positive,16,13,3,16
STK-0000642,LG-000117,Landowner,Stakeholder Group 3 (Sheikhpura),High,Positive,29,24,5,12
STK-0000643,LG-000117,Contractor,Stakeholder Group 4 (Sheikhpura),High,Positive,37,31,6,7
STK-0000644,LG-000117,Local Authority,Stakeholder Group 5 (Sheikhpura),High,Positive,5,4,1,22
STK-0000645,LG-000117,Village Administration,Stakeholder Group 6 (Sheikhpura),High,Positive,7,5,2,15
STK-0000646,LG-000117,Contractor,Stakeholder Group 7 (Sheikhpura),High,Positive,24,20,4,24
STK-0000647,LG-000118,Landowner,Stakeholder Group 1 (Sheohar),Low,Negative,22,8,14,49
STK-0000648,LG-000118,Local Authority,Stakeholder Group 2 (Sheohar),Low,Negative,14,5,9,72
STK-0000649,LG-000118,District Administration,Stakeholder Group 3 (Sheohar),Low,Negative,6,2,4,69
STK-0000650,LG-000118,Contractor,Stakeholder Group 4 (Sheohar),Low,Negative,27,10,17,89
STK-0000651,LG-000118,Contractor,Stakeholder Group 5 (Sheohar),Low,Negative,46,18,28,88
STK-0000652,LG-000118,Village Administration,Stakeholder Group 6 (Sheohar),Low,Negative,32,12,20,50
STK-0000653,LG-000118,Local Authority,Stakeholder Group 7 (Sheohar),Low,Negative,17,6,11,48
STK-0000654,LG-000119,Landowner,Stakeholder Group 1 (Sitamarhi),High,Positive,18,15,3,10
STK-0000655,LG-000119,Village Administration,Stakeholder Group 2 (Sitamarhi),High,Positive,15,12,3,12
STK-0000656,LG-000119,District Administration,Stakeholder Group 3 (Sitamarhi),High,Positive,43,36,7,13
STK-0000657,LG-000119,Landowner,Stakeholder Group 4 (Sitamarhi),High,Positive,40,34,6,19
STK-0000658,LG-000120,Local Authority,Stakeholder Group 1 (Siwan),High,Positive,19,16,3,5
STK-0000659,LG-000120,Contractor,Stakeholder Group 2 (Siwan),High,Positive,29,24,5,24
STK-0000660,LG-000120,Contractor,Stakeholder Group 3 (Siwan),High,Positive,41,34,7,19
STK-0000661,LG-000120,Village Administration,Stakeholder Group 4 (Siwan),High,Positive,47,39,8,17
STK-0000662,LG-000120,Village Administration,Stakeholder Group 5 (Siwan),High,Positive,33,28,5,6
STK-0000663,LG-000120,Contractor,Stakeholder Group 6 (Siwan),High,Positive,42,35,7,8
STK-0000664,LG-000121,District Administration,Stakeholder Group 1 (Supaul),High,Positive,23,19,4,24
STK-0000665,LG-000121,Contractor,Stakeholder Group 2 (Supaul),High,Positive,13,11,2,10
STK-0000666,LG-000121,Landowner,Stakeholder Group 3 (Supaul),High,Positive,37,31,6,24
STK-0000667,LG-000122,Local Authority,Stakeholder Group 1 (Vaishali),High,Positive,35,29,6,15
STK-0000668,LG-000122,Landowner,Stakeholder Group 2 (Vaishali),High,Positive,15,12,3,25
STK-0000669,LG-000122,Local Authority,Stakeholder Group 3 (Vaishali),High,Positive,50,42,8,19
STK-0000670,LG-000122,Village Administration,Stakeholder Group 4 (Vaishali),High,Positive,42,35,7,12
STK-0000671,LG-000122,Local Authority,Stakeholder Group 5 (Vaishali),High,Positive,30,25,5,17
STK-0000672,LG-000122,Local Authority,Stakeholder Group 6 (Vaishali),High,Positive,7,5,2,12
STK-0000673,LG-000122,Contractor,Stakeholder Group 7 (Vaishali),High,Positive,9,7,2,6
STK-0000674,LG-000122,Local Authority,Stakeholder Group 8 (Vaishali),High,Positive,38,32,6,21
STK-0000675,LG-000123,Local Authority,Stakeholder Group 1 (West Champaran),Low,Negative,44,17,27,57
STK-0000676,LG-000123,Landowner,Stakeholder Group 2 (West Champaran),Low,Negative,11,4,7,81
STK-0000677,LG-000123,Village Administration,Stakeholder Group 3 (West Champaran),Low,Negative,23,9,14,50
STK-0000678,LG-000123,Village Administration,Stakeholder Group 4 (West Champaran),Low,Negative,37,14,23,32
STK-0000679,LG-000123,Landowner,Stakeholder Group 5 (West Champaran),Low,Negative,24,9,15,70
STK-0000680,LG-000124,Contractor,Stakeholder Group 1 (Balod),High,Positive,9,7,2,6
STK-0000681,LG-000124,Village Administration,Stakeholder Group 2 (Balod),High,Positive,8,6,2,9
STK-0000682,LG-000124,Contractor,Stakeholder Group 3 (Balod),High,Positive,36,30,6,10
STK-0000683,LG-000124,Landowner,Stakeholder Group 4 (Balod),High,Positive,38,32,6,16
STK-0000684,LG-000124,Local Authority,Stakeholder Group 5 (Balod),High,Positive,47,39,8,19
STK-0000685,LG-000124,Contractor,Stakeholder Group 6 (Balod),High,Positive,34,28,6,20
STK-0000686,LG-000124,Landowner,Stakeholder Group 7 (Balod),High,Positive,8,6,2,13
STK-0000687,LG-000125,Village Administration,Stakeholder Group 1 (Baloda Bazar),High,Positive,15,12,3,12
STK-0000688,LG-000125,District Administration,Stakeholder Group 2 (Baloda Bazar),High,Positive,41,34,7,5
STK-0000689,LG-000125,Landowner,Stakeholder Group 3 (Baloda Bazar),High,Positive,36,30,6,19
STK-0000690,LG-000125,District Administration,Stakeholder Group 4 (Baloda Bazar),High,Positive,20,17,3,12
STK-0000691,LG-000125,Contractor,Stakeholder Group 5 (Baloda Bazar),High,Positive,22,18,4,17
STK-0000692,LG-000125,Local Authority,Stakeholder Group 6 (Baloda Bazar),High,Positive,8,6,2,15
STK-0000693,LG-000125,Contractor,Stakeholder Group 7 (Baloda Bazar),High,Positive,21,17,4,6
STK-0000694,LG-000125,Landowner,Stakeholder Group 8 (Baloda Bazar),High,Positive,47,39,8,18
STK-0000695,LG-000126,Local Authority,Stakeholder Group 1 (Balrampur),High,Positive,24,20,4,14
STK-0000696,LG-000126,Local Authority,Stakeholder Group 2 (Balrampur),High,Positive,47,39,8,24
STK-0000697,LG-000126,Contractor,Stakeholder Group 3 (Balrampur),High,Positive,44,37,7,11
STK-0000698,LG-000126,Contractor,Stakeholder Group 4 (Balrampur),High,Positive,27,22,5,17
STK-0000699,LG-000126,Contractor,Stakeholder Group 5 (Balrampur),High,Positive,37,31,6,18
STK-0000700,LG-000126,Landowner,Stakeholder Group 6 (Balrampur),High,Positive,13,11,2,12
STK-0000701,LG-000126,Landowner,Stakeholder Group 7 (Balrampur),High,Positive,39,33,6,15
STK-0000702,LG-000127,District Administration,Stakeholder Group 1 (Bastar),Low,Negative,38,15,23,84
STK-0000703,LG-000127,Contractor,Stakeholder Group 2 (Bastar),Low,Negative,31,12,19,30
STK-0000704,LG-000127,Landowner,Stakeholder Group 3 (Bastar),Low,Negative,13,5,8,77
STK-0000705,LG-000127,Landowner,Stakeholder Group 4 (Bastar),Low,Negative,34,13,21,79
STK-0000706,LG-000128,Local Authority,Stakeholder Group 1 (Bemetara),Low,Negative,6,2,4,36
STK-0000707,LG-000128,Landowner,Stakeholder Group 2 (Bemetara),Low,Negative,13,5,8,31
STK-0000708,LG-000128,Landowner,Stakeholder Group 3 (Bemetara),Low,Negative,21,8,13,59
STK-0000709,LG-000128,District Administration,Stakeholder Group 4 (Bemetara),Low,Negative,15,6,9,46
STK-0000710,LG-000128,Village Administration,Stakeholder Group 5 (Bemetara),Low,Negative,27,10,17,68
STK-0000711,LG-000128,Landowner,Stakeholder Group 6 (Bemetara),Low,Negative,32,12,20,35
STK-0000712,LG-000129,Contractor,Stakeholder Group 1 (Bijapur),High,Positive,38,32,6,16
STK-0000713,LG-000129,Contractor,Stakeholder Group 2 (Bijapur),High,Positive,12,10,2,16
STK-0000714,LG-000129,Local Authority,Stakeholder Group 3 (Bijapur),High,Positive,33,28,5,5
STK-0000715,LG-000129,Village Administration,Stakeholder Group 4 (Bijapur),High,Positive,17,14,3,11
STK-0000716,LG-000129,Local Authority,Stakeholder Group 5 (Bijapur),High,Positive,5,4,1,21
STK-0000717,LG-000129,Landowner,Stakeholder Group 6 (Bijapur),High,Positive,39,33,6,18
STK-0000718,LG-000129,Local Authority,Stakeholder Group 7 (Bijapur),High,Positive,5,4,1,14
STK-0000719,LG-000130,Contractor,Stakeholder Group 1 (Bilaspur),High,Positive,32,27,5,8
STK-0000720,LG-000130,Village Administration,Stakeholder Group 2 (Bilaspur),High,Positive,38,32,6,14
STK-0000721,LG-000130,Contractor,Stakeholder Group 3 (Bilaspur),High,Positive,39,33,6,14
STK-0000722,LG-000130,District Administration,Stakeholder Group 4 (Bilaspur),High,Positive,9,7,2,10
STK-0000723,LG-000130,Local Authority,Stakeholder Group 5 (Bilaspur),High,Positive,36,30,6,16
STK-0000724,LG-000130,Landowner,Stakeholder Group 6 (Bilaspur),High,Positive,19,16,3,13
STK-0000725,LG-000130,Local Authority,Stakeholder Group 7 (Bilaspur),High,Positive,11,9,2,21
STK-0000726,LG-000131,Local Authority,Stakeholder Group 1 (Dantewada),Low,Negative,20,8,12,35
STK-0000727,LG-000131,Landowner,Stakeholder Group 2 (Dantewada),Low,Negative,22,8,14,45
STK-0000728,LG-000131,Contractor,Stakeholder Group 3 (Dantewada),Low,Negative,8,3,5,50
STK-0000729,LG-000131,Local Authority,Stakeholder Group 4 (Dantewada),Low,Negative,25,10,15,78
STK-0000730,LG-000131,District Administration,Stakeholder Group 5 (Dantewada),Low,Negative,38,15,23,34
STK-0000731,LG-000132,District Administration,Stakeholder Group 1 (Dhamtari),High,Positive,45,38,7,11
STK-0000732,LG-000132,Village Administration,Stakeholder Group 2 (Dhamtari),High,Positive,34,28,6,12
STK-0000733,LG-000132,Contractor,Stakeholder Group 3 (Dhamtari),High,Positive,36,30,6,18
STK-0000734,LG-000132,District Administration,Stakeholder Group 4 (Dhamtari),High,Positive,7,5,2,7
STK-0000735,LG-000132,Village Administration,Stakeholder Group 5 (Dhamtari),High,Positive,23,19,4,18
STK-0000736,LG-000132,Village Administration,Stakeholder Group 6 (Dhamtari),High,Positive,24,20,4,6
STK-0000737,LG-000132,Local Authority,Stakeholder Group 7 (Dhamtari),High,Positive,16,13,3,20
STK-0000738,LG-000133,Village Administration,Stakeholder Group 1 (Durg),High,Positive,5,4,1,20
STK-0000739,LG-000133,Local Authority,Stakeholder Group 2 (Durg),High,Positive,14,11,3,10
STK-0000740,LG-000133,District Administration,Stakeholder Group 3 (Durg),High,Positive,7,5,2,6
STK-0000741,LG-000133,Local Authority,Stakeholder Group 4 (Durg),High,Positive,7,5,2,12
STK-0000742,LG-000133,Local Authority,Stakeholder Group 5 (Durg),High,Positive,47,39,8,5
STK-0000743,LG-000133,Village Administration,Stakeholder Group 6 (Durg),High,Positive,39,33,6,14
STK-0000744,LG-000134,Local Authority,Stakeholder Group 1 (Gariaband),High,Positive,17,14,3,21
STK-0000745,LG-000134,Contractor,Stakeholder Group 2 (Gariaband),High,Positive,24,20,4,14
STK-0000746,LG-000134,District Administration,Stakeholder Group 3 (Gariaband),High,Positive,39,33,6,13
STK-0000747,LG-000134,Contractor,Stakeholder Group 4 (Gariaband),High,Positive,13,11,2,12
STK-0000748,LG-000134,Local Authority,Stakeholder Group 5 (Gariaband),High,Positive,42,35,7,12
STK-0000749,LG-000134,Contractor,Stakeholder Group 6 (Gariaband),High,Positive,25,21,4,16
STK-0000750,LG-000135,Contractor,Stakeholder Group 1 (Gaurela-Pendra-Marwahi),High,Positive,43,36,7,21
STK-0000751,LG-000135,Village Administration,Stakeholder Group 2 (Gaurela-Pendra-Marwahi),High,Positive,21,17,4,6
STK-0000752,LG-000135,Landowner,Stakeholder Group 3 (Gaurela-Pendra-Marwahi),High,Positive,8,6,2,14
STK-0000753,LG-000135,District Administration,Stakeholder Group 4 (Gaurela-Pendra-Marwahi),High,Positive,10,8,2,13
STK-0000754,LG-000135,District Administration,Stakeholder Group 5 (Gaurela-Pendra-Marwahi),High,Positive,13,11,2,17
STK-0000755,LG-000135,Contractor,Stakeholder Group 6 (Gaurela-Pendra-Marwahi),High,Positive,5,4,1,12
STK-0000756,LG-000135,Village Administration,Stakeholder Group 7 (Gaurela-Pendra-Marwahi),High,Positive,36,30,6,12
STK-0000757,LG-000136,Contractor,Stakeholder Group 1 (Janjgir-Champa),High,Positive,6,5,1,9
STK-0000758,LG-000136,Landowner,Stakeholder Group 2 (Janjgir-Champa),High,Positive,32,27,5,17
STK-0000759,LG-000136,District Administration,Stakeholder Group 3 (Janjgir-Champa),High,Positive,33,28,5,8
STK-0000760,LG-000136,Landowner,Stakeholder Group 4 (Janjgir-Champa),High,Positive,25,21,4,14
STK-0000761,LG-000136,Local Authority,Stakeholder Group 5 (Janjgir-Champa),High,Positive,24,20,4,20
STK-0000762,LG-000137,District Administration,Stakeholder Group 1 (Jashpur),High,Positive,33,28,5,17
STK-0000763,LG-000137,District Administration,Stakeholder Group 2 (Jashpur),High,Positive,18,15,3,9
STK-0000764,LG-000137,Village Administration,Stakeholder Group 3 (Jashpur),High,Positive,48,40,8,15
STK-0000765,LG-000137,Landowner,Stakeholder Group 4 (Jashpur),High,Positive,31,26,5,8
STK-0000766,LG-000137,Local Authority,Stakeholder Group 5 (Jashpur),High,Positive,40,34,6,9
STK-0000767,LG-000137,Village Administration,Stakeholder Group 6 (Jashpur),High,Positive,5,4,1,22
STK-0000768,LG-000137,Contractor,Stakeholder Group 7 (Jashpur),High,Positive,5,4,1,23
STK-0000769,LG-000137,Local Authority,Stakeholder Group 8 (Jashpur),High,Positive,26,22,4,18
STK-0000770,LG-000138,District Administration,Stakeholder Group 1 (Kabirdham),High,Positive,19,16,3,20
STK-0000771,LG-000138,Village Administration,Stakeholder Group 2 (Kabirdham),High,Positive,23,19,4,17
STK-0000772,LG-000138,Village Administration,Stakeholder Group 3 (Kabirdham),High,Positive,41,34,7,23
STK-0000773,LG-000138,Landowner,Stakeholder Group 4 (Kabirdham),High,Positive,45,38,7,22
STK-0000774,LG-000138,District Administration,Stakeholder Group 5 (Kabirdham),High,Positive,43,36,7,8
STK-0000775,LG-000138,Landowner,Stakeholder Group 6 (Kabirdham),High,Positive,18,15,3,23
STK-0000776,LG-000138,District Administration,Stakeholder Group 7 (Kabirdham),High,Positive,38,32,6,23
STK-0000777,LG-000138,Contractor,Stakeholder Group 8 (Kabirdham),High,Positive,29,24,5,7
STK-0000778,LG-000139,District Administration,Stakeholder Group 1 (Kanker),High,Positive,16,13,3,12
STK-0000779,LG-000139,Local Authority,Stakeholder Group 2 (Kanker),High,Positive,48,40,8,13
STK-0000780,LG-000139,Local Authority,Stakeholder Group 3 (Kanker),High,Positive,11,9,2,16
STK-0000781,LG-000139,District Administration,Stakeholder Group 4 (Kanker),High,Positive,22,18,4,16
STK-0000782,LG-000139,Landowner,Stakeholder Group 5 (Kanker),High,Positive,22,18,4,22
STK-0000783,LG-000139,Village Administration,Stakeholder Group 6 (Kanker),High,Positive,44,37,7,15
STK-0000784,LG-000140,District Administration,Stakeholder Group 1 (Kondagaon),High,Positive,36,30,6,24
STK-0000785,LG-000140,Village Administration,Stakeholder Group 2 (Kondagaon),High,Positive,30,25,5,12
STK-0000786,LG-000140,Village Administration,Stakeholder Group 3 (Kondagaon),High,Positive,40,34,6,21
STK-0000787,LG-000140,District Administration,Stakeholder Group 4 (Kondagaon),High,Positive,23,19,4,6
STK-0000788,LG-000141,Local Authority,Stakeholder Group 1 (Korba),High,Positive,21,17,4,23
STK-0000789,LG-000141,Local Authority,Stakeholder Group 2 (Korba),High,Positive,9,7,2,17
STK-0000790,LG-000141,Local Authority,Stakeholder Group 3 (Korba),High,Positive,6,5,1,14
STK-0000791,LG-000141,District Administration,Stakeholder Group 4 (Korba),High,Positive,11,9,2,22
STK-0000792,LG-000142,Local Authority,Stakeholder Group 1 (Koriya),High,Positive,40,34,6,17
STK-0000793,LG-000142,District Administration,Stakeholder Group 2 (Koriya),High,Positive,23,19,4,15
STK-0000794,LG-000142,Village Administration,Stakeholder Group 3 (Koriya),High,Positive,28,23,5,18
STK-0000795,LG-000142,District Administration,Stakeholder Group 4 (Koriya),High,Positive,12,10,2,8
STK-0000796,LG-000142,Contractor,Stakeholder Group 5 (Koriya),High,Positive,6,5,1,5
STK-0000797,LG-000142,District Administration,Stakeholder Group 6 (Koriya),High,Positive,27,22,5,20
STK-0000798,LG-000143,Contractor,Stakeholder Group 1 (Mahasamund),High,Positive,44,37,7,16
STK-0000799,LG-000143,Local Authority,Stakeholder Group 2 (Mahasamund),High,Positive,29,24,5,11
STK-0000800,LG-000143,District Administration,Stakeholder Group 3 (Mahasamund),High,Positive,16,13,3,24
STK-0000801,LG-000143,Village Administration,Stakeholder Group 4 (Mahasamund),High,Positive,31,26,5,19
STK-0000802,LG-000143,Village Administration,Stakeholder Group 5 (Mahasamund),High,Positive,32,27,5,9
STK-0000803,LG-000143,Contractor,Stakeholder Group 6 (Mahasamund),High,Positive,20,17,3,22
STK-0000804,LG-000144,District Administration,Stakeholder Group 1 (Manendragarh-Chirmiri-Bharatpur),Low,Negative,16,6,10,35
STK-0000805,LG-000144,Contractor,Stakeholder Group 2 (Manendragarh-Chirmiri-Bharatpur),Low,Negative,25,10,15,50
STK-0000806,LG-000144,District Administration,Stakeholder Group 3 (Manendragarh-Chirmiri-Bharatpur),Low,Negative,42,16,26,36
STK-0000807,LG-000144,Local Authority,Stakeholder Group 4 (Manendragarh-Chirmiri-Bharatpur),Low,Negative,21,8,13,79
STK-0000808,LG-000144,Local Authority,Stakeholder Group 5 (Manendragarh-Chirmiri-Bharatpur),Low,Negative,7,2,5,74
STK-0000809,LG-000144,Contractor,Stakeholder Group 6 (Manendragarh-Chirmiri-Bharatpur),Low,Negative,30,12,18,36
STK-0000810,LG-000145,Local Authority,Stakeholder Group 1 (Mohla-Manpur-Ambagarh Chowki),Low,Negative,40,16,24,86
STK-0000811,LG-000145,Contractor,Stakeholder Group 2 (Mohla-Manpur-Ambagarh Chowki),Low,Negative,48,19,29,61
STK-0000812,LG-000145,Contractor,Stakeholder Group 3 (Mohla-Manpur-Ambagarh Chowki),Low,Negative,43,17,26,81
STK-0000813,LG-000146,Contractor,Stakeholder Group 1 (Mungeli),High,Positive,40,34,6,5
STK-0000814,LG-000146,Contractor,Stakeholder Group 2 (Mungeli),High,Positive,16,13,3,21
STK-0000815,LG-000146,Village Administration,Stakeholder Group 3 (Mungeli),High,Positive,26,22,4,19
STK-0000816,LG-000146,Local Authority,Stakeholder Group 4 (Mungeli),High,Positive,41,34,7,9
STK-0000817,LG-000147,District Administration,Stakeholder Group 1 (Narayanpur),High,Positive,7,5,2,13
STK-0000818,LG-000147,District Administration,Stakeholder Group 2 (Narayanpur),High,Positive,11,9,2,10
STK-0000819,LG-000147,District Administration,Stakeholder Group 3 (Narayanpur),High,Positive,32,27,5,14
STK-0000820,LG-000147,Local Authority,Stakeholder Group 4 (Narayanpur),High,Positive,27,22,5,25
STK-0000821,LG-000147,Local Authority,Stakeholder Group 5 (Narayanpur),High,Positive,14,11,3,18
STK-0000822,LG-000148,Contractor,Stakeholder Group 1 (Raigarh),Low,Negative,44,17,27,71
STK-0000823,LG-000148,Village Administration,Stakeholder Group 2 (Raigarh),Low,Negative,27,10,17,85
STK-0000824,LG-000148,Local Authority,Stakeholder Group 3 (Raigarh),Low,Negative,32,12,20,55
STK-0000825,LG-000148,District Administration,Stakeholder Group 4 (Raigarh),Low,Negative,31,12,19,33
STK-0000826,LG-000148,Village Administration,Stakeholder Group 5 (Raigarh),Low,Negative,39,15,24,56
STK-0000827,LG-000148,Landowner,Stakeholder Group 6 (Raigarh),Low,Negative,40,16,24,78
STK-0000828,LG-000148,Local Authority,Stakeholder Group 7 (Raigarh),Low,Negative,30,12,18,89
STK-0000829,LG-000149,Landowner,Stakeholder Group 1 (Raipur),Low,Negative,25,10,15,35
STK-0000830,LG-000149,District Administration,Stakeholder Group 2 (Raipur),Low,Negative,9,3,6,40
STK-0000831,LG-000149,Landowner,Stakeholder Group 3 (Raipur),Low,Negative,21,8,13,40
STK-0000832,LG-000150,Village Administration,Stakeholder Group 1 (Rajnandgaon),High,Positive,50,42,8,21
STK-0000833,LG-000150,Contractor,Stakeholder Group 2 (Rajnandgaon),High,Positive,27,22,5,8
STK-0000834,LG-000150,Village Administration,Stakeholder Group 3 (Rajnandgaon),High,Positive,32,27,5,19
STK-0000835,LG-000150,Landowner,Stakeholder Group 4 (Rajnandgaon),High,Positive,49,41,8,13
STK-0000836,LG-000150,Village Administration,Stakeholder Group 5 (Rajnandgaon),High,Positive,10,8,2,13
STK-0000837,LG-000150,Contractor,Stakeholder Group 6 (Rajnandgaon),High,Positive,16,13,3,25
STK-0000838,LG-000150,Contractor,Stakeholder Group 7 (Rajnandgaon),High,Positive,50,42,8,11
STK-0000839,LG-000150,Village Administration,Stakeholder Group 8 (Rajnandgaon),High,Positive,14,11,3,15
STK-0000840,LG-000151,Village Administration,Stakeholder Group 1 (Sarangarh-Bilaigarh),High,Positive,24,20,4,14
STK-0000841,LG-000151,Local Authority,Stakeholder Group 2 (Sarangarh-Bilaigarh),High,Positive,32,27,5,13
STK-0000842,LG-000151,Village Administration,Stakeholder Group 3 (Sarangarh-Bilaigarh),High,Positive,35,29,6,9
STK-0000843,LG-000151,District Administration,Stakeholder Group 4 (Sarangarh-Bilaigarh),High,Positive,28,23,5,6
STK-0000844,LG-000151,District Administration,Stakeholder Group 5 (Sarangarh-Bilaigarh),High,Positive,32,27,5,9
STK-0000845,LG-000151,Local Authority,Stakeholder Group 6 (Sarangarh-Bilaigarh),High,Positive,41,34,7,5
STK-0000846,LG-000151,Village Administration,Stakeholder Group 7 (Sarangarh-Bilaigarh),High,Positive,26,22,4,17
STK-0000847,LG-000151,Local Authority,Stakeholder Group 8 (Sarangarh-Bilaigarh),High,Positive,33,28,5,25
STK-0000848,LG-000152,Local Authority,Stakeholder Group 1 (Sakti),Low,Negative,36,14,22,31
STK-0000849,LG-000152,Contractor,Stakeholder Group 2 (Sakti),Low,Negative,46,18,28,78
STK-0000850,LG-000152,Contractor,Stakeholder Group 3 (Sakti),Low,Negative,20,8,12,55
STK-0000851,LG-000152,Contractor,Stakeholder Group 4 (Sakti),Low,Negative,47,18,29,56
STK-0000852,LG-000152,Local Authority,Stakeholder Group 5 (Sakti),Low,Negative,21,8,13,60
STK-0000853,LG-000152,Contractor,Stakeholder Group 6 (Sakti),Low,Negative,18,7,11,63
STK-0000854,LG-000152,District Administration,Stakeholder Group 7 (Sakti),Low,Negative,7,2,5,45
STK-0000855,LG-000153,Landowner,Stakeholder Group 1 (Sukma),High,Positive,25,21,4,12
STK-0000856,LG-000153,Village Administration,Stakeholder Group 2 (Sukma),High,Positive,5,4,1,19
STK-0000857,LG-000153,Village Administration,Stakeholder Group 3 (Sukma),High,Positive,35,29,6,7
STK-0000858,LG-000153,Local Authority,Stakeholder Group 4 (Sukma),High,Positive,34,28,6,11
STK-0000859,LG-000153,Contractor,Stakeholder Group 5 (Sukma),High,Positive,9,7,2,10
STK-0000860,LG-000153,Landowner,Stakeholder Group 6 (Sukma),High,Positive,27,22,5,15
STK-0000861,LG-000153,Village Administration,Stakeholder Group 7 (Sukma),High,Positive,27,22,5,10
STK-0000862,LG-000153,Contractor,Stakeholder Group 8 (Sukma),High,Positive,32,27,5,24
STK-0000863,LG-000154,Contractor,Stakeholder Group 1 (Surajpur),Low,Negative,36,14,22,30
STK-0000864,LG-000154,Contractor,Stakeholder Group 2 (Surajpur),Low,Negative,10,4,6,52
STK-0000865,LG-000154,Local Authority,Stakeholder Group 3 (Surajpur),Low,Negative,12,4,8,86
STK-0000866,LG-000155,Contractor,Stakeholder Group 1 (Surguja),High,Positive,18,15,3,11
STK-0000867,LG-000155,District Administration,Stakeholder Group 2 (Surguja),High,Positive,44,37,7,24
STK-0000868,LG-000155,Village Administration,Stakeholder Group 3 (Surguja),High,Positive,10,8,2,25
STK-0000869,LG-000156,Local Authority,Stakeholder Group 1 (Khairagarh-Chhuikhadan-Gandai),High,Positive,46,39,7,20
STK-0000870,LG-000156,Contractor,Stakeholder Group 2 (Khairagarh-Chhuikhadan-Gandai),High,Positive,31,26,5,9
STK-0000871,LG-000156,Local Authority,Stakeholder Group 3 (Khairagarh-Chhuikhadan-Gandai),High,Positive,7,5,2,14
STK-0000872,LG-000156,Contractor,Stakeholder Group 4 (Khairagarh-Chhuikhadan-Gandai),High,Positive,5,4,1,21
STK-0000873,LG-000156,Contractor,Stakeholder Group 5 (Khairagarh-Chhuikhadan-Gandai),High,Positive,22,18,4,13
STK-0000874,LG-000157,Local Authority,Stakeholder Group 1 (North Goa),High,Positive,27,22,5,16
STK-0000875,LG-000157,Contractor,Stakeholder Group 2 (North Goa),High,Positive,43,36,7,6
STK-0000876,LG-000157,District Administration,Stakeholder Group 3 (North Goa),High,Positive,16,13,3,21
STK-0000877,LG-000157,Landowner,Stakeholder Group 4 (North Goa),High,Positive,42,35,7,5
STK-0000878,LG-000157,District Administration,Stakeholder Group 5 (North Goa),High,Positive,26,22,4,20
STK-0000879,LG-000157,Local Authority,Stakeholder Group 6 (North Goa),High,Positive,41,34,7,23
STK-0000880,LG-000158,Local Authority,Stakeholder Group 1 (South Goa),High,Positive,45,38,7,10
STK-0000881,LG-000158,Contractor,Stakeholder Group 2 (South Goa),High,Positive,50,42,8,14
STK-0000882,LG-000158,Contractor,Stakeholder Group 3 (South Goa),High,Positive,48,40,8,10
STK-0000883,LG-000158,Contractor,Stakeholder Group 4 (South Goa),High,Positive,16,13,3,21
STK-0000884,LG-000158,Local Authority,Stakeholder Group 5 (South Goa),High,Positive,48,40,8,20
STK-0000885,LG-000158,Village Administration,Stakeholder Group 6 (South Goa),High,Positive,25,21,4,7
STK-0000886,LG-000159,Landowner,Stakeholder Group 1 (Ahmedabad),High,Positive,43,36,7,14
STK-0000887,LG-000159,District Administration,Stakeholder Group 2 (Ahmedabad),High,Positive,32,27,5,14
STK-0000888,LG-000159,District Administration,Stakeholder Group 3 (Ahmedabad),High,Positive,43,36,7,6
STK-0000889,LG-000159,Local Authority,Stakeholder Group 4 (Ahmedabad),High,Positive,27,22,5,7
STK-0000890,LG-000159,Landowner,Stakeholder Group 5 (Ahmedabad),High,Positive,26,22,4,24
STK-0000891,LG-000159,Local Authority,Stakeholder Group 6 (Ahmedabad),High,Positive,19,16,3,13
STK-0000892,LG-000160,Village Administration,Stakeholder Group 1 (Amreli),High,Positive,29,24,5,10
STK-0000893,LG-000160,Landowner,Stakeholder Group 2 (Amreli),High,Positive,14,11,3,22
STK-0000894,LG-000160,Village Administration,Stakeholder Group 3 (Amreli),High,Positive,47,39,8,13
STK-0000895,LG-000160,District Administration,Stakeholder Group 4 (Amreli),High,Positive,31,26,5,13
STK-0000896,LG-000160,Local Authority,Stakeholder Group 5 (Amreli),High,Positive,13,11,2,23
STK-0000897,LG-000161,Local Authority,Stakeholder Group 1 (Anand),Low,Negative,11,4,7,63
STK-0000898,LG-000161,Local Authority,Stakeholder Group 2 (Anand),Low,Negative,40,16,24,30
STK-0000899,LG-000161,Landowner,Stakeholder Group 3 (Anand),Low,Negative,30,12,18,83
STK-0000900,LG-000161,Landowner,Stakeholder Group 4 (Anand),Low,Negative,43,17,26,84
STK-0000901,LG-000161,District Administration,Stakeholder Group 5 (Anand),Low,Negative,36,14,22,32
STK-0000902,LG-000162,Village Administration,Stakeholder Group 1 (Aravalli),High,Positive,19,16,3,20
STK-0000903,LG-000162,Village Administration,Stakeholder Group 2 (Aravalli),High,Positive,18,15,3,13
STK-0000904,LG-000162,Contractor,Stakeholder Group 3 (Aravalli),High,Positive,19,16,3,6
STK-0000905,LG-000162,Local Authority,Stakeholder Group 4 (Aravalli),High,Positive,17,14,3,7
STK-0000906,LG-000162,Landowner,Stakeholder Group 5 (Aravalli),High,Positive,41,34,7,15
STK-0000907,LG-000162,Contractor,Stakeholder Group 6 (Aravalli),High,Positive,31,26,5,15
STK-0000908,LG-000163,Landowner,Stakeholder Group 1 (Banaskantha),High,Positive,40,34,6,13
STK-0000909,LG-000163,Contractor,Stakeholder Group 2 (Banaskantha),High,Positive,23,19,4,8
STK-0000910,LG-000163,Landowner,Stakeholder Group 3 (Banaskantha),High,Positive,15,12,3,22
STK-0000911,LG-000163,Contractor,Stakeholder Group 4 (Banaskantha),High,Positive,17,14,3,9
STK-0000912,LG-000164,Landowner,Stakeholder Group 1 (Bharuch),High,Positive,33,28,5,25
STK-0000913,LG-000164,District Administration,Stakeholder Group 2 (Bharuch),High,Positive,48,40,8,8
STK-0000914,LG-000164,District Administration,Stakeholder Group 3 (Bharuch),High,Positive,8,6,2,8
STK-0000915,LG-000164,Contractor,Stakeholder Group 4 (Bharuch),High,Positive,20,17,3,20
STK-0000916,LG-000165,Contractor,Stakeholder Group 1 (Bhavnagar),High,Positive,31,26,5,10
STK-0000917,LG-000165,District Administration,Stakeholder Group 2 (Bhavnagar),High,Positive,32,27,5,14
STK-0000918,LG-000165,Landowner,Stakeholder Group 3 (Bhavnagar),High,Positive,48,40,8,7
STK-0000919,LG-000165,Local Authority,Stakeholder Group 4 (Bhavnagar),High,Positive,43,36,7,24
STK-0000920,LG-000165,Local Authority,Stakeholder Group 5 (Bhavnagar),High,Positive,16,13,3,24
STK-0000921,LG-000165,District Administration,Stakeholder Group 6 (Bhavnagar),High,Positive,12,10,2,11
STK-0000922,LG-000165,Village Administration,Stakeholder Group 7 (Bhavnagar),High,Positive,26,22,4,15
STK-0000923,LG-000165,District Administration,Stakeholder Group 8 (Bhavnagar),High,Positive,45,38,7,10
STK-0000924,LG-000166,District Administration,Stakeholder Group 1 (Botad),High,Positive,21,17,4,20
STK-0000925,LG-000166,Landowner,Stakeholder Group 2 (Botad),High,Positive,12,10,2,17
STK-0000926,LG-000166,Contractor,Stakeholder Group 3 (Botad),High,Positive,8,6,2,6
STK-0000927,LG-000166,Contractor,Stakeholder Group 4 (Botad),High,Positive,32,27,5,25
STK-0000928,LG-000166,Contractor,Stakeholder Group 5 (Botad),High,Positive,20,17,3,19
STK-0000929,LG-000166,Local Authority,Stakeholder Group 6 (Botad),High,Positive,38,32,6,24
STK-0000930,LG-000167,Contractor,Stakeholder Group 1 (Chhota Udaipur),Low,Negative,24,9,15,84
STK-0000931,LG-000167,Contractor,Stakeholder Group 2 (Chhota Udaipur),Low,Negative,44,17,27,63
STK-0000932,LG-000167,Landowner,Stakeholder Group 3 (Chhota Udaipur),Low,Negative,26,10,16,56
STK-0000933,LG-000167,Village Administration,Stakeholder Group 4 (Chhota Udaipur),Low,Negative,42,16,26,34
STK-0000934,LG-000168,Landowner,Stakeholder Group 1 (Dahod),Low,Negative,49,19,30,47
STK-0000935,LG-000168,District Administration,Stakeholder Group 2 (Dahod),Low,Negative,26,10,16,89
STK-0000936,LG-000168,Landowner,Stakeholder Group 3 (Dahod),Low,Negative,39,15,24,81
STK-0000937,LG-000168,Local Authority,Stakeholder Group 4 (Dahod),Low,Negative,9,3,6,90
STK-0000938,LG-000168,Landowner,Stakeholder Group 5 (Dahod),Low,Negative,44,17,27,60
STK-0000939,LG-000168,Village Administration,Stakeholder Group 6 (Dahod),Low,Negative,45,18,27,62
STK-0000940,LG-000168,District Administration,Stakeholder Group 7 (Dahod),Low,Negative,22,8,14,80
STK-0000941,LG-000168,District Administration,Stakeholder Group 8 (Dahod),Low,Negative,38,15,23,64
STK-0000942,LG-000169,Village Administration,Stakeholder Group 1 (Dang),Low,Negative,16,6,10,41
STK-0000943,LG-000169,Local Authority,Stakeholder Group 2 (Dang),Low,Negative,28,11,17,33
STK-0000944,LG-000169,District Administration,Stakeholder Group 3 (Dang),Low,Negative,16,6,10,52
STK-0000945,LG-000169,Contractor,Stakeholder Group 4 (Dang),Low,Negative,25,10,15,34
STK-0000946,LG-000169,Contractor,Stakeholder Group 5 (Dang),Low,Negative,11,4,7,41
STK-0000947,LG-000169,Contractor,Stakeholder Group 6 (Dang),Low,Negative,49,19,30,47
STK-0000948,LG-000169,District Administration,Stakeholder Group 7 (Dang),Low,Negative,18,7,11,36
STK-0000949,LG-000169,Local Authority,Stakeholder Group 8 (Dang),Low,Negative,23,9,14,38
STK-0000950,LG-000170,Local Authority,Stakeholder Group 1 (Devbhumi Dwarka),Low,Negative,15,6,9,74
STK-0000951,LG-000170,Village Administration,Stakeholder Group 2 (Devbhumi Dwarka),Low,Negative,17,6,11,71
STK-0000952,LG-000170,District Administration,Stakeholder Group 3 (Devbhumi Dwarka),Low,Negative,34,13,21,37
STK-0000953,LG-000170,Village Administration,Stakeholder Group 4 (Devbhumi Dwarka),Low,Negative,27,10,17,84
STK-0000954,LG-000170,Local Authority,Stakeholder Group 5 (Devbhumi Dwarka),Low,Negative,26,10,16,82
STK-0000955,LG-000170,Village Administration,Stakeholder Group 6 (Devbhumi Dwarka),Low,Negative,19,7,12,75
STK-0000956,LG-000171,Landowner,Stakeholder Group 1 (Gandhinagar),High,Positive,32,27,5,24
STK-0000957,LG-000171,Local Authority,Stakeholder Group 2 (Gandhinagar),High,Positive,32,27,5,9
STK-0000958,LG-000171,Village Administration,Stakeholder Group 3 (Gandhinagar),High,Positive,25,21,4,12
STK-0000959,LG-000171,Landowner,Stakeholder Group 4 (Gandhinagar),High,Positive,31,26,5,8
STK-0000960,LG-000171,Landowner,Stakeholder Group 5 (Gandhinagar),High,Positive,48,40,8,23
STK-0000961,LG-000171,Local Authority,Stakeholder Group 6 (Gandhinagar),High,Positive,46,39,7,23
STK-0000962,LG-000171,Landowner,Stakeholder Group 7 (Gandhinagar),High,Positive,20,17,3,23
STK-0000963,LG-000172,Local Authority,Stakeholder Group 1 (Gir Somnath),High,Positive,5,4,1,8
STK-0000964,LG-000172,Landowner,Stakeholder Group 2 (Gir Somnath),High,Positive,15,12,3,19
STK-0000965,LG-000172,Landowner,Stakeholder Group 3 (Gir Somnath),High,Positive,39,33,6,5
STK-0000966,LG-000172,Contractor,Stakeholder Group 4 (Gir Somnath),High,Positive,18,15,3,22
STK-0000967,LG-000172,Landowner,Stakeholder Group 5 (Gir Somnath),High,Positive,10,8,2,8
STK-0000968,LG-000172,Village Administration,Stakeholder Group 6 (Gir Somnath),High,Positive,5,4,1,25
STK-0000969,LG-000173,Landowner,Stakeholder Group 1 (Jamnagar),Low,Negative,22,8,14,79
STK-0000970,LG-000173,Local Authority,Stakeholder Group 2 (Jamnagar),Low,Negative,13,5,8,71
STK-0000971,LG-000173,Contractor,Stakeholder Group 3 (Jamnagar),Low,Negative,15,6,9,82
STK-0000972,LG-000173,Contractor,Stakeholder Group 4 (Jamnagar),Low,Negative,27,10,17,51
STK-0000973,LG-000173,Local Authority,Stakeholder Group 5 (Jamnagar),Low,Negative,16,6,10,44
STK-0000974,LG-000173,Contractor,Stakeholder Group 6 (Jamnagar),Low,Negative,47,18,29,60
STK-0000975,LG-000174,Village Administration,Stakeholder Group 1 (Junagadh),High,Positive,39,33,6,6
STK-0000976,LG-000174,Local Authority,Stakeholder Group 2 (Junagadh),High,Positive,41,34,7,11
STK-0000977,LG-000174,Contractor,Stakeholder Group 3 (Junagadh),High,Positive,37,31,6,9
STK-0000978,LG-000174,Landowner,Stakeholder Group 4 (Junagadh),High,Positive,12,10,2,9
STK-0000979,LG-000174,Village Administration,Stakeholder Group 5 (Junagadh),High,Positive,6,5,1,21
STK-0000980,LG-000174,Local Authority,Stakeholder Group 6 (Junagadh),High,Positive,14,11,3,24
STK-0000981,LG-000175,District Administration,Stakeholder Group 1 (Kheda),Low,Negative,37,14,23,49
STK-0000982,LG-000175,Landowner,Stakeholder Group 2 (Kheda),Low,Negative,47,18,29,76
STK-0000983,LG-000175,Village Administration,Stakeholder Group 3 (Kheda),Low,Negative,13,5,8,72
STK-0000984,LG-000175,Local Authority,Stakeholder Group 4 (Kheda),Low,Negative,21,8,13,89
STK-0000985,LG-000175,Landowner,Stakeholder Group 5 (Kheda),Low,Negative,11,4,7,85
STK-0000986,LG-000176,Contractor,Stakeholder Group 1 (Kutch),High,Positive,49,41,8,17
STK-0000987,LG-000176,Village Administration,Stakeholder Group 2 (Kutch),High,Positive,17,14,3,23
STK-0000988,LG-000176,Local Authority,Stakeholder Group 3 (Kutch),High,Positive,31,26,5,5
STK-0000989,LG-000176,Contractor,Stakeholder Group 4 (Kutch),High,Positive,7,5,2,8
STK-0000990,LG-000177,Local Authority,Stakeholder Group 1 (Mahisagar),Low,Negative,30,12,18,54
STK-0000991,LG-000177,Landowner,Stakeholder Group 2 (Mahisagar),Low,Negative,45,18,27,73
STK-0000992,LG-000177,Local Authority,Stakeholder Group 3 (Mahisagar),Low,Negative,26,10,16,63
STK-0000993,LG-000178,Contractor,Stakeholder Group 1 (Mehsana),High,Positive,14,11,3,16
STK-0000994,LG-000178,Local Authority,Stakeholder Group 2 (Mehsana),High,Positive,5,4,1,11
STK-0000995,LG-000178,Contractor,Stakeholder Group 3 (Mehsana),High,Positive,49,41,8,5
STK-0000996,LG-000178,Contractor,Stakeholder Group 4 (Mehsana),High,Positive,22,18,4,5
STK-0000997,LG-000179,Contractor,Stakeholder Group 1 (Morbi),High,Positive,21,17,4,25
STK-0000998,LG-000179,District Administration,Stakeholder Group 2 (Morbi),High,Positive,10,8,2,13
STK-0000999,LG-000179,Village Administration,Stakeholder Group 3 (Morbi),High,Positive,18,15,3,25
STK-0001000,LG-000179,Local Authority,Stakeholder Group 4 (Morbi),High,Positive,45,38,7,10
STK-0001001,LG-000179,District Administration,Stakeholder Group 5 (Morbi),High,Positive,25,21,4,8
STK-0001002,LG-000180,District Administration,Stakeholder Group 1 (Narmada),High,Positive,44,37,7,12
STK-0001003,LG-000180,District Administration,Stakeholder Group 2 (Narmada),High,Positive,10,8,2,23
STK-0001004,LG-000180,Landowner,Stakeholder Group 3 (Narmada),High,Positive,50,42,8,13
STK-0001005,LG-000180,Landowner,Stakeholder Group 4 (Narmada),High,Positive,15,12,3,16
STK-0001006,LG-000180,District Administration,Stakeholder Group 5 (Narmada),High,Positive,21,17,4,6
STK-0001007,LG-000180,Contractor,Stakeholder Group 6 (Narmada),High,Positive,42,35,7,19
STK-0001008,LG-000180,Village Administration,Stakeholder Group 7 (Narmada),High,Positive,29,24,5,14
STK-0001009,LG-000180,Local Authority,Stakeholder Group 8 (Narmada),High,Positive,14,11,3,16
STK-0001010,LG-000181,Local Authority,Stakeholder Group 1 (Navsari),Low,Negative,32,12,20,69
STK-0001011,LG-000181,Village Administration,Stakeholder Group 2 (Navsari),Low,Negative,44,17,27,37
STK-0001012,LG-000181,Contractor,Stakeholder Group 3 (Navsari),Low,Negative,15,6,9,48
STK-0001013,LG-000181,Village Administration,Stakeholder Group 4 (Navsari),Low,Negative,31,12,19,36
STK-0001014,LG-000181,Village Administration,Stakeholder Group 5 (Navsari),Low,Negative,18,7,11,49
STK-0001015,LG-000181,Local Authority,Stakeholder Group 6 (Navsari),Low,Negative,28,11,17,86
STK-0001016,LG-000182,Local Authority,Stakeholder Group 1 (Panchmahal),High,Positive,6,5,1,13
STK-0001017,LG-000182,Local Authority,Stakeholder Group 2 (Panchmahal),High,Positive,28,23,5,17
STK-0001018,LG-000182,Landowner,Stakeholder Group 3 (Panchmahal),High,Positive,42,35,7,15
STK-0001019,LG-000182,Village Administration,Stakeholder Group 4 (Panchmahal),High,Positive,35,29,6,13
STK-0001020,LG-000183,District Administration,Stakeholder Group 1 (Patan),Low,Negative,33,13,20,88
STK-0001021,LG-000183,Local Authority,Stakeholder Group 2 (Patan),Low,Negative,9,3,6,60
STK-0001022,LG-000183,Village Administration,Stakeholder Group 3 (Patan),Low,Negative,27,10,17,82
STK-0001023,LG-000184,Contractor,Stakeholder Group 1 (Porbandar),High,Positive,22,18,4,17
STK-0001024,LG-000184,Landowner,Stakeholder Group 2 (Porbandar),High,Positive,19,16,3,18
STK-0001025,LG-000184,Landowner,Stakeholder Group 3 (Porbandar),High,Positive,43,36,7,14
STK-0001026,LG-000184,District Administration,Stakeholder Group 4 (Porbandar),High,Positive,28,23,5,24
STK-0001027,LG-000184,Village Administration,Stakeholder Group 5 (Porbandar),High,Positive,8,6,2,17
STK-0001028,LG-000184,Village Administration,Stakeholder Group 6 (Porbandar),High,Positive,26,22,4,16
STK-0001029,LG-000184,Village Administration,Stakeholder Group 7 (Porbandar),High,Positive,23,19,4,11
STK-0001030,LG-000184,Village Administration,Stakeholder Group 8 (Porbandar),High,Positive,33,28,5,13
STK-0001031,LG-000185,Village Administration,Stakeholder Group 1 (Rajkot),Low,Negative,40,16,24,77
STK-0001032,LG-000185,District Administration,Stakeholder Group 2 (Rajkot),Low,Negative,14,5,9,37
STK-0001033,LG-000185,Contractor,Stakeholder Group 3 (Rajkot),Low,Negative,41,16,25,46
STK-0001034,LG-000185,Local Authority,Stakeholder Group 4 (Rajkot),Low,Negative,13,5,8,89
STK-0001035,LG-000186,Village Administration,Stakeholder Group 1 (Sabarkantha),Low,Negative,23,9,14,58
STK-0001036,LG-000186,Contractor,Stakeholder Group 2 (Sabarkantha),Low,Negative,46,18,28,70
STK-0001037,LG-000186,Local Authority,Stakeholder Group 3 (Sabarkantha),Low,Negative,17,6,11,30
STK-0001038,LG-000186,Local Authority,Stakeholder Group 4 (Sabarkantha),Low,Negative,45,18,27,41
STK-0001039,LG-000186,Village Administration,Stakeholder Group 5 (Sabarkantha),Low,Negative,29,11,18,89
STK-0001040,LG-000186,Contractor,Stakeholder Group 6 (Sabarkantha),Low,Negative,15,6,9,81
STK-0001041,LG-000186,Contractor,Stakeholder Group 7 (Sabarkantha),Low,Negative,33,13,20,77
STK-0001042,LG-000187,Landowner,Stakeholder Group 1 (Surat),Low,Negative,27,10,17,62
STK-0001043,LG-000187,Landowner,Stakeholder Group 2 (Surat),Low,Negative,18,7,11,55
STK-0001044,LG-000187,Village Administration,Stakeholder Group 3 (Surat),Low,Negative,20,8,12,78
STK-0001045,LG-000187,District Administration,Stakeholder Group 4 (Surat),Low,Negative,16,6,10,44
STK-0001046,LG-000187,Contractor,Stakeholder Group 5 (Surat),Low,Negative,20,8,12,42
STK-0001047,LG-000187,District Administration,Stakeholder Group 6 (Surat),Low,Negative,7,2,5,59
STK-0001048,LG-000187,Contractor,Stakeholder Group 7 (Surat),Low,Negative,27,10,17,74
STK-0001049,LG-000187,Contractor,Stakeholder Group 8 (Surat),Low,Negative,37,14,23,55
STK-0001050,LG-000188,Landowner,Stakeholder Group 1 (Surendranagar),Low,Negative,35,14,21,77
STK-0001051,LG-000188,Local Authority,Stakeholder Group 2 (Surendranagar),Low,Negative,12,4,8,41
STK-0001052,LG-000188,Landowner,Stakeholder Group 3 (Surendranagar),Low,Negative,50,20,30,87
STK-0001053,LG-000188,Village Administration,Stakeholder Group 4 (Surendranagar),Low,Negative,5,2,3,72
STK-0001054,LG-000188,Landowner,Stakeholder Group 5 (Surendranagar),Low,Negative,22,8,14,69
STK-0001055,LG-000188,District Administration,Stakeholder Group 6 (Surendranagar),Low,Negative,20,8,12,77
STK-0001056,LG-000188,Village Administration,Stakeholder Group 7 (Surendranagar),Low,Negative,37,14,23,60
STK-0001057,LG-000189,Landowner,Stakeholder Group 1 (Tapi),Low,Negative,8,3,5,39
STK-0001058,LG-000189,District Administration,Stakeholder Group 2 (Tapi),Low,Negative,21,8,13,63
STK-0001059,LG-000189,Local Authority,Stakeholder Group 3 (Tapi),Low,Negative,50,20,30,73
STK-0001060,LG-000190,District Administration,Stakeholder Group 1 (Vadodara),Low,Negative,32,12,20,41
STK-0001061,LG-000190,Village Administration,Stakeholder Group 2 (Vadodara),Low,Negative,18,7,11,38
STK-0001062,LG-000190,District Administration,Stakeholder Group 3 (Vadodara),Low,Negative,11,4,7,77
STK-0001063,LG-000190,Local Authority,Stakeholder Group 4 (Vadodara),Low,Negative,39,15,24,49
STK-0001064,LG-000190,Landowner,Stakeholder Group 5 (Vadodara),Low,Negative,22,8,14,42
STK-0001065,LG-000191,Contractor,Stakeholder Group 1 (Valsad),Low,Negative,48,19,29,44
STK-0001066,LG-000191,Contractor,Stakeholder Group 2 (Valsad),Low,Negative,36,14,22,57
STK-0001067,LG-000191,District Administration,Stakeholder Group 3 (Valsad),Low,Negative,32,12,20,68
STK-0001068,LG-000191,District Administration,Stakeholder Group 4 (Valsad),Low,Negative,44,17,27,69
STK-0001069,LG-000191,Landowner,Stakeholder Group 5 (Valsad),Low,Negative,43,17,26,40
STK-0001070,LG-000191,Village Administration,Stakeholder Group 6 (Valsad),Low,Negative,47,18,29,47
STK-0001071,LG-000191,Village Administration,Stakeholder Group 7 (Valsad),Low,Negative,23,9,14,44
STK-0001072,LG-000191,Landowner,Stakeholder Group 8 (Valsad),Low,Negative,40,16,24,83
STK-0001073,LG-000192,District Administration,Stakeholder Group 1 (Ambala),High,Positive,44,37,7,6
STK-0001074,LG-000192,Village Administration,Stakeholder Group 2 (Ambala),High,Positive,21,17,4,9
STK-0001075,LG-000192,Contractor,Stakeholder Group 3 (Ambala),High,Positive,46,39,7,6
STK-0001076,LG-000192,Local Authority,Stakeholder Group 4 (Ambala),High,Positive,26,22,4,6
STK-0001077,LG-000192,Contractor,Stakeholder Group 5 (Ambala),High,Positive,21,17,4,12
STK-0001078,LG-000192,Village Administration,Stakeholder Group 6 (Ambala),High,Positive,27,22,5,15
STK-0001079,LG-000193,Local Authority,Stakeholder Group 1 (Bhiwani),Low,Negative,36,14,22,55
STK-0001080,LG-000193,Local Authority,Stakeholder Group 2 (Bhiwani),Low,Negative,41,16,25,68
STK-0001081,LG-000193,Village Administration,Stakeholder Group 3 (Bhiwani),Low,Negative,41,16,25,72
STK-0001082,LG-000193,Landowner,Stakeholder Group 4 (Bhiwani),Low,Negative,38,15,23,66
STK-0001083,LG-000193,Landowner,Stakeholder Group 5 (Bhiwani),Low,Negative,46,18,28,86
STK-0001084,LG-000193,Local Authority,Stakeholder Group 6 (Bhiwani),Low,Negative,45,18,27,48
STK-0001085,LG-000194,Village Administration,Stakeholder Group 1 (Charkhi Dadri),High,Positive,40,34,6,25
STK-0001086,LG-000194,District Administration,Stakeholder Group 2 (Charkhi Dadri),High,Positive,19,16,3,10
STK-0001087,LG-000194,Local Authority,Stakeholder Group 3 (Charkhi Dadri),High,Positive,12,10,2,20
STK-0001088,LG-000194,Contractor,Stakeholder Group 4 (Charkhi Dadri),High,Positive,5,4,1,14
STK-0001089,LG-000194,Contractor,Stakeholder Group 5 (Charkhi Dadri),High,Positive,5,4,1,14
STK-0001090,LG-000195,Village Administration,Stakeholder Group 1 (Faridabad),Low,Negative,46,18,28,67
STK-0001091,LG-000195,District Administration,Stakeholder Group 2 (Faridabad),Low,Negative,12,4,8,87
STK-0001092,LG-000195,Local Authority,Stakeholder Group 3 (Faridabad),Low,Negative,10,4,6,75
STK-0001093,LG-000195,Landowner,Stakeholder Group 4 (Faridabad),Low,Negative,40,16,24,78
STK-0001094,LG-000196,Local Authority,Stakeholder Group 1 (Fatehabad),Low,Negative,32,12,20,88
STK-0001095,LG-000196,Village Administration,Stakeholder Group 2 (Fatehabad),Low,Negative,29,11,18,82
STK-0001096,LG-000196,Village Administration,Stakeholder Group 3 (Fatehabad),Low,Negative,33,13,20,36
STK-0001097,LG-000196,Local Authority,Stakeholder Group 4 (Fatehabad),Low,Negative,49,19,30,80
STK-0001098,LG-000196,Local Authority,Stakeholder Group 5 (Fatehabad),Low,Negative,28,11,17,66
STK-0001099,LG-000196,District Administration,Stakeholder Group 6 (Fatehabad),Low,Negative,18,7,11,62
STK-0001100,LG-000197,Contractor,Stakeholder Group 1 (Gurugram),High,Positive,18,15,3,10
STK-0001101,LG-000197,Village Administration,Stakeholder Group 2 (Gurugram),High,Positive,35,29,6,12
STK-0001102,LG-000197,Local Authority,Stakeholder Group 3 (Gurugram),High,Positive,8,6,2,23
STK-0001103,LG-000197,Village Administration,Stakeholder Group 4 (Gurugram),High,Positive,5,4,1,14
STK-0001104,LG-000198,Landowner,Stakeholder Group 1 (Hisar),High,Positive,50,42,8,7
STK-0001105,LG-000198,Landowner,Stakeholder Group 2 (Hisar),High,Positive,18,15,3,21
STK-0001106,LG-000198,Landowner,Stakeholder Group 3 (Hisar),High,Positive,8,6,2,9
STK-0001107,LG-000198,District Administration,Stakeholder Group 4 (Hisar),High,Positive,10,8,2,24
STK-0001108,LG-000198,Landowner,Stakeholder Group 5 (Hisar),High,Positive,38,32,6,6
STK-0001109,LG-000198,District Administration,Stakeholder Group 6 (Hisar),High,Positive,39,33,6,19
STK-0001110,LG-000199,District Administration,Stakeholder Group 1 (Jhajjar),Low,Negative,16,6,10,81
STK-0001111,LG-000199,District Administration,Stakeholder Group 2 (Jhajjar),Low,Negative,34,13,21,87
STK-0001112,LG-000199,Local Authority,Stakeholder Group 3 (Jhajjar),Low,Negative,41,16,25,76
STK-0001113,LG-000199,Landowner,Stakeholder Group 4 (Jhajjar),Low,Negative,11,4,7,87
STK-0001114,LG-000199,Village Administration,Stakeholder Group 5 (Jhajjar),Low,Negative,36,14,22,66
STK-0001115,LG-000199,Contractor,Stakeholder Group 6 (Jhajjar),Low,Negative,7,2,5,56
STK-0001116,LG-000199,Landowner,Stakeholder Group 7 (Jhajjar),Low,Negative,25,10,15,77
STK-0001117,LG-000200,Landowner,Stakeholder Group 1 (Jind),High,Positive,5,4,1,12
STK-0001118,LG-000200,Landowner,Stakeholder Group 2 (Jind),High,Positive,20,17,3,25
STK-0001119,LG-000200,Landowner,Stakeholder Group 3 (Jind),High,Positive,15,12,3,13
STK-0001120,LG-000201,Village Administration,Stakeholder Group 1 (Kaithal),Low,Negative,43,17,26,75
STK-0001121,LG-000201,Contractor,Stakeholder Group 2 (Kaithal),Low,Negative,7,2,5,81
STK-0001122,LG-000201,Local Authority,Stakeholder Group 3 (Kaithal),Low,Negative,10,4,6,85
STK-0001123,LG-000201,Local Authority,Stakeholder Group 4 (Kaithal),Low,Negative,43,17,26,89
STK-0001124,LG-000201,Landowner,Stakeholder Group 5 (Kaithal),Low,Negative,47,18,29,39
STK-0001125,LG-000201,Landowner,Stakeholder Group 6 (Kaithal),Low,Negative,16,6,10,45
STK-0001126,LG-000201,Local Authority,Stakeholder Group 7 (Kaithal),Low,Negative,11,4,7,67
STK-0001127,LG-000202,District Administration,Stakeholder Group 1 (Karnal),High,Positive,13,11,2,14
STK-0001128,LG-000202,Local Authority,Stakeholder Group 2 (Karnal),High,Positive,22,18,4,12
STK-0001129,LG-000202,District Administration,Stakeholder Group 3 (Karnal),High,Positive,22,18,4,8
STK-0001130,LG-000202,Local Authority,Stakeholder Group 4 (Karnal),High,Positive,41,34,7,16
STK-0001131,LG-000202,Landowner,Stakeholder Group 5 (Karnal),High,Positive,25,21,4,22
STK-0001132,LG-000202,Local Authority,Stakeholder Group 6 (Karnal),High,Positive,46,39,7,19
STK-0001133,LG-000202,District Administration,Stakeholder Group 7 (Karnal),High,Positive,35,29,6,13
STK-0001134,LG-000202,Village Administration,Stakeholder Group 8 (Karnal),High,Positive,36,30,6,22
STK-0001135,LG-000203,Village Administration,Stakeholder Group 1 (Kurukshetra),Low,Negative,42,16,26,54
STK-0001136,LG-000203,District Administration,Stakeholder Group 2 (Kurukshetra),Low,Negative,29,11,18,31
STK-0001137,LG-000203,Village Administration,Stakeholder Group 3 (Kurukshetra),Low,Negative,49,19,30,75
STK-0001138,LG-000203,Contractor,Stakeholder Group 4 (Kurukshetra),Low,Negative,8,3,5,52
STK-0001139,LG-000203,District Administration,Stakeholder Group 5 (Kurukshetra),Low,Negative,5,2,3,66
STK-0001140,LG-000203,Local Authority,Stakeholder Group 6 (Kurukshetra),Low,Negative,41,16,25,31
STK-0001141,LG-000204,District Administration,Stakeholder Group 1 (Mahendragarh),High,Positive,26,22,4,20
STK-0001142,LG-000204,Landowner,Stakeholder Group 2 (Mahendragarh),High,Positive,21,17,4,9
STK-0001143,LG-000204,Landowner,Stakeholder Group 3 (Mahendragarh),High,Positive,28,23,5,10
STK-0001144,LG-000204,Local Authority,Stakeholder Group 4 (Mahendragarh),High,Positive,11,9,2,22
STK-0001145,LG-000204,Village Administration,Stakeholder Group 5 (Mahendragarh),High,Positive,17,14,3,14
STK-0001146,LG-000204,Landowner,Stakeholder Group 6 (Mahendragarh),High,Positive,5,4,1,20
STK-0001147,LG-000204,Landowner,Stakeholder Group 7 (Mahendragarh),High,Positive,41,34,7,23
STK-0001148,LG-000204,District Administration,Stakeholder Group 8 (Mahendragarh),High,Positive,24,20,4,15
STK-0001149,LG-000205,Village Administration,Stakeholder Group 1 (Nuh),Low,Negative,34,13,21,49
STK-0001150,LG-000205,Local Authority,Stakeholder Group 2 (Nuh),Low,Negative,19,7,12,83
STK-0001151,LG-000205,District Administration,Stakeholder Group 3 (Nuh),Low,Negative,12,4,8,47
STK-0001152,LG-000205,Contractor,Stakeholder Group 4 (Nuh),Low,Negative,28,11,17,85
STK-0001153,LG-000205,Landowner,Stakeholder Group 5 (Nuh),Low,Negative,27,10,17,75
STK-0001154,LG-000205,Local Authority,Stakeholder Group 6 (Nuh),Low,Negative,22,8,14,68
STK-0001155,LG-000205,District Administration,Stakeholder Group 7 (Nuh),Low,Negative,33,13,20,43
STK-0001156,LG-000205,Landowner,Stakeholder Group 8 (Nuh),Low,Negative,46,18,28,34
STK-0001157,LG-000206,District Administration,Stakeholder Group 1 (Palwal),High,Positive,33,28,5,18
STK-0001158,LG-000206,Contractor,Stakeholder Group 2 (Palwal),High,Positive,29,24,5,22
STK-0001159,LG-000206,Contractor,Stakeholder Group 3 (Palwal),High,Positive,26,22,4,11
STK-0001160,LG-000206,Contractor,Stakeholder Group 4 (Palwal),High,Positive,48,40,8,8
STK-0001161,LG-000207,Village Administration,Stakeholder Group 1 (Panchkula),Low,Negative,30,12,18,47
STK-0001162,LG-000207,Landowner,Stakeholder Group 2 (Panchkula),Low,Negative,39,15,24,86
STK-0001163,LG-000207,Local Authority,Stakeholder Group 3 (Panchkula),Low,Negative,41,16,25,52
STK-0001164,LG-000207,Village Administration,Stakeholder Group 4 (Panchkula),Low,Negative,15,6,9,46
STK-0001165,LG-000207,Village Administration,Stakeholder Group 5 (Panchkula),Low,Negative,47,18,29,78
STK-0001166,LG-000207,District Administration,Stakeholder Group 6 (Panchkula),Low,Negative,34,13,21,57
STK-0001167,LG-000207,Contractor,Stakeholder Group 7 (Panchkula),Low,Negative,12,4,8,75
STK-0001168,LG-000207,Contractor,Stakeholder Group 8 (Panchkula),Low,Negative,20,8,12,39
STK-0001169,LG-000208,Local Authority,Stakeholder Group 1 (Panipat),Low,Negative,41,16,25,77
STK-0001170,LG-000208,Village Administration,Stakeholder Group 2 (Panipat),Low,Negative,21,8,13,85
STK-0001171,LG-000208,Contractor,Stakeholder Group 3 (Panipat),Low,Negative,5,2,3,37
STK-0001172,LG-000208,Contractor,Stakeholder Group 4 (Panipat),Low,Negative,18,7,11,57
STK-0001173,LG-000208,Local Authority,Stakeholder Group 5 (Panipat),Low,Negative,43,17,26,85
STK-0001174,LG-000208,Village Administration,Stakeholder Group 6 (Panipat),Low,Negative,15,6,9,58
STK-0001175,LG-000209,Landowner,Stakeholder Group 1 (Rewari),High,Positive,9,7,2,20
STK-0001176,LG-000209,Local Authority,Stakeholder Group 2 (Rewari),High,Positive,24,20,4,25
STK-0001177,LG-000209,Village Administration,Stakeholder Group 3 (Rewari),High,Positive,30,25,5,18
STK-0001178,LG-000209,Village Administration,Stakeholder Group 4 (Rewari),High,Positive,44,37,7,22
STK-0001179,LG-000209,District Administration,Stakeholder Group 5 (Rewari),High,Positive,7,5,2,22
STK-0001180,LG-000210,Contractor,Stakeholder Group 1 (Rohtak),Low,Negative,31,12,19,63
STK-0001181,LG-000210,Local Authority,Stakeholder Group 2 (Rohtak),Low,Negative,48,19,29,65
STK-0001182,LG-000210,Village Administration,Stakeholder Group 3 (Rohtak),Low,Negative,16,6,10,69
STK-0001183,LG-000210,Contractor,Stakeholder Group 4 (Rohtak),Low,Negative,50,20,30,73
STK-0001184,LG-000210,Village Administration,Stakeholder Group 5 (Rohtak),Low,Negative,17,6,11,58
STK-0001185,LG-000210,Contractor,Stakeholder Group 6 (Rohtak),Low,Negative,38,15,23,32
STK-0001186,LG-000210,Local Authority,Stakeholder Group 7 (Rohtak),Low,Negative,15,6,9,48
STK-0001187,LG-000210,Local Authority,Stakeholder Group 8 (Rohtak),Low,Negative,49,19,30,90
STK-0001188,LG-000211,Village Administration,Stakeholder Group 1 (Sirsa),High,Positive,28,23,5,18
STK-0001189,LG-000211,District Administration,Stakeholder Group 2 (Sirsa),High,Positive,33,28,5,24
STK-0001190,LG-000211,Village Administration,Stakeholder Group 3 (Sirsa),High,Positive,22,18,4,10
STK-0001191,LG-000211,Landowner,Stakeholder Group 4 (Sirsa),High,Positive,16,13,3,18
STK-0001192,LG-000212,Village Administration,Stakeholder Group 1 (Sonipat),Low,Negative,47,18,29,76
STK-0001193,LG-000212,Landowner,Stakeholder Group 2 (Sonipat),Low,Negative,7,2,5,76
STK-0001194,LG-000212,Landowner,Stakeholder Group 3 (Sonipat),Low,Negative,24,9,15,70
STK-0001195,LG-000212,Village Administration,Stakeholder Group 4 (Sonipat),Low,Negative,14,5,9,72
STK-0001196,LG-000212,Village Administration,Stakeholder Group 5 (Sonipat),Low,Negative,22,8,14,89
STK-0001197,LG-000212,Village Administration,Stakeholder Group 6 (Sonipat),Low,Negative,8,3,5,44
STK-0001198,LG-000212,Local Authority,Stakeholder Group 7 (Sonipat),Low,Negative,48,19,29,60
STK-0001199,LG-000212,Village Administration,Stakeholder Group 8 (Sonipat),Low,Negative,45,18,27,65
STK-0001200,LG-000213,Landowner,Stakeholder Group 1 (Yamunanagar),Low,Negative,29,11,18,52
STK-0001201,LG-000213,Village Administration,Stakeholder Group 2 (Yamunanagar),Low,Negative,43,17,26,78
STK-0001202,LG-000213,Landowner,Stakeholder Group 3 (Yamunanagar),Low,Negative,36,14,22,75
STK-0001203,LG-000213,Village Administration,Stakeholder Group 4 (Yamunanagar),Low,Negative,30,12,18,59
STK-0001204,LG-000213,Village Administration,Stakeholder Group 5 (Yamunanagar),Low,Negative,14,5,9,51
STK-0001205,LG-000213,Contractor,Stakeholder Group 6 (Yamunanagar),Low,Negative,13,5,8,47
STK-0001206,LG-000213,Village Administration,Stakeholder Group 7 (Yamunanagar),Low,Negative,50,20,30,54
STK-0001207,LG-000214,Village Administration,Stakeholder Group 1 (Bilaspur),Low,Negative,29,11,18,57
STK-0001208,LG-000214,District Administration,Stakeholder Group 2 (Bilaspur),Low,Negative,40,16,24,48
STK-0001209,LG-000214,Local Authority,Stakeholder Group 3 (Bilaspur),Low,Negative,9,3,6,59
STK-0001210,LG-000215,Local Authority,Stakeholder Group 1 (Chamba),High,Positive,50,42,8,14
STK-0001211,LG-000215,Contractor,Stakeholder Group 2 (Chamba),High,Positive,9,7,2,12
STK-0001212,LG-000215,District Administration,Stakeholder Group 3 (Chamba),High,Positive,50,42,8,14
STK-0001213,LG-000215,Contractor,Stakeholder Group 4 (Chamba),High,Positive,36,30,6,25
STK-0001214,LG-000215,Village Administration,Stakeholder Group 5 (Chamba),High,Positive,42,35,7,20
STK-0001215,LG-000215,Local Authority,Stakeholder Group 6 (Chamba),High,Positive,46,39,7,18
STK-0001216,LG-000215,Village Administration,Stakeholder Group 7 (Chamba),High,Positive,44,37,7,24
STK-0001217,LG-000216,District Administration,Stakeholder Group 1 (Hamirpur),High,Positive,27,22,5,20
STK-0001218,LG-000216,Contractor,Stakeholder Group 2 (Hamirpur),High,Positive,23,19,4,13
STK-0001219,LG-000216,District Administration,Stakeholder Group 3 (Hamirpur),High,Positive,48,40,8,24
STK-0001220,LG-000216,Contractor,Stakeholder Group 4 (Hamirpur),High,Positive,17,14,3,17
STK-0001221,LG-000216,Village Administration,Stakeholder Group 5 (Hamirpur),High,Positive,36,30,6,15
STK-0001222,LG-000216,Landowner,Stakeholder Group 6 (Hamirpur),High,Positive,14,11,3,17
STK-0001223,LG-000217,Landowner,Stakeholder Group 1 (Kangra),Low,Negative,29,11,18,33
STK-0001224,LG-000217,Village Administration,Stakeholder Group 2 (Kangra),Low,Negative,16,6,10,30
STK-0001225,LG-000217,Village Administration,Stakeholder Group 3 (Kangra),Low,Negative,6,2,4,74
STK-0001226,LG-000217,Contractor,Stakeholder Group 4 (Kangra),Low,Negative,49,19,30,49
STK-0001227,LG-000217,Village Administration,Stakeholder Group 5 (Kangra),Low,Negative,13,5,8,62
STK-0001228,LG-000217,Village Administration,Stakeholder Group 6 (Kangra),Low,Negative,15,6,9,45
STK-0001229,LG-000218,Landowner,Stakeholder Group 1 (Kinnaur),High,Positive,12,10,2,6
STK-0001230,LG-000218,Local Authority,Stakeholder Group 2 (Kinnaur),High,Positive,49,41,8,15
STK-0001231,LG-000218,Landowner,Stakeholder Group 3 (Kinnaur),High,Positive,18,15,3,17
STK-0001232,LG-000218,District Administration,Stakeholder Group 4 (Kinnaur),High,Positive,12,10,2,17
STK-0001233,LG-000219,Landowner,Stakeholder Group 1 (Kullu),Low,Negative,29,11,18,88
STK-0001234,LG-000219,Village Administration,Stakeholder Group 2 (Kullu),Low,Negative,27,10,17,34
STK-0001235,LG-000219,Local Authority,Stakeholder Group 3 (Kullu),Low,Negative,18,7,11,75
STK-0001236,LG-000219,Local Authority,Stakeholder Group 4 (Kullu),Low,Negative,35,14,21,43
STK-0001237,LG-000219,District Administration,Stakeholder Group 5 (Kullu),Low,Negative,34,13,21,60
STK-0001238,LG-000219,Contractor,Stakeholder Group 6 (Kullu),Low,Negative,29,11,18,80
STK-0001239,LG-000220,Contractor,Stakeholder Group 1 (Lahaul and Spiti),High,Positive,9,7,2,22
STK-0001240,LG-000220,Local Authority,Stakeholder Group 2 (Lahaul and Spiti),High,Positive,15,12,3,17
STK-0001241,LG-000220,District Administration,Stakeholder Group 3 (Lahaul and Spiti),High,Positive,11,9,2,25
STK-0001242,LG-000220,Village Administration,Stakeholder Group 4 (Lahaul and Spiti),High,Positive,35,29,6,5
STK-0001243,LG-000220,District Administration,Stakeholder Group 5 (Lahaul and Spiti),High,Positive,33,28,5,22
STK-0001244,LG-000220,Village Administration,Stakeholder Group 6 (Lahaul and Spiti),High,Positive,6,5,1,19
STK-0001245,LG-000220,Contractor,Stakeholder Group 7 (Lahaul and Spiti),High,Positive,43,36,7,9
STK-0001246,LG-000220,Village Administration,Stakeholder Group 8 (Lahaul and Spiti),High,Positive,36,30,6,5
STK-0001247,LG-000221,Landowner,Stakeholder Group 1 (Mandi),High,Positive,45,38,7,18
STK-0001248,LG-000221,Contractor,Stakeholder Group 2 (Mandi),High,Positive,47,39,8,16
STK-0001249,LG-000221,Landowner,Stakeholder Group 3 (Mandi),High,Positive,39,33,6,12
STK-0001250,LG-000221,Contractor,Stakeholder Group 4 (Mandi),High,Positive,32,27,5,10
STK-0001251,LG-000221,Village Administration,Stakeholder Group 5 (Mandi),High,Positive,15,12,3,6
STK-0001252,LG-000221,Contractor,Stakeholder Group 6 (Mandi),High,Positive,39,33,6,7
STK-0001253,LG-000221,Landowner,Stakeholder Group 7 (Mandi),High,Positive,48,40,8,9
STK-0001254,LG-000221,Village Administration,Stakeholder Group 8 (Mandi),High,Positive,11,9,2,5
STK-0001255,LG-000222,Contractor,Stakeholder Group 1 (Shimla),Low,Negative,12,4,8,70
STK-0001256,LG-000222,District Administration,Stakeholder Group 2 (Shimla),Low,Negative,46,18,28,46
STK-0001257,LG-000222,District Administration,Stakeholder Group 3 (Shimla),Low,Negative,39,15,24,81
STK-0001258,LG-000222,Landowner,Stakeholder Group 4 (Shimla),Low,Negative,49,19,30,80
STK-0001259,LG-000223,Local Authority,Stakeholder Group 1 (Sirmaur),High,Positive,31,26,5,15
STK-0001260,LG-000223,Landowner,Stakeholder Group 2 (Sirmaur),High,Positive,39,33,6,16
STK-0001261,LG-000223,Local Authority,Stakeholder Group 3 (Sirmaur),High,Positive,9,7,2,14
STK-0001262,LG-000223,District Administration,Stakeholder Group 4 (Sirmaur),High,Positive,7,5,2,25
STK-0001263,LG-000223,Contractor,Stakeholder Group 5 (Sirmaur),High,Positive,36,30,6,12
STK-0001264,LG-000223,Landowner,Stakeholder Group 6 (Sirmaur),High,Positive,27,22,5,12
STK-0001265,LG-000223,Local Authority,Stakeholder Group 7 (Sirmaur),High,Positive,12,10,2,21
STK-0001266,LG-000223,Local Authority,Stakeholder Group 8 (Sirmaur),High,Positive,24,20,4,19
STK-0001267,LG-000224,Contractor,Stakeholder Group 1 (Solan),Low,Negative,37,14,23,43
STK-0001268,LG-000224,Landowner,Stakeholder Group 2 (Solan),Low,Negative,23,9,14,72
STK-0001269,LG-000224,Village Administration,Stakeholder Group 3 (Solan),Low,Negative,50,20,30,58
STK-0001270,LG-000224,Village Administration,Stakeholder Group 4 (Solan),Low,Negative,14,5,9,32
STK-0001271,LG-000224,Contractor,Stakeholder Group 5 (Solan),Low,Negative,50,20,30,44
STK-0001272,LG-000224,Contractor,Stakeholder Group 6 (Solan),Low,Negative,25,10,15,36
STK-0001273,LG-000224,Village Administration,Stakeholder Group 7 (Solan),Low,Negative,45,18,27,54
STK-0001274,LG-000224,Local Authority,Stakeholder Group 8 (Solan),Low,Negative,9,3,6,58
STK-0001275,LG-000225,Landowner,Stakeholder Group 1 (Una),High,Positive,42,35,7,5
STK-0001276,LG-000225,Village Administration,Stakeholder Group 2 (Una),High,Positive,28,23,5,19
STK-0001277,LG-000225,District Administration,Stakeholder Group 3 (Una),High,Positive,16,13,3,18
STK-0001278,LG-000225,Contractor,Stakeholder Group 4 (Una),High,Positive,27,22,5,12
STK-0001279,LG-000225,Contractor,Stakeholder Group 5 (Una),High,Positive,18,15,3,11
STK-0001280,LG-000225,Village Administration,Stakeholder Group 6 (Una),High,Positive,21,17,4,14
STK-0001281,LG-000226,Contractor,Stakeholder Group 1 (Bokaro),High,Positive,32,27,5,22
STK-0001282,LG-000226,District Administration,Stakeholder Group 2 (Bokaro),High,Positive,39,33,6,8
STK-0001283,LG-000226,Local Authority,Stakeholder Group 3 (Bokaro),High,Positive,32,27,5,10
STK-0001284,LG-000226,Village Administration,Stakeholder Group 4 (Bokaro),High,Positive,6,5,1,22
STK-0001285,LG-000226,Village Administration,Stakeholder Group 5 (Bokaro),High,Positive,28,23,5,25
STK-0001286,LG-000226,District Administration,Stakeholder Group 6 (Bokaro),High,Positive,38,32,6,19
STK-0001287,LG-000227,District Administration,Stakeholder Group 1 (Chatra),Low,Negative,13,5,8,46
STK-0001288,LG-000227,Village Administration,Stakeholder Group 2 (Chatra),Low,Negative,18,7,11,67
STK-0001289,LG-000227,District Administration,Stakeholder Group 3 (Chatra),Low,Negative,27,10,17,30
STK-0001290,LG-000227,District Administration,Stakeholder Group 4 (Chatra),Low,Negative,47,18,29,81
STK-0001291,LG-000227,Local Authority,Stakeholder Group 5 (Chatra),Low,Negative,32,12,20,74
STK-0001292,LG-000227,District Administration,Stakeholder Group 6 (Chatra),Low,Negative,29,11,18,39
STK-0001293,LG-000227,Contractor,Stakeholder Group 7 (Chatra),Low,Negative,41,16,25,77
STK-0001294,LG-000228,Village Administration,Stakeholder Group 1 (Deoghar),High,Positive,24,20,4,13
STK-0001295,LG-000228,Contractor,Stakeholder Group 2 (Deoghar),High,Positive,50,42,8,17
STK-0001296,LG-000228,Contractor,Stakeholder Group 3 (Deoghar),High,Positive,49,41,8,9
STK-0001297,LG-000228,Landowner,Stakeholder Group 4 (Deoghar),High,Positive,43,36,7,11
STK-0001298,LG-000229,District Administration,Stakeholder Group 1 (Dhanbad),High,Positive,41,34,7,8
STK-0001299,LG-000229,Landowner,Stakeholder Group 2 (Dhanbad),High,Positive,15,12,3,25
STK-0001300,LG-000229,Contractor,Stakeholder Group 3 (Dhanbad),High,Positive,48,40,8,14
STK-0001301,LG-000229,District Administration,Stakeholder Group 4 (Dhanbad),High,Positive,45,38,7,19
STK-0001302,LG-000229,Contractor,Stakeholder Group 5 (Dhanbad),High,Positive,28,23,5,12
STK-0001303,LG-000229,District Administration,Stakeholder Group 6 (Dhanbad),High,Positive,30,25,5,8
STK-0001304,LG-000229,Village Administration,Stakeholder Group 7 (Dhanbad),High,Positive,37,31,6,20
STK-0001305,LG-000230,Landowner,Stakeholder Group 1 (Dumka),High,Positive,21,17,4,20
STK-0001306,LG-000230,Landowner,Stakeholder Group 2 (Dumka),High,Positive,47,39,8,25
STK-0001307,LG-000230,District Administration,Stakeholder Group 3 (Dumka),High,Positive,16,13,3,12
STK-0001308,LG-000230,Contractor,Stakeholder Group 4 (Dumka),High,Positive,23,19,4,8
STK-0001309,LG-000230,District Administration,Stakeholder Group 5 (Dumka),High,Positive,11,9,2,15
STK-0001310,LG-000230,District Administration,Stakeholder Group 6 (Dumka),High,Positive,45,38,7,10
STK-0001311,LG-000230,Landowner,Stakeholder Group 7 (Dumka),High,Positive,21,17,4,9
STK-0001312,LG-000230,Local Authority,Stakeholder Group 8 (Dumka),High,Positive,33,28,5,10
STK-0001313,LG-000231,Local Authority,Stakeholder Group 1 (East Singhbhum),High,Positive,9,7,2,24
STK-0001314,LG-000231,Village Administration,Stakeholder Group 2 (East Singhbhum),High,Positive,7,5,2,19
STK-0001315,LG-000231,Contractor,Stakeholder Group 3 (East Singhbhum),High,Positive,35,29,6,12
STK-0001316,LG-000231,Landowner,Stakeholder Group 4 (East Singhbhum),High,Positive,10,8,2,5
STK-0001317,LG-000231,District Administration,Stakeholder Group 5 (East Singhbhum),High,Positive,15,12,3,11
STK-0001318,LG-000231,District Administration,Stakeholder Group 6 (East Singhbhum),High,Positive,34,28,6,23
STK-0001319,LG-000231,Village Administration,Stakeholder Group 7 (East Singhbhum),High,Positive,19,16,3,15
STK-0001320,LG-000231,District Administration,Stakeholder Group 8 (East Singhbhum),High,Positive,39,33,6,8
STK-0001321,LG-000232,Landowner,Stakeholder Group 1 (Garhwa),High,Positive,43,36,7,9
STK-0001322,LG-000232,Landowner,Stakeholder Group 2 (Garhwa),High,Positive,24,20,4,15
STK-0001323,LG-000232,Village Administration,Stakeholder Group 3 (Garhwa),High,Positive,50,42,8,7
STK-0001324,LG-000232,Landowner,Stakeholder Group 4 (Garhwa),High,Positive,14,11,3,25
STK-0001325,LG-000232,Local Authority,Stakeholder Group 5 (Garhwa),High,Positive,45,38,7,12
STK-0001326,LG-000232,Local Authority,Stakeholder Group 6 (Garhwa),High,Positive,18,15,3,19
STK-0001327,LG-000232,Landowner,Stakeholder Group 7 (Garhwa),High,Positive,18,15,3,6
STK-0001328,LG-000233,Landowner,Stakeholder Group 1 (Giridih),High,Positive,42,35,7,21
STK-0001329,LG-000233,Local Authority,Stakeholder Group 2 (Giridih),High,Positive,49,41,8,16
STK-0001330,LG-000233,Landowner,Stakeholder Group 3 (Giridih),High,Positive,35,29,6,6
STK-0001331,LG-000233,Landowner,Stakeholder Group 4 (Giridih),High,Positive,35,29,6,17
STK-0001332,LG-000233,Landowner,Stakeholder Group 5 (Giridih),High,Positive,12,10,2,13
STK-0001333,LG-000234,Local Authority,Stakeholder Group 1 (Godda),High,Positive,36,30,6,21
STK-0001334,LG-000234,Landowner,Stakeholder Group 2 (Godda),High,Positive,43,36,7,23
STK-0001335,LG-000234,Local Authority,Stakeholder Group 3 (Godda),High,Positive,36,30,6,24
STK-0001336,LG-000234,Village Administration,Stakeholder Group 4 (Godda),High,Positive,45,38,7,5
STK-0001337,LG-000234,Local Authority,Stakeholder Group 5 (Godda),High,Positive,36,30,6,21
STK-0001338,LG-000234,Village Administration,Stakeholder Group 6 (Godda),High,Positive,20,17,3,21
STK-0001339,LG-000234,Landowner,Stakeholder Group 7 (Godda),High,Positive,9,7,2,8
STK-0001340,LG-000234,Contractor,Stakeholder Group 8 (Godda),High,Positive,17,14,3,9
STK-0001341,LG-000235,Local Authority,Stakeholder Group 1 (Gumla),Low,Negative,14,5,9,43
STK-0001342,LG-000235,Contractor,Stakeholder Group 2 (Gumla),Low,Negative,44,17,27,38
STK-0001343,LG-000235,Village Administration,Stakeholder Group 3 (Gumla),Low,Negative,28,11,17,33
STK-0001344,LG-000235,District Administration,Stakeholder Group 4 (Gumla),Low,Negative,45,18,27,54
STK-0001345,LG-000235,Contractor,Stakeholder Group 5 (Gumla),Low,Negative,27,10,17,74
STK-0001346,LG-000236,Contractor,Stakeholder Group 1 (Hazaribagh),High,Positive,17,14,3,24
STK-0001347,LG-000236,Local Authority,Stakeholder Group 2 (Hazaribagh),High,Positive,16,13,3,15
STK-0001348,LG-000236,District Administration,Stakeholder Group 3 (Hazaribagh),High,Positive,10,8,2,18
STK-0001349,LG-000236,Local Authority,Stakeholder Group 4 (Hazaribagh),High,Positive,16,13,3,11
STK-0001350,LG-000236,Local Authority,Stakeholder Group 5 (Hazaribagh),High,Positive,36,30,6,14
STK-0001351,LG-000237,Local Authority,Stakeholder Group 1 (Jamtara),High,Positive,23,19,4,5
STK-0001352,LG-000237,Local Authority,Stakeholder Group 2 (Jamtara),High,Positive,37,31,6,5
STK-0001353,LG-000237,Contractor,Stakeholder Group 3 (Jamtara),High,Positive,25,21,4,13
STK-0001354,LG-000238,District Administration,Stakeholder Group 1 (Khunti),Low,Negative,50,20,30,41
STK-0001355,LG-000238,Landowner,Stakeholder Group 2 (Khunti),Low,Negative,35,14,21,67
STK-0001356,LG-000238,Village Administration,Stakeholder Group 3 (Khunti),Low,Negative,37,14,23,68
STK-0001357,LG-000239,Village Administration,Stakeholder Group 1 (Koderma),High,Positive,9,7,2,9
STK-0001358,LG-000239,Contractor,Stakeholder Group 2 (Koderma),High,Positive,27,22,5,9
STK-0001359,LG-000239,District Administration,Stakeholder Group 3 (Koderma),High,Positive,21,17,4,12
STK-0001360,LG-000239,Contractor,Stakeholder Group 4 (Koderma),High,Positive,34,28,6,9
STK-0001361,LG-000240,Village Administration,Stakeholder Group 1 (Latehar),High,Positive,40,34,6,18
STK-0001362,LG-000240,Contractor,Stakeholder Group 2 (Latehar),High,Positive,19,16,3,17
STK-0001363,LG-000240,Village Administration,Stakeholder Group 3 (Latehar),High,Positive,43,36,7,13
STK-0001364,LG-000240,Landowner,Stakeholder Group 4 (Latehar),High,Positive,30,25,5,5
STK-0001365,LG-000240,Local Authority,Stakeholder Group 5 (Latehar),High,Positive,26,22,4,25
STK-0001366,LG-000240,Village Administration,Stakeholder Group 6 (Latehar),High,Positive,43,36,7,8
STK-0001367,LG-000241,District Administration,Stakeholder Group 1 (Lohardaga),High,Positive,34,28,6,6
STK-0001368,LG-000241,Village Administration,Stakeholder Group 2 (Lohardaga),High,Positive,38,32,6,17
STK-0001369,LG-000241,Landowner,Stakeholder Group 3 (Lohardaga),High,Positive,34,28,6,11
STK-0001370,LG-000241,Landowner,Stakeholder Group 4 (Lohardaga),High,Positive,41,34,7,23
STK-0001371,LG-000241,Village Administration,Stakeholder Group 5 (Lohardaga),High,Positive,36,30,6,22
STK-0001372,LG-000241,Contractor,Stakeholder Group 6 (Lohardaga),High,Positive,5,4,1,24
STK-0001373,LG-000241,Landowner,Stakeholder Group 7 (Lohardaga),High,Positive,42,35,7,14
STK-0001374,LG-000242,Village Administration,Stakeholder Group 1 (Pakur),Low,Negative,14,5,9,37
STK-0001375,LG-000242,District Administration,Stakeholder Group 2 (Pakur),Low,Negative,45,18,27,36
STK-0001376,LG-000242,Landowner,Stakeholder Group 3 (Pakur),Low,Negative,12,4,8,86
STK-0001377,LG-000242,Local Authority,Stakeholder Group 4 (Pakur),Low,Negative,45,18,27,35
STK-0001378,LG-000242,Local Authority,Stakeholder Group 5 (Pakur),Low,Negative,36,14,22,42
STK-0001379,LG-000242,Village Administration,Stakeholder Group 6 (Pakur),Low,Negative,10,4,6,51
STK-0001380,LG-000242,Landowner,Stakeholder Group 7 (Pakur),Low,Negative,34,13,21,88
STK-0001381,LG-000242,Landowner,Stakeholder Group 8 (Pakur),Low,Negative,44,17,27,67
STK-0001382,LG-000243,District Administration,Stakeholder Group 1 (Palamu),Low,Negative,50,20,30,60
STK-0001383,LG-000243,Village Administration,Stakeholder Group 2 (Palamu),Low,Negative,12,4,8,33
STK-0001384,LG-000243,Contractor,Stakeholder Group 3 (Palamu),Low,Negative,7,2,5,44
STK-0001385,LG-000243,Contractor,Stakeholder Group 4 (Palamu),Low,Negative,10,4,6,65
STK-0001386,LG-000243,Local Authority,Stakeholder Group 5 (Palamu),Low,Negative,7,2,5,32
STK-0001387,LG-000243,Local Authority,Stakeholder Group 6 (Palamu),Low,Negative,29,11,18,41
STK-0001388,LG-000243,Village Administration,Stakeholder Group 7 (Palamu),Low,Negative,22,8,14,45
STK-0001389,LG-000243,Local Authority,Stakeholder Group 8 (Palamu),Low,Negative,44,17,27,60
STK-0001390,LG-000244,District Administration,Stakeholder Group 1 (Ramgarh),High,Positive,27,22,5,19
STK-0001391,LG-000244,Village Administration,Stakeholder Group 2 (Ramgarh),High,Positive,45,38,7,20
STK-0001392,LG-000244,District Administration,Stakeholder Group 3 (Ramgarh),High,Positive,39,33,6,7
STK-0001393,LG-000244,Local Authority,Stakeholder Group 4 (Ramgarh),High,Positive,19,16,3,11
STK-0001394,LG-000244,Landowner,Stakeholder Group 5 (Ramgarh),High,Positive,9,7,2,17
STK-0001395,LG-000244,Village Administration,Stakeholder Group 6 (Ramgarh),High,Positive,26,22,4,8
STK-0001396,LG-000244,Contractor,Stakeholder Group 7 (Ramgarh),High,Positive,14,11,3,13
STK-0001397,LG-000244,Contractor,Stakeholder Group 8 (Ramgarh),High,Positive,27,22,5,24
STK-0001398,LG-000245,Landowner,Stakeholder Group 1 (Ranchi),Low,Negative,9,3,6,37
STK-0001399,LG-000245,District Administration,Stakeholder Group 2 (Ranchi),Low,Negative,21,8,13,90
STK-0001400,LG-000245,Village Administration,Stakeholder Group 3 (Ranchi),Low,Negative,14,5,9,87
STK-0001401,LG-000245,District Administration,Stakeholder Group 4 (Ranchi),Low,Negative,5,2,3,54
STK-0001402,LG-000245,District Administration,Stakeholder Group 5 (Ranchi),Low,Negative,29,11,18,78
STK-0001403,LG-000246,Village Administration,Stakeholder Group 1 (Sahibganj),High,Positive,41,34,7,8
STK-0001404,LG-000246,Village Administration,Stakeholder Group 2 (Sahibganj),High,Positive,20,17,3,12
STK-0001405,LG-000246,Village Administration,Stakeholder Group 3 (Sahibganj),High,Positive,29,24,5,14
STK-0001406,LG-000246,Village Administration,Stakeholder Group 4 (Sahibganj),High,Positive,25,21,4,22
STK-0001407,LG-000246,District Administration,Stakeholder Group 5 (Sahibganj),High,Positive,6,5,1,12
STK-0001408,LG-000246,Village Administration,Stakeholder Group 6 (Sahibganj),High,Positive,17,14,3,17
STK-0001409,LG-000247,District Administration,Stakeholder Group 1 (Seraikela Kharsawan),High,Positive,19,16,3,5
STK-0001410,LG-000247,Village Administration,Stakeholder Group 2 (Seraikela Kharsawan),High,Positive,8,6,2,18
STK-0001411,LG-000247,Contractor,Stakeholder Group 3 (Seraikela Kharsawan),High,Positive,48,40,8,7
STK-0001412,LG-000247,Landowner,Stakeholder Group 4 (Seraikela Kharsawan),High,Positive,31,26,5,19
STK-0001413,LG-000247,Contractor,Stakeholder Group 5 (Seraikela Kharsawan),High,Positive,13,11,2,19
STK-0001414,LG-000248,Local Authority,Stakeholder Group 1 (Simdega),High,Positive,23,19,4,16
STK-0001415,LG-000248,Landowner,Stakeholder Group 2 (Simdega),High,Positive,11,9,2,5
STK-0001416,LG-000248,Contractor,Stakeholder Group 3 (Simdega),High,Positive,42,35,7,19
STK-0001417,LG-000248,Village Administration,Stakeholder Group 4 (Simdega),High,Positive,6,5,1,14
STK-0001418,LG-000249,Local Authority,Stakeholder Group 1 (West Singhbhum),High,Positive,41,34,7,7
STK-0001419,LG-000249,Contractor,Stakeholder Group 2 (West Singhbhum),High,Positive,42,35,7,23
STK-0001420,LG-000249,Contractor,Stakeholder Group 3 (West Singhbhum),High,Positive,18,15,3,21
STK-0001421,LG-000249,District Administration,Stakeholder Group 4 (West Singhbhum),High,Positive,31,26,5,10
STK-0001422,LG-000249,District Administration,Stakeholder Group 5 (West Singhbhum),High,Positive,12,10,2,7
STK-0001423,LG-000249,Village Administration,Stakeholder Group 6 (West Singhbhum),High,Positive,10,8,2,17
STK-0001424,LG-000249,Landowner,Stakeholder Group 7 (West Singhbhum),High,Positive,9,7,2,23
STK-0001425,LG-000249,Village Administration,Stakeholder Group 8 (West Singhbhum),High,Positive,9,7,2,21
STK-0001426,LG-000250,District Administration,Stakeholder Group 1 (Bagalkot),High,Positive,19,16,3,11
STK-0001427,LG-000250,Village Administration,Stakeholder Group 2 (Bagalkot),High,Positive,45,38,7,14
STK-0001428,LG-000250,Village Administration,Stakeholder Group 3 (Bagalkot),High,Positive,12,10,2,18
STK-0001429,LG-000250,Contractor,Stakeholder Group 4 (Bagalkot),High,Positive,31,26,5,10
STK-0001430,LG-000250,Landowner,Stakeholder Group 5 (Bagalkot),High,Positive,47,39,8,18
STK-0001431,LG-000251,Village Administration,Stakeholder Group 1 (Ballari),Low,Negative,12,4,8,34
STK-0001432,LG-000251,Landowner,Stakeholder Group 2 (Ballari),Low,Negative,44,17,27,49
STK-0001433,LG-000251,Village Administration,Stakeholder Group 3 (Ballari),Low,Negative,21,8,13,77
STK-0001434,LG-000251,Local Authority,Stakeholder Group 4 (Ballari),Low,Negative,17,6,11,89
STK-0001435,LG-000252,Landowner,Stakeholder Group 1 (Belagavi),Low,Negative,13,5,8,30
STK-0001436,LG-000252,District Administration,Stakeholder Group 2 (Belagavi),Low,Negative,40,16,24,32
STK-0001437,LG-000252,District Administration,Stakeholder Group 3 (Belagavi),Low,Negative,35,14,21,89
STK-0001438,LG-000253,Contractor,Stakeholder Group 1 (Bengaluru Rural),High,Positive,28,23,5,25
STK-0001439,LG-000253,Local Authority,Stakeholder Group 2 (Bengaluru Rural),High,Positive,7,5,2,11
STK-0001440,LG-000253,Village Administration,Stakeholder Group 3 (Bengaluru Rural),High,Positive,42,35,7,9
STK-0001441,LG-000254,Landowner,Stakeholder Group 1 (Bengaluru Urban),High,Positive,15,12,3,14
STK-0001442,LG-000254,Village Administration,Stakeholder Group 2 (Bengaluru Urban),High,Positive,37,31,6,13
STK-0001443,LG-000254,Landowner,Stakeholder Group 3 (Bengaluru Urban),High,Positive,6,5,1,16
STK-0001444,LG-000254,Landowner,Stakeholder Group 4 (Bengaluru Urban),High,Positive,14,11,3,19
STK-0001445,LG-000254,Local Authority,Stakeholder Group 5 (Bengaluru Urban),High,Positive,18,15,3,8
STK-0001446,LG-000254,Landowner,Stakeholder Group 6 (Bengaluru Urban),High,Positive,8,6,2,21
STK-0001447,LG-000255,Landowner,Stakeholder Group 1 (Bidar),Low,Negative,39,15,24,50
STK-0001448,LG-000255,District Administration,Stakeholder Group 2 (Bidar),Low,Negative,44,17,27,34
STK-0001449,LG-000255,District Administration,Stakeholder Group 3 (Bidar),Low,Negative,27,10,17,56
STK-0001450,LG-000255,District Administration,Stakeholder Group 4 (Bidar),Low,Negative,36,14,22,55
STK-0001451,LG-000255,Village Administration,Stakeholder Group 5 (Bidar),Low,Negative,24,9,15,84
STK-0001452,LG-000255,Contractor,Stakeholder Group 6 (Bidar),Low,Negative,16,6,10,42
STK-0001453,LG-000255,Landowner,Stakeholder Group 7 (Bidar),Low,Negative,8,3,5,56
STK-0001454,LG-000256,Village Administration,Stakeholder Group 1 (Chamarajanagar),Low,Negative,41,16,25,40
STK-0001455,LG-000256,Local Authority,Stakeholder Group 2 (Chamarajanagar),Low,Negative,29,11,18,49
STK-0001456,LG-000256,Contractor,Stakeholder Group 3 (Chamarajanagar),Low,Negative,22,8,14,49
STK-0001457,LG-000257,District Administration,Stakeholder Group 1 (Chikkaballapura),High,Positive,6,5,1,12
STK-0001458,LG-000257,Local Authority,Stakeholder Group 2 (Chikkaballapura),High,Positive,30,25,5,7
STK-0001459,LG-000257,District Administration,Stakeholder Group 3 (Chikkaballapura),High,Positive,33,28,5,10
STK-0001460,LG-000257,Local Authority,Stakeholder Group 4 (Chikkaballapura),High,Positive,18,15,3,6
STK-0001461,LG-000257,Local Authority,Stakeholder Group 5 (Chikkaballapura),High,Positive,46,39,7,18
STK-0001462,LG-000257,Landowner,Stakeholder Group 6 (Chikkaballapura),High,Positive,43,36,7,23
STK-0001463,LG-000257,Local Authority,Stakeholder Group 7 (Chikkaballapura),High,Positive,10,8,2,6
STK-0001464,LG-000257,Local Authority,Stakeholder Group 8 (Chikkaballapura),High,Positive,41,34,7,8
STK-0001465,LG-000258,Village Administration,Stakeholder Group 1 (Chikkamagaluru),High,Positive,19,16,3,22
STK-0001466,LG-000258,Local Authority,Stakeholder Group 2 (Chikkamagaluru),High,Positive,20,17,3,15
STK-0001467,LG-000258,Village Administration,Stakeholder Group 3 (Chikkamagaluru),High,Positive,8,6,2,25
STK-0001468,LG-000258,Local Authority,Stakeholder Group 4 (Chikkamagaluru),High,Positive,34,28,6,17
STK-0001469,LG-000258,Village Administration,Stakeholder Group 5 (Chikkamagaluru),High,Positive,47,39,8,17
STK-0001470,LG-000258,Landowner,Stakeholder Group 6 (Chikkamagaluru),High,Positive,17,14,3,13
STK-0001471,LG-000258,Village Administration,Stakeholder Group 7 (Chikkamagaluru),High,Positive,10,8,2,15
STK-0001472,LG-000259,Contractor,Stakeholder Group 1 (Chitradurga),High,Positive,38,32,6,22
STK-0001473,LG-000259,District Administration,Stakeholder Group 2 (Chitradurga),High,Positive,29,24,5,21
STK-0001474,LG-000259,Landowner,Stakeholder Group 3 (Chitradurga),High,Positive,6,5,1,6
STK-0001475,LG-000259,Landowner,Stakeholder Group 4 (Chitradurga),High,Positive,26,22,4,25
STK-0001476,LG-000259,Local Authority,Stakeholder Group 5 (Chitradurga),High,Positive,10,8,2,14
STK-0001477,LG-000260,Landowner,Stakeholder Group 1 (Dakshina Kannada),High,Positive,42,35,7,25
STK-0001478,LG-000260,District Administration,Stakeholder Group 2 (Dakshina Kannada),High,Positive,17,14,3,18
STK-0001479,LG-000260,Landowner,Stakeholder Group 3 (Dakshina Kannada),High,Positive,40,34,6,17
STK-0001480,LG-000260,Landowner,Stakeholder Group 4 (Dakshina Kannada),High,Positive,45,38,7,17
STK-0001481,LG-000260,Contractor,Stakeholder Group 5 (Dakshina Kannada),High,Positive,27,22,5,7
STK-0001482,LG-000260,Landowner,Stakeholder Group 6 (Dakshina Kannada),High,Positive,14,11,3,20
STK-0001483,LG-000260,Contractor,Stakeholder Group 7 (Dakshina Kannada),High,Positive,24,20,4,9
STK-0001484,LG-000261,District Administration,Stakeholder Group 1 (Davanagere),Low,Negative,7,2,5,82
STK-0001485,LG-000261,Landowner,Stakeholder Group 2 (Davanagere),Low,Negative,42,16,26,88
STK-0001486,LG-000261,Contractor,Stakeholder Group 3 (Davanagere),Low,Negative,28,11,17,83
STK-0001487,LG-000261,Landowner,Stakeholder Group 4 (Davanagere),Low,Negative,11,4,7,33
STK-0001488,LG-000261,Village Administration,Stakeholder Group 5 (Davanagere),Low,Negative,36,14,22,57
STK-0001489,LG-000261,Contractor,Stakeholder Group 6 (Davanagere),Low,Negative,8,3,5,90
STK-0001490,LG-000262,Village Administration,Stakeholder Group 1 (Dharwad),High,Positive,40,34,6,9
STK-0001491,LG-000262,Landowner,Stakeholder Group 2 (Dharwad),High,Positive,39,33,6,23
STK-0001492,LG-000262,Landowner,Stakeholder Group 3 (Dharwad),High,Positive,22,18,4,11
STK-0001493,LG-000263,Local Authority,Stakeholder Group 1 (Gadag),Low,Negative,34,13,21,30
STK-0001494,LG-000263,Contractor,Stakeholder Group 2 (Gadag),Low,Negative,31,12,19,61
STK-0001495,LG-000263,District Administration,Stakeholder Group 3 (Gadag),Low,Negative,33,13,20,84
STK-0001496,LG-000264,Local Authority,Stakeholder Group 1 (Hassan),High,Positive,33,28,5,9
STK-0001497,LG-000264,Landowner,Stakeholder Group 2 (Hassan),High,Positive,47,39,8,7
STK-0001498,LG-000264,Local Authority,Stakeholder Group 3 (Hassan),High,Positive,23,19,4,9
STK-0001499,LG-000264,Village Administration,Stakeholder Group 4 (Hassan),High,Positive,44,37,7,11
STK-0001500,LG-000264,Local Authority,Stakeholder Group 5 (Hassan),High,Positive,35,29,6,10
STK-0001501,LG-000264,Local Authority,Stakeholder Group 6 (Hassan),High,Positive,28,23,5,24
STK-0001502,LG-000264,Local Authority,Stakeholder Group 7 (Hassan),High,Positive,29,24,5,18
STK-0001503,LG-000265,District Administration,Stakeholder Group 1 (Haveri),High,Positive,16,13,3,16
STK-0001504,LG-000265,Local Authority,Stakeholder Group 2 (Haveri),High,Positive,30,25,5,11
STK-0001505,LG-000265,Local Authority,Stakeholder Group 3 (Haveri),High,Positive,10,8,2,18
STK-0001506,LG-000265,Contractor,Stakeholder Group 4 (Haveri),High,Positive,5,4,1,10
STK-0001507,LG-000265,Landowner,Stakeholder Group 5 (Haveri),High,Positive,19,16,3,13
STK-0001508,LG-000265,Local Authority,Stakeholder Group 6 (Haveri),High,Positive,20,17,3,20
STK-0001509,LG-000265,District Administration,Stakeholder Group 7 (Haveri),High,Positive,23,19,4,12
STK-0001510,LG-000265,Village Administration,Stakeholder Group 8 (Haveri),High,Positive,36,30,6,5
STK-0001511,LG-000266,Local Authority,Stakeholder Group 1 (Kalaburagi),High,Positive,32,27,5,7
STK-0001512,LG-000266,Local Authority,Stakeholder Group 2 (Kalaburagi),High,Positive,20,17,3,10
STK-0001513,LG-000266,Contractor,Stakeholder Group 3 (Kalaburagi),High,Positive,12,10,2,10
STK-0001514,LG-000267,Local Authority,Stakeholder Group 1 (Kodagu),Low,Negative,32,12,20,64
STK-0001515,LG-000267,District Administration,Stakeholder Group 2 (Kodagu),Low,Negative,30,12,18,72
STK-0001516,LG-000267,District Administration,Stakeholder Group 3 (Kodagu),Low,Negative,29,11,18,71
STK-0001517,LG-000267,District Administration,Stakeholder Group 4 (Kodagu),Low,Negative,6,2,4,78
STK-0001518,LG-000268,Local Authority,Stakeholder Group 1 (Kolar),Low,Negative,33,13,20,49
STK-0001519,LG-000268,Contractor,Stakeholder Group 2 (Kolar),Low,Negative,18,7,11,54
STK-0001520,LG-000268,Landowner,Stakeholder Group 3 (Kolar),Low,Negative,6,2,4,79
STK-0001521,LG-000269,Village Administration,Stakeholder Group 1 (Koppal),High,Positive,30,25,5,9
STK-0001522,LG-000269,Landowner,Stakeholder Group 2 (Koppal),High,Positive,25,21,4,7
STK-0001523,LG-000269,Contractor,Stakeholder Group 3 (Koppal),High,Positive,33,28,5,15
STK-0001524,LG-000270,Village Administration,Stakeholder Group 1 (Mandya),High,Positive,46,39,7,11
STK-0001525,LG-000270,Landowner,Stakeholder Group 2 (Mandya),High,Positive,19,16,3,12
STK-0001526,LG-000270,Village Administration,Stakeholder Group 3 (Mandya),High,Positive,41,34,7,17
STK-0001527,LG-000271,Local Authority,Stakeholder Group 1 (Mysuru),Low,Negative,26,10,16,73
STK-0001528,LG-000271,Local Authority,Stakeholder Group 2 (Mysuru),Low,Negative,38,15,23,71
STK-0001529,LG-000271,District Administration,Stakeholder Group 3 (Mysuru),Low,Negative,23,9,14,47
STK-0001530,LG-000271,Village Administration,Stakeholder Group 4 (Mysuru),Low,Negative,47,18,29,48
STK-0001531,LG-000271,Landowner,Stakeholder Group 5 (Mysuru),Low,Negative,26,10,16,87
STK-0001532,LG-000271,Local Authority,Stakeholder Group 6 (Mysuru),Low,Negative,22,8,14,77
STK-0001533,LG-000271,Local Authority,Stakeholder Group 7 (Mysuru),Low,Negative,37,14,23,55
STK-0001534,LG-000272,Village Administration,Stakeholder Group 1 (Raichur),High,Positive,28,23,5,8
STK-0001535,LG-000272,District Administration,Stakeholder Group 2 (Raichur),High,Positive,29,24,5,10
STK-0001536,LG-000272,Landowner,Stakeholder Group 3 (Raichur),High,Positive,46,39,7,7
STK-0001537,LG-000272,Local Authority,Stakeholder Group 4 (Raichur),High,Positive,12,10,2,6
STK-0001538,LG-000272,Village Administration,Stakeholder Group 5 (Raichur),High,Positive,38,32,6,25
STK-0001539,LG-000273,Local Authority,Stakeholder Group 1 (Ramanagara),High,Positive,12,10,2,16
STK-0001540,LG-000273,Contractor,Stakeholder Group 2 (Ramanagara),High,Positive,38,32,6,12
STK-0001541,LG-000273,Landowner,Stakeholder Group 3 (Ramanagara),High,Positive,31,26,5,18
STK-0001542,LG-000274,District Administration,Stakeholder Group 1 (Shivamogga),High,Positive,24,20,4,17
STK-0001543,LG-000274,Village Administration,Stakeholder Group 2 (Shivamogga),High,Positive,32,27,5,5
STK-0001544,LG-000274,Landowner,Stakeholder Group 3 (Shivamogga),High,Positive,42,35,7,17
STK-0001545,LG-000274,Local Authority,Stakeholder Group 4 (Shivamogga),High,Positive,32,27,5,15
STK-0001546,LG-000274,Landowner,Stakeholder Group 5 (Shivamogga),High,Positive,40,34,6,14
STK-0001547,LG-000275,Village Administration,Stakeholder Group 1 (Tumakuru),High,Positive,33,28,5,5
STK-0001548,LG-000275,District Administration,Stakeholder Group 2 (Tumakuru),High,Positive,50,42,8,18
STK-0001549,LG-000275,Landowner,Stakeholder Group 3 (Tumakuru),High,Positive,6,5,1,25
STK-0001550,LG-000275,District Administration,Stakeholder Group 4 (Tumakuru),High,Positive,31,26,5,9
STK-0001551,LG-000275,Local Authority,Stakeholder Group 5 (Tumakuru),High,Positive,5,4,1,10
STK-0001552,LG-000275,District Administration,Stakeholder Group 6 (Tumakuru),High,Positive,14,11,3,23
STK-0001553,LG-000275,Village Administration,Stakeholder Group 7 (Tumakuru),High,Positive,36,30,6,24
STK-0001554,LG-000276,District Administration,Stakeholder Group 1 (Udupi),High,Positive,46,39,7,6
STK-0001555,LG-000276,Local Authority,Stakeholder Group 2 (Udupi),High,Positive,44,37,7,10
STK-0001556,LG-000276,Landowner,Stakeholder Group 3 (Udupi),High,Positive,14,11,3,18
STK-0001557,LG-000277,Contractor,Stakeholder Group 1 (Uttara Kannada),High,Positive,10,8,2,10
STK-0001558,LG-000277,Village Administration,Stakeholder Group 2 (Uttara Kannada),High,Positive,27,22,5,15
STK-0001559,LG-000277,Village Administration,Stakeholder Group 3 (Uttara Kannada),High,Positive,16,13,3,24
STK-0001560,LG-000278,Contractor,Stakeholder Group 1 (Vijayanagara),Low,Negative,10,4,6,40
STK-0001561,LG-000278,Village Administration,Stakeholder Group 2 (Vijayanagara),Low,Negative,48,19,29,53
STK-0001562,LG-000278,Landowner,Stakeholder Group 3 (Vijayanagara),Low,Negative,28,11,17,48
STK-0001563,LG-000278,Local Authority,Stakeholder Group 4 (Vijayanagara),Low,Negative,27,10,17,81
STK-0001564,LG-000278,District Administration,Stakeholder Group 5 (Vijayanagara),Low,Negative,37,14,23,31
STK-0001565,LG-000279,Local Authority,Stakeholder Group 1 (Vijayapura),High,Positive,35,29,6,7
STK-0001566,LG-000279,Contractor,Stakeholder Group 2 (Vijayapura),High,Positive,17,14,3,19
STK-0001567,LG-000279,Local Authority,Stakeholder Group 3 (Vijayapura),High,Positive,47,39,8,25
STK-0001568,LG-000279,District Administration,Stakeholder Group 4 (Vijayapura),High,Positive,43,36,7,12
STK-0001569,LG-000279,Local Authority,Stakeholder Group 5 (Vijayapura),High,Positive,33,28,5,9
STK-0001570,LG-000279,Landowner,Stakeholder Group 6 (Vijayapura),High,Positive,39,33,6,17
STK-0001571,LG-000279,Local Authority,Stakeholder Group 7 (Vijayapura),High,Positive,20,17,3,17
STK-0001572,LG-000279,Local Authority,Stakeholder Group 8 (Vijayapura),High,Positive,47,39,8,9
STK-0001573,LG-000280,Local Authority,Stakeholder Group 1 (Yadgir),High,Positive,15,12,3,19
STK-0001574,LG-000280,Contractor,Stakeholder Group 2 (Yadgir),High,Positive,45,38,7,7
STK-0001575,LG-000280,Local Authority,Stakeholder Group 3 (Yadgir),High,Positive,49,41,8,19
STK-0001576,LG-000281,Contractor,Stakeholder Group 1 (Alappuzha),High,Positive,5,4,1,10
STK-0001577,LG-000281,Landowner,Stakeholder Group 2 (Alappuzha),High,Positive,8,6,2,8
STK-0001578,LG-000281,Local Authority,Stakeholder Group 3 (Alappuzha),High,Positive,44,37,7,5
STK-0001579,LG-000281,Local Authority,Stakeholder Group 4 (Alappuzha),High,Positive,29,24,5,22
STK-0001580,LG-000281,Landowner,Stakeholder Group 5 (Alappuzha),High,Positive,35,29,6,24
STK-0001581,LG-000281,Local Authority,Stakeholder Group 6 (Alappuzha),High,Positive,7,5,2,6
STK-0001582,LG-000282,Contractor,Stakeholder Group 1 (Ernakulam),Low,Negative,11,4,7,85
STK-0001583,LG-000282,Contractor,Stakeholder Group 2 (Ernakulam),Low,Negative,15,6,9,31
STK-0001584,LG-000282,Local Authority,Stakeholder Group 3 (Ernakulam),Low,Negative,10,4,6,66
STK-0001585,LG-000282,Village Administration,Stakeholder Group 4 (Ernakulam),Low,Negative,12,4,8,62
STK-0001586,LG-000282,Contractor,Stakeholder Group 5 (Ernakulam),Low,Negative,40,16,24,79
STK-0001587,LG-000282,Landowner,Stakeholder Group 6 (Ernakulam),Low,Negative,13,5,8,61
STK-0001588,LG-000282,Village Administration,Stakeholder Group 7 (Ernakulam),Low,Negative,48,19,29,73
STK-0001589,LG-000282,Village Administration,Stakeholder Group 8 (Ernakulam),Low,Negative,39,15,24,55
STK-0001590,LG-000283,Landowner,Stakeholder Group 1 (Idukki),High,Positive,7,5,2,21
STK-0001591,LG-000283,Local Authority,Stakeholder Group 2 (Idukki),High,Positive,40,34,6,19
STK-0001592,LG-000283,Landowner,Stakeholder Group 3 (Idukki),High,Positive,30,25,5,7
STK-0001593,LG-000283,Local Authority,Stakeholder Group 4 (Idukki),High,Positive,8,6,2,19
STK-0001594,LG-000284,Village Administration,Stakeholder Group 1 (Kannur),High,Positive,22,18,4,24
STK-0001595,LG-000284,Local Authority,Stakeholder Group 2 (Kannur),High,Positive,31,26,5,10
STK-0001596,LG-000284,Local Authority,Stakeholder Group 3 (Kannur),High,Positive,15,12,3,21
STK-0001597,LG-000284,Village Administration,Stakeholder Group 4 (Kannur),High,Positive,46,39,7,11
STK-0001598,LG-000284,Local Authority,Stakeholder Group 5 (Kannur),High,Positive,31,26,5,7
STK-0001599,LG-000284,District Administration,Stakeholder Group 6 (Kannur),High,Positive,42,35,7,19
STK-0001600,LG-000284,Contractor,Stakeholder Group 7 (Kannur),High,Positive,11,9,2,22
STK-0001601,LG-000285,Local Authority,Stakeholder Group 1 (Kasaragod),High,Positive,16,13,3,24
STK-0001602,LG-000285,Local Authority,Stakeholder Group 2 (Kasaragod),High,Positive,12,10,2,13
STK-0001603,LG-000285,District Administration,Stakeholder Group 3 (Kasaragod),High,Positive,45,38,7,20
STK-0001604,LG-000285,Village Administration,Stakeholder Group 4 (Kasaragod),High,Positive,29,24,5,25
STK-0001605,LG-000286,Local Authority,Stakeholder Group 1 (Kollam),Low,Negative,17,6,11,83
STK-0001606,LG-000286,Contractor,Stakeholder Group 2 (Kollam),Low,Negative,38,15,23,62
STK-0001607,LG-000286,District Administration,Stakeholder Group 3 (Kollam),Low,Negative,11,4,7,37
STK-0001608,LG-000287,Contractor,Stakeholder Group 1 (Kottayam),High,Positive,5,4,1,11
STK-0001609,LG-000287,Local Authority,Stakeholder Group 2 (Kottayam),High,Positive,14,11,3,20
STK-0001610,LG-000287,Local Authority,Stakeholder Group 3 (Kottayam),High,Positive,44,37,7,22
STK-0001611,LG-000287,District Administration,Stakeholder Group 4 (Kottayam),High,Positive,9,7,2,23
STK-0001612,LG-000287,District Administration,Stakeholder Group 5 (Kottayam),High,Positive,22,18,4,18
STK-0001613,LG-000287,Contractor,Stakeholder Group 6 (Kottayam),High,Positive,8,6,2,23
STK-0001614,LG-000288,Contractor,Stakeholder Group 1 (Kozhikode),Low,Negative,8,3,5,40
STK-0001615,LG-000288,District Administration,Stakeholder Group 2 (Kozhikode),Low,Negative,43,17,26,49
STK-0001616,LG-000288,Landowner,Stakeholder Group 3 (Kozhikode),Low,Negative,14,5,9,53
STK-0001617,LG-000288,Landowner,Stakeholder Group 4 (Kozhikode),Low,Negative,16,6,10,82
STK-0001618,LG-000288,Landowner,Stakeholder Group 5 (Kozhikode),Low,Negative,17,6,11,57
STK-0001619,LG-000288,Contractor,Stakeholder Group 6 (Kozhikode),Low,Negative,26,10,16,86
STK-0001620,LG-000288,Village Administration,Stakeholder Group 7 (Kozhikode),Low,Negative,11,4,7,65
STK-0001621,LG-000289,Contractor,Stakeholder Group 1 (Malappuram),Low,Negative,26,10,16,64
STK-0001622,LG-000289,Village Administration,Stakeholder Group 2 (Malappuram),Low,Negative,48,19,29,84
STK-0001623,LG-000289,Landowner,Stakeholder Group 3 (Malappuram),Low,Negative,46,18,28,81
STK-0001624,LG-000290,Local Authority,Stakeholder Group 1 (Palakkad),High,Positive,8,6,2,13
STK-0001625,LG-000290,Village Administration,Stakeholder Group 2 (Palakkad),High,Positive,44,37,7,20
STK-0001626,LG-000290,District Administration,Stakeholder Group 3 (Palakkad),High,Positive,48,40,8,16
STK-0001627,LG-000290,Contractor,Stakeholder Group 4 (Palakkad),High,Positive,20,17,3,24
STK-0001628,LG-000290,Contractor,Stakeholder Group 5 (Palakkad),High,Positive,28,23,5,24
STK-0001629,LG-000290,Local Authority,Stakeholder Group 6 (Palakkad),High,Positive,31,26,5,10
STK-0001630,LG-000291,Landowner,Stakeholder Group 1 (Pathanamthitta),Low,Negative,19,7,12,36
STK-0001631,LG-000291,Village Administration,Stakeholder Group 2 (Pathanamthitta),Low,Negative,47,18,29,33
STK-0001632,LG-000291,Landowner,Stakeholder Group 3 (Pathanamthitta),Low,Negative,12,4,8,45
STK-0001633,LG-000291,Contractor,Stakeholder Group 4 (Pathanamthitta),Low,Negative,13,5,8,90
STK-0001634,LG-000292,Contractor,Stakeholder Group 1 (Thiruvananthapuram),High,Positive,32,27,5,24
STK-0001635,LG-000292,Landowner,Stakeholder Group 2 (Thiruvananthapuram),High,Positive,10,8,2,16
STK-0001636,LG-000292,District Administration,Stakeholder Group 3 (Thiruvananthapuram),High,Positive,18,15,3,5
STK-0001637,LG-000293,Local Authority,Stakeholder Group 1 (Thrissur),Low,Negative,45,18,27,46
STK-0001638,LG-000293,Contractor,Stakeholder Group 2 (Thrissur),Low,Negative,16,6,10,86
STK-0001639,LG-000293,Village Administration,Stakeholder Group 3 (Thrissur),Low,Negative,34,13,21,55
STK-0001640,LG-000294,Village Administration,Stakeholder Group 1 (Wayanad),High,Positive,33,28,5,5
STK-0001641,LG-000294,Local Authority,Stakeholder Group 2 (Wayanad),High,Positive,21,17,4,13
STK-0001642,LG-000294,Village Administration,Stakeholder Group 3 (Wayanad),High,Positive,23,19,4,20
STK-0001643,LG-000294,Village Administration,Stakeholder Group 4 (Wayanad),High,Positive,29,24,5,25
STK-0001644,LG-000294,Village Administration,Stakeholder Group 5 (Wayanad),High,Positive,40,34,6,15
STK-0001645,LG-000294,District Administration,Stakeholder Group 6 (Wayanad),High,Positive,48,40,8,23
STK-0001646,LG-000295,Landowner,Stakeholder Group 1 (Agar Malwa),Low,Negative,6,2,4,36
STK-0001647,LG-000295,Local Authority,Stakeholder Group 2 (Agar Malwa),Low,Negative,44,17,27,62
STK-0001648,LG-000295,District Administration,Stakeholder Group 3 (Agar Malwa),Low,Negative,25,10,15,40
STK-0001649,LG-000295,Landowner,Stakeholder Group 4 (Agar Malwa),Low,Negative,30,12,18,61
STK-0001650,LG-000295,Local Authority,Stakeholder Group 5 (Agar Malwa),Low,Negative,13,5,8,79
STK-0001651,LG-000295,Village Administration,Stakeholder Group 6 (Agar Malwa),Low,Negative,49,19,30,61
STK-0001652,LG-000295,Village Administration,Stakeholder Group 7 (Agar Malwa),Low,Negative,7,2,5,75
STK-0001653,LG-000295,Landowner,Stakeholder Group 8 (Agar Malwa),Low,Negative,29,11,18,38
STK-0001654,LG-000296,Landowner,Stakeholder Group 1 (Alirajpur),High,Positive,35,29,6,9
STK-0001655,LG-000296,Contractor,Stakeholder Group 2 (Alirajpur),High,Positive,36,30,6,20
STK-0001656,LG-000296,Landowner,Stakeholder Group 3 (Alirajpur),High,Positive,16,13,3,25
STK-0001657,LG-000297,Local Authority,Stakeholder Group 1 (Anuppur),Low,Negative,34,13,21,74
STK-0001658,LG-000297,Contractor,Stakeholder Group 2 (Anuppur),Low,Negative,31,12,19,55
STK-0001659,LG-000297,Village Administration,Stakeholder Group 3 (Anuppur),Low,Negative,23,9,14,56
STK-0001660,LG-000297,Village Administration,Stakeholder Group 4 (Anuppur),Low,Negative,20,8,12,75
STK-0001661,LG-000297,Landowner,Stakeholder Group 5 (Anuppur),Low,Negative,18,7,11,42
STK-0001662,LG-000297,District Administration,Stakeholder Group 6 (Anuppur),Low,Negative,15,6,9,56
STK-0001663,LG-000297,Landowner,Stakeholder Group 7 (Anuppur),Low,Negative,16,6,10,86
STK-0001664,LG-000298,Landowner,Stakeholder Group 1 (Ashoknagar),High,Positive,43,36,7,25
STK-0001665,LG-000298,Village Administration,Stakeholder Group 2 (Ashoknagar),High,Positive,6,5,1,7
STK-0001666,LG-000298,District Administration,Stakeholder Group 3 (Ashoknagar),High,Positive,12,10,2,5
STK-0001667,LG-000298,Landowner,Stakeholder Group 4 (Ashoknagar),High,Positive,42,35,7,15
STK-0001668,LG-000298,Local Authority,Stakeholder Group 5 (Ashoknagar),High,Positive,25,21,4,8
STK-0001669,LG-000298,Contractor,Stakeholder Group 6 (Ashoknagar),High,Positive,30,25,5,11
STK-0001670,LG-000298,Village Administration,Stakeholder Group 7 (Ashoknagar),High,Positive,38,32,6,12
STK-0001671,LG-000299,Landowner,Stakeholder Group 1 (Balaghat),Low,Negative,12,4,8,65
STK-0001672,LG-000299,Village Administration,Stakeholder Group 2 (Balaghat),Low,Negative,37,14,23,39
STK-0001673,LG-000299,Village Administration,Stakeholder Group 3 (Balaghat),Low,Negative,9,3,6,37
STK-0001674,LG-000299,Village Administration,Stakeholder Group 4 (Balaghat),Low,Negative,33,13,20,44
STK-0001675,LG-000299,Landowner,Stakeholder Group 5 (Balaghat),Low,Negative,29,11,18,43
STK-0001676,LG-000299,Local Authority,Stakeholder Group 6 (Balaghat),Low,Negative,13,5,8,83
STK-0001677,LG-000300,Village Administration,Stakeholder Group 1 (Barwani),High,Positive,33,28,5,9
STK-0001678,LG-000300,Contractor,Stakeholder Group 2 (Barwani),High,Positive,18,15,3,5
STK-0001679,LG-000300,Landowner,Stakeholder Group 3 (Barwani),High,Positive,42,35,7,13
STK-0001680,LG-000300,Village Administration,Stakeholder Group 4 (Barwani),High,Positive,24,20,4,25
STK-0001681,LG-000300,Local Authority,Stakeholder Group 5 (Barwani),High,Positive,39,33,6,13
STK-0001682,LG-000300,Local Authority,Stakeholder Group 6 (Barwani),High,Positive,26,22,4,11
STK-0001683,LG-000300,Contractor,Stakeholder Group 7 (Barwani),High,Positive,10,8,2,5
STK-0001684,LG-000301,Landowner,Stakeholder Group 1 (Betul),High,Positive,42,35,7,8
STK-0001685,LG-000301,Landowner,Stakeholder Group 2 (Betul),High,Positive,12,10,2,22
STK-0001686,LG-000301,Village Administration,Stakeholder Group 3 (Betul),High,Positive,49,41,8,25
STK-0001687,LG-000301,Local Authority,Stakeholder Group 4 (Betul),High,Positive,34,28,6,22
STK-0001688,LG-000301,District Administration,Stakeholder Group 5 (Betul),High,Positive,50,42,8,6
STK-0001689,LG-000301,Local Authority,Stakeholder Group 6 (Betul),High,Positive,28,23,5,9
STK-0001690,LG-000301,Village Administration,Stakeholder Group 7 (Betul),High,Positive,36,30,6,13
STK-0001691,LG-000302,Landowner,Stakeholder Group 1 (Bhind),High,Positive,22,18,4,15
STK-0001692,LG-000302,Village Administration,Stakeholder Group 2 (Bhind),High,Positive,11,9,2,19
STK-0001693,LG-000302,Local Authority,Stakeholder Group 3 (Bhind),High,Positive,23,19,4,22
STK-0001694,LG-000302,Landowner,Stakeholder Group 4 (Bhind),High,Positive,33,28,5,16
STK-0001695,LG-000302,District Administration,Stakeholder Group 5 (Bhind),High,Positive,26,22,4,21
STK-0001696,LG-000303,District Administration,Stakeholder Group 1 (Bhopal),High,Positive,38,32,6,21
STK-0001697,LG-000303,Local Authority,Stakeholder Group 2 (Bhopal),High,Positive,30,25,5,15
STK-0001698,LG-000303,Contractor,Stakeholder Group 3 (Bhopal),High,Positive,39,33,6,12
STK-0001699,LG-000303,Village Administration,Stakeholder Group 4 (Bhopal),High,Positive,46,39,7,16
STK-0001700,LG-000303,District Administration,Stakeholder Group 5 (Bhopal),High,Positive,35,29,6,14
STK-0001701,LG-000303,Village Administration,Stakeholder Group 6 (Bhopal),High,Positive,19,16,3,22
STK-0001702,LG-000303,Village Administration,Stakeholder Group 7 (Bhopal),High,Positive,34,28,6,11
STK-0001703,LG-000303,Landowner,Stakeholder Group 8 (Bhopal),High,Positive,21,17,4,13
STK-0001704,LG-000304,Contractor,Stakeholder Group 1 (Burhanpur),Low,Negative,32,12,20,84
STK-0001705,LG-000304,Local Authority,Stakeholder Group 2 (Burhanpur),Low,Negative,41,16,25,68
STK-0001706,LG-000304,District Administration,Stakeholder Group 3 (Burhanpur),Low,Negative,28,11,17,35
STK-0001707,LG-000305,Contractor,Stakeholder Group 1 (Chhatarpur),Low,Negative,27,10,17,44
STK-0001708,LG-000305,Landowner,Stakeholder Group 2 (Chhatarpur),Low,Negative,7,2,5,69
STK-0001709,LG-000305,District Administration,Stakeholder Group 3 (Chhatarpur),Low,Negative,35,14,21,56
STK-0001710,LG-000305,Village Administration,Stakeholder Group 4 (Chhatarpur),Low,Negative,28,11,17,47
STK-0001711,LG-000305,Village Administration,Stakeholder Group 5 (Chhatarpur),Low,Negative,38,15,23,49
STK-0001712,LG-000305,Village Administration,Stakeholder Group 6 (Chhatarpur),Low,Negative,39,15,24,87
STK-0001713,LG-000305,Landowner,Stakeholder Group 7 (Chhatarpur),Low,Negative,47,18,29,35
STK-0001714,LG-000305,District Administration,Stakeholder Group 8 (Chhatarpur),Low,Negative,24,9,15,31
STK-0001715,LG-000306,District Administration,Stakeholder Group 1 (Chhindwara),High,Positive,30,25,5,6
STK-0001716,LG-000306,Village Administration,Stakeholder Group 2 (Chhindwara),High,Positive,5,4,1,25
STK-0001717,LG-000306,Landowner,Stakeholder Group 3 (Chhindwara),High,Positive,40,34,6,17
STK-0001718,LG-000306,Contractor,Stakeholder Group 4 (Chhindwara),High,Positive,8,6,2,5
STK-0001719,LG-000306,Village Administration,Stakeholder Group 5 (Chhindwara),High,Positive,17,14,3,18
STK-0001720,LG-000306,Village Administration,Stakeholder Group 6 (Chhindwara),High,Positive,10,8,2,13
STK-0001721,LG-000307,Landowner,Stakeholder Group 1 (Damoh),High,Positive,42,35,7,13
STK-0001722,LG-000307,Landowner,Stakeholder Group 2 (Damoh),High,Positive,41,34,7,22
STK-0001723,LG-000307,Local Authority,Stakeholder Group 3 (Damoh),High,Positive,40,34,6,24
STK-0001724,LG-000307,Landowner,Stakeholder Group 4 (Damoh),High,Positive,13,11,2,10
STK-0001725,LG-000307,Village Administration,Stakeholder Group 5 (Damoh),High,Positive,6,5,1,25
STK-0001726,LG-000307,Local Authority,Stakeholder Group 6 (Damoh),High,Positive,5,4,1,10
STK-0001727,LG-000307,Contractor,Stakeholder Group 7 (Damoh),High,Positive,48,40,8,11
STK-0001728,LG-000307,Village Administration,Stakeholder Group 8 (Damoh),High,Positive,32,27,5,25
STK-0001729,LG-000308,Contractor,Stakeholder Group 1 (Datia),High,Positive,6,5,1,16
STK-0001730,LG-000308,Village Administration,Stakeholder Group 2 (Datia),High,Positive,41,34,7,15
STK-0001731,LG-000308,Local Authority,Stakeholder Group 3 (Datia),High,Positive,33,28,5,19
STK-0001732,LG-000308,Contractor,Stakeholder Group 4 (Datia),High,Positive,34,28,6,17
STK-0001733,LG-000309,Landowner,Stakeholder Group 1 (Dewas),Low,Negative,17,6,11,64
STK-0001734,LG-000309,Village Administration,Stakeholder Group 2 (Dewas),Low,Negative,26,10,16,48
STK-0001735,LG-000309,Landowner,Stakeholder Group 3 (Dewas),Low,Negative,36,14,22,66
STK-0001736,LG-000310,Local Authority,Stakeholder Group 1 (Dhar),Low,Negative,20,8,12,63
STK-0001737,LG-000310,Local Authority,Stakeholder Group 2 (Dhar),Low,Negative,13,5,8,77
STK-0001738,LG-000310,District Administration,Stakeholder Group 3 (Dhar),Low,Negative,26,10,16,73
STK-0001739,LG-000310,Contractor,Stakeholder Group 4 (Dhar),Low,Negative,50,20,30,65
STK-0001740,LG-000311,Local Authority,Stakeholder Group 1 (Dindori),High,Positive,48,40,8,5
STK-0001741,LG-000311,District Administration,Stakeholder Group 2 (Dindori),High,Positive,14,11,3,15
STK-0001742,LG-000311,Contractor,Stakeholder Group 3 (Dindori),High,Positive,28,23,5,22
STK-0001743,LG-000311,Contractor,Stakeholder Group 4 (Dindori),High,Positive,10,8,2,23
STK-0001744,LG-000312,District Administration,Stakeholder Group 1 (Guna),Low,Negative,44,17,27,43
STK-0001745,LG-000312,Contractor,Stakeholder Group 2 (Guna),Low,Negative,35,14,21,62
STK-0001746,LG-000312,Village Administration,Stakeholder Group 3 (Guna),Low,Negative,39,15,24,48
STK-0001747,LG-000312,Local Authority,Stakeholder Group 4 (Guna),Low,Negative,8,3,5,77
STK-0001748,LG-000312,Landowner,Stakeholder Group 5 (Guna),Low,Negative,48,19,29,68
STK-0001749,LG-000312,Landowner,Stakeholder Group 6 (Guna),Low,Negative,22,8,14,40
STK-0001750,LG-000312,Local Authority,Stakeholder Group 7 (Guna),Low,Negative,15,6,9,50
STK-0001751,LG-000312,Contractor,Stakeholder Group 8 (Guna),Low,Negative,23,9,14,31
STK-0001752,LG-000313,Village Administration,Stakeholder Group 1 (Gwalior),High,Positive,5,4,1,9
STK-0001753,LG-000313,Contractor,Stakeholder Group 2 (Gwalior),High,Positive,18,15,3,20
STK-0001754,LG-000313,Local Authority,Stakeholder Group 3 (Gwalior),High,Positive,42,35,7,13
STK-0001755,LG-000313,Landowner,Stakeholder Group 4 (Gwalior),High,Positive,27,22,5,16
STK-0001756,LG-000313,Local Authority,Stakeholder Group 5 (Gwalior),High,Positive,21,17,4,16
STK-0001757,LG-000313,Village Administration,Stakeholder Group 6 (Gwalior),High,Positive,15,12,3,9
STK-0001758,LG-000314,Local Authority,Stakeholder Group 1 (Harda),Low,Negative,47,18,29,56
STK-0001759,LG-000314,Contractor,Stakeholder Group 2 (Harda),Low,Negative,28,11,17,59
STK-0001760,LG-000314,Local Authority,Stakeholder Group 3 (Harda),Low,Negative,17,6,11,53
STK-0001761,LG-000315,District Administration,Stakeholder Group 1 (Narmadapuram),High,Positive,13,11,2,19
STK-0001762,LG-000315,Village Administration,Stakeholder Group 2 (Narmadapuram),High,Positive,33,28,5,5
STK-0001763,LG-000315,Village Administration,Stakeholder Group 3 (Narmadapuram),High,Positive,32,27,5,22
STK-0001764,LG-000315,District Administration,Stakeholder Group 4 (Narmadapuram),High,Positive,28,23,5,25
STK-0001765,LG-000315,Contractor,Stakeholder Group 5 (Narmadapuram),High,Positive,50,42,8,7
STK-0001766,LG-000315,Local Authority,Stakeholder Group 6 (Narmadapuram),High,Positive,47,39,8,6
STK-0001767,LG-000316,Contractor,Stakeholder Group 1 (Indore),High,Positive,48,40,8,23
STK-0001768,LG-000316,Contractor,Stakeholder Group 2 (Indore),High,Positive,36,30,6,23
STK-0001769,LG-000316,Landowner,Stakeholder Group 3 (Indore),High,Positive,11,9,2,24
STK-0001770,LG-000316,Village Administration,Stakeholder Group 4 (Indore),High,Positive,43,36,7,9
STK-0001771,LG-000317,Local Authority,Stakeholder Group 1 (Jabalpur),High,Positive,22,18,4,8
STK-0001772,LG-000317,District Administration,Stakeholder Group 2 (Jabalpur),High,Positive,13,11,2,18
STK-0001773,LG-000317,Landowner,Stakeholder Group 3 (Jabalpur),High,Positive,41,34,7,10
STK-0001774,LG-000317,Local Authority,Stakeholder Group 4 (Jabalpur),High,Positive,28,23,5,17
STK-0001775,LG-000318,Local Authority,Stakeholder Group 1 (Jhabua),High,Positive,8,6,2,7
STK-0001776,LG-000318,Local Authority,Stakeholder Group 2 (Jhabua),High,Positive,46,39,7,7
STK-0001777,LG-000318,Contractor,Stakeholder Group 3 (Jhabua),High,Positive,19,16,3,23
STK-0001778,LG-000318,Village Administration,Stakeholder Group 4 (Jhabua),High,Positive,34,28,6,13
STK-0001779,LG-000318,Landowner,Stakeholder Group 5 (Jhabua),High,Positive,45,38,7,19
STK-0001780,LG-000318,Village Administration,Stakeholder Group 6 (Jhabua),High,Positive,21,17,4,9
STK-0001781,LG-000318,Contractor,Stakeholder Group 7 (Jhabua),High,Positive,47,39,8,15
STK-0001782,LG-000319,Village Administration,Stakeholder Group 1 (Katni),High,Positive,44,37,7,19
STK-0001783,LG-000319,District Administration,Stakeholder Group 2 (Katni),High,Positive,18,15,3,6
STK-0001784,LG-000319,Landowner,Stakeholder Group 3 (Katni),High,Positive,10,8,2,11
STK-0001785,LG-000319,Landowner,Stakeholder Group 4 (Katni),High,Positive,38,32,6,5
STK-0001786,LG-000319,Landowner,Stakeholder Group 5 (Katni),High,Positive,30,25,5,24
STK-0001787,LG-000320,Local Authority,Stakeholder Group 1 (Khandwa),High,Positive,38,32,6,25
STK-0001788,LG-000320,Contractor,Stakeholder Group 2 (Khandwa),High,Positive,17,14,3,21
STK-0001789,LG-000320,Contractor,Stakeholder Group 3 (Khandwa),High,Positive,28,23,5,22
STK-0001790,LG-000320,Landowner,Stakeholder Group 4 (Khandwa),High,Positive,31,26,5,7
STK-0001791,LG-000321,Contractor,Stakeholder Group 1 (Khargone),High,Positive,21,17,4,22
STK-0001792,LG-000321,Local Authority,Stakeholder Group 2 (Khargone),High,Positive,25,21,4,23
STK-0001793,LG-000321,District Administration,Stakeholder Group 3 (Khargone),High,Positive,24,20,4,11
STK-0001794,LG-000321,Contractor,Stakeholder Group 4 (Khargone),High,Positive,44,37,7,17
STK-0001795,LG-000321,Landowner,Stakeholder Group 5 (Khargone),High,Positive,15,12,3,5
STK-0001796,LG-000322,Village Administration,Stakeholder Group 1 (Mandla),Low,Negative,31,12,19,53
STK-0001797,LG-000322,Local Authority,Stakeholder Group 2 (Mandla),Low,Negative,33,13,20,90
STK-0001798,LG-000322,Contractor,Stakeholder Group 3 (Mandla),Low,Negative,44,17,27,56
STK-0001799,LG-000322,Contractor,Stakeholder Group 4 (Mandla),Low,Negative,12,4,8,71
STK-0001800,LG-000323,Village Administration,Stakeholder Group 1 (Mandsaur),Low,Negative,48,19,29,42
STK-0001801,LG-000323,District Administration,Stakeholder Group 2 (Mandsaur),Low,Negative,41,16,25,49
STK-0001802,LG-000323,Local Authority,Stakeholder Group 3 (Mandsaur),Low,Negative,50,20,30,73
STK-0001803,LG-000323,District Administration,Stakeholder Group 4 (Mandsaur),Low,Negative,8,3,5,63
STK-0001804,LG-000323,Village Administration,Stakeholder Group 5 (Mandsaur),Low,Negative,35,14,21,47
STK-0001805,LG-000323,District Administration,Stakeholder Group 6 (Mandsaur),Low,Negative,5,2,3,83
STK-0001806,LG-000323,Landowner,Stakeholder Group 7 (Mandsaur),Low,Negative,34,13,21,59
STK-0001807,LG-000324,District Administration,Stakeholder Group 1 (Morena),Low,Negative,28,11,17,78
STK-0001808,LG-000324,District Administration,Stakeholder Group 2 (Morena),Low,Negative,13,5,8,62
STK-0001809,LG-000324,Village Administration,Stakeholder Group 3 (Morena),Low,Negative,41,16,25,67
STK-0001810,LG-000324,Village Administration,Stakeholder Group 4 (Morena),Low,Negative,24,9,15,51
STK-0001811,LG-000324,Contractor,Stakeholder Group 5 (Morena),Low,Negative,41,16,25,41
STK-0001812,LG-000324,Contractor,Stakeholder Group 6 (Morena),Low,Negative,19,7,12,48
STK-0001813,LG-000325,District Administration,Stakeholder Group 1 (Narsinghpur),High,Positive,23,19,4,24
STK-0001814,LG-000325,Local Authority,Stakeholder Group 2 (Narsinghpur),High,Positive,42,35,7,9
STK-0001815,LG-000325,District Administration,Stakeholder Group 3 (Narsinghpur),High,Positive,36,30,6,17
STK-0001816,LG-000325,Contractor,Stakeholder Group 4 (Narsinghpur),High,Positive,47,39,8,10
STK-0001817,LG-000326,Local Authority,Stakeholder Group 1 (Neemuch),Low,Negative,29,11,18,62
STK-0001818,LG-000326,Village Administration,Stakeholder Group 2 (Neemuch),Low,Negative,49,19,30,32
STK-0001819,LG-000326,Landowner,Stakeholder Group 3 (Neemuch),Low,Negative,12,4,8,76
STK-0001820,LG-000326,Landowner,Stakeholder Group 4 (Neemuch),Low,Negative,31,12,19,90
STK-0001821,LG-000327,Landowner,Stakeholder Group 1 (Niwari),Low,Negative,7,2,5,44
STK-0001822,LG-000327,Village Administration,Stakeholder Group 2 (Niwari),Low,Negative,9,3,6,47
STK-0001823,LG-000327,Contractor,Stakeholder Group 3 (Niwari),Low,Negative,40,16,24,86
STK-0001824,LG-000327,Village Administration,Stakeholder Group 4 (Niwari),Low,Negative,23,9,14,38
STK-0001825,LG-000327,District Administration,Stakeholder Group 5 (Niwari),Low,Negative,36,14,22,79
STK-0001826,LG-000327,Local Authority,Stakeholder Group 6 (Niwari),Low,Negative,42,16,26,82
STK-0001827,LG-000327,District Administration,Stakeholder Group 7 (Niwari),Low,Negative,18,7,11,39
STK-0001828,LG-000327,Landowner,Stakeholder Group 8 (Niwari),Low,Negative,24,9,15,48
STK-0001829,LG-000328,Village Administration,Stakeholder Group 1 (Panna),Low,Negative,41,16,25,78
STK-0001830,LG-000328,Contractor,Stakeholder Group 2 (Panna),Low,Negative,7,2,5,43
STK-0001831,LG-000328,Local Authority,Stakeholder Group 3 (Panna),Low,Negative,19,7,12,54
STK-0001832,LG-000329,Landowner,Stakeholder Group 1 (Raisen),Low,Negative,28,11,17,60
STK-0001833,LG-000329,Landowner,Stakeholder Group 2 (Raisen),Low,Negative,46,18,28,41
STK-0001834,LG-000329,Contractor,Stakeholder Group 3 (Raisen),Low,Negative,44,17,27,72
STK-0001835,LG-000329,District Administration,Stakeholder Group 4 (Raisen),Low,Negative,15,6,9,64
STK-0001836,LG-000329,Contractor,Stakeholder Group 5 (Raisen),Low,Negative,39,15,24,36
STK-0001837,LG-000329,Village Administration,Stakeholder Group 6 (Raisen),Low,Negative,20,8,12,71
STK-0001838,LG-000329,Local Authority,Stakeholder Group 7 (Raisen),Low,Negative,16,6,10,60
STK-0001839,LG-000329,District Administration,Stakeholder Group 8 (Raisen),Low,Negative,27,10,17,39
STK-0001840,LG-000330,District Administration,Stakeholder Group 1 (Rajgarh),High,Positive,23,19,4,13
STK-0001841,LG-000330,Local Authority,Stakeholder Group 2 (Rajgarh),High,Positive,35,29,6,9
STK-0001842,LG-000330,Local Authority,Stakeholder Group 3 (Rajgarh),High,Positive,39,33,6,20
STK-0001843,LG-000330,Local Authority,Stakeholder Group 4 (Rajgarh),High,Positive,5,4,1,10
STK-0001844,LG-000330,Local Authority,Stakeholder Group 5 (Rajgarh),High,Positive,30,25,5,23
STK-0001845,LG-000331,Landowner,Stakeholder Group 1 (Ratlam),Low,Negative,27,10,17,58
STK-0001846,LG-000331,District Administration,Stakeholder Group 2 (Ratlam),Low,Negative,36,14,22,60
STK-0001847,LG-000331,Contractor,Stakeholder Group 3 (Ratlam),Low,Negative,37,14,23,35
STK-0001848,LG-000332,Village Administration,Stakeholder Group 1 (Rewa),High,Positive,11,9,2,15
STK-0001849,LG-000332,District Administration,Stakeholder Group 2 (Rewa),High,Positive,20,17,3,5
STK-0001850,LG-000332,District Administration,Stakeholder Group 3 (Rewa),High,Positive,22,18,4,13
STK-0001851,LG-000333,Landowner,Stakeholder Group 1 (Sagar),Low,Negative,25,10,15,86
STK-0001852,LG-000333,District Administration,Stakeholder Group 2 (Sagar),Low,Negative,22,8,14,81
STK-0001853,LG-000333,Contractor,Stakeholder Group 3 (Sagar),Low,Negative,40,16,24,71
STK-0001854,LG-000333,Landowner,Stakeholder Group 4 (Sagar),Low,Negative,8,3,5,33
STK-0001855,LG-000333,Contractor,Stakeholder Group 5 (Sagar),Low,Negative,10,4,6,72
STK-0001856,LG-000333,Village Administration,Stakeholder Group 6 (Sagar),Low,Negative,18,7,11,69
STK-0001857,LG-000333,Landowner,Stakeholder Group 7 (Sagar),Low,Negative,8,3,5,33
STK-0001858,LG-000334,Contractor,Stakeholder Group 1 (Satna),Low,Negative,45,18,27,89
STK-0001859,LG-000334,Landowner,Stakeholder Group 2 (Satna),Low,Negative,39,15,24,55
STK-0001860,LG-000334,Contractor,Stakeholder Group 3 (Satna),Low,Negative,48,19,29,57
STK-0001861,LG-000334,Village Administration,Stakeholder Group 4 (Satna),Low,Negative,22,8,14,31
STK-0001862,LG-000334,Contractor,Stakeholder Group 5 (Satna),Low,Negative,32,12,20,42
STK-0001863,LG-000334,Contractor,Stakeholder Group 6 (Satna),Low,Negative,38,15,23,50
STK-0001864,LG-000334,Village Administration,Stakeholder Group 7 (Satna),Low,Negative,7,2,5,60
STK-0001865,LG-000335,District Administration,Stakeholder Group 1 (Sehore),Low,Negative,8,3,5,41
STK-0001866,LG-000335,Landowner,Stakeholder Group 2 (Sehore),Low,Negative,46,18,28,82
STK-0001867,LG-000335,Contractor,Stakeholder Group 3 (Sehore),Low,Negative,10,4,6,75
STK-0001868,LG-000335,Village Administration,Stakeholder Group 4 (Sehore),Low,Negative,18,7,11,47
STK-0001869,LG-000335,Landowner,Stakeholder Group 5 (Sehore),Low,Negative,47,18,29,37
STK-0001870,LG-000335,Contractor,Stakeholder Group 6 (Sehore),Low,Negative,32,12,20,45
STK-0001871,LG-000335,Landowner,Stakeholder Group 7 (Sehore),Low,Negative,18,7,11,44
STK-0001872,LG-000335,Village Administration,Stakeholder Group 8 (Sehore),Low,Negative,43,17,26,44
STK-0001873,LG-000336,Contractor,Stakeholder Group 1 (Seoni),Low,Negative,32,12,20,52
STK-0001874,LG-000336,Landowner,Stakeholder Group 2 (Seoni),Low,Negative,38,15,23,69
STK-0001875,LG-000336,Village Administration,Stakeholder Group 3 (Seoni),Low,Negative,50,20,30,40
STK-0001876,LG-000336,Local Authority,Stakeholder Group 4 (Seoni),Low,Negative,5,2,3,54
STK-0001877,LG-000337,Landowner,Stakeholder Group 1 (Shahdol),Low,Negative,35,14,21,31
STK-0001878,LG-000337,Contractor,Stakeholder Group 2 (Shahdol),Low,Negative,46,18,28,68
STK-0001879,LG-000337,Village Administration,Stakeholder Group 3 (Shahdol),Low,Negative,40,16,24,35
STK-0001880,LG-000337,Village Administration,Stakeholder Group 4 (Shahdol),Low,Negative,43,17,26,68
STK-0001881,LG-000337,Village Administration,Stakeholder Group 5 (Shahdol),Low,Negative,8,3,5,48
STK-0001882,LG-000337,Landowner,Stakeholder Group 6 (Shahdol),Low,Negative,25,10,15,58
STK-0001883,LG-000337,Village Administration,Stakeholder Group 7 (Shahdol),Low,Negative,29,11,18,48
STK-0001884,LG-000337,Contractor,Stakeholder Group 8 (Shahdol),Low,Negative,39,15,24,47
STK-0001885,LG-000338,Village Administration,Stakeholder Group 1 (Shajapur),High,Positive,20,17,3,20
STK-0001886,LG-000338,Landowner,Stakeholder Group 2 (Shajapur),High,Positive,38,32,6,24
STK-0001887,LG-000338,Landowner,Stakeholder Group 3 (Shajapur),High,Positive,12,10,2,23
STK-0001888,LG-000338,District Administration,Stakeholder Group 4 (Shajapur),High,Positive,11,9,2,21
STK-0001889,LG-000339,Local Authority,Stakeholder Group 1 (Sheopur),High,Positive,14,11,3,17
STK-0001890,LG-000339,Contractor,Stakeholder Group 2 (Sheopur),High,Positive,40,34,6,7
STK-0001891,LG-000339,Contractor,Stakeholder Group 3 (Sheopur),High,Positive,35,29,6,15
STK-0001892,LG-000339,Village Administration,Stakeholder Group 4 (Sheopur),High,Positive,8,6,2,13
STK-0001893,LG-000340,Local Authority,Stakeholder Group 1 (Shivpuri),High,Positive,28,23,5,20
STK-0001894,LG-000340,Contractor,Stakeholder Group 2 (Shivpuri),High,Positive,36,30,6,25
STK-0001895,LG-000340,Local Authority,Stakeholder Group 3 (Shivpuri),High,Positive,42,35,7,20
STK-0001896,LG-000340,Contractor,Stakeholder Group 4 (Shivpuri),High,Positive,41,34,7,5
STK-0001897,LG-000340,Contractor,Stakeholder Group 5 (Shivpuri),High,Positive,40,34,6,6
STK-0001898,LG-000340,Local Authority,Stakeholder Group 6 (Shivpuri),High,Positive,44,37,7,24
STK-0001899,LG-000341,Contractor,Stakeholder Group 1 (Sidhi),High,Positive,35,29,6,25
STK-0001900,LG-000341,Contractor,Stakeholder Group 2 (Sidhi),High,Positive,21,17,4,12
STK-0001901,LG-000341,Landowner,Stakeholder Group 3 (Sidhi),High,Positive,23,19,4,25
STK-0001902,LG-000342,Village Administration,Stakeholder Group 1 (Singrauli),Low,Negative,6,2,4,37
STK-0001903,LG-000342,Landowner,Stakeholder Group 2 (Singrauli),Low,Negative,48,19,29,53
STK-0001904,LG-000342,Local Authority,Stakeholder Group 3 (Singrauli),Low,Negative,50,20,30,73
STK-0001905,LG-000342,Village Administration,Stakeholder Group 4 (Singrauli),Low,Negative,26,10,16,41
STK-0001906,LG-000342,Landowner,Stakeholder Group 5 (Singrauli),Low,Negative,28,11,17,62
STK-0001907,LG-000343,Contractor,Stakeholder Group 1 (Tikamgarh),High,Positive,20,17,3,13
STK-0001908,LG-000343,Local Authority,Stakeholder Group 2 (Tikamgarh),High,Positive,41,34,7,20
STK-0001909,LG-000343,Local Authority,Stakeholder Group 3 (Tikamgarh),High,Positive,42,35,7,16
STK-0001910,LG-000343,Village Administration,Stakeholder Group 4 (Tikamgarh),High,Positive,10,8,2,14
STK-0001911,LG-000344,Village Administration,Stakeholder Group 1 (Ujjain),High,Positive,49,41,8,8
STK-0001912,LG-000344,Landowner,Stakeholder Group 2 (Ujjain),High,Positive,45,38,7,17
STK-0001913,LG-000344,District Administration,Stakeholder Group 3 (Ujjain),High,Positive,47,39,8,10
STK-0001914,LG-000344,Contractor,Stakeholder Group 4 (Ujjain),High,Positive,29,24,5,20
STK-0001915,LG-000344,Contractor,Stakeholder Group 5 (Ujjain),High,Positive,30,25,5,18
STK-0001916,LG-000344,Local Authority,Stakeholder Group 6 (Ujjain),High,Positive,20,17,3,8
STK-0001917,LG-000344,Landowner,Stakeholder Group 7 (Ujjain),High,Positive,34,28,6,5
STK-0001918,LG-000344,Village Administration,Stakeholder Group 8 (Ujjain),High,Positive,23,19,4,13
STK-0001919,LG-000345,Local Authority,Stakeholder Group 1 (Umaria),Low,Negative,46,18,28,77
STK-0001920,LG-000345,Landowner,Stakeholder Group 2 (Umaria),Low,Negative,9,3,6,64
STK-0001921,LG-000345,Landowner,Stakeholder Group 3 (Umaria),Low,Negative,20,8,12,33
STK-0001922,LG-000345,Contractor,Stakeholder Group 4 (Umaria),Low,Negative,6,2,4,83
STK-0001923,LG-000345,Village Administration,Stakeholder Group 5 (Umaria),Low,Negative,28,11,17,90
STK-0001924,LG-000345,Landowner,Stakeholder Group 6 (Umaria),Low,Negative,35,14,21,89
STK-0001925,LG-000346,Village Administration,Stakeholder Group 1 (Vidisha),High,Positive,13,11,2,25
STK-0001926,LG-000346,Contractor,Stakeholder Group 2 (Vidisha),High,Positive,47,39,8,18
STK-0001927,LG-000346,Village Administration,Stakeholder Group 3 (Vidisha),High,Positive,21,17,4,18
STK-0001928,LG-000346,District Administration,Stakeholder Group 4 (Vidisha),High,Positive,49,41,8,7
STK-0001929,LG-000347,Local Authority,Stakeholder Group 1 (Mauganj),Low,Negative,20,8,12,65
STK-0001930,LG-000347,Local Authority,Stakeholder Group 2 (Mauganj),Low,Negative,8,3,5,73
STK-0001931,LG-000347,Village Administration,Stakeholder Group 3 (Mauganj),Low,Negative,31,12,19,68
STK-0001932,LG-000348,Village Administration,Stakeholder Group 1 (Maihar),High,Positive,34,28,6,14
STK-0001933,LG-000348,Contractor,Stakeholder Group 2 (Maihar),High,Positive,40,34,6,11
STK-0001934,LG-000348,Landowner,Stakeholder Group 3 (Maihar),High,Positive,11,9,2,12
STK-0001935,LG-000349,Contractor,Stakeholder Group 1 (Pandhurna),High,Positive,28,23,5,6
STK-0001936,LG-000349,Village Administration,Stakeholder Group 2 (Pandhurna),High,Positive,47,39,8,18
STK-0001937,LG-000349,Local Authority,Stakeholder Group 3 (Pandhurna),High,Positive,47,39,8,8
STK-0001938,LG-000349,Local Authority,Stakeholder Group 4 (Pandhurna),High,Positive,24,20,4,5
STK-0001939,LG-000349,Landowner,Stakeholder Group 5 (Pandhurna),High,Positive,21,17,4,16
STK-0001940,LG-000350,Local Authority,Stakeholder Group 1 (Ahilyanagar),High,Positive,47,39,8,25
STK-0001941,LG-000350,District Administration,Stakeholder Group 2 (Ahilyanagar),High,Positive,28,23,5,10
STK-0001942,LG-000350,Local Authority,Stakeholder Group 3 (Ahilyanagar),High,Positive,33,28,5,24
STK-0001943,LG-000350,Contractor,Stakeholder Group 4 (Ahilyanagar),High,Positive,17,14,3,17
STK-0001944,LG-000350,District Administration,Stakeholder Group 5 (Ahilyanagar),High,Positive,16,13,3,14
STK-0001945,LG-000350,Landowner,Stakeholder Group 6 (Ahilyanagar),High,Positive,37,31,6,8
STK-0001946,LG-000350,Landowner,Stakeholder Group 7 (Ahilyanagar),High,Positive,45,38,7,12
STK-0001947,LG-000350,Contractor,Stakeholder Group 8 (Ahilyanagar),High,Positive,10,8,2,13
STK-0001948,LG-000351,Landowner,Stakeholder Group 1 (Akola),High,Positive,21,17,4,20
STK-0001949,LG-000351,District Administration,Stakeholder Group 2 (Akola),High,Positive,49,41,8,24
STK-0001950,LG-000351,Landowner,Stakeholder Group 3 (Akola),High,Positive,42,35,7,8
STK-0001951,LG-000351,District Administration,Stakeholder Group 4 (Akola),High,Positive,28,23,5,11
STK-0001952,LG-000351,Landowner,Stakeholder Group 5 (Akola),High,Positive,44,37,7,8
STK-0001953,LG-000351,Local Authority,Stakeholder Group 6 (Akola),High,Positive,27,22,5,24
STK-0001954,LG-000352,Village Administration,Stakeholder Group 1 (Amravati),High,Positive,49,41,8,6
STK-0001955,LG-000352,Contractor,Stakeholder Group 2 (Amravati),High,Positive,26,22,4,7
STK-0001956,LG-000352,Landowner,Stakeholder Group 3 (Amravati),High,Positive,28,23,5,24
STK-0001957,LG-000352,Local Authority,Stakeholder Group 4 (Amravati),High,Positive,28,23,5,12
STK-0001958,LG-000353,Contractor,Stakeholder Group 1 (Chhatrapati Sambhajinagar),Low,Negative,9,3,6,50
STK-0001959,LG-000353,Contractor,Stakeholder Group 2 (Chhatrapati Sambhajinagar),Low,Negative,38,15,23,80
STK-0001960,LG-000353,Village Administration,Stakeholder Group 3 (Chhatrapati Sambhajinagar),Low,Negative,12,4,8,32
STK-0001961,LG-000353,Landowner,Stakeholder Group 4 (Chhatrapati Sambhajinagar),Low,Negative,27,10,17,37
STK-0001962,LG-000354,Local Authority,Stakeholder Group 1 (Beed),High,Positive,7,5,2,8
STK-0001963,LG-000354,Contractor,Stakeholder Group 2 (Beed),High,Positive,43,36,7,17
STK-0001964,LG-000354,Contractor,Stakeholder Group 3 (Beed),High,Positive,26,22,4,24
STK-0001965,LG-000355,Landowner,Stakeholder Group 1 (Bhandara),Low,Negative,49,19,30,64
STK-0001966,LG-000355,District Administration,Stakeholder Group 2 (Bhandara),Low,Negative,26,10,16,82
STK-0001967,LG-000355,Village Administration,Stakeholder Group 3 (Bhandara),Low,Negative,9,3,6,48
STK-0001968,LG-000355,District Administration,Stakeholder Group 4 (Bhandara),Low,Negative,50,20,30,61
STK-0001969,LG-000355,Local Authority,Stakeholder Group 5 (Bhandara),Low,Negative,38,15,23,88
STK-0001970,LG-000355,Village Administration,Stakeholder Group 6 (Bhandara),Low,Negative,23,9,14,33
STK-0001971,LG-000356,Village Administration,Stakeholder Group 1 (Buldhana),High,Positive,9,7,2,5
STK-0001972,LG-000356,Landowner,Stakeholder Group 2 (Buldhana),High,Positive,25,21,4,13
STK-0001973,LG-000356,Local Authority,Stakeholder Group 3 (Buldhana),High,Positive,21,17,4,21
STK-0001974,LG-000357,Landowner,Stakeholder Group 1 (Chandrapur),High,Positive,40,34,6,20
STK-0001975,LG-000357,District Administration,Stakeholder Group 2 (Chandrapur),High,Positive,35,29,6,11
STK-0001976,LG-000357,Village Administration,Stakeholder Group 3 (Chandrapur),High,Positive,23,19,4,12
STK-0001977,LG-000358,Landowner,Stakeholder Group 1 (Dharashiv),Low,Negative,33,13,20,69
STK-0001978,LG-000358,District Administration,Stakeholder Group 2 (Dharashiv),Low,Negative,20,8,12,84
STK-0001979,LG-000358,Village Administration,Stakeholder Group 3 (Dharashiv),Low,Negative,47,18,29,68
STK-0001980,LG-000358,Contractor,Stakeholder Group 4 (Dharashiv),Low,Negative,39,15,24,38
STK-0001981,LG-000358,Local Authority,Stakeholder Group 5 (Dharashiv),Low,Negative,24,9,15,38
STK-0001982,LG-000358,Village Administration,Stakeholder Group 6 (Dharashiv),Low,Negative,44,17,27,41
STK-0001983,LG-000358,District Administration,Stakeholder Group 7 (Dharashiv),Low,Negative,41,16,25,44
STK-0001984,LG-000358,Village Administration,Stakeholder Group 8 (Dharashiv),Low,Negative,13,5,8,74
STK-0001985,LG-000359,Landowner,Stakeholder Group 1 (Dhule),High,Positive,44,37,7,16
STK-0001986,LG-000359,District Administration,Stakeholder Group 2 (Dhule),High,Positive,40,34,6,21
STK-0001987,LG-000359,Village Administration,Stakeholder Group 3 (Dhule),High,Positive,10,8,2,18
STK-0001988,LG-000360,Local Authority,Stakeholder Group 1 (Gadchiroli),High,Positive,12,10,2,9
STK-0001989,LG-000360,Landowner,Stakeholder Group 2 (Gadchiroli),High,Positive,31,26,5,24
STK-0001990,LG-000360,Local Authority,Stakeholder Group 3 (Gadchiroli),High,Positive,43,36,7,24
STK-0001991,LG-000360,District Administration,Stakeholder Group 4 (Gadchiroli),High,Positive,5,4,1,9
STK-0001992,LG-000360,Local Authority,Stakeholder Group 5 (Gadchiroli),High,Positive,31,26,5,22
STK-0001993,LG-000361,Village Administration,Stakeholder Group 1 (Gondia),High,Positive,11,9,2,10
STK-0001994,LG-000361,District Administration,Stakeholder Group 2 (Gondia),High,Positive,22,18,4,24
STK-0001995,LG-000361,Local Authority,Stakeholder Group 3 (Gondia),High,Positive,22,18,4,21
STK-0001996,LG-000361,Landowner,Stakeholder Group 4 (Gondia),High,Positive,36,30,6,23
STK-0001997,LG-000361,District Administration,Stakeholder Group 5 (Gondia),High,Positive,18,15,3,17
STK-0001998,LG-000362,Contractor,Stakeholder Group 1 (Hingoli),Low,Negative,46,18,28,31
STK-0001999,LG-000362,Local Authority,Stakeholder Group 2 (Hingoli),Low,Negative,45,18,27,62
STK-0002000,LG-000362,Village Administration,Stakeholder Group 3 (Hingoli),Low,Negative,31,12,19,56
STK-0002001,LG-000362,Local Authority,Stakeholder Group 4 (Hingoli),Low,Negative,34,13,21,46
STK-0002002,LG-000362,Village Administration,Stakeholder Group 5 (Hingoli),Low,Negative,18,7,11,66
STK-0002003,LG-000363,Landowner,Stakeholder Group 1 (Jalgaon),Low,Negative,5,2,3,50
STK-0002004,LG-000363,District Administration,Stakeholder Group 2 (Jalgaon),Low,Negative,21,8,13,82
STK-0002005,LG-000363,Landowner,Stakeholder Group 3 (Jalgaon),Low,Negative,6,2,4,77
STK-0002006,LG-000363,Landowner,Stakeholder Group 4 (Jalgaon),Low,Negative,24,9,15,36
STK-0002007,LG-000363,Village Administration,Stakeholder Group 5 (Jalgaon),Low,Negative,26,10,16,74
STK-0002008,LG-000363,Landowner,Stakeholder Group 6 (Jalgaon),Low,Negative,25,10,15,43
STK-0002009,LG-000363,Landowner,Stakeholder Group 7 (Jalgaon),Low,Negative,7,2,5,76
STK-0002010,LG-000364,Contractor,Stakeholder Group 1 (Jalna),Low,Negative,15,6,9,35
STK-0002011,LG-000364,Village Administration,Stakeholder Group 2 (Jalna),Low,Negative,22,8,14,41
STK-0002012,LG-000364,Contractor,Stakeholder Group 3 (Jalna),Low,Negative,7,2,5,68
STK-0002013,LG-000364,Village Administration,Stakeholder Group 4 (Jalna),Low,Negative,37,14,23,86
STK-0002014,LG-000364,Village Administration,Stakeholder Group 5 (Jalna),Low,Negative,36,14,22,32
STK-0002015,LG-000365,Landowner,Stakeholder Group 1 (Kolhapur),Low,Negative,15,6,9,72
STK-0002016,LG-000365,District Administration,Stakeholder Group 2 (Kolhapur),Low,Negative,12,4,8,52
STK-0002017,LG-000365,Landowner,Stakeholder Group 3 (Kolhapur),Low,Negative,49,19,30,57
STK-0002018,LG-000365,District Administration,Stakeholder Group 4 (Kolhapur),Low,Negative,36,14,22,71
STK-0002019,LG-000365,Landowner,Stakeholder Group 5 (Kolhapur),Low,Negative,15,6,9,83
STK-0002020,LG-000365,Local Authority,Stakeholder Group 6 (Kolhapur),Low,Negative,12,4,8,56
STK-0002021,LG-000365,Village Administration,Stakeholder Group 7 (Kolhapur),Low,Negative,7,2,5,71
STK-0002022,LG-000366,Local Authority,Stakeholder Group 1 (Latur),High,Positive,32,27,5,21
STK-0002023,LG-000366,Village Administration,Stakeholder Group 2 (Latur),High,Positive,50,42,8,19
STK-0002024,LG-000366,District Administration,Stakeholder Group 3 (Latur),High,Positive,10,8,2,20
STK-0002025,LG-000366,District Administration,Stakeholder Group 4 (Latur),High,Positive,10,8,2,5
STK-0002026,LG-000367,Contractor,Stakeholder Group 1 (Mumbai City),Low,Negative,10,4,6,53
STK-0002027,LG-000367,Contractor,Stakeholder Group 2 (Mumbai City),Low,Negative,6,2,4,75
STK-0002028,LG-000367,District Administration,Stakeholder Group 3 (Mumbai City),Low,Negative,29,11,18,55
STK-0002029,LG-000367,Village Administration,Stakeholder Group 4 (Mumbai City),Low,Negative,35,14,21,64
STK-0002030,LG-000367,Contractor,Stakeholder Group 5 (Mumbai City),Low,Negative,27,10,17,53
STK-0002031,LG-000367,Contractor,Stakeholder Group 6 (Mumbai City),Low,Negative,9,3,6,35
STK-0002032,LG-000367,District Administration,Stakeholder Group 7 (Mumbai City),Low,Negative,23,9,14,40
STK-0002033,LG-000367,District Administration,Stakeholder Group 8 (Mumbai City),Low,Negative,15,6,9,34
STK-0002034,LG-000368,Local Authority,Stakeholder Group 1 (Mumbai Suburban),High,Positive,42,35,7,24
STK-0002035,LG-000368,Landowner,Stakeholder Group 2 (Mumbai Suburban),High,Positive,18,15,3,14
STK-0002036,LG-000368,Contractor,Stakeholder Group 3 (Mumbai Suburban),High,Positive,25,21,4,18
STK-0002037,LG-000368,District Administration,Stakeholder Group 4 (Mumbai Suburban),High,Positive,14,11,3,10
STK-0002038,LG-000368,Village Administration,Stakeholder Group 5 (Mumbai Suburban),High,Positive,38,32,6,25
STK-0002039,LG-000368,Landowner,Stakeholder Group 6 (Mumbai Suburban),High,Positive,27,22,5,25
STK-0002040,LG-000369,Village Administration,Stakeholder Group 1 (Nagpur),Low,Negative,12,4,8,80
STK-0002041,LG-000369,Local Authority,Stakeholder Group 2 (Nagpur),Low,Negative,14,5,9,33
STK-0002042,LG-000369,District Administration,Stakeholder Group 3 (Nagpur),Low,Negative,24,9,15,38
STK-0002043,LG-000369,Landowner,Stakeholder Group 4 (Nagpur),Low,Negative,22,8,14,54
STK-0002044,LG-000369,Landowner,Stakeholder Group 5 (Nagpur),Low,Negative,31,12,19,78
STK-0002045,LG-000369,Village Administration,Stakeholder Group 6 (Nagpur),Low,Negative,36,14,22,68
STK-0002046,LG-000370,Village Administration,Stakeholder Group 1 (Nanded),Low,Negative,15,6,9,39
STK-0002047,LG-000370,Contractor,Stakeholder Group 2 (Nanded),Low,Negative,24,9,15,34
STK-0002048,LG-000370,District Administration,Stakeholder Group 3 (Nanded),Low,Negative,10,4,6,57
STK-0002049,LG-000370,Contractor,Stakeholder Group 4 (Nanded),Low,Negative,13,5,8,60
STK-0002050,LG-000370,Landowner,Stakeholder Group 5 (Nanded),Low,Negative,14,5,9,64
STK-0002051,LG-000370,Landowner,Stakeholder Group 6 (Nanded),Low,Negative,48,19,29,59
STK-0002052,LG-000370,Local Authority,Stakeholder Group 7 (Nanded),Low,Negative,46,18,28,81
STK-0002053,LG-000371,Contractor,Stakeholder Group 1 (Nandurbar),Low,Negative,25,10,15,45
STK-0002054,LG-000371,Village Administration,Stakeholder Group 2 (Nandurbar),Low,Negative,41,16,25,81
STK-0002055,LG-000371,Local Authority,Stakeholder Group 3 (Nandurbar),Low,Negative,45,18,27,71
STK-0002056,LG-000371,District Administration,Stakeholder Group 4 (Nandurbar),Low,Negative,31,12,19,36
STK-0002057,LG-000371,Landowner,Stakeholder Group 5 (Nandurbar),Low,Negative,30,12,18,46
STK-0002058,LG-000371,Contractor,Stakeholder Group 6 (Nandurbar),Low,Negative,39,15,24,66
STK-0002059,LG-000371,Village Administration,Stakeholder Group 7 (Nandurbar),Low,Negative,12,4,8,69
STK-0002060,LG-000372,Landowner,Stakeholder Group 1 (Nashik),Low,Negative,30,12,18,82
STK-0002061,LG-000372,District Administration,Stakeholder Group 2 (Nashik),Low,Negative,17,6,11,83
STK-0002062,LG-000372,Local Authority,Stakeholder Group 3 (Nashik),Low,Negative,12,4,8,40
STK-0002063,LG-000373,Village Administration,Stakeholder Group 1 (Palghar),Low,Negative,31,12,19,52
STK-0002064,LG-000373,Village Administration,Stakeholder Group 2 (Palghar),Low,Negative,8,3,5,78
STK-0002065,LG-000373,District Administration,Stakeholder Group 3 (Palghar),Low,Negative,37,14,23,78
STK-0002066,LG-000373,Landowner,Stakeholder Group 4 (Palghar),Low,Negative,25,10,15,64
STK-0002067,LG-000373,Landowner,Stakeholder Group 5 (Palghar),Low,Negative,46,18,28,62
STK-0002068,LG-000373,Village Administration,Stakeholder Group 6 (Palghar),Low,Negative,26,10,16,62
STK-0002069,LG-000374,Village Administration,Stakeholder Group 1 (Parbhani),High,Positive,48,40,8,23
STK-0002070,LG-000374,Village Administration,Stakeholder Group 2 (Parbhani),High,Positive,37,31,6,5
STK-0002071,LG-000374,Landowner,Stakeholder Group 3 (Parbhani),High,Positive,12,10,2,20
STK-0002072,LG-000374,Village Administration,Stakeholder Group 4 (Parbhani),High,Positive,13,11,2,22
STK-0002073,LG-000374,Landowner,Stakeholder Group 5 (Parbhani),High,Positive,34,28,6,7
STK-0002074,LG-000374,District Administration,Stakeholder Group 6 (Parbhani),High,Positive,31,26,5,21
STK-0002075,LG-000374,Contractor,Stakeholder Group 7 (Parbhani),High,Positive,38,32,6,22
STK-0002076,LG-000374,Local Authority,Stakeholder Group 8 (Parbhani),High,Positive,48,40,8,22
STK-0002077,LG-000375,Contractor,Stakeholder Group 1 (Pune),Low,Negative,50,20,30,47
STK-0002078,LG-000375,Contractor,Stakeholder Group 2 (Pune),Low,Negative,43,17,26,65
STK-0002079,LG-000375,District Administration,Stakeholder Group 3 (Pune),Low,Negative,50,20,30,49
STK-0002080,LG-000375,Village Administration,Stakeholder Group 4 (Pune),Low,Negative,48,19,29,60
STK-0002081,LG-000375,Landowner,Stakeholder Group 5 (Pune),Low,Negative,29,11,18,32
STK-0002082,LG-000375,Village Administration,Stakeholder Group 6 (Pune),Low,Negative,42,16,26,53
STK-0002083,LG-000376,Contractor,Stakeholder Group 1 (Raigad),High,Positive,12,10,2,22
STK-0002084,LG-000376,Local Authority,Stakeholder Group 2 (Raigad),High,Positive,37,31,6,20
STK-0002085,LG-000376,Contractor,Stakeholder Group 3 (Raigad),High,Positive,14,11,3,14
STK-0002086,LG-000377,Landowner,Stakeholder Group 1 (Ratnagiri),Low,Negative,19,7,12,49
STK-0002087,LG-000377,Landowner,Stakeholder Group 2 (Ratnagiri),Low,Negative,22,8,14,39
STK-0002088,LG-000377,District Administration,Stakeholder Group 3 (Ratnagiri),Low,Negative,6,2,4,58
STK-0002089,LG-000377,Contractor,Stakeholder Group 4 (Ratnagiri),Low,Negative,24,9,15,45
STK-0002090,LG-000377,District Administration,Stakeholder Group 5 (Ratnagiri),Low,Negative,43,17,26,41
STK-0002091,LG-000377,Contractor,Stakeholder Group 6 (Ratnagiri),Low,Negative,21,8,13,81
STK-0002092,LG-000378,Village Administration,Stakeholder Group 1 (Sangli),Low,Negative,27,10,17,64
STK-0002093,LG-000378,Contractor,Stakeholder Group 2 (Sangli),Low,Negative,43,17,26,57
STK-0002094,LG-000378,Contractor,Stakeholder Group 3 (Sangli),Low,Negative,5,2,3,46
STK-0002095,LG-000378,District Administration,Stakeholder Group 4 (Sangli),Low,Negative,33,13,20,89
STK-0002096,LG-000378,Village Administration,Stakeholder Group 5 (Sangli),Low,Negative,18,7,11,52
STK-0002097,LG-000378,District Administration,Stakeholder Group 6 (Sangli),Low,Negative,48,19,29,83
STK-0002098,LG-000378,Village Administration,Stakeholder Group 7 (Sangli),Low,Negative,34,13,21,65
STK-0002099,LG-000378,District Administration,Stakeholder Group 8 (Sangli),Low,Negative,13,5,8,31
STK-0002100,LG-000379,Village Administration,Stakeholder Group 1 (Satara),High,Positive,5,4,1,14
STK-0002101,LG-000379,Landowner,Stakeholder Group 2 (Satara),High,Positive,14,11,3,7
STK-0002102,LG-000379,Local Authority,Stakeholder Group 3 (Satara),High,Positive,10,8,2,19
STK-0002103,LG-000379,Landowner,Stakeholder Group 4 (Satara),High,Positive,48,40,8,9
STK-0002104,LG-000379,Contractor,Stakeholder Group 5 (Satara),High,Positive,25,21,4,9
STK-0002105,LG-000379,Contractor,Stakeholder Group 6 (Satara),High,Positive,18,15,3,14
STK-0002106,LG-000379,Contractor,Stakeholder Group 7 (Satara),High,Positive,7,5,2,11
STK-0002107,LG-000379,Contractor,Stakeholder Group 8 (Satara),High,Positive,37,31,6,11
STK-0002108,LG-000380,District Administration,Stakeholder Group 1 (Sindhudurg),High,Positive,39,33,6,6
STK-0002109,LG-000380,Contractor,Stakeholder Group 2 (Sindhudurg),High,Positive,37,31,6,11
STK-0002110,LG-000380,Local Authority,Stakeholder Group 3 (Sindhudurg),High,Positive,7,5,2,25
STK-0002111,LG-000380,Contractor,Stakeholder Group 4 (Sindhudurg),High,Positive,20,17,3,14
STK-0002112,LG-000380,District Administration,Stakeholder Group 5 (Sindhudurg),High,Positive,47,39,8,22
STK-0002113,LG-000380,District Administration,Stakeholder Group 6 (Sindhudurg),High,Positive,40,34,6,18
STK-0002114,LG-000380,Village Administration,Stakeholder Group 7 (Sindhudurg),High,Positive,42,35,7,13
STK-0002115,LG-000381,Landowner,Stakeholder Group 1 (Solapur),High,Positive,45,38,7,5
STK-0002116,LG-000381,Landowner,Stakeholder Group 2 (Solapur),High,Positive,26,22,4,25
STK-0002117,LG-000381,District Administration,Stakeholder Group 3 (Solapur),High,Positive,45,38,7,7
STK-0002118,LG-000381,District Administration,Stakeholder Group 4 (Solapur),High,Positive,17,14,3,24
STK-0002119,LG-000381,Contractor,Stakeholder Group 5 (Solapur),High,Positive,8,6,2,9
STK-0002120,LG-000381,Village Administration,Stakeholder Group 6 (Solapur),High,Positive,38,32,6,16
STK-0002121,LG-000381,Landowner,Stakeholder Group 7 (Solapur),High,Positive,26,22,4,14
STK-0002122,LG-000381,Local Authority,Stakeholder Group 8 (Solapur),High,Positive,29,24,5,6
STK-0002123,LG-000382,Landowner,Stakeholder Group 1 (Thane),High,Positive,15,12,3,11
STK-0002124,LG-000382,Contractor,Stakeholder Group 2 (Thane),High,Positive,43,36,7,14
STK-0002125,LG-000382,District Administration,Stakeholder Group 3 (Thane),High,Positive,13,11,2,16
STK-0002126,LG-000382,Local Authority,Stakeholder Group 4 (Thane),High,Positive,37,31,6,21
STK-0002127,LG-000382,Village Administration,Stakeholder Group 5 (Thane),High,Positive,14,11,3,19
STK-0002128,LG-000383,Local Authority,Stakeholder Group 1 (Wardha),High,Positive,39,33,6,5
STK-0002129,LG-000383,Village Administration,Stakeholder Group 2 (Wardha),High,Positive,13,11,2,9
STK-0002130,LG-000383,Local Authority,Stakeholder Group 3 (Wardha),High,Positive,36,30,6,17
STK-0002131,LG-000383,Village Administration,Stakeholder Group 4 (Wardha),High,Positive,41,34,7,9
STK-0002132,LG-000384,Landowner,Stakeholder Group 1 (Washim),Low,Negative,12,4,8,59
STK-0002133,LG-000384,District Administration,Stakeholder Group 2 (Washim),Low,Negative,37,14,23,56
STK-0002134,LG-000384,Local Authority,Stakeholder Group 3 (Washim),Low,Negative,32,12,20,70
STK-0002135,LG-000384,Contractor,Stakeholder Group 4 (Washim),Low,Negative,26,10,16,75
STK-0002136,LG-000385,Contractor,Stakeholder Group 1 (Yavatmal),Low,Negative,22,8,14,82
STK-0002137,LG-000385,District Administration,Stakeholder Group 2 (Yavatmal),Low,Negative,14,5,9,72
STK-0002138,LG-000385,Village Administration,Stakeholder Group 3 (Yavatmal),Low,Negative,14,5,9,74
STK-0002139,LG-000385,Landowner,Stakeholder Group 4 (Yavatmal),Low,Negative,50,20,30,78
STK-0002140,LG-000385,Landowner,Stakeholder Group 5 (Yavatmal),Low,Negative,19,7,12,88
STK-0002141,LG-000385,District Administration,Stakeholder Group 6 (Yavatmal),Low,Negative,49,19,30,51
STK-0002142,LG-000386,Village Administration,Stakeholder Group 1 (Bishnupur),High,Positive,49,41,8,11
STK-0002143,LG-000386,Contractor,Stakeholder Group 2 (Bishnupur),High,Positive,19,16,3,15
STK-0002144,LG-000386,Landowner,Stakeholder Group 3 (Bishnupur),High,Positive,25,21,4,21
STK-0002145,LG-000386,District Administration,Stakeholder Group 4 (Bishnupur),High,Positive,12,10,2,12
STK-0002146,LG-000386,Landowner,Stakeholder Group 5 (Bishnupur),High,Positive,21,17,4,11
STK-0002147,LG-000386,Landowner,Stakeholder Group 6 (Bishnupur),High,Positive,7,5,2,17
STK-0002148,LG-000386,Village Administration,Stakeholder Group 7 (Bishnupur),High,Positive,33,28,5,15
STK-0002149,LG-000387,Contractor,Stakeholder Group 1 (Chandel),High,Positive,17,14,3,25
STK-0002150,LG-000387,Village Administration,Stakeholder Group 2 (Chandel),High,Positive,8,6,2,23
STK-0002151,LG-000387,District Administration,Stakeholder Group 3 (Chandel),High,Positive,27,22,5,21
STK-0002152,LG-000387,Village Administration,Stakeholder Group 4 (Chandel),High,Positive,17,14,3,25
STK-0002153,LG-000387,Local Authority,Stakeholder Group 5 (Chandel),High,Positive,24,20,4,9
STK-0002154,LG-000387,Contractor,Stakeholder Group 6 (Chandel),High,Positive,18,15,3,19
STK-0002155,LG-000388,Contractor,Stakeholder Group 1 (Churachandpur),High,Positive,50,42,8,9
STK-0002156,LG-000388,Village Administration,Stakeholder Group 2 (Churachandpur),High,Positive,21,17,4,12
STK-0002157,LG-000388,District Administration,Stakeholder Group 3 (Churachandpur),High,Positive,30,25,5,12
STK-0002158,LG-000389,Village Administration,Stakeholder Group 1 (Imphal East),High,Positive,9,7,2,12
STK-0002159,LG-000389,Village Administration,Stakeholder Group 2 (Imphal East),High,Positive,47,39,8,6
STK-0002160,LG-000389,Village Administration,Stakeholder Group 3 (Imphal East),High,Positive,21,17,4,22
STK-0002161,LG-000390,Contractor,Stakeholder Group 1 (Imphal West),Low,Negative,50,20,30,40
STK-0002162,LG-000390,Contractor,Stakeholder Group 2 (Imphal West),Low,Negative,48,19,29,69
STK-0002163,LG-000390,Contractor,Stakeholder Group 3 (Imphal West),Low,Negative,32,12,20,87
STK-0002164,LG-000390,District Administration,Stakeholder Group 4 (Imphal West),Low,Negative,35,14,21,51
STK-0002165,LG-000390,District Administration,Stakeholder Group 5 (Imphal West),Low,Negative,31,12,19,73
STK-0002166,LG-000391,District Administration,Stakeholder Group 1 (Jiribam),High,Positive,47,39,8,21
STK-0002167,LG-000391,District Administration,Stakeholder Group 2 (Jiribam),High,Positive,5,4,1,19
STK-0002168,LG-000391,Local Authority,Stakeholder Group 3 (Jiribam),High,Positive,6,5,1,10
STK-0002169,LG-000391,Local Authority,Stakeholder Group 4 (Jiribam),High,Positive,39,33,6,23
STK-0002170,LG-000391,Landowner,Stakeholder Group 5 (Jiribam),High,Positive,18,15,3,15
STK-0002171,LG-000392,Contractor,Stakeholder Group 1 (Kakching),Low,Negative,9,3,6,36
STK-0002172,LG-000392,Contractor,Stakeholder Group 2 (Kakching),Low,Negative,31,12,19,33
STK-0002173,LG-000392,Local Authority,Stakeholder Group 3 (Kakching),Low,Negative,10,4,6,74
STK-0002174,LG-000392,Landowner,Stakeholder Group 4 (Kakching),Low,Negative,17,6,11,74
STK-0002175,LG-000392,Village Administration,Stakeholder Group 5 (Kakching),Low,Negative,29,11,18,55
STK-0002176,LG-000393,Local Authority,Stakeholder Group 1 (Kamjong),High,Positive,24,20,4,7
STK-0002177,LG-000393,Contractor,Stakeholder Group 2 (Kamjong),High,Positive,12,10,2,17
STK-0002178,LG-000393,District Administration,Stakeholder Group 3 (Kamjong),High,Positive,41,34,7,15
STK-0002179,LG-000394,Landowner,Stakeholder Group 1 (Kangpokpi),High,Positive,44,37,7,10
STK-0002180,LG-000394,Village Administration,Stakeholder Group 2 (Kangpokpi),High,Positive,7,5,2,7
STK-0002181,LG-000394,Local Authority,Stakeholder Group 3 (Kangpokpi),High,Positive,5,4,1,8
STK-0002182,LG-000394,Local Authority,Stakeholder Group 4 (Kangpokpi),High,Positive,22,18,4,7
STK-0002183,LG-000394,Local Authority,Stakeholder Group 5 (Kangpokpi),High,Positive,30,25,5,20
STK-0002184,LG-000395,District Administration,Stakeholder Group 1 (Noney),Low,Negative,18,7,11,40
STK-0002185,LG-000395,Village Administration,Stakeholder Group 2 (Noney),Low,Negative,47,18,29,37
STK-0002186,LG-000395,Village Administration,Stakeholder Group 3 (Noney),Low,Negative,25,10,15,32
STK-0002187,LG-000396,Village Administration,Stakeholder Group 1 (Pherzawl),Low,Negative,40,16,24,52
STK-0002188,LG-000396,Contractor,Stakeholder Group 2 (Pherzawl),Low,Negative,8,3,5,55
STK-0002189,LG-000396,Local Authority,Stakeholder Group 3 (Pherzawl),Low,Negative,7,2,5,57
STK-0002190,LG-000396,Contractor,Stakeholder Group 4 (Pherzawl),Low,Negative,23,9,14,84
STK-0002191,LG-000396,Local Authority,Stakeholder Group 5 (Pherzawl),Low,Negative,36,14,22,85
STK-0002192,LG-000396,Village Administration,Stakeholder Group 6 (Pherzawl),Low,Negative,49,19,30,55
STK-0002193,LG-000396,Landowner,Stakeholder Group 7 (Pherzawl),Low,Negative,37,14,23,43
STK-0002194,LG-000397,Contractor,Stakeholder Group 1 (Senapati),High,Positive,44,37,7,7
STK-0002195,LG-000397,Local Authority,Stakeholder Group 2 (Senapati),High,Positive,41,34,7,13
STK-0002196,LG-000397,District Administration,Stakeholder Group 3 (Senapati),High,Positive,43,36,7,7
STK-0002197,LG-000397,District Administration,Stakeholder Group 4 (Senapati),High,Positive,18,15,3,7
STK-0002198,LG-000397,Landowner,Stakeholder Group 5 (Senapati),High,Positive,19,16,3,18
STK-0002199,LG-000397,Village Administration,Stakeholder Group 6 (Senapati),High,Positive,18,15,3,17
STK-0002200,LG-000398,Village Administration,Stakeholder Group 1 (Tamenglong),High,Positive,41,34,7,5
STK-0002201,LG-000398,District Administration,Stakeholder Group 2 (Tamenglong),High,Positive,48,40,8,9
STK-0002202,LG-000398,Landowner,Stakeholder Group 3 (Tamenglong),High,Positive,46,39,7,20
STK-0002203,LG-000398,Landowner,Stakeholder Group 4 (Tamenglong),High,Positive,50,42,8,5
STK-0002204,LG-000399,Landowner,Stakeholder Group 1 (Tengnoupal),High,Positive,19,16,3,15
STK-0002205,LG-000399,Local Authority,Stakeholder Group 2 (Tengnoupal),High,Positive,34,28,6,7
STK-0002206,LG-000399,District Administration,Stakeholder Group 3 (Tengnoupal),High,Positive,50,42,8,9
STK-0002207,LG-000399,Landowner,Stakeholder Group 4 (Tengnoupal),High,Positive,31,26,5,17
STK-0002208,LG-000399,District Administration,Stakeholder Group 5 (Tengnoupal),High,Positive,24,20,4,24
STK-0002209,LG-000399,Landowner,Stakeholder Group 6 (Tengnoupal),High,Positive,7,5,2,12
STK-0002210,LG-000399,Local Authority,Stakeholder Group 7 (Tengnoupal),High,Positive,40,34,6,8
STK-0002211,LG-000400,Landowner,Stakeholder Group 1 (Thoubal),High,Positive,35,29,6,20
STK-0002212,LG-000400,Contractor,Stakeholder Group 2 (Thoubal),High,Positive,47,39,8,19
STK-0002213,LG-000400,Contractor,Stakeholder Group 3 (Thoubal),High,Positive,50,42,8,16
STK-0002214,LG-000401,Local Authority,Stakeholder Group 1 (Ukhrul),Low,Negative,34,13,21,75
STK-0002215,LG-000401,Village Administration,Stakeholder Group 2 (Ukhrul),Low,Negative,6,2,4,79
STK-0002216,LG-000401,Contractor,Stakeholder Group 3 (Ukhrul),Low,Negative,48,19,29,81
STK-0002217,LG-000401,District Administration,Stakeholder Group 4 (Ukhrul),Low,Negative,15,6,9,34
STK-0002218,LG-000402,Landowner,Stakeholder Group 1 (East Garo Hills),Low,Negative,41,16,25,59
STK-0002219,LG-000402,District Administration,Stakeholder Group 2 (East Garo Hills),Low,Negative,48,19,29,48
STK-0002220,LG-000402,Landowner,Stakeholder Group 3 (East Garo Hills),Low,Negative,49,19,30,34
STK-0002221,LG-000402,Village Administration,Stakeholder Group 4 (East Garo Hills),Low,Negative,40,16,24,39
STK-0002222,LG-000402,Landowner,Stakeholder Group 5 (East Garo Hills),Low,Negative,23,9,14,31
STK-0002223,LG-000403,Village Administration,Stakeholder Group 1 (East Jaintia Hills),High,Positive,23,19,4,17
STK-0002224,LG-000403,Landowner,Stakeholder Group 2 (East Jaintia Hills),High,Positive,44,37,7,12
STK-0002225,LG-000403,Local Authority,Stakeholder Group 3 (East Jaintia Hills),High,Positive,28,23,5,7
STK-0002226,LG-000403,Landowner,Stakeholder Group 4 (East Jaintia Hills),High,Positive,9,7,2,7
STK-0002227,LG-000404,Contractor,Stakeholder Group 1 (East Khasi Hills),Low,Negative,30,12,18,40
STK-0002228,LG-000404,Landowner,Stakeholder Group 2 (East Khasi Hills),Low,Negative,50,20,30,44
STK-0002229,LG-000404,Landowner,Stakeholder Group 3 (East Khasi Hills),Low,Negative,50,20,30,44
STK-0002230,LG-000404,Contractor,Stakeholder Group 4 (East Khasi Hills),Low,Negative,7,2,5,34
STK-0002231,LG-000405,Village Administration,Stakeholder Group 1 (Eastern West Khasi Hills),Low,Negative,21,8,13,55
STK-0002232,LG-000405,District Administration,Stakeholder Group 2 (Eastern West Khasi Hills),Low,Negative,42,16,26,31
STK-0002233,LG-000405,Landowner,Stakeholder Group 3 (Eastern West Khasi Hills),Low,Negative,5,2,3,81
STK-0002234,LG-000405,Contractor,Stakeholder Group 4 (Eastern West Khasi Hills),Low,Negative,44,17,27,62
STK-0002235,LG-000405,Contractor,Stakeholder Group 5 (Eastern West Khasi Hills),Low,Negative,24,9,15,64
STK-0002236,LG-000406,Contractor,Stakeholder Group 1 (North Garo Hills),High,Positive,17,14,3,16
STK-0002237,LG-000406,District Administration,Stakeholder Group 2 (North Garo Hills),High,Positive,40,34,6,8
STK-0002238,LG-000406,Contractor,Stakeholder Group 3 (North Garo Hills),High,Positive,8,6,2,16
STK-0002239,LG-000407,Landowner,Stakeholder Group 1 (Ri Bhoi),High,Positive,14,11,3,7
STK-0002240,LG-000407,Landowner,Stakeholder Group 2 (Ri Bhoi),High,Positive,42,35,7,7
STK-0002241,LG-000407,Landowner,Stakeholder Group 3 (Ri Bhoi),High,Positive,42,35,7,24
STK-0002242,LG-000407,District Administration,Stakeholder Group 4 (Ri Bhoi),High,Positive,46,39,7,15
STK-0002243,LG-000408,Local Authority,Stakeholder Group 1 (South Garo Hills),High,Positive,41,34,7,24
STK-0002244,LG-000408,District Administration,Stakeholder Group 2 (South Garo Hills),High,Positive,25,21,4,21
STK-0002245,LG-000408,Landowner,Stakeholder Group 3 (South Garo Hills),High,Positive,49,41,8,11
STK-0002246,LG-000408,District Administration,Stakeholder Group 4 (South Garo Hills),High,Positive,14,11,3,12
STK-0002247,LG-000408,Contractor,Stakeholder Group 5 (South Garo Hills),High,Positive,19,16,3,15
STK-0002248,LG-000408,Landowner,Stakeholder Group 6 (South Garo Hills),High,Positive,36,30,6,17
STK-0002249,LG-000409,Contractor,Stakeholder Group 1 (South West Garo Hills),High,Positive,15,12,3,7
STK-0002250,LG-000409,Contractor,Stakeholder Group 2 (South West Garo Hills),High,Positive,43,36,7,15
STK-0002251,LG-000409,Landowner,Stakeholder Group 3 (South West Garo Hills),High,Positive,31,26,5,24
STK-0002252,LG-000409,Village Administration,Stakeholder Group 4 (South West Garo Hills),High,Positive,18,15,3,19
STK-0002253,LG-000410,Local Authority,Stakeholder Group 1 (South West Khasi Hills),High,Positive,45,38,7,6
STK-0002254,LG-000410,Local Authority,Stakeholder Group 2 (South West Khasi Hills),High,Positive,8,6,2,17
STK-0002255,LG-000410,Contractor,Stakeholder Group 3 (South West Khasi Hills),High,Positive,21,17,4,20
STK-0002256,LG-000410,Village Administration,Stakeholder Group 4 (South West Khasi Hills),High,Positive,27,22,5,22
STK-0002257,LG-000410,Contractor,Stakeholder Group 5 (South West Khasi Hills),High,Positive,7,5,2,15
STK-0002258,LG-000410,Village Administration,Stakeholder Group 6 (South West Khasi Hills),High,Positive,23,19,4,5
STK-0002259,LG-000410,District Administration,Stakeholder Group 7 (South West Khasi Hills),High,Positive,11,9,2,10
STK-0002260,LG-000411,District Administration,Stakeholder Group 1 (West Garo Hills),High,Positive,40,34,6,14
STK-0002261,LG-000411,Landowner,Stakeholder Group 2 (West Garo Hills),High,Positive,25,21,4,14
STK-0002262,LG-000411,Landowner,Stakeholder Group 3 (West Garo Hills),High,Positive,38,32,6,22
STK-0002263,LG-000411,District Administration,Stakeholder Group 4 (West Garo Hills),High,Positive,11,9,2,19
STK-0002264,LG-000412,Village Administration,Stakeholder Group 1 (West Jaintia Hills),High,Positive,8,6,2,16
STK-0002265,LG-000412,Local Authority,Stakeholder Group 2 (West Jaintia Hills),High,Positive,22,18,4,10
STK-0002266,LG-000412,Contractor,Stakeholder Group 3 (West Jaintia Hills),High,Positive,41,34,7,25
STK-0002267,LG-000412,Contractor,Stakeholder Group 4 (West Jaintia Hills),High,Positive,23,19,4,25
STK-0002268,LG-000412,District Administration,Stakeholder Group 5 (West Jaintia Hills),High,Positive,10,8,2,15
STK-0002269,LG-000413,Contractor,Stakeholder Group 1 (West Khasi Hills),Low,Negative,24,9,15,54
STK-0002270,LG-000413,Local Authority,Stakeholder Group 2 (West Khasi Hills),Low,Negative,26,10,16,66
STK-0002271,LG-000413,Village Administration,Stakeholder Group 3 (West Khasi Hills),Low,Negative,9,3,6,42
STK-0002272,LG-000413,Local Authority,Stakeholder Group 4 (West Khasi Hills),Low,Negative,46,18,28,60
STK-0002273,LG-000413,Local Authority,Stakeholder Group 5 (West Khasi Hills),Low,Negative,10,4,6,59
STK-0002274,LG-000413,Contractor,Stakeholder Group 6 (West Khasi Hills),Low,Negative,16,6,10,55
STK-0002275,LG-000413,Contractor,Stakeholder Group 7 (West Khasi Hills),Low,Negative,43,17,26,55
STK-0002276,LG-000413,Local Authority,Stakeholder Group 8 (West Khasi Hills),Low,Negative,35,14,21,79
STK-0002277,LG-000414,Contractor,Stakeholder Group 1 (Aizawl),High,Positive,38,32,6,23
STK-0002278,LG-000414,Contractor,Stakeholder Group 2 (Aizawl),High,Positive,8,6,2,5
STK-0002279,LG-000414,Contractor,Stakeholder Group 3 (Aizawl),High,Positive,12,10,2,14
STK-0002280,LG-000414,Local Authority,Stakeholder Group 4 (Aizawl),High,Positive,15,12,3,6
STK-0002281,LG-000415,District Administration,Stakeholder Group 1 (Champhai),High,Positive,5,4,1,20
STK-0002282,LG-000415,District Administration,Stakeholder Group 2 (Champhai),High,Positive,16,13,3,25
STK-0002283,LG-000415,Local Authority,Stakeholder Group 3 (Champhai),High,Positive,26,22,4,23
STK-0002284,LG-000415,District Administration,Stakeholder Group 4 (Champhai),High,Positive,36,30,6,8
STK-0002285,LG-000415,Contractor,Stakeholder Group 5 (Champhai),High,Positive,43,36,7,25
STK-0002286,LG-000416,Landowner,Stakeholder Group 1 (Hnahthial),High,Positive,24,20,4,25
STK-0002287,LG-000416,Landowner,Stakeholder Group 2 (Hnahthial),High,Positive,9,7,2,23
STK-0002288,LG-000416,Contractor,Stakeholder Group 3 (Hnahthial),High,Positive,45,38,7,10
STK-0002289,LG-000416,Local Authority,Stakeholder Group 4 (Hnahthial),High,Positive,41,34,7,10
STK-0002290,LG-000417,District Administration,Stakeholder Group 1 (Khawzawl),High,Positive,49,41,8,14
STK-0002291,LG-000417,Village Administration,Stakeholder Group 2 (Khawzawl),High,Positive,20,17,3,10
STK-0002292,LG-000417,Landowner,Stakeholder Group 3 (Khawzawl),High,Positive,15,12,3,25
STK-0002293,LG-000417,Local Authority,Stakeholder Group 4 (Khawzawl),High,Positive,46,39,7,20
STK-0002294,LG-000418,Local Authority,Stakeholder Group 1 (Kolasib),High,Positive,48,40,8,8
STK-0002295,LG-000418,District Administration,Stakeholder Group 2 (Kolasib),High,Positive,5,4,1,17
STK-0002296,LG-000418,Village Administration,Stakeholder Group 3 (Kolasib),High,Positive,15,12,3,22
STK-0002297,LG-000419,Village Administration,Stakeholder Group 1 (Lawngtlai),High,Positive,6,5,1,12
STK-0002298,LG-000419,District Administration,Stakeholder Group 2 (Lawngtlai),High,Positive,44,37,7,13
STK-0002299,LG-000419,District Administration,Stakeholder Group 3 (Lawngtlai),High,Positive,26,22,4,6
STK-0002300,LG-000419,Village Administration,Stakeholder Group 4 (Lawngtlai),High,Positive,15,12,3,20
STK-0002301,LG-000419,Village Administration,Stakeholder Group 5 (Lawngtlai),High,Positive,15,12,3,23
STK-0002302,LG-000419,Village Administration,Stakeholder Group 6 (Lawngtlai),High,Positive,34,28,6,22
STK-0002303,LG-000420,Village Administration,Stakeholder Group 1 (Lunglei),Low,Negative,26,10,16,80
STK-0002304,LG-000420,Village Administration,Stakeholder Group 2 (Lunglei),Low,Negative,28,11,17,70
STK-0002305,LG-000420,Contractor,Stakeholder Group 3 (Lunglei),Low,Negative,26,10,16,71
STK-0002306,LG-000420,Landowner,Stakeholder Group 4 (Lunglei),Low,Negative,47,18,29,32
STK-0002307,LG-000420,Contractor,Stakeholder Group 5 (Lunglei),Low,Negative,19,7,12,68
STK-0002308,LG-000421,Village Administration,Stakeholder Group 1 (Mamit),High,Positive,23,19,4,18
STK-0002309,LG-000421,Landowner,Stakeholder Group 2 (Mamit),High,Positive,17,14,3,7
STK-0002310,LG-000421,Contractor,Stakeholder Group 3 (Mamit),High,Positive,28,23,5,19
STK-0002311,LG-000421,District Administration,Stakeholder Group 4 (Mamit),High,Positive,42,35,7,5
STK-0002312,LG-000422,Landowner,Stakeholder Group 1 (Saiha),High,Positive,49,41,8,16
STK-0002313,LG-000422,Village Administration,Stakeholder Group 2 (Saiha),High,Positive,16,13,3,12
STK-0002314,LG-000422,District Administration,Stakeholder Group 3 (Saiha),High,Positive,38,32,6,25
STK-0002315,LG-000423,Contractor,Stakeholder Group 1 (Saitual),High,Positive,34,28,6,25
STK-0002316,LG-000423,Landowner,Stakeholder Group 2 (Saitual),High,Positive,48,40,8,15
STK-0002317,LG-000423,Landowner,Stakeholder Group 3 (Saitual),High,Positive,42,35,7,12
STK-0002318,LG-000424,Local Authority,Stakeholder Group 1 (Serchhip),High,Positive,20,17,3,11
STK-0002319,LG-000424,Village Administration,Stakeholder Group 2 (Serchhip),High,Positive,47,39,8,7
STK-0002320,LG-000424,Landowner,Stakeholder Group 3 (Serchhip),High,Positive,16,13,3,18
STK-0002321,LG-000424,Local Authority,Stakeholder Group 4 (Serchhip),High,Positive,48,40,8,7
STK-0002322,LG-000424,Local Authority,Stakeholder Group 5 (Serchhip),High,Positive,18,15,3,21
STK-0002323,LG-000425,Village Administration,Stakeholder Group 1 (Chumoukedima),High,Positive,47,39,8,19
STK-0002324,LG-000425,Contractor,Stakeholder Group 2 (Chumoukedima),High,Positive,27,22,5,17
STK-0002325,LG-000425,Landowner,Stakeholder Group 3 (Chumoukedima),High,Positive,45,38,7,8
STK-0002326,LG-000425,Village Administration,Stakeholder Group 4 (Chumoukedima),High,Positive,38,32,6,25
STK-0002327,LG-000425,Landowner,Stakeholder Group 5 (Chumoukedima),High,Positive,10,8,2,15
STK-0002328,LG-000425,Contractor,Stakeholder Group 6 (Chumoukedima),High,Positive,44,37,7,21
STK-0002329,LG-000425,District Administration,Stakeholder Group 7 (Chumoukedima),High,Positive,9,7,2,12
STK-0002330,LG-000425,Village Administration,Stakeholder Group 8 (Chumoukedima),High,Positive,37,31,6,16
STK-0002331,LG-000426,Contractor,Stakeholder Group 1 (Dimapur),High,Positive,35,29,6,11
STK-0002332,LG-000426,Local Authority,Stakeholder Group 2 (Dimapur),High,Positive,24,20,4,6
STK-0002333,LG-000426,District Administration,Stakeholder Group 3 (Dimapur),High,Positive,13,11,2,6
STK-0002334,LG-000427,Village Administration,Stakeholder Group 1 (Kiphire),Low,Negative,13,5,8,86
STK-0002335,LG-000427,Village Administration,Stakeholder Group 2 (Kiphire),Low,Negative,43,17,26,47
STK-0002336,LG-000427,Local Authority,Stakeholder Group 3 (Kiphire),Low,Negative,6,2,4,79
STK-0002337,LG-000427,District Administration,Stakeholder Group 4 (Kiphire),Low,Negative,37,14,23,77
STK-0002338,LG-000427,District Administration,Stakeholder Group 5 (Kiphire),Low,Negative,12,4,8,45
STK-0002339,LG-000427,Contractor,Stakeholder Group 6 (Kiphire),Low,Negative,10,4,6,86
STK-0002340,LG-000427,Local Authority,Stakeholder Group 7 (Kiphire),Low,Negative,21,8,13,34
STK-0002341,LG-000428,Local Authority,Stakeholder Group 1 (Kohima),Low,Negative,23,9,14,54
STK-0002342,LG-000428,Local Authority,Stakeholder Group 2 (Kohima),Low,Negative,48,19,29,67
STK-0002343,LG-000428,Local Authority,Stakeholder Group 3 (Kohima),Low,Negative,33,13,20,87
STK-0002344,LG-000428,Village Administration,Stakeholder Group 4 (Kohima),Low,Negative,45,18,27,76
STK-0002345,LG-000428,Local Authority,Stakeholder Group 5 (Kohima),Low,Negative,29,11,18,61
STK-0002346,LG-000428,Local Authority,Stakeholder Group 6 (Kohima),Low,Negative,15,6,9,59
STK-0002347,LG-000428,Local Authority,Stakeholder Group 7 (Kohima),Low,Negative,38,15,23,82
STK-0002348,LG-000428,District Administration,Stakeholder Group 8 (Kohima),Low,Negative,34,13,21,54
STK-0002349,LG-000429,Landowner,Stakeholder Group 1 (Longleng),Low,Negative,15,6,9,48
STK-0002350,LG-000429,District Administration,Stakeholder Group 2 (Longleng),Low,Negative,34,13,21,76
STK-0002351,LG-000429,Landowner,Stakeholder Group 3 (Longleng),Low,Negative,34,13,21,44
STK-0002352,LG-000429,District Administration,Stakeholder Group 4 (Longleng),Low,Negative,16,6,10,38
STK-0002353,LG-000429,District Administration,Stakeholder Group 5 (Longleng),Low,Negative,32,12,20,75
STK-0002354,LG-000430,District Administration,Stakeholder Group 1 (Mokokchung),Low,Negative,10,4,6,57
STK-0002355,LG-000430,Village Administration,Stakeholder Group 2 (Mokokchung),Low,Negative,37,14,23,68
STK-0002356,LG-000430,Local Authority,Stakeholder Group 3 (Mokokchung),Low,Negative,37,14,23,55
STK-0002357,LG-000430,Local Authority,Stakeholder Group 4 (Mokokchung),Low,Negative,26,10,16,52
STK-0002358,LG-000430,Village Administration,Stakeholder Group 5 (Mokokchung),Low,Negative,49,19,30,42
STK-0002359,LG-000431,Local Authority,Stakeholder Group 1 (Mon),High,Positive,48,40,8,14
STK-0002360,LG-000431,Village Administration,Stakeholder Group 2 (Mon),High,Positive,34,28,6,5
STK-0002361,LG-000431,Village Administration,Stakeholder Group 3 (Mon),High,Positive,32,27,5,5
STK-0002362,LG-000431,Village Administration,Stakeholder Group 4 (Mon),High,Positive,23,19,4,16
STK-0002363,LG-000432,District Administration,Stakeholder Group 1 (Niuland),High,Positive,15,12,3,12
STK-0002364,LG-000432,Contractor,Stakeholder Group 2 (Niuland),High,Positive,49,41,8,25
STK-0002365,LG-000432,Village Administration,Stakeholder Group 3 (Niuland),High,Positive,46,39,7,23
STK-0002366,LG-000432,Village Administration,Stakeholder Group 4 (Niuland),High,Positive,16,13,3,21
STK-0002367,LG-000432,Village Administration,Stakeholder Group 5 (Niuland),High,Positive,32,27,5,22
STK-0002368,LG-000432,District Administration,Stakeholder Group 6 (Niuland),High,Positive,39,33,6,22
STK-0002369,LG-000432,Village Administration,Stakeholder Group 7 (Niuland),High,Positive,26,22,4,13
STK-0002370,LG-000433,Contractor,Stakeholder Group 1 (Noklak),Low,Negative,44,17,27,41
STK-0002371,LG-000433,Contractor,Stakeholder Group 2 (Noklak),Low,Negative,47,18,29,74
STK-0002372,LG-000433,Village Administration,Stakeholder Group 3 (Noklak),Low,Negative,23,9,14,52
STK-0002373,LG-000433,Landowner,Stakeholder Group 4 (Noklak),Low,Negative,9,3,6,44
STK-0002374,LG-000433,Landowner,Stakeholder Group 5 (Noklak),Low,Negative,46,18,28,87
STK-0002375,LG-000433,Landowner,Stakeholder Group 6 (Noklak),Low,Negative,41,16,25,74
STK-0002376,LG-000434,Contractor,Stakeholder Group 1 (Peren),High,Positive,6,5,1,10
STK-0002377,LG-000434,Landowner,Stakeholder Group 2 (Peren),High,Positive,36,30,6,21
STK-0002378,LG-000434,Local Authority,Stakeholder Group 3 (Peren),High,Positive,7,5,2,21
STK-0002379,LG-000434,Contractor,Stakeholder Group 4 (Peren),High,Positive,21,17,4,25
STK-0002380,LG-000434,Local Authority,Stakeholder Group 5 (Peren),High,Positive,43,36,7,20
STK-0002381,LG-000435,Local Authority,Stakeholder Group 1 (Phek),High,Positive,23,19,4,14
STK-0002382,LG-000435,Landowner,Stakeholder Group 2 (Phek),High,Positive,14,11,3,25
STK-0002383,LG-000435,Contractor,Stakeholder Group 3 (Phek),High,Positive,43,36,7,10
STK-0002384,LG-000435,Contractor,Stakeholder Group 4 (Phek),High,Positive,25,21,4,20
STK-0002385,LG-000436,District Administration,Stakeholder Group 1 (Shamator),High,Positive,40,34,6,11
STK-0002386,LG-000436,Village Administration,Stakeholder Group 2 (Shamator),High,Positive,14,11,3,20
STK-0002387,LG-000436,Village Administration,Stakeholder Group 3 (Shamator),High,Positive,25,21,4,25
STK-0002388,LG-000437,Local Authority,Stakeholder Group 1 (Tseminyu),High,Positive,48,40,8,18
STK-0002389,LG-000437,Village Administration,Stakeholder Group 2 (Tseminyu),High,Positive,21,17,4,6
STK-0002390,LG-000437,Local Authority,Stakeholder Group 3 (Tseminyu),High,Positive,5,4,1,16
STK-0002391,LG-000437,Local Authority,Stakeholder Group 4 (Tseminyu),High,Positive,13,11,2,17
STK-0002392,LG-000438,District Administration,Stakeholder Group 1 (Tuensang),High,Positive,30,25,5,14
STK-0002393,LG-000438,Local Authority,Stakeholder Group 2 (Tuensang),High,Positive,46,39,7,12
STK-0002394,LG-000438,Village Administration,Stakeholder Group 3 (Tuensang),High,Positive,40,34,6,6
STK-0002395,LG-000438,Village Administration,Stakeholder Group 4 (Tuensang),High,Positive,17,14,3,17
STK-0002396,LG-000438,Local Authority,Stakeholder Group 5 (Tuensang),High,Positive,10,8,2,10
STK-0002397,LG-000438,Landowner,Stakeholder Group 6 (Tuensang),High,Positive,27,22,5,23
STK-0002398,LG-000438,Contractor,Stakeholder Group 7 (Tuensang),High,Positive,11,9,2,15
STK-0002399,LG-000438,District Administration,Stakeholder Group 8 (Tuensang),High,Positive,30,25,5,12
STK-0002400,LG-000439,Village Administration,Stakeholder Group 1 (Wokha),High,Positive,33,28,5,18
STK-0002401,LG-000439,Village Administration,Stakeholder Group 2 (Wokha),High,Positive,20,17,3,12
STK-0002402,LG-000439,District Administration,Stakeholder Group 3 (Wokha),High,Positive,20,17,3,7
STK-0002403,LG-000439,Local Authority,Stakeholder Group 4 (Wokha),High,Positive,39,33,6,10
STK-0002404,LG-000439,Local Authority,Stakeholder Group 5 (Wokha),High,Positive,6,5,1,7
STK-0002405,LG-000439,District Administration,Stakeholder Group 6 (Wokha),High,Positive,23,19,4,22
STK-0002406,LG-000439,Local Authority,Stakeholder Group 7 (Wokha),High,Positive,46,39,7,17
STK-0002407,LG-000439,Local Authority,Stakeholder Group 8 (Wokha),High,Positive,28,23,5,21
STK-0002408,LG-000440,Village Administration,Stakeholder Group 1 (Zunheboto),High,Positive,26,22,4,25
STK-0002409,LG-000440,Village Administration,Stakeholder Group 2 (Zunheboto),High,Positive,17,14,3,17
STK-0002410,LG-000440,District Administration,Stakeholder Group 3 (Zunheboto),High,Positive,17,14,3,17
STK-0002411,LG-000440,District Administration,Stakeholder Group 4 (Zunheboto),High,Positive,23,19,4,12
STK-0002412,LG-000440,Contractor,Stakeholder Group 5 (Zunheboto),High,Positive,17,14,3,20
STK-0002413,LG-000440,Landowner,Stakeholder Group 6 (Zunheboto),High,Positive,12,10,2,8
STK-0002414,LG-000440,District Administration,Stakeholder Group 7 (Zunheboto),High,Positive,43,36,7,7
STK-0002415,LG-000440,Landowner,Stakeholder Group 8 (Zunheboto),High,Positive,23,19,4,22
STK-0002416,LG-000441,Village Administration,Stakeholder Group 1 (Angul),High,Positive,22,18,4,22
STK-0002417,LG-000441,Village Administration,Stakeholder Group 2 (Angul),High,Positive,36,30,6,10
STK-0002418,LG-000441,Village Administration,Stakeholder Group 3 (Angul),High,Positive,11,9,2,10
STK-0002419,LG-000441,Landowner,Stakeholder Group 4 (Angul),High,Positive,31,26,5,8
STK-0002420,LG-000442,Village Administration,Stakeholder Group 1 (Balangir),Low,Negative,30,12,18,57
STK-0002421,LG-000442,Contractor,Stakeholder Group 2 (Balangir),Low,Negative,47,18,29,41
STK-0002422,LG-000442,Local Authority,Stakeholder Group 3 (Balangir),Low,Negative,18,7,11,52
STK-0002423,LG-000442,District Administration,Stakeholder Group 4 (Balangir),Low,Negative,20,8,12,32
STK-0002424,LG-000442,Landowner,Stakeholder Group 5 (Balangir),Low,Negative,14,5,9,65
STK-0002425,LG-000442,Village Administration,Stakeholder Group 6 (Balangir),Low,Negative,36,14,22,60
STK-0002426,LG-000443,Village Administration,Stakeholder Group 1 (Balasore),Low,Negative,22,8,14,66
STK-0002427,LG-000443,Local Authority,Stakeholder Group 2 (Balasore),Low,Negative,16,6,10,55
STK-0002428,LG-000443,District Administration,Stakeholder Group 3 (Balasore),Low,Negative,10,4,6,67
STK-0002429,LG-000443,Local Authority,Stakeholder Group 4 (Balasore),Low,Negative,15,6,9,34
STK-0002430,LG-000444,Village Administration,Stakeholder Group 1 (Bargarh),High,Positive,12,10,2,22
STK-0002431,LG-000444,Landowner,Stakeholder Group 2 (Bargarh),High,Positive,22,18,4,9
STK-0002432,LG-000444,District Administration,Stakeholder Group 3 (Bargarh),High,Positive,37,31,6,15
STK-0002433,LG-000445,Village Administration,Stakeholder Group 1 (Bhadrak),Low,Negative,12,4,8,74
STK-0002434,LG-000445,Local Authority,Stakeholder Group 2 (Bhadrak),Low,Negative,23,9,14,68
STK-0002435,LG-000445,District Administration,Stakeholder Group 3 (Bhadrak),Low,Negative,23,9,14,32
STK-0002436,LG-000445,Village Administration,Stakeholder Group 4 (Bhadrak),Low,Negative,28,11,17,87
STK-0002437,LG-000445,Village Administration,Stakeholder Group 5 (Bhadrak),Low,Negative,26,10,16,73
STK-0002438,LG-000445,Landowner,Stakeholder Group 6 (Bhadrak),Low,Negative,32,12,20,46
STK-0002439,LG-000445,Local Authority,Stakeholder Group 7 (Bhadrak),Low,Negative,46,18,28,90
STK-0002440,LG-000445,District Administration,Stakeholder Group 8 (Bhadrak),Low,Negative,26,10,16,84
STK-0002441,LG-000446,Village Administration,Stakeholder Group 1 (Boudh),Low,Negative,42,16,26,41
STK-0002442,LG-000446,District Administration,Stakeholder Group 2 (Boudh),Low,Negative,50,20,30,77
STK-0002443,LG-000446,District Administration,Stakeholder Group 3 (Boudh),Low,Negative,36,14,22,81
STK-0002444,LG-000446,District Administration,Stakeholder Group 4 (Boudh),Low,Negative,25,10,15,88
STK-0002445,LG-000447,Local Authority,Stakeholder Group 1 (Cuttack),Low,Negative,9,3,6,42
STK-0002446,LG-000447,Landowner,Stakeholder Group 2 (Cuttack),Low,Negative,50,20,30,55
STK-0002447,LG-000447,Landowner,Stakeholder Group 3 (Cuttack),Low,Negative,22,8,14,71
STK-0002448,LG-000447,District Administration,Stakeholder Group 4 (Cuttack),Low,Negative,36,14,22,49
STK-0002449,LG-000447,Local Authority,Stakeholder Group 5 (Cuttack),Low,Negative,48,19,29,85
STK-0002450,LG-000447,Village Administration,Stakeholder Group 6 (Cuttack),Low,Negative,31,12,19,75
STK-0002451,LG-000448,Local Authority,Stakeholder Group 1 (Deogarh),High,Positive,41,34,7,8
STK-0002452,LG-000448,Landowner,Stakeholder Group 2 (Deogarh),High,Positive,15,12,3,16
STK-0002453,LG-000448,District Administration,Stakeholder Group 3 (Deogarh),High,Positive,17,14,3,10
STK-0002454,LG-000448,District Administration,Stakeholder Group 4 (Deogarh),High,Positive,10,8,2,7
STK-0002455,LG-000448,Local Authority,Stakeholder Group 5 (Deogarh),High,Positive,42,35,7,18
STK-0002456,LG-000448,District Administration,Stakeholder Group 6 (Deogarh),High,Positive,16,13,3,14
STK-0002457,LG-000448,Village Administration,Stakeholder Group 7 (Deogarh),High,Positive,30,25,5,17
STK-0002458,LG-000448,Contractor,Stakeholder Group 8 (Deogarh),High,Positive,14,11,3,20
STK-0002459,LG-000449,Contractor,Stakeholder Group 1 (Dhenkanal),Low,Negative,38,15,23,45
STK-0002460,LG-000449,Landowner,Stakeholder Group 2 (Dhenkanal),Low,Negative,14,5,9,42
STK-0002461,LG-000449,Village Administration,Stakeholder Group 3 (Dhenkanal),Low,Negative,39,15,24,57
STK-0002462,LG-000450,Local Authority,Stakeholder Group 1 (Gajapati),Low,Negative,21,8,13,43
STK-0002463,LG-000450,Landowner,Stakeholder Group 2 (Gajapati),Low,Negative,40,16,24,83
STK-0002464,LG-000450,Contractor,Stakeholder Group 3 (Gajapati),Low,Negative,46,18,28,45
STK-0002465,LG-000450,Village Administration,Stakeholder Group 4 (Gajapati),Low,Negative,32,12,20,80
STK-0002466,LG-000450,Local Authority,Stakeholder Group 5 (Gajapati),Low,Negative,13,5,8,66
STK-0002467,LG-000451,Village Administration,Stakeholder Group 1 (Ganjam),Low,Negative,29,11,18,44
STK-0002468,LG-000451,Contractor,Stakeholder Group 2 (Ganjam),Low,Negative,5,2,3,43
STK-0002469,LG-000451,Village Administration,Stakeholder Group 3 (Ganjam),Low,Negative,23,9,14,38
STK-0002470,LG-000452,District Administration,Stakeholder Group 1 (Jagatsinghpur),Low,Negative,28,11,17,42
STK-0002471,LG-000452,Local Authority,Stakeholder Group 2 (Jagatsinghpur),Low,Negative,34,13,21,81
STK-0002472,LG-000452,Landowner,Stakeholder Group 3 (Jagatsinghpur),Low,Negative,17,6,11,31
STK-0002473,LG-000452,Village Administration,Stakeholder Group 4 (Jagatsinghpur),Low,Negative,46,18,28,77
STK-0002474,LG-000452,District Administration,Stakeholder Group 5 (Jagatsinghpur),Low,Negative,9,3,6,70
STK-0002475,LG-000452,Landowner,Stakeholder Group 6 (Jagatsinghpur),Low,Negative,27,10,17,77
STK-0002476,LG-000452,Contractor,Stakeholder Group 7 (Jagatsinghpur),Low,Negative,39,15,24,53
STK-0002477,LG-000453,Landowner,Stakeholder Group 1 (Jajpur),High,Positive,41,34,7,16
STK-0002478,LG-000453,Local Authority,Stakeholder Group 2 (Jajpur),High,Positive,14,11,3,17
STK-0002479,LG-000453,Contractor,Stakeholder Group 3 (Jajpur),High,Positive,40,34,6,20
STK-0002480,LG-000453,Landowner,Stakeholder Group 4 (Jajpur),High,Positive,7,5,2,19
STK-0002481,LG-000453,Local Authority,Stakeholder Group 5 (Jajpur),High,Positive,46,39,7,25
STK-0002482,LG-000453,Landowner,Stakeholder Group 6 (Jajpur),High,Positive,17,14,3,13
STK-0002483,LG-000454,Village Administration,Stakeholder Group 1 (Jharsuguda),High,Positive,5,4,1,23
STK-0002484,LG-000454,Local Authority,Stakeholder Group 2 (Jharsuguda),High,Positive,43,36,7,20
STK-0002485,LG-000454,Contractor,Stakeholder Group 3 (Jharsuguda),High,Positive,38,32,6,16
STK-0002486,LG-000454,Contractor,Stakeholder Group 4 (Jharsuguda),High,Positive,26,22,4,11
STK-0002487,LG-000454,Landowner,Stakeholder Group 5 (Jharsuguda),High,Positive,40,34,6,14
STK-0002488,LG-000454,Contractor,Stakeholder Group 6 (Jharsuguda),High,Positive,11,9,2,13
STK-0002489,LG-000454,Landowner,Stakeholder Group 7 (Jharsuguda),High,Positive,9,7,2,25
STK-0002490,LG-000455,Landowner,Stakeholder Group 1 (Kalahandi),High,Positive,29,24,5,21
STK-0002491,LG-000455,Local Authority,Stakeholder Group 2 (Kalahandi),High,Positive,36,30,6,23
STK-0002492,LG-000455,Local Authority,Stakeholder Group 3 (Kalahandi),High,Positive,42,35,7,17
STK-0002493,LG-000456,District Administration,Stakeholder Group 1 (Kandhamal),High,Positive,5,4,1,15
STK-0002494,LG-000456,Landowner,Stakeholder Group 2 (Kandhamal),High,Positive,28,23,5,13
STK-0002495,LG-000456,Landowner,Stakeholder Group 3 (Kandhamal),High,Positive,37,31,6,16
STK-0002496,LG-000456,Local Authority,Stakeholder Group 4 (Kandhamal),High,Positive,23,19,4,18
STK-0002497,LG-000456,Landowner,Stakeholder Group 5 (Kandhamal),High,Positive,12,10,2,11
STK-0002498,LG-000456,Contractor,Stakeholder Group 6 (Kandhamal),High,Positive,48,40,8,24
STK-0002499,LG-000457,Contractor,Stakeholder Group 1 (Kendrapara),Low,Negative,20,8,12,89
STK-0002500,LG-000457,Landowner,Stakeholder Group 2 (Kendrapara),Low,Negative,27,10,17,79
STK-0002501,LG-000457,District Administration,Stakeholder Group 3 (Kendrapara),Low,Negative,40,16,24,58
STK-0002502,LG-000457,Contractor,Stakeholder Group 4 (Kendrapara),Low,Negative,32,12,20,59
STK-0002503,LG-000457,Contractor,Stakeholder Group 5 (Kendrapara),Low,Negative,45,18,27,47
STK-0002504,LG-000457,Landowner,Stakeholder Group 6 (Kendrapara),Low,Negative,23,9,14,80
STK-0002505,LG-000457,Village Administration,Stakeholder Group 7 (Kendrapara),Low,Negative,36,14,22,64
STK-0002506,LG-000457,Local Authority,Stakeholder Group 8 (Kendrapara),Low,Negative,39,15,24,83
STK-0002507,LG-000458,Village Administration,Stakeholder Group 1 (Kendujhar),Low,Negative,35,14,21,51
STK-0002508,LG-000458,Local Authority,Stakeholder Group 2 (Kendujhar),Low,Negative,36,14,22,38
STK-0002509,LG-000458,Village Administration,Stakeholder Group 3 (Kendujhar),Low,Negative,5,2,3,61
STK-0002510,LG-000459,Contractor,Stakeholder Group 1 (Khordha),Low,Negative,17,6,11,59
STK-0002511,LG-000459,Landowner,Stakeholder Group 2 (Khordha),Low,Negative,48,19,29,45
STK-0002512,LG-000459,Contractor,Stakeholder Group 3 (Khordha),Low,Negative,48,19,29,68
STK-0002513,LG-000459,Village Administration,Stakeholder Group 4 (Khordha),Low,Negative,32,12,20,46
STK-0002514,LG-000459,Village Administration,Stakeholder Group 5 (Khordha),Low,Negative,33,13,20,61
STK-0002515,LG-000459,Contractor,Stakeholder Group 6 (Khordha),Low,Negative,46,18,28,47
STK-0002516,LG-000460,Landowner,Stakeholder Group 1 (Koraput),High,Positive,32,27,5,6
STK-0002517,LG-000460,Contractor,Stakeholder Group 2 (Koraput),High,Positive,16,13,3,15
STK-0002518,LG-000460,Village Administration,Stakeholder Group 3 (Koraput),High,Positive,33,28,5,6
STK-0002519,LG-000460,Local Authority,Stakeholder Group 4 (Koraput),High,Positive,23,19,4,10
STK-0002520,LG-000460,Local Authority,Stakeholder Group 5 (Koraput),High,Positive,13,11,2,25
STK-0002521,LG-000461,Village Administration,Stakeholder Group 1 (Malkangiri),High,Positive,6,5,1,11
STK-0002522,LG-000461,Local Authority,Stakeholder Group 2 (Malkangiri),High,Positive,35,29,6,22
STK-0002523,LG-000461,Landowner,Stakeholder Group 3 (Malkangiri),High,Positive,7,5,2,13
STK-0002524,LG-000462,Village Administration,Stakeholder Group 1 (Mayurbhanj),High,Positive,43,36,7,8
STK-0002525,LG-000462,Local Authority,Stakeholder Group 2 (Mayurbhanj),High,Positive,22,18,4,8
STK-0002526,LG-000462,Landowner,Stakeholder Group 3 (Mayurbhanj),High,Positive,8,6,2,25
STK-0002527,LG-000462,Village Administration,Stakeholder Group 4 (Mayurbhanj),High,Positive,21,17,4,11
STK-0002528,LG-000462,Local Authority,Stakeholder Group 5 (Mayurbhanj),High,Positive,15,12,3,20
STK-0002529,LG-000462,Village Administration,Stakeholder Group 6 (Mayurbhanj),High,Positive,26,22,4,8
STK-0002530,LG-000462,Local Authority,Stakeholder Group 7 (Mayurbhanj),High,Positive,37,31,6,17
STK-0002531,LG-000462,Local Authority,Stakeholder Group 8 (Mayurbhanj),High,Positive,38,32,6,15
STK-0002532,LG-000463,District Administration,Stakeholder Group 1 (Nabarangpur),Low,Negative,26,10,16,49
STK-0002533,LG-000463,Local Authority,Stakeholder Group 2 (Nabarangpur),Low,Negative,13,5,8,57
STK-0002534,LG-000463,District Administration,Stakeholder Group 3 (Nabarangpur),Low,Negative,15,6,9,63
STK-0002535,LG-000464,Contractor,Stakeholder Group 1 (Nayagarh),High,Positive,30,25,5,9
STK-0002536,LG-000464,District Administration,Stakeholder Group 2 (Nayagarh),High,Positive,28,23,5,13
STK-0002537,LG-000464,Local Authority,Stakeholder Group 3 (Nayagarh),High,Positive,48,40,8,7
STK-0002538,LG-000465,Local Authority,Stakeholder Group 1 (Nuapada),Low,Negative,33,13,20,42
STK-0002539,LG-000465,Village Administration,Stakeholder Group 2 (Nuapada),Low,Negative,49,19,30,49
STK-0002540,LG-000465,Local Authority,Stakeholder Group 3 (Nuapada),Low,Negative,46,18,28,51
STK-0002541,LG-000465,Village Administration,Stakeholder Group 4 (Nuapada),Low,Negative,7,2,5,70
STK-0002542,LG-000465,District Administration,Stakeholder Group 5 (Nuapada),Low,Negative,36,14,22,46
STK-0002543,LG-000465,Contractor,Stakeholder Group 6 (Nuapada),Low,Negative,33,13,20,65
STK-0002544,LG-000465,Local Authority,Stakeholder Group 7 (Nuapada),Low,Negative,26,10,16,31
STK-0002545,LG-000465,District Administration,Stakeholder Group 8 (Nuapada),Low,Negative,11,4,7,82
STK-0002546,LG-000466,Local Authority,Stakeholder Group 1 (Puri),High,Positive,25,21,4,21
STK-0002547,LG-000466,Village Administration,Stakeholder Group 2 (Puri),High,Positive,33,28,5,9
STK-0002548,LG-000466,District Administration,Stakeholder Group 3 (Puri),High,Positive,32,27,5,13
STK-0002549,LG-000466,Local Authority,Stakeholder Group 4 (Puri),High,Positive,6,5,1,18
STK-0002550,LG-000467,Village Administration,Stakeholder Group 1 (Rayagada),High,Positive,14,11,3,13
STK-0002551,LG-000467,District Administration,Stakeholder Group 2 (Rayagada),High,Positive,11,9,2,6
STK-0002552,LG-000467,Village Administration,Stakeholder Group 3 (Rayagada),High,Positive,47,39,8,7
STK-0002553,LG-000467,District Administration,Stakeholder Group 4 (Rayagada),High,Positive,19,16,3,16
STK-0002554,LG-000467,Local Authority,Stakeholder Group 5 (Rayagada),High,Positive,19,16,3,22
STK-0002555,LG-000468,Contractor,Stakeholder Group 1 (Sambalpur),Low,Negative,13,5,8,83
STK-0002556,LG-000468,Local Authority,Stakeholder Group 2 (Sambalpur),Low,Negative,11,4,7,53
STK-0002557,LG-000468,Local Authority,Stakeholder Group 3 (Sambalpur),Low,Negative,50,20,30,80
STK-0002558,LG-000468,Contractor,Stakeholder Group 4 (Sambalpur),Low,Negative,17,6,11,88
STK-0002559,LG-000469,Local Authority,Stakeholder Group 1 (Subarnapur),Low,Negative,42,16,26,49
STK-0002560,LG-000469,Contractor,Stakeholder Group 2 (Subarnapur),Low,Negative,18,7,11,42
STK-0002561,LG-000469,Local Authority,Stakeholder Group 3 (Subarnapur),Low,Negative,14,5,9,54
STK-0002562,LG-000469,Local Authority,Stakeholder Group 4 (Subarnapur),Low,Negative,42,16,26,69
STK-0002563,LG-000469,Village Administration,Stakeholder Group 5 (Subarnapur),Low,Negative,41,16,25,67
STK-0002564,LG-000470,Landowner,Stakeholder Group 1 (Sundargarh),High,Positive,19,16,3,8
STK-0002565,LG-000470,Local Authority,Stakeholder Group 2 (Sundargarh),High,Positive,24,20,4,12
STK-0002566,LG-000470,District Administration,Stakeholder Group 3 (Sundargarh),High,Positive,32,27,5,21
STK-0002567,LG-000470,Contractor,Stakeholder Group 4 (Sundargarh),High,Positive,34,28,6,23
STK-0002568,LG-000470,Contractor,Stakeholder Group 5 (Sundargarh),High,Positive,22,18,4,19
STK-0002569,LG-000470,District Administration,Stakeholder Group 6 (Sundargarh),High,Positive,20,17,3,17
STK-0002570,LG-000470,Village Administration,Stakeholder Group 7 (Sundargarh),High,Positive,11,9,2,21
STK-0002571,LG-000470,Local Authority,Stakeholder Group 8 (Sundargarh),High,Positive,25,21,4,8
STK-0002572,LG-000471,District Administration,Stakeholder Group 1 (Amritsar),High,Positive,15,12,3,11
STK-0002573,LG-000471,Local Authority,Stakeholder Group 2 (Amritsar),High,Positive,12,10,2,12
STK-0002574,LG-000471,Local Authority,Stakeholder Group 3 (Amritsar),High,Positive,33,28,5,24
STK-0002575,LG-000471,District Administration,Stakeholder Group 4 (Amritsar),High,Positive,6,5,1,25
STK-0002576,LG-000472,Landowner,Stakeholder Group 1 (Barnala),High,Positive,44,37,7,14
STK-0002577,LG-000472,Village Administration,Stakeholder Group 2 (Barnala),High,Positive,14,11,3,20
STK-0002578,LG-000472,District Administration,Stakeholder Group 3 (Barnala),High,Positive,49,41,8,11
STK-0002579,LG-000472,Village Administration,Stakeholder Group 4 (Barnala),High,Positive,13,11,2,11
STK-0002580,LG-000472,Landowner,Stakeholder Group 5 (Barnala),High,Positive,20,17,3,22
STK-0002581,LG-000472,Contractor,Stakeholder Group 6 (Barnala),High,Positive,46,39,7,9
STK-0002582,LG-000472,Contractor,Stakeholder Group 7 (Barnala),High,Positive,22,18,4,10
STK-0002583,LG-000472,District Administration,Stakeholder Group 8 (Barnala),High,Positive,12,10,2,16
STK-0002584,LG-000473,District Administration,Stakeholder Group 1 (Bathinda),High,Positive,33,28,5,24
STK-0002585,LG-000473,Contractor,Stakeholder Group 2 (Bathinda),High,Positive,38,32,6,20
STK-0002586,LG-000473,Local Authority,Stakeholder Group 3 (Bathinda),High,Positive,47,39,8,16
STK-0002587,LG-000473,Local Authority,Stakeholder Group 4 (Bathinda),High,Positive,38,32,6,16
STK-0002588,LG-000473,Landowner,Stakeholder Group 5 (Bathinda),High,Positive,20,17,3,23
STK-0002589,LG-000473,Village Administration,Stakeholder Group 6 (Bathinda),High,Positive,31,26,5,6
STK-0002590,LG-000474,District Administration,Stakeholder Group 1 (Faridkot),High,Positive,44,37,7,25
STK-0002591,LG-000474,Contractor,Stakeholder Group 2 (Faridkot),High,Positive,19,16,3,14
STK-0002592,LG-000474,Village Administration,Stakeholder Group 3 (Faridkot),High,Positive,11,9,2,11
STK-0002593,LG-000474,Contractor,Stakeholder Group 4 (Faridkot),High,Positive,33,28,5,11
STK-0002594,LG-000474,Village Administration,Stakeholder Group 5 (Faridkot),High,Positive,27,22,5,23
STK-0002595,LG-000474,Contractor,Stakeholder Group 6 (Faridkot),High,Positive,19,16,3,15
STK-0002596,LG-000475,Local Authority,Stakeholder Group 1 (Fatehgarh Sahib),High,Positive,41,34,7,22
STK-0002597,LG-000475,Village Administration,Stakeholder Group 2 (Fatehgarh Sahib),High,Positive,17,14,3,20
STK-0002598,LG-000475,Landowner,Stakeholder Group 3 (Fatehgarh Sahib),High,Positive,32,27,5,12
STK-0002599,LG-000475,Contractor,Stakeholder Group 4 (Fatehgarh Sahib),High,Positive,31,26,5,24
STK-0002600,LG-000476,Local Authority,Stakeholder Group 1 (Fazilka),High,Positive,36,30,6,24
STK-0002601,LG-000476,Village Administration,Stakeholder Group 2 (Fazilka),High,Positive,9,7,2,24
STK-0002602,LG-000476,Landowner,Stakeholder Group 3 (Fazilka),High,Positive,22,18,4,8
STK-0002603,LG-000476,Local Authority,Stakeholder Group 4 (Fazilka),High,Positive,25,21,4,25
STK-0002604,LG-000476,District Administration,Stakeholder Group 5 (Fazilka),High,Positive,13,11,2,9
STK-0002605,LG-000476,Landowner,Stakeholder Group 6 (Fazilka),High,Positive,50,42,8,10
STK-0002606,LG-000477,Contractor,Stakeholder Group 1 (Firozpur),Low,Negative,31,12,19,38
STK-0002607,LG-000477,Contractor,Stakeholder Group 2 (Firozpur),Low,Negative,20,8,12,80
STK-0002608,LG-000477,District Administration,Stakeholder Group 3 (Firozpur),Low,Negative,46,18,28,36
STK-0002609,LG-000477,Contractor,Stakeholder Group 4 (Firozpur),Low,Negative,8,3,5,41
STK-0002610,LG-000477,Contractor,Stakeholder Group 5 (Firozpur),Low,Negative,33,13,20,68
STK-0002611,LG-000477,District Administration,Stakeholder Group 6 (Firozpur),Low,Negative,5,2,3,84
STK-0002612,LG-000477,Landowner,Stakeholder Group 7 (Firozpur),Low,Negative,31,12,19,33
STK-0002613,LG-000478,Village Administration,Stakeholder Group 1 (Gurdaspur),High,Positive,7,5,2,23
STK-0002614,LG-000478,Contractor,Stakeholder Group 2 (Gurdaspur),High,Positive,13,11,2,20
STK-0002615,LG-000478,Landowner,Stakeholder Group 3 (Gurdaspur),High,Positive,31,26,5,5
STK-0002616,LG-000478,Village Administration,Stakeholder Group 4 (Gurdaspur),High,Positive,8,6,2,18
STK-0002617,LG-000478,District Administration,Stakeholder Group 5 (Gurdaspur),High,Positive,6,5,1,24
STK-0002618,LG-000478,Contractor,Stakeholder Group 6 (Gurdaspur),High,Positive,35,29,6,23
STK-0002619,LG-000478,District Administration,Stakeholder Group 7 (Gurdaspur),High,Positive,21,17,4,17
STK-0002620,LG-000479,District Administration,Stakeholder Group 1 (Hoshiarpur),Low,Negative,9,3,6,51
STK-0002621,LG-000479,Landowner,Stakeholder Group 2 (Hoshiarpur),Low,Negative,32,12,20,84
STK-0002622,LG-000479,Local Authority,Stakeholder Group 3 (Hoshiarpur),Low,Negative,5,2,3,39
STK-0002623,LG-000480,Landowner,Stakeholder Group 1 (Jalandhar),Low,Negative,13,5,8,66
STK-0002624,LG-000480,Landowner,Stakeholder Group 2 (Jalandhar),Low,Negative,22,8,14,34
STK-0002625,LG-000480,Contractor,Stakeholder Group 3 (Jalandhar),Low,Negative,36,14,22,85
STK-0002626,LG-000480,Village Administration,Stakeholder Group 4 (Jalandhar),Low,Negative,15,6,9,41
STK-0002627,LG-000481,Local Authority,Stakeholder Group 1 (Kapurthala),Low,Negative,7,2,5,68
STK-0002628,LG-000481,Landowner,Stakeholder Group 2 (Kapurthala),Low,Negative,38,15,23,54
STK-0002629,LG-000481,Village Administration,Stakeholder Group 3 (Kapurthala),Low,Negative,50,20,30,73
STK-0002630,LG-000482,Village Administration,Stakeholder Group 1 (Ludhiana),Low,Negative,33,13,20,79
STK-0002631,LG-000482,Landowner,Stakeholder Group 2 (Ludhiana),Low,Negative,12,4,8,47
STK-0002632,LG-000482,Contractor,Stakeholder Group 3 (Ludhiana),Low,Negative,41,16,25,79
STK-0002633,LG-000482,Contractor,Stakeholder Group 4 (Ludhiana),Low,Negative,5,2,3,84
STK-0002634,LG-000482,Landowner,Stakeholder Group 5 (Ludhiana),Low,Negative,32,12,20,68
STK-0002635,LG-000482,District Administration,Stakeholder Group 6 (Ludhiana),Low,Negative,18,7,11,66
STK-0002636,LG-000483,Contractor,Stakeholder Group 1 (Malerkotla),Low,Negative,25,10,15,75
STK-0002637,LG-000483,Local Authority,Stakeholder Group 2 (Malerkotla),Low,Negative,35,14,21,72
STK-0002638,LG-000483,Landowner,Stakeholder Group 3 (Malerkotla),Low,Negative,26,10,16,43
STK-0002639,LG-000483,Landowner,Stakeholder Group 4 (Malerkotla),Low,Negative,9,3,6,44
STK-0002640,LG-000483,Local Authority,Stakeholder Group 5 (Malerkotla),Low,Negative,42,16,26,89
STK-0002641,LG-000483,Landowner,Stakeholder Group 6 (Malerkotla),Low,Negative,24,9,15,48
STK-0002642,LG-000484,District Administration,Stakeholder Group 1 (Mansa),Low,Negative,36,14,22,68
STK-0002643,LG-000484,Landowner,Stakeholder Group 2 (Mansa),Low,Negative,17,6,11,66
STK-0002644,LG-000484,District Administration,Stakeholder Group 3 (Mansa),Low,Negative,20,8,12,48
STK-0002645,LG-000485,Contractor,Stakeholder Group 1 (Moga),High,Positive,21,17,4,5
STK-0002646,LG-000485,Landowner,Stakeholder Group 2 (Moga),High,Positive,6,5,1,11
STK-0002647,LG-000485,Village Administration,Stakeholder Group 3 (Moga),High,Positive,29,24,5,20
STK-0002648,LG-000486,District Administration,Stakeholder Group 1 (Pathankot),Low,Negative,14,5,9,39
STK-0002649,LG-000486,Village Administration,Stakeholder Group 2 (Pathankot),Low,Negative,27,10,17,48
STK-0002650,LG-000486,Contractor,Stakeholder Group 3 (Pathankot),Low,Negative,46,18,28,61
STK-0002651,LG-000486,Village Administration,Stakeholder Group 4 (Pathankot),Low,Negative,18,7,11,65
STK-0002652,LG-000486,District Administration,Stakeholder Group 5 (Pathankot),Low,Negative,23,9,14,51
STK-0002653,LG-000486,Landowner,Stakeholder Group 6 (Pathankot),Low,Negative,42,16,26,50
STK-0002654,LG-000487,District Administration,Stakeholder Group 1 (Patiala),Low,Negative,49,19,30,83
STK-0002655,LG-000487,Contractor,Stakeholder Group 2 (Patiala),Low,Negative,23,9,14,67
STK-0002656,LG-000487,Landowner,Stakeholder Group 3 (Patiala),Low,Negative,11,4,7,76
STK-0002657,LG-000488,Landowner,Stakeholder Group 1 (Rupnagar),High,Positive,23,19,4,16
STK-0002658,LG-000488,Contractor,Stakeholder Group 2 (Rupnagar),High,Positive,11,9,2,20
STK-0002659,LG-000488,Local Authority,Stakeholder Group 3 (Rupnagar),High,Positive,46,39,7,9
STK-0002660,LG-000488,Local Authority,Stakeholder Group 4 (Rupnagar),High,Positive,33,28,5,23
STK-0002661,LG-000488,Contractor,Stakeholder Group 5 (Rupnagar),High,Positive,50,42,8,9
STK-0002662,LG-000488,Village Administration,Stakeholder Group 6 (Rupnagar),High,Positive,46,39,7,21
STK-0002663,LG-000489,Local Authority,Stakeholder Group 1 (Sahibzada Ajit Singh Nagar),High,Positive,30,25,5,8
STK-0002664,LG-000489,Landowner,Stakeholder Group 2 (Sahibzada Ajit Singh Nagar),High,Positive,11,9,2,16
STK-0002665,LG-000489,Local Authority,Stakeholder Group 3 (Sahibzada Ajit Singh Nagar),High,Positive,35,29,6,17
STK-0002666,LG-000489,Village Administration,Stakeholder Group 4 (Sahibzada Ajit Singh Nagar),High,Positive,14,11,3,15
STK-0002667,LG-000489,Landowner,Stakeholder Group 5 (Sahibzada Ajit Singh Nagar),High,Positive,8,6,2,12
STK-0002668,LG-000489,Landowner,Stakeholder Group 6 (Sahibzada Ajit Singh Nagar),High,Positive,39,33,6,12
STK-0002669,LG-000489,Landowner,Stakeholder Group 7 (Sahibzada Ajit Singh Nagar),High,Positive,44,37,7,18
STK-0002670,LG-000489,Contractor,Stakeholder Group 8 (Sahibzada Ajit Singh Nagar),High,Positive,38,32,6,10
STK-0002671,LG-000490,Local Authority,Stakeholder Group 1 (Sangrur),High,Positive,46,39,7,16
STK-0002672,LG-000490,Landowner,Stakeholder Group 2 (Sangrur),High,Positive,23,19,4,17
STK-0002673,LG-000490,Local Authority,Stakeholder Group 3 (Sangrur),High,Positive,5,4,1,14
STK-0002674,LG-000490,Landowner,Stakeholder Group 4 (Sangrur),High,Positive,14,11,3,14
STK-0002675,LG-000491,District Administration,Stakeholder Group 1 (Shahid Bhagat Singh Nagar),Low,Negative,13,5,8,80
STK-0002676,LG-000491,Landowner,Stakeholder Group 2 (Shahid Bhagat Singh Nagar),Low,Negative,10,4,6,53
STK-0002677,LG-000491,Local Authority,Stakeholder Group 3 (Shahid Bhagat Singh Nagar),Low,Negative,5,2,3,58
STK-0002678,LG-000492,Village Administration,Stakeholder Group 1 (Sri Muktsar Sahib),High,Positive,45,38,7,10
STK-0002679,LG-000492,Village Administration,Stakeholder Group 2 (Sri Muktsar Sahib),High,Positive,39,33,6,5
STK-0002680,LG-000492,District Administration,Stakeholder Group 3 (Sri Muktsar Sahib),High,Positive,14,11,3,16
STK-0002681,LG-000492,Village Administration,Stakeholder Group 4 (Sri Muktsar Sahib),High,Positive,32,27,5,10
STK-0002682,LG-000492,Village Administration,Stakeholder Group 5 (Sri Muktsar Sahib),High,Positive,34,28,6,25
STK-0002683,LG-000493,Contractor,Stakeholder Group 1 (Tarn Taran),High,Positive,19,16,3,9
STK-0002684,LG-000493,Local Authority,Stakeholder Group 2 (Tarn Taran),High,Positive,38,32,6,14
STK-0002685,LG-000493,District Administration,Stakeholder Group 3 (Tarn Taran),High,Positive,40,34,6,6
STK-0002686,LG-000493,Village Administration,Stakeholder Group 4 (Tarn Taran),High,Positive,46,39,7,11
STK-0002687,LG-000493,Landowner,Stakeholder Group 5 (Tarn Taran),High,Positive,21,17,4,12
STK-0002688,LG-000494,Local Authority,Stakeholder Group 1 (Ajmer),High,Positive,18,15,3,19
STK-0002689,LG-000494,Landowner,Stakeholder Group 2 (Ajmer),High,Positive,24,20,4,8
STK-0002690,LG-000494,District Administration,Stakeholder Group 3 (Ajmer),High,Positive,9,7,2,5
STK-0002691,LG-000494,Village Administration,Stakeholder Group 4 (Ajmer),High,Positive,44,37,7,6
STK-0002692,LG-000494,Landowner,Stakeholder Group 5 (Ajmer),High,Positive,18,15,3,17
STK-0002693,LG-000494,Contractor,Stakeholder Group 6 (Ajmer),High,Positive,5,4,1,17
STK-0002694,LG-000494,Landowner,Stakeholder Group 7 (Ajmer),High,Positive,46,39,7,12
STK-0002695,LG-000494,Contractor,Stakeholder Group 8 (Ajmer),High,Positive,15,12,3,20
STK-0002696,LG-000495,Landowner,Stakeholder Group 1 (Alwar),High,Positive,36,30,6,6
STK-0002697,LG-000495,Local Authority,Stakeholder Group 2 (Alwar),High,Positive,46,39,7,8
STK-0002698,LG-000495,Village Administration,Stakeholder Group 3 (Alwar),High,Positive,16,13,3,17
STK-0002699,LG-000496,District Administration,Stakeholder Group 1 (Banswara),Low,Negative,37,14,23,30
STK-0002700,LG-000496,Village Administration,Stakeholder Group 2 (Banswara),Low,Negative,20,8,12,60
STK-0002701,LG-000496,District Administration,Stakeholder Group 3 (Banswara),Low,Negative,11,4,7,47
STK-0002702,LG-000496,Landowner,Stakeholder Group 4 (Banswara),Low,Negative,34,13,21,43
STK-0002703,LG-000496,Contractor,Stakeholder Group 5 (Banswara),Low,Negative,11,4,7,65
STK-0002704,LG-000496,District Administration,Stakeholder Group 6 (Banswara),Low,Negative,34,13,21,83
STK-0002705,LG-000496,Local Authority,Stakeholder Group 7 (Banswara),Low,Negative,15,6,9,55
STK-0002706,LG-000497,Contractor,Stakeholder Group 1 (Baran),High,Positive,43,36,7,12
STK-0002707,LG-000497,District Administration,Stakeholder Group 2 (Baran),High,Positive,29,24,5,20
STK-0002708,LG-000497,Contractor,Stakeholder Group 3 (Baran),High,Positive,31,26,5,9
STK-0002709,LG-000498,Local Authority,Stakeholder Group 1 (Barmer),High,Positive,19,16,3,9
STK-0002710,LG-000498,District Administration,Stakeholder Group 2 (Barmer),High,Positive,29,24,5,10
STK-0002711,LG-000498,Local Authority,Stakeholder Group 3 (Barmer),High,Positive,30,25,5,18
STK-0002712,LG-000498,District Administration,Stakeholder Group 4 (Barmer),High,Positive,5,4,1,9
STK-0002713,LG-000499,Contractor,Stakeholder Group 1 (Bharatpur),High,Positive,42,35,7,21
STK-0002714,LG-000499,Local Authority,Stakeholder Group 2 (Bharatpur),High,Positive,20,17,3,6
STK-0002715,LG-000499,District Administration,Stakeholder Group 3 (Bharatpur),High,Positive,11,9,2,20
STK-0002716,LG-000499,Contractor,Stakeholder Group 4 (Bharatpur),High,Positive,5,4,1,22
STK-0002717,LG-000499,Village Administration,Stakeholder Group 5 (Bharatpur),High,Positive,37,31,6,24
STK-0002718,LG-000499,Village Administration,Stakeholder Group 6 (Bharatpur),High,Positive,7,5,2,9
STK-0002719,LG-000499,Village Administration,Stakeholder Group 7 (Bharatpur),High,Positive,7,5,2,19
STK-0002720,LG-000499,Village Administration,Stakeholder Group 8 (Bharatpur),High,Positive,21,17,4,15
STK-0002721,LG-000500,Landowner,Stakeholder Group 1 (Bhilwara),Low,Negative,46,18,28,66
STK-0002722,LG-000500,Contractor,Stakeholder Group 2 (Bhilwara),Low,Negative,30,12,18,56
STK-0002723,LG-000500,Village Administration,Stakeholder Group 3 (Bhilwara),Low,Negative,18,7,11,43
STK-0002724,LG-000500,District Administration,Stakeholder Group 4 (Bhilwara),Low,Negative,6,2,4,77
STK-0002725,LG-000500,Local Authority,Stakeholder Group 5 (Bhilwara),Low,Negative,42,16,26,48
STK-0002726,LG-000500,Local Authority,Stakeholder Group 6 (Bhilwara),Low,Negative,7,2,5,66
STK-0002727,LG-000500,Local Authority,Stakeholder Group 7 (Bhilwara),Low,Negative,34,13,21,86
STK-0002728,LG-000500,Contractor,Stakeholder Group 8 (Bhilwara),Low,Negative,36,14,22,47
STK-0002729,LG-000501,Local Authority,Stakeholder Group 1 (Bikaner),High,Positive,40,34,6,9
STK-0002730,LG-000501,Local Authority,Stakeholder Group 2 (Bikaner),High,Positive,5,4,1,19
STK-0002731,LG-000501,Landowner,Stakeholder Group 3 (Bikaner),High,Positive,20,17,3,14
STK-0002732,LG-000501,Contractor,Stakeholder Group 4 (Bikaner),High,Positive,35,29,6,13
STK-0002733,LG-000501,District Administration,Stakeholder Group 5 (Bikaner),High,Positive,34,28,6,16
STK-0002734,LG-000501,Landowner,Stakeholder Group 6 (Bikaner),High,Positive,39,33,6,25
STK-0002735,LG-000502,Local Authority,Stakeholder Group 1 (Bundi),Low,Negative,27,10,17,82
STK-0002736,LG-000502,Local Authority,Stakeholder Group 2 (Bundi),Low,Negative,29,11,18,75
STK-0002737,LG-000502,District Administration,Stakeholder Group 3 (Bundi),Low,Negative,49,19,30,60
STK-0002738,LG-000502,Village Administration,Stakeholder Group 4 (Bundi),Low,Negative,45,18,27,52
STK-0002739,LG-000502,Local Authority,Stakeholder Group 5 (Bundi),Low,Negative,16,6,10,70
STK-0002740,LG-000502,Village Administration,Stakeholder Group 6 (Bundi),Low,Negative,23,9,14,76
STK-0002741,LG-000502,Contractor,Stakeholder Group 7 (Bundi),Low,Negative,29,11,18,69
STK-0002742,LG-000502,District Administration,Stakeholder Group 8 (Bundi),Low,Negative,14,5,9,63
STK-0002743,LG-000503,Landowner,Stakeholder Group 1 (Chittorgarh),High,Positive,18,15,3,25
STK-0002744,LG-000503,Local Authority,Stakeholder Group 2 (Chittorgarh),High,Positive,50,42,8,15
STK-0002745,LG-000503,Landowner,Stakeholder Group 3 (Chittorgarh),High,Positive,27,22,5,10
STK-0002746,LG-000503,Landowner,Stakeholder Group 4 (Chittorgarh),High,Positive,49,41,8,7
STK-0002747,LG-000503,Contractor,Stakeholder Group 5 (Chittorgarh),High,Positive,23,19,4,23
STK-0002748,LG-000503,Contractor,Stakeholder Group 6 (Chittorgarh),High,Positive,44,37,7,10
STK-0002749,LG-000503,Village Administration,Stakeholder Group 7 (Chittorgarh),High,Positive,45,38,7,11
STK-0002750,LG-000503,District Administration,Stakeholder Group 8 (Chittorgarh),High,Positive,33,28,5,19
STK-0002751,LG-000504,Contractor,Stakeholder Group 1 (Churu),Low,Negative,38,15,23,64
STK-0002752,LG-000504,District Administration,Stakeholder Group 2 (Churu),Low,Negative,24,9,15,59
STK-0002753,LG-000504,Landowner,Stakeholder Group 3 (Churu),Low,Negative,14,5,9,60
STK-0002754,LG-000504,District Administration,Stakeholder Group 4 (Churu),Low,Negative,44,17,27,66
STK-0002755,LG-000504,Landowner,Stakeholder Group 5 (Churu),Low,Negative,36,14,22,55
STK-0002756,LG-000504,Village Administration,Stakeholder Group 6 (Churu),Low,Negative,30,12,18,73
STK-0002757,LG-000504,District Administration,Stakeholder Group 7 (Churu),Low,Negative,12,4,8,56
STK-0002758,LG-000505,Village Administration,Stakeholder Group 1 (Dausa),Low,Negative,39,15,24,33
STK-0002759,LG-000505,Village Administration,Stakeholder Group 2 (Dausa),Low,Negative,18,7,11,39
STK-0002760,LG-000505,Contractor,Stakeholder Group 3 (Dausa),Low,Negative,23,9,14,75
STK-0002761,LG-000505,Contractor,Stakeholder Group 4 (Dausa),Low,Negative,36,14,22,84
STK-0002762,LG-000506,District Administration,Stakeholder Group 1 (Dholpur),Low,Negative,34,13,21,46
STK-0002763,LG-000506,Contractor,Stakeholder Group 2 (Dholpur),Low,Negative,32,12,20,74
STK-0002764,LG-000506,Contractor,Stakeholder Group 3 (Dholpur),Low,Negative,16,6,10,76
STK-0002765,LG-000506,District Administration,Stakeholder Group 4 (Dholpur),Low,Negative,41,16,25,37
STK-0002766,LG-000506,District Administration,Stakeholder Group 5 (Dholpur),Low,Negative,27,10,17,72
STK-0002767,LG-000506,Local Authority,Stakeholder Group 6 (Dholpur),Low,Negative,28,11,17,35
STK-0002768,LG-000506,Contractor,Stakeholder Group 7 (Dholpur),Low,Negative,20,8,12,72
STK-0002769,LG-000507,Contractor,Stakeholder Group 1 (Dungarpur),Low,Negative,42,16,26,47
STK-0002770,LG-000507,District Administration,Stakeholder Group 2 (Dungarpur),Low,Negative,41,16,25,41
STK-0002771,LG-000507,Landowner,Stakeholder Group 3 (Dungarpur),Low,Negative,11,4,7,34
STK-0002772,LG-000508,District Administration,Stakeholder Group 1 (Hanumangarh),High,Positive,39,33,6,5
STK-0002773,LG-000508,Local Authority,Stakeholder Group 2 (Hanumangarh),High,Positive,46,39,7,25
STK-0002774,LG-000508,Village Administration,Stakeholder Group 3 (Hanumangarh),High,Positive,7,5,2,25
STK-0002775,LG-000508,Village Administration,Stakeholder Group 4 (Hanumangarh),High,Positive,46,39,7,21
STK-0002776,LG-000508,District Administration,Stakeholder Group 5 (Hanumangarh),High,Positive,42,35,7,8
STK-0002777,LG-000508,Landowner,Stakeholder Group 6 (Hanumangarh),High,Positive,22,18,4,6
STK-0002778,LG-000509,Local Authority,Stakeholder Group 1 (Jaipur),High,Positive,30,25,5,11
STK-0002779,LG-000509,Landowner,Stakeholder Group 2 (Jaipur),High,Positive,28,23,5,18
STK-0002780,LG-000509,District Administration,Stakeholder Group 3 (Jaipur),High,Positive,38,32,6,10
STK-0002781,LG-000509,Landowner,Stakeholder Group 4 (Jaipur),High,Positive,7,5,2,15
STK-0002782,LG-000509,District Administration,Stakeholder Group 5 (Jaipur),High,Positive,31,26,5,16
STK-0002783,LG-000509,Contractor,Stakeholder Group 6 (Jaipur),High,Positive,19,16,3,10
STK-0002784,LG-000509,Landowner,Stakeholder Group 7 (Jaipur),High,Positive,39,33,6,10
STK-0002785,LG-000509,Village Administration,Stakeholder Group 8 (Jaipur),High,Positive,47,39,8,18
STK-0002786,LG-000510,Landowner,Stakeholder Group 1 (Jaipur Rural),High,Positive,30,25,5,22
STK-0002787,LG-000510,Landowner,Stakeholder Group 2 (Jaipur Rural),High,Positive,10,8,2,10
STK-0002788,LG-000510,Local Authority,Stakeholder Group 3 (Jaipur Rural),High,Positive,14,11,3,12
STK-0002789,LG-000510,Local Authority,Stakeholder Group 4 (Jaipur Rural),High,Positive,46,39,7,22
STK-0002790,LG-000511,Village Administration,Stakeholder Group 1 (Jaisalmer),Low,Negative,26,10,16,32
STK-0002791,LG-000511,Landowner,Stakeholder Group 2 (Jaisalmer),Low,Negative,16,6,10,90
STK-0002792,LG-000511,Contractor,Stakeholder Group 3 (Jaisalmer),Low,Negative,23,9,14,30
STK-0002793,LG-000511,Contractor,Stakeholder Group 4 (Jaisalmer),Low,Negative,36,14,22,68
STK-0002794,LG-000511,Local Authority,Stakeholder Group 5 (Jaisalmer),Low,Negative,34,13,21,35
STK-0002795,LG-000511,District Administration,Stakeholder Group 6 (Jaisalmer),Low,Negative,12,4,8,89
STK-0002796,LG-000511,Landowner,Stakeholder Group 7 (Jaisalmer),Low,Negative,43,17,26,45
STK-0002797,LG-000511,Village Administration,Stakeholder Group 8 (Jaisalmer),Low,Negative,7,2,5,79
STK-0002798,LG-000512,District Administration,Stakeholder Group 1 (Jalore),High,Positive,44,37,7,24
STK-0002799,LG-000512,Contractor,Stakeholder Group 2 (Jalore),High,Positive,6,5,1,13
STK-0002800,LG-000512,Village Administration,Stakeholder Group 3 (Jalore),High,Positive,41,34,7,17
STK-0002801,LG-000512,District Administration,Stakeholder Group 4 (Jalore),High,Positive,19,16,3,7
STK-0002802,LG-000513,Contractor,Stakeholder Group 1 (Jhalawar),High,Positive,48,40,8,13
STK-0002803,LG-000513,Local Authority,Stakeholder Group 2 (Jhalawar),High,Positive,41,34,7,14
STK-0002804,LG-000513,Village Administration,Stakeholder Group 3 (Jhalawar),High,Positive,44,37,7,20
STK-0002805,LG-000513,District Administration,Stakeholder Group 4 (Jhalawar),High,Positive,27,22,5,11
STK-0002806,LG-000514,Local Authority,Stakeholder Group 1 (Jhunjhunu),High,Positive,37,31,6,8
STK-0002807,LG-000514,Landowner,Stakeholder Group 2 (Jhunjhunu),High,Positive,9,7,2,14
STK-0002808,LG-000514,Landowner,Stakeholder Group 3 (Jhunjhunu),High,Positive,36,30,6,24
STK-0002809,LG-000515,Landowner,Stakeholder Group 1 (Jodhpur),High,Positive,30,25,5,16
STK-0002810,LG-000515,Landowner,Stakeholder Group 2 (Jodhpur),High,Positive,15,12,3,6
STK-0002811,LG-000515,Landowner,Stakeholder Group 3 (Jodhpur),High,Positive,13,11,2,19
STK-0002812,LG-000515,Local Authority,Stakeholder Group 4 (Jodhpur),High,Positive,49,41,8,14
STK-0002813,LG-000515,Local Authority,Stakeholder Group 5 (Jodhpur),High,Positive,34,28,6,6
STK-0002814,LG-000516,Local Authority,Stakeholder Group 1 (Jodhpur Rural),Low,Negative,27,10,17,88
STK-0002815,LG-000516,Contractor,Stakeholder Group 2 (Jodhpur Rural),Low,Negative,24,9,15,52
STK-0002816,LG-000516,Village Administration,Stakeholder Group 3 (Jodhpur Rural),Low,Negative,26,10,16,83
STK-0002817,LG-000516,Landowner,Stakeholder Group 4 (Jodhpur Rural),Low,Negative,32,12,20,59
STK-0002818,LG-000517,Landowner,Stakeholder Group 1 (Karauli),Low,Negative,19,7,12,41
STK-0002819,LG-000517,District Administration,Stakeholder Group 2 (Karauli),Low,Negative,7,2,5,57
STK-0002820,LG-000517,Contractor,Stakeholder Group 3 (Karauli),Low,Negative,39,15,24,82
STK-0002821,LG-000517,Contractor,Stakeholder Group 4 (Karauli),Low,Negative,12,4,8,78
STK-0002822,LG-000518,Landowner,Stakeholder Group 1 (Kota),High,Positive,9,7,2,13
STK-0002823,LG-000518,Landowner,Stakeholder Group 2 (Kota),High,Positive,14,11,3,25
STK-0002824,LG-000518,Local Authority,Stakeholder Group 3 (Kota),High,Positive,11,9,2,15
STK-0002825,LG-000518,Village Administration,Stakeholder Group 4 (Kota),High,Positive,32,27,5,19
STK-0002826,LG-000519,Local Authority,Stakeholder Group 1 (Nagaur),High,Positive,11,9,2,14
STK-0002827,LG-000519,Local Authority,Stakeholder Group 2 (Nagaur),High,Positive,42,35,7,15
STK-0002828,LG-000519,Village Administration,Stakeholder Group 3 (Nagaur),High,Positive,26,22,4,7
STK-0002829,LG-000519,Village Administration,Stakeholder Group 4 (Nagaur),High,Positive,49,41,8,10
STK-0002830,LG-000519,Contractor,Stakeholder Group 5 (Nagaur),High,Positive,35,29,6,18
STK-0002831,LG-000520,Contractor,Stakeholder Group 1 (Pali),Low,Negative,34,13,21,54
STK-0002832,LG-000520,Contractor,Stakeholder Group 2 (Pali),Low,Negative,8,3,5,32
STK-0002833,LG-000520,Landowner,Stakeholder Group 3 (Pali),Low,Negative,32,12,20,48
STK-0002834,LG-000520,Contractor,Stakeholder Group 4 (Pali),Low,Negative,27,10,17,42
STK-0002835,LG-000520,Landowner,Stakeholder Group 5 (Pali),Low,Negative,39,15,24,54
STK-0002836,LG-000520,District Administration,Stakeholder Group 6 (Pali),Low,Negative,42,16,26,42
STK-0002837,LG-000521,Village Administration,Stakeholder Group 1 (Pratapgarh),Low,Negative,22,8,14,41
STK-0002838,LG-000521,Village Administration,Stakeholder Group 2 (Pratapgarh),Low,Negative,30,12,18,54
STK-0002839,LG-000521,Local Authority,Stakeholder Group 3 (Pratapgarh),Low,Negative,13,5,8,59
STK-0002840,LG-000521,Local Authority,Stakeholder Group 4 (Pratapgarh),Low,Negative,30,12,18,38
STK-0002841,LG-000521,District Administration,Stakeholder Group 5 (Pratapgarh),Low,Negative,33,13,20,84
STK-0002842,LG-000521,Village Administration,Stakeholder Group 6 (Pratapgarh),Low,Negative,24,9,15,71
STK-0002843,LG-000521,Contractor,Stakeholder Group 7 (Pratapgarh),Low,Negative,21,8,13,39
STK-0002844,LG-000522,District Administration,Stakeholder Group 1 (Rajsamand),High,Positive,42,35,7,21
STK-0002845,LG-000522,Village Administration,Stakeholder Group 2 (Rajsamand),High,Positive,26,22,4,25
STK-0002846,LG-000522,Contractor,Stakeholder Group 3 (Rajsamand),High,Positive,24,20,4,5
STK-0002847,LG-000522,District Administration,Stakeholder Group 4 (Rajsamand),High,Positive,24,20,4,21
STK-0002848,LG-000522,Local Authority,Stakeholder Group 5 (Rajsamand),High,Positive,8,6,2,16
STK-0002849,LG-000522,Landowner,Stakeholder Group 6 (Rajsamand),High,Positive,10,8,2,21
STK-0002850,LG-000522,Contractor,Stakeholder Group 7 (Rajsamand),High,Positive,6,5,1,22
STK-0002851,LG-000522,Local Authority,Stakeholder Group 8 (Rajsamand),High,Positive,28,23,5,18
STK-0002852,LG-000523,District Administration,Stakeholder Group 1 (Sawai Madhopur),High,Positive,7,5,2,12
STK-0002853,LG-000523,Local Authority,Stakeholder Group 2 (Sawai Madhopur),High,Positive,45,38,7,20
STK-0002854,LG-000523,Contractor,Stakeholder Group 3 (Sawai Madhopur),High,Positive,50,42,8,18
STK-0002855,LG-000523,Contractor,Stakeholder Group 4 (Sawai Madhopur),High,Positive,15,12,3,9
STK-0002856,LG-000523,Landowner,Stakeholder Group 5 (Sawai Madhopur),High,Positive,30,25,5,11
STK-0002857,LG-000523,Landowner,Stakeholder Group 6 (Sawai Madhopur),High,Positive,39,33,6,19
STK-0002858,LG-000523,Local Authority,Stakeholder Group 7 (Sawai Madhopur),High,Positive,19,16,3,13
STK-0002859,LG-000523,District Administration,Stakeholder Group 8 (Sawai Madhopur),High,Positive,15,12,3,11
STK-0002860,LG-000524,Landowner,Stakeholder Group 1 (Sikar),Low,Negative,22,8,14,58
STK-0002861,LG-000524,Contractor,Stakeholder Group 2 (Sikar),Low,Negative,19,7,12,57
STK-0002862,LG-000524,District Administration,Stakeholder Group 3 (Sikar),Low,Negative,28,11,17,68
STK-0002863,LG-000524,Village Administration,Stakeholder Group 4 (Sikar),Low,Negative,22,8,14,67
STK-0002864,LG-000524,District Administration,Stakeholder Group 5 (Sikar),Low,Negative,44,17,27,60
STK-0002865,LG-000524,Landowner,Stakeholder Group 6 (Sikar),Low,Negative,39,15,24,36
STK-0002866,LG-000525,Local Authority,Stakeholder Group 1 (Sirohi),Low,Negative,45,18,27,39
STK-0002867,LG-000525,District Administration,Stakeholder Group 2 (Sirohi),Low,Negative,42,16,26,73
STK-0002868,LG-000525,Contractor,Stakeholder Group 3 (Sirohi),Low,Negative,48,19,29,73
STK-0002869,LG-000525,Contractor,Stakeholder Group 4 (Sirohi),Low,Negative,49,19,30,38
STK-0002870,LG-000525,Village Administration,Stakeholder Group 5 (Sirohi),Low,Negative,7,2,5,57
STK-0002871,LG-000525,Local Authority,Stakeholder Group 6 (Sirohi),Low,Negative,34,13,21,63
STK-0002872,LG-000525,Landowner,Stakeholder Group 7 (Sirohi),Low,Negative,34,13,21,37
STK-0002873,LG-000526,Landowner,Stakeholder Group 1 (Sri Ganganagar),Low,Negative,27,10,17,31
STK-0002874,LG-000526,Contractor,Stakeholder Group 2 (Sri Ganganagar),Low,Negative,9,3,6,81
STK-0002875,LG-000526,District Administration,Stakeholder Group 3 (Sri Ganganagar),Low,Negative,35,14,21,61
STK-0002876,LG-000526,Contractor,Stakeholder Group 4 (Sri Ganganagar),Low,Negative,17,6,11,42
STK-0002877,LG-000526,Contractor,Stakeholder Group 5 (Sri Ganganagar),Low,Negative,13,5,8,63
STK-0002878,LG-000526,Village Administration,Stakeholder Group 6 (Sri Ganganagar),Low,Negative,47,18,29,45
STK-0002879,LG-000527,District Administration,Stakeholder Group 1 (Tonk),High,Positive,39,33,6,13
STK-0002880,LG-000527,Village Administration,Stakeholder Group 2 (Tonk),High,Positive,43,36,7,13
STK-0002881,LG-000527,Contractor,Stakeholder Group 3 (Tonk),High,Positive,38,32,6,12
STK-0002882,LG-000527,Local Authority,Stakeholder Group 4 (Tonk),High,Positive,24,20,4,16
STK-0002883,LG-000528,District Administration,Stakeholder Group 1 (Udaipur),High,Positive,19,16,3,17
STK-0002884,LG-000528,Landowner,Stakeholder Group 2 (Udaipur),High,Positive,12,10,2,19
STK-0002885,LG-000528,Village Administration,Stakeholder Group 3 (Udaipur),High,Positive,44,37,7,7
STK-0002886,LG-000528,District Administration,Stakeholder Group 4 (Udaipur),High,Positive,39,33,6,8
STK-0002887,LG-000529,Contractor,Stakeholder Group 1 (Anupgarh),High,Positive,8,6,2,24
STK-0002888,LG-000529,Village Administration,Stakeholder Group 2 (Anupgarh),High,Positive,25,21,4,16
STK-0002889,LG-000529,Contractor,Stakeholder Group 3 (Anupgarh),High,Positive,14,11,3,18
STK-0002890,LG-000529,Local Authority,Stakeholder Group 4 (Anupgarh),High,Positive,7,5,2,20
STK-0002891,LG-000530,District Administration,Stakeholder Group 1 (Balotra),High,Positive,24,20,4,18
STK-0002892,LG-000530,District Administration,Stakeholder Group 2 (Balotra),High,Positive,12,10,2,16
STK-0002893,LG-000530,Landowner,Stakeholder Group 3 (Balotra),High,Positive,29,24,5,20
STK-0002894,LG-000530,Village Administration,Stakeholder Group 4 (Balotra),High,Positive,14,11,3,8
STK-0002895,LG-000530,Contractor,Stakeholder Group 5 (Balotra),High,Positive,44,37,7,21
STK-0002896,LG-000530,Landowner,Stakeholder Group 6 (Balotra),High,Positive,9,7,2,8
STK-0002897,LG-000530,Local Authority,Stakeholder Group 7 (Balotra),High,Positive,40,34,6,24
STK-0002898,LG-000530,Contractor,Stakeholder Group 8 (Balotra),High,Positive,20,17,3,18
STK-0002899,LG-000531,District Administration,Stakeholder Group 1 (Beawar),Low,Negative,14,5,9,71
STK-0002900,LG-000531,Village Administration,Stakeholder Group 2 (Beawar),Low,Negative,10,4,6,56
STK-0002901,LG-000531,Landowner,Stakeholder Group 3 (Beawar),Low,Negative,49,19,30,34
STK-0002902,LG-000531,District Administration,Stakeholder Group 4 (Beawar),Low,Negative,48,19,29,72
STK-0002903,LG-000531,Contractor,Stakeholder Group 5 (Beawar),Low,Negative,28,11,17,69
STK-0002904,LG-000532,District Administration,Stakeholder Group 1 (Deeg),Low,Negative,6,2,4,39
STK-0002905,LG-000532,Local Authority,Stakeholder Group 2 (Deeg),Low,Negative,10,4,6,41
STK-0002906,LG-000532,District Administration,Stakeholder Group 3 (Deeg),Low,Negative,8,3,5,59
STK-0002907,LG-000532,Landowner,Stakeholder Group 4 (Deeg),Low,Negative,29,11,18,30
STK-0002908,LG-000532,Contractor,Stakeholder Group 5 (Deeg),Low,Negative,45,18,27,68
STK-0002909,LG-000532,Landowner,Stakeholder Group 6 (Deeg),Low,Negative,26,10,16,90
STK-0002910,LG-000532,Local Authority,Stakeholder Group 7 (Deeg),Low,Negative,7,2,5,47
STK-0002911,LG-000533,Landowner,Stakeholder Group 1 (Didwana-Kuchaman),Low,Negative,24,9,15,89
STK-0002912,LG-000533,Village Administration,Stakeholder Group 2 (Didwana-Kuchaman),Low,Negative,29,11,18,69
STK-0002913,LG-000533,Contractor,Stakeholder Group 3 (Didwana-Kuchaman),Low,Negative,26,10,16,50
STK-0002914,LG-000533,District Administration,Stakeholder Group 4 (Didwana-Kuchaman),Low,Negative,22,8,14,85
STK-0002915,LG-000533,Contractor,Stakeholder Group 5 (Didwana-Kuchaman),Low,Negative,14,5,9,51
STK-0002916,LG-000534,Landowner,Stakeholder Group 1 (Dudu),Low,Negative,14,5,9,62
STK-0002917,LG-000534,Local Authority,Stakeholder Group 2 (Dudu),Low,Negative,38,15,23,62
STK-0002918,LG-000534,Village Administration,Stakeholder Group 3 (Dudu),Low,Negative,6,2,4,63
STK-0002919,LG-000534,Contractor,Stakeholder Group 4 (Dudu),Low,Negative,36,14,22,53
STK-0002920,LG-000535,Landowner,Stakeholder Group 1 (Gangapur City),High,Positive,14,11,3,22
STK-0002921,LG-000535,Landowner,Stakeholder Group 2 (Gangapur City),High,Positive,37,31,6,6
STK-0002922,LG-000535,Village Administration,Stakeholder Group 3 (Gangapur City),High,Positive,48,40,8,16
STK-0002923,LG-000535,District Administration,Stakeholder Group 4 (Gangapur City),High,Positive,22,18,4,12
STK-0002924,LG-000535,Village Administration,Stakeholder Group 5 (Gangapur City),High,Positive,33,28,5,9
STK-0002925,LG-000535,Village Administration,Stakeholder Group 6 (Gangapur City),High,Positive,31,26,5,16
STK-0002926,LG-000535,Local Authority,Stakeholder Group 7 (Gangapur City),High,Positive,15,12,3,17
STK-0002927,LG-000535,Landowner,Stakeholder Group 8 (Gangapur City),High,Positive,34,28,6,14
STK-0002928,LG-000536,District Administration,Stakeholder Group 1 (Kekri),High,Positive,23,19,4,14
STK-0002929,LG-000536,Village Administration,Stakeholder Group 2 (Kekri),High,Positive,35,29,6,9
STK-0002930,LG-000536,Village Administration,Stakeholder Group 3 (Kekri),High,Positive,48,40,8,24
STK-0002931,LG-000536,District Administration,Stakeholder Group 4 (Kekri),High,Positive,29,24,5,22
STK-0002932,LG-000536,Local Authority,Stakeholder Group 5 (Kekri),High,Positive,37,31,6,11
STK-0002933,LG-000537,Local Authority,Stakeholder Group 1 (Kotputli-Behror),High,Positive,36,30,6,24
STK-0002934,LG-000537,Contractor,Stakeholder Group 2 (Kotputli-Behror),High,Positive,28,23,5,21
STK-0002935,LG-000537,Contractor,Stakeholder Group 3 (Kotputli-Behror),High,Positive,13,11,2,12
STK-0002936,LG-000537,District Administration,Stakeholder Group 4 (Kotputli-Behror),High,Positive,22,18,4,22
STK-0002937,LG-000538,Village Administration,Stakeholder Group 1 (Khairthal-Tijara),Low,Negative,19,7,12,87
STK-0002938,LG-000538,Village Administration,Stakeholder Group 2 (Khairthal-Tijara),Low,Negative,24,9,15,32
STK-0002939,LG-000538,Landowner,Stakeholder Group 3 (Khairthal-Tijara),Low,Negative,9,3,6,84
STK-0002940,LG-000538,Village Administration,Stakeholder Group 4 (Khairthal-Tijara),Low,Negative,9,3,6,56
STK-0002941,LG-000538,Local Authority,Stakeholder Group 5 (Khairthal-Tijara),Low,Negative,38,15,23,80
STK-0002942,LG-000538,District Administration,Stakeholder Group 6 (Khairthal-Tijara),Low,Negative,7,2,5,58
STK-0002943,LG-000538,District Administration,Stakeholder Group 7 (Khairthal-Tijara),Low,Negative,9,3,6,46
STK-0002944,LG-000538,Village Administration,Stakeholder Group 8 (Khairthal-Tijara),Low,Negative,35,14,21,86
STK-0002945,LG-000539,Village Administration,Stakeholder Group 1 (Neem Ka Thana),High,Positive,6,5,1,23
STK-0002946,LG-000539,Local Authority,Stakeholder Group 2 (Neem Ka Thana),High,Positive,35,29,6,15
STK-0002947,LG-000539,Landowner,Stakeholder Group 3 (Neem Ka Thana),High,Positive,28,23,5,7
STK-0002948,LG-000540,District Administration,Stakeholder Group 1 (Phalodi),Low,Negative,19,7,12,78
STK-0002949,LG-000540,Landowner,Stakeholder Group 2 (Phalodi),Low,Negative,24,9,15,47
STK-0002950,LG-000540,Landowner,Stakeholder Group 3 (Phalodi),Low,Negative,19,7,12,84
STK-0002951,LG-000540,Landowner,Stakeholder Group 4 (Phalodi),Low,Negative,15,6,9,86
STK-0002952,LG-000541,District Administration,Stakeholder Group 1 (Salumbar),High,Positive,28,23,5,23
STK-0002953,LG-000541,Contractor,Stakeholder Group 2 (Salumbar),High,Positive,12,10,2,19
STK-0002954,LG-000541,District Administration,Stakeholder Group 3 (Salumbar),High,Positive,36,30,6,5
STK-0002955,LG-000541,Village Administration,Stakeholder Group 4 (Salumbar),High,Positive,43,36,7,10
STK-0002956,LG-000541,Village Administration,Stakeholder Group 5 (Salumbar),High,Positive,21,17,4,12
STK-0002957,LG-000542,Contractor,Stakeholder Group 1 (Sanchore),Low,Negative,43,17,26,30
STK-0002958,LG-000542,Village Administration,Stakeholder Group 2 (Sanchore),Low,Negative,22,8,14,62
STK-0002959,LG-000542,District Administration,Stakeholder Group 3 (Sanchore),Low,Negative,45,18,27,66
STK-0002960,LG-000542,District Administration,Stakeholder Group 4 (Sanchore),Low,Negative,48,19,29,30
STK-0002961,LG-000542,Village Administration,Stakeholder Group 5 (Sanchore),Low,Negative,30,12,18,68
STK-0002962,LG-000542,Village Administration,Stakeholder Group 6 (Sanchore),Low,Negative,50,20,30,62
STK-0002963,LG-000542,Local Authority,Stakeholder Group 7 (Sanchore),Low,Negative,22,8,14,31
STK-0002964,LG-000542,Village Administration,Stakeholder Group 8 (Sanchore),Low,Negative,31,12,19,79
STK-0002965,LG-000543,Landowner,Stakeholder Group 1 (Shahpura),Low,Negative,36,14,22,49
STK-0002966,LG-000543,Landowner,Stakeholder Group 2 (Shahpura),Low,Negative,19,7,12,50
STK-0002967,LG-000543,Landowner,Stakeholder Group 3 (Shahpura),Low,Negative,15,6,9,75
STK-0002968,LG-000543,Landowner,Stakeholder Group 4 (Shahpura),Low,Negative,5,2,3,35
STK-0002969,LG-000543,Local Authority,Stakeholder Group 5 (Shahpura),Low,Negative,16,6,10,32
STK-0002970,LG-000543,Local Authority,Stakeholder Group 6 (Shahpura),Low,Negative,36,14,22,34
STK-0002971,LG-000544,Local Authority,Stakeholder Group 1 (Gangtok),Low,Negative,34,13,21,71
STK-0002972,LG-000544,Landowner,Stakeholder Group 2 (Gangtok),Low,Negative,13,5,8,74
STK-0002973,LG-000544,Contractor,Stakeholder Group 3 (Gangtok),Low,Negative,15,6,9,69
STK-0002974,LG-000544,Contractor,Stakeholder Group 4 (Gangtok),Low,Negative,45,18,27,33
STK-0002975,LG-000544,Contractor,Stakeholder Group 5 (Gangtok),Low,Negative,22,8,14,44
STK-0002976,LG-000544,Local Authority,Stakeholder Group 6 (Gangtok),Low,Negative,36,14,22,53
STK-0002977,LG-000544,Village Administration,Stakeholder Group 7 (Gangtok),Low,Negative,45,18,27,62
STK-0002978,LG-000545,Local Authority,Stakeholder Group 1 (Mangan),Low,Negative,33,13,20,36
STK-0002979,LG-000545,Contractor,Stakeholder Group 2 (Mangan),Low,Negative,20,8,12,69
STK-0002980,LG-000545,Local Authority,Stakeholder Group 3 (Mangan),Low,Negative,17,6,11,67
STK-0002981,LG-000545,District Administration,Stakeholder Group 4 (Mangan),Low,Negative,12,4,8,60
STK-0002982,LG-000545,Local Authority,Stakeholder Group 5 (Mangan),Low,Negative,39,15,24,72
STK-0002983,LG-000545,Local Authority,Stakeholder Group 6 (Mangan),Low,Negative,19,7,12,33
STK-0002984,LG-000546,Village Administration,Stakeholder Group 1 (Namchi),Low,Negative,35,14,21,51
STK-0002985,LG-000546,District Administration,Stakeholder Group 2 (Namchi),Low,Negative,39,15,24,78
STK-0002986,LG-000546,Village Administration,Stakeholder Group 3 (Namchi),Low,Negative,28,11,17,80
STK-0002987,LG-000546,Landowner,Stakeholder Group 4 (Namchi),Low,Negative,5,2,3,66
STK-0002988,LG-000546,Village Administration,Stakeholder Group 5 (Namchi),Low,Negative,9,3,6,56
STK-0002989,LG-000547,Local Authority,Stakeholder Group 1 (Pakyong),Low,Negative,33,13,20,76
STK-0002990,LG-000547,Landowner,Stakeholder Group 2 (Pakyong),Low,Negative,45,18,27,46
STK-0002991,LG-000547,Contractor,Stakeholder Group 3 (Pakyong),Low,Negative,40,16,24,44
STK-0002992,LG-000547,Contractor,Stakeholder Group 4 (Pakyong),Low,Negative,28,11,17,75
STK-0002993,LG-000547,Village Administration,Stakeholder Group 5 (Pakyong),Low,Negative,15,6,9,87
STK-0002994,LG-000547,Landowner,Stakeholder Group 6 (Pakyong),Low,Negative,7,2,5,46
STK-0002995,LG-000548,District Administration,Stakeholder Group 1 (Soreng),Low,Negative,29,11,18,77
STK-0002996,LG-000548,District Administration,Stakeholder Group 2 (Soreng),Low,Negative,13,5,8,64
STK-0002997,LG-000548,Landowner,Stakeholder Group 3 (Soreng),Low,Negative,34,13,21,42
STK-0002998,LG-000548,District Administration,Stakeholder Group 4 (Soreng),Low,Negative,44,17,27,79
STK-0002999,LG-000548,Village Administration,Stakeholder Group 5 (Soreng),Low,Negative,21,8,13,82
STK-0003000,LG-000549,Village Administration,Stakeholder Group 1 (Gyalshing),High,Positive,18,15,3,25
STK-0003001,LG-000549,Contractor,Stakeholder Group 2 (Gyalshing),High,Positive,22,18,4,13
STK-0003002,LG-000549,Local Authority,Stakeholder Group 3 (Gyalshing),High,Positive,6,5,1,17
STK-0003003,LG-000549,Village Administration,Stakeholder Group 4 (Gyalshing),High,Positive,10,8,2,5
STK-0003004,LG-000549,District Administration,Stakeholder Group 5 (Gyalshing),High,Positive,16,13,3,17
STK-0003005,LG-000549,Contractor,Stakeholder Group 6 (Gyalshing),High,Positive,28,23,5,10
STK-0003006,LG-000549,Contractor,Stakeholder Group 7 (Gyalshing),High,Positive,50,42,8,19
STK-0003007,LG-000549,Village Administration,Stakeholder Group 8 (Gyalshing),High,Positive,9,7,2,5
STK-0003008,LG-000550,Village Administration,Stakeholder Group 1 (Ariyalur),High,Positive,16,13,3,20
STK-0003009,LG-000550,Village Administration,Stakeholder Group 2 (Ariyalur),High,Positive,18,15,3,18
STK-0003010,LG-000550,District Administration,Stakeholder Group 3 (Ariyalur),High,Positive,19,16,3,19
STK-0003011,LG-000550,Contractor,Stakeholder Group 4 (Ariyalur),High,Positive,19,16,3,7
STK-0003012,LG-000550,District Administration,Stakeholder Group 5 (Ariyalur),High,Positive,9,7,2,15
STK-0003013,LG-000550,Local Authority,Stakeholder Group 6 (Ariyalur),High,Positive,10,8,2,10
STK-0003014,LG-000551,Landowner,Stakeholder Group 1 (Chengalpattu),Low,Negative,13,5,8,69
STK-0003015,LG-000551,Contractor,Stakeholder Group 2 (Chengalpattu),Low,Negative,21,8,13,41
STK-0003016,LG-000551,Landowner,Stakeholder Group 3 (Chengalpattu),Low,Negative,19,7,12,81
STK-0003017,LG-000552,Local Authority,Stakeholder Group 1 (Chennai),Low,Negative,10,4,6,30
STK-0003018,LG-000552,Landowner,Stakeholder Group 2 (Chennai),Low,Negative,48,19,29,32
STK-0003019,LG-000552,Contractor,Stakeholder Group 3 (Chennai),Low,Negative,49,19,30,48
STK-0003020,LG-000552,Village Administration,Stakeholder Group 4 (Chennai),Low,Negative,40,16,24,74
STK-0003021,LG-000552,Village Administration,Stakeholder Group 5 (Chennai),Low,Negative,45,18,27,33
STK-0003022,LG-000552,Local Authority,Stakeholder Group 6 (Chennai),Low,Negative,36,14,22,51
STK-0003023,LG-000552,Landowner,Stakeholder Group 7 (Chennai),Low,Negative,27,10,17,37
STK-0003024,LG-000552,District Administration,Stakeholder Group 8 (Chennai),Low,Negative,6,2,4,45
STK-0003025,LG-000553,District Administration,Stakeholder Group 1 (Coimbatore),Low,Negative,6,2,4,77
STK-0003026,LG-000553,Village Administration,Stakeholder Group 2 (Coimbatore),Low,Negative,20,8,12,31
STK-0003027,LG-000553,District Administration,Stakeholder Group 3 (Coimbatore),Low,Negative,9,3,6,41
STK-0003028,LG-000553,Local Authority,Stakeholder Group 4 (Coimbatore),Low,Negative,39,15,24,88
STK-0003029,LG-000554,District Administration,Stakeholder Group 1 (Cuddalore),Low,Negative,29,11,18,63
STK-0003030,LG-000554,District Administration,Stakeholder Group 2 (Cuddalore),Low,Negative,17,6,11,61
STK-0003031,LG-000554,Contractor,Stakeholder Group 3 (Cuddalore),Low,Negative,27,10,17,57
STK-0003032,LG-000554,Landowner,Stakeholder Group 4 (Cuddalore),Low,Negative,43,17,26,33
STK-0003033,LG-000554,District Administration,Stakeholder Group 5 (Cuddalore),Low,Negative,37,14,23,61
STK-0003034,LG-000554,Landowner,Stakeholder Group 6 (Cuddalore),Low,Negative,10,4,6,59
STK-0003035,LG-000554,Contractor,Stakeholder Group 7 (Cuddalore),Low,Negative,9,3,6,81
STK-0003036,LG-000554,Contractor,Stakeholder Group 8 (Cuddalore),Low,Negative,18,7,11,32
STK-0003037,LG-000555,Village Administration,Stakeholder Group 1 (Dharmapuri),Low,Negative,50,20,30,88
STK-0003038,LG-000555,District Administration,Stakeholder Group 2 (Dharmapuri),Low,Negative,14,5,9,41
STK-0003039,LG-000555,District Administration,Stakeholder Group 3 (Dharmapuri),Low,Negative,44,17,27,40
STK-0003040,LG-000555,Local Authority,Stakeholder Group 4 (Dharmapuri),Low,Negative,28,11,17,71
STK-0003041,LG-000555,Contractor,Stakeholder Group 5 (Dharmapuri),Low,Negative,8,3,5,67
STK-0003042,LG-000556,Village Administration,Stakeholder Group 1 (Dindigul),High,Positive,38,32,6,7
STK-0003043,LG-000556,District Administration,Stakeholder Group 2 (Dindigul),High,Positive,28,23,5,8
STK-0003044,LG-000556,Landowner,Stakeholder Group 3 (Dindigul),High,Positive,16,13,3,18
STK-0003045,LG-000557,Village Administration,Stakeholder Group 1 (Erode),High,Positive,31,26,5,24
STK-0003046,LG-000557,Village Administration,Stakeholder Group 2 (Erode),High,Positive,14,11,3,14
STK-0003047,LG-000557,Contractor,Stakeholder Group 3 (Erode),High,Positive,44,37,7,14
STK-0003048,LG-000557,Landowner,Stakeholder Group 4 (Erode),High,Positive,41,34,7,12
STK-0003049,LG-000557,Contractor,Stakeholder Group 5 (Erode),High,Positive,28,23,5,9
STK-0003050,LG-000557,District Administration,Stakeholder Group 6 (Erode),High,Positive,43,36,7,23
STK-0003051,LG-000557,Village Administration,Stakeholder Group 7 (Erode),High,Positive,30,25,5,17
STK-0003052,LG-000557,Landowner,Stakeholder Group 8 (Erode),High,Positive,6,5,1,7
STK-0003053,LG-000558,Landowner,Stakeholder Group 1 (Kallakurichi),Low,Negative,40,16,24,55
STK-0003054,LG-000558,Local Authority,Stakeholder Group 2 (Kallakurichi),Low,Negative,45,18,27,40
STK-0003055,LG-000558,Contractor,Stakeholder Group 3 (Kallakurichi),Low,Negative,24,9,15,66
STK-0003056,LG-000558,Local Authority,Stakeholder Group 4 (Kallakurichi),Low,Negative,43,17,26,53
STK-0003057,LG-000558,District Administration,Stakeholder Group 5 (Kallakurichi),Low,Negative,38,15,23,30
STK-0003058,LG-000558,District Administration,Stakeholder Group 6 (Kallakurichi),Low,Negative,30,12,18,79
STK-0003059,LG-000559,District Administration,Stakeholder Group 1 (Kanchipuram),High,Positive,48,40,8,24
STK-0003060,LG-000559,Local Authority,Stakeholder Group 2 (Kanchipuram),High,Positive,14,11,3,11
STK-0003061,LG-000559,District Administration,Stakeholder Group 3 (Kanchipuram),High,Positive,26,22,4,22
STK-0003062,LG-000559,Contractor,Stakeholder Group 4 (Kanchipuram),High,Positive,16,13,3,11
STK-0003063,LG-000559,Landowner,Stakeholder Group 5 (Kanchipuram),High,Positive,30,25,5,20
STK-0003064,LG-000559,Village Administration,Stakeholder Group 6 (Kanchipuram),High,Positive,12,10,2,19
STK-0003065,LG-000559,Village Administration,Stakeholder Group 7 (Kanchipuram),High,Positive,18,15,3,18
STK-0003066,LG-000559,Village Administration,Stakeholder Group 8 (Kanchipuram),High,Positive,5,4,1,8
STK-0003067,LG-000560,Local Authority,Stakeholder Group 1 (Kanyakumari),High,Positive,17,14,3,6
STK-0003068,LG-000560,Local Authority,Stakeholder Group 2 (Kanyakumari),High,Positive,46,39,7,15
STK-0003069,LG-000560,Landowner,Stakeholder Group 3 (Kanyakumari),High,Positive,11,9,2,25
STK-0003070,LG-000561,Landowner,Stakeholder Group 1 (Karur),Low,Negative,50,20,30,70
STK-0003071,LG-000561,District Administration,Stakeholder Group 2 (Karur),Low,Negative,30,12,18,70
STK-0003072,LG-000561,District Administration,Stakeholder Group 3 (Karur),Low,Negative,29,11,18,69
STK-0003073,LG-000561,District Administration,Stakeholder Group 4 (Karur),Low,Negative,8,3,5,54
STK-0003074,LG-000561,Landowner,Stakeholder Group 5 (Karur),Low,Negative,36,14,22,86
STK-0003075,LG-000561,Contractor,Stakeholder Group 6 (Karur),Low,Negative,45,18,27,65
STK-0003076,LG-000561,Landowner,Stakeholder Group 7 (Karur),Low,Negative,25,10,15,71
STK-0003077,LG-000562,District Administration,Stakeholder Group 1 (Krishnagiri),High,Positive,27,22,5,25
STK-0003078,LG-000562,Contractor,Stakeholder Group 2 (Krishnagiri),High,Positive,34,28,6,21
STK-0003079,LG-000562,Local Authority,Stakeholder Group 3 (Krishnagiri),High,Positive,26,22,4,6
STK-0003080,LG-000562,Local Authority,Stakeholder Group 4 (Krishnagiri),High,Positive,10,8,2,12
STK-0003081,LG-000562,Local Authority,Stakeholder Group 5 (Krishnagiri),High,Positive,49,41,8,17
STK-0003082,LG-000563,Landowner,Stakeholder Group 1 (Madurai),Low,Negative,48,19,29,45
STK-0003083,LG-000563,Village Administration,Stakeholder Group 2 (Madurai),Low,Negative,14,5,9,86
STK-0003084,LG-000563,Village Administration,Stakeholder Group 3 (Madurai),Low,Negative,11,4,7,55
STK-0003085,LG-000563,Landowner,Stakeholder Group 4 (Madurai),Low,Negative,8,3,5,79
STK-0003086,LG-000564,Local Authority,Stakeholder Group 1 (Mayiladuthurai),High,Positive,43,36,7,14
STK-0003087,LG-000564,Contractor,Stakeholder Group 2 (Mayiladuthurai),High,Positive,41,34,7,24
STK-0003088,LG-000564,District Administration,Stakeholder Group 3 (Mayiladuthurai),High,Positive,7,5,2,14
STK-0003089,LG-000564,Contractor,Stakeholder Group 4 (Mayiladuthurai),High,Positive,23,19,4,18
STK-0003090,LG-000564,Landowner,Stakeholder Group 5 (Mayiladuthurai),High,Positive,7,5,2,17
STK-0003091,LG-000564,Contractor,Stakeholder Group 6 (Mayiladuthurai),High,Positive,50,42,8,18
STK-0003092,LG-000565,Local Authority,Stakeholder Group 1 (Nagapattinam),High,Positive,40,34,6,12
STK-0003093,LG-000565,Contractor,Stakeholder Group 2 (Nagapattinam),High,Positive,33,28,5,15
STK-0003094,LG-000565,Local Authority,Stakeholder Group 3 (Nagapattinam),High,Positive,31,26,5,11
STK-0003095,LG-000565,District Administration,Stakeholder Group 4 (Nagapattinam),High,Positive,49,41,8,6
STK-0003096,LG-000565,Contractor,Stakeholder Group 5 (Nagapattinam),High,Positive,10,8,2,19
STK-0003097,LG-000565,Landowner,Stakeholder Group 6 (Nagapattinam),High,Positive,35,29,6,6
STK-0003098,LG-000565,Contractor,Stakeholder Group 7 (Nagapattinam),High,Positive,34,28,6,22
STK-0003099,LG-000565,Landowner,Stakeholder Group 8 (Nagapattinam),High,Positive,5,4,1,19
STK-0003100,LG-000566,Local Authority,Stakeholder Group 1 (Namakkal),High,Positive,43,36,7,25
STK-0003101,LG-000566,Contractor,Stakeholder Group 2 (Namakkal),High,Positive,9,7,2,15
STK-0003102,LG-000566,Local Authority,Stakeholder Group 3 (Namakkal),High,Positive,21,17,4,25
STK-0003103,LG-000566,Local Authority,Stakeholder Group 4 (Namakkal),High,Positive,42,35,7,6
STK-0003104,LG-000567,Contractor,Stakeholder Group 1 (Nilgiris),High,Positive,13,11,2,8
STK-0003105,LG-000567,District Administration,Stakeholder Group 2 (Nilgiris),High,Positive,41,34,7,23
STK-0003106,LG-000567,District Administration,Stakeholder Group 3 (Nilgiris),High,Positive,11,9,2,8
STK-0003107,LG-000567,Local Authority,Stakeholder Group 4 (Nilgiris),High,Positive,16,13,3,17
STK-0003108,LG-000567,Landowner,Stakeholder Group 5 (Nilgiris),High,Positive,39,33,6,25
STK-0003109,LG-000567,Village Administration,Stakeholder Group 6 (Nilgiris),High,Positive,38,32,6,13
STK-0003110,LG-000567,District Administration,Stakeholder Group 7 (Nilgiris),High,Positive,14,11,3,14
STK-0003111,LG-000568,District Administration,Stakeholder Group 1 (Perambalur),Low,Negative,16,6,10,40
STK-0003112,LG-000568,Contractor,Stakeholder Group 2 (Perambalur),Low,Negative,20,8,12,65
STK-0003113,LG-000568,Village Administration,Stakeholder Group 3 (Perambalur),Low,Negative,39,15,24,81
STK-0003114,LG-000568,Landowner,Stakeholder Group 4 (Perambalur),Low,Negative,30,12,18,51
STK-0003115,LG-000568,Village Administration,Stakeholder Group 5 (Perambalur),Low,Negative,14,5,9,75
STK-0003116,LG-000568,District Administration,Stakeholder Group 6 (Perambalur),Low,Negative,20,8,12,83
STK-0003117,LG-000568,Landowner,Stakeholder Group 7 (Perambalur),Low,Negative,19,7,12,37
STK-0003118,LG-000569,Landowner,Stakeholder Group 1 (Pudukkottai),Low,Negative,23,9,14,48
STK-0003119,LG-000569,Contractor,Stakeholder Group 2 (Pudukkottai),Low,Negative,36,14,22,84
STK-0003120,LG-000569,Contractor,Stakeholder Group 3 (Pudukkottai),Low,Negative,8,3,5,82
STK-0003121,LG-000569,Village Administration,Stakeholder Group 4 (Pudukkottai),Low,Negative,50,20,30,56
STK-0003122,LG-000569,District Administration,Stakeholder Group 5 (Pudukkottai),Low,Negative,9,3,6,88
STK-0003123,LG-000569,Landowner,Stakeholder Group 6 (Pudukkottai),Low,Negative,38,15,23,72
STK-0003124,LG-000569,Village Administration,Stakeholder Group 7 (Pudukkottai),Low,Negative,12,4,8,43
STK-0003125,LG-000570,Contractor,Stakeholder Group 1 (Ramanathapuram),Low,Negative,16,6,10,60
STK-0003126,LG-000570,Contractor,Stakeholder Group 2 (Ramanathapuram),Low,Negative,36,14,22,40
STK-0003127,LG-000570,Contractor,Stakeholder Group 3 (Ramanathapuram),Low,Negative,45,18,27,67
STK-0003128,LG-000570,Local Authority,Stakeholder Group 4 (Ramanathapuram),Low,Negative,31,12,19,40
STK-0003129,LG-000570,Local Authority,Stakeholder Group 5 (Ramanathapuram),Low,Negative,32,12,20,68
STK-0003130,LG-000570,Contractor,Stakeholder Group 6 (Ramanathapuram),Low,Negative,35,14,21,84
STK-0003131,LG-000570,Local Authority,Stakeholder Group 7 (Ramanathapuram),Low,Negative,30,12,18,45
STK-0003132,LG-000571,Village Administration,Stakeholder Group 1 (Ranipet),High,Positive,32,27,5,12
STK-0003133,LG-000571,Contractor,Stakeholder Group 2 (Ranipet),High,Positive,38,32,6,9
STK-0003134,LG-000571,Landowner,Stakeholder Group 3 (Ranipet),High,Positive,43,36,7,5
STK-0003135,LG-000571,Landowner,Stakeholder Group 4 (Ranipet),High,Positive,28,23,5,6
STK-0003136,LG-000571,Local Authority,Stakeholder Group 5 (Ranipet),High,Positive,18,15,3,9
STK-0003137,LG-000571,Contractor,Stakeholder Group 6 (Ranipet),High,Positive,34,28,6,17
STK-0003138,LG-000572,District Administration,Stakeholder Group 1 (Salem),High,Positive,36,30,6,21
STK-0003139,LG-000572,District Administration,Stakeholder Group 2 (Salem),High,Positive,46,39,7,24
STK-0003140,LG-000572,District Administration,Stakeholder Group 3 (Salem),High,Positive,29,24,5,12
STK-0003141,LG-000572,Landowner,Stakeholder Group 4 (Salem),High,Positive,11,9,2,12
STK-0003142,LG-000572,Landowner,Stakeholder Group 5 (Salem),High,Positive,25,21,4,8
STK-0003143,LG-000573,District Administration,Stakeholder Group 1 (Sivaganga),High,Positive,15,12,3,19
STK-0003144,LG-000573,Village Administration,Stakeholder Group 2 (Sivaganga),High,Positive,38,32,6,7
STK-0003145,LG-000573,Landowner,Stakeholder Group 3 (Sivaganga),High,Positive,6,5,1,18
STK-0003146,LG-000573,Village Administration,Stakeholder Group 4 (Sivaganga),High,Positive,40,34,6,14
STK-0003147,LG-000573,Local Authority,Stakeholder Group 5 (Sivaganga),High,Positive,11,9,2,7
STK-0003148,LG-000574,Village Administration,Stakeholder Group 1 (Tenkasi),High,Positive,12,10,2,24
STK-0003149,LG-000574,Local Authority,Stakeholder Group 2 (Tenkasi),High,Positive,38,32,6,5
STK-0003150,LG-000574,Village Administration,Stakeholder Group 3 (Tenkasi),High,Positive,44,37,7,13
STK-0003151,LG-000574,District Administration,Stakeholder Group 4 (Tenkasi),High,Positive,35,29,6,22
STK-0003152,LG-000575,District Administration,Stakeholder Group 1 (Thanjavur),High,Positive,21,17,4,14
STK-0003153,LG-000575,Contractor,Stakeholder Group 2 (Thanjavur),High,Positive,15,12,3,20
STK-0003154,LG-000575,Contractor,Stakeholder Group 3 (Thanjavur),High,Positive,45,38,7,7
STK-0003155,LG-000575,Landowner,Stakeholder Group 4 (Thanjavur),High,Positive,42,35,7,21
STK-0003156,LG-000575,Landowner,Stakeholder Group 5 (Thanjavur),High,Positive,9,7,2,19
STK-0003157,LG-000575,Village Administration,Stakeholder Group 6 (Thanjavur),High,Positive,14,11,3,23
STK-0003158,LG-000575,District Administration,Stakeholder Group 7 (Thanjavur),High,Positive,24,20,4,13
STK-0003159,LG-000575,Village Administration,Stakeholder Group 8 (Thanjavur),High,Positive,46,39,7,22
STK-0003160,LG-000576,Village Administration,Stakeholder Group 1 (Theni),Low,Negative,9,3,6,74
STK-0003161,LG-000576,District Administration,Stakeholder Group 2 (Theni),Low,Negative,16,6,10,34
STK-0003162,LG-000576,Landowner,Stakeholder Group 3 (Theni),Low,Negative,28,11,17,46
STK-0003163,LG-000576,Landowner,Stakeholder Group 4 (Theni),Low,Negative,42,16,26,56
STK-0003164,LG-000576,Village Administration,Stakeholder Group 5 (Theni),Low,Negative,11,4,7,68
STK-0003165,LG-000576,Contractor,Stakeholder Group 6 (Theni),Low,Negative,25,10,15,78
STK-0003166,LG-000576,Landowner,Stakeholder Group 7 (Theni),Low,Negative,47,18,29,79
STK-0003167,LG-000577,Local Authority,Stakeholder Group 1 (Thoothukudi),High,Positive,24,20,4,16
STK-0003168,LG-000577,Local Authority,Stakeholder Group 2 (Thoothukudi),High,Positive,27,22,5,5
STK-0003169,LG-000577,Landowner,Stakeholder Group 3 (Thoothukudi),High,Positive,34,28,6,9
STK-0003170,LG-000577,Local Authority,Stakeholder Group 4 (Thoothukudi),High,Positive,32,27,5,13
STK-0003171,LG-000577,Village Administration,Stakeholder Group 5 (Thoothukudi),High,Positive,44,37,7,15
STK-0003172,LG-000577,Landowner,Stakeholder Group 6 (Thoothukudi),High,Positive,28,23,5,11
STK-0003173,LG-000577,District Administration,Stakeholder Group 7 (Thoothukudi),High,Positive,21,17,4,10
STK-0003174,LG-000578,District Administration,Stakeholder Group 1 (Tiruchirappalli),High,Positive,38,32,6,16
STK-0003175,LG-000578,Contractor,Stakeholder Group 2 (Tiruchirappalli),High,Positive,26,22,4,19
STK-0003176,LG-000578,Local Authority,Stakeholder Group 3 (Tiruchirappalli),High,Positive,14,11,3,23
STK-0003177,LG-000579,Local Authority,Stakeholder Group 1 (Tirunelveli),High,Positive,11,9,2,20
STK-0003178,LG-000579,District Administration,Stakeholder Group 2 (Tirunelveli),High,Positive,33,28,5,7
STK-0003179,LG-000579,Village Administration,Stakeholder Group 3 (Tirunelveli),High,Positive,32,27,5,19
STK-0003180,LG-000579,Contractor,Stakeholder Group 4 (Tirunelveli),High,Positive,32,27,5,11
STK-0003181,LG-000579,District Administration,Stakeholder Group 5 (Tirunelveli),High,Positive,25,21,4,16
STK-0003182,LG-000580,District Administration,Stakeholder Group 1 (Tirupathur),Low,Negative,15,6,9,60
STK-0003183,LG-000580,Local Authority,Stakeholder Group 2 (Tirupathur),Low,Negative,49,19,30,33
STK-0003184,LG-000580,District Administration,Stakeholder Group 3 (Tirupathur),Low,Negative,22,8,14,53
STK-0003185,LG-000580,District Administration,Stakeholder Group 4 (Tirupathur),Low,Negative,16,6,10,60
STK-0003186,LG-000580,District Administration,Stakeholder Group 5 (Tirupathur),Low,Negative,36,14,22,81
STK-0003187,LG-000581,District Administration,Stakeholder Group 1 (Tiruppur),Low,Negative,50,20,30,67
STK-0003188,LG-000581,District Administration,Stakeholder Group 2 (Tiruppur),Low,Negative,41,16,25,31
STK-0003189,LG-000581,Village Administration,Stakeholder Group 3 (Tiruppur),Low,Negative,23,9,14,75
STK-0003190,LG-000581,Village Administration,Stakeholder Group 4 (Tiruppur),Low,Negative,28,11,17,89
STK-0003191,LG-000581,Landowner,Stakeholder Group 5 (Tiruppur),Low,Negative,15,6,9,86
STK-0003192,LG-000581,Contractor,Stakeholder Group 6 (Tiruppur),Low,Negative,40,16,24,56
STK-0003193,LG-000581,Landowner,Stakeholder Group 7 (Tiruppur),Low,Negative,16,6,10,76
STK-0003194,LG-000581,Village Administration,Stakeholder Group 8 (Tiruppur),Low,Negative,31,12,19,34
STK-0003195,LG-000582,Contractor,Stakeholder Group 1 (Tiruvallur),High,Positive,13,11,2,6
STK-0003196,LG-000582,Local Authority,Stakeholder Group 2 (Tiruvallur),High,Positive,42,35,7,18
STK-0003197,LG-000582,Local Authority,Stakeholder Group 3 (Tiruvallur),High,Positive,42,35,7,15
STK-0003198,LG-000582,Contractor,Stakeholder Group 4 (Tiruvallur),High,Positive,36,30,6,17
STK-0003199,LG-000582,Contractor,Stakeholder Group 5 (Tiruvallur),High,Positive,33,28,5,11
STK-0003200,LG-000583,Local Authority,Stakeholder Group 1 (Tiruvannamalai),High,Positive,15,12,3,20
STK-0003201,LG-000583,Contractor,Stakeholder Group 2 (Tiruvannamalai),High,Positive,20,17,3,9
STK-0003202,LG-000583,Local Authority,Stakeholder Group 3 (Tiruvannamalai),High,Positive,18,15,3,13
STK-0003203,LG-000583,Village Administration,Stakeholder Group 4 (Tiruvannamalai),High,Positive,7,5,2,18
STK-0003204,LG-000583,Village Administration,Stakeholder Group 5 (Tiruvannamalai),High,Positive,37,31,6,21
STK-0003205,LG-000584,District Administration,Stakeholder Group 1 (Tiruvarur),High,Positive,22,18,4,5
STK-0003206,LG-000584,Village Administration,Stakeholder Group 2 (Tiruvarur),High,Positive,39,33,6,13
STK-0003207,LG-000584,Landowner,Stakeholder Group 3 (Tiruvarur),High,Positive,9,7,2,13
STK-0003208,LG-000584,Village Administration,Stakeholder Group 4 (Tiruvarur),High,Positive,43,36,7,24
STK-0003209,LG-000584,Village Administration,Stakeholder Group 5 (Tiruvarur),High,Positive,32,27,5,18
STK-0003210,LG-000584,Local Authority,Stakeholder Group 6 (Tiruvarur),High,Positive,40,34,6,8
STK-0003211,LG-000584,Landowner,Stakeholder Group 7 (Tiruvarur),High,Positive,45,38,7,7
STK-0003212,LG-000585,Landowner,Stakeholder Group 1 (Vellore),Low,Negative,47,18,29,73
STK-0003213,LG-000585,Local Authority,Stakeholder Group 2 (Vellore),Low,Negative,10,4,6,85
STK-0003214,LG-000585,Local Authority,Stakeholder Group 3 (Vellore),Low,Negative,46,18,28,65
STK-0003215,LG-000585,Contractor,Stakeholder Group 4 (Vellore),Low,Negative,9,3,6,36
STK-0003216,LG-000585,Village Administration,Stakeholder Group 5 (Vellore),Low,Negative,19,7,12,81
STK-0003217,LG-000585,Landowner,Stakeholder Group 6 (Vellore),Low,Negative,42,16,26,61
STK-0003218,LG-000585,Contractor,Stakeholder Group 7 (Vellore),Low,Negative,28,11,17,33
STK-0003219,LG-000585,Local Authority,Stakeholder Group 8 (Vellore),Low,Negative,23,9,14,37
STK-0003220,LG-000586,District Administration,Stakeholder Group 1 (Viluppuram),High,Positive,7,5,2,21
STK-0003221,LG-000586,District Administration,Stakeholder Group 2 (Viluppuram),High,Positive,38,32,6,17
STK-0003222,LG-000586,Local Authority,Stakeholder Group 3 (Viluppuram),High,Positive,22,18,4,11
STK-0003223,LG-000586,Landowner,Stakeholder Group 4 (Viluppuram),High,Positive,46,39,7,24
STK-0003224,LG-000586,District Administration,Stakeholder Group 5 (Viluppuram),High,Positive,45,38,7,9
STK-0003225,LG-000586,Local Authority,Stakeholder Group 6 (Viluppuram),High,Positive,38,32,6,25
STK-0003226,LG-000587,Contractor,Stakeholder Group 1 (Virudhunagar),Low,Negative,14,5,9,35
STK-0003227,LG-000587,Contractor,Stakeholder Group 2 (Virudhunagar),Low,Negative,39,15,24,38
STK-0003228,LG-000587,District Administration,Stakeholder Group 3 (Virudhunagar),Low,Negative,6,2,4,31
STK-0003229,LG-000587,Contractor,Stakeholder Group 4 (Virudhunagar),Low,Negative,35,14,21,67
STK-0003230,LG-000587,Contractor,Stakeholder Group 5 (Virudhunagar),Low,Negative,21,8,13,38
STK-0003231,LG-000587,Village Administration,Stakeholder Group 6 (Virudhunagar),Low,Negative,47,18,29,39
STK-0003232,LG-000588,Contractor,Stakeholder Group 1 (Adilabad),High,Positive,40,34,6,20
STK-0003233,LG-000588,District Administration,Stakeholder Group 2 (Adilabad),High,Positive,19,16,3,15
STK-0003234,LG-000588,Village Administration,Stakeholder Group 3 (Adilabad),High,Positive,8,6,2,18
STK-0003235,LG-000588,District Administration,Stakeholder Group 4 (Adilabad),High,Positive,7,5,2,13
STK-0003236,LG-000588,Local Authority,Stakeholder Group 5 (Adilabad),High,Positive,28,23,5,5
STK-0003237,LG-000589,Landowner,Stakeholder Group 1 (Bhadradri Kothagudem),Low,Negative,46,18,28,48
STK-0003238,LG-000589,Village Administration,Stakeholder Group 2 (Bhadradri Kothagudem),Low,Negative,8,3,5,38
STK-0003239,LG-000589,District Administration,Stakeholder Group 3 (Bhadradri Kothagudem),Low,Negative,16,6,10,36
STK-0003240,LG-000589,District Administration,Stakeholder Group 4 (Bhadradri Kothagudem),Low,Negative,42,16,26,64
STK-0003241,LG-000589,Contractor,Stakeholder Group 5 (Bhadradri Kothagudem),Low,Negative,49,19,30,56
STK-0003242,LG-000589,Village Administration,Stakeholder Group 6 (Bhadradri Kothagudem),Low,Negative,22,8,14,38
STK-0003243,LG-000589,District Administration,Stakeholder Group 7 (Bhadradri Kothagudem),Low,Negative,30,12,18,47
STK-0003244,LG-000589,Local Authority,Stakeholder Group 8 (Bhadradri Kothagudem),Low,Negative,18,7,11,62
STK-0003245,LG-000590,Contractor,Stakeholder Group 1 (Hanamkonda),High,Positive,47,39,8,22
STK-0003246,LG-000590,Contractor,Stakeholder Group 2 (Hanamkonda),High,Positive,13,11,2,21
STK-0003247,LG-000590,Landowner,Stakeholder Group 3 (Hanamkonda),High,Positive,45,38,7,6
STK-0003248,LG-000590,Local Authority,Stakeholder Group 4 (Hanamkonda),High,Positive,8,6,2,22
STK-0003249,LG-000590,Landowner,Stakeholder Group 5 (Hanamkonda),High,Positive,40,34,6,5
STK-0003250,LG-000591,Contractor,Stakeholder Group 1 (Hyderabad),Low,Negative,34,13,21,39
STK-0003251,LG-000591,Village Administration,Stakeholder Group 2 (Hyderabad),Low,Negative,14,5,9,86
STK-0003252,LG-000591,Landowner,Stakeholder Group 3 (Hyderabad),Low,Negative,18,7,11,81
STK-0003253,LG-000592,Landowner,Stakeholder Group 1 (Jagtial),High,Positive,29,24,5,11
STK-0003254,LG-000592,Local Authority,Stakeholder Group 2 (Jagtial),High,Positive,22,18,4,24
STK-0003255,LG-000592,District Administration,Stakeholder Group 3 (Jagtial),High,Positive,31,26,5,13
STK-0003256,LG-000592,Landowner,Stakeholder Group 4 (Jagtial),High,Positive,32,27,5,12
STK-0003257,LG-000592,Local Authority,Stakeholder Group 5 (Jagtial),High,Positive,49,41,8,5
STK-0003258,LG-000592,Contractor,Stakeholder Group 6 (Jagtial),High,Positive,36,30,6,14
STK-0003259,LG-000592,Village Administration,Stakeholder Group 7 (Jagtial),High,Positive,20,17,3,5
STK-0003260,LG-000592,Landowner,Stakeholder Group 8 (Jagtial),High,Positive,35,29,6,11
STK-0003261,LG-000593,Landowner,Stakeholder Group 1 (Jangaon),High,Positive,37,31,6,13
STK-0003262,LG-000593,Contractor,Stakeholder Group 2 (Jangaon),High,Positive,29,24,5,11
STK-0003263,LG-000593,Village Administration,Stakeholder Group 3 (Jangaon),High,Positive,20,17,3,8
STK-0003264,LG-000594,Local Authority,Stakeholder Group 1 (Jayashankar Bhupalpally),High,Positive,21,17,4,13
STK-0003265,LG-000594,Village Administration,Stakeholder Group 2 (Jayashankar Bhupalpally),High,Positive,43,36,7,24
STK-0003266,LG-000594,Landowner,Stakeholder Group 3 (Jayashankar Bhupalpally),High,Positive,48,40,8,6
STK-0003267,LG-000594,District Administration,Stakeholder Group 4 (Jayashankar Bhupalpally),High,Positive,48,40,8,10
STK-0003268,LG-000594,Contractor,Stakeholder Group 5 (Jayashankar Bhupalpally),High,Positive,30,25,5,23
STK-0003269,LG-000594,Village Administration,Stakeholder Group 6 (Jayashankar Bhupalpally),High,Positive,7,5,2,5
STK-0003270,LG-000594,District Administration,Stakeholder Group 7 (Jayashankar Bhupalpally),High,Positive,41,34,7,6
STK-0003271,LG-000595,District Administration,Stakeholder Group 1 (Jogulamba Gadwal),Low,Negative,41,16,25,63
STK-0003272,LG-000595,Village Administration,Stakeholder Group 2 (Jogulamba Gadwal),Low,Negative,44,17,27,33
STK-0003273,LG-000595,Landowner,Stakeholder Group 3 (Jogulamba Gadwal),Low,Negative,17,6,11,75
STK-0003274,LG-000595,Contractor,Stakeholder Group 4 (Jogulamba Gadwal),Low,Negative,45,18,27,54
STK-0003275,LG-000596,Village Administration,Stakeholder Group 1 (Kamareddy),High,Positive,44,37,7,11
STK-0003276,LG-000596,Contractor,Stakeholder Group 2 (Kamareddy),High,Positive,9,7,2,9
STK-0003277,LG-000596,District Administration,Stakeholder Group 3 (Kamareddy),High,Positive,8,6,2,13
STK-0003278,LG-000596,Village Administration,Stakeholder Group 4 (Kamareddy),High,Positive,5,4,1,12
STK-0003279,LG-000597,Village Administration,Stakeholder Group 1 (Karimnagar),High,Positive,28,23,5,14
STK-0003280,LG-000597,Village Administration,Stakeholder Group 2 (Karimnagar),High,Positive,21,17,4,16
STK-0003281,LG-000597,Contractor,Stakeholder Group 3 (Karimnagar),High,Positive,15,12,3,8
STK-0003282,LG-000597,Landowner,Stakeholder Group 4 (Karimnagar),High,Positive,13,11,2,25
STK-0003283,LG-000597,Village Administration,Stakeholder Group 5 (Karimnagar),High,Positive,12,10,2,16
STK-0003284,LG-000597,Local Authority,Stakeholder Group 6 (Karimnagar),High,Positive,39,33,6,8
STK-0003285,LG-000597,Local Authority,Stakeholder Group 7 (Karimnagar),High,Positive,20,17,3,12
STK-0003286,LG-000597,Contractor,Stakeholder Group 8 (Karimnagar),High,Positive,8,6,2,21
STK-0003287,LG-000598,District Administration,Stakeholder Group 1 (Khammam),Low,Negative,6,2,4,80
STK-0003288,LG-000598,Landowner,Stakeholder Group 2 (Khammam),Low,Negative,18,7,11,85
STK-0003289,LG-000598,Contractor,Stakeholder Group 3 (Khammam),Low,Negative,37,14,23,65
STK-0003290,LG-000598,Contractor,Stakeholder Group 4 (Khammam),Low,Negative,29,11,18,33
STK-0003291,LG-000598,Contractor,Stakeholder Group 5 (Khammam),Low,Negative,24,9,15,77
STK-0003292,LG-000598,Local Authority,Stakeholder Group 6 (Khammam),Low,Negative,31,12,19,66
STK-0003293,LG-000598,Contractor,Stakeholder Group 7 (Khammam),Low,Negative,20,8,12,57
STK-0003294,LG-000599,Contractor,Stakeholder Group 1 (Kumuram Bheem),High,Positive,33,28,5,11
STK-0003295,LG-000599,Village Administration,Stakeholder Group 2 (Kumuram Bheem),High,Positive,45,38,7,24
STK-0003296,LG-000599,District Administration,Stakeholder Group 3 (Kumuram Bheem),High,Positive,8,6,2,17
STK-0003297,LG-000599,District Administration,Stakeholder Group 4 (Kumuram Bheem),High,Positive,10,8,2,13
STK-0003298,LG-000599,District Administration,Stakeholder Group 5 (Kumuram Bheem),High,Positive,33,28,5,14
STK-0003299,LG-000600,Landowner,Stakeholder Group 1 (Mahabubabad),Low,Negative,45,18,27,79
STK-0003300,LG-000600,Local Authority,Stakeholder Group 2 (Mahabubabad),Low,Negative,36,14,22,62
STK-0003301,LG-000600,Contractor,Stakeholder Group 3 (Mahabubabad),Low,Negative,6,2,4,43
STK-0003302,LG-000600,Contractor,Stakeholder Group 4 (Mahabubabad),Low,Negative,11,4,7,36
STK-0003303,LG-000600,Village Administration,Stakeholder Group 5 (Mahabubabad),Low,Negative,8,3,5,89
STK-0003304,LG-000600,Landowner,Stakeholder Group 6 (Mahabubabad),Low,Negative,35,14,21,42
STK-0003305,LG-000600,Contractor,Stakeholder Group 7 (Mahabubabad),Low,Negative,50,20,30,66
STK-0003306,LG-000600,District Administration,Stakeholder Group 8 (Mahabubabad),Low,Negative,20,8,12,79
STK-0003307,LG-000601,Local Authority,Stakeholder Group 1 (Mahabubnagar),High,Positive,20,17,3,11
STK-0003308,LG-000601,Contractor,Stakeholder Group 2 (Mahabubnagar),High,Positive,14,11,3,21
STK-0003309,LG-000601,Landowner,Stakeholder Group 3 (Mahabubnagar),High,Positive,42,35,7,7
STK-0003310,LG-000601,Local Authority,Stakeholder Group 4 (Mahabubnagar),High,Positive,12,10,2,17
STK-0003311,LG-000601,Contractor,Stakeholder Group 5 (Mahabubnagar),High,Positive,41,34,7,16
STK-0003312,LG-000601,Landowner,Stakeholder Group 6 (Mahabubnagar),High,Positive,19,16,3,14
STK-0003313,LG-000601,Landowner,Stakeholder Group 7 (Mahabubnagar),High,Positive,19,16,3,11
STK-0003314,LG-000601,Village Administration,Stakeholder Group 8 (Mahabubnagar),High,Positive,41,34,7,21
STK-0003315,LG-000602,Local Authority,Stakeholder Group 1 (Mancherial),High,Positive,31,26,5,13
STK-0003316,LG-000602,Contractor,Stakeholder Group 2 (Mancherial),High,Positive,42,35,7,23
STK-0003317,LG-000602,Landowner,Stakeholder Group 3 (Mancherial),High,Positive,29,24,5,13
STK-0003318,LG-000602,Local Authority,Stakeholder Group 4 (Mancherial),High,Positive,20,17,3,10
STK-0003319,LG-000602,Village Administration,Stakeholder Group 5 (Mancherial),High,Positive,14,11,3,11
STK-0003320,LG-000602,Contractor,Stakeholder Group 6 (Mancherial),High,Positive,45,38,7,12
STK-0003321,LG-000603,Landowner,Stakeholder Group 1 (Medak),High,Positive,28,23,5,16
STK-0003322,LG-000603,Landowner,Stakeholder Group 2 (Medak),High,Positive,12,10,2,14
STK-0003323,LG-000603,Landowner,Stakeholder Group 3 (Medak),High,Positive,41,34,7,12
STK-0003324,LG-000603,District Administration,Stakeholder Group 4 (Medak),High,Positive,48,40,8,17
STK-0003325,LG-000603,Local Authority,Stakeholder Group 5 (Medak),High,Positive,19,16,3,16
STK-0003326,LG-000603,District Administration,Stakeholder Group 6 (Medak),High,Positive,17,14,3,24
STK-0003327,LG-000603,District Administration,Stakeholder Group 7 (Medak),High,Positive,35,29,6,21
STK-0003328,LG-000604,District Administration,Stakeholder Group 1 (Medchal-Malkajgiri),Low,Negative,44,17,27,53
STK-0003329,LG-000604,Village Administration,Stakeholder Group 2 (Medchal-Malkajgiri),Low,Negative,14,5,9,64
STK-0003330,LG-000604,Local Authority,Stakeholder Group 3 (Medchal-Malkajgiri),Low,Negative,40,16,24,90
STK-0003331,LG-000604,Landowner,Stakeholder Group 4 (Medchal-Malkajgiri),Low,Negative,27,10,17,58
STK-0003332,LG-000604,Village Administration,Stakeholder Group 5 (Medchal-Malkajgiri),Low,Negative,26,10,16,76
STK-0003333,LG-000605,District Administration,Stakeholder Group 1 (Mulugu),Low,Negative,29,11,18,55
STK-0003334,LG-000605,Contractor,Stakeholder Group 2 (Mulugu),Low,Negative,15,6,9,58
STK-0003335,LG-000605,Village Administration,Stakeholder Group 3 (Mulugu),Low,Negative,18,7,11,48
STK-0003336,LG-000605,Local Authority,Stakeholder Group 4 (Mulugu),Low,Negative,45,18,27,51
STK-0003337,LG-000605,District Administration,Stakeholder Group 5 (Mulugu),Low,Negative,19,7,12,44
STK-0003338,LG-000605,Village Administration,Stakeholder Group 6 (Mulugu),Low,Negative,18,7,11,88
STK-0003339,LG-000605,Landowner,Stakeholder Group 7 (Mulugu),Low,Negative,31,12,19,85
STK-0003340,LG-000606,Local Authority,Stakeholder Group 1 (Nagarkurnool),High,Positive,47,39,8,9
STK-0003341,LG-000606,Local Authority,Stakeholder Group 2 (Nagarkurnool),High,Positive,48,40,8,8
STK-0003342,LG-000606,Contractor,Stakeholder Group 3 (Nagarkurnool),High,Positive,32,27,5,23
STK-0003343,LG-000606,District Administration,Stakeholder Group 4 (Nagarkurnool),High,Positive,39,33,6,17
STK-0003344,LG-000606,Contractor,Stakeholder Group 5 (Nagarkurnool),High,Positive,20,17,3,17
STK-0003345,LG-000606,Village Administration,Stakeholder Group 6 (Nagarkurnool),High,Positive,27,22,5,9
STK-0003346,LG-000607,Local Authority,Stakeholder Group 1 (Nalgonda),Low,Negative,22,8,14,51
STK-0003347,LG-000607,Landowner,Stakeholder Group 2 (Nalgonda),Low,Negative,7,2,5,80
STK-0003348,LG-000607,District Administration,Stakeholder Group 3 (Nalgonda),Low,Negative,34,13,21,58
STK-0003349,LG-000608,Contractor,Stakeholder Group 1 (Narayanpet),Low,Negative,9,3,6,33
STK-0003350,LG-000608,Landowner,Stakeholder Group 2 (Narayanpet),Low,Negative,29,11,18,37
STK-0003351,LG-000608,Contractor,Stakeholder Group 3 (Narayanpet),Low,Negative,49,19,30,53
STK-0003352,LG-000608,Local Authority,Stakeholder Group 4 (Narayanpet),Low,Negative,14,5,9,77
STK-0003353,LG-000608,Local Authority,Stakeholder Group 5 (Narayanpet),Low,Negative,26,10,16,89
STK-0003354,LG-000609,Contractor,Stakeholder Group 1 (Nirmal),Low,Negative,26,10,16,62
STK-0003355,LG-000609,Landowner,Stakeholder Group 2 (Nirmal),Low,Negative,24,9,15,57
STK-0003356,LG-000609,Village Administration,Stakeholder Group 3 (Nirmal),Low,Negative,45,18,27,33
STK-0003357,LG-000610,Landowner,Stakeholder Group 1 (Nizamabad),Low,Negative,50,20,30,80
STK-0003358,LG-000610,Landowner,Stakeholder Group 2 (Nizamabad),Low,Negative,31,12,19,89
STK-0003359,LG-000610,Village Administration,Stakeholder Group 3 (Nizamabad),Low,Negative,39,15,24,40
STK-0003360,LG-000610,Landowner,Stakeholder Group 4 (Nizamabad),Low,Negative,27,10,17,40
STK-0003361,LG-000610,District Administration,Stakeholder Group 5 (Nizamabad),Low,Negative,41,16,25,30
STK-0003362,LG-000610,District Administration,Stakeholder Group 6 (Nizamabad),Low,Negative,31,12,19,73
STK-0003363,LG-000611,Contractor,Stakeholder Group 1 (Peddapalli),High,Positive,21,17,4,7
STK-0003364,LG-000611,Contractor,Stakeholder Group 2 (Peddapalli),High,Positive,6,5,1,23
STK-0003365,LG-000611,Landowner,Stakeholder Group 3 (Peddapalli),High,Positive,36,30,6,8
STK-0003366,LG-000611,Village Administration,Stakeholder Group 4 (Peddapalli),High,Positive,11,9,2,17
STK-0003367,LG-000612,Local Authority,Stakeholder Group 1 (Rajanna Sircilla),High,Positive,42,35,7,23
STK-0003368,LG-000612,Local Authority,Stakeholder Group 2 (Rajanna Sircilla),High,Positive,46,39,7,17
STK-0003369,LG-000612,Contractor,Stakeholder Group 3 (Rajanna Sircilla),High,Positive,18,15,3,14
STK-0003370,LG-000612,District Administration,Stakeholder Group 4 (Rajanna Sircilla),High,Positive,40,34,6,13
STK-0003371,LG-000613,Contractor,Stakeholder Group 1 (Rangareddy),Low,Negative,6,2,4,76
STK-0003372,LG-000613,District Administration,Stakeholder Group 2 (Rangareddy),Low,Negative,21,8,13,37
STK-0003373,LG-000613,Contractor,Stakeholder Group 3 (Rangareddy),Low,Negative,15,6,9,78
STK-0003374,LG-000613,Contractor,Stakeholder Group 4 (Rangareddy),Low,Negative,49,19,30,48
STK-0003375,LG-000613,Landowner,Stakeholder Group 5 (Rangareddy),Low,Negative,9,3,6,89
STK-0003376,LG-000613,Village Administration,Stakeholder Group 6 (Rangareddy),Low,Negative,9,3,6,40
STK-0003377,LG-000613,Local Authority,Stakeholder Group 7 (Rangareddy),Low,Negative,17,6,11,58
STK-0003378,LG-000613,Landowner,Stakeholder Group 8 (Rangareddy),Low,Negative,44,17,27,42
STK-0003379,LG-000614,Local Authority,Stakeholder Group 1 (Sangareddy),Low,Negative,30,12,18,50
STK-0003380,LG-000614,Village Administration,Stakeholder Group 2 (Sangareddy),Low,Negative,24,9,15,53
STK-0003381,LG-000614,Landowner,Stakeholder Group 3 (Sangareddy),Low,Negative,34,13,21,83
STK-0003382,LG-000614,Contractor,Stakeholder Group 4 (Sangareddy),Low,Negative,48,19,29,53
STK-0003383,LG-000614,Village Administration,Stakeholder Group 5 (Sangareddy),Low,Negative,35,14,21,54
STK-0003384,LG-000615,Village Administration,Stakeholder Group 1 (Siddipet),High,Positive,25,21,4,23
STK-0003385,LG-000615,Landowner,Stakeholder Group 2 (Siddipet),High,Positive,33,28,5,12
STK-0003386,LG-000615,Village Administration,Stakeholder Group 3 (Siddipet),High,Positive,26,22,4,15
STK-0003387,LG-000615,Contractor,Stakeholder Group 4 (Siddipet),High,Positive,22,18,4,8
STK-0003388,LG-000615,Landowner,Stakeholder Group 5 (Siddipet),High,Positive,13,11,2,22
STK-0003389,LG-000616,Landowner,Stakeholder Group 1 (Suryapet),Low,Negative,43,17,26,82
STK-0003390,LG-000616,Landowner,Stakeholder Group 2 (Suryapet),Low,Negative,30,12,18,34
STK-0003391,LG-000616,Local Authority,Stakeholder Group 3 (Suryapet),Low,Negative,35,14,21,60
STK-0003392,LG-000616,Local Authority,Stakeholder Group 4 (Suryapet),Low,Negative,32,12,20,40
STK-0003393,LG-000617,District Administration,Stakeholder Group 1 (Vikarabad),Low,Negative,43,17,26,32
STK-0003394,LG-000617,Local Authority,Stakeholder Group 2 (Vikarabad),Low,Negative,22,8,14,45
STK-0003395,LG-000617,Landowner,Stakeholder Group 3 (Vikarabad),Low,Negative,12,4,8,32
STK-0003396,LG-000618,Landowner,Stakeholder Group 1 (Wanaparthy),Low,Negative,41,16,25,58
STK-0003397,LG-000618,Village Administration,Stakeholder Group 2 (Wanaparthy),Low,Negative,17,6,11,85
STK-0003398,LG-000618,District Administration,Stakeholder Group 3 (Wanaparthy),Low,Negative,26,10,16,45
STK-0003399,LG-000618,Landowner,Stakeholder Group 4 (Wanaparthy),Low,Negative,15,6,9,52
STK-0003400,LG-000618,District Administration,Stakeholder Group 5 (Wanaparthy),Low,Negative,42,16,26,79
STK-0003401,LG-000618,Contractor,Stakeholder Group 6 (Wanaparthy),Low,Negative,27,10,17,86
STK-0003402,LG-000618,Landowner,Stakeholder Group 7 (Wanaparthy),Low,Negative,35,14,21,75
STK-0003403,LG-000618,Contractor,Stakeholder Group 8 (Wanaparthy),Low,Negative,5,2,3,65
STK-0003404,LG-000619,Local Authority,Stakeholder Group 1 (Warangal),Low,Negative,47,18,29,54
STK-0003405,LG-000619,District Administration,Stakeholder Group 2 (Warangal),Low,Negative,26,10,16,75
STK-0003406,LG-000619,Landowner,Stakeholder Group 3 (Warangal),Low,Negative,38,15,23,88
STK-0003407,LG-000619,District Administration,Stakeholder Group 4 (Warangal),Low,Negative,12,4,8,81
STK-0003408,LG-000619,Village Administration,Stakeholder Group 5 (Warangal),Low,Negative,49,19,30,30
STK-0003409,LG-000619,Contractor,Stakeholder Group 6 (Warangal),Low,Negative,13,5,8,85
STK-0003410,LG-000619,Landowner,Stakeholder Group 7 (Warangal),Low,Negative,21,8,13,55
STK-0003411,LG-000619,Contractor,Stakeholder Group 8 (Warangal),Low,Negative,30,12,18,62
STK-0003412,LG-000620,Local Authority,Stakeholder Group 1 (Yadadri Bhuvanagiri),Low,Negative,50,20,30,83
STK-0003413,LG-000620,Local Authority,Stakeholder Group 2 (Yadadri Bhuvanagiri),Low,Negative,37,14,23,71
STK-0003414,LG-000620,Landowner,Stakeholder Group 3 (Yadadri Bhuvanagiri),Low,Negative,9,3,6,45
STK-0003415,LG-000620,Contractor,Stakeholder Group 4 (Yadadri Bhuvanagiri),Low,Negative,9,3,6,77
STK-0003416,LG-000621,Village Administration,Stakeholder Group 1 (Dhalai),High,Positive,38,32,6,14
STK-0003417,LG-000621,Landowner,Stakeholder Group 2 (Dhalai),High,Positive,31,26,5,5
STK-0003418,LG-000621,Landowner,Stakeholder Group 3 (Dhalai),High,Positive,27,22,5,6
STK-0003419,LG-000621,Village Administration,Stakeholder Group 4 (Dhalai),High,Positive,12,10,2,25
STK-0003420,LG-000621,District Administration,Stakeholder Group 5 (Dhalai),High,Positive,19,16,3,19
STK-0003421,LG-000621,District Administration,Stakeholder Group 6 (Dhalai),High,Positive,27,22,5,22
STK-0003422,LG-000621,District Administration,Stakeholder Group 7 (Dhalai),High,Positive,41,34,7,22
STK-0003423,LG-000621,Local Authority,Stakeholder Group 8 (Dhalai),High,Positive,8,6,2,16
STK-0003424,LG-000622,Contractor,Stakeholder Group 1 (Gomati),Low,Negative,34,13,21,85
STK-0003425,LG-000622,Village Administration,Stakeholder Group 2 (Gomati),Low,Negative,30,12,18,63
STK-0003426,LG-000622,Village Administration,Stakeholder Group 3 (Gomati),Low,Negative,9,3,6,67
STK-0003427,LG-000622,District Administration,Stakeholder Group 4 (Gomati),Low,Negative,48,19,29,90
STK-0003428,LG-000622,Landowner,Stakeholder Group 5 (Gomati),Low,Negative,19,7,12,80
STK-0003429,LG-000622,District Administration,Stakeholder Group 6 (Gomati),Low,Negative,27,10,17,59
STK-0003430,LG-000622,Village Administration,Stakeholder Group 7 (Gomati),Low,Negative,40,16,24,83
STK-0003431,LG-000622,Village Administration,Stakeholder Group 8 (Gomati),Low,Negative,43,17,26,32
STK-0003432,LG-000623,District Administration,Stakeholder Group 1 (Khowai),High,Positive,36,30,6,22
STK-0003433,LG-000623,Village Administration,Stakeholder Group 2 (Khowai),High,Positive,19,16,3,16
STK-0003434,LG-000623,Contractor,Stakeholder Group 3 (Khowai),High,Positive,15,12,3,19
STK-0003435,LG-000624,Landowner,Stakeholder Group 1 (North Tripura),Low,Negative,38,15,23,64
STK-0003436,LG-000624,District Administration,Stakeholder Group 2 (North Tripura),Low,Negative,16,6,10,74
STK-0003437,LG-000624,Contractor,Stakeholder Group 3 (North Tripura),Low,Negative,25,10,15,39
STK-0003438,LG-000624,Contractor,Stakeholder Group 4 (North Tripura),Low,Negative,35,14,21,74
STK-0003439,LG-000625,Contractor,Stakeholder Group 1 (Sepahijala),High,Positive,8,6,2,9
STK-0003440,LG-000625,Local Authority,Stakeholder Group 2 (Sepahijala),High,Positive,22,18,4,13
STK-0003441,LG-000625,District Administration,Stakeholder Group 3 (Sepahijala),High,Positive,15,12,3,10
STK-0003442,LG-000625,Local Authority,Stakeholder Group 4 (Sepahijala),High,Positive,9,7,2,21
STK-0003443,LG-000625,Village Administration,Stakeholder Group 5 (Sepahijala),High,Positive,35,29,6,11
STK-0003444,LG-000625,Local Authority,Stakeholder Group 6 (Sepahijala),High,Positive,11,9,2,16
STK-0003445,LG-000626,Village Administration,Stakeholder Group 1 (South Tripura),Low,Negative,17,6,11,85
STK-0003446,LG-000626,District Administration,Stakeholder Group 2 (South Tripura),Low,Negative,45,18,27,42
STK-0003447,LG-000626,Landowner,Stakeholder Group 3 (South Tripura),Low,Negative,45,18,27,38
STK-0003448,LG-000626,District Administration,Stakeholder Group 4 (South Tripura),Low,Negative,17,6,11,46
STK-0003449,LG-000627,Landowner,Stakeholder Group 1 (Unakoti),Low,Negative,21,8,13,48
STK-0003450,LG-000627,Village Administration,Stakeholder Group 2 (Unakoti),Low,Negative,42,16,26,71
STK-0003451,LG-000627,District Administration,Stakeholder Group 3 (Unakoti),Low,Negative,6,2,4,33
STK-0003452,LG-000627,Contractor,Stakeholder Group 4 (Unakoti),Low,Negative,29,11,18,51
STK-0003453,LG-000627,Landowner,Stakeholder Group 5 (Unakoti),Low,Negative,42,16,26,55
STK-0003454,LG-000627,Contractor,Stakeholder Group 6 (Unakoti),Low,Negative,9,3,6,83
STK-0003455,LG-000627,Landowner,Stakeholder Group 7 (Unakoti),Low,Negative,49,19,30,48
STK-0003456,LG-000627,Landowner,Stakeholder Group 8 (Unakoti),Low,Negative,8,3,5,63
STK-0003457,LG-000628,Landowner,Stakeholder Group 1 (West Tripura),Low,Negative,35,14,21,42
STK-0003458,LG-000628,Local Authority,Stakeholder Group 2 (West Tripura),Low,Negative,9,3,6,40
STK-0003459,LG-000628,Village Administration,Stakeholder Group 3 (West Tripura),Low,Negative,16,6,10,39
STK-0003460,LG-000628,Village Administration,Stakeholder Group 4 (West Tripura),Low,Negative,18,7,11,69
STK-0003461,LG-000628,Village Administration,Stakeholder Group 5 (West Tripura),Low,Negative,32,12,20,51
STK-0003462,LG-000628,District Administration,Stakeholder Group 6 (West Tripura),Low,Negative,20,8,12,71
STK-0003463,LG-000628,Contractor,Stakeholder Group 7 (West Tripura),Low,Negative,15,6,9,85
STK-0003464,LG-000628,Contractor,Stakeholder Group 8 (West Tripura),Low,Negative,28,11,17,37
STK-0003465,LG-000629,Contractor,Stakeholder Group 1 (Agra),Low,Negative,24,9,15,84
STK-0003466,LG-000629,District Administration,Stakeholder Group 2 (Agra),Low,Negative,12,4,8,89
STK-0003467,LG-000629,Local Authority,Stakeholder Group 3 (Agra),Low,Negative,49,19,30,66
STK-0003468,LG-000629,Village Administration,Stakeholder Group 4 (Agra),Low,Negative,38,15,23,61
STK-0003469,LG-000629,Village Administration,Stakeholder Group 5 (Agra),Low,Negative,33,13,20,52
STK-0003470,LG-000629,Contractor,Stakeholder Group 6 (Agra),Low,Negative,23,9,14,36
STK-0003471,LG-000630,Local Authority,Stakeholder Group 1 (Aligarh),Low,Negative,22,8,14,59
STK-0003472,LG-000630,Contractor,Stakeholder Group 2 (Aligarh),Low,Negative,47,18,29,30
STK-0003473,LG-000630,Village Administration,Stakeholder Group 3 (Aligarh),Low,Negative,16,6,10,63
STK-0003474,LG-000630,Local Authority,Stakeholder Group 4 (Aligarh),Low,Negative,36,14,22,35
STK-0003475,LG-000630,District Administration,Stakeholder Group 5 (Aligarh),Low,Negative,19,7,12,83
STK-0003476,LG-000630,Landowner,Stakeholder Group 6 (Aligarh),Low,Negative,12,4,8,75
STK-0003477,LG-000630,Village Administration,Stakeholder Group 7 (Aligarh),Low,Negative,14,5,9,59
STK-0003478,LG-000631,District Administration,Stakeholder Group 1 (Ambedkar Nagar),High,Positive,34,28,6,8
STK-0003479,LG-000631,Village Administration,Stakeholder Group 2 (Ambedkar Nagar),High,Positive,31,26,5,17
STK-0003480,LG-000631,District Administration,Stakeholder Group 3 (Ambedkar Nagar),High,Positive,37,31,6,25
STK-0003481,LG-000631,Contractor,Stakeholder Group 4 (Ambedkar Nagar),High,Positive,45,38,7,17
STK-0003482,LG-000632,Local Authority,Stakeholder Group 1 (Amethi),High,Positive,38,32,6,17
STK-0003483,LG-000632,Landowner,Stakeholder Group 2 (Amethi),High,Positive,37,31,6,9
STK-0003484,LG-000632,Village Administration,Stakeholder Group 3 (Amethi),High,Positive,18,15,3,21
STK-0003485,LG-000632,District Administration,Stakeholder Group 4 (Amethi),High,Positive,43,36,7,18
STK-0003486,LG-000632,District Administration,Stakeholder Group 5 (Amethi),High,Positive,10,8,2,25
STK-0003487,LG-000632,District Administration,Stakeholder Group 6 (Amethi),High,Positive,20,17,3,11
STK-0003488,LG-000632,Contractor,Stakeholder Group 7 (Amethi),High,Positive,44,37,7,9
STK-0003489,LG-000633,Landowner,Stakeholder Group 1 (Amroha),Low,Negative,20,8,12,58
STK-0003490,LG-000633,Local Authority,Stakeholder Group 2 (Amroha),Low,Negative,34,13,21,52
STK-0003491,LG-000633,Local Authority,Stakeholder Group 3 (Amroha),Low,Negative,45,18,27,59
STK-0003492,LG-000633,Contractor,Stakeholder Group 4 (Amroha),Low,Negative,31,12,19,57
STK-0003493,LG-000633,Local Authority,Stakeholder Group 5 (Amroha),Low,Negative,44,17,27,60
STK-0003494,LG-000633,Landowner,Stakeholder Group 6 (Amroha),Low,Negative,25,10,15,30
STK-0003495,LG-000633,Landowner,Stakeholder Group 7 (Amroha),Low,Negative,36,14,22,75
STK-0003496,LG-000633,Village Administration,Stakeholder Group 8 (Amroha),Low,Negative,47,18,29,71
STK-0003497,LG-000634,Village Administration,Stakeholder Group 1 (Auraiya),High,Positive,31,26,5,10
STK-0003498,LG-000634,Contractor,Stakeholder Group 2 (Auraiya),High,Positive,15,12,3,15
STK-0003499,LG-000634,Local Authority,Stakeholder Group 3 (Auraiya),High,Positive,28,23,5,25
STK-0003500,LG-000634,Village Administration,Stakeholder Group 4 (Auraiya),High,Positive,32,27,5,7
STK-0003501,LG-000634,Local Authority,Stakeholder Group 5 (Auraiya),High,Positive,23,19,4,9
STK-0003502,LG-000634,District Administration,Stakeholder Group 6 (Auraiya),High,Positive,20,17,3,18
STK-0003503,LG-000634,Local Authority,Stakeholder Group 7 (Auraiya),High,Positive,21,17,4,7
STK-0003504,LG-000635,Local Authority,Stakeholder Group 1 (Ayodhya),Low,Negative,21,8,13,30
STK-0003505,LG-000635,Contractor,Stakeholder Group 2 (Ayodhya),Low,Negative,50,20,30,57
STK-0003506,LG-000635,Local Authority,Stakeholder Group 3 (Ayodhya),Low,Negative,11,4,7,69
STK-0003507,LG-000635,Local Authority,Stakeholder Group 4 (Ayodhya),Low,Negative,15,6,9,43
STK-0003508,LG-000635,Landowner,Stakeholder Group 5 (Ayodhya),Low,Negative,13,5,8,33
STK-0003509,LG-000635,District Administration,Stakeholder Group 6 (Ayodhya),Low,Negative,34,13,21,83
STK-0003510,LG-000636,Village Administration,Stakeholder Group 1 (Azamgarh),High,Positive,22,18,4,13
STK-0003511,LG-000636,Local Authority,Stakeholder Group 2 (Azamgarh),High,Positive,30,25,5,8
STK-0003512,LG-000636,District Administration,Stakeholder Group 3 (Azamgarh),High,Positive,20,17,3,12
STK-0003513,LG-000636,Local Authority,Stakeholder Group 4 (Azamgarh),High,Positive,24,20,4,12
STK-0003514,LG-000637,Village Administration,Stakeholder Group 1 (Baghpat),High,Positive,48,40,8,18
STK-0003515,LG-000637,Landowner,Stakeholder Group 2 (Baghpat),High,Positive,14,11,3,9
STK-0003516,LG-000637,District Administration,Stakeholder Group 3 (Baghpat),High,Positive,24,20,4,24
STK-0003517,LG-000637,Landowner,Stakeholder Group 4 (Baghpat),High,Positive,31,26,5,14
STK-0003518,LG-000637,District Administration,Stakeholder Group 5 (Baghpat),High,Positive,13,11,2,9
STK-0003519,LG-000637,District Administration,Stakeholder Group 6 (Baghpat),High,Positive,24,20,4,17
STK-0003520,LG-000637,District Administration,Stakeholder Group 7 (Baghpat),High,Positive,15,12,3,24
STK-0003521,LG-000638,Local Authority,Stakeholder Group 1 (Bahraich),High,Positive,32,27,5,10
STK-0003522,LG-000638,Village Administration,Stakeholder Group 2 (Bahraich),High,Positive,7,5,2,16
STK-0003523,LG-000638,Village Administration,Stakeholder Group 3 (Bahraich),High,Positive,14,11,3,11
STK-0003524,LG-000639,Landowner,Stakeholder Group 1 (Ballia),High,Positive,10,8,2,23
STK-0003525,LG-000639,District Administration,Stakeholder Group 2 (Ballia),High,Positive,21,17,4,12
STK-0003526,LG-000639,Landowner,Stakeholder Group 3 (Ballia),High,Positive,14,11,3,24
STK-0003527,LG-000639,Contractor,Stakeholder Group 4 (Ballia),High,Positive,42,35,7,11
STK-0003528,LG-000639,Local Authority,Stakeholder Group 5 (Ballia),High,Positive,22,18,4,17
STK-0003529,LG-000639,District Administration,Stakeholder Group 6 (Ballia),High,Positive,19,16,3,22
STK-0003530,LG-000640,Local Authority,Stakeholder Group 1 (Balrampur),High,Positive,27,22,5,16
STK-0003531,LG-000640,Village Administration,Stakeholder Group 2 (Balrampur),High,Positive,9,7,2,12
STK-0003532,LG-000640,Contractor,Stakeholder Group 3 (Balrampur),High,Positive,7,5,2,19
STK-0003533,LG-000641,Village Administration,Stakeholder Group 1 (Banda),Low,Negative,9,3,6,88
STK-0003534,LG-000641,Contractor,Stakeholder Group 2 (Banda),Low,Negative,46,18,28,90
STK-0003535,LG-000641,Landowner,Stakeholder Group 3 (Banda),Low,Negative,9,3,6,86
STK-0003536,LG-000641,Landowner,Stakeholder Group 4 (Banda),Low,Negative,14,5,9,49
STK-0003537,LG-000641,Landowner,Stakeholder Group 5 (Banda),Low,Negative,30,12,18,44
STK-0003538,LG-000641,Local Authority,Stakeholder Group 6 (Banda),Low,Negative,15,6,9,63
STK-0003539,LG-000641,District Administration,Stakeholder Group 7 (Banda),Low,Negative,5,2,3,40
STK-0003540,LG-000641,Landowner,Stakeholder Group 8 (Banda),Low,Negative,45,18,27,74
STK-0003541,LG-000642,Village Administration,Stakeholder Group 1 (Barabanki),High,Positive,17,14,3,19
STK-0003542,LG-000642,District Administration,Stakeholder Group 2 (Barabanki),High,Positive,37,31,6,18
STK-0003543,LG-000642,Village Administration,Stakeholder Group 3 (Barabanki),High,Positive,21,17,4,22
STK-0003544,LG-000642,Landowner,Stakeholder Group 4 (Barabanki),High,Positive,6,5,1,11
STK-0003545,LG-000642,Contractor,Stakeholder Group 5 (Barabanki),High,Positive,35,29,6,9
STK-0003546,LG-000642,Local Authority,Stakeholder Group 6 (Barabanki),High,Positive,37,31,6,22
STK-0003547,LG-000642,District Administration,Stakeholder Group 7 (Barabanki),High,Positive,28,23,5,22
STK-0003548,LG-000643,Contractor,Stakeholder Group 1 (Bareilly),Low,Negative,21,8,13,45
STK-0003549,LG-000643,Landowner,Stakeholder Group 2 (Bareilly),Low,Negative,42,16,26,73
STK-0003550,LG-000643,Local Authority,Stakeholder Group 3 (Bareilly),Low,Negative,7,2,5,72
STK-0003551,LG-000644,Local Authority,Stakeholder Group 1 (Basti),High,Positive,32,27,5,23
STK-0003552,LG-000644,Landowner,Stakeholder Group 2 (Basti),High,Positive,7,5,2,19
STK-0003553,LG-000644,Village Administration,Stakeholder Group 3 (Basti),High,Positive,50,42,8,16
STK-0003554,LG-000644,Village Administration,Stakeholder Group 4 (Basti),High,Positive,12,10,2,8
STK-0003555,LG-000644,Local Authority,Stakeholder Group 5 (Basti),High,Positive,15,12,3,7
STK-0003556,LG-000644,Landowner,Stakeholder Group 6 (Basti),High,Positive,32,27,5,18
STK-0003557,LG-000645,District Administration,Stakeholder Group 1 (Bhadohi),Low,Negative,35,14,21,54
STK-0003558,LG-000645,Landowner,Stakeholder Group 2 (Bhadohi),Low,Negative,9,3,6,34
STK-0003559,LG-000645,Local Authority,Stakeholder Group 3 (Bhadohi),Low,Negative,5,2,3,46
STK-0003560,LG-000645,District Administration,Stakeholder Group 4 (Bhadohi),Low,Negative,35,14,21,76
STK-0003561,LG-000645,Local Authority,Stakeholder Group 5 (Bhadohi),Low,Negative,8,3,5,50
STK-0003562,LG-000645,Landowner,Stakeholder Group 6 (Bhadohi),Low,Negative,28,11,17,78
STK-0003563,LG-000645,Local Authority,Stakeholder Group 7 (Bhadohi),Low,Negative,28,11,17,86
STK-0003564,LG-000646,District Administration,Stakeholder Group 1 (Bijnor),Low,Negative,26,10,16,60
STK-0003565,LG-000646,District Administration,Stakeholder Group 2 (Bijnor),Low,Negative,21,8,13,84
STK-0003566,LG-000646,Village Administration,Stakeholder Group 3 (Bijnor),Low,Negative,21,8,13,67
STK-0003567,LG-000646,Contractor,Stakeholder Group 4 (Bijnor),Low,Negative,13,5,8,73
STK-0003568,LG-000647,District Administration,Stakeholder Group 1 (Budaun),High,Positive,27,22,5,14
STK-0003569,LG-000647,District Administration,Stakeholder Group 2 (Budaun),High,Positive,35,29,6,6
STK-0003570,LG-000647,Village Administration,Stakeholder Group 3 (Budaun),High,Positive,32,27,5,6
STK-0003571,LG-000648,Contractor,Stakeholder Group 1 (Bulandshahr),High,Positive,9,7,2,5
STK-0003572,LG-000648,Village Administration,Stakeholder Group 2 (Bulandshahr),High,Positive,5,4,1,13
STK-0003573,LG-000648,Contractor,Stakeholder Group 3 (Bulandshahr),High,Positive,27,22,5,6
STK-0003574,LG-000649,Village Administration,Stakeholder Group 1 (Chandauli),Low,Negative,11,4,7,62
STK-0003575,LG-000649,Contractor,Stakeholder Group 2 (Chandauli),Low,Negative,13,5,8,42
STK-0003576,LG-000649,Village Administration,Stakeholder Group 3 (Chandauli),Low,Negative,13,5,8,56
STK-0003577,LG-000649,District Administration,Stakeholder Group 4 (Chandauli),Low,Negative,28,11,17,53
STK-0003578,LG-000650,Contractor,Stakeholder Group 1 (Chitrakoot),Low,Negative,14,5,9,60
STK-0003579,LG-000650,Contractor,Stakeholder Group 2 (Chitrakoot),Low,Negative,44,17,27,85
STK-0003580,LG-000650,Contractor,Stakeholder Group 3 (Chitrakoot),Low,Negative,21,8,13,46
STK-0003581,LG-000650,Local Authority,Stakeholder Group 4 (Chitrakoot),Low,Negative,29,11,18,81
STK-0003582,LG-000650,Village Administration,Stakeholder Group 5 (Chitrakoot),Low,Negative,36,14,22,51
STK-0003583,LG-000650,Village Administration,Stakeholder Group 6 (Chitrakoot),Low,Negative,27,10,17,73
STK-0003584,LG-000650,Landowner,Stakeholder Group 7 (Chitrakoot),Low,Negative,15,6,9,35
STK-0003585,LG-000650,District Administration,Stakeholder Group 8 (Chitrakoot),Low,Negative,18,7,11,32
STK-0003586,LG-000651,Village Administration,Stakeholder Group 1 (Deoria),Low,Negative,20,8,12,33
STK-0003587,LG-000651,Contractor,Stakeholder Group 2 (Deoria),Low,Negative,40,16,24,64
STK-0003588,LG-000651,Local Authority,Stakeholder Group 3 (Deoria),Low,Negative,6,2,4,34
STK-0003589,LG-000652,Landowner,Stakeholder Group 1 (Etah),High,Positive,13,11,2,22
STK-0003590,LG-000652,District Administration,Stakeholder Group 2 (Etah),High,Positive,13,11,2,15
STK-0003591,LG-000652,Landowner,Stakeholder Group 3 (Etah),High,Positive,22,18,4,6
STK-0003592,LG-000652,Village Administration,Stakeholder Group 4 (Etah),High,Positive,24,20,4,9
STK-0003593,LG-000652,Contractor,Stakeholder Group 5 (Etah),High,Positive,24,20,4,5
STK-0003594,LG-000653,Landowner,Stakeholder Group 1 (Etawah),Low,Negative,7,2,5,48
STK-0003595,LG-000653,Landowner,Stakeholder Group 2 (Etawah),Low,Negative,11,4,7,54
STK-0003596,LG-000653,Village Administration,Stakeholder Group 3 (Etawah),Low,Negative,49,19,30,56
STK-0003597,LG-000653,Village Administration,Stakeholder Group 4 (Etawah),Low,Negative,27,10,17,31
STK-0003598,LG-000654,District Administration,Stakeholder Group 1 (Farrukhabad),Low,Negative,46,18,28,33
STK-0003599,LG-000654,Village Administration,Stakeholder Group 2 (Farrukhabad),Low,Negative,5,2,3,42
STK-0003600,LG-000654,Landowner,Stakeholder Group 3 (Farrukhabad),Low,Negative,37,14,23,80
STK-0003601,LG-000654,Contractor,Stakeholder Group 4 (Farrukhabad),Low,Negative,17,6,11,87
STK-0003602,LG-000654,Local Authority,Stakeholder Group 5 (Farrukhabad),Low,Negative,13,5,8,52
STK-0003603,LG-000655,Contractor,Stakeholder Group 1 (Fatehpur),High,Positive,48,40,8,23
STK-0003604,LG-000655,Local Authority,Stakeholder Group 2 (Fatehpur),High,Positive,40,34,6,5
STK-0003605,LG-000655,Contractor,Stakeholder Group 3 (Fatehpur),High,Positive,17,14,3,6
STK-0003606,LG-000655,Landowner,Stakeholder Group 4 (Fatehpur),High,Positive,30,25,5,23
STK-0003607,LG-000655,District Administration,Stakeholder Group 5 (Fatehpur),High,Positive,32,27,5,16
STK-0003608,LG-000655,Local Authority,Stakeholder Group 6 (Fatehpur),High,Positive,26,22,4,24
STK-0003609,LG-000655,Local Authority,Stakeholder Group 7 (Fatehpur),High,Positive,47,39,8,23
STK-0003610,LG-000655,Village Administration,Stakeholder Group 8 (Fatehpur),High,Positive,30,25,5,24
STK-0003611,LG-000656,Contractor,Stakeholder Group 1 (Firozabad),High,Positive,46,39,7,19
STK-0003612,LG-000656,District Administration,Stakeholder Group 2 (Firozabad),High,Positive,37,31,6,8
STK-0003613,LG-000656,Local Authority,Stakeholder Group 3 (Firozabad),High,Positive,28,23,5,15
STK-0003614,LG-000656,Village Administration,Stakeholder Group 4 (Firozabad),High,Positive,25,21,4,23
STK-0003615,LG-000656,Village Administration,Stakeholder Group 5 (Firozabad),High,Positive,26,22,4,16
STK-0003616,LG-000656,Landowner,Stakeholder Group 6 (Firozabad),High,Positive,26,22,4,19
STK-0003617,LG-000656,District Administration,Stakeholder Group 7 (Firozabad),High,Positive,27,22,5,25
STK-0003618,LG-000657,Local Authority,Stakeholder Group 1 (Gautam Buddha Nagar),High,Positive,42,35,7,8
STK-0003619,LG-000657,Local Authority,Stakeholder Group 2 (Gautam Buddha Nagar),High,Positive,46,39,7,24
STK-0003620,LG-000657,Local Authority,Stakeholder Group 3 (Gautam Buddha Nagar),High,Positive,44,37,7,18
STK-0003621,LG-000657,Village Administration,Stakeholder Group 4 (Gautam Buddha Nagar),High,Positive,33,28,5,12
STK-0003622,LG-000657,District Administration,Stakeholder Group 5 (Gautam Buddha Nagar),High,Positive,26,22,4,6
STK-0003623,LG-000657,Local Authority,Stakeholder Group 6 (Gautam Buddha Nagar),High,Positive,16,13,3,15
STK-0003624,LG-000658,Local Authority,Stakeholder Group 1 (Ghaziabad),High,Positive,48,40,8,13
STK-0003625,LG-000658,Landowner,Stakeholder Group 2 (Ghaziabad),High,Positive,32,27,5,23
STK-0003626,LG-000658,Local Authority,Stakeholder Group 3 (Ghaziabad),High,Positive,8,6,2,9
STK-0003627,LG-000659,Contractor,Stakeholder Group 1 (Ghazipur),High,Positive,30,25,5,10
STK-0003628,LG-000659,Landowner,Stakeholder Group 2 (Ghazipur),High,Positive,41,34,7,14
STK-0003629,LG-000659,Contractor,Stakeholder Group 3 (Ghazipur),High,Positive,46,39,7,21
STK-0003630,LG-000659,Local Authority,Stakeholder Group 4 (Ghazipur),High,Positive,34,28,6,23
STK-0003631,LG-000659,Local Authority,Stakeholder Group 5 (Ghazipur),High,Positive,8,6,2,25
STK-0003632,LG-000660,Landowner,Stakeholder Group 1 (Gonda),Low,Negative,19,7,12,75
STK-0003633,LG-000660,District Administration,Stakeholder Group 2 (Gonda),Low,Negative,30,12,18,57
STK-0003634,LG-000660,Landowner,Stakeholder Group 3 (Gonda),Low,Negative,48,19,29,32
STK-0003635,LG-000660,Landowner,Stakeholder Group 4 (Gonda),Low,Negative,32,12,20,47
STK-0003636,LG-000660,Contractor,Stakeholder Group 5 (Gonda),Low,Negative,30,12,18,41
STK-0003637,LG-000660,Landowner,Stakeholder Group 6 (Gonda),Low,Negative,11,4,7,30
STK-0003638,LG-000660,Local Authority,Stakeholder Group 7 (Gonda),Low,Negative,42,16,26,80
STK-0003639,LG-000660,Contractor,Stakeholder Group 8 (Gonda),Low,Negative,35,14,21,42
STK-0003640,LG-000661,District Administration,Stakeholder Group 1 (Gorakhpur),High,Positive,38,32,6,12
STK-0003641,LG-000661,Local Authority,Stakeholder Group 2 (Gorakhpur),High,Positive,35,29,6,14
STK-0003642,LG-000661,Contractor,Stakeholder Group 3 (Gorakhpur),High,Positive,18,15,3,12
STK-0003643,LG-000661,Landowner,Stakeholder Group 4 (Gorakhpur),High,Positive,11,9,2,5
STK-0003644,LG-000662,Village Administration,Stakeholder Group 1 (Hamirpur),Low,Negative,35,14,21,32
STK-0003645,LG-000662,Contractor,Stakeholder Group 2 (Hamirpur),Low,Negative,48,19,29,37
STK-0003646,LG-000662,District Administration,Stakeholder Group 3 (Hamirpur),Low,Negative,45,18,27,40
STK-0003647,LG-000663,Landowner,Stakeholder Group 1 (Hapur),Low,Negative,25,10,15,59
STK-0003648,LG-000663,Contractor,Stakeholder Group 2 (Hapur),Low,Negative,5,2,3,41
STK-0003649,LG-000663,Local Authority,Stakeholder Group 3 (Hapur),Low,Negative,47,18,29,70
STK-0003650,LG-000664,District Administration,Stakeholder Group 1 (Hardoi),High,Positive,36,30,6,18
STK-0003651,LG-000664,Local Authority,Stakeholder Group 2 (Hardoi),High,Positive,37,31,6,9
STK-0003652,LG-000664,Local Authority,Stakeholder Group 3 (Hardoi),High,Positive,44,37,7,18
STK-0003653,LG-000664,Local Authority,Stakeholder Group 4 (Hardoi),High,Positive,36,30,6,24
STK-0003654,LG-000664,Landowner,Stakeholder Group 5 (Hardoi),High,Positive,46,39,7,8
STK-0003655,LG-000664,Local Authority,Stakeholder Group 6 (Hardoi),High,Positive,20,17,3,19
STK-0003656,LG-000664,Landowner,Stakeholder Group 7 (Hardoi),High,Positive,28,23,5,11
STK-0003657,LG-000664,Local Authority,Stakeholder Group 8 (Hardoi),High,Positive,20,17,3,23
STK-0003658,LG-000665,Local Authority,Stakeholder Group 1 (Hathras),High,Positive,9,7,2,7
STK-0003659,LG-000665,District Administration,Stakeholder Group 2 (Hathras),High,Positive,48,40,8,8
STK-0003660,LG-000665,Contractor,Stakeholder Group 3 (Hathras),High,Positive,11,9,2,14
STK-0003661,LG-000665,Village Administration,Stakeholder Group 4 (Hathras),High,Positive,14,11,3,22
STK-0003662,LG-000665,Landowner,Stakeholder Group 5 (Hathras),High,Positive,34,28,6,9
STK-0003663,LG-000665,Village Administration,Stakeholder Group 6 (Hathras),High,Positive,39,33,6,14
STK-0003664,LG-000666,Contractor,Stakeholder Group 1 (Jalaun),Low,Negative,5,2,3,65
STK-0003665,LG-000666,Contractor,Stakeholder Group 2 (Jalaun),Low,Negative,13,5,8,68
STK-0003666,LG-000666,Contractor,Stakeholder Group 3 (Jalaun),Low,Negative,47,18,29,41
STK-0003667,LG-000666,Village Administration,Stakeholder Group 4 (Jalaun),Low,Negative,47,18,29,51
STK-0003668,LG-000666,Village Administration,Stakeholder Group 5 (Jalaun),Low,Negative,13,5,8,70
STK-0003669,LG-000666,Village Administration,Stakeholder Group 6 (Jalaun),Low,Negative,50,20,30,76
STK-0003670,LG-000666,Contractor,Stakeholder Group 7 (Jalaun),Low,Negative,10,4,6,87
STK-0003671,LG-000667,Landowner,Stakeholder Group 1 (Jaunpur),High,Positive,21,17,4,11
STK-0003672,LG-000667,Village Administration,Stakeholder Group 2 (Jaunpur),High,Positive,32,27,5,16
STK-0003673,LG-000667,Contractor,Stakeholder Group 3 (Jaunpur),High,Positive,50,42,8,7
STK-0003674,LG-000667,District Administration,Stakeholder Group 4 (Jaunpur),High,Positive,12,10,2,9
STK-0003675,LG-000667,Local Authority,Stakeholder Group 5 (Jaunpur),High,Positive,28,23,5,24
STK-0003676,LG-000668,Landowner,Stakeholder Group 1 (Jhansi),High,Positive,15,12,3,21
STK-0003677,LG-000668,Landowner,Stakeholder Group 2 (Jhansi),High,Positive,50,42,8,15
STK-0003678,LG-000668,Contractor,Stakeholder Group 3 (Jhansi),High,Positive,33,28,5,16
STK-0003679,LG-000668,District Administration,Stakeholder Group 4 (Jhansi),High,Positive,29,24,5,23
STK-0003680,LG-000668,Local Authority,Stakeholder Group 5 (Jhansi),High,Positive,12,10,2,8
STK-0003681,LG-000668,District Administration,Stakeholder Group 6 (Jhansi),High,Positive,24,20,4,21
STK-0003682,LG-000669,Contractor,Stakeholder Group 1 (Kannauj),High,Positive,24,20,4,6
STK-0003683,LG-000669,Village Administration,Stakeholder Group 2 (Kannauj),High,Positive,28,23,5,22
STK-0003684,LG-000669,Contractor,Stakeholder Group 3 (Kannauj),High,Positive,38,32,6,12
STK-0003685,LG-000669,Local Authority,Stakeholder Group 4 (Kannauj),High,Positive,31,26,5,9
STK-0003686,LG-000670,Village Administration,Stakeholder Group 1 (Kanpur Dehat),High,Positive,22,18,4,21
STK-0003687,LG-000670,Contractor,Stakeholder Group 2 (Kanpur Dehat),High,Positive,30,25,5,23
STK-0003688,LG-000670,Village Administration,Stakeholder Group 3 (Kanpur Dehat),High,Positive,31,26,5,24
STK-0003689,LG-000670,Landowner,Stakeholder Group 4 (Kanpur Dehat),High,Positive,47,39,8,24
STK-0003690,LG-000670,Landowner,Stakeholder Group 5 (Kanpur Dehat),High,Positive,50,42,8,11
STK-0003691,LG-000670,District Administration,Stakeholder Group 6 (Kanpur Dehat),High,Positive,50,42,8,10
STK-0003692,LG-000670,Contractor,Stakeholder Group 7 (Kanpur Dehat),High,Positive,33,28,5,23
STK-0003693,LG-000670,Contractor,Stakeholder Group 8 (Kanpur Dehat),High,Positive,47,39,8,7
STK-0003694,LG-000671,Contractor,Stakeholder Group 1 (Kanpur Nagar),High,Positive,32,27,5,15
STK-0003695,LG-000671,Village Administration,Stakeholder Group 2 (Kanpur Nagar),High,Positive,49,41,8,11
STK-0003696,LG-000671,Local Authority,Stakeholder Group 3 (Kanpur Nagar),High,Positive,39,33,6,11
STK-0003697,LG-000672,Contractor,Stakeholder Group 1 (Kasganj),Low,Negative,18,7,11,71
STK-0003698,LG-000672,Local Authority,Stakeholder Group 2 (Kasganj),Low,Negative,10,4,6,42
STK-0003699,LG-000672,Landowner,Stakeholder Group 3 (Kasganj),Low,Negative,9,3,6,32
STK-0003700,LG-000672,Local Authority,Stakeholder Group 4 (Kasganj),Low,Negative,16,6,10,52
STK-0003701,LG-000672,Village Administration,Stakeholder Group 5 (Kasganj),Low,Negative,5,2,3,48
STK-0003702,LG-000673,Local Authority,Stakeholder Group 1 (Kaushambi),Low,Negative,18,7,11,63
STK-0003703,LG-000673,Contractor,Stakeholder Group 2 (Kaushambi),Low,Negative,10,4,6,81
STK-0003704,LG-000673,Village Administration,Stakeholder Group 3 (Kaushambi),Low,Negative,22,8,14,80
STK-0003705,LG-000673,District Administration,Stakeholder Group 4 (Kaushambi),Low,Negative,26,10,16,75
STK-0003706,LG-000673,Contractor,Stakeholder Group 5 (Kaushambi),Low,Negative,27,10,17,81
STK-0003707,LG-000673,Local Authority,Stakeholder Group 6 (Kaushambi),Low,Negative,15,6,9,53
STK-0003708,LG-000673,District Administration,Stakeholder Group 7 (Kaushambi),Low,Negative,44,17,27,79
STK-0003709,LG-000674,Contractor,Stakeholder Group 1 (Kheri),High,Positive,21,17,4,19
STK-0003710,LG-000674,Village Administration,Stakeholder Group 2 (Kheri),High,Positive,20,17,3,23
STK-0003711,LG-000674,Landowner,Stakeholder Group 3 (Kheri),High,Positive,49,41,8,10
STK-0003712,LG-000674,Landowner,Stakeholder Group 4 (Kheri),High,Positive,13,11,2,13
STK-0003713,LG-000674,Village Administration,Stakeholder Group 5 (Kheri),High,Positive,42,35,7,25
STK-0003714,LG-000675,Contractor,Stakeholder Group 1 (Kushinagar),High,Positive,36,30,6,14
STK-0003715,LG-000675,Local Authority,Stakeholder Group 2 (Kushinagar),High,Positive,30,25,5,18
STK-0003716,LG-000675,District Administration,Stakeholder Group 3 (Kushinagar),High,Positive,16,13,3,6
STK-0003717,LG-000675,Landowner,Stakeholder Group 4 (Kushinagar),High,Positive,9,7,2,8
STK-0003718,LG-000675,Landowner,Stakeholder Group 5 (Kushinagar),High,Positive,9,7,2,22
STK-0003719,LG-000675,District Administration,Stakeholder Group 6 (Kushinagar),High,Positive,6,5,1,21
STK-0003720,LG-000675,Local Authority,Stakeholder Group 7 (Kushinagar),High,Positive,21,17,4,13
STK-0003721,LG-000675,District Administration,Stakeholder Group 8 (Kushinagar),High,Positive,35,29,6,12
STK-0003722,LG-000676,Local Authority,Stakeholder Group 1 (Lalitpur),High,Positive,21,17,4,15
STK-0003723,LG-000676,Village Administration,Stakeholder Group 2 (Lalitpur),High,Positive,28,23,5,16
STK-0003724,LG-000676,Landowner,Stakeholder Group 3 (Lalitpur),High,Positive,37,31,6,10
STK-0003725,LG-000676,Local Authority,Stakeholder Group 4 (Lalitpur),High,Positive,47,39,8,9
STK-0003726,LG-000676,District Administration,Stakeholder Group 5 (Lalitpur),High,Positive,13,11,2,8
STK-0003727,LG-000676,Contractor,Stakeholder Group 6 (Lalitpur),High,Positive,12,10,2,14
STK-0003728,LG-000677,Local Authority,Stakeholder Group 1 (Lucknow),High,Positive,43,36,7,16
STK-0003729,LG-000677,Village Administration,Stakeholder Group 2 (Lucknow),High,Positive,40,34,6,16
STK-0003730,LG-000677,District Administration,Stakeholder Group 3 (Lucknow),High,Positive,40,34,6,9
STK-0003731,LG-000677,Village Administration,Stakeholder Group 4 (Lucknow),High,Positive,6,5,1,24
STK-0003732,LG-000678,Village Administration,Stakeholder Group 1 (Maharajganj),High,Positive,28,23,5,16
STK-0003733,LG-000678,District Administration,Stakeholder Group 2 (Maharajganj),High,Positive,33,28,5,15
STK-0003734,LG-000678,Local Authority,Stakeholder Group 3 (Maharajganj),High,Positive,11,9,2,17
STK-0003735,LG-000678,Landowner,Stakeholder Group 4 (Maharajganj),High,Positive,33,28,5,5
STK-0003736,LG-000678,District Administration,Stakeholder Group 5 (Maharajganj),High,Positive,10,8,2,15
STK-0003737,LG-000678,Landowner,Stakeholder Group 6 (Maharajganj),High,Positive,21,17,4,21
STK-0003738,LG-000678,Contractor,Stakeholder Group 7 (Maharajganj),High,Positive,35,29,6,9
STK-0003739,LG-000679,Contractor,Stakeholder Group 1 (Mahoba),High,Positive,5,4,1,12
STK-0003740,LG-000679,Landowner,Stakeholder Group 2 (Mahoba),High,Positive,16,13,3,15
STK-0003741,LG-000679,Local Authority,Stakeholder Group 3 (Mahoba),High,Positive,6,5,1,13
STK-0003742,LG-000680,District Administration,Stakeholder Group 1 (Mainpuri),High,Positive,10,8,2,25
STK-0003743,LG-000680,District Administration,Stakeholder Group 2 (Mainpuri),High,Positive,15,12,3,24
STK-0003744,LG-000680,Local Authority,Stakeholder Group 3 (Mainpuri),High,Positive,17,14,3,13
STK-0003745,LG-000681,Contractor,Stakeholder Group 1 (Mathura),Low,Negative,36,14,22,85
STK-0003746,LG-000681,Landowner,Stakeholder Group 2 (Mathura),Low,Negative,15,6,9,35
STK-0003747,LG-000681,Landowner,Stakeholder Group 3 (Mathura),Low,Negative,36,14,22,34
STK-0003748,LG-000681,District Administration,Stakeholder Group 4 (Mathura),Low,Negative,23,9,14,49
STK-0003749,LG-000682,District Administration,Stakeholder Group 1 (Mau),High,Positive,28,23,5,19
STK-0003750,LG-000682,District Administration,Stakeholder Group 2 (Mau),High,Positive,43,36,7,17
STK-0003751,LG-000682,Village Administration,Stakeholder Group 3 (Mau),High,Positive,20,17,3,23
STK-0003752,LG-000682,Landowner,Stakeholder Group 4 (Mau),High,Positive,33,28,5,21
STK-0003753,LG-000682,Landowner,Stakeholder Group 5 (Mau),High,Positive,11,9,2,8
STK-0003754,LG-000682,Local Authority,Stakeholder Group 6 (Mau),High,Positive,38,32,6,16
STK-0003755,LG-000682,Landowner,Stakeholder Group 7 (Mau),High,Positive,18,15,3,12
STK-0003756,LG-000682,Village Administration,Stakeholder Group 8 (Mau),High,Positive,43,36,7,6
STK-0003757,LG-000683,Village Administration,Stakeholder Group 1 (Meerut),Low,Negative,39,15,24,60
STK-0003758,LG-000683,Contractor,Stakeholder Group 2 (Meerut),Low,Negative,7,2,5,70
STK-0003759,LG-000683,Contractor,Stakeholder Group 3 (Meerut),Low,Negative,39,15,24,37
STK-0003760,LG-000683,Local Authority,Stakeholder Group 4 (Meerut),Low,Negative,38,15,23,90
STK-0003761,LG-000683,Landowner,Stakeholder Group 5 (Meerut),Low,Negative,30,12,18,73
STK-0003762,LG-000683,Local Authority,Stakeholder Group 6 (Meerut),Low,Negative,22,8,14,39
STK-0003763,LG-000683,Contractor,Stakeholder Group 7 (Meerut),Low,Negative,43,17,26,75
STK-0003764,LG-000684,Contractor,Stakeholder Group 1 (Mirzapur),High,Positive,30,25,5,6
STK-0003765,LG-000684,Local Authority,Stakeholder Group 2 (Mirzapur),High,Positive,38,32,6,13
STK-0003766,LG-000684,Landowner,Stakeholder Group 3 (Mirzapur),High,Positive,49,41,8,12
STK-0003767,LG-000685,Landowner,Stakeholder Group 1 (Moradabad),High,Positive,28,23,5,8
STK-0003768,LG-000685,Landowner,Stakeholder Group 2 (Moradabad),High,Positive,36,30,6,23
STK-0003769,LG-000685,Landowner,Stakeholder Group 3 (Moradabad),High,Positive,40,34,6,12
STK-0003770,LG-000685,Contractor,Stakeholder Group 4 (Moradabad),High,Positive,39,33,6,9
STK-0003771,LG-000685,Local Authority,Stakeholder Group 5 (Moradabad),High,Positive,49,41,8,18
STK-0003772,LG-000686,Contractor,Stakeholder Group 1 (Muzaffarnagar),Low,Negative,5,2,3,79
STK-0003773,LG-000686,Landowner,Stakeholder Group 2 (Muzaffarnagar),Low,Negative,29,11,18,81
STK-0003774,LG-000686,Village Administration,Stakeholder Group 3 (Muzaffarnagar),Low,Negative,10,4,6,76
STK-0003775,LG-000686,Village Administration,Stakeholder Group 4 (Muzaffarnagar),Low,Negative,5,2,3,31
STK-0003776,LG-000686,Local Authority,Stakeholder Group 5 (Muzaffarnagar),Low,Negative,13,5,8,52
STK-0003777,LG-000686,Local Authority,Stakeholder Group 6 (Muzaffarnagar),Low,Negative,50,20,30,49
STK-0003778,LG-000686,Village Administration,Stakeholder Group 7 (Muzaffarnagar),Low,Negative,19,7,12,30
STK-0003779,LG-000687,Contractor,Stakeholder Group 1 (Pilibhit),High,Positive,39,33,6,5
STK-0003780,LG-000687,Local Authority,Stakeholder Group 2 (Pilibhit),High,Positive,45,38,7,18
STK-0003781,LG-000687,Landowner,Stakeholder Group 3 (Pilibhit),High,Positive,24,20,4,18
STK-0003782,LG-000687,Local Authority,Stakeholder Group 4 (Pilibhit),High,Positive,23,19,4,25
STK-0003783,LG-000688,Local Authority,Stakeholder Group 1 (Pratapgarh),Low,Negative,43,17,26,35
STK-0003784,LG-000688,Local Authority,Stakeholder Group 2 (Pratapgarh),Low,Negative,11,4,7,56
STK-0003785,LG-000688,District Administration,Stakeholder Group 3 (Pratapgarh),Low,Negative,29,11,18,80
STK-0003786,LG-000688,District Administration,Stakeholder Group 4 (Pratapgarh),Low,Negative,37,14,23,81
STK-0003787,LG-000688,Contractor,Stakeholder Group 5 (Pratapgarh),Low,Negative,24,9,15,81
STK-0003788,LG-000688,Village Administration,Stakeholder Group 6 (Pratapgarh),Low,Negative,7,2,5,45
STK-0003789,LG-000688,Landowner,Stakeholder Group 7 (Pratapgarh),Low,Negative,34,13,21,66
STK-0003790,LG-000688,Local Authority,Stakeholder Group 8 (Pratapgarh),Low,Negative,41,16,25,79
STK-0003791,LG-000689,District Administration,Stakeholder Group 1 (Prayagraj),High,Positive,38,32,6,13
STK-0003792,LG-000689,Village Administration,Stakeholder Group 2 (Prayagraj),High,Positive,35,29,6,17
STK-0003793,LG-000689,Local Authority,Stakeholder Group 3 (Prayagraj),High,Positive,14,11,3,16
STK-0003794,LG-000689,Local Authority,Stakeholder Group 4 (Prayagraj),High,Positive,37,31,6,5
STK-0003795,LG-000689,Local Authority,Stakeholder Group 5 (Prayagraj),High,Positive,18,15,3,19
STK-0003796,LG-000689,Contractor,Stakeholder Group 6 (Prayagraj),High,Positive,42,35,7,18
STK-0003797,LG-000689,Village Administration,Stakeholder Group 7 (Prayagraj),High,Positive,10,8,2,10
STK-0003798,LG-000690,Local Authority,Stakeholder Group 1 (Raebareli),High,Positive,39,33,6,6
STK-0003799,LG-000690,Local Authority,Stakeholder Group 2 (Raebareli),High,Positive,24,20,4,22
STK-0003800,LG-000690,Contractor,Stakeholder Group 3 (Raebareli),High,Positive,50,42,8,15
STK-0003801,LG-000691,Local Authority,Stakeholder Group 1 (Rampur),High,Positive,47,39,8,19
STK-0003802,LG-000691,District Administration,Stakeholder Group 2 (Rampur),High,Positive,33,28,5,7
STK-0003803,LG-000691,Village Administration,Stakeholder Group 3 (Rampur),High,Positive,18,15,3,9
STK-0003804,LG-000692,District Administration,Stakeholder Group 1 (Saharanpur),Low,Negative,11,4,7,76
STK-0003805,LG-000692,Local Authority,Stakeholder Group 2 (Saharanpur),Low,Negative,20,8,12,50
STK-0003806,LG-000692,Contractor,Stakeholder Group 3 (Saharanpur),Low,Negative,24,9,15,33
STK-0003807,LG-000692,Local Authority,Stakeholder Group 4 (Saharanpur),Low,Negative,46,18,28,55
STK-0003808,LG-000692,Local Authority,Stakeholder Group 5 (Saharanpur),Low,Negative,27,10,17,82
STK-0003809,LG-000692,Local Authority,Stakeholder Group 6 (Saharanpur),Low,Negative,48,19,29,66
STK-0003810,LG-000692,Landowner,Stakeholder Group 7 (Saharanpur),Low,Negative,24,9,15,64
STK-0003811,LG-000693,Contractor,Stakeholder Group 1 (Sambhal),High,Positive,11,9,2,8
STK-0003812,LG-000693,District Administration,Stakeholder Group 2 (Sambhal),High,Positive,5,4,1,9
STK-0003813,LG-000693,Contractor,Stakeholder Group 3 (Sambhal),High,Positive,7,5,2,10
STK-0003814,LG-000693,Village Administration,Stakeholder Group 4 (Sambhal),High,Positive,18,15,3,5
STK-0003815,LG-000693,District Administration,Stakeholder Group 5 (Sambhal),High,Positive,30,25,5,16
STK-0003816,LG-000693,Village Administration,Stakeholder Group 6 (Sambhal),High,Positive,23,19,4,16
STK-0003817,LG-000694,Village Administration,Stakeholder Group 1 (Sant Kabir Nagar),High,Positive,5,4,1,17
STK-0003818,LG-000694,Local Authority,Stakeholder Group 2 (Sant Kabir Nagar),High,Positive,23,19,4,7
STK-0003819,LG-000694,Village Administration,Stakeholder Group 3 (Sant Kabir Nagar),High,Positive,34,28,6,6
STK-0003820,LG-000694,District Administration,Stakeholder Group 4 (Sant Kabir Nagar),High,Positive,41,34,7,11
STK-0003821,LG-000695,Contractor,Stakeholder Group 1 (Shahjahanpur),High,Positive,43,36,7,13
STK-0003822,LG-000695,Village Administration,Stakeholder Group 2 (Shahjahanpur),High,Positive,29,24,5,20
STK-0003823,LG-000695,District Administration,Stakeholder Group 3 (Shahjahanpur),High,Positive,15,12,3,20
STK-0003824,LG-000695,Contractor,Stakeholder Group 4 (Shahjahanpur),High,Positive,20,17,3,13
STK-0003825,LG-000695,Village Administration,Stakeholder Group 5 (Shahjahanpur),High,Positive,40,34,6,7
STK-0003826,LG-000696,Village Administration,Stakeholder Group 1 (Shamli),High,Positive,39,33,6,22
STK-0003827,LG-000696,Contractor,Stakeholder Group 2 (Shamli),High,Positive,38,32,6,17
STK-0003828,LG-000696,Local Authority,Stakeholder Group 3 (Shamli),High,Positive,6,5,1,10
STK-0003829,LG-000696,District Administration,Stakeholder Group 4 (Shamli),High,Positive,44,37,7,14
STK-0003830,LG-000696,Village Administration,Stakeholder Group 5 (Shamli),High,Positive,39,33,6,17
STK-0003831,LG-000696,District Administration,Stakeholder Group 6 (Shamli),High,Positive,41,34,7,20
STK-0003832,LG-000696,Landowner,Stakeholder Group 7 (Shamli),High,Positive,17,14,3,12
STK-0003833,LG-000696,Local Authority,Stakeholder Group 8 (Shamli),High,Positive,33,28,5,12
STK-0003834,LG-000697,District Administration,Stakeholder Group 1 (Shravasti),High,Positive,5,4,1,15
STK-0003835,LG-000697,Village Administration,Stakeholder Group 2 (Shravasti),High,Positive,8,6,2,8
STK-0003836,LG-000697,Local Authority,Stakeholder Group 3 (Shravasti),High,Positive,5,4,1,6
STK-0003837,LG-000697,Local Authority,Stakeholder Group 4 (Shravasti),High,Positive,16,13,3,8
STK-0003838,LG-000697,Local Authority,Stakeholder Group 5 (Shravasti),High,Positive,47,39,8,11
STK-0003839,LG-000697,Landowner,Stakeholder Group 6 (Shravasti),High,Positive,39,33,6,18
STK-0003840,LG-000697,Local Authority,Stakeholder Group 7 (Shravasti),High,Positive,10,8,2,7
STK-0003841,LG-000698,District Administration,Stakeholder Group 1 (Siddharthnagar),High,Positive,13,11,2,20
STK-0003842,LG-000698,Contractor,Stakeholder Group 2 (Siddharthnagar),High,Positive,49,41,8,14
STK-0003843,LG-000698,Local Authority,Stakeholder Group 3 (Siddharthnagar),High,Positive,8,6,2,17
STK-0003844,LG-000698,Local Authority,Stakeholder Group 4 (Siddharthnagar),High,Positive,38,32,6,17
STK-0003845,LG-000698,Village Administration,Stakeholder Group 5 (Siddharthnagar),High,Positive,25,21,4,25
STK-0003846,LG-000699,District Administration,Stakeholder Group 1 (Sitapur),High,Positive,46,39,7,21
STK-0003847,LG-000699,Local Authority,Stakeholder Group 2 (Sitapur),High,Positive,16,13,3,9
STK-0003848,LG-000699,District Administration,Stakeholder Group 3 (Sitapur),High,Positive,16,13,3,24
STK-0003849,LG-000699,Landowner,Stakeholder Group 4 (Sitapur),High,Positive,15,12,3,5
STK-0003850,LG-000700,District Administration,Stakeholder Group 1 (Sonbhadra),Low,Negative,40,16,24,43
STK-0003851,LG-000700,District Administration,Stakeholder Group 2 (Sonbhadra),Low,Negative,15,6,9,84
STK-0003852,LG-000700,District Administration,Stakeholder Group 3 (Sonbhadra),Low,Negative,50,20,30,32
STK-0003853,LG-000700,Village Administration,Stakeholder Group 4 (Sonbhadra),Low,Negative,10,4,6,90
STK-0003854,LG-000701,Contractor,Stakeholder Group 1 (Sultanpur),High,Positive,44,37,7,12
STK-0003855,LG-000701,District Administration,Stakeholder Group 2 (Sultanpur),High,Positive,46,39,7,10
STK-0003856,LG-000701,Landowner,Stakeholder Group 3 (Sultanpur),High,Positive,48,40,8,6
STK-0003857,LG-000701,Village Administration,Stakeholder Group 4 (Sultanpur),High,Positive,34,28,6,21
STK-0003858,LG-000701,Village Administration,Stakeholder Group 5 (Sultanpur),High,Positive,13,11,2,20
STK-0003859,LG-000701,Contractor,Stakeholder Group 6 (Sultanpur),High,Positive,10,8,2,8
STK-0003860,LG-000701,Local Authority,Stakeholder Group 7 (Sultanpur),High,Positive,37,31,6,21
STK-0003861,LG-000701,Landowner,Stakeholder Group 8 (Sultanpur),High,Positive,48,40,8,25
STK-0003862,LG-000702,District Administration,Stakeholder Group 1 (Unnao),High,Positive,28,23,5,15
STK-0003863,LG-000702,Contractor,Stakeholder Group 2 (Unnao),High,Positive,24,20,4,6
STK-0003864,LG-000702,Village Administration,Stakeholder Group 3 (Unnao),High,Positive,23,19,4,19
STK-0003865,LG-000703,Landowner,Stakeholder Group 1 (Varanasi),Low,Negative,11,4,7,62
STK-0003866,LG-000703,Contractor,Stakeholder Group 2 (Varanasi),Low,Negative,21,8,13,88
STK-0003867,LG-000703,Village Administration,Stakeholder Group 3 (Varanasi),Low,Negative,18,7,11,80
STK-0003868,LG-000703,Local Authority,Stakeholder Group 4 (Varanasi),Low,Negative,27,10,17,32
STK-0003869,LG-000703,Local Authority,Stakeholder Group 5 (Varanasi),Low,Negative,49,19,30,55
STK-0003870,LG-000704,Local Authority,Stakeholder Group 1 (Almora),High,Positive,26,22,4,20
STK-0003871,LG-000704,Village Administration,Stakeholder Group 2 (Almora),High,Positive,11,9,2,12
STK-0003872,LG-000704,Village Administration,Stakeholder Group 3 (Almora),High,Positive,45,38,7,5
STK-0003873,LG-000705,Local Authority,Stakeholder Group 1 (Bageshwar),Low,Negative,29,11,18,37
STK-0003874,LG-000705,Local Authority,Stakeholder Group 2 (Bageshwar),Low,Negative,40,16,24,71
STK-0003875,LG-000705,Contractor,Stakeholder Group 3 (Bageshwar),Low,Negative,43,17,26,89
STK-0003876,LG-000705,Village Administration,Stakeholder Group 4 (Bageshwar),Low,Negative,27,10,17,33
STK-0003877,LG-000705,Contractor,Stakeholder Group 5 (Bageshwar),Low,Negative,19,7,12,68
STK-0003878,LG-000706,Landowner,Stakeholder Group 1 (Chamoli),Low,Negative,20,8,12,84
STK-0003879,LG-000706,Village Administration,Stakeholder Group 2 (Chamoli),Low,Negative,38,15,23,53
STK-0003880,LG-000706,Local Authority,Stakeholder Group 3 (Chamoli),Low,Negative,38,15,23,81
STK-0003881,LG-000706,Village Administration,Stakeholder Group 4 (Chamoli),Low,Negative,8,3,5,86
STK-0003882,LG-000707,District Administration,Stakeholder Group 1 (Champawat),Low,Negative,13,5,8,84
STK-0003883,LG-000707,Contractor,Stakeholder Group 2 (Champawat),Low,Negative,49,19,30,65
STK-0003884,LG-000707,Village Administration,Stakeholder Group 3 (Champawat),Low,Negative,20,8,12,64
STK-0003885,LG-000707,District Administration,Stakeholder Group 4 (Champawat),Low,Negative,10,4,6,69
STK-0003886,LG-000707,Landowner,Stakeholder Group 5 (Champawat),Low,Negative,38,15,23,72
STK-0003887,LG-000708,District Administration,Stakeholder Group 1 (Dehradun),High,Positive,44,37,7,9
STK-0003888,LG-000708,Village Administration,Stakeholder Group 2 (Dehradun),High,Positive,22,18,4,24
STK-0003889,LG-000708,Landowner,Stakeholder Group 3 (Dehradun),High,Positive,32,27,5,20
STK-0003890,LG-000708,Village Administration,Stakeholder Group 4 (Dehradun),High,Positive,49,41,8,17
STK-0003891,LG-000708,Landowner,Stakeholder Group 5 (Dehradun),High,Positive,48,40,8,9
STK-0003892,LG-000708,Contractor,Stakeholder Group 6 (Dehradun),High,Positive,7,5,2,25
STK-0003893,LG-000709,Contractor,Stakeholder Group 1 (Haridwar),High,Positive,11,9,2,18
STK-0003894,LG-000709,Landowner,Stakeholder Group 2 (Haridwar),High,Positive,30,25,5,15
STK-0003895,LG-000709,Contractor,Stakeholder Group 3 (Haridwar),High,Positive,14,11,3,19
STK-0003896,LG-000709,Local Authority,Stakeholder Group 4 (Haridwar),High,Positive,29,24,5,24
STK-0003897,LG-000709,Village Administration,Stakeholder Group 5 (Haridwar),High,Positive,16,13,3,22
STK-0003898,LG-000709,Contractor,Stakeholder Group 6 (Haridwar),High,Positive,50,42,8,7
STK-0003899,LG-000710,Landowner,Stakeholder Group 1 (Nainital),High,Positive,46,39,7,8
STK-0003900,LG-000710,District Administration,Stakeholder Group 2 (Nainital),High,Positive,26,22,4,17
STK-0003901,LG-000710,District Administration,Stakeholder Group 3 (Nainital),High,Positive,39,33,6,6
STK-0003902,LG-000710,Landowner,Stakeholder Group 4 (Nainital),High,Positive,49,41,8,23
STK-0003903,LG-000710,Landowner,Stakeholder Group 5 (Nainital),High,Positive,15,12,3,24
STK-0003904,LG-000711,District Administration,Stakeholder Group 1 (Pauri Garhwal),High,Positive,7,5,2,12
STK-0003905,LG-000711,Village Administration,Stakeholder Group 2 (Pauri Garhwal),High,Positive,19,16,3,15
STK-0003906,LG-000711,Landowner,Stakeholder Group 3 (Pauri Garhwal),High,Positive,29,24,5,5
STK-0003907,LG-000711,Village Administration,Stakeholder Group 4 (Pauri Garhwal),High,Positive,10,8,2,10
STK-0003908,LG-000711,Local Authority,Stakeholder Group 5 (Pauri Garhwal),High,Positive,37,31,6,21
STK-0003909,LG-000712,Landowner,Stakeholder Group 1 (Pithoragarh),Low,Negative,7,2,5,67
STK-0003910,LG-000712,Local Authority,Stakeholder Group 2 (Pithoragarh),Low,Negative,31,12,19,73
STK-0003911,LG-000712,Contractor,Stakeholder Group 3 (Pithoragarh),Low,Negative,32,12,20,45
STK-0003912,LG-000712,Local Authority,Stakeholder Group 4 (Pithoragarh),Low,Negative,32,12,20,46
STK-0003913,LG-000712,District Administration,Stakeholder Group 5 (Pithoragarh),Low,Negative,38,15,23,90
STK-0003914,LG-000712,Village Administration,Stakeholder Group 6 (Pithoragarh),Low,Negative,8,3,5,85
STK-0003915,LG-000712,Contractor,Stakeholder Group 7 (Pithoragarh),Low,Negative,26,10,16,56
STK-0003916,LG-000713,Landowner,Stakeholder Group 1 (Rudraprayag),Low,Negative,11,4,7,85
STK-0003917,LG-000713,Local Authority,Stakeholder Group 2 (Rudraprayag),Low,Negative,36,14,22,36
STK-0003918,LG-000713,Contractor,Stakeholder Group 3 (Rudraprayag),Low,Negative,45,18,27,38
STK-0003919,LG-000713,Village Administration,Stakeholder Group 4 (Rudraprayag),Low,Negative,41,16,25,55
STK-0003920,LG-000713,Landowner,Stakeholder Group 5 (Rudraprayag),Low,Negative,41,16,25,31
STK-0003921,LG-000713,Local Authority,Stakeholder Group 6 (Rudraprayag),Low,Negative,45,18,27,72
STK-0003922,LG-000714,Local Authority,Stakeholder Group 1 (Tehri Garhwal),High,Positive,42,35,7,8
STK-0003923,LG-000714,Village Administration,Stakeholder Group 2 (Tehri Garhwal),High,Positive,18,15,3,17
STK-0003924,LG-000714,Local Authority,Stakeholder Group 3 (Tehri Garhwal),High,Positive,40,34,6,10
STK-0003925,LG-000714,District Administration,Stakeholder Group 4 (Tehri Garhwal),High,Positive,28,23,5,14
STK-0003926,LG-000715,Landowner,Stakeholder Group 1 (Udham Singh Nagar),Low,Negative,34,13,21,88
STK-0003927,LG-000715,Village Administration,Stakeholder Group 2 (Udham Singh Nagar),Low,Negative,10,4,6,34
STK-0003928,LG-000715,Contractor,Stakeholder Group 3 (Udham Singh Nagar),Low,Negative,5,2,3,73
STK-0003929,LG-000715,Local Authority,Stakeholder Group 4 (Udham Singh Nagar),Low,Negative,6,2,4,87
STK-0003930,LG-000715,Local Authority,Stakeholder Group 5 (Udham Singh Nagar),Low,Negative,32,12,20,61
STK-0003931,LG-000715,Local Authority,Stakeholder Group 6 (Udham Singh Nagar),Low,Negative,30,12,18,68
STK-0003932,LG-000715,Local Authority,Stakeholder Group 7 (Udham Singh Nagar),Low,Negative,20,8,12,46
STK-0003933,LG-000716,Landowner,Stakeholder Group 1 (Uttarkashi),Low,Negative,21,8,13,75
STK-0003934,LG-000716,Village Administration,Stakeholder Group 2 (Uttarkashi),Low,Negative,30,12,18,63
STK-0003935,LG-000716,District Administration,Stakeholder Group 3 (Uttarkashi),Low,Negative,10,4,6,49
STK-0003936,LG-000716,Village Administration,Stakeholder Group 4 (Uttarkashi),Low,Negative,17,6,11,33
STK-0003937,LG-000716,Contractor,Stakeholder Group 5 (Uttarkashi),Low,Negative,34,13,21,47
STK-0003938,LG-000717,Local Authority,Stakeholder Group 1 (Alipurduar),High,Positive,7,5,2,6
STK-0003939,LG-000717,Contractor,Stakeholder Group 2 (Alipurduar),High,Positive,28,23,5,16
STK-0003940,LG-000717,Contractor,Stakeholder Group 3 (Alipurduar),High,Positive,44,37,7,11
STK-0003941,LG-000718,Local Authority,Stakeholder Group 1 (Bankura),Low,Negative,11,4,7,59
STK-0003942,LG-000718,District Administration,Stakeholder Group 2 (Bankura),Low,Negative,21,8,13,90
STK-0003943,LG-000718,Contractor,Stakeholder Group 3 (Bankura),Low,Negative,10,4,6,58
STK-0003944,LG-000719,Village Administration,Stakeholder Group 1 (Birbhum),Low,Negative,37,14,23,52
STK-0003945,LG-000719,Village Administration,Stakeholder Group 2 (Birbhum),Low,Negative,41,16,25,30
STK-0003946,LG-000719,Local Authority,Stakeholder Group 3 (Birbhum),Low,Negative,27,10,17,56
STK-0003947,LG-000720,Contractor,Stakeholder Group 1 (Cooch Behar),Low,Negative,37,14,23,86
STK-0003948,LG-000720,Village Administration,Stakeholder Group 2 (Cooch Behar),Low,Negative,45,18,27,85
STK-0003949,LG-000720,District Administration,Stakeholder Group 3 (Cooch Behar),Low,Negative,19,7,12,43
STK-0003950,LG-000720,Contractor,Stakeholder Group 4 (Cooch Behar),Low,Negative,12,4,8,32
STK-0003951,LG-000720,Local Authority,Stakeholder Group 5 (Cooch Behar),Low,Negative,49,19,30,83
STK-0003952,LG-000721,Village Administration,Stakeholder Group 1 (Dakshin Dinajpur),High,Positive,17,14,3,8
STK-0003953,LG-000721,Landowner,Stakeholder Group 2 (Dakshin Dinajpur),High,Positive,18,15,3,13
STK-0003954,LG-000721,Landowner,Stakeholder Group 3 (Dakshin Dinajpur),High,Positive,30,25,5,25
STK-0003955,LG-000721,Contractor,Stakeholder Group 4 (Dakshin Dinajpur),High,Positive,21,17,4,5
STK-0003956,LG-000721,Local Authority,Stakeholder Group 5 (Dakshin Dinajpur),High,Positive,36,30,6,5
STK-0003957,LG-000722,District Administration,Stakeholder Group 1 (Darjeeling),Low,Negative,24,9,15,60
STK-0003958,LG-000722,District Administration,Stakeholder Group 2 (Darjeeling),Low,Negative,26,10,16,33
STK-0003959,LG-000722,District Administration,Stakeholder Group 3 (Darjeeling),Low,Negative,43,17,26,47
STK-0003960,LG-000723,Landowner,Stakeholder Group 1 (Hooghly),High,Positive,30,25,5,6
STK-0003961,LG-000723,Contractor,Stakeholder Group 2 (Hooghly),High,Positive,24,20,4,15
STK-0003962,LG-000723,Village Administration,Stakeholder Group 3 (Hooghly),High,Positive,42,35,7,7
STK-0003963,LG-000723,Village Administration,Stakeholder Group 4 (Hooghly),High,Positive,29,24,5,20
STK-0003964,LG-000723,District Administration,Stakeholder Group 5 (Hooghly),High,Positive,39,33,6,15
STK-0003965,LG-000724,Local Authority,Stakeholder Group 1 (Howrah),High,Positive,6,5,1,13
STK-0003966,LG-000724,Contractor,Stakeholder Group 2 (Howrah),High,Positive,32,27,5,24
STK-0003967,LG-000724,District Administration,Stakeholder Group 3 (Howrah),High,Positive,18,15,3,15
STK-0003968,LG-000724,Village Administration,Stakeholder Group 4 (Howrah),High,Positive,46,39,7,23
STK-0003969,LG-000724,Village Administration,Stakeholder Group 5 (Howrah),High,Positive,46,39,7,19
STK-0003970,LG-000725,District Administration,Stakeholder Group 1 (Jalpaiguri),Low,Negative,30,12,18,77
STK-0003971,LG-000725,Local Authority,Stakeholder Group 2 (Jalpaiguri),Low,Negative,24,9,15,73
STK-0003972,LG-000725,Contractor,Stakeholder Group 3 (Jalpaiguri),Low,Negative,14,5,9,36
STK-0003973,LG-000725,District Administration,Stakeholder Group 4 (Jalpaiguri),Low,Negative,6,2,4,69
STK-0003974,LG-000725,Landowner,Stakeholder Group 5 (Jalpaiguri),Low,Negative,41,16,25,42
STK-0003975,LG-000725,Landowner,Stakeholder Group 6 (Jalpaiguri),Low,Negative,29,11,18,33
STK-0003976,LG-000725,Landowner,Stakeholder Group 7 (Jalpaiguri),Low,Negative,16,6,10,54
STK-0003977,LG-000726,Village Administration,Stakeholder Group 1 (Jhargram),High,Positive,41,34,7,12
STK-0003978,LG-000726,Landowner,Stakeholder Group 2 (Jhargram),High,Positive,6,5,1,18
STK-0003979,LG-000726,Contractor,Stakeholder Group 3 (Jhargram),High,Positive,31,26,5,16
STK-0003980,LG-000726,Landowner,Stakeholder Group 4 (Jhargram),High,Positive,18,15,3,12
STK-0003981,LG-000726,Village Administration,Stakeholder Group 5 (Jhargram),High,Positive,40,34,6,14
STK-0003982,LG-000726,Landowner,Stakeholder Group 6 (Jhargram),High,Positive,29,24,5,8
STK-0003983,LG-000727,Contractor,Stakeholder Group 1 (Kalimpong),Low,Negative,45,18,27,74
STK-0003984,LG-000727,District Administration,Stakeholder Group 2 (Kalimpong),Low,Negative,28,11,17,60
STK-0003985,LG-000727,Local Authority,Stakeholder Group 3 (Kalimpong),Low,Negative,21,8,13,82
STK-0003986,LG-000727,Contractor,Stakeholder Group 4 (Kalimpong),Low,Negative,29,11,18,76
STK-0003987,LG-000727,District Administration,Stakeholder Group 5 (Kalimpong),Low,Negative,7,2,5,39
STK-0003988,LG-000727,Local Authority,Stakeholder Group 6 (Kalimpong),Low,Negative,19,7,12,33
STK-0003989,LG-000728,Local Authority,Stakeholder Group 1 (Kolkata),High,Positive,9,7,2,23
STK-0003990,LG-000728,Local Authority,Stakeholder Group 2 (Kolkata),High,Positive,37,31,6,14
STK-0003991,LG-000728,Contractor,Stakeholder Group 3 (Kolkata),High,Positive,26,22,4,22
STK-0003992,LG-000729,Landowner,Stakeholder Group 1 (Malda),High,Positive,18,15,3,25
STK-0003993,LG-000729,Local Authority,Stakeholder Group 2 (Malda),High,Positive,11,9,2,19
STK-0003994,LG-000729,District Administration,Stakeholder Group 3 (Malda),High,Positive,37,31,6,6
STK-0003995,LG-000729,District Administration,Stakeholder Group 4 (Malda),High,Positive,28,23,5,8
STK-0003996,LG-000730,District Administration,Stakeholder Group 1 (Murshidabad),High,Positive,31,26,5,8
STK-0003997,LG-000730,Village Administration,Stakeholder Group 2 (Murshidabad),High,Positive,29,24,5,23
STK-0003998,LG-000730,Village Administration,Stakeholder Group 3 (Murshidabad),High,Positive,18,15,3,24
STK-0003999,LG-000730,District Administration,Stakeholder Group 4 (Murshidabad),High,Positive,22,18,4,14
STK-0004000,LG-000730,Landowner,Stakeholder Group 5 (Murshidabad),High,Positive,41,34,7,20
STK-0004001,LG-000730,Village Administration,Stakeholder Group 6 (Murshidabad),High,Positive,48,40,8,18
STK-0004002,LG-000730,Local Authority,Stakeholder Group 7 (Murshidabad),High,Positive,16,13,3,15
STK-0004003,LG-000731,District Administration,Stakeholder Group 1 (Nadia),Low,Negative,39,15,24,84
STK-0004004,LG-000731,Landowner,Stakeholder Group 2 (Nadia),Low,Negative,29,11,18,69
STK-0004005,LG-000731,Village Administration,Stakeholder Group 3 (Nadia),Low,Negative,19,7,12,76
STK-0004006,LG-000731,Village Administration,Stakeholder Group 4 (Nadia),Low,Negative,8,3,5,39
STK-0004007,LG-000731,Contractor,Stakeholder Group 5 (Nadia),Low,Negative,15,6,9,30
STK-0004008,LG-000731,District Administration,Stakeholder Group 6 (Nadia),Low,Negative,15,6,9,46
STK-0004009,LG-000731,Local Authority,Stakeholder Group 7 (Nadia),Low,Negative,12,4,8,31
STK-0004010,LG-000731,District Administration,Stakeholder Group 8 (Nadia),Low,Negative,7,2,5,88
STK-0004011,LG-000732,Local Authority,Stakeholder Group 1 (North 24 Parganas),High,Positive,24,20,4,10
STK-0004012,LG-000732,Village Administration,Stakeholder Group 2 (North 24 Parganas),High,Positive,49,41,8,19
STK-0004013,LG-000732,District Administration,Stakeholder Group 3 (North 24 Parganas),High,Positive,6,5,1,11
STK-0004014,LG-000733,Landowner,Stakeholder Group 1 (Paschim Bardhaman),Low,Negative,23,9,14,34
STK-0004015,LG-000733,Local Authority,Stakeholder Group 2 (Paschim Bardhaman),Low,Negative,6,2,4,82
STK-0004016,LG-000733,Landowner,Stakeholder Group 3 (Paschim Bardhaman),Low,Negative,24,9,15,55
STK-0004017,LG-000734,Landowner,Stakeholder Group 1 (Paschim Medinipur),Low,Negative,28,11,17,72
STK-0004018,LG-000734,Local Authority,Stakeholder Group 2 (Paschim Medinipur),Low,Negative,21,8,13,54
STK-0004019,LG-000734,Local Authority,Stakeholder Group 3 (Paschim Medinipur),Low,Negative,41,16,25,79
STK-0004020,LG-000734,District Administration,Stakeholder Group 4 (Paschim Medinipur),Low,Negative,10,4,6,41
STK-0004021,LG-000735,Landowner,Stakeholder Group 1 (Purba Bardhaman),High,Positive,22,18,4,11
STK-0004022,LG-000735,Contractor,Stakeholder Group 2 (Purba Bardhaman),High,Positive,20,17,3,20
STK-0004023,LG-000735,District Administration,Stakeholder Group 3 (Purba Bardhaman),High,Positive,14,11,3,8
STK-0004024,LG-000735,Landowner,Stakeholder Group 4 (Purba Bardhaman),High,Positive,26,22,4,16
STK-0004025,LG-000735,Local Authority,Stakeholder Group 5 (Purba Bardhaman),High,Positive,49,41,8,22
STK-0004026,LG-000735,Local Authority,Stakeholder Group 6 (Purba Bardhaman),High,Positive,22,18,4,11
STK-0004027,LG-000735,Contractor,Stakeholder Group 7 (Purba Bardhaman),High,Positive,40,34,6,11
STK-0004028,LG-000736,Local Authority,Stakeholder Group 1 (Purba Medinipur),High,Positive,50,42,8,6
STK-0004029,LG-000736,Local Authority,Stakeholder Group 2 (Purba Medinipur),High,Positive,8,6,2,8
STK-0004030,LG-000736,District Administration,Stakeholder Group 3 (Purba Medinipur),High,Positive,35,29,6,22
STK-0004031,LG-000736,Village Administration,Stakeholder Group 4 (Purba Medinipur),High,Positive,35,29,6,9
STK-0004032,LG-000736,Village Administration,Stakeholder Group 5 (Purba Medinipur),High,Positive,15,12,3,17
STK-0004033,LG-000736,Local Authority,Stakeholder Group 6 (Purba Medinipur),High,Positive,34,28,6,17
STK-0004034,LG-000736,Village Administration,Stakeholder Group 7 (Purba Medinipur),High,Positive,37,31,6,20
STK-0004035,LG-000737,Local Authority,Stakeholder Group 1 (Purulia),High,Positive,27,22,5,19
STK-0004036,LG-000737,District Administration,Stakeholder Group 2 (Purulia),High,Positive,40,34,6,10
STK-0004037,LG-000737,Village Administration,Stakeholder Group 3 (Purulia),High,Positive,29,24,5,12
STK-0004038,LG-000737,District Administration,Stakeholder Group 4 (Purulia),High,Positive,28,23,5,21
STK-0004039,LG-000737,Contractor,Stakeholder Group 5 (Purulia),High,Positive,7,5,2,11
STK-0004040,LG-000737,Contractor,Stakeholder Group 6 (Purulia),High,Positive,13,11,2,16
STK-0004041,LG-000737,Village Administration,Stakeholder Group 7 (Purulia),High,Positive,7,5,2,16
STK-0004042,LG-000738,Landowner,Stakeholder Group 1 (South 24 Parganas),Low,Negative,10,4,6,32
STK-0004043,LG-000738,Local Authority,Stakeholder Group 2 (South 24 Parganas),Low,Negative,31,12,19,66
STK-0004044,LG-000738,District Administration,Stakeholder Group 3 (South 24 Parganas),Low,Negative,9,3,6,84
STK-0004045,LG-000738,District Administration,Stakeholder Group 4 (South 24 Parganas),Low,Negative,18,7,11,85
STK-0004046,LG-000738,Contractor,Stakeholder Group 5 (South 24 Parganas),Low,Negative,45,18,27,49
STK-0004047,LG-000738,Local Authority,Stakeholder Group 6 (South 24 Parganas),Low,Negative,11,4,7,47
STK-0004048,LG-000738,Village Administration,Stakeholder Group 7 (South 24 Parganas),Low,Negative,22,8,14,73
STK-0004049,LG-000739,Village Administration,Stakeholder Group 1 (Uttar Dinajpur),Low,Negative,20,8,12,45
STK-0004050,LG-000739,Landowner,Stakeholder Group 2 (Uttar Dinajpur),Low,Negative,45,18,27,64
STK-0004051,LG-000739,District Administration,Stakeholder Group 3 (Uttar Dinajpur),Low,Negative,17,6,11,80
STK-0004052,LG-000739,Village Administration,Stakeholder Group 4 (Uttar Dinajpur),Low,Negative,48,19,29,60
STK-0004053,LG-000739,Landowner,Stakeholder Group 5 (Uttar Dinajpur),Low,Negative,42,16,26,55
STK-0004054,LG-000739,Local Authority,Stakeholder Group 6 (Uttar Dinajpur),Low,Negative,37,14,23,59
STK-0004055,LG-000739,District Administration,Stakeholder Group 7 (Uttar Dinajpur),Low,Negative,19,7,12,72
STK-0004056,LG-000740,District Administration,Stakeholder Group 1 (Nicobar),Low,Negative,25,10,15,80
STK-0004057,LG-000740,Contractor,Stakeholder Group 2 (Nicobar),Low,Negative,26,10,16,54
STK-0004058,LG-000740,Landowner,Stakeholder Group 3 (Nicobar),Low,Negative,23,9,14,63
STK-0004059,LG-000740,Landowner,Stakeholder Group 4 (Nicobar),Low,Negative,29,11,18,56
STK-0004060,LG-000740,Village Administration,Stakeholder Group 5 (Nicobar),Low,Negative,19,7,12,36
STK-0004061,LG-000741,Local Authority,Stakeholder Group 1 (North and Middle Andaman),Low,Negative,29,11,18,69
STK-0004062,LG-000741,Contractor,Stakeholder Group 2 (North and Middle Andaman),Low,Negative,20,8,12,72
STK-0004063,LG-000741,District Administration,Stakeholder Group 3 (North and Middle Andaman),Low,Negative,26,10,16,72
STK-0004064,LG-000741,District Administration,Stakeholder Group 4 (North and Middle Andaman),Low,Negative,24,9,15,44
STK-0004065,LG-000741,Local Authority,Stakeholder Group 5 (North and Middle Andaman),Low,Negative,11,4,7,35
STK-0004066,LG-000741,District Administration,Stakeholder Group 6 (North and Middle Andaman),Low,Negative,50,20,30,61
STK-0004067,LG-000742,Local Authority,Stakeholder Group 1 (South Andaman),High,Positive,28,23,5,13
STK-0004068,LG-000742,Village Administration,Stakeholder Group 2 (South Andaman),High,Positive,41,34,7,23
STK-0004069,LG-000742,District Administration,Stakeholder Group 3 (South Andaman),High,Positive,42,35,7,5
STK-0004070,LG-000742,Landowner,Stakeholder Group 4 (South Andaman),High,Positive,30,25,5,25
STK-0004071,LG-000742,Local Authority,Stakeholder Group 5 (South Andaman),High,Positive,22,18,4,11
STK-0004072,LG-000742,District Administration,Stakeholder Group 6 (South Andaman),High,Positive,19,16,3,7
STK-0004073,LG-000742,Local Authority,Stakeholder Group 7 (South Andaman),High,Positive,49,41,8,14
STK-0004074,LG-000743,District Administration,Stakeholder Group 1 (Chandigarh),High,Positive,40,34,6,8
STK-0004075,LG-000743,Local Authority,Stakeholder Group 2 (Chandigarh),High,Positive,44,37,7,11
STK-0004076,LG-000743,Village Administration,Stakeholder Group 3 (Chandigarh),High,Positive,18,15,3,22
STK-0004077,LG-000743,Landowner,Stakeholder Group 4 (Chandigarh),High,Positive,40,34,6,24
STK-0004078,LG-000743,Contractor,Stakeholder Group 5 (Chandigarh),High,Positive,13,11,2,8
STK-0004079,LG-000743,Contractor,Stakeholder Group 6 (Chandigarh),High,Positive,19,16,3,15
STK-0004080,LG-000744,District Administration,Stakeholder Group 1 (Dadra and Nagar Haveli),Low,Negative,42,16,26,56
STK-0004081,LG-000744,Contractor,Stakeholder Group 2 (Dadra and Nagar Haveli),Low,Negative,9,3,6,52
STK-0004082,LG-000744,District Administration,Stakeholder Group 3 (Dadra and Nagar Haveli),Low,Negative,45,18,27,57
STK-0004083,LG-000745,Local Authority,Stakeholder Group 1 (Daman),High,Positive,24,20,4,15
STK-0004084,LG-000745,Landowner,Stakeholder Group 2 (Daman),High,Positive,22,18,4,17
STK-0004085,LG-000745,District Administration,Stakeholder Group 3 (Daman),High,Positive,42,35,7,19
STK-0004086,LG-000745,Contractor,Stakeholder Group 4 (Daman),High,Positive,9,7,2,20
STK-0004087,LG-000745,Landowner,Stakeholder Group 5 (Daman),High,Positive,6,5,1,11
STK-0004088,LG-000745,Landowner,Stakeholder Group 6 (Daman),High,Positive,38,32,6,9
STK-0004089,LG-000745,Landowner,Stakeholder Group 7 (Daman),High,Positive,28,23,5,25
STK-0004090,LG-000746,Contractor,Stakeholder Group 1 (Diu),Low,Negative,6,2,4,47
STK-0004091,LG-000746,Contractor,Stakeholder Group 2 (Diu),Low,Negative,30,12,18,86
STK-0004092,LG-000746,Village Administration,Stakeholder Group 3 (Diu),Low,Negative,31,12,19,45
STK-0004093,LG-000746,Village Administration,Stakeholder Group 4 (Diu),Low,Negative,21,8,13,65
STK-0004094,LG-000746,Landowner,Stakeholder Group 5 (Diu),Low,Negative,15,6,9,73
STK-0004095,LG-000747,District Administration,Stakeholder Group 1 (Central Delhi),High,Positive,23,19,4,8
STK-0004096,LG-000747,Local Authority,Stakeholder Group 2 (Central Delhi),High,Positive,42,35,7,17
STK-0004097,LG-000747,District Administration,Stakeholder Group 3 (Central Delhi),High,Positive,49,41,8,12
STK-0004098,LG-000747,Village Administration,Stakeholder Group 4 (Central Delhi),High,Positive,32,27,5,19
STK-0004099,LG-000747,Local Authority,Stakeholder Group 5 (Central Delhi),High,Positive,35,29,6,13
STK-0004100,LG-000747,Village Administration,Stakeholder Group 6 (Central Delhi),High,Positive,11,9,2,19
STK-0004101,LG-000748,Landowner,Stakeholder Group 1 (East Delhi),Low,Negative,17,6,11,86
STK-0004102,LG-000748,Contractor,Stakeholder Group 2 (East Delhi),Low,Negative,21,8,13,46
STK-0004103,LG-000748,Local Authority,Stakeholder Group 3 (East Delhi),Low,Negative,18,7,11,73
STK-0004104,LG-000749,Local Authority,Stakeholder Group 1 (New Delhi),High,Positive,26,22,4,22
STK-0004105,LG-000749,Village Administration,Stakeholder Group 2 (New Delhi),High,Positive,37,31,6,17
STK-0004106,LG-000749,District Administration,Stakeholder Group 3 (New Delhi),High,Positive,44,37,7,14
STK-0004107,LG-000749,Village Administration,Stakeholder Group 4 (New Delhi),High,Positive,48,40,8,5
STK-0004108,LG-000749,Landowner,Stakeholder Group 5 (New Delhi),High,Positive,9,7,2,8
STK-0004109,LG-000749,Village Administration,Stakeholder Group 6 (New Delhi),High,Positive,22,18,4,24
STK-0004110,LG-000750,Village Administration,Stakeholder Group 1 (North Delhi),High,Positive,8,6,2,8
STK-0004111,LG-000750,Local Authority,Stakeholder Group 2 (North Delhi),High,Positive,30,25,5,23
STK-0004112,LG-000750,Local Authority,Stakeholder Group 3 (North Delhi),High,Positive,24,20,4,16
STK-0004113,LG-000750,Local Authority,Stakeholder Group 4 (North Delhi),High,Positive,29,24,5,23
STK-0004114,LG-000750,District Administration,Stakeholder Group 5 (North Delhi),High,Positive,14,11,3,19
STK-0004115,LG-000750,Village Administration,Stakeholder Group 6 (North Delhi),High,Positive,41,34,7,11
STK-0004116,LG-000750,District Administration,Stakeholder Group 7 (North Delhi),High,Positive,7,5,2,6
STK-0004117,LG-000751,Local Authority,Stakeholder Group 1 (North East Delhi),High,Positive,43,36,7,11
STK-0004118,LG-000751,District Administration,Stakeholder Group 2 (North East Delhi),High,Positive,42,35,7,24
STK-0004119,LG-000751,Landowner,Stakeholder Group 3 (North East Delhi),High,Positive,15,12,3,20
STK-0004120,LG-000752,Local Authority,Stakeholder Group 1 (North West Delhi),High,Positive,16,13,3,18
STK-0004121,LG-000752,Village Administration,Stakeholder Group 2 (North West Delhi),High,Positive,46,39,7,13
STK-0004122,LG-000752,Landowner,Stakeholder Group 3 (North West Delhi),High,Positive,33,28,5,15
STK-0004123,LG-000752,Landowner,Stakeholder Group 4 (North West Delhi),High,Positive,36,30,6,5
STK-0004124,LG-000752,Local Authority,Stakeholder Group 5 (North West Delhi),High,Positive,30,25,5,10
STK-0004125,LG-000752,Village Administration,Stakeholder Group 6 (North West Delhi),High,Positive,44,37,7,5
STK-0004126,LG-000752,Contractor,Stakeholder Group 7 (North West Delhi),High,Positive,7,5,2,24
STK-0004127,LG-000753,Village Administration,Stakeholder Group 1 (Shahdara),Low,Negative,47,18,29,45
STK-0004128,LG-000753,Village Administration,Stakeholder Group 2 (Shahdara),Low,Negative,39,15,24,66
STK-0004129,LG-000753,Local Authority,Stakeholder Group 3 (Shahdara),Low,Negative,22,8,14,70
STK-0004130,LG-000753,Local Authority,Stakeholder Group 4 (Shahdara),Low,Negative,18,7,11,53
STK-0004131,LG-000753,Local Authority,Stakeholder Group 5 (Shahdara),Low,Negative,47,18,29,74
STK-0004132,LG-000754,Landowner,Stakeholder Group 1 (South Delhi),High,Positive,48,40,8,16
STK-0004133,LG-000754,Village Administration,Stakeholder Group 2 (South Delhi),High,Positive,20,17,3,25
STK-0004134,LG-000754,Contractor,Stakeholder Group 3 (South Delhi),High,Positive,28,23,5,18
STK-0004135,LG-000755,Local Authority,Stakeholder Group 1 (South East Delhi),Low,Negative,47,18,29,66
STK-0004136,LG-000755,Local Authority,Stakeholder Group 2 (South East Delhi),Low,Negative,30,12,18,52
STK-0004137,LG-000755,Village Administration,Stakeholder Group 3 (South East Delhi),Low,Negative,13,5,8,33
STK-0004138,LG-000755,Contractor,Stakeholder Group 4 (South East Delhi),Low,Negative,49,19,30,43
STK-0004139,LG-000755,Village Administration,Stakeholder Group 5 (South East Delhi),Low,Negative,8,3,5,75
STK-0004140,LG-000755,Landowner,Stakeholder Group 6 (South East Delhi),Low,Negative,40,16,24,34
STK-0004141,LG-000755,Landowner,Stakeholder Group 7 (South East Delhi),Low,Negative,7,2,5,77
STK-0004142,LG-000756,Village Administration,Stakeholder Group 1 (South West Delhi),Low,Negative,8,3,5,71
STK-0004143,LG-000756,District Administration,Stakeholder Group 2 (South West Delhi),Low,Negative,17,6,11,47
STK-0004144,LG-000756,Village Administration,Stakeholder Group 3 (South West Delhi),Low,Negative,35,14,21,48
STK-0004145,LG-000756,Contractor,Stakeholder Group 4 (South West Delhi),Low,Negative,8,3,5,69
STK-0004146,LG-000756,Village Administration,Stakeholder Group 5 (South West Delhi),Low,Negative,48,19,29,48
STK-0004147,LG-000756,Contractor,Stakeholder Group 6 (South West Delhi),Low,Negative,7,2,5,89
STK-0004148,LG-000756,Contractor,Stakeholder Group 7 (South West Delhi),Low,Negative,44,17,27,82
STK-0004149,LG-000757,Local Authority,Stakeholder Group 1 (West Delhi),Low,Negative,7,2,5,66
STK-0004150,LG-000757,Local Authority,Stakeholder Group 2 (West Delhi),Low,Negative,39,15,24,30
STK-0004151,LG-000757,Village Administration,Stakeholder Group 3 (West Delhi),Low,Negative,14,5,9,54
STK-0004152,LG-000757,Landowner,Stakeholder Group 4 (West Delhi),Low,Negative,14,5,9,68
STK-0004153,LG-000757,District Administration,Stakeholder Group 5 (West Delhi),Low,Negative,9,3,6,60
STK-0004154,LG-000757,District Administration,Stakeholder Group 6 (West Delhi),Low,Negative,47,18,29,70
STK-0004155,LG-000757,Contractor,Stakeholder Group 7 (West Delhi),Low,Negative,29,11,18,30
STK-0004156,LG-000757,Contractor,Stakeholder Group 8 (West Delhi),Low,Negative,26,10,16,89
STK-0004157,LG-000758,District Administration,Stakeholder Group 1 (Anantnag),High,Positive,49,41,8,21
STK-0004158,LG-000758,District Administration,Stakeholder Group 2 (Anantnag),High,Positive,8,6,2,16
STK-0004159,LG-000758,Village Administration,Stakeholder Group 3 (Anantnag),High,Positive,21,17,4,20
STK-0004160,LG-000758,Contractor,Stakeholder Group 4 (Anantnag),High,Positive,39,33,6,14
STK-0004161,LG-000758,District Administration,Stakeholder Group 5 (Anantnag),High,Positive,27,22,5,17
STK-0004162,LG-000758,Landowner,Stakeholder Group 6 (Anantnag),High,Positive,36,30,6,16
STK-0004163,LG-000758,Local Authority,Stakeholder Group 7 (Anantnag),High,Positive,19,16,3,7
STK-0004164,LG-000758,Local Authority,Stakeholder Group 8 (Anantnag),High,Positive,5,4,1,23
STK-0004165,LG-000759,Village Administration,Stakeholder Group 1 (Bandipora),High,Positive,32,27,5,12
STK-0004166,LG-000759,Village Administration,Stakeholder Group 2 (Bandipora),High,Positive,35,29,6,14
STK-0004167,LG-000759,Village Administration,Stakeholder Group 3 (Bandipora),High,Positive,34,28,6,17
STK-0004168,LG-000759,Contractor,Stakeholder Group 4 (Bandipora),High,Positive,46,39,7,9
STK-0004169,LG-000759,Landowner,Stakeholder Group 5 (Bandipora),High,Positive,8,6,2,20
STK-0004170,LG-000760,District Administration,Stakeholder Group 1 (Baramulla),Low,Negative,46,18,28,42
STK-0004171,LG-000760,District Administration,Stakeholder Group 2 (Baramulla),Low,Negative,5,2,3,34
STK-0004172,LG-000760,Local Authority,Stakeholder Group 3 (Baramulla),Low,Negative,43,17,26,79
STK-0004173,LG-000761,Contractor,Stakeholder Group 1 (Budgam),High,Positive,18,15,3,19
STK-0004174,LG-000761,Village Administration,Stakeholder Group 2 (Budgam),High,Positive,6,5,1,10
STK-0004175,LG-000761,Village Administration,Stakeholder Group 3 (Budgam),High,Positive,50,42,8,8
STK-0004176,LG-000762,District Administration,Stakeholder Group 1 (Doda),Low,Negative,50,20,30,70
STK-0004177,LG-000762,Landowner,Stakeholder Group 2 (Doda),Low,Negative,13,5,8,82
STK-0004178,LG-000762,Landowner,Stakeholder Group 3 (Doda),Low,Negative,25,10,15,33
STK-0004179,LG-000762,Village Administration,Stakeholder Group 4 (Doda),Low,Negative,24,9,15,30
STK-0004180,LG-000762,Local Authority,Stakeholder Group 5 (Doda),Low,Negative,39,15,24,82
STK-0004181,LG-000762,District Administration,Stakeholder Group 6 (Doda),Low,Negative,35,14,21,63
STK-0004182,LG-000762,Village Administration,Stakeholder Group 7 (Doda),Low,Negative,23,9,14,52
STK-0004183,LG-000762,Local Authority,Stakeholder Group 8 (Doda),Low,Negative,42,16,26,56
STK-0004184,LG-000763,Contractor,Stakeholder Group 1 (Ganderbal),Low,Negative,6,2,4,75
STK-0004185,LG-000763,Landowner,Stakeholder Group 2 (Ganderbal),Low,Negative,24,9,15,30
STK-0004186,LG-000763,Local Authority,Stakeholder Group 3 (Ganderbal),Low,Negative,21,8,13,90
STK-0004187,LG-000763,District Administration,Stakeholder Group 4 (Ganderbal),Low,Negative,8,3,5,84
STK-0004188,LG-000763,Village Administration,Stakeholder Group 5 (Ganderbal),Low,Negative,39,15,24,73
STK-0004189,LG-000763,Landowner,Stakeholder Group 6 (Ganderbal),Low,Negative,20,8,12,83
STK-0004190,LG-000763,Village Administration,Stakeholder Group 7 (Ganderbal),Low,Negative,18,7,11,61
STK-0004191,LG-000764,Landowner,Stakeholder Group 1 (Jammu),High,Positive,14,11,3,9
STK-0004192,LG-000764,Local Authority,Stakeholder Group 2 (Jammu),High,Positive,45,38,7,15
STK-0004193,LG-000764,Landowner,Stakeholder Group 3 (Jammu),High,Positive,31,26,5,18
STK-0004194,LG-000764,Local Authority,Stakeholder Group 4 (Jammu),High,Positive,30,25,5,22
STK-0004195,LG-000764,Village Administration,Stakeholder Group 5 (Jammu),High,Positive,41,34,7,25
STK-0004196,LG-000764,Contractor,Stakeholder Group 6 (Jammu),High,Positive,15,12,3,5
STK-0004197,LG-000765,Village Administration,Stakeholder Group 1 (Kathua),Low,Negative,20,8,12,85
STK-0004198,LG-000765,Village Administration,Stakeholder Group 2 (Kathua),Low,Negative,17,6,11,90
STK-0004199,LG-000765,Local Authority,Stakeholder Group 3 (Kathua),Low,Negative,13,5,8,75
STK-0004200,LG-000765,Local Authority,Stakeholder Group 4 (Kathua),Low,Negative,33,13,20,44
STK-0004201,LG-000765,District Administration,Stakeholder Group 5 (Kathua),Low,Negative,37,14,23,36
STK-0004202,LG-000765,Local Authority,Stakeholder Group 6 (Kathua),Low,Negative,19,7,12,34
STK-0004203,LG-000765,Village Administration,Stakeholder Group 7 (Kathua),Low,Negative,7,2,5,33
STK-0004204,LG-000766,Village Administration,Stakeholder Group 1 (Kishtwar),High,Positive,48,40,8,15
STK-0004205,LG-000766,Contractor,Stakeholder Group 2 (Kishtwar),High,Positive,29,24,5,18
STK-0004206,LG-000766,Contractor,Stakeholder Group 3 (Kishtwar),High,Positive,9,7,2,10
STK-0004207,LG-000766,Village Administration,Stakeholder Group 4 (Kishtwar),High,Positive,25,21,4,5
STK-0004208,LG-000766,Village Administration,Stakeholder Group 5 (Kishtwar),High,Positive,48,40,8,19
STK-0004209,LG-000766,Contractor,Stakeholder Group 6 (Kishtwar),High,Positive,28,23,5,20
STK-0004210,LG-000766,Local Authority,Stakeholder Group 7 (Kishtwar),High,Positive,42,35,7,16
STK-0004211,LG-000766,Local Authority,Stakeholder Group 8 (Kishtwar),High,Positive,11,9,2,20
STK-0004212,LG-000767,Local Authority,Stakeholder Group 1 (Kulgam),Low,Negative,14,5,9,75
STK-0004213,LG-000767,District Administration,Stakeholder Group 2 (Kulgam),Low,Negative,24,9,15,36
STK-0004214,LG-000767,Local Authority,Stakeholder Group 3 (Kulgam),Low,Negative,44,17,27,58
STK-0004215,LG-000767,District Administration,Stakeholder Group 4 (Kulgam),Low,Negative,7,2,5,44
STK-0004216,LG-000767,Landowner,Stakeholder Group 5 (Kulgam),Low,Negative,19,7,12,77
STK-0004217,LG-000767,District Administration,Stakeholder Group 6 (Kulgam),Low,Negative,5,2,3,31
STK-0004218,LG-000768,District Administration,Stakeholder Group 1 (Kupwara),High,Positive,7,5,2,13
STK-0004219,LG-000768,District Administration,Stakeholder Group 2 (Kupwara),High,Positive,17,14,3,14
STK-0004220,LG-000768,Contractor,Stakeholder Group 3 (Kupwara),High,Positive,24,20,4,10
STK-0004221,LG-000768,Village Administration,Stakeholder Group 4 (Kupwara),High,Positive,24,20,4,19
STK-0004222,LG-000769,Contractor,Stakeholder Group 1 (Poonch),High,Positive,13,11,2,7
STK-0004223,LG-000769,District Administration,Stakeholder Group 2 (Poonch),High,Positive,27,22,5,21
STK-0004224,LG-000769,Contractor,Stakeholder Group 3 (Poonch),High,Positive,43,36,7,24
STK-0004225,LG-000769,Local Authority,Stakeholder Group 4 (Poonch),High,Positive,17,14,3,17
STK-0004226,LG-000769,Village Administration,Stakeholder Group 5 (Poonch),High,Positive,33,28,5,18
STK-0004227,LG-000769,Local Authority,Stakeholder Group 6 (Poonch),High,Positive,23,19,4,14
STK-0004228,LG-000769,Contractor,Stakeholder Group 7 (Poonch),High,Positive,7,5,2,6
STK-0004229,LG-000770,Contractor,Stakeholder Group 1 (Pulwama),High,Positive,46,39,7,23
STK-0004230,LG-000770,Village Administration,Stakeholder Group 2 (Pulwama),High,Positive,46,39,7,23
STK-0004231,LG-000770,Local Authority,Stakeholder Group 3 (Pulwama),High,Positive,34,28,6,11
STK-0004232,LG-000770,Contractor,Stakeholder Group 4 (Pulwama),High,Positive,41,34,7,5
STK-0004233,LG-000770,Contractor,Stakeholder Group 5 (Pulwama),High,Positive,25,21,4,11
STK-0004234,LG-000770,Local Authority,Stakeholder Group 6 (Pulwama),High,Positive,33,28,5,10
STK-0004235,LG-000771,Village Administration,Stakeholder Group 1 (Rajouri),High,Positive,36,30,6,23
STK-0004236,LG-000771,District Administration,Stakeholder Group 2 (Rajouri),High,Positive,39,33,6,25
STK-0004237,LG-000771,Landowner,Stakeholder Group 3 (Rajouri),High,Positive,22,18,4,12
STK-0004238,LG-000771,Local Authority,Stakeholder Group 4 (Rajouri),High,Positive,50,42,8,9
STK-0004239,LG-000771,Landowner,Stakeholder Group 5 (Rajouri),High,Positive,20,17,3,23
STK-0004240,LG-000771,Village Administration,Stakeholder Group 6 (Rajouri),High,Positive,29,24,5,9
STK-0004241,LG-000772,Landowner,Stakeholder Group 1 (Ramban),High,Positive,44,37,7,17
STK-0004242,LG-000772,Local Authority,Stakeholder Group 2 (Ramban),High,Positive,8,6,2,10
STK-0004243,LG-000772,Village Administration,Stakeholder Group 3 (Ramban),High,Positive,35,29,6,15
STK-0004244,LG-000772,Landowner,Stakeholder Group 4 (Ramban),High,Positive,49,41,8,22
STK-0004245,LG-000772,Village Administration,Stakeholder Group 5 (Ramban),High,Positive,38,32,6,21
STK-0004246,LG-000773,Local Authority,Stakeholder Group 1 (Reasi),High,Positive,47,39,8,23
STK-0004247,LG-000773,District Administration,Stakeholder Group 2 (Reasi),High,Positive,15,12,3,16
STK-0004248,LG-000773,Village Administration,Stakeholder Group 3 (Reasi),High,Positive,47,39,8,23
STK-0004249,LG-000773,Village Administration,Stakeholder Group 4 (Reasi),High,Positive,28,23,5,24
STK-0004250,LG-000774,District Administration,Stakeholder Group 1 (Samba),Low,Negative,37,14,23,67
STK-0004251,LG-000774,Landowner,Stakeholder Group 2 (Samba),Low,Negative,44,17,27,74
STK-0004252,LG-000774,District Administration,Stakeholder Group 3 (Samba),Low,Negative,22,8,14,58
STK-0004253,LG-000774,Landowner,Stakeholder Group 4 (Samba),Low,Negative,31,12,19,64
STK-0004254,LG-000775,Contractor,Stakeholder Group 1 (Shopian),Low,Negative,48,19,29,57
STK-0004255,LG-000775,District Administration,Stakeholder Group 2 (Shopian),Low,Negative,12,4,8,83
STK-0004256,LG-000775,Local Authority,Stakeholder Group 3 (Shopian),Low,Negative,45,18,27,58
STK-0004257,LG-000775,District Administration,Stakeholder Group 4 (Shopian),Low,Negative,38,15,23,39
STK-0004258,LG-000775,Village Administration,Stakeholder Group 5 (Shopian),Low,Negative,17,6,11,58
STK-0004259,LG-000776,Contractor,Stakeholder Group 1 (Srinagar),High,Positive,31,26,5,18
STK-0004260,LG-000776,Local Authority,Stakeholder Group 2 (Srinagar),High,Positive,16,13,3,16
STK-0004261,LG-000776,Landowner,Stakeholder Group 3 (Srinagar),High,Positive,24,20,4,21
STK-0004262,LG-000776,Landowner,Stakeholder Group 4 (Srinagar),High,Positive,23,19,4,17
STK-0004263,LG-000776,Village Administration,Stakeholder Group 5 (Srinagar),High,Positive,11,9,2,24
STK-0004264,LG-000776,Local Authority,Stakeholder Group 6 (Srinagar),High,Positive,15,12,3,19
STK-0004265,LG-000777,Local Authority,Stakeholder Group 1 (Udhampur),Low,Negative,28,11,17,40
STK-0004266,LG-000777,District Administration,Stakeholder Group 2 (Udhampur),Low,Negative,7,2,5,59
STK-0004267,LG-000777,District Administration,Stakeholder Group 3 (Udhampur),Low,Negative,27,10,17,61
STK-0004268,LG-000777,Landowner,Stakeholder Group 4 (Udhampur),Low,Negative,18,7,11,43
STK-0004269,LG-000778,Village Administration,Stakeholder Group 1 (Kargil),High,Positive,20,17,3,17
STK-0004270,LG-000778,District Administration,Stakeholder Group 2 (Kargil),High,Positive,27,22,5,10
STK-0004271,LG-000778,Village Administration,Stakeholder Group 3 (Kargil),High,Positive,17,14,3,11
STK-0004272,LG-000778,Village Administration,Stakeholder Group 4 (Kargil),High,Positive,31,26,5,19
STK-0004273,LG-000778,District Administration,Stakeholder Group 5 (Kargil),High,Positive,33,28,5,16
STK-0004274,LG-000778,Landowner,Stakeholder Group 6 (Kargil),High,Positive,42,35,7,23
STK-0004275,LG-000778,Landowner,Stakeholder Group 7 (Kargil),High,Positive,39,33,6,16
STK-0004276,LG-000778,Village Administration,Stakeholder Group 8 (Kargil),High,Positive,24,20,4,24
STK-0004277,LG-000779,Landowner,Stakeholder Group 1 (Leh),High,Positive,24,20,4,12
STK-0004278,LG-000779,District Administration,Stakeholder Group 2 (Leh),High,Positive,41,34,7,17
STK-0004279,LG-000779,Local Authority,Stakeholder Group 3 (Leh),High,Positive,48,40,8,24
STK-0004280,LG-000779,Village Administration,Stakeholder Group 4 (Leh),High,Positive,31,26,5,18
STK-0004281,LG-000779,Village Administration,Stakeholder Group 5 (Leh),High,Positive,8,6,2,6
STK-0004282,LG-000779,Contractor,Stakeholder Group 6 (Leh),High,Positive,6,5,1,19
STK-0004283,LG-000779,Landowner,Stakeholder Group 7 (Leh),High,Positive,35,29,6,10
STK-0004284,LG-000780,Contractor,Stakeholder Group 1 (Lakshadweep),High,Positive,12,10,2,24
STK-0004285,LG-000780,Contractor,Stakeholder Group 2 (Lakshadweep),High,Positive,5,4,1,7
STK-0004286,LG-000780,Village Administration,Stakeholder Group 3 (Lakshadweep),High,Positive,46,39,7,24
STK-0004287,LG-000780,Landowner,Stakeholder Group 4 (Lakshadweep),High,Positive,18,15,3,10
STK-0004288,LG-000780,Local Authority,Stakeholder Group 5 (Lakshadweep),High,Positive,6,5,1,21
STK-0004289,LG-000780,District Administration,Stakeholder Group 6 (Lakshadweep),High,Positive,23,19,4,14
STK-0004290,LG-000780,District Administration,Stakeholder Group 7 (Lakshadweep),High,Positive,12,10,2,5
STK-0004291,LG-000780,Village Administration,Stakeholder Group 8 (Lakshadweep),High,Positive,8,6,2,13
STK-0004292,LG-000781,District Administration,Stakeholder Group 1 (Karaikal),High,Positive,17,14,3,16
STK-0004293,LG-000781,Local Authority,Stakeholder Group 2 (Karaikal),High,Positive,33,28,5,16
STK-0004294,LG-000781,Landowner,Stakeholder Group 3 (Karaikal),High,Positive,19,16,3,11
STK-0004295,LG-000781,District Administration,Stakeholder Group 4 (Karaikal),High,Positive,44,37,7,24
STK-0004296,LG-000781,Local Authority,Stakeholder Group 5 (Karaikal),High,Positive,21,17,4,19
STK-0004297,LG-000781,Landowner,Stakeholder Group 6 (Karaikal),High,Positive,18,15,3,11
STK-0004298,LG-000782,Contractor,Stakeholder Group 1 (Mahe),High,Positive,16,13,3,19
STK-0004299,LG-000782,Village Administration,Stakeholder Group 2 (Mahe),High,Positive,49,41,8,25
STK-0004300,LG-000782,Local Authority,Stakeholder Group 3 (Mahe),High,Positive,14,11,3,8
STK-0004301,LG-000782,District Administration,Stakeholder Group 4 (Mahe),High,Positive,43,36,7,24
STK-0004302,LG-000783,Local Authority,Stakeholder Group 1 (Puducherry),Low,Negative,47,18,29,54
STK-0004303,LG-000783,Village Administration,Stakeholder Group 2 (Puducherry),Low,Negative,32,12,20,67
STK-0004304,LG-000783,Village Administration,Stakeholder Group 3 (Puducherry),Low,Negative,25,10,15,51
STK-0004305,LG-000783,Contractor,Stakeholder Group 4 (Puducherry),Low,Negative,27,10,17,55
STK-0004306,LG-000783,Village Administration,Stakeholder Group 5 (Puducherry),Low,Negative,21,8,13,60
STK-0004307,LG-000783,District Administration,Stakeholder Group 6 (Puducherry),Low,Negative,9,3,6,90
STK-0004308,LG-000783,Village Administration,Stakeholder Group 7 (Puducherry),Low,Negative,11,4,7,81
STK-0004309,LG-000783,Village Administration,Stakeholder Group 8 (Puducherry),Low,Negative,42,16,26,78
STK-0004310,LG-000784,District Administration,Stakeholder Group 1 (Yanam),Low,Negative,37,14,23,72
STK-0004311,LG-000784,Local Authority,Stakeholder Group 2 (Yanam),Low,Negative,48,19,29,86
STK-0004312,LG-000784,Local Authority,Stakeholder Group 3 (Yanam),Low,Negative,8,3,5,33
STK-0004313,LG-000784,Local Authority,Stakeholder Group 4 (Yanam),Low,Negative,11,4,7,61
STK-0004314,LG-000784,Landowner,Stakeholder Group 5 (Yanam),Low,Negative,48,19,29,57
STK-0004315,LG-000784,Village Administration,Stakeholder Group 6 (Yanam),Low,Negative,40,16,24,72
STK-0004316,LG-000784,Contractor,Stakeholder Group 7 (Yanam),Low,Negative,9,3,6,61
STK-0004317,LG-000784,Contractor,Stakeholder Group 8 (Yanam),Low,Negative,26,10,16,59
STK-0004318,LG-000785,Local Authority,Stakeholder Group 1 (Ratlam),Low,Negative,48,19,29,64
STK-0004319,LG-000785,Contractor,Stakeholder Group 2 (Ratlam),Low,Negative,40,16,24,50
STK-0004320,LG-000785,Contractor,Stakeholder Group 3 (Ratlam),Low,Negative,30,12,18,40
STK-0004321,LG-000785,Local Authority,Stakeholder Group 4 (Ratlam),Low,Negative,43,17,26,76
STK-0004322,LG-000785,Landowner,Stakeholder Group 5 (Ratlam),Low,Negative,43,17,26,33
STK-0004323,LG-000785,Local Authority,Stakeholder Group 6 (Ratlam),Low,Negative,13,5,8,48
STK-0004324,LG-000785,Landowner,Stakeholder Group 7 (Ratlam),Low,Negative,21,8,13,40
STK-0004325,LG-000786,District Administration,Stakeholder Group 1 (Sonbhadra),High,Positive,44,37,7,20
STK-0004326,LG-000786,Contractor,Stakeholder Group 2 (Sonbhadra),High,Positive,17,14,3,22
STK-0004327,LG-000786,Contractor,Stakeholder Group 3 (Sonbhadra),High,Positive,44,37,7,10
STK-0004328,LG-000786,Village Administration,Stakeholder Group 4 (Sonbhadra),High,Positive,20,17,3,21
STK-0004329,LG-000787,Contractor,Stakeholder Group 1 (Ambedkar Nagar),Low,Negative,37,14,23,64
STK-0004330,LG-000787,Contractor,Stakeholder Group 2 (Ambedkar Nagar),Low,Negative,13,5,8,45
STK-0004331,LG-000787,District Administration,Stakeholder Group 3 (Ambedkar Nagar),Low,Negative,46,18,28,48
STK-0004332,LG-000787,Village Administration,Stakeholder Group 4 (Ambedkar Nagar),Low,Negative,33,13,20,51
STK-0004333,LG-000787,Contractor,Stakeholder Group 5 (Ambedkar Nagar),Low,Negative,11,4,7,67
STK-0004334,LG-000787,District Administration,Stakeholder Group 6 (Ambedkar Nagar),Low,Negative,37,14,23,52
STK-0004335,LG-000788,Village Administration,Stakeholder Group 1 (Tonk),Low,Negative,15,6,9,68
STK-0004336,LG-000788,Local Authority,Stakeholder Group 2 (Tonk),Low,Negative,49,19,30,77
STK-0004337,LG-000788,Contractor,Stakeholder Group 3 (Tonk),Low,Negative,38,15,23,30
STK-0004338,LG-000788,Local Authority,Stakeholder Group 4 (Tonk),Low,Negative,10,4,6,45
STK-0004339,LG-000788,Village Administration,Stakeholder Group 5 (Tonk),Low,Negative,25,10,15,88
STK-0004340,LG-000788,Village Administration,Stakeholder Group 6 (Tonk),Low,Negative,27,10,17,68
STK-0004341,LG-000788,Local Authority,Stakeholder Group 7 (Tonk),Low,Negative,49,19,30,51
STK-0004342,LG-000789,Village Administration,Stakeholder Group 1 (Kanker),Low,Negative,8,3,5,46
STK-0004343,LG-000789,Local Authority,Stakeholder Group 2 (Kanker),Low,Negative,44,17,27,39
STK-0004344,LG-000789,Local Authority,Stakeholder Group 3 (Kanker),Low,Negative,31,12,19,38
STK-0004345,LG-000789,Village Administration,Stakeholder Group 4 (Kanker),Low,Negative,24,9,15,32
STK-0004346,LG-000789,Landowner,Stakeholder Group 5 (Kanker),Low,Negative,37,14,23,86
STK-0004347,LG-000789,Local Authority,Stakeholder Group 6 (Kanker),Low,Negative,31,12,19,37
STK-0004348,LG-000789,Village Administration,Stakeholder Group 7 (Kanker),Low,Negative,6,2,4,36
STK-0004349,LG-000790,Contractor,Stakeholder Group 1 (Kanker),Low,Negative,37,14,23,32
STK-0004350,LG-000790,Local Authority,Stakeholder Group 2 (Kanker),Low,Negative,40,16,24,61
STK-0004351,LG-000790,Local Authority,Stakeholder Group 3 (Kanker),Low,Negative,11,4,7,64
STK-0004352,LG-000790,Village Administration,Stakeholder Group 4 (Kanker),Low,Negative,10,4,6,42
STK-0004353,LG-000790,Local Authority,Stakeholder Group 5 (Kanker),Low,Negative,21,8,13,71
STK-0004354,LG-000791,Contractor,Stakeholder Group 1 (Dibrugarh),Low,Negative,43,17,26,82
STK-0004355,LG-000791,Contractor,Stakeholder Group 2 (Dibrugarh),Low,Negative,39,15,24,84
STK-0004356,LG-000791,District Administration,Stakeholder Group 3 (Dibrugarh),Low,Negative,6,2,4,40
STK-0004357,LG-000791,Village Administration,Stakeholder Group 4 (Dibrugarh),Low,Negative,9,3,6,68
STK-0004358,LG-000791,Village Administration,Stakeholder Group 5 (Dibrugarh),Low,Negative,27,10,17,76
STK-0004359,LG-000791,Landowner,Stakeholder Group 6 (Dibrugarh),Low,Negative,37,14,23,88
STK-0004360,LG-000791,Local Authority,Stakeholder Group 7 (Dibrugarh),Low,Negative,5,2,3,69
STK-0004361,LG-000792,Landowner,Stakeholder Group 1 (Kheri),Low,Negative,28,11,17,62
STK-0004362,LG-000792,District Administration,Stakeholder Group 2 (Kheri),Low,Negative,36,14,22,45
STK-0004363,LG-000792,Landowner,Stakeholder Group 3 (Kheri),Low,Negative,13,5,8,34
STK-0004364,LG-000792,Contractor,Stakeholder Group 4 (Kheri),Low,Negative,44,17,27,75
STK-0004365,LG-000793,Local Authority,Stakeholder Group 1 (Anupgarh),Low,Negative,34,13,21,51
STK-0004366,LG-000793,District Administration,Stakeholder Group 2 (Anupgarh),Low,Negative,26,10,16,30
STK-0004367,LG-000793,Landowner,Stakeholder Group 3 (Anupgarh),Low,Negative,6,2,4,82
STK-0004368,LG-000793,Contractor,Stakeholder Group 4 (Anupgarh),Low,Negative,23,9,14,63
STK-0004369,LG-000793,Local Authority,Stakeholder Group 5 (Anupgarh),Low,Negative,33,13,20,77
STK-0004370,LG-000793,Local Authority,Stakeholder Group 6 (Anupgarh),Low,Negative,41,16,25,46
STK-0004371,LG-000793,Contractor,Stakeholder Group 7 (Anupgarh),Low,Negative,41,16,25,61
STK-0004372,LG-000794,District Administration,Stakeholder Group 1 (Narayanpet),High,Positive,29,24,5,23
STK-0004373,LG-000794,Landowner,Stakeholder Group 2 (Narayanpet),High,Positive,39,33,6,9
STK-0004374,LG-000794,Local Authority,Stakeholder Group 3 (Narayanpet),High,Positive,46,39,7,9
STK-0004375,LG-000795,Local Authority,Stakeholder Group 1 (Kurnool),Low,Negative,35,14,21,73
STK-0004376,LG-000795,Landowner,Stakeholder Group 2 (Kurnool),Low,Negative,24,9,15,70
STK-0004377,LG-000795,Village Administration,Stakeholder Group 3 (Kurnool),Low,Negative,28,11,17,87
STK-0004378,LG-000795,Contractor,Stakeholder Group 4 (Kurnool),Low,Negative,12,4,8,57
STK-0004379,LG-000795,Landowner,Stakeholder Group 5 (Kurnool),Low,Negative,23,9,14,74
STK-0004380,LG-000795,District Administration,Stakeholder Group 6 (Kurnool),Low,Negative,31,12,19,67
STK-0004381,LG-000795,Local Authority,Stakeholder Group 7 (Kurnool),Low,Negative,33,13,20,64
STK-0004382,LG-000795,Landowner,Stakeholder Group 8 (Kurnool),Low,Negative,46,18,28,54
STK-0004383,LG-000796,Contractor,Stakeholder Group 1 (Hooghly),Low,Negative,28,11,17,77
STK-0004384,LG-000796,Landowner,Stakeholder Group 2 (Hooghly),Low,Negative,14,5,9,55
STK-0004385,LG-000796,Contractor,Stakeholder Group 3 (Hooghly),Low,Negative,13,5,8,72
STK-0004386,LG-000796,District Administration,Stakeholder Group 4 (Hooghly),Low,Negative,44,17,27,43
STK-0004387,LG-000796,District Administration,Stakeholder Group 5 (Hooghly),Low,Negative,5,2,3,90
STK-0004388,LG-000797,Landowner,Stakeholder Group 1 (Hapur),Low,Negative,38,15,23,55
STK-0004389,LG-000797,Local Authority,Stakeholder Group 2 (Hapur),Low,Negative,33,13,20,36
STK-0004390,LG-000797,Landowner,Stakeholder Group 3 (Hapur),Low,Negative,20,8,12,84
STK-0004391,LG-000797,Village Administration,Stakeholder Group 4 (Hapur),Low,Negative,20,8,12,31
STK-0004392,LG-000797,Village Administration,Stakeholder Group 5 (Hapur),Low,Negative,16,6,10,81
STK-0004393,LG-000798,Contractor,Stakeholder Group 1 (Tapi),High,Positive,24,20,4,6
STK-0004394,LG-000798,Local Authority,Stakeholder Group 2 (Tapi),High,Positive,26,22,4,7
STK-0004395,LG-000798,Contractor,Stakeholder Group 3 (Tapi),High,Positive,49,41,8,23
STK-0004396,LG-000798,Village Administration,Stakeholder Group 4 (Tapi),High,Positive,14,11,3,22
STK-0004397,LG-000798,Local Authority,Stakeholder Group 5 (Tapi),High,Positive,17,14,3,11
STK-0004398,LG-000798,Village Administration,Stakeholder Group 6 (Tapi),High,Positive,37,31,6,25
STK-0004399,LG-000798,Contractor,Stakeholder Group 7 (Tapi),High,Positive,36,30,6,20
STK-0004400,LG-000799,Contractor,Stakeholder Group 1 (Banaskantha),High,Positive,7,5,2,19
STK-0004401,LG-000799,District Administration,Stakeholder Group 2 (Banaskantha),High,Positive,26,22,4,25
STK-0004402,LG-000799,Contractor,Stakeholder Group 3 (Banaskantha),High,Positive,37,31,6,12
STK-0004403,LG-000799,Village Administration,Stakeholder Group 4 (Banaskantha),High,Positive,22,18,4,9
STK-0004404,LG-000800,Village Administration,Stakeholder Group 1 (Bharuch),High,Positive,14,11,3,6
STK-0004405,LG-000800,Contractor,Stakeholder Group 2 (Bharuch),High,Positive,11,9,2,8
STK-0004406,LG-000800,Local Authority,Stakeholder Group 3 (Bharuch),High,Positive,26,22,4,9
STK-0004407,LG-000800,Contractor,Stakeholder Group 4 (Bharuch),High,Positive,13,11,2,11
STK-0004408,LG-000800,District Administration,Stakeholder Group 5 (Bharuch),High,Positive,49,41,8,11
STK-0004409,LG-000800,District Administration,Stakeholder Group 6 (Bharuch),High,Positive,13,11,2,25
STK-0004410,LG-000800,Local Authority,Stakeholder Group 7 (Bharuch),High,Positive,14,11,3,11
STK-0004411,LG-000801,District Administration,Stakeholder Group 1 (Balaghat),Low,Negative,27,10,17,79
STK-0004412,LG-000801,District Administration,Stakeholder Group 2 (Balaghat),Low,Negative,17,6,11,84
STK-0004413,LG-000801,Landowner,Stakeholder Group 3 (Balaghat),Low,Negative,50,20,30,83
STK-0004414,LG-000801,Village Administration,Stakeholder Group 4 (Balaghat),Low,Negative,19,7,12,41
STK-0004415,LG-000801,Contractor,Stakeholder Group 5 (Balaghat),Low,Negative,36,14,22,80
STK-0004416,LG-000801,Village Administration,Stakeholder Group 6 (Balaghat),Low,Negative,32,12,20,45
STK-0004417,LG-000801,Village Administration,Stakeholder Group 7 (Balaghat),Low,Negative,22,8,14,76
STK-0004418,LG-000801,Village Administration,Stakeholder Group 8 (Balaghat),Low,Negative,39,15,24,30
STK-0004419,LG-000802,District Administration,Stakeholder Group 1 (Ludhiana),High,Positive,29,24,5,6
STK-0004420,LG-000802,District Administration,Stakeholder Group 2 (Ludhiana),High,Positive,44,37,7,17
STK-0004421,LG-000802,Contractor,Stakeholder Group 3 (Ludhiana),High,Positive,31,26,5,11
STK-0004422,LG-000802,District Administration,Stakeholder Group 4 (Ludhiana),High,Positive,29,24,5,9
STK-0004423,LG-000803,Village Administration,Stakeholder Group 1 (Jalgaon),Low,Negative,23,9,14,30
STK-0004424,LG-000803,Local Authority,Stakeholder Group 2 (Jalgaon),Low,Negative,7,2,5,63
STK-0004425,LG-000803,Contractor,Stakeholder Group 3 (Jalgaon),Low,Negative,21,8,13,77
STK-0004426,LG-000803,Landowner,Stakeholder Group 4 (Jalgaon),Low,Negative,20,8,12,45
STK-0004427,LG-000803,Contractor,Stakeholder Group 5 (Jalgaon),Low,Negative,41,16,25,43
STK-0004428,LG-000803,Contractor,Stakeholder Group 6 (Jalgaon),Low,Negative,45,18,27,85
STK-0004429,LG-000804,District Administration,Stakeholder Group 1 (Kollam),High,Positive,15,12,3,15
STK-0004430,LG-000804,Village Administration,Stakeholder Group 2 (Kollam),High,Positive,13,11,2,14
STK-0004431,LG-000804,Local Authority,Stakeholder Group 3 (Kollam),High,Positive,6,5,1,6
STK-0004432,LG-000804,Local Authority,Stakeholder Group 4 (Kollam),High,Positive,17,14,3,6
STK-0004433,LG-000804,District Administration,Stakeholder Group 5 (Kollam),High,Positive,29,24,5,23
STK-0004434,LG-000805,Local Authority,Stakeholder Group 1 (Dudu),High,Positive,15,12,3,14
STK-0004435,LG-000805,District Administration,Stakeholder Group 2 (Dudu),High,Positive,10,8,2,19
STK-0004436,LG-000805,Local Authority,Stakeholder Group 3 (Dudu),High,Positive,28,23,5,16
STK-0004437,LG-000805,Local Authority,Stakeholder Group 4 (Dudu),High,Positive,35,29,6,20
STK-0004438,LG-000805,Local Authority,Stakeholder Group 5 (Dudu),High,Positive,34,28,6,9
STK-0004439,LG-000805,Contractor,Stakeholder Group 6 (Dudu),High,Positive,36,30,6,13
STK-0004440,LG-000806,Landowner,Stakeholder Group 1 (Baloda Bazar),High,Positive,45,38,7,16
STK-0004441,LG-000806,Landowner,Stakeholder Group 2 (Baloda Bazar),High,Positive,30,25,5,21
STK-0004442,LG-000806,Landowner,Stakeholder Group 3 (Baloda Bazar),High,Positive,23,19,4,23
STK-0004443,LG-000806,Village Administration,Stakeholder Group 4 (Baloda Bazar),High,Positive,42,35,7,14
STK-0004444,LG-000806,Village Administration,Stakeholder Group 5 (Baloda Bazar),High,Positive,42,35,7,8
STK-0004445,LG-000806,Local Authority,Stakeholder Group 6 (Baloda Bazar),High,Positive,46,39,7,19
STK-0004446,LG-000806,Landowner,Stakeholder Group 7 (Baloda Bazar),High,Positive,20,17,3,18
STK-0004447,LG-000806,Village Administration,Stakeholder Group 8 (Baloda Bazar),High,Positive,43,36,7,5
STK-0004448,LG-000807,Local Authority,Stakeholder Group 1 (Kozhikode),Low,Negative,45,18,27,79
STK-0004449,LG-000807,Landowner,Stakeholder Group 2 (Kozhikode),Low,Negative,32,12,20,65
STK-0004450,LG-000807,Village Administration,Stakeholder Group 3 (Kozhikode),Low,Negative,45,18,27,42
STK-0004451,LG-000807,Landowner,Stakeholder Group 4 (Kozhikode),Low,Negative,8,3,5,53
STK-0004452,LG-000807,Village Administration,Stakeholder Group 5 (Kozhikode),Low,Negative,50,20,30,42
STK-0004453,LG-000807,Landowner,Stakeholder Group 6 (Kozhikode),Low,Negative,49,19,30,74
STK-0004454,LG-000808,Contractor,Stakeholder Group 1 (Niwari),High,Positive,30,25,5,25
STK-0004455,LG-000808,Landowner,Stakeholder Group 2 (Niwari),High,Positive,11,9,2,14
STK-0004456,LG-000808,Landowner,Stakeholder Group 3 (Niwari),High,Positive,32,27,5,18
STK-0004457,LG-000808,Landowner,Stakeholder Group 4 (Niwari),High,Positive,6,5,1,6
STK-0004458,LG-000808,Village Administration,Stakeholder Group 5 (Niwari),High,Positive,15,12,3,16
STK-0004459,LG-000808,Village Administration,Stakeholder Group 6 (Niwari),High,Positive,42,35,7,21
STK-0004460,LG-000809,Local Authority,Stakeholder Group 1 (Thane),Low,Negative,23,9,14,69
STK-0004461,LG-000809,Village Administration,Stakeholder Group 2 (Thane),Low,Negative,19,7,12,49
STK-0004462,LG-000809,Local Authority,Stakeholder Group 3 (Thane),Low,Negative,21,8,13,70
STK-0004463,LG-000810,Local Authority,Stakeholder Group 1 (Bulandshahr),High,Positive,26,22,4,19
STK-0004464,LG-000810,Village Administration,Stakeholder Group 2 (Bulandshahr),High,Positive,11,9,2,12
STK-0004465,LG-000810,Contractor,Stakeholder Group 3 (Bulandshahr),High,Positive,7,5,2,22
STK-0004466,LG-000810,Local Authority,Stakeholder Group 4 (Bulandshahr),High,Positive,40,34,6,6
STK-0004467,LG-000810,Landowner,Stakeholder Group 5 (Bulandshahr),High,Positive,39,33,6,22
STK-0004468,LG-000810,Contractor,Stakeholder Group 6 (Bulandshahr),High,Positive,5,4,1,18
STK-0004469,LG-000810,Local Authority,Stakeholder Group 7 (Bulandshahr),High,Positive,10,8,2,22
STK-0004470,LG-000811,Landowner,Stakeholder Group 1 (Mehsana),Low,Negative,42,16,26,71
STK-0004471,LG-000811,Village Administration,Stakeholder Group 2 (Mehsana),Low,Negative,49,19,30,54
STK-0004472,LG-000811,Village Administration,Stakeholder Group 3 (Mehsana),Low,Negative,23,9,14,89
STK-0004473,LG-000811,Landowner,Stakeholder Group 4 (Mehsana),Low,Negative,19,7,12,88
STK-0004474,LG-000811,Local Authority,Stakeholder Group 5 (Mehsana),Low,Negative,41,16,25,87
STK-0004475,LG-000811,Village Administration,Stakeholder Group 6 (Mehsana),Low,Negative,14,5,9,90
STK-0004476,LG-000811,District Administration,Stakeholder Group 7 (Mehsana),Low,Negative,5,2,3,57
STK-0004477,LG-000811,Contractor,Stakeholder Group 8 (Mehsana),Low,Negative,11,4,7,33
STK-0004478,LG-000812,Contractor,Stakeholder Group 1 (Subarnapur),High,Positive,33,28,5,9
STK-0004479,LG-000812,Local Authority,Stakeholder Group 2 (Subarnapur),High,Positive,26,22,4,20
STK-0004480,LG-000812,District Administration,Stakeholder Group 3 (Subarnapur),High,Positive,37,31,6,9
STK-0004481,LG-000813,Village Administration,Stakeholder Group 1 (Sikar),Low,Negative,22,8,14,76
STK-0004482,LG-000813,Village Administration,Stakeholder Group 2 (Sikar),Low,Negative,5,2,3,74
STK-0004483,LG-000813,Local Authority,Stakeholder Group 3 (Sikar),Low,Negative,36,14,22,72
STK-0004484,LG-000813,Landowner,Stakeholder Group 4 (Sikar),Low,Negative,31,12,19,75
STK-0004485,LG-000813,Contractor,Stakeholder Group 5 (Sikar),Low,Negative,27,10,17,53
STK-0004486,LG-000814,Village Administration,Stakeholder Group 1 (Barpeta),High,Positive,26,22,4,7
STK-0004487,LG-000814,District Administration,Stakeholder Group 2 (Barpeta),High,Positive,41,34,7,8
STK-0004488,LG-000814,Local Authority,Stakeholder Group 3 (Barpeta),High,Positive,41,34,7,23
STK-0004489,LG-000814,Landowner,Stakeholder Group 4 (Barpeta),High,Positive,16,13,3,23
STK-0004490,LG-000815,Contractor,Stakeholder Group 1 (Deeg),High,Positive,50,42,8,9
STK-0004491,LG-000815,Local Authority,Stakeholder Group 2 (Deeg),High,Positive,32,27,5,15
STK-0004492,LG-000815,Contractor,Stakeholder Group 3 (Deeg),High,Positive,28,23,5,21
STK-0004493,LG-000815,District Administration,Stakeholder Group 4 (Deeg),High,Positive,23,19,4,20
STK-0004494,LG-000815,Village Administration,Stakeholder Group 5 (Deeg),High,Positive,30,25,5,17
STK-0004495,LG-000815,Landowner,Stakeholder Group 6 (Deeg),High,Positive,37,31,6,6
STK-0004496,LG-000815,Contractor,Stakeholder Group 7 (Deeg),High,Positive,10,8,2,9
STK-0004497,LG-000815,Local Authority,Stakeholder Group 8 (Deeg),High,Positive,49,41,8,15
STK-0004498,LG-000816,Contractor,Stakeholder Group 1 (Sarangarh-Bilaigarh),Low,Negative,50,20,30,87
STK-0004499,LG-000816,Local Authority,Stakeholder Group 2 (Sarangarh-Bilaigarh),Low,Negative,24,9,15,68
STK-0004500,LG-000816,Landowner,Stakeholder Group 3 (Sarangarh-Bilaigarh),Low,Negative,19,7,12,78
STK-0004501,LG-000816,District Administration,Stakeholder Group 4 (Sarangarh-Bilaigarh),Low,Negative,47,18,29,75
STK-0004502,LG-000816,Local Authority,Stakeholder Group 5 (Sarangarh-Bilaigarh),Low,Negative,5,2,3,60
STK-0004503,LG-000816,Local Authority,Stakeholder Group 6 (Sarangarh-Bilaigarh),Low,Negative,24,9,15,53
STK-0004504,LG-000817,Village Administration,Stakeholder Group 1 (Jorhat),Low,Negative,31,12,19,90
STK-0004505,LG-000817,Local Authority,Stakeholder Group 2 (Jorhat),Low,Negative,49,19,30,33
STK-0004506,LG-000817,Local Authority,Stakeholder Group 3 (Jorhat),Low,Negative,33,13,20,52
STK-0004507,LG-000817,Local Authority,Stakeholder Group 4 (Jorhat),Low,Negative,12,4,8,36
STK-0004508,LG-000817,District Administration,Stakeholder Group 5 (Jorhat),Low,Negative,25,10,15,60
STK-0004509,LG-000817,Local Authority,Stakeholder Group 6 (Jorhat),Low,Negative,42,16,26,44
STK-0004510,LG-000818,Landowner,Stakeholder Group 1 (Sonbhadra),Low,Negative,29,11,18,84
STK-0004511,LG-000818,Village Administration,Stakeholder Group 2 (Sonbhadra),Low,Negative,6,2,4,35
STK-0004512,LG-000818,Village Administration,Stakeholder Group 3 (Sonbhadra),Low,Negative,20,8,12,48
STK-0004513,LG-000818,District Administration,Stakeholder Group 4 (Sonbhadra),Low,Negative,43,17,26,57
STK-0004514,LG-000819,Landowner,Stakeholder Group 1 (Alipurduar),High,Positive,29,24,5,8
STK-0004515,LG-000819,Local Authority,Stakeholder Group 2 (Alipurduar),High,Positive,16,13,3,18
STK-0004516,LG-000819,Village Administration,Stakeholder Group 3 (Alipurduar),High,Positive,29,24,5,18
STK-0004517,LG-000819,Contractor,Stakeholder Group 4 (Alipurduar),High,Positive,24,20,4,18
STK-0004518,LG-000819,Landowner,Stakeholder Group 5 (Alipurduar),High,Positive,25,21,4,20
STK-0004519,LG-000819,Local Authority,Stakeholder Group 6 (Alipurduar),High,Positive,31,26,5,5
STK-0004520,LG-000819,Contractor,Stakeholder Group 7 (Alipurduar),High,Positive,45,38,7,17
STK-0004521,LG-000820,Village Administration,Stakeholder Group 1 (Fatehpur),High,Positive,11,9,2,23
STK-0004522,LG-000820,Local Authority,Stakeholder Group 2 (Fatehpur),High,Positive,34,28,6,13
STK-0004523,LG-000820,Contractor,Stakeholder Group 3 (Fatehpur),High,Positive,22,18,4,11
STK-0004524,LG-000820,Contractor,Stakeholder Group 4 (Fatehpur),High,Positive,28,23,5,14
STK-0004525,LG-000820,District Administration,Stakeholder Group 5 (Fatehpur),High,Positive,42,35,7,22
STK-0004526,LG-000820,Village Administration,Stakeholder Group 6 (Fatehpur),High,Positive,36,30,6,24
STK-0004527,LG-000820,Local Authority,Stakeholder Group 7 (Fatehpur),High,Positive,17,14,3,9
STK-0004528,LG-000821,Landowner,Stakeholder Group 1 (Balaghat),High,Positive,20,17,3,18
STK-0004529,LG-000821,Village Administration,Stakeholder Group 2 (Balaghat),High,Positive,36,30,6,5
STK-0004530,LG-000821,District Administration,Stakeholder Group 3 (Balaghat),High,Positive,14,11,3,12
STK-0004531,LG-000821,District Administration,Stakeholder Group 4 (Balaghat),High,Positive,22,18,4,21
STK-0004532,LG-000821,Local Authority,Stakeholder Group 5 (Balaghat),High,Positive,16,13,3,19
STK-0004533,LG-000821,District Administration,Stakeholder Group 6 (Balaghat),High,Positive,19,16,3,5
STK-0004534,LG-000821,Local Authority,Stakeholder Group 7 (Balaghat),High,Positive,32,27,5,5
STK-0004535,LG-000822,Landowner,Stakeholder Group 1 (Darbhanga),High,Positive,50,42,8,6
STK-0004536,LG-000822,Contractor,Stakeholder Group 2 (Darbhanga),High,Positive,14,11,3,20
STK-0004537,LG-000822,Local Authority,Stakeholder Group 3 (Darbhanga),High,Positive,26,22,4,16
STK-0004538,LG-000822,Village Administration,Stakeholder Group 4 (Darbhanga),High,Positive,12,10,2,7
STK-0004539,LG-000822,Local Authority,Stakeholder Group 5 (Darbhanga),High,Positive,30,25,5,23
STK-0004540,LG-000822,Landowner,Stakeholder Group 6 (Darbhanga),High,Positive,46,39,7,20
STK-0004541,LG-000823,District Administration,Stakeholder Group 1 (Adilabad),High,Positive,8,6,2,8
STK-0004542,LG-000823,Landowner,Stakeholder Group 2 (Adilabad),High,Positive,28,23,5,19
STK-0004543,LG-000823,Landowner,Stakeholder Group 3 (Adilabad),High,Positive,5,4,1,14
STK-0004544,LG-000823,Landowner,Stakeholder Group 4 (Adilabad),High,Positive,50,42,8,21
STK-0004545,LG-000823,Local Authority,Stakeholder Group 5 (Adilabad),High,Positive,21,17,4,11
STK-0004546,LG-000823,Local Authority,Stakeholder Group 6 (Adilabad),High,Positive,32,27,5,12
STK-0004547,LG-000824,Contractor,Stakeholder Group 1 (Nanded),High,Positive,38,32,6,14
STK-0004548,LG-000824,Local Authority,Stakeholder Group 2 (Nanded),High,Positive,47,39,8,16
STK-0004549,LG-000824,Landowner,Stakeholder Group 3 (Nanded),High,Positive,27,22,5,15
STK-0004550,LG-000824,District Administration,Stakeholder Group 4 (Nanded),High,Positive,27,22,5,24
STK-0004551,LG-000824,Local Authority,Stakeholder Group 5 (Nanded),High,Positive,34,28,6,5
STK-0004552,LG-000824,Contractor,Stakeholder Group 6 (Nanded),High,Positive,19,16,3,10
STK-0004553,LG-000824,Contractor,Stakeholder Group 7 (Nanded),High,Positive,21,17,4,10
STK-0004554,LG-000825,District Administration,Stakeholder Group 1 (Purnia),High,Positive,17,14,3,21
STK-0004555,LG-000825,Landowner,Stakeholder Group 2 (Purnia),High,Positive,22,18,4,24
STK-0004556,LG-000825,Landowner,Stakeholder Group 3 (Purnia),High,Positive,8,6,2,21
STK-0004557,LG-000826,Village Administration,Stakeholder Group 1 (Ganjam),High,Positive,24,20,4,21
STK-0004558,LG-000826,District Administration,Stakeholder Group 2 (Ganjam),High,Positive,9,7,2,5
STK-0004559,LG-000826,Village Administration,Stakeholder Group 3 (Ganjam),High,Positive,20,17,3,6
STK-0004560,LG-000826,District Administration,Stakeholder Group 4 (Ganjam),High,Positive,24,20,4,10
STK-0004561,LG-000826,Local Authority,Stakeholder Group 5 (Ganjam),High,Positive,11,9,2,18
STK-0004562,LG-000826,Contractor,Stakeholder Group 6 (Ganjam),High,Positive,22,18,4,24
STK-0004563,LG-000827,District Administration,Stakeholder Group 1 (Papum Pare),High,Positive,11,9,2,11
STK-0004564,LG-000827,District Administration,Stakeholder Group 2 (Papum Pare),High,Positive,36,30,6,19
STK-0004565,LG-000827,Landowner,Stakeholder Group 3 (Papum Pare),High,Positive,25,21,4,24
STK-0004566,LG-000828,Landowner,Stakeholder Group 1 (Pilibhit),High,Positive,9,7,2,8
STK-0004567,LG-000828,Landowner,Stakeholder Group 2 (Pilibhit),High,Positive,38,32,6,24
STK-0004568,LG-000828,Village Administration,Stakeholder Group 3 (Pilibhit),High,Positive,48,40,8,12
STK-0004569,LG-000828,District Administration,Stakeholder Group 4 (Pilibhit),High,Positive,50,42,8,25
STK-0004570,LG-000829,District Administration,Stakeholder Group 1 (Bengaluru Rural),High,Positive,17,14,3,13
STK-0004571,LG-000829,Landowner,Stakeholder Group 2 (Bengaluru Rural),High,Positive,25,21,4,24
STK-0004572,LG-000829,Village Administration,Stakeholder Group 3 (Bengaluru Rural),High,Positive,50,42,8,18
STK-0004573,LG-000829,District Administration,Stakeholder Group 4 (Bengaluru Rural),High,Positive,43,36,7,20
STK-0004574,LG-000829,Local Authority,Stakeholder Group 5 (Bengaluru Rural),High,Positive,37,31,6,18
STK-0004575,LG-000829,Landowner,Stakeholder Group 6 (Bengaluru Rural),High,Positive,29,24,5,6
STK-0004576,LG-000830,Landowner,Stakeholder Group 1 (Salem),Low,Negative,30,12,18,47
STK-0004577,LG-000830,Landowner,Stakeholder Group 2 (Salem),Low,Negative,45,18,27,49
STK-0004578,LG-000830,Contractor,Stakeholder Group 3 (Salem),Low,Negative,32,12,20,61
STK-0004579,LG-000831,Local Authority,Stakeholder Group 1 (Bhind),High,Positive,36,30,6,8
STK-0004580,LG-000831,District Administration,Stakeholder Group 2 (Bhind),High,Positive,33,28,5,7
STK-0004581,LG-000831,Village Administration,Stakeholder Group 3 (Bhind),High,Positive,13,11,2,21
STK-0004582,LG-000831,Local Authority,Stakeholder Group 4 (Bhind),High,Positive,43,36,7,9
STK-0004583,LG-000832,Local Authority,Stakeholder Group 1 (Fazilka),High,Positive,46,39,7,9
STK-0004584,LG-000832,Contractor,Stakeholder Group 2 (Fazilka),High,Positive,45,38,7,13
STK-0004585,LG-000832,Village Administration,Stakeholder Group 3 (Fazilka),High,Positive,47,39,8,16
STK-0004586,LG-000832,Village Administration,Stakeholder Group 4 (Fazilka),High,Positive,49,41,8,14
STK-0004587,LG-000833,Village Administration,Stakeholder Group 1 (Bhilwara),High,Positive,20,17,3,9
STK-0004588,LG-000833,District Administration,Stakeholder Group 2 (Bhilwara),High,Positive,28,23,5,14
STK-0004589,LG-000833,District Administration,Stakeholder Group 3 (Bhilwara),High,Positive,31,26,5,12
STK-0004590,LG-000833,District Administration,Stakeholder Group 4 (Bhilwara),High,Positive,8,6,2,23
STK-0004591,LG-000833,Village Administration,Stakeholder Group 5 (Bhilwara),High,Positive,7,5,2,16
STK-0004592,LG-000833,Village Administration,Stakeholder Group 6 (Bhilwara),High,Positive,40,34,6,8
STK-0004593,LG-000834,Local Authority,Stakeholder Group 1 (Bhavnagar),High,Positive,10,8,2,9
STK-0004594,LG-000834,Village Administration,Stakeholder Group 2 (Bhavnagar),High,Positive,44,37,7,23
STK-0004595,LG-000834,Local Authority,Stakeholder Group 3 (Bhavnagar),High,Positive,24,20,4,5
STK-0004596,LG-000834,Village Administration,Stakeholder Group 4 (Bhavnagar),High,Positive,37,31,6,9
STK-0004597,LG-000835,Village Administration,Stakeholder Group 1 (Darjeeling),High,Positive,15,12,3,21
STK-0004598,LG-000835,Contractor,Stakeholder Group 2 (Darjeeling),High,Positive,43,36,7,10
STK-0004599,LG-000835,Contractor,Stakeholder Group 3 (Darjeeling),High,Positive,14,11,3,14
STK-0004600,LG-000835,Contractor,Stakeholder Group 4 (Darjeeling),High,Positive,43,36,7,5
STK-0004601,LG-000835,Contractor,Stakeholder Group 5 (Darjeeling),High,Positive,12,10,2,13
STK-0004602,LG-000835,District Administration,Stakeholder Group 6 (Darjeeling),High,Positive,5,4,1,19
STK-0004603,LG-000836,Village Administration,Stakeholder Group 1 (Bhadohi),High,Positive,39,33,6,17
STK-0004604,LG-000836,District Administration,Stakeholder Group 2 (Bhadohi),High,Positive,42,35,7,13
STK-0004605,LG-000836,District Administration,Stakeholder Group 3 (Bhadohi),High,Positive,45,38,7,5
STK-0004606,LG-000836,Contractor,Stakeholder Group 4 (Bhadohi),High,Positive,40,34,6,12
STK-0004607,LG-000837,Local Authority,Stakeholder Group 1 (Shravasti),High,Positive,14,11,3,24
STK-0004608,LG-000837,District Administration,Stakeholder Group 2 (Shravasti),High,Positive,47,39,8,8
STK-0004609,LG-000837,Village Administration,Stakeholder Group 3 (Shravasti),High,Positive,31,26,5,12
STK-0004610,LG-000837,Landowner,Stakeholder Group 4 (Shravasti),High,Positive,50,42,8,19
STK-0004611,LG-000838,District Administration,Stakeholder Group 1 (Meerut),High,Positive,48,40,8,22
STK-0004612,LG-000838,District Administration,Stakeholder Group 2 (Meerut),High,Positive,44,37,7,15
STK-0004613,LG-000838,Local Authority,Stakeholder Group 3 (Meerut),High,Positive,18,15,3,18
STK-0004614,LG-000838,District Administration,Stakeholder Group 4 (Meerut),High,Positive,8,6,2,8
STK-0004615,LG-000839,Village Administration,Stakeholder Group 1 (Tonk),High,Positive,16,13,3,20
STK-0004616,LG-000839,District Administration,Stakeholder Group 2 (Tonk),High,Positive,21,17,4,9
STK-0004617,LG-000839,Contractor,Stakeholder Group 3 (Tonk),High,Positive,5,4,1,9
STK-0004618,LG-000839,Village Administration,Stakeholder Group 4 (Tonk),High,Positive,37,31,6,16
STK-0004619,LG-000839,Village Administration,Stakeholder Group 5 (Tonk),High,Positive,16,13,3,9
STK-0004620,LG-000839,Landowner,Stakeholder Group 6 (Tonk),High,Positive,19,16,3,21
STK-0004621,LG-000839,Local Authority,Stakeholder Group 7 (Tonk),High,Positive,43,36,7,20
STK-0004622,LG-000839,District Administration,Stakeholder Group 8 (Tonk),High,Positive,8,6,2,13
STK-0004623,LG-000840,District Administration,Stakeholder Group 1 (Rampur),High,Positive,16,13,3,20
STK-0004624,LG-000840,Contractor,Stakeholder Group 2 (Rampur),High,Positive,40,34,6,5
STK-0004625,LG-000840,Contractor,Stakeholder Group 3 (Rampur),High,Positive,40,34,6,14
STK-0004626,LG-000840,Local Authority,Stakeholder Group 4 (Rampur),High,Positive,47,39,8,23
STK-0004627,LG-000840,Village Administration,Stakeholder Group 5 (Rampur),High,Positive,34,28,6,16
STK-0004628,LG-000840,Village Administration,Stakeholder Group 6 (Rampur),High,Positive,38,32,6,13
STK-0004629,LG-000840,District Administration,Stakeholder Group 7 (Rampur),High,Positive,35,29,6,20
STK-0004630,LG-000840,Local Authority,Stakeholder Group 8 (Rampur),High,Positive,13,11,2,17
STK-0004631,LG-000841,Contractor,Stakeholder Group 1 (Aurangabad),High,Positive,7,5,2,21
STK-0004632,LG-000841,Contractor,Stakeholder Group 2 (Aurangabad),High,Positive,23,19,4,7
STK-0004633,LG-000841,Local Authority,Stakeholder Group 3 (Aurangabad),High,Positive,5,4,1,19
STK-0004634,LG-000841,Village Administration,Stakeholder Group 4 (Aurangabad),High,Positive,19,16,3,8
STK-0004635,LG-000841,Landowner,Stakeholder Group 5 (Aurangabad),High,Positive,34,28,6,11
STK-0004636,LG-000842,Local Authority,Stakeholder Group 1 (Kheda),Low,Negative,18,7,11,56
STK-0004637,LG-000842,Local Authority,Stakeholder Group 2 (Kheda),Low,Negative,9,3,6,82
STK-0004638,LG-000842,Village Administration,Stakeholder Group 3 (Kheda),Low,Negative,20,8,12,47
STK-0004639,LG-000842,Local Authority,Stakeholder Group 4 (Kheda),Low,Negative,23,9,14,78
STK-0004640,LG-000842,Local Authority,Stakeholder Group 5 (Kheda),Low,Negative,9,3,6,56
STK-0004641,LG-000842,Village Administration,Stakeholder Group 6 (Kheda),Low,Negative,38,15,23,63
STK-0004642,LG-000842,Contractor,Stakeholder Group 7 (Kheda),Low,Negative,37,14,23,40
STK-0004643,LG-000842,Contractor,Stakeholder Group 8 (Kheda),Low,Negative,45,18,27,52
STK-0004644,LG-000843,Village Administration,Stakeholder Group 1 (Baksa),High,Positive,29,24,5,19
STK-0004645,LG-000843,Village Administration,Stakeholder Group 2 (Baksa),High,Positive,10,8,2,16
STK-0004646,LG-000843,Landowner,Stakeholder Group 3 (Baksa),High,Positive,28,23,5,13
STK-0004647,LG-000843,Local Authority,Stakeholder Group 4 (Baksa),High,Positive,23,19,4,16
STK-0004648,LG-000843,District Administration,Stakeholder Group 5 (Baksa),High,Positive,6,5,1,22
STK-0004649,LG-000843,Landowner,Stakeholder Group 6 (Baksa),High,Positive,9,7,2,25
STK-0004650,LG-000843,District Administration,Stakeholder Group 7 (Baksa),High,Positive,12,10,2,5
STK-0004651,LG-000844,Local Authority,Stakeholder Group 1 (Dewas),Low,Negative,48,19,29,61
STK-0004652,LG-000844,Landowner,Stakeholder Group 2 (Dewas),Low,Negative,24,9,15,53
STK-0004653,LG-000844,Landowner,Stakeholder Group 3 (Dewas),Low,Negative,50,20,30,42
STK-0004654,LG-000844,Contractor,Stakeholder Group 4 (Dewas),Low,Negative,38,15,23,47
STK-0004655,LG-000844,Local Authority,Stakeholder Group 5 (Dewas),Low,Negative,49,19,30,83
STK-0004656,LG-000844,Village Administration,Stakeholder Group 6 (Dewas),Low,Negative,45,18,27,81
STK-0004657,LG-000845,Contractor,Stakeholder Group 1 (Shajapur),Low,Negative,29,11,18,65
STK-0004658,LG-000845,Landowner,Stakeholder Group 2 (Shajapur),Low,Negative,31,12,19,43
STK-0004659,LG-000845,Village Administration,Stakeholder Group 3 (Shajapur),Low,Negative,24,9,15,60
STK-0004660,LG-000845,Contractor,Stakeholder Group 4 (Shajapur),Low,Negative,31,12,19,48
STK-0004661,LG-000845,Contractor,Stakeholder Group 5 (Shajapur),Low,Negative,24,9,15,78
STK-0004662,LG-000845,District Administration,Stakeholder Group 6 (Shajapur),Low,Negative,24,9,15,59
STK-0004663,LG-000845,Landowner,Stakeholder Group 7 (Shajapur),Low,Negative,27,10,17,57
STK-0004664,LG-000846,Landowner,Stakeholder Group 1 (Hassan),High,Positive,7,5,2,13
STK-0004665,LG-000846,Landowner,Stakeholder Group 2 (Hassan),High,Positive,21,17,4,19
STK-0004666,LG-000846,Landowner,Stakeholder Group 3 (Hassan),High,Positive,8,6,2,19
STK-0004667,LG-000846,Contractor,Stakeholder Group 4 (Hassan),High,Positive,34,28,6,19
STK-0004668,LG-000846,Local Authority,Stakeholder Group 5 (Hassan),High,Positive,8,6,2,18
STK-0004669,LG-000846,Landowner,Stakeholder Group 6 (Hassan),High,Positive,47,39,8,25
STK-0004670,LG-000847,Village Administration,Stakeholder Group 1 (Hamirpur),High,Positive,8,6,2,24
STK-0004671,LG-000847,Village Administration,Stakeholder Group 2 (Hamirpur),High,Positive,26,22,4,12
STK-0004672,LG-000847,Village Administration,Stakeholder Group 3 (Hamirpur),High,Positive,38,32,6,12
STK-0004673,LG-000847,District Administration,Stakeholder Group 4 (Hamirpur),High,Positive,15,12,3,24
STK-0004674,LG-000847,Local Authority,Stakeholder Group 5 (Hamirpur),High,Positive,40,34,6,20
STK-0004675,LG-000847,District Administration,Stakeholder Group 6 (Hamirpur),High,Positive,8,6,2,6
STK-0004676,LG-000848,District Administration,Stakeholder Group 1 (Mandsaur),Low,Negative,33,13,20,83
STK-0004677,LG-000848,Contractor,Stakeholder Group 2 (Mandsaur),Low,Negative,34,13,21,34
STK-0004678,LG-000848,Village Administration,Stakeholder Group 3 (Mandsaur),Low,Negative,30,12,18,61
STK-0004679,LG-000848,Landowner,Stakeholder Group 4 (Mandsaur),Low,Negative,37,14,23,39
STK-0004680,LG-000849,Village Administration,Stakeholder Group 1 (Ramanagara),Low,Negative,47,18,29,30
STK-0004681,LG-000849,Contractor,Stakeholder Group 2 (Ramanagara),Low,Negative,13,5,8,40
STK-0004682,LG-000849,Local Authority,Stakeholder Group 3 (Ramanagara),Low,Negative,48,19,29,83
STK-0004683,LG-000849,Landowner,Stakeholder Group 4 (Ramanagara),Low,Negative,41,16,25,59
STK-0004684,LG-000850,Village Administration,Stakeholder Group 1 (Barmer),Low,Negative,26,10,16,42
STK-0004685,LG-000850,District Administration,Stakeholder Group 2 (Barmer),Low,Negative,38,15,23,85
STK-0004686,LG-000850,Village Administration,Stakeholder Group 3 (Barmer),Low,Negative,30,12,18,89
STK-0004687,LG-000850,Village Administration,Stakeholder Group 4 (Barmer),Low,Negative,8,3,5,74
STK-0004688,LG-000850,Local Authority,Stakeholder Group 5 (Barmer),Low,Negative,17,6,11,88
STK-0004689,LG-000850,Contractor,Stakeholder Group 6 (Barmer),Low,Negative,29,11,18,89
STK-0004690,LG-000850,Landowner,Stakeholder Group 7 (Barmer),Low,Negative,45,18,27,52
STK-0004691,LG-000851,District Administration,Stakeholder Group 1 (Balrampur),Low,Negative,29,11,18,63
STK-0004692,LG-000851,District Administration,Stakeholder Group 2 (Balrampur),Low,Negative,6,2,4,47
STK-0004693,LG-000851,Contractor,Stakeholder Group 3 (Balrampur),Low,Negative,10,4,6,47
STK-0004694,LG-000851,Landowner,Stakeholder Group 4 (Balrampur),Low,Negative,36,14,22,51
STK-0004695,LG-000851,Landowner,Stakeholder Group 5 (Balrampur),Low,Negative,8,3,5,63
STK-0004696,LG-000851,Contractor,Stakeholder Group 6 (Balrampur),Low,Negative,18,7,11,47
STK-0004697,LG-000852,Local Authority,Stakeholder Group 1 (Etawah),Low,Negative,15,6,9,68
STK-0004698,LG-000852,Contractor,Stakeholder Group 2 (Etawah),Low,Negative,20,8,12,88
STK-0004699,LG-000852,District Administration,Stakeholder Group 3 (Etawah),Low,Negative,43,17,26,52
STK-0004700,LG-000852,District Administration,Stakeholder Group 4 (Etawah),Low,Negative,48,19,29,85
STK-0004701,LG-000852,Contractor,Stakeholder Group 5 (Etawah),Low,Negative,12,4,8,59
STK-0004702,LG-000853,Landowner,Stakeholder Group 1 (Morigaon),Low,Negative,6,2,4,67
STK-0004703,LG-000853,Landowner,Stakeholder Group 2 (Morigaon),Low,Negative,30,12,18,68
STK-0004704,LG-000853,Village Administration,Stakeholder Group 3 (Morigaon),Low,Negative,14,5,9,59
STK-0004705,LG-000853,Contractor,Stakeholder Group 4 (Morigaon),Low,Negative,16,6,10,71
STK-0004706,LG-000853,Local Authority,Stakeholder Group 5 (Morigaon),Low,Negative,46,18,28,67
STK-0004707,LG-000853,Landowner,Stakeholder Group 6 (Morigaon),Low,Negative,12,4,8,79
STK-0004708,LG-000853,Village Administration,Stakeholder Group 7 (Morigaon),Low,Negative,47,18,29,51
STK-0004709,LG-000853,District Administration,Stakeholder Group 8 (Morigaon),Low,Negative,26,10,16,53
STK-0004710,LG-000854,Local Authority,Stakeholder Group 1 (Anantnag),Low,Negative,12,4,8,52
STK-0004711,LG-000854,Landowner,Stakeholder Group 2 (Anantnag),Low,Negative,43,17,26,64
STK-0004712,LG-000854,District Administration,Stakeholder Group 3 (Anantnag),Low,Negative,25,10,15,67
STK-0004713,LG-000854,District Administration,Stakeholder Group 4 (Anantnag),Low,Negative,50,20,30,48
STK-0004714,LG-000854,Landowner,Stakeholder Group 5 (Anantnag),Low,Negative,24,9,15,36
STK-0004715,LG-000854,District Administration,Stakeholder Group 6 (Anantnag),Low,Negative,23,9,14,59
STK-0004716,LG-000854,District Administration,Stakeholder Group 7 (Anantnag),Low,Negative,10,4,6,49
STK-0004717,LG-000855,District Administration,Stakeholder Group 1 (Basti),Low,Negative,32,12,20,50
STK-0004718,LG-000855,District Administration,Stakeholder Group 2 (Basti),Low,Negative,31,12,19,41
STK-0004719,LG-000855,Village Administration,Stakeholder Group 3 (Basti),Low,Negative,29,11,18,37
STK-0004720,LG-000855,Contractor,Stakeholder Group 4 (Basti),Low,Negative,46,18,28,58
STK-0004721,LG-000855,Contractor,Stakeholder Group 5 (Basti),Low,Negative,42,16,26,45
STK-0004722,LG-000855,Landowner,Stakeholder Group 6 (Basti),Low,Negative,38,15,23,37
STK-0004723,LG-000855,District Administration,Stakeholder Group 7 (Basti),Low,Negative,23,9,14,49
STK-0004724,LG-000855,Village Administration,Stakeholder Group 8 (Basti),Low,Negative,13,5,8,68
STK-0004725,LG-000856,District Administration,Stakeholder Group 1 (Mahisagar),High,Positive,32,27,5,11
STK-0004726,LG-000856,District Administration,Stakeholder Group 2 (Mahisagar),High,Positive,46,39,7,15
STK-0004727,LG-000856,District Administration,Stakeholder Group 3 (Mahisagar),High,Positive,24,20,4,12
STK-0004728,LG-000856,District Administration,Stakeholder Group 4 (Mahisagar),High,Positive,21,17,4,10
STK-0004729,LG-000856,District Administration,Stakeholder Group 5 (Mahisagar),High,Positive,48,40,8,16
STK-0004730,LG-000857,District Administration,Stakeholder Group 1 (East Godavari),Low,Negative,33,13,20,72
STK-0004731,LG-000857,Village Administration,Stakeholder Group 2 (East Godavari),Low,Negative,16,6,10,45
STK-0004732,LG-000857,Village Administration,Stakeholder Group 3 (East Godavari),Low,Negative,47,18,29,80
STK-0004733,LG-000857,Contractor,Stakeholder Group 4 (East Godavari),Low,Negative,44,17,27,65
STK-0004734,LG-000857,District Administration,Stakeholder Group 5 (East Godavari),Low,Negative,9,3,6,41
STK-0004735,LG-000857,District Administration,Stakeholder Group 6 (East Godavari),Low,Negative,8,3,5,48
STK-0004736,LG-000857,Landowner,Stakeholder Group 7 (East Godavari),Low,Negative,37,14,23,64
STK-0004737,LG-000858,Local Authority,Stakeholder Group 1 (Gautam Buddha Nagar),High,Positive,6,5,1,17
STK-0004738,LG-000858,District Administration,Stakeholder Group 2 (Gautam Buddha Nagar),High,Positive,46,39,7,17
STK-0004739,LG-000858,Contractor,Stakeholder Group 3 (Gautam Buddha Nagar),High,Positive,39,33,6,12
STK-0004740,LG-000858,Landowner,Stakeholder Group 4 (Gautam Buddha Nagar),High,Positive,6,5,1,24
STK-0004741,LG-000858,Local Authority,Stakeholder Group 5 (Gautam Buddha Nagar),High,Positive,18,15,3,20
STK-0004742,LG-000858,Contractor,Stakeholder Group 6 (Gautam Buddha Nagar),High,Positive,39,33,6,19
STK-0004743,LG-000858,Landowner,Stakeholder Group 7 (Gautam Buddha Nagar),High,Positive,35,29,6,18
STK-0004744,LG-000858,Landowner,Stakeholder Group 8 (Gautam Buddha Nagar),High,Positive,44,37,7,24
STK-0004745,LG-000859,Local Authority,Stakeholder Group 1 (Nalgonda),High,Positive,10,8,2,14
STK-0004746,LG-000859,Local Authority,Stakeholder Group 2 (Nalgonda),High,Positive,19,16,3,12
STK-0004747,LG-000859,District Administration,Stakeholder Group 3 (Nalgonda),High,Positive,42,35,7,9
STK-0004748,LG-000859,District Administration,Stakeholder Group 4 (Nalgonda),High,Positive,30,25,5,22
STK-0004749,LG-000859,Landowner,Stakeholder Group 5 (Nalgonda),High,Positive,40,34,6,17
STK-0004750,LG-000860,District Administration,Stakeholder Group 1 (Aligarh),High,Positive,33,28,5,23
STK-0004751,LG-000860,District Administration,Stakeholder Group 2 (Aligarh),High,Positive,25,21,4,12
STK-0004752,LG-000860,Landowner,Stakeholder Group 3 (Aligarh),High,Positive,44,37,7,12
STK-0004753,LG-000860,District Administration,Stakeholder Group 4 (Aligarh),High,Positive,7,5,2,18
STK-0004754,LG-000860,District Administration,Stakeholder Group 5 (Aligarh),High,Positive,46,39,7,15
STK-0004755,LG-000860,District Administration,Stakeholder Group 6 (Aligarh),High,Positive,33,28,5,19
STK-0004756,LG-000860,District Administration,Stakeholder Group 7 (Aligarh),High,Positive,6,5,1,13
STK-0004757,LG-000861,Village Administration,Stakeholder Group 1 (Bareilly),High,Positive,20,17,3,15
STK-0004758,LG-000861,Local Authority,Stakeholder Group 2 (Bareilly),High,Positive,48,40,8,7
STK-0004759,LG-000861,District Administration,Stakeholder Group 3 (Bareilly),High,Positive,25,21,4,12
STK-0004760,LG-000861,Landowner,Stakeholder Group 4 (Bareilly),High,Positive,38,32,6,23
STK-0004761,LG-000861,Landowner,Stakeholder Group 5 (Bareilly),High,Positive,37,31,6,13
STK-0004762,LG-000861,Contractor,Stakeholder Group 6 (Bareilly),High,Positive,20,17,3,19
STK-0004763,LG-000861,Landowner,Stakeholder Group 7 (Bareilly),High,Positive,14,11,3,12
STK-0004764,LG-000861,District Administration,Stakeholder Group 8 (Bareilly),High,Positive,40,34,6,24
STK-0004765,LG-000862,Contractor,Stakeholder Group 1 (Majuli),Low,Negative,18,7,11,87
STK-0004766,LG-000862,Contractor,Stakeholder Group 2 (Majuli),Low,Negative,21,8,13,71
STK-0004767,LG-000862,Local Authority,Stakeholder Group 3 (Majuli),Low,Negative,47,18,29,64
STK-0004768,LG-000862,Village Administration,Stakeholder Group 4 (Majuli),Low,Negative,8,3,5,90
STK-0004769,LG-000862,Local Authority,Stakeholder Group 5 (Majuli),Low,Negative,22,8,14,35
STK-0004770,LG-000862,Local Authority,Stakeholder Group 6 (Majuli),Low,Negative,16,6,10,62
STK-0004771,LG-000862,Local Authority,Stakeholder Group 7 (Majuli),Low,Negative,50,20,30,39
STK-0004772,LG-000863,Village Administration,Stakeholder Group 1 (Morena),High,Positive,21,17,4,23
STK-0004773,LG-000863,Village Administration,Stakeholder Group 2 (Morena),High,Positive,20,17,3,10
STK-0004774,LG-000863,Village Administration,Stakeholder Group 3 (Morena),High,Positive,26,22,4,10
STK-0004775,LG-000864,District Administration,Stakeholder Group 1 (Munger),High,Positive,20,17,3,18
STK-0004776,LG-000864,Contractor,Stakeholder Group 2 (Munger),High,Positive,29,24,5,8
STK-0004777,LG-000864,Village Administration,Stakeholder Group 3 (Munger),High,Positive,42,35,7,13
STK-0004778,LG-000865,Landowner,Stakeholder Group 1 (Kaushambi),High,Positive,33,28,5,12
STK-0004779,LG-000865,Village Administration,Stakeholder Group 2 (Kaushambi),High,Positive,36,30,6,24
STK-0004780,LG-000865,Local Authority,Stakeholder Group 3 (Kaushambi),High,Positive,24,20,4,13
STK-0004781,LG-000865,Landowner,Stakeholder Group 4 (Kaushambi),High,Positive,12,10,2,25
STK-0004782,LG-000865,Local Authority,Stakeholder Group 5 (Kaushambi),High,Positive,32,27,5,16
STK-0004783,LG-000865,Local Authority,Stakeholder Group 6 (Kaushambi),High,Positive,7,5,2,8
STK-0004784,LG-000865,District Administration,Stakeholder Group 7 (Kaushambi),High,Positive,47,39,8,24
STK-0004785,LG-000865,Contractor,Stakeholder Group 8 (Kaushambi),High,Positive,36,30,6,24
STK-0004786,LG-000866,Village Administration,Stakeholder Group 1 (Phalodi),High,Positive,13,11,2,8
STK-0004787,LG-000866,Village Administration,Stakeholder Group 2 (Phalodi),High,Positive,27,22,5,12
STK-0004788,LG-000866,District Administration,Stakeholder Group 3 (Phalodi),High,Positive,19,16,3,19
STK-0004789,LG-000866,Village Administration,Stakeholder Group 4 (Phalodi),High,Positive,21,17,4,20
STK-0004790,LG-000866,Village Administration,Stakeholder Group 5 (Phalodi),High,Positive,10,8,2,23
STK-0004791,LG-000866,Landowner,Stakeholder Group 6 (Phalodi),High,Positive,17,14,3,11
STK-0004792,LG-000866,Contractor,Stakeholder Group 7 (Phalodi),High,Positive,20,17,3,11
STK-0004793,LG-000866,Village Administration,Stakeholder Group 8 (Phalodi),High,Positive,43,36,7,21
STK-0004794,LG-000867,Village Administration,Stakeholder Group 1 (Dindori),High,Positive,20,17,3,17
STK-0004795,LG-000867,Local Authority,Stakeholder Group 2 (Dindori),High,Positive,48,40,8,12
STK-0004796,LG-000867,Local Authority,Stakeholder Group 3 (Dindori),High,Positive,13,11,2,13
STK-0004797,LG-000867,Contractor,Stakeholder Group 4 (Dindori),High,Positive,27,22,5,16
STK-0004798,LG-000868,Local Authority,Stakeholder Group 1 (Hojai),Low,Negative,23,9,14,45
STK-0004799,LG-000868,Contractor,Stakeholder Group 2 (Hojai),Low,Negative,17,6,11,87
STK-0004800,LG-000868,Landowner,Stakeholder Group 3 (Hojai),Low,Negative,17,6,11,73
STK-0004801,LG-000868,District Administration,Stakeholder Group 4 (Hojai),Low,Negative,20,8,12,41
STK-0004802,LG-000868,Local Authority,Stakeholder Group 5 (Hojai),Low,Negative,28,11,17,33
STK-0004803,LG-000868,Landowner,Stakeholder Group 6 (Hojai),Low,Negative,8,3,5,34
STK-0004804,LG-000869,Village Administration,Stakeholder Group 1 (Bhind),Low,Negative,21,8,13,53
STK-0004805,LG-000869,Landowner,Stakeholder Group 2 (Bhind),Low,Negative,41,16,25,65
STK-0004806,LG-000869,District Administration,Stakeholder Group 3 (Bhind),Low,Negative,24,9,15,41
STK-0004807,LG-000869,Village Administration,Stakeholder Group 4 (Bhind),Low,Negative,50,20,30,64
STK-0004808,LG-000869,Landowner,Stakeholder Group 5 (Bhind),Low,Negative,32,12,20,65
STK-0004809,LG-000869,Village Administration,Stakeholder Group 6 (Bhind),Low,Negative,46,18,28,58
STK-0004810,LG-000870,District Administration,Stakeholder Group 1 (Dewas),High,Positive,20,17,3,5
STK-0004811,LG-000870,Village Administration,Stakeholder Group 2 (Dewas),High,Positive,31,26,5,17
STK-0004812,LG-000870,Local Authority,Stakeholder Group 3 (Dewas),High,Positive,10,8,2,8
STK-0004813,LG-000870,Landowner,Stakeholder Group 4 (Dewas),High,Positive,26,22,4,9
STK-0004814,LG-000871,Contractor,Stakeholder Group 1 (Aligarh),High,Positive,12,10,2,22
STK-0004815,LG-000871,District Administration,Stakeholder Group 2 (Aligarh),High,Positive,49,41,8,13
STK-0004816,LG-000871,Landowner,Stakeholder Group 3 (Aligarh),High,Positive,40,34,6,24
STK-0004817,LG-000871,District Administration,Stakeholder Group 4 (Aligarh),High,Positive,25,21,4,23
STK-0004818,LG-000872,Village Administration,Stakeholder Group 1 (Cuddalore),High,Positive,46,39,7,14
STK-0004819,LG-000872,Local Authority,Stakeholder Group 2 (Cuddalore),High,Positive,24,20,4,16
STK-0004820,LG-000872,District Administration,Stakeholder Group 3 (Cuddalore),High,Positive,47,39,8,12
STK-0004821,LG-000872,Local Authority,Stakeholder Group 4 (Cuddalore),High,Positive,30,25,5,21
STK-0004822,LG-000873,Landowner,Stakeholder Group 1 (Mainpuri),High,Positive,5,4,1,11
STK-0004823,LG-000873,Local Authority,Stakeholder Group 2 (Mainpuri),High,Positive,12,10,2,5
STK-0004824,LG-000873,Contractor,Stakeholder Group 3 (Mainpuri),High,Positive,30,25,5,6
STK-0004825,LG-000874,District Administration,Stakeholder Group 1 (West Garo Hills),High,Positive,28,23,5,18
STK-0004826,LG-000874,Contractor,Stakeholder Group 2 (West Garo Hills),High,Positive,21,17,4,16
STK-0004827,LG-000874,Local Authority,Stakeholder Group 3 (West Garo Hills),High,Positive,38,32,6,21
STK-0004828,LG-000875,Landowner,Stakeholder Group 1 (Nawada),Low,Negative,27,10,17,82
STK-0004829,LG-000875,Local Authority,Stakeholder Group 2 (Nawada),Low,Negative,46,18,28,36
STK-0004830,LG-000875,Village Administration,Stakeholder Group 3 (Nawada),Low,Negative,48,19,29,77
STK-0004831,LG-000876,District Administration,Stakeholder Group 1 (Rangareddy),High,Positive,6,5,1,14
STK-0004832,LG-000876,Local Authority,Stakeholder Group 2 (Rangareddy),High,Positive,6,5,1,12
STK-0004833,LG-000876,Contractor,Stakeholder Group 3 (Rangareddy),High,Positive,42,35,7,20
STK-0004834,LG-000877,Contractor,Stakeholder Group 1 (Balrampur),High,Positive,21,17,4,9
STK-0004835,LG-000877,Village Administration,Stakeholder Group 2 (Balrampur),High,Positive,5,4,1,18
STK-0004836,LG-000877,District Administration,Stakeholder Group 3 (Balrampur),High,Positive,47,39,8,20
STK-0004837,LG-000877,Local Authority,Stakeholder Group 4 (Balrampur),High,Positive,10,8,2,15
STK-0004838,LG-000877,District Administration,Stakeholder Group 5 (Balrampur),High,Positive,49,41,8,10
STK-0004839,LG-000877,District Administration,Stakeholder Group 6 (Balrampur),High,Positive,45,38,7,10
STK-0004840,LG-000878,Local Authority,Stakeholder Group 1 (Hanumangarh),High,Positive,14,11,3,5
STK-0004841,LG-000878,Local Authority,Stakeholder Group 2 (Hanumangarh),High,Positive,31,26,5,18
STK-0004842,LG-000878,Contractor,Stakeholder Group 3 (Hanumangarh),High,Positive,5,4,1,21
STK-0004843,LG-000879,District Administration,Stakeholder Group 1 (Bareilly),Low,Negative,42,16,26,39
STK-0004844,LG-000879,Landowner,Stakeholder Group 2 (Bareilly),Low,Negative,48,19,29,58
STK-0004845,LG-000879,Village Administration,Stakeholder Group 3 (Bareilly),Low,Negative,49,19,30,40
STK-0004846,LG-000880,Village Administration,Stakeholder Group 1 (Dhenkanal),High,Positive,29,24,5,12
STK-0004847,LG-000880,Contractor,Stakeholder Group 2 (Dhenkanal),High,Positive,38,32,6,12
STK-0004848,LG-000880,District Administration,Stakeholder Group 3 (Dhenkanal),High,Positive,27,22,5,13
STK-0004849,LG-000880,Contractor,Stakeholder Group 4 (Dhenkanal),High,Positive,47,39,8,10
STK-0004850,LG-000880,Contractor,Stakeholder Group 5 (Dhenkanal),High,Positive,13,11,2,7
STK-0004851,LG-000880,District Administration,Stakeholder Group 6 (Dhenkanal),High,Positive,19,16,3,23
STK-0004852,LG-000881,Local Authority,Stakeholder Group 1 (Jalandhar),Low,Negative,29,11,18,32
STK-0004853,LG-000881,Landowner,Stakeholder Group 2 (Jalandhar),Low,Negative,7,2,5,88
STK-0004854,LG-000881,Contractor,Stakeholder Group 3 (Jalandhar),Low,Negative,40,16,24,66
STK-0004855,LG-000881,Contractor,Stakeholder Group 4 (Jalandhar),Low,Negative,27,10,17,31
STK-0004856,LG-000882,Landowner,Stakeholder Group 1 (Gadchiroli),High,Positive,23,19,4,20
STK-0004857,LG-000882,Contractor,Stakeholder Group 2 (Gadchiroli),High,Positive,23,19,4,25
STK-0004858,LG-000882,Landowner,Stakeholder Group 3 (Gadchiroli),High,Positive,48,40,8,16
STK-0004859,LG-000882,Village Administration,Stakeholder Group 4 (Gadchiroli),High,Positive,34,28,6,12
STK-0004860,LG-000883,Village Administration,Stakeholder Group 1 (East Siang),High,Positive,17,14,3,12
STK-0004861,LG-000883,Village Administration,Stakeholder Group 2 (East Siang),High,Positive,12,10,2,20
STK-0004862,LG-000883,District Administration,Stakeholder Group 3 (East Siang),High,Positive,44,37,7,14
STK-0004863,LG-000883,Local Authority,Stakeholder Group 4 (East Siang),High,Positive,7,5,2,24
STK-0004864,LG-000883,Landowner,Stakeholder Group 5 (East Siang),High,Positive,25,21,4,22
STK-0004865,LG-000883,Local Authority,Stakeholder Group 6 (East Siang),High,Positive,36,30,6,16
STK-0004866,LG-000883,Contractor,Stakeholder Group 7 (East Siang),High,Positive,19,16,3,24
STK-0004867,LG-000883,Contractor,Stakeholder Group 8 (East Siang),High,Positive,16,13,3,5
STK-0004868,LG-000884,Local Authority,Stakeholder Group 1 (Khagaria),High,Positive,17,14,3,22
STK-0004869,LG-000884,Landowner,Stakeholder Group 2 (Khagaria),High,Positive,15,12,3,12
STK-0004870,LG-000884,District Administration,Stakeholder Group 3 (Khagaria),High,Positive,36,30,6,19
STK-0004871,LG-000885,Village Administration,Stakeholder Group 1 (Lower Dibang Valley),High,Positive,49,41,8,7
STK-0004872,LG-000885,District Administration,Stakeholder Group 2 (Lower Dibang Valley),High,Positive,21,17,4,8
STK-0004873,LG-000885,District Administration,Stakeholder Group 3 (Lower Dibang Valley),High,Positive,49,41,8,7
STK-0004874,LG-000885,District Administration,Stakeholder Group 4 (Lower Dibang Valley),High,Positive,34,28,6,6
STK-0004875,LG-000885,Contractor,Stakeholder Group 5 (Lower Dibang Valley),High,Positive,25,21,4,18
STK-0004876,LG-000886,Local Authority,Stakeholder Group 1 (Coimbatore),High,Positive,15,12,3,14
STK-0004877,LG-000886,Contractor,Stakeholder Group 2 (Coimbatore),High,Positive,10,8,2,17
STK-0004878,LG-000886,Local Authority,Stakeholder Group 3 (Coimbatore),High,Positive,30,25,5,20
STK-0004879,LG-000886,Contractor,Stakeholder Group 4 (Coimbatore),High,Positive,21,17,4,23
STK-0004880,LG-000886,Village Administration,Stakeholder Group 5 (Coimbatore),High,Positive,37,31,6,8
STK-0004881,LG-000886,Local Authority,Stakeholder Group 6 (Coimbatore),High,Positive,47,39,8,6
STK-0004882,LG-000886,Contractor,Stakeholder Group 7 (Coimbatore),High,Positive,49,41,8,19
STK-0004883,LG-000886,District Administration,Stakeholder Group 8 (Coimbatore),High,Positive,47,39,8,13
STK-0004884,LG-000887,District Administration,Stakeholder Group 1 (Burhanpur),High,Positive,24,20,4,6
STK-0004885,LG-000887,District Administration,Stakeholder Group 2 (Burhanpur),High,Positive,21,17,4,14
STK-0004886,LG-000887,Village Administration,Stakeholder Group 3 (Burhanpur),High,Positive,8,6,2,17
STK-0004887,LG-000887,Landowner,Stakeholder Group 4 (Burhanpur),High,Positive,16,13,3,12
STK-0004888,LG-000887,District Administration,Stakeholder Group 5 (Burhanpur),High,Positive,24,20,4,18
STK-0004889,LG-000887,Village Administration,Stakeholder Group 6 (Burhanpur),High,Positive,16,13,3,6
STK-0004890,LG-000887,Contractor,Stakeholder Group 7 (Burhanpur),High,Positive,5,4,1,24
STK-0004891,LG-000887,District Administration,Stakeholder Group 8 (Burhanpur),High,Positive,45,38,7,8
STK-0004892,LG-000888,Village Administration,Stakeholder Group 1 (Nayagarh),High,Positive,24,20,4,15
STK-0004893,LG-000888,Contractor,Stakeholder Group 2 (Nayagarh),High,Positive,44,37,7,11
STK-0004894,LG-000888,Village Administration,Stakeholder Group 3 (Nayagarh),High,Positive,29,24,5,19
STK-0004895,LG-000888,Village Administration,Stakeholder Group 4 (Nayagarh),High,Positive,40,34,6,6
STK-0004896,LG-000888,Village Administration,Stakeholder Group 5 (Nayagarh),High,Positive,10,8,2,5
STK-0004897,LG-000888,Village Administration,Stakeholder Group 6 (Nayagarh),High,Positive,12,10,2,20
STK-0004898,LG-000888,Local Authority,Stakeholder Group 7 (Nayagarh),High,Positive,18,15,3,13
STK-0004899,LG-000888,District Administration,Stakeholder Group 8 (Nayagarh),High,Positive,10,8,2,13
STK-0004900,LG-000889,Contractor,Stakeholder Group 1 (Pilibhit),High,Positive,49,41,8,25
STK-0004901,LG-000889,Local Authority,Stakeholder Group 2 (Pilibhit),High,Positive,13,11,2,18
STK-0004902,LG-000889,Landowner,Stakeholder Group 3 (Pilibhit),High,Positive,33,28,5,12
STK-0004903,LG-000889,Local Authority,Stakeholder Group 4 (Pilibhit),High,Positive,49,41,8,22
STK-0004904,LG-000889,Landowner,Stakeholder Group 5 (Pilibhit),High,Positive,14,11,3,10
STK-0004905,LG-000889,Contractor,Stakeholder Group 6 (Pilibhit),High,Positive,32,27,5,7
STK-0004906,LG-000889,District Administration,Stakeholder Group 7 (Pilibhit),High,Positive,33,28,5,16
STK-0004907,LG-000889,District Administration,Stakeholder Group 8 (Pilibhit),High,Positive,36,30,6,14
STK-0004908,LG-000890,Contractor,Stakeholder Group 1 (Pakur),High,Positive,24,20,4,14
STK-0004909,LG-000890,Landowner,Stakeholder Group 2 (Pakur),High,Positive,5,4,1,18
STK-0004910,LG-000890,Village Administration,Stakeholder Group 3 (Pakur),High,Positive,42,35,7,6
STK-0004911,LG-000890,District Administration,Stakeholder Group 4 (Pakur),High,Positive,39,33,6,12
STK-0004912,LG-000890,Contractor,Stakeholder Group 5 (Pakur),High,Positive,21,17,4,24
STK-0004913,LG-000890,District Administration,Stakeholder Group 6 (Pakur),High,Positive,23,19,4,17
STK-0004914,LG-000890,Local Authority,Stakeholder Group 7 (Pakur),High,Positive,10,8,2,25
STK-0004915,LG-000891,Landowner,Stakeholder Group 1 (Maihar),High,Positive,32,27,5,13
STK-0004916,LG-000891,District Administration,Stakeholder Group 2 (Maihar),High,Positive,45,38,7,9
STK-0004917,LG-000891,Contractor,Stakeholder Group 3 (Maihar),High,Positive,36,30,6,11
STK-0004918,LG-000892,Contractor,Stakeholder Group 1 (Bahraich),Low,Negative,43,17,26,56
STK-0004919,LG-000892,Village Administration,Stakeholder Group 2 (Bahraich),Low,Negative,38,15,23,88
STK-0004920,LG-000892,Contractor,Stakeholder Group 3 (Bahraich),Low,Negative,17,6,11,67
STK-0004921,LG-000892,Landowner,Stakeholder Group 4 (Bahraich),Low,Negative,45,18,27,33
STK-0004922,LG-000892,Village Administration,Stakeholder Group 5 (Bahraich),Low,Negative,5,2,3,47
STK-0004923,LG-000892,Landowner,Stakeholder Group 6 (Bahraich),Low,Negative,35,14,21,35
STK-0004924,LG-000893,Village Administration,Stakeholder Group 1 (Rewari),Low,Negative,45,18,27,59
STK-0004925,LG-000893,Local Authority,Stakeholder Group 2 (Rewari),Low,Negative,8,3,5,89
STK-0004926,LG-000893,District Administration,Stakeholder Group 3 (Rewari),Low,Negative,43,17,26,56
STK-0004927,LG-000893,District Administration,Stakeholder Group 4 (Rewari),Low,Negative,38,15,23,87
STK-0004928,LG-000893,Contractor,Stakeholder Group 5 (Rewari),Low,Negative,30,12,18,57
STK-0004929,LG-000893,Landowner,Stakeholder Group 6 (Rewari),Low,Negative,40,16,24,53
STK-0004930,LG-000894,District Administration,Stakeholder Group 1 (Nalbari),High,Positive,13,11,2,8
STK-0004931,LG-000894,Landowner,Stakeholder Group 2 (Nalbari),High,Positive,9,7,2,10
STK-0004932,LG-000894,Contractor,Stakeholder Group 3 (Nalbari),High,Positive,31,26,5,22
STK-0004933,LG-000894,Local Authority,Stakeholder Group 4 (Nalbari),High,Positive,38,32,6,13
STK-0004934,LG-000894,Local Authority,Stakeholder Group 5 (Nalbari),High,Positive,22,18,4,9
STK-0004935,LG-000894,Local Authority,Stakeholder Group 6 (Nalbari),High,Positive,10,8,2,14
STK-0004936,LG-000894,Local Authority,Stakeholder Group 7 (Nalbari),High,Positive,24,20,4,8
STK-0004937,LG-000895,Landowner,Stakeholder Group 1 (Ernakulam),Low,Negative,36,14,22,81
STK-0004938,LG-000895,Local Authority,Stakeholder Group 2 (Ernakulam),Low,Negative,46,18,28,75
STK-0004939,LG-000895,Contractor,Stakeholder Group 3 (Ernakulam),Low,Negative,25,10,15,63
STK-0004940,LG-000895,Local Authority,Stakeholder Group 4 (Ernakulam),Low,Negative,33,13,20,79
STK-0004941,LG-000895,Village Administration,Stakeholder Group 5 (Ernakulam),Low,Negative,30,12,18,54
STK-0004942,LG-000895,Landowner,Stakeholder Group 6 (Ernakulam),Low,Negative,47,18,29,66
STK-0004943,LG-000896,Village Administration,Stakeholder Group 1 (Mahasamund),Low,Negative,46,18,28,65
STK-0004944,LG-000896,Village Administration,Stakeholder Group 2 (Mahasamund),Low,Negative,33,13,20,81
STK-0004945,LG-000896,District Administration,Stakeholder Group 3 (Mahasamund),Low,Negative,28,11,17,89
STK-0004946,LG-000896,District Administration,Stakeholder Group 4 (Mahasamund),Low,Negative,17,6,11,70
STK-0004947,LG-000897,District Administration,Stakeholder Group 1 (Sant Kabir Nagar),High,Positive,11,9,2,16
STK-0004948,LG-000897,Local Authority,Stakeholder Group 2 (Sant Kabir Nagar),High,Positive,18,15,3,20
STK-0004949,LG-000897,Contractor,Stakeholder Group 3 (Sant Kabir Nagar),High,Positive,27,22,5,13
STK-0004950,LG-000897,Village Administration,Stakeholder Group 4 (Sant Kabir Nagar),High,Positive,33,28,5,9
STK-0004951,LG-000897,District Administration,Stakeholder Group 5 (Sant Kabir Nagar),High,Positive,48,40,8,17
STK-0004952,LG-000898,Village Administration,Stakeholder Group 1 (Fatehpur),High,Positive,22,18,4,12
STK-0004953,LG-000898,Landowner,Stakeholder Group 2 (Fatehpur),High,Positive,7,5,2,25
STK-0004954,LG-000898,Village Administration,Stakeholder Group 3 (Fatehpur),High,Positive,25,21,4,17
STK-0004955,LG-000898,Contractor,Stakeholder Group 4 (Fatehpur),High,Positive,33,28,5,8
STK-0004956,LG-000898,District Administration,Stakeholder Group 5 (Fatehpur),High,Positive,33,28,5,13
STK-0004957,LG-000898,Contractor,Stakeholder Group 6 (Fatehpur),High,Positive,39,33,6,16
STK-0004958,LG-000898,Landowner,Stakeholder Group 7 (Fatehpur),High,Positive,39,33,6,19
STK-0004959,LG-000899,District Administration,Stakeholder Group 1 (Chengalpattu),Low,Negative,21,8,13,76
STK-0004960,LG-000899,Local Authority,Stakeholder Group 2 (Chengalpattu),Low,Negative,9,3,6,46
STK-0004961,LG-000899,Local Authority,Stakeholder Group 3 (Chengalpattu),Low,Negative,47,18,29,79
STK-0004962,LG-000899,Contractor,Stakeholder Group 4 (Chengalpattu),Low,Negative,48,19,29,36
STK-0004963,LG-000899,Contractor,Stakeholder Group 5 (Chengalpattu),Low,Negative,38,15,23,78
STK-0004964,LG-000899,Contractor,Stakeholder Group 6 (Chengalpattu),Low,Negative,47,18,29,75
STK-0004965,LG-000899,Village Administration,Stakeholder Group 7 (Chengalpattu),Low,Negative,38,15,23,58
STK-0004966,LG-000900,Local Authority,Stakeholder Group 1 (Kushinagar),Low,Negative,27,10,17,54
STK-0004967,LG-000900,District Administration,Stakeholder Group 2 (Kushinagar),Low,Negative,8,3,5,65
STK-0004968,LG-000900,Local Authority,Stakeholder Group 3 (Kushinagar),Low,Negative,6,2,4,56
STK-0004969,LG-000900,Village Administration,Stakeholder Group 4 (Kushinagar),Low,Negative,41,16,25,74
STK-0004970,LG-000900,Landowner,Stakeholder Group 5 (Kushinagar),Low,Negative,25,10,15,47
STK-0004971,LG-000900,District Administration,Stakeholder Group 6 (Kushinagar),Low,Negative,39,15,24,32
STK-0004972,LG-000901,District Administration,Stakeholder Group 1 (Farrukhabad),Low,Negative,16,6,10,44
STK-0004973,LG-000901,Landowner,Stakeholder Group 2 (Farrukhabad),Low,Negative,9,3,6,90
STK-0004974,LG-000901,Local Authority,Stakeholder Group 3 (Farrukhabad),Low,Negative,39,15,24,41
STK-0004975,LG-000901,Contractor,Stakeholder Group 4 (Farrukhabad),Low,Negative,7,2,5,68
STK-0004976,LG-000901,Local Authority,Stakeholder Group 5 (Farrukhabad),Low,Negative,29,11,18,75
STK-0004977,LG-000901,Local Authority,Stakeholder Group 6 (Farrukhabad),Low,Negative,36,14,22,43
STK-0004978,LG-000902,Local Authority,Stakeholder Group 1 (Chhota Udaipur),High,Positive,26,22,4,15
STK-0004979,LG-000902,Local Authority,Stakeholder Group 2 (Chhota Udaipur),High,Positive,38,32,6,7
STK-0004980,LG-000902,Contractor,Stakeholder Group 3 (Chhota Udaipur),High,Positive,37,31,6,7
STK-0004981,LG-000902,Local Authority,Stakeholder Group 4 (Chhota Udaipur),High,Positive,11,9,2,14
STK-0004982,LG-000902,District Administration,Stakeholder Group 5 (Chhota Udaipur),High,Positive,37,31,6,12
STK-0004983,LG-000902,District Administration,Stakeholder Group 6 (Chhota Udaipur),High,Positive,16,13,3,22
STK-0004984,LG-000902,District Administration,Stakeholder Group 7 (Chhota Udaipur),High,Positive,39,33,6,5
STK-0004985,LG-000903,Local Authority,Stakeholder Group 1 (Mau),High,Positive,15,12,3,20
STK-0004986,LG-000903,Village Administration,Stakeholder Group 2 (Mau),High,Positive,37,31,6,18
STK-0004987,LG-000903,Village Administration,Stakeholder Group 3 (Mau),High,Positive,14,11,3,20
STK-0004988,LG-000903,District Administration,Stakeholder Group 4 (Mau),High,Positive,41,34,7,23
STK-0004989,LG-000904,Village Administration,Stakeholder Group 1 (Baran),High,Positive,7,5,2,5
STK-0004990,LG-000904,District Administration,Stakeholder Group 2 (Baran),High,Positive,11,9,2,14
STK-0004991,LG-000904,Contractor,Stakeholder Group 3 (Baran),High,Positive,38,32,6,20
STK-0004992,LG-000905,District Administration,Stakeholder Group 1 (Fatehpur),Low,Negative,16,6,10,77
STK-0004993,LG-000905,District Administration,Stakeholder Group 2 (Fatehpur),Low,Negative,24,9,15,65
STK-0004994,LG-000905,District Administration,Stakeholder Group 3 (Fatehpur),Low,Negative,19,7,12,38
STK-0004995,LG-000905,Contractor,Stakeholder Group 4 (Fatehpur),Low,Negative,44,17,27,59
STK-0004996,LG-000906,Village Administration,Stakeholder Group 1 (Meerut),Low,Negative,28,11,17,64
STK-0004997,LG-000906,District Administration,Stakeholder Group 2 (Meerut),Low,Negative,37,14,23,54
STK-0004998,LG-000906,Landowner,Stakeholder Group 3 (Meerut),Low,Negative,46,18,28,64
STK-0004999,LG-000906,Landowner,Stakeholder Group 4 (Meerut),Low,Negative,48,19,29,79
STK-0005000,LG-000906,District Administration,Stakeholder Group 5 (Meerut),Low,Negative,48,19,29,59
STK-0005001,LG-000906,Landowner,Stakeholder Group 6 (Meerut),Low,Negative,6,2,4,73
STK-0005002,LG-000906,Local Authority,Stakeholder Group 7 (Meerut),Low,Negative,5,2,3,31
STK-0005003,LG-000906,Village Administration,Stakeholder Group 8 (Meerut),Low,Negative,7,2,5,82
STK-0005004,LG-000907,Contractor,Stakeholder Group 1 (Chhatarpur),High,Positive,44,37,7,13
STK-0005005,LG-000907,District Administration,Stakeholder Group 2 (Chhatarpur),High,Positive,17,14,3,11
STK-0005006,LG-000907,Contractor,Stakeholder Group 3 (Chhatarpur),High,Positive,41,34,7,24
STK-0005007,LG-000907,Contractor,Stakeholder Group 4 (Chhatarpur),High,Positive,35,29,6,11
STK-0005008,LG-000907,Contractor,Stakeholder Group 5 (Chhatarpur),High,Positive,41,34,7,20
STK-0005009,LG-000908,Local Authority,Stakeholder Group 1 (Kishanganj),High,Positive,9,7,2,13
STK-0005010,LG-000908,Contractor,Stakeholder Group 2 (Kishanganj),High,Positive,34,28,6,9
STK-0005011,LG-000908,Local Authority,Stakeholder Group 3 (Kishanganj),High,Positive,12,10,2,6
STK-0005012,LG-000908,Contractor,Stakeholder Group 4 (Kishanganj),High,Positive,10,8,2,16
STK-0005013,LG-000908,Local Authority,Stakeholder Group 5 (Kishanganj),High,Positive,8,6,2,16
STK-0005014,LG-000908,Contractor,Stakeholder Group 6 (Kishanganj),High,Positive,28,23,5,11
STK-0005015,LG-000908,Local Authority,Stakeholder Group 7 (Kishanganj),High,Positive,30,25,5,24
STK-0005016,LG-000909,Contractor,Stakeholder Group 1 (Panipat),Low,Negative,19,7,12,48
STK-0005017,LG-000909,Landowner,Stakeholder Group 2 (Panipat),Low,Negative,31,12,19,46
STK-0005018,LG-000909,Contractor,Stakeholder Group 3 (Panipat),Low,Negative,47,18,29,36
STK-0005019,LG-000910,Village Administration,Stakeholder Group 1 (Dhule),High,Positive,50,42,8,13
STK-0005020,LG-000910,Contractor,Stakeholder Group 2 (Dhule),High,Positive,33,28,5,13
STK-0005021,LG-000910,Village Administration,Stakeholder Group 3 (Dhule),High,Positive,26,22,4,15
STK-0005022,LG-000910,District Administration,Stakeholder Group 4 (Dhule),High,Positive,8,6,2,9
STK-0005023,LG-000910,District Administration,Stakeholder Group 5 (Dhule),High,Positive,6,5,1,5
STK-0005024,LG-000910,District Administration,Stakeholder Group 6 (Dhule),High,Positive,17,14,3,6
STK-0005025,LG-000910,District Administration,Stakeholder Group 7 (Dhule),High,Positive,5,4,1,18
STK-0005026,LG-000910,Landowner,Stakeholder Group 8 (Dhule),High,Positive,36,30,6,13
STK-0005027,LG-000911,District Administration,Stakeholder Group 1 (Ghaziabad),Low,Negative,32,12,20,65
STK-0005028,LG-000911,Village Administration,Stakeholder Group 2 (Ghaziabad),Low,Negative,41,16,25,79
STK-0005029,LG-000911,Village Administration,Stakeholder Group 3 (Ghaziabad),Low,Negative,24,9,15,89
STK-0005030,LG-000911,Contractor,Stakeholder Group 4 (Ghaziabad),Low,Negative,22,8,14,76
STK-0005031,LG-000911,Contractor,Stakeholder Group 5 (Ghaziabad),Low,Negative,8,3,5,58
STK-0005032,LG-000912,Village Administration,Stakeholder Group 1 (Kasganj),Low,Negative,36,14,22,41
STK-0005033,LG-000912,District Administration,Stakeholder Group 2 (Kasganj),Low,Negative,20,8,12,58
STK-0005034,LG-000912,Local Authority,Stakeholder Group 3 (Kasganj),Low,Negative,9,3,6,68
STK-0005035,LG-000912,District Administration,Stakeholder Group 4 (Kasganj),Low,Negative,37,14,23,45
STK-0005036,LG-000912,Village Administration,Stakeholder Group 5 (Kasganj),Low,Negative,14,5,9,64
STK-0005037,LG-000913,Local Authority,Stakeholder Group 1 (Guntur),High,Positive,37,31,6,16
STK-0005038,LG-000913,Landowner,Stakeholder Group 2 (Guntur),High,Positive,33,28,5,7
STK-0005039,LG-000913,Landowner,Stakeholder Group 3 (Guntur),High,Positive,23,19,4,19
STK-0005040,LG-000913,District Administration,Stakeholder Group 4 (Guntur),High,Positive,22,18,4,8
STK-0005041,LG-000913,Village Administration,Stakeholder Group 5 (Guntur),High,Positive,13,11,2,22
STK-0005042,LG-000913,Landowner,Stakeholder Group 6 (Guntur),High,Positive,30,25,5,5
STK-0005043,LG-000914,Local Authority,Stakeholder Group 1 (Puri),High,Positive,47,39,8,15
STK-0005044,LG-000914,District Administration,Stakeholder Group 2 (Puri),High,Positive,39,33,6,11
STK-0005045,LG-000914,Local Authority,Stakeholder Group 3 (Puri),High,Positive,7,5,2,23
STK-0005046,LG-000914,Landowner,Stakeholder Group 4 (Puri),High,Positive,43,36,7,22
STK-0005047,LG-000914,Local Authority,Stakeholder Group 5 (Puri),High,Positive,18,15,3,19
STK-0005048,LG-000914,Contractor,Stakeholder Group 6 (Puri),High,Positive,47,39,8,14
STK-0005049,LG-000914,District Administration,Stakeholder Group 7 (Puri),High,Positive,16,13,3,24
STK-0005050,LG-000914,District Administration,Stakeholder Group 8 (Puri),High,Positive,9,7,2,14
STK-0005051,LG-000915,District Administration,Stakeholder Group 1 (Amravati),Low,Negative,29,11,18,68
STK-0005052,LG-000915,Landowner,Stakeholder Group 2 (Amravati),Low,Negative,12,4,8,90
STK-0005053,LG-000915,Local Authority,Stakeholder Group 3 (Amravati),Low,Negative,43,17,26,67
STK-0005054,LG-000915,Local Authority,Stakeholder Group 4 (Amravati),Low,Negative,31,12,19,66
STK-0005055,LG-000915,Local Authority,Stakeholder Group 5 (Amravati),Low,Negative,12,4,8,43
STK-0005056,LG-000915,District Administration,Stakeholder Group 6 (Amravati),Low,Negative,20,8,12,50
STK-0005057,LG-000915,Village Administration,Stakeholder Group 7 (Amravati),Low,Negative,12,4,8,57
STK-0005058,LG-000916,Village Administration,Stakeholder Group 1 (Jind),High,Positive,12,10,2,20
STK-0005059,LG-000916,District Administration,Stakeholder Group 2 (Jind),High,Positive,45,38,7,16
STK-0005060,LG-000916,Landowner,Stakeholder Group 3 (Jind),High,Positive,46,39,7,14
STK-0005061,LG-000916,Contractor,Stakeholder Group 4 (Jind),High,Positive,40,34,6,20
STK-0005062,LG-000916,Local Authority,Stakeholder Group 5 (Jind),High,Positive,27,22,5,8
STK-0005063,LG-000916,Contractor,Stakeholder Group 6 (Jind),High,Positive,22,18,4,5
STK-0005064,LG-000917,Landowner,Stakeholder Group 1 (Nawada),High,Positive,23,19,4,6
STK-0005065,LG-000917,District Administration,Stakeholder Group 2 (Nawada),High,Positive,47,39,8,11
STK-0005066,LG-000917,Contractor,Stakeholder Group 3 (Nawada),High,Positive,13,11,2,20
STK-0005067,LG-000917,Local Authority,Stakeholder Group 4 (Nawada),High,Positive,45,38,7,25
STK-0005068,LG-000917,Landowner,Stakeholder Group 5 (Nawada),High,Positive,38,32,6,9
STK-0005069,LG-000917,District Administration,Stakeholder Group 6 (Nawada),High,Positive,7,5,2,9
STK-0005070,LG-000917,Contractor,Stakeholder Group 7 (Nawada),High,Positive,23,19,4,23
STK-0005071,LG-000918,District Administration,Stakeholder Group 1 (Harda),High,Positive,15,12,3,7
STK-0005072,LG-000918,Contractor,Stakeholder Group 2 (Harda),High,Positive,44,37,7,12
STK-0005073,LG-000918,Village Administration,Stakeholder Group 3 (Harda),High,Positive,33,28,5,11
STK-0005074,LG-000918,District Administration,Stakeholder Group 4 (Harda),High,Positive,25,21,4,5
STK-0005075,LG-000918,Local Authority,Stakeholder Group 5 (Harda),High,Positive,50,42,8,21
STK-0005076,LG-000918,Landowner,Stakeholder Group 6 (Harda),High,Positive,37,31,6,9
STK-0005077,LG-000919,Contractor,Stakeholder Group 1 (Siddharthnagar),Low,Negative,29,11,18,34
STK-0005078,LG-000919,District Administration,Stakeholder Group 2 (Siddharthnagar),Low,Negative,11,4,7,65
STK-0005079,LG-000919,Local Authority,Stakeholder Group 3 (Siddharthnagar),Low,Negative,20,8,12,59
STK-0005080,LG-000920,Village Administration,Stakeholder Group 1 (Datia),High,Positive,9,7,2,22
STK-0005081,LG-000920,Landowner,Stakeholder Group 2 (Datia),High,Positive,8,6,2,6
STK-0005082,LG-000920,District Administration,Stakeholder Group 3 (Datia),High,Positive,36,30,6,14
STK-0005083,LG-000921,Local Authority,Stakeholder Group 1 (Faridkot),High,Positive,24,20,4,7
STK-0005084,LG-000921,Village Administration,Stakeholder Group 2 (Faridkot),High,Positive,18,15,3,11
STK-0005085,LG-000921,Local Authority,Stakeholder Group 3 (Faridkot),High,Positive,45,38,7,8
STK-0005086,LG-000921,District Administration,Stakeholder Group 4 (Faridkot),High,Positive,28,23,5,24
STK-0005087,LG-000921,Village Administration,Stakeholder Group 5 (Faridkot),High,Positive,43,36,7,25
STK-0005088,LG-000921,District Administration,Stakeholder Group 6 (Faridkot),High,Positive,41,34,7,22
STK-0005089,LG-000922,Landowner,Stakeholder Group 1 (Medchal-Malkajgiri),Low,Negative,36,14,22,53
STK-0005090,LG-000922,District Administration,Stakeholder Group 2 (Medchal-Malkajgiri),Low,Negative,41,16,25,62
STK-0005091,LG-000922,Village Administration,Stakeholder Group 3 (Medchal-Malkajgiri),Low,Negative,26,10,16,84
STK-0005092,LG-000922,District Administration,Stakeholder Group 4 (Medchal-Malkajgiri),Low,Negative,26,10,16,34
STK-0005093,LG-000922,District Administration,Stakeholder Group 5 (Medchal-Malkajgiri),Low,Negative,34,13,21,65
STK-0005094,LG-000922,District Administration,Stakeholder Group 6 (Medchal-Malkajgiri),Low,Negative,48,19,29,54
STK-0005095,LG-000922,Local Authority,Stakeholder Group 7 (Medchal-Malkajgiri),Low,Negative,32,12,20,63
STK-0005096,LG-000922,Contractor,Stakeholder Group 8 (Medchal-Malkajgiri),Low,Negative,38,15,23,55
STK-0005097,LG-000923,Local Authority,Stakeholder Group 1 (Neemuch),High,Positive,48,40,8,9
STK-0005098,LG-000923,Contractor,Stakeholder Group 2 (Neemuch),High,Positive,37,31,6,6
STK-0005099,LG-000923,Landowner,Stakeholder Group 3 (Neemuch),High,Positive,23,19,4,8
STK-0005100,LG-000923,Local Authority,Stakeholder Group 4 (Neemuch),High,Positive,16,13,3,7
STK-0005101,LG-000923,District Administration,Stakeholder Group 5 (Neemuch),High,Positive,47,39,8,12
STK-0005102,LG-000923,Village Administration,Stakeholder Group 6 (Neemuch),High,Positive,39,33,6,13
STK-0005103,LG-000924,Village Administration,Stakeholder Group 1 (Jalpaiguri),Low,Negative,9,3,6,50
STK-0005104,LG-000924,District Administration,Stakeholder Group 2 (Jalpaiguri),Low,Negative,10,4,6,31
STK-0005105,LG-000924,Landowner,Stakeholder Group 3 (Jalpaiguri),Low,Negative,38,15,23,62
STK-0005106,LG-000924,Local Authority,Stakeholder Group 4 (Jalpaiguri),Low,Negative,11,4,7,65
STK-0005107,LG-000924,Contractor,Stakeholder Group 5 (Jalpaiguri),Low,Negative,6,2,4,73
STK-0005108,LG-000925,Landowner,Stakeholder Group 1 (Haridwar),High,Positive,31,26,5,15
STK-0005109,LG-000925,Village Administration,Stakeholder Group 2 (Haridwar),High,Positive,36,30,6,13
STK-0005110,LG-000925,Village Administration,Stakeholder Group 3 (Haridwar),High,Positive,8,6,2,16
STK-0005111,LG-000925,Landowner,Stakeholder Group 4 (Haridwar),High,Positive,10,8,2,25
STK-0005112,LG-000926,Local Authority,Stakeholder Group 1 (Ranchi),High,Positive,10,8,2,22
STK-0005113,LG-000926,Local Authority,Stakeholder Group 2 (Ranchi),High,Positive,31,26,5,24
STK-0005114,LG-000926,Landowner,Stakeholder Group 3 (Ranchi),High,Positive,46,39,7,19
STK-0005115,LG-000926,Landowner,Stakeholder Group 4 (Ranchi),High,Positive,17,14,3,24
STK-0005116,LG-000927,Village Administration,Stakeholder Group 1 (Jajpur),High,Positive,10,8,2,18
STK-0005117,LG-000927,Contractor,Stakeholder Group 2 (Jajpur),High,Positive,34,28,6,12
STK-0005118,LG-000927,District Administration,Stakeholder Group 3 (Jajpur),High,Positive,34,28,6,10
STK-0005119,LG-000927,Local Authority,Stakeholder Group 4 (Jajpur),High,Positive,14,11,3,24
STK-0005120,LG-000928,Local Authority,Stakeholder Group 1 (Anuppur),Low,Negative,32,12,20,88
STK-0005121,LG-000928,Local Authority,Stakeholder Group 2 (Anuppur),Low,Negative,21,8,13,41
STK-0005122,LG-000928,District Administration,Stakeholder Group 3 (Anuppur),Low,Negative,37,14,23,41
STK-0005123,LG-000928,Village Administration,Stakeholder Group 4 (Anuppur),Low,Negative,42,16,26,73
STK-0005124,LG-000928,Village Administration,Stakeholder Group 5 (Anuppur),Low,Negative,12,4,8,34
STK-0005125,LG-000929,District Administration,Stakeholder Group 1 (Uttara Kannada),High,Positive,5,4,1,9
STK-0005126,LG-000929,District Administration,Stakeholder Group 2 (Uttara Kannada),High,Positive,32,27,5,10
STK-0005127,LG-000929,Local Authority,Stakeholder Group 3 (Uttara Kannada),High,Positive,46,39,7,19
STK-0005128,LG-000929,Contractor,Stakeholder Group 4 (Uttara Kannada),High,Positive,45,38,7,7
STK-0005129,LG-000929,District Administration,Stakeholder Group 5 (Uttara Kannada),High,Positive,44,37,7,21
STK-0005130,LG-000929,Contractor,Stakeholder Group 6 (Uttara Kannada),High,Positive,5,4,1,19
STK-0005131,LG-000930,Local Authority,Stakeholder Group 1 (Siang),High,Positive,28,23,5,22
STK-0005132,LG-000930,Village Administration,Stakeholder Group 2 (Siang),High,Positive,14,11,3,6
STK-0005133,LG-000930,Local Authority,Stakeholder Group 3 (Siang),High,Positive,16,13,3,21
STK-0005134,LG-000930,District Administration,Stakeholder Group 4 (Siang),High,Positive,29,24,5,22
STK-0005135,LG-000930,District Administration,Stakeholder Group 5 (Siang),High,Positive,32,27,5,23
STK-0005136,LG-000931,District Administration,Stakeholder Group 1 (Didwana-Kuchaman),Low,Negative,19,7,12,88
STK-0005137,LG-000931,Local Authority,Stakeholder Group 2 (Didwana-Kuchaman),Low,Negative,37,14,23,64
STK-0005138,LG-000931,Landowner,Stakeholder Group 3 (Didwana-Kuchaman),Low,Negative,26,10,16,61
STK-0005139,LG-000931,Local Authority,Stakeholder Group 4 (Didwana-Kuchaman),Low,Negative,23,9,14,40
STK-0005140,LG-000931,Contractor,Stakeholder Group 5 (Didwana-Kuchaman),Low,Negative,38,15,23,38
STK-0005141,LG-000931,Local Authority,Stakeholder Group 6 (Didwana-Kuchaman),Low,Negative,35,14,21,55
STK-0005142,LG-000931,Contractor,Stakeholder Group 7 (Didwana-Kuchaman),Low,Negative,48,19,29,65
STK-0005143,LG-000931,Contractor,Stakeholder Group 8 (Didwana-Kuchaman),Low,Negative,37,14,23,79
STK-0005144,LG-000932,Landowner,Stakeholder Group 1 (Kendujhar),High,Positive,41,34,7,14
STK-0005145,LG-000932,Village Administration,Stakeholder Group 2 (Kendujhar),High,Positive,25,21,4,13
STK-0005146,LG-000932,Contractor,Stakeholder Group 3 (Kendujhar),High,Positive,50,42,8,24
STK-0005147,LG-000932,Landowner,Stakeholder Group 4 (Kendujhar),High,Positive,22,18,4,22
STK-0005148,LG-000932,Local Authority,Stakeholder Group 5 (Kendujhar),High,Positive,28,23,5,16
STK-0005149,LG-000932,District Administration,Stakeholder Group 6 (Kendujhar),High,Positive,5,4,1,8
STK-0005150,LG-000932,Landowner,Stakeholder Group 7 (Kendujhar),High,Positive,17,14,3,23
STK-0005151,LG-000932,District Administration,Stakeholder Group 8 (Kendujhar),High,Positive,16,13,3,9
STK-0005152,LG-000933,District Administration,Stakeholder Group 1 (Charaideo),High,Positive,8,6,2,6
STK-0005153,LG-000933,Local Authority,Stakeholder Group 2 (Charaideo),High,Positive,16,13,3,12
STK-0005154,LG-000933,Village Administration,Stakeholder Group 3 (Charaideo),High,Positive,41,34,7,15
STK-0005155,LG-000933,Local Authority,Stakeholder Group 4 (Charaideo),High,Positive,11,9,2,14
STK-0005156,LG-000933,Village Administration,Stakeholder Group 5 (Charaideo),High,Positive,12,10,2,9
STK-0005157,LG-000933,Village Administration,Stakeholder Group 6 (Charaideo),High,Positive,43,36,7,9
STK-0005158,LG-000934,Landowner,Stakeholder Group 1 (Mysuru),High,Positive,25,21,4,25
STK-0005159,LG-000934,Landowner,Stakeholder Group 2 (Mysuru),High,Positive,47,39,8,12
STK-0005160,LG-000934,District Administration,Stakeholder Group 3 (Mysuru),High,Positive,28,23,5,16
STK-0005161,LG-000934,Landowner,Stakeholder Group 4 (Mysuru),High,Positive,10,8,2,9
STK-0005162,LG-000934,Village Administration,Stakeholder Group 5 (Mysuru),High,Positive,16,13,3,20
STK-0005163,LG-000934,District Administration,Stakeholder Group 6 (Mysuru),High,Positive,37,31,6,16
STK-0005164,LG-000934,Landowner,Stakeholder Group 7 (Mysuru),High,Positive,48,40,8,25
STK-0005165,LG-000934,Contractor,Stakeholder Group 8 (Mysuru),High,Positive,13,11,2,15
STK-0005166,LG-000935,Landowner,Stakeholder Group 1 (Pilibhit),Low,Negative,14,5,9,39
STK-0005167,LG-000935,Local Authority,Stakeholder Group 2 (Pilibhit),Low,Negative,23,9,14,49
STK-0005168,LG-000935,Local Authority,Stakeholder Group 3 (Pilibhit),Low,Negative,27,10,17,59
STK-0005169,LG-000935,Landowner,Stakeholder Group 4 (Pilibhit),Low,Negative,7,2,5,48
STK-0005170,LG-000935,District Administration,Stakeholder Group 5 (Pilibhit),Low,Negative,34,13,21,31
STK-0005171,LG-000935,Local Authority,Stakeholder Group 6 (Pilibhit),Low,Negative,35,14,21,77
STK-0005172,LG-000936,Landowner,Stakeholder Group 1 (Dumka),High,Positive,9,7,2,15
STK-0005173,LG-000936,District Administration,Stakeholder Group 2 (Dumka),High,Positive,9,7,2,7
STK-0005174,LG-000936,Landowner,Stakeholder Group 3 (Dumka),High,Positive,18,15,3,12
STK-0005175,LG-000936,Contractor,Stakeholder Group 4 (Dumka),High,Positive,27,22,5,20
STK-0005176,LG-000936,District Administration,Stakeholder Group 5 (Dumka),High,Positive,38,32,6,10
STK-0005177,LG-000936,Local Authority,Stakeholder Group 6 (Dumka),High,Positive,23,19,4,13
STK-0005178,LG-000937,Landowner,Stakeholder Group 1 (Bijapur),High,Positive,35,29,6,11
STK-0005179,LG-000937,Village Administration,Stakeholder Group 2 (Bijapur),High,Positive,13,11,2,20
STK-0005180,LG-000937,Landowner,Stakeholder Group 3 (Bijapur),High,Positive,47,39,8,22
STK-0005181,LG-000937,District Administration,Stakeholder Group 4 (Bijapur),High,Positive,45,38,7,7
STK-0005182,LG-000937,Contractor,Stakeholder Group 5 (Bijapur),High,Positive,43,36,7,25
STK-0005183,LG-000938,Village Administration,Stakeholder Group 1 (Bhadrak),Low,Negative,6,2,4,43
STK-0005184,LG-000938,Landowner,Stakeholder Group 2 (Bhadrak),Low,Negative,50,20,30,45
STK-0005185,LG-000938,Contractor,Stakeholder Group 3 (Bhadrak),Low,Negative,26,10,16,52
STK-0005186,LG-000938,Landowner,Stakeholder Group 4 (Bhadrak),Low,Negative,25,10,15,90
STK-0005187,LG-000938,Village Administration,Stakeholder Group 5 (Bhadrak),Low,Negative,21,8,13,62
STK-0005188,LG-000938,Local Authority,Stakeholder Group 6 (Bhadrak),Low,Negative,32,12,20,79
STK-0005189,LG-000938,Local Authority,Stakeholder Group 7 (Bhadrak),Low,Negative,36,14,22,87
STK-0005190,LG-000938,Landowner,Stakeholder Group 8 (Bhadrak),Low,Negative,28,11,17,57
STK-0005191,LG-000939,Contractor,Stakeholder Group 1 (South Delhi),High,Positive,12,10,2,12
STK-0005192,LG-000939,District Administration,Stakeholder Group 2 (South Delhi),High,Positive,12,10,2,25
STK-0005193,LG-000939,Contractor,Stakeholder Group 3 (South Delhi),High,Positive,39,33,6,10
STK-0005194,LG-000939,Landowner,Stakeholder Group 4 (South Delhi),High,Positive,30,25,5,17
STK-0005195,LG-000940,Local Authority,Stakeholder Group 1 (Giridih),High,Positive,22,18,4,12
STK-0005196,LG-000940,Village Administration,Stakeholder Group 2 (Giridih),High,Positive,26,22,4,12
STK-0005197,LG-000940,Landowner,Stakeholder Group 3 (Giridih),High,Positive,29,24,5,13
STK-0005198,LG-000941,Local Authority,Stakeholder Group 1 (Tirunelveli),Low,Negative,18,7,11,86
STK-0005199,LG-000941,District Administration,Stakeholder Group 2 (Tirunelveli),Low,Negative,24,9,15,70
STK-0005200,LG-000941,Landowner,Stakeholder Group 3 (Tirunelveli),Low,Negative,25,10,15,48
STK-0005201,LG-000941,Village Administration,Stakeholder Group 4 (Tirunelveli),Low,Negative,30,12,18,43
STK-0005202,LG-000941,Local Authority,Stakeholder Group 5 (Tirunelveli),Low,Negative,34,13,21,60
STK-0005203,LG-000941,Contractor,Stakeholder Group 6 (Tirunelveli),Low,Negative,41,16,25,65
STK-0005204,LG-000941,Village Administration,Stakeholder Group 7 (Tirunelveli),Low,Negative,30,12,18,63
STK-0005205,LG-000941,District Administration,Stakeholder Group 8 (Tirunelveli),Low,Negative,21,8,13,85
STK-0005206,LG-000942,Contractor,Stakeholder Group 1 (Balrampur),Low,Negative,35,14,21,79
STK-0005207,LG-000942,District Administration,Stakeholder Group 2 (Balrampur),Low,Negative,36,14,22,36
STK-0005208,LG-000942,Contractor,Stakeholder Group 3 (Balrampur),Low,Negative,43,17,26,88
STK-0005209,LG-000943,District Administration,Stakeholder Group 1 (Deoghar),Low,Negative,7,2,5,90
STK-0005210,LG-000943,Landowner,Stakeholder Group 2 (Deoghar),Low,Negative,5,2,3,64
STK-0005211,LG-000943,Landowner,Stakeholder Group 3 (Deoghar),Low,Negative,5,2,3,70
STK-0005212,LG-000943,Village Administration,Stakeholder Group 4 (Deoghar),Low,Negative,37,14,23,89
STK-0005213,LG-000943,Village Administration,Stakeholder Group 5 (Deoghar),Low,Negative,14,5,9,46
STK-0005214,LG-000943,Contractor,Stakeholder Group 6 (Deoghar),Low,Negative,30,12,18,82
STK-0005215,LG-000943,Local Authority,Stakeholder Group 7 (Deoghar),Low,Negative,46,18,28,54
STK-0005216,LG-000943,Village Administration,Stakeholder Group 8 (Deoghar),Low,Negative,21,8,13,36
STK-0005217,LG-000944,District Administration,Stakeholder Group 1 (Aligarh),Low,Negative,27,10,17,44
STK-0005218,LG-000944,Landowner,Stakeholder Group 2 (Aligarh),Low,Negative,37,14,23,70
STK-0005219,LG-000944,Landowner,Stakeholder Group 3 (Aligarh),Low,Negative,9,3,6,70
STK-0005220,LG-000944,Contractor,Stakeholder Group 4 (Aligarh),Low,Negative,37,14,23,80
STK-0005221,LG-000944,District Administration,Stakeholder Group 5 (Aligarh),Low,Negative,16,6,10,31
STK-0005222,LG-000944,District Administration,Stakeholder Group 6 (Aligarh),Low,Negative,8,3,5,75
STK-0005223,LG-000945,Village Administration,Stakeholder Group 1 (Panna),High,Positive,36,30,6,7
STK-0005224,LG-000945,Village Administration,Stakeholder Group 2 (Panna),High,Positive,46,39,7,8
STK-0005225,LG-000945,Landowner,Stakeholder Group 3 (Panna),High,Positive,38,32,6,25
STK-0005226,LG-000945,District Administration,Stakeholder Group 4 (Panna),High,Positive,17,14,3,18
STK-0005227,LG-000946,Landowner,Stakeholder Group 1 (Ariyalur),Low,Negative,22,8,14,82
STK-0005228,LG-000946,Contractor,Stakeholder Group 2 (Ariyalur),Low,Negative,27,10,17,80
STK-0005229,LG-000946,District Administration,Stakeholder Group 3 (Ariyalur),Low,Negative,32,12,20,37
STK-0005230,LG-000946,Landowner,Stakeholder Group 4 (Ariyalur),Low,Negative,9,3,6,90
STK-0005231,LG-000946,Landowner,Stakeholder Group 5 (Ariyalur),Low,Negative,27,10,17,69
STK-0005232,LG-000947,Contractor,Stakeholder Group 1 (Chengalpattu),Low,Negative,43,17,26,86
STK-0005233,LG-000947,District Administration,Stakeholder Group 2 (Chengalpattu),Low,Negative,22,8,14,86
STK-0005234,LG-000947,Contractor,Stakeholder Group 3 (Chengalpattu),Low,Negative,45,18,27,44
STK-0005235,LG-000947,District Administration,Stakeholder Group 4 (Chengalpattu),Low,Negative,16,6,10,84
STK-0005236,LG-000947,Village Administration,Stakeholder Group 5 (Chengalpattu),Low,Negative,48,19,29,48
STK-0005237,LG-000947,District Administration,Stakeholder Group 6 (Chengalpattu),Low,Negative,10,4,6,77
STK-0005238,LG-000947,Village Administration,Stakeholder Group 7 (Chengalpattu),Low,Negative,15,6,9,39
STK-0005239,LG-000948,Local Authority,Stakeholder Group 1 (Alwar),Low,Negative,9,3,6,48
STK-0005240,LG-000948,Landowner,Stakeholder Group 2 (Alwar),Low,Negative,19,7,12,79
STK-0005241,LG-000948,Village Administration,Stakeholder Group 3 (Alwar),Low,Negative,43,17,26,73
STK-0005242,LG-000948,District Administration,Stakeholder Group 4 (Alwar),Low,Negative,50,20,30,76
STK-0005243,LG-000948,District Administration,Stakeholder Group 5 (Alwar),Low,Negative,19,7,12,41
STK-0005244,LG-000949,Village Administration,Stakeholder Group 1 (Banka),High,Positive,45,38,7,7
STK-0005245,LG-000949,Contractor,Stakeholder Group 2 (Banka),High,Positive,9,7,2,11
STK-0005246,LG-000949,Local Authority,Stakeholder Group 3 (Banka),High,Positive,36,30,6,13
STK-0005247,LG-000950,District Administration,Stakeholder Group 1 (Hardoi),High,Positive,34,28,6,8
STK-0005248,LG-000950,Local Authority,Stakeholder Group 2 (Hardoi),High,Positive,31,26,5,7
STK-0005249,LG-000950,Village Administration,Stakeholder Group 3 (Hardoi),High,Positive,32,27,5,9
STK-0005250,LG-000950,Local Authority,Stakeholder Group 4 (Hardoi),High,Positive,27,22,5,20
STK-0005251,LG-000950,Contractor,Stakeholder Group 5 (Hardoi),High,Positive,37,31,6,14
STK-0005252,LG-000950,Village Administration,Stakeholder Group 6 (Hardoi),High,Positive,24,20,4,15
STK-0005253,LG-000951,Local Authority,Stakeholder Group 1 (Chhindwara),Low,Negative,37,14,23,77
STK-0005254,LG-000951,Contractor,Stakeholder Group 2 (Chhindwara),Low,Negative,49,19,30,83
STK-0005255,LG-000951,Village Administration,Stakeholder Group 3 (Chhindwara),Low,Negative,45,18,27,82
STK-0005256,LG-000952,District Administration,Stakeholder Group 1 (Chhota Udaipur),High,Positive,8,6,2,24
STK-0005257,LG-000952,District Administration,Stakeholder Group 2 (Chhota Udaipur),High,Positive,21,17,4,5
STK-0005258,LG-000952,Landowner,Stakeholder Group 3 (Chhota Udaipur),High,Positive,47,39,8,8
STK-0005259,LG-000952,District Administration,Stakeholder Group 4 (Chhota Udaipur),High,Positive,25,21,4,6
STK-0005260,LG-000952,Village Administration,Stakeholder Group 5 (Chhota Udaipur),High,Positive,13,11,2,6
STK-0005261,LG-000952,Landowner,Stakeholder Group 6 (Chhota Udaipur),High,Positive,26,22,4,15
STK-0005262,LG-000952,Landowner,Stakeholder Group 7 (Chhota Udaipur),High,Positive,50,42,8,14
STK-0005263,LG-000953,District Administration,Stakeholder Group 1 (West Kameng),High,Positive,43,36,7,23
STK-0005264,LG-000953,District Administration,Stakeholder Group 2 (West Kameng),High,Positive,11,9,2,15
STK-0005265,LG-000953,Landowner,Stakeholder Group 3 (West Kameng),High,Positive,21,17,4,13
STK-0005266,LG-000954,Village Administration,Stakeholder Group 1 (Sawai Madhopur),Low,Negative,19,7,12,66
STK-0005267,LG-000954,Local Authority,Stakeholder Group 2 (Sawai Madhopur),Low,Negative,28,11,17,47
STK-0005268,LG-000954,Village Administration,Stakeholder Group 3 (Sawai Madhopur),Low,Negative,5,2,3,45
STK-0005269,LG-000954,Local Authority,Stakeholder Group 4 (Sawai Madhopur),Low,Negative,47,18,29,45
STK-0005270,LG-000954,Village Administration,Stakeholder Group 5 (Sawai Madhopur),Low,Negative,24,9,15,52
STK-0005271,LG-000954,Landowner,Stakeholder Group 6 (Sawai Madhopur),Low,Negative,39,15,24,64
STK-0005272,LG-000954,Contractor,Stakeholder Group 7 (Sawai Madhopur),Low,Negative,7,2,5,82
STK-0005273,LG-000954,Contractor,Stakeholder Group 8 (Sawai Madhopur),Low,Negative,39,15,24,35
STK-0005274,LG-000955,Landowner,Stakeholder Group 1 (Tiruvannamalai),Low,Negative,14,5,9,69
STK-0005275,LG-000955,Landowner,Stakeholder Group 2 (Tiruvannamalai),Low,Negative,10,4,6,73
STK-0005276,LG-000955,Village Administration,Stakeholder Group 3 (Tiruvannamalai),Low,Negative,16,6,10,38
STK-0005277,LG-000955,Local Authority,Stakeholder Group 4 (Tiruvannamalai),Low,Negative,20,8,12,46
STK-0005278,LG-000955,Contractor,Stakeholder Group 5 (Tiruvannamalai),Low,Negative,46,18,28,55
STK-0005279,LG-000956,Local Authority,Stakeholder Group 1 (Visakhapatnam),High,Positive,43,36,7,9
STK-0005280,LG-000956,District Administration,Stakeholder Group 2 (Visakhapatnam),High,Positive,13,11,2,21
STK-0005281,LG-000956,District Administration,Stakeholder Group 3 (Visakhapatnam),High,Positive,40,34,6,13
STK-0005282,LG-000957,District Administration,Stakeholder Group 1 (Rayagada),Low,Negative,37,14,23,58
STK-0005283,LG-000957,District Administration,Stakeholder Group 2 (Rayagada),Low,Negative,45,18,27,86
STK-0005284,LG-000957,Local Authority,Stakeholder Group 3 (Rayagada),Low,Negative,33,13,20,79
STK-0005285,LG-000957,Landowner,Stakeholder Group 4 (Rayagada),Low,Negative,17,6,11,49
STK-0005286,LG-000957,Village Administration,Stakeholder Group 5 (Rayagada),Low,Negative,45,18,27,38
STK-0005287,LG-000958,District Administration,Stakeholder Group 1 (Palwal),High,Positive,31,26,5,10
STK-0005288,LG-000958,District Administration,Stakeholder Group 2 (Palwal),High,Positive,47,39,8,7
STK-0005289,LG-000958,Local Authority,Stakeholder Group 3 (Palwal),High,Positive,31,26,5,12
STK-0005290,LG-000958,Village Administration,Stakeholder Group 4 (Palwal),High,Positive,14,11,3,20
STK-0005291,LG-000958,Village Administration,Stakeholder Group 5 (Palwal),High,Positive,7,5,2,13
STK-0005292,LG-000959,Contractor,Stakeholder Group 1 (Kanyakumari),High,Positive,5,4,1,17
STK-0005293,LG-000959,Landowner,Stakeholder Group 2 (Kanyakumari),High,Positive,50,42,8,12
STK-0005294,LG-000959,Contractor,Stakeholder Group 3 (Kanyakumari),High,Positive,17,14,3,18
STK-0005295,LG-000959,Village Administration,Stakeholder Group 4 (Kanyakumari),High,Positive,11,9,2,12
STK-0005296,LG-000959,District Administration,Stakeholder Group 5 (Kanyakumari),High,Positive,44,37,7,6
STK-0005297,LG-000959,Landowner,Stakeholder Group 6 (Kanyakumari),High,Positive,13,11,2,19
STK-0005298,LG-000960,Village Administration,Stakeholder Group 1 (Surajpur),Low,Negative,37,14,23,73
STK-0005299,LG-000960,Contractor,Stakeholder Group 2 (Surajpur),Low,Negative,43,17,26,69
STK-0005300,LG-000960,District Administration,Stakeholder Group 3 (Surajpur),Low,Negative,26,10,16,57
STK-0005301,LG-000960,Contractor,Stakeholder Group 4 (Surajpur),Low,Negative,6,2,4,87
STK-0005302,LG-000960,Contractor,Stakeholder Group 5 (Surajpur),Low,Negative,23,9,14,84
STK-0005303,LG-000960,Contractor,Stakeholder Group 6 (Surajpur),Low,Negative,17,6,11,51
STK-0005304,LG-000960,Contractor,Stakeholder Group 7 (Surajpur),Low,Negative,25,10,15,75
STK-0005305,LG-000961,Local Authority,Stakeholder Group 1 (Jayashankar Bhupalpally),High,Positive,44,37,7,25
STK-0005306,LG-000961,Landowner,Stakeholder Group 2 (Jayashankar Bhupalpally),High,Positive,37,31,6,15
STK-0005307,LG-000961,Village Administration,Stakeholder Group 3 (Jayashankar Bhupalpally),High,Positive,43,36,7,15
STK-0005308,LG-000961,Landowner,Stakeholder Group 4 (Jayashankar Bhupalpally),High,Positive,38,32,6,5
STK-0005309,LG-000961,Local Authority,Stakeholder Group 5 (Jayashankar Bhupalpally),High,Positive,38,32,6,18
STK-0005310,LG-000962,Village Administration,Stakeholder Group 1 (Shahdol),High,Positive,22,18,4,21
STK-0005311,LG-000962,Contractor,Stakeholder Group 2 (Shahdol),High,Positive,27,22,5,16
STK-0005312,LG-000962,Landowner,Stakeholder Group 3 (Shahdol),High,Positive,15,12,3,5
STK-0005313,LG-000962,Village Administration,Stakeholder Group 4 (Shahdol),High,Positive,47,39,8,5
STK-0005314,LG-000962,Contractor,Stakeholder Group 5 (Shahdol),High,Positive,45,38,7,9
STK-0005315,LG-000962,Local Authority,Stakeholder Group 6 (Shahdol),High,Positive,37,31,6,21
STK-0005316,LG-000963,Local Authority,Stakeholder Group 1 (Shamli),Low,Negative,46,18,28,63
STK-0005317,LG-000963,Village Administration,Stakeholder Group 2 (Shamli),Low,Negative,5,2,3,81
STK-0005318,LG-000963,Local Authority,Stakeholder Group 3 (Shamli),Low,Negative,14,5,9,71
STK-0005319,LG-000964,Landowner,Stakeholder Group 1 (West Champaran),Low,Negative,26,10,16,79
STK-0005320,LG-000964,Contractor,Stakeholder Group 2 (West Champaran),Low,Negative,26,10,16,90
STK-0005321,LG-000964,District Administration,Stakeholder Group 3 (West Champaran),Low,Negative,19,7,12,46
STK-0005322,LG-000964,Village Administration,Stakeholder Group 4 (West Champaran),Low,Negative,47,18,29,35
STK-0005323,LG-000964,Local Authority,Stakeholder Group 5 (West Champaran),Low,Negative,9,3,6,47
STK-0005324,LG-000964,District Administration,Stakeholder Group 6 (West Champaran),Low,Negative,47,18,29,70
STK-0005325,LG-000965,Local Authority,Stakeholder Group 1 (Indore),High,Positive,39,33,6,10
STK-0005326,LG-000965,Landowner,Stakeholder Group 2 (Indore),High,Positive,50,42,8,25
STK-0005327,LG-000965,District Administration,Stakeholder Group 3 (Indore),High,Positive,22,18,4,6
STK-0005328,LG-000965,Village Administration,Stakeholder Group 4 (Indore),High,Positive,17,14,3,17
STK-0005329,LG-000965,District Administration,Stakeholder Group 5 (Indore),High,Positive,12,10,2,10
STK-0005330,LG-000965,Landowner,Stakeholder Group 6 (Indore),High,Positive,24,20,4,15
STK-0005331,LG-000965,Landowner,Stakeholder Group 7 (Indore),High,Positive,24,20,4,5
STK-0005332,LG-000966,Landowner,Stakeholder Group 1 (Madhubani),High,Positive,18,15,3,21
STK-0005333,LG-000966,Contractor,Stakeholder Group 2 (Madhubani),High,Positive,25,21,4,25
STK-0005334,LG-000966,Local Authority,Stakeholder Group 3 (Madhubani),High,Positive,46,39,7,18
STK-0005335,LG-000966,District Administration,Stakeholder Group 4 (Madhubani),High,Positive,18,15,3,15
STK-0005336,LG-000967,Contractor,Stakeholder Group 1 (Saharanpur),High,Positive,25,21,4,22
STK-0005337,LG-000967,District Administration,Stakeholder Group 2 (Saharanpur),High,Positive,44,37,7,9
STK-0005338,LG-000967,Village Administration,Stakeholder Group 3 (Saharanpur),High,Positive,38,32,6,25
STK-0005339,LG-000967,District Administration,Stakeholder Group 4 (Saharanpur),High,Positive,40,34,6,21
STK-0005340,LG-000968,District Administration,Stakeholder Group 1 (Lucknow),Low,Negative,49,19,30,67
STK-0005341,LG-000968,Village Administration,Stakeholder Group 2 (Lucknow),Low,Negative,34,13,21,64
STK-0005342,LG-000968,Local Authority,Stakeholder Group 3 (Lucknow),Low,Negative,16,6,10,56
STK-0005343,LG-000968,Landowner,Stakeholder Group 4 (Lucknow),Low,Negative,16,6,10,86
STK-0005344,LG-000968,District Administration,Stakeholder Group 5 (Lucknow),Low,Negative,12,4,8,77
STK-0005345,LG-000968,Landowner,Stakeholder Group 6 (Lucknow),Low,Negative,23,9,14,49
STK-0005346,LG-000969,Landowner,Stakeholder Group 1 (Belagavi),Low,Negative,20,8,12,75
STK-0005347,LG-000969,District Administration,Stakeholder Group 2 (Belagavi),Low,Negative,49,19,30,52
STK-0005348,LG-000969,Local Authority,Stakeholder Group 3 (Belagavi),Low,Negative,22,8,14,46
STK-0005349,LG-000969,Local Authority,Stakeholder Group 4 (Belagavi),Low,Negative,28,11,17,41
STK-0005350,LG-000969,District Administration,Stakeholder Group 5 (Belagavi),Low,Negative,23,9,14,58
STK-0005351,LG-000969,Landowner,Stakeholder Group 6 (Belagavi),Low,Negative,22,8,14,63
STK-0005352,LG-000969,Contractor,Stakeholder Group 7 (Belagavi),Low,Negative,15,6,9,40
STK-0005353,LG-000970,Village Administration,Stakeholder Group 1 (Ramanathapuram),High,Positive,47,39,8,23
STK-0005354,LG-000970,District Administration,Stakeholder Group 2 (Ramanathapuram),High,Positive,17,14,3,8
STK-0005355,LG-000970,Landowner,Stakeholder Group 3 (Ramanathapuram),High,Positive,41,34,7,13
STK-0005356,LG-000970,Landowner,Stakeholder Group 4 (Ramanathapuram),High,Positive,6,5,1,5
STK-0005357,LG-000970,Village Administration,Stakeholder Group 5 (Ramanathapuram),High,Positive,27,22,5,20
STK-0005358,LG-000970,Contractor,Stakeholder Group 6 (Ramanathapuram),High,Positive,40,34,6,17
STK-0005359,LG-000971,Village Administration,Stakeholder Group 1 (Ghaziabad),Low,Negative,26,10,16,39
STK-0005360,LG-000971,District Administration,Stakeholder Group 2 (Ghaziabad),Low,Negative,35,14,21,59
STK-0005361,LG-000971,Landowner,Stakeholder Group 3 (Ghaziabad),Low,Negative,7,2,5,41
STK-0005362,LG-000971,Local Authority,Stakeholder Group 4 (Ghaziabad),Low,Negative,30,12,18,39
STK-0005363,LG-000972,Landowner,Stakeholder Group 1 (Dausa),Low,Negative,20,8,12,55
STK-0005364,LG-000972,Landowner,Stakeholder Group 2 (Dausa),Low,Negative,6,2,4,38
STK-0005365,LG-000972,Landowner,Stakeholder Group 3 (Dausa),Low,Negative,50,20,30,51
STK-0005366,LG-000972,District Administration,Stakeholder Group 4 (Dausa),Low,Negative,37,14,23,83
STK-0005367,LG-000972,Local Authority,Stakeholder Group 5 (Dausa),Low,Negative,47,18,29,90
STK-0005368,LG-000973,Local Authority,Stakeholder Group 1 (Sahibzada Ajit Singh Nagar),High,Positive,23,19,4,12
STK-0005369,LG-000973,Village Administration,Stakeholder Group 2 (Sahibzada Ajit Singh Nagar),High,Positive,7,5,2,19
STK-0005370,LG-000973,Landowner,Stakeholder Group 3 (Sahibzada Ajit Singh Nagar),High,Positive,8,6,2,22
STK-0005371,LG-000974,Landowner,Stakeholder Group 1 (Giridih),High,Positive,20,17,3,19
STK-0005372,LG-000974,Local Authority,Stakeholder Group 2 (Giridih),High,Positive,40,34,6,5
STK-0005373,LG-000974,Contractor,Stakeholder Group 3 (Giridih),High,Positive,5,4,1,21
STK-0005374,LG-000975,District Administration,Stakeholder Group 1 (Bhagalpur),High,Positive,25,21,4,14
STK-0005375,LG-000975,Local Authority,Stakeholder Group 2 (Bhagalpur),High,Positive,25,21,4,10
STK-0005376,LG-000975,Landowner,Stakeholder Group 3 (Bhagalpur),High,Positive,15,12,3,10
STK-0005377,LG-000975,Local Authority,Stakeholder Group 4 (Bhagalpur),High,Positive,41,34,7,6
STK-0005378,LG-000976,Local Authority,Stakeholder Group 1 (Meerut),High,Positive,41,34,7,11
STK-0005379,LG-000976,Contractor,Stakeholder Group 2 (Meerut),High,Positive,10,8,2,8
STK-0005380,LG-000976,Village Administration,Stakeholder Group 3 (Meerut),High,Positive,30,25,5,6
STK-0005381,LG-000977,Landowner,Stakeholder Group 1 (Mirzapur),High,Positive,13,11,2,16
STK-0005382,LG-000977,District Administration,Stakeholder Group 2 (Mirzapur),High,Positive,32,27,5,20
STK-0005383,LG-000977,Local Authority,Stakeholder Group 3 (Mirzapur),High,Positive,38,32,6,20
STK-0005384,LG-000977,Village Administration,Stakeholder Group 4 (Mirzapur),High,Positive,24,20,4,21
STK-0005385,LG-000977,District Administration,Stakeholder Group 5 (Mirzapur),High,Positive,48,40,8,17
STK-0005386,LG-000977,Local Authority,Stakeholder Group 6 (Mirzapur),High,Positive,7,5,2,7
STK-0005387,LG-000977,Village Administration,Stakeholder Group 7 (Mirzapur),High,Positive,35,29,6,24
STK-0005388,LG-000978,Local Authority,Stakeholder Group 1 (Chengalpattu),High,Positive,23,19,4,13
STK-0005389,LG-000978,Landowner,Stakeholder Group 2 (Chengalpattu),High,Positive,39,33,6,20
STK-0005390,LG-000978,Contractor,Stakeholder Group 3 (Chengalpattu),High,Positive,31,26,5,18
STK-0005391,LG-000978,Contractor,Stakeholder Group 4 (Chengalpattu),High,Positive,25,21,4,7
STK-0005392,LG-000978,Contractor,Stakeholder Group 5 (Chengalpattu),High,Positive,35,29,6,11
STK-0005393,LG-000979,District Administration,Stakeholder Group 1 (Narmadapuram),High,Positive,43,36,7,11
STK-0005394,LG-000979,District Administration,Stakeholder Group 2 (Narmadapuram),High,Positive,46,39,7,24
STK-0005395,LG-000979,District Administration,Stakeholder Group 3 (Narmadapuram),High,Positive,28,23,5,7
STK-0005396,LG-000979,Contractor,Stakeholder Group 4 (Narmadapuram),High,Positive,5,4,1,20
STK-0005397,LG-000979,Landowner,Stakeholder Group 5 (Narmadapuram),High,Positive,23,19,4,6
STK-0005398,LG-000980,Landowner,Stakeholder Group 1 (Khandwa),High,Positive,50,42,8,25
STK-0005399,LG-000980,District Administration,Stakeholder Group 2 (Khandwa),High,Positive,23,19,4,7
STK-0005400,LG-000980,Contractor,Stakeholder Group 3 (Khandwa),High,Positive,38,32,6,18
STK-0005401,LG-000980,Local Authority,Stakeholder Group 4 (Khandwa),High,Positive,24,20,4,6
STK-0005402,LG-000980,Local Authority,Stakeholder Group 5 (Khandwa),High,Positive,34,28,6,16
STK-0005403,LG-000980,District Administration,Stakeholder Group 6 (Khandwa),High,Positive,23,19,4,20
STK-0005404,LG-000980,Contractor,Stakeholder Group 7 (Khandwa),High,Positive,33,28,5,18
STK-0005405,LG-000981,Landowner,Stakeholder Group 1 (Agra),High,Positive,50,42,8,23
STK-0005406,LG-000981,Landowner,Stakeholder Group 2 (Agra),High,Positive,47,39,8,5
STK-0005407,LG-000981,Landowner,Stakeholder Group 3 (Agra),High,Positive,22,18,4,25
STK-0005408,LG-000981,Landowner,Stakeholder Group 4 (Agra),High,Positive,30,25,5,8
STK-0005409,LG-000982,Contractor,Stakeholder Group 1 (Meerut),High,Positive,6,5,1,11
STK-0005410,LG-000982,District Administration,Stakeholder Group 2 (Meerut),High,Positive,42,35,7,17
STK-0005411,LG-000982,Local Authority,Stakeholder Group 3 (Meerut),High,Positive,24,20,4,6
STK-0005412,LG-000982,Village Administration,Stakeholder Group 4 (Meerut),High,Positive,36,30,6,25
STK-0005413,LG-000982,Village Administration,Stakeholder Group 5 (Meerut),High,Positive,21,17,4,25
STK-0005414,LG-000982,Local Authority,Stakeholder Group 6 (Meerut),High,Positive,21,17,4,21
STK-0005415,LG-000983,Local Authority,Stakeholder Group 1 (Mainpuri),High,Positive,43,36,7,13
STK-0005416,LG-000983,Local Authority,Stakeholder Group 2 (Mainpuri),High,Positive,49,41,8,16
STK-0005417,LG-000983,Landowner,Stakeholder Group 3 (Mainpuri),High,Positive,48,40,8,18
STK-0005418,LG-000983,Contractor,Stakeholder Group 4 (Mainpuri),High,Positive,18,15,3,12
STK-0005419,LG-000983,Contractor,Stakeholder Group 5 (Mainpuri),High,Positive,14,11,3,17
STK-0005420,LG-000983,Local Authority,Stakeholder Group 6 (Mainpuri),High,Positive,28,23,5,16
STK-0005421,LG-000983,Landowner,Stakeholder Group 7 (Mainpuri),High,Positive,33,28,5,19
STK-0005422,LG-000984,Landowner,Stakeholder Group 1 (Bijnor),High,Positive,48,40,8,7
STK-0005423,LG-000984,Local Authority,Stakeholder Group 2 (Bijnor),High,Positive,38,32,6,25
STK-0005424,LG-000984,Contractor,Stakeholder Group 3 (Bijnor),High,Positive,18,15,3,22
STK-0005425,LG-000985,Contractor,Stakeholder Group 1 (Erode),High,Positive,5,4,1,15
STK-0005426,LG-000985,District Administration,Stakeholder Group 2 (Erode),High,Positive,49,41,8,15
STK-0005427,LG-000985,District Administration,Stakeholder Group 3 (Erode),High,Positive,13,11,2,18
STK-0005428,LG-000985,Local Authority,Stakeholder Group 4 (Erode),High,Positive,13,11,2,16
STK-0005429,LG-000985,Landowner,Stakeholder Group 5 (Erode),High,Positive,46,39,7,24
STK-0005430,LG-000985,Local Authority,Stakeholder Group 6 (Erode),High,Positive,50,42,8,21
STK-0005431,LG-000985,Landowner,Stakeholder Group 7 (Erode),High,Positive,30,25,5,11
STK-0005432,LG-000986,Local Authority,Stakeholder Group 1 (Udalguri),High,Positive,44,37,7,22
STK-0005433,LG-000986,Village Administration,Stakeholder Group 2 (Udalguri),High,Positive,31,26,5,8
STK-0005434,LG-000986,District Administration,Stakeholder Group 3 (Udalguri),High,Positive,25,21,4,20
STK-0005435,LG-000986,Contractor,Stakeholder Group 4 (Udalguri),High,Positive,49,41,8,7
STK-0005436,LG-000986,Local Authority,Stakeholder Group 5 (Udalguri),High,Positive,5,4,1,17
STK-0005437,LG-000986,Contractor,Stakeholder Group 6 (Udalguri),High,Positive,17,14,3,7
STK-0005438,LG-000987,Landowner,Stakeholder Group 1 (Mahasamund),High,Positive,34,28,6,9
STK-0005439,LG-000987,Local Authority,Stakeholder Group 2 (Mahasamund),High,Positive,35,29,6,6
STK-0005440,LG-000987,District Administration,Stakeholder Group 3 (Mahasamund),High,Positive,46,39,7,19
STK-0005441,LG-000987,Local Authority,Stakeholder Group 4 (Mahasamund),High,Positive,17,14,3,13
STK-0005442,LG-000987,Contractor,Stakeholder Group 5 (Mahasamund),High,Positive,42,35,7,17
STK-0005443,LG-000987,Local Authority,Stakeholder Group 6 (Mahasamund),High,Positive,24,20,4,13
STK-0005444,LG-000987,Contractor,Stakeholder Group 7 (Mahasamund),High,Positive,12,10,2,13
STK-0005445,LG-000987,District Administration,Stakeholder Group 8 (Mahasamund),High,Positive,48,40,8,24
STK-0005446,LG-000988,Landowner,Stakeholder Group 1 (Mirzapur),High,Positive,17,14,3,24
STK-0005447,LG-000988,Contractor,Stakeholder Group 2 (Mirzapur),High,Positive,40,34,6,14
STK-0005448,LG-000988,Landowner,Stakeholder Group 3 (Mirzapur),High,Positive,45,38,7,25
STK-0005449,LG-000988,Contractor,Stakeholder Group 4 (Mirzapur),High,Positive,21,17,4,9
STK-0005450,LG-000988,Landowner,Stakeholder Group 5 (Mirzapur),High,Positive,37,31,6,23
STK-0005451,LG-000989,Village Administration,Stakeholder Group 1 (Beawar),High,Positive,33,28,5,7
STK-0005452,LG-000989,Village Administration,Stakeholder Group 2 (Beawar),High,Positive,18,15,3,19
STK-0005453,LG-000989,Contractor,Stakeholder Group 3 (Beawar),High,Positive,5,4,1,8
STK-0005454,LG-000989,District Administration,Stakeholder Group 4 (Beawar),High,Positive,50,42,8,17
STK-0005455,LG-000989,District Administration,Stakeholder Group 5 (Beawar),High,Positive,11,9,2,9
STK-0005456,LG-000989,District Administration,Stakeholder Group 6 (Beawar),High,Positive,46,39,7,13
STK-0005457,LG-000990,Contractor,Stakeholder Group 1 (NTR),High,Positive,20,17,3,7
STK-0005458,LG-000990,Landowner,Stakeholder Group 2 (NTR),High,Positive,11,9,2,24
STK-0005459,LG-000990,Local Authority,Stakeholder Group 3 (NTR),High,Positive,19,16,3,18
STK-0005460,LG-000991,Village Administration,Stakeholder Group 1 (Gopalganj),High,Positive,48,40,8,5
STK-0005461,LG-000991,Landowner,Stakeholder Group 2 (Gopalganj),High,Positive,34,28,6,5
STK-0005462,LG-000991,District Administration,Stakeholder Group 3 (Gopalganj),High,Positive,45,38,7,16
STK-0005463,LG-000991,Contractor,Stakeholder Group 4 (Gopalganj),High,Positive,39,33,6,8
STK-0005464,LG-000991,Contractor,Stakeholder Group 5 (Gopalganj),High,Positive,10,8,2,18
STK-0005465,LG-000991,Landowner,Stakeholder Group 6 (Gopalganj),High,Positive,35,29,6,14
STK-0005466,LG-000991,Local Authority,Stakeholder Group 7 (Gopalganj),High,Positive,5,4,1,17
STK-0005467,LG-000991,Contractor,Stakeholder Group 8 (Gopalganj),High,Positive,46,39,7,24
STK-0005468,LG-000992,Local Authority,Stakeholder Group 1 (Sivaganga),Low,Negative,26,10,16,55
STK-0005469,LG-000992,Contractor,Stakeholder Group 2 (Sivaganga),Low,Negative,41,16,25,55
STK-0005470,LG-000992,Village Administration,Stakeholder Group 3 (Sivaganga),Low,Negative,40,16,24,56
STK-0005471,LG-000993,Local Authority,Stakeholder Group 1 (East Godavari),High,Positive,6,5,1,8
STK-0005472,LG-000993,Landowner,Stakeholder Group 2 (East Godavari),High,Positive,37,31,6,15
STK-0005473,LG-000993,Village Administration,Stakeholder Group 3 (East Godavari),High,Positive,33,28,5,21
STK-0005474,LG-000993,Contractor,Stakeholder Group 4 (East Godavari),High,Positive,38,32,6,9
STK-0005475,LG-000993,Local Authority,Stakeholder Group 5 (East Godavari),High,Positive,21,17,4,15
STK-0005476,LG-000993,Landowner,Stakeholder Group 6 (East Godavari),High,Positive,12,10,2,5
STK-0005477,LG-000993,Contractor,Stakeholder Group 7 (East Godavari),High,Positive,37,31,6,14
STK-0005478,LG-000993,Village Administration,Stakeholder Group 8 (East Godavari),High,Positive,42,35,7,14
STK-0005479,LG-000994,Village Administration,Stakeholder Group 1 (Mahasamund),Low,Negative,31,12,19,73
STK-0005480,LG-000994,Village Administration,Stakeholder Group 2 (Mahasamund),Low,Negative,46,18,28,64
STK-0005481,LG-000994,District Administration,Stakeholder Group 3 (Mahasamund),Low,Negative,27,10,17,80
STK-0005482,LG-000994,Village Administration,Stakeholder Group 4 (Mahasamund),Low,Negative,12,4,8,87
STK-0005483,LG-000994,Contractor,Stakeholder Group 5 (Mahasamund),Low,Negative,9,3,6,71
STK-0005484,LG-000994,Landowner,Stakeholder Group 6 (Mahasamund),Low,Negative,24,9,15,79
STK-0005485,LG-000994,District Administration,Stakeholder Group 7 (Mahasamund),Low,Negative,34,13,21,78
STK-0005486,LG-000995,Landowner,Stakeholder Group 1 (Bikaner),High,Positive,43,36,7,5
STK-0005487,LG-000995,Landowner,Stakeholder Group 2 (Bikaner),High,Positive,38,32,6,12
STK-0005488,LG-000995,Contractor,Stakeholder Group 3 (Bikaner),High,Positive,32,27,5,7
STK-0005489,LG-000995,Village Administration,Stakeholder Group 4 (Bikaner),High,Positive,22,18,4,17
STK-0005490,LG-000995,Local Authority,Stakeholder Group 5 (Bikaner),High,Positive,26,22,4,11
STK-0005491,LG-000995,Local Authority,Stakeholder Group 6 (Bikaner),High,Positive,25,21,4,14
STK-0005492,LG-000995,Landowner,Stakeholder Group 7 (Bikaner),High,Positive,32,27,5,10
STK-0005493,LG-000996,Local Authority,Stakeholder Group 1 (Jayashankar Bhupalpally),Low,Negative,37,14,23,67
STK-0005494,LG-000996,Local Authority,Stakeholder Group 2 (Jayashankar Bhupalpally),Low,Negative,35,14,21,46
STK-0005495,LG-000996,District Administration,Stakeholder Group 3 (Jayashankar Bhupalpally),Low,Negative,17,6,11,44
STK-0005496,LG-000996,Contractor,Stakeholder Group 4 (Jayashankar Bhupalpally),Low,Negative,17,6,11,40
STK-0005497,LG-000996,Village Administration,Stakeholder Group 5 (Jayashankar Bhupalpally),Low,Negative,29,11,18,70
STK-0005498,LG-000996,Landowner,Stakeholder Group 6 (Jayashankar Bhupalpally),Low,Negative,13,5,8,81
STK-0005499,LG-000997,Contractor,Stakeholder Group 1 (Nagapattinam),High,Positive,35,29,6,10
STK-0005500,LG-000997,Landowner,Stakeholder Group 2 (Nagapattinam),High,Positive,49,41,8,7
STK-0005501,LG-000997,Local Authority,Stakeholder Group 3 (Nagapattinam),High,Positive,26,22,4,11
STK-0005502,LG-000997,District Administration,Stakeholder Group 4 (Nagapattinam),High,Positive,15,12,3,5
STK-0005503,LG-000997,Village Administration,Stakeholder Group 5 (Nagapattinam),High,Positive,26,22,4,21
STK-0005504,LG-000998,Landowner,Stakeholder Group 1 (Kurukshetra),High,Positive,22,18,4,25
STK-0005505,LG-000998,Landowner,Stakeholder Group 2 (Kurukshetra),High,Positive,35,29,6,16
STK-0005506,LG-000998,District Administration,Stakeholder Group 3 (Kurukshetra),High,Positive,39,33,6,13
STK-0005507,LG-000998,Local Authority,Stakeholder Group 4 (Kurukshetra),High,Positive,15,12,3,25
STK-0005508,LG-000998,Landowner,Stakeholder Group 5 (Kurukshetra),High,Positive,49,41,8,10
STK-0005509,LG-000999,Landowner,Stakeholder Group 1 (Rajanna Sircilla),Low,Negative,7,2,5,89
STK-0005510,LG-000999,Contractor,Stakeholder Group 2 (Rajanna Sircilla),Low,Negative,15,6,9,84
STK-0005511,LG-000999,Landowner,Stakeholder Group 3 (Rajanna Sircilla),Low,Negative,12,4,8,54
STK-0005512,LG-000999,Village Administration,Stakeholder Group 4 (Rajanna Sircilla),Low,Negative,9,3,6,38
STK-0005513,LG-000999,Contractor,Stakeholder Group 5 (Rajanna Sircilla),Low,Negative,25,10,15,79
STK-0005514,LG-000999,District Administration,Stakeholder Group 6 (Rajanna Sircilla),Low,Negative,11,4,7,43
STK-0005515,LG-001000,Landowner,Stakeholder Group 1 (Chatra),High,Positive,16,13,3,12
STK-0005516,LG-001000,Village Administration,Stakeholder Group 2 (Chatra),High,Positive,16,13,3,23
STK-0005517,LG-001000,District Administration,Stakeholder Group 3 (Chatra),High,Positive,26,22,4,21
STK-0005518,LG-001000,District Administration,Stakeholder Group 4 (Chatra),High,Positive,34,28,6,21
STK-0005519,LG-001000,District Administration,Stakeholder Group 5 (Chatra),High,Positive,29,24,5,23
STK-0005520,LG-001001,Contractor,Stakeholder Group 1 (Dewas),Low,Negative,35,14,21,41
STK-0005521,LG-001001,Local Authority,Stakeholder Group 2 (Dewas),Low,Negative,22,8,14,52
STK-0005522,LG-001001,Contractor,Stakeholder Group 3 (Dewas),Low,Negative,26,10,16,54
STK-0005523,LG-001001,Local Authority,Stakeholder Group 4 (Dewas),Low,Negative,26,10,16,77
STK-0005524,LG-001001,District Administration,Stakeholder Group 5 (Dewas),Low,Negative,24,9,15,87
STK-0005525,LG-001001,Village Administration,Stakeholder Group 6 (Dewas),Low,Negative,10,4,6,51
STK-0005526,LG-001001,Local Authority,Stakeholder Group 7 (Dewas),Low,Negative,37,14,23,61
STK-0005527,LG-001001,District Administration,Stakeholder Group 8 (Dewas),Low,Negative,47,18,29,79
STK-0005528,LG-001002,Landowner,Stakeholder Group 1 (Azamgarh),Low,Negative,31,12,19,72
STK-0005529,LG-001002,District Administration,Stakeholder Group 2 (Azamgarh),Low,Negative,38,15,23,70
STK-0005530,LG-001002,Contractor,Stakeholder Group 3 (Azamgarh),Low,Negative,14,5,9,35
STK-0005531,LG-001002,District Administration,Stakeholder Group 4 (Azamgarh),Low,Negative,25,10,15,39
STK-0005532,LG-001003,Contractor,Stakeholder Group 1 (Madurai),High,Positive,44,37,7,25
STK-0005533,LG-001003,Contractor,Stakeholder Group 2 (Madurai),High,Positive,6,5,1,19
STK-0005534,LG-001003,Local Authority,Stakeholder Group 3 (Madurai),High,Positive,10,8,2,7
STK-0005535,LG-001003,Landowner,Stakeholder Group 4 (Madurai),High,Positive,47,39,8,16
STK-0005536,LG-001003,Local Authority,Stakeholder Group 5 (Madurai),High,Positive,22,18,4,18
STK-0005537,LG-001003,Contractor,Stakeholder Group 6 (Madurai),High,Positive,34,28,6,24
STK-0005538,LG-001003,Contractor,Stakeholder Group 7 (Madurai),High,Positive,34,28,6,6
STK-0005539,LG-001003,District Administration,Stakeholder Group 8 (Madurai),High,Positive,35,29,6,9
STK-0005540,LG-001004,District Administration,Stakeholder Group 1 (Jhansi),Low,Negative,15,6,9,30
STK-0005541,LG-001004,Local Authority,Stakeholder Group 2 (Jhansi),Low,Negative,37,14,23,35
STK-0005542,LG-001004,Landowner,Stakeholder Group 3 (Jhansi),Low,Negative,15,6,9,55
STK-0005543,LG-001004,Contractor,Stakeholder Group 4 (Jhansi),Low,Negative,31,12,19,82
STK-0005544,LG-001005,District Administration,Stakeholder Group 1 (Pudukkottai),High,Positive,31,26,5,21
STK-0005545,LG-001005,District Administration,Stakeholder Group 2 (Pudukkottai),High,Positive,7,5,2,10
STK-0005546,LG-001005,Local Authority,Stakeholder Group 3 (Pudukkottai),High,Positive,21,17,4,6
STK-0005547,LG-001005,District Administration,Stakeholder Group 4 (Pudukkottai),High,Positive,35,29,6,21
STK-0005548,LG-001005,District Administration,Stakeholder Group 5 (Pudukkottai),High,Positive,18,15,3,24
STK-0005549,LG-001005,Local Authority,Stakeholder Group 6 (Pudukkottai),High,Positive,50,42,8,14
STK-0005550,LG-001005,Village Administration,Stakeholder Group 7 (Pudukkottai),High,Positive,5,4,1,16
STK-0005551,LG-001005,Local Authority,Stakeholder Group 8 (Pudukkottai),High,Positive,33,28,5,7
STK-0005552,LG-001006,District Administration,Stakeholder Group 1 (Jalore),High,Positive,27,22,5,20
STK-0005553,LG-001006,District Administration,Stakeholder Group 2 (Jalore),High,Positive,37,31,6,24
STK-0005554,LG-001006,Contractor,Stakeholder Group 3 (Jalore),High,Positive,34,28,6,25
STK-0005555,LG-001006,Village Administration,Stakeholder Group 4 (Jalore),High,Positive,37,31,6,22
STK-0005556,LG-001006,District Administration,Stakeholder Group 5 (Jalore),High,Positive,15,12,3,11
STK-0005557,LG-001006,Local Authority,Stakeholder Group 6 (Jalore),High,Positive,7,5,2,17
STK-0005558,LG-001007,Village Administration,Stakeholder Group 1 (Bhagalpur),Low,Negative,18,7,11,54
STK-0005559,LG-001007,Contractor,Stakeholder Group 2 (Bhagalpur),Low,Negative,18,7,11,57
STK-0005560,LG-001007,Village Administration,Stakeholder Group 3 (Bhagalpur),Low,Negative,34,13,21,76
STK-0005561,LG-001008,District Administration,Stakeholder Group 1 (Panna),High,Positive,50,42,8,14
STK-0005562,LG-001008,Landowner,Stakeholder Group 2 (Panna),High,Positive,38,32,6,13
STK-0005563,LG-001008,Local Authority,Stakeholder Group 3 (Panna),High,Positive,36,30,6,18
STK-0005564,LG-001008,Contractor,Stakeholder Group 4 (Panna),High,Positive,40,34,6,16
STK-0005565,LG-001008,District Administration,Stakeholder Group 5 (Panna),High,Positive,23,19,4,25
STK-0005566,LG-001008,Landowner,Stakeholder Group 6 (Panna),High,Positive,49,41,8,10
STK-0005567,LG-001008,District Administration,Stakeholder Group 7 (Panna),High,Positive,11,9,2,9
STK-0005568,LG-001009,Village Administration,Stakeholder Group 1 (Chitradurga),High,Positive,37,31,6,9
STK-0005569,LG-001009,Contractor,Stakeholder Group 2 (Chitradurga),High,Positive,30,25,5,13
STK-0005570,LG-001009,Village Administration,Stakeholder Group 3 (Chitradurga),High,Positive,43,36,7,8
STK-0005571,LG-001009,Local Authority,Stakeholder Group 4 (Chitradurga),High,Positive,12,10,2,24
STK-0005572,LG-001009,Contractor,Stakeholder Group 5 (Chitradurga),High,Positive,20,17,3,10
STK-0005573,LG-001009,Village Administration,Stakeholder Group 6 (Chitradurga),High,Positive,8,6,2,7
STK-0005574,LG-001009,Local Authority,Stakeholder Group 7 (Chitradurga),High,Positive,20,17,3,5
STK-0005575,LG-001010,Village Administration,Stakeholder Group 1 (Hazaribagh),Low,Negative,30,12,18,38
STK-0005576,LG-001010,Village Administration,Stakeholder Group 2 (Hazaribagh),Low,Negative,15,6,9,83
STK-0005577,LG-001010,District Administration,Stakeholder Group 3 (Hazaribagh),Low,Negative,26,10,16,55
STK-0005578,LG-001010,Contractor,Stakeholder Group 4 (Hazaribagh),Low,Negative,45,18,27,32
STK-0005579,LG-001010,Landowner,Stakeholder Group 5 (Hazaribagh),Low,Negative,45,18,27,71
STK-0005580,LG-001010,Contractor,Stakeholder Group 6 (Hazaribagh),Low,Negative,27,10,17,32
STK-0005581,LG-001010,District Administration,Stakeholder Group 7 (Hazaribagh),Low,Negative,17,6,11,78
STK-0005582,LG-001010,Local Authority,Stakeholder Group 8 (Hazaribagh),Low,Negative,13,5,8,62
STK-0005583,LG-001011,District Administration,Stakeholder Group 1 (Kalimpong),Low,Negative,13,5,8,89
STK-0005584,LG-001011,District Administration,Stakeholder Group 2 (Kalimpong),Low,Negative,7,2,5,54
STK-0005585,LG-001011,Village Administration,Stakeholder Group 3 (Kalimpong),Low,Negative,29,11,18,45
STK-0005586,LG-001011,Contractor,Stakeholder Group 4 (Kalimpong),Low,Negative,34,13,21,80
STK-0005587,LG-001011,Landowner,Stakeholder Group 5 (Kalimpong),Low,Negative,47,18,29,57
STK-0005588,LG-001012,Local Authority,Stakeholder Group 1 (Shivpuri),High,Positive,29,24,5,22
STK-0005589,LG-001012,Local Authority,Stakeholder Group 2 (Shivpuri),High,Positive,26,22,4,22
STK-0005590,LG-001012,Village Administration,Stakeholder Group 3 (Shivpuri),High,Positive,14,11,3,6
STK-0005591,LG-001013,District Administration,Stakeholder Group 1 (Mau),High,Positive,5,4,1,18
STK-0005592,LG-001013,District Administration,Stakeholder Group 2 (Mau),High,Positive,48,40,8,14
STK-0005593,LG-001013,Local Authority,Stakeholder Group 3 (Mau),High,Positive,5,4,1,7
STK-0005594,LG-001013,Village Administration,Stakeholder Group 4 (Mau),High,Positive,17,14,3,13
STK-0005595,LG-001013,Contractor,Stakeholder Group 5 (Mau),High,Positive,32,27,5,7
STK-0005596,LG-001013,District Administration,Stakeholder Group 6 (Mau),High,Positive,37,31,6,11
STK-0005597,LG-001013,District Administration,Stakeholder Group 7 (Mau),High,Positive,44,37,7,22
STK-0005598,LG-001013,District Administration,Stakeholder Group 8 (Mau),High,Positive,23,19,4,10
STK-0005599,LG-001014,District Administration,Stakeholder Group 1 (Ariyalur),Low,Negative,7,2,5,71
STK-0005600,LG-001014,Village Administration,Stakeholder Group 2 (Ariyalur),Low,Negative,50,20,30,66
STK-0005601,LG-001014,Village Administration,Stakeholder Group 3 (Ariyalur),Low,Negative,27,10,17,90
STK-0005602,LG-001015,District Administration,Stakeholder Group 1 (Deoria),Low,Negative,23,9,14,38
STK-0005603,LG-001015,Landowner,Stakeholder Group 2 (Deoria),Low,Negative,37,14,23,51
STK-0005604,LG-001015,Contractor,Stakeholder Group 3 (Deoria),Low,Negative,45,18,27,60
STK-0005605,LG-001015,Village Administration,Stakeholder Group 4 (Deoria),Low,Negative,14,5,9,48
STK-0005606,LG-001016,Local Authority,Stakeholder Group 1 (Kendujhar),Low,Negative,16,6,10,89
STK-0005607,LG-001016,Landowner,Stakeholder Group 2 (Kendujhar),Low,Negative,39,15,24,34
STK-0005608,LG-001016,Contractor,Stakeholder Group 3 (Kendujhar),Low,Negative,9,3,6,33
STK-0005609,LG-001016,Local Authority,Stakeholder Group 4 (Kendujhar),Low,Negative,40,16,24,54
STK-0005610,LG-001016,Local Authority,Stakeholder Group 5 (Kendujhar),Low,Negative,39,15,24,55
STK-0005611,LG-001017,Village Administration,Stakeholder Group 1 (Jodhpur Rural),High,Positive,19,16,3,22
STK-0005612,LG-001017,Landowner,Stakeholder Group 2 (Jodhpur Rural),High,Positive,26,22,4,6
STK-0005613,LG-001017,Landowner,Stakeholder Group 3 (Jodhpur Rural),High,Positive,38,32,6,17
STK-0005614,LG-001017,Contractor,Stakeholder Group 4 (Jodhpur Rural),High,Positive,11,9,2,8
STK-0005615,LG-001017,District Administration,Stakeholder Group 5 (Jodhpur Rural),High,Positive,30,25,5,17
STK-0005616,LG-001018,Landowner,Stakeholder Group 1 (Deogarh),Low,Negative,40,16,24,40
STK-0005617,LG-001018,Local Authority,Stakeholder Group 2 (Deogarh),Low,Negative,6,2,4,51
STK-0005618,LG-001018,District Administration,Stakeholder Group 3 (Deogarh),Low,Negative,49,19,30,39
STK-0005619,LG-001018,Village Administration,Stakeholder Group 4 (Deogarh),Low,Negative,50,20,30,39
STK-0005620,LG-001018,District Administration,Stakeholder Group 5 (Deogarh),Low,Negative,26,10,16,86
STK-0005621,LG-001018,Landowner,Stakeholder Group 6 (Deogarh),Low,Negative,9,3,6,33
STK-0005622,LG-001018,Landowner,Stakeholder Group 7 (Deogarh),Low,Negative,24,9,15,42
STK-0005623,LG-001019,Landowner,Stakeholder Group 1 (Junagadh),High,Positive,41,34,7,8
STK-0005624,LG-001019,Local Authority,Stakeholder Group 2 (Junagadh),High,Positive,47,39,8,21
STK-0005625,LG-001019,Local Authority,Stakeholder Group 3 (Junagadh),High,Positive,21,17,4,22
STK-0005626,LG-001019,District Administration,Stakeholder Group 4 (Junagadh),High,Positive,15,12,3,7
STK-0005627,LG-001019,District Administration,Stakeholder Group 5 (Junagadh),High,Positive,45,38,7,18
STK-0005628,LG-001019,Local Authority,Stakeholder Group 6 (Junagadh),High,Positive,31,26,5,9
STK-0005629,LG-001020,Local Authority,Stakeholder Group 1 (Yadadri Bhuvanagiri),High,Positive,23,19,4,6
STK-0005630,LG-001020,Landowner,Stakeholder Group 2 (Yadadri Bhuvanagiri),High,Positive,23,19,4,21
STK-0005631,LG-001020,Landowner,Stakeholder Group 3 (Yadadri Bhuvanagiri),High,Positive,42,35,7,17
STK-0005632,LG-001021,Landowner,Stakeholder Group 1 (Ramanagara),Low,Negative,49,19,30,60
STK-0005633,LG-001021,Village Administration,Stakeholder Group 2 (Ramanagara),Low,Negative,19,7,12,89
STK-0005634,LG-001021,Local Authority,Stakeholder Group 3 (Ramanagara),Low,Negative,6,2,4,72
STK-0005635,LG-001022,Contractor,Stakeholder Group 1 (East Kameng),High,Positive,10,8,2,17
STK-0005636,LG-001022,District Administration,Stakeholder Group 2 (East Kameng),High,Positive,24,20,4,14
STK-0005637,LG-001022,District Administration,Stakeholder Group 3 (East Kameng),High,Positive,24,20,4,23
STK-0005638,LG-001022,Contractor,Stakeholder Group 4 (East Kameng),High,Positive,46,39,7,8
STK-0005639,LG-001022,Contractor,Stakeholder Group 5 (East Kameng),High,Positive,29,24,5,18
STK-0005640,LG-001022,Contractor,Stakeholder Group 6 (East Kameng),High,Positive,6,5,1,8
STK-0005641,LG-001022,Landowner,Stakeholder Group 7 (East Kameng),High,Positive,29,24,5,11
STK-0005642,LG-001022,Contractor,Stakeholder Group 8 (East Kameng),High,Positive,8,6,2,13
STK-0005643,LG-001023,Landowner,Stakeholder Group 1 (Kanyakumari),Low,Negative,21,8,13,71
STK-0005644,LG-001023,Landowner,Stakeholder Group 2 (Kanyakumari),Low,Negative,21,8,13,53
STK-0005645,LG-001023,Local Authority,Stakeholder Group 3 (Kanyakumari),Low,Negative,16,6,10,44
STK-0005646,LG-001023,Village Administration,Stakeholder Group 4 (Kanyakumari),Low,Negative,26,10,16,54
STK-0005647,LG-001023,District Administration,Stakeholder Group 5 (Kanyakumari),Low,Negative,46,18,28,63
STK-0005648,LG-001023,Contractor,Stakeholder Group 6 (Kanyakumari),Low,Negative,15,6,9,50
STK-0005649,LG-001023,Landowner,Stakeholder Group 7 (Kanyakumari),Low,Negative,27,10,17,77
STK-0005650,LG-001023,Landowner,Stakeholder Group 8 (Kanyakumari),Low,Negative,6,2,4,79
STK-0005651,LG-001024,Village Administration,Stakeholder Group 1 (Ahmedabad),High,Positive,36,30,6,24
STK-0005652,LG-001024,Local Authority,Stakeholder Group 2 (Ahmedabad),High,Positive,34,28,6,16
STK-0005653,LG-001024,Contractor,Stakeholder Group 3 (Ahmedabad),High,Positive,39,33,6,20
STK-0005654,LG-001024,Local Authority,Stakeholder Group 4 (Ahmedabad),High,Positive,48,40,8,15
STK-0005655,LG-001024,Contractor,Stakeholder Group 5 (Ahmedabad),High,Positive,6,5,1,8
STK-0005656,LG-001024,District Administration,Stakeholder Group 6 (Ahmedabad),High,Positive,48,40,8,25
STK-0005657,LG-001024,Contractor,Stakeholder Group 7 (Ahmedabad),High,Positive,8,6,2,5
STK-0005658,LG-001024,Contractor,Stakeholder Group 8 (Ahmedabad),High,Positive,30,25,5,10
STK-0005659,LG-001025,Local Authority,Stakeholder Group 1 (Shravasti),Low,Negative,45,18,27,71
STK-0005660,LG-001025,Local Authority,Stakeholder Group 2 (Shravasti),Low,Negative,20,8,12,84
STK-0005661,LG-001025,District Administration,Stakeholder Group 3 (Shravasti),Low,Negative,9,3,6,60
STK-0005662,LG-001026,Local Authority,Stakeholder Group 1 (Sultanpur),High,Positive,38,32,6,22
STK-0005663,LG-001026,District Administration,Stakeholder Group 2 (Sultanpur),High,Positive,18,15,3,21
STK-0005664,LG-001026,Local Authority,Stakeholder Group 3 (Sultanpur),High,Positive,36,30,6,10
STK-0005665,LG-001026,Village Administration,Stakeholder Group 4 (Sultanpur),High,Positive,20,17,3,19
STK-0005666,LG-001026,District Administration,Stakeholder Group 5 (Sultanpur),High,Positive,22,18,4,7
STK-0005667,LG-001026,Village Administration,Stakeholder Group 6 (Sultanpur),High,Positive,40,34,6,23
STK-0005668,LG-001026,Contractor,Stakeholder Group 7 (Sultanpur),High,Positive,15,12,3,10
STK-0005669,LG-001027,Local Authority,Stakeholder Group 1 (Prayagraj),High,Positive,18,15,3,13
STK-0005670,LG-001027,Contractor,Stakeholder Group 2 (Prayagraj),High,Positive,46,39,7,17
STK-0005671,LG-001027,Village Administration,Stakeholder Group 3 (Prayagraj),High,Positive,15,12,3,14
STK-0005672,LG-001027,Contractor,Stakeholder Group 4 (Prayagraj),High,Positive,35,29,6,20
STK-0005673,LG-001027,Village Administration,Stakeholder Group 5 (Prayagraj),High,Positive,36,30,6,10
STK-0005674,LG-001027,Landowner,Stakeholder Group 6 (Prayagraj),High,Positive,24,20,4,7
STK-0005675,LG-001027,Village Administration,Stakeholder Group 7 (Prayagraj),High,Positive,44,37,7,6
STK-0005676,LG-001028,Local Authority,Stakeholder Group 1 (Raisen),Low,Negative,34,13,21,41
STK-0005677,LG-001028,Local Authority,Stakeholder Group 2 (Raisen),Low,Negative,16,6,10,31
STK-0005678,LG-001028,Contractor,Stakeholder Group 3 (Raisen),Low,Negative,47,18,29,90
STK-0005679,LG-001028,District Administration,Stakeholder Group 4 (Raisen),Low,Negative,34,13,21,82
STK-0005680,LG-001028,Local Authority,Stakeholder Group 5 (Raisen),Low,Negative,38,15,23,85
STK-0005681,LG-001029,Local Authority,Stakeholder Group 1 (Tirupati),High,Positive,16,13,3,16
STK-0005682,LG-001029,Local Authority,Stakeholder Group 2 (Tirupati),High,Positive,21,17,4,13
STK-0005683,LG-001029,Contractor,Stakeholder Group 3 (Tirupati),High,Positive,28,23,5,15
STK-0005684,LG-001029,Local Authority,Stakeholder Group 4 (Tirupati),High,Positive,13,11,2,11
STK-0005685,LG-001029,Village Administration,Stakeholder Group 5 (Tirupati),High,Positive,22,18,4,22
STK-0005686,LG-001029,Village Administration,Stakeholder Group 6 (Tirupati),High,Positive,36,30,6,14
STK-0005687,LG-001029,Village Administration,Stakeholder Group 7 (Tirupati),High,Positive,25,21,4,7
STK-0005688,LG-001029,Contractor,Stakeholder Group 8 (Tirupati),High,Positive,39,33,6,23
STK-0005689,LG-001030,Contractor,Stakeholder Group 1 (Sambhal),High,Positive,40,34,6,25
STK-0005690,LG-001030,Contractor,Stakeholder Group 2 (Sambhal),High,Positive,19,16,3,25
STK-0005691,LG-001030,Landowner,Stakeholder Group 3 (Sambhal),High,Positive,36,30,6,21
STK-0005692,LG-001030,Village Administration,Stakeholder Group 4 (Sambhal),High,Positive,21,17,4,10
STK-0005693,LG-001030,Village Administration,Stakeholder Group 5 (Sambhal),High,Positive,26,22,4,22
STK-0005694,LG-001031,Contractor,Stakeholder Group 1 (Gadchiroli),High,Positive,35,29,6,25
STK-0005695,LG-001031,District Administration,Stakeholder Group 2 (Gadchiroli),High,Positive,21,17,4,14
STK-0005696,LG-001031,Local Authority,Stakeholder Group 3 (Gadchiroli),High,Positive,7,5,2,5
STK-0005697,LG-001032,Village Administration,Stakeholder Group 1 (Bankura),High,Positive,34,28,6,17
STK-0005698,LG-001032,Village Administration,Stakeholder Group 2 (Bankura),High,Positive,20,17,3,8
STK-0005699,LG-001032,Local Authority,Stakeholder Group 3 (Bankura),High,Positive,17,14,3,16
STK-0005700,LG-001032,Village Administration,Stakeholder Group 4 (Bankura),High,Positive,7,5,2,8
STK-0005701,LG-001032,Landowner,Stakeholder Group 5 (Bankura),High,Positive,19,16,3,23
STK-0005702,LG-001032,Contractor,Stakeholder Group 6 (Bankura),High,Positive,24,20,4,17
STK-0005703,LG-001032,Village Administration,Stakeholder Group 7 (Bankura),High,Positive,7,5,2,17
STK-0005704,LG-001032,Village Administration,Stakeholder Group 8 (Bankura),High,Positive,38,32,6,23
STK-0005705,LG-001033,Landowner,Stakeholder Group 1 (Pithoragarh),High,Positive,23,19,4,19
STK-0005706,LG-001033,Landowner,Stakeholder Group 2 (Pithoragarh),High,Positive,8,6,2,25
STK-0005707,LG-001033,Village Administration,Stakeholder Group 3 (Pithoragarh),High,Positive,40,34,6,8
STK-0005708,LG-001033,District Administration,Stakeholder Group 4 (Pithoragarh),High,Positive,13,11,2,13
STK-0005709,LG-001033,District Administration,Stakeholder Group 5 (Pithoragarh),High,Positive,33,28,5,14
STK-0005710,LG-001034,Village Administration,Stakeholder Group 1 (Kannauj),High,Positive,50,42,8,10
STK-0005711,LG-001034,Landowner,Stakeholder Group 2 (Kannauj),High,Positive,10,8,2,17
STK-0005712,LG-001034,Local Authority,Stakeholder Group 3 (Kannauj),High,Positive,22,18,4,6
STK-0005713,LG-001034,Village Administration,Stakeholder Group 4 (Kannauj),High,Positive,18,15,3,17
STK-0005714,LG-001034,Contractor,Stakeholder Group 5 (Kannauj),High,Positive,7,5,2,25
STK-0005715,LG-001034,District Administration,Stakeholder Group 6 (Kannauj),High,Positive,30,25,5,5
STK-0005716,LG-001034,Contractor,Stakeholder Group 7 (Kannauj),High,Positive,35,29,6,24
STK-0005717,LG-001034,Local Authority,Stakeholder Group 8 (Kannauj),High,Positive,6,5,1,9
STK-0005718,LG-001035,Contractor,Stakeholder Group 1 (Wayanad),High,Positive,45,38,7,23
STK-0005719,LG-001035,Local Authority,Stakeholder Group 2 (Wayanad),High,Positive,27,22,5,17
STK-0005720,LG-001035,District Administration,Stakeholder Group 3 (Wayanad),High,Positive,9,7,2,7
STK-0005721,LG-001035,Contractor,Stakeholder Group 4 (Wayanad),High,Positive,30,25,5,5
STK-0005722,LG-001035,Contractor,Stakeholder Group 5 (Wayanad),High,Positive,35,29,6,24
STK-0005723,LG-001035,Local Authority,Stakeholder Group 6 (Wayanad),High,Positive,36,30,6,9
STK-0005724,LG-001035,Landowner,Stakeholder Group 7 (Wayanad),High,Positive,29,24,5,10
STK-0005725,LG-001035,Landowner,Stakeholder Group 8 (Wayanad),High,Positive,35,29,6,13
STK-0005726,LG-001036,Contractor,Stakeholder Group 1 (Seoni),High,Positive,40,34,6,24
STK-0005727,LG-001036,Contractor,Stakeholder Group 2 (Seoni),High,Positive,36,30,6,12
STK-0005728,LG-001036,District Administration,Stakeholder Group 3 (Seoni),High,Positive,34,28,6,18
STK-0005729,LG-001036,Village Administration,Stakeholder Group 4 (Seoni),High,Positive,20,17,3,16
STK-0005730,LG-001036,District Administration,Stakeholder Group 5 (Seoni),High,Positive,23,19,4,14
STK-0005731,LG-001036,Local Authority,Stakeholder Group 6 (Seoni),High,Positive,8,6,2,17
STK-0005732,LG-001037,Contractor,Stakeholder Group 1 (Kannauj),High,Positive,43,36,7,12
STK-0005733,LG-001037,Village Administration,Stakeholder Group 2 (Kannauj),High,Positive,44,37,7,19
STK-0005734,LG-001037,District Administration,Stakeholder Group 3 (Kannauj),High,Positive,11,9,2,8
STK-0005735,LG-001037,Local Authority,Stakeholder Group 4 (Kannauj),High,Positive,19,16,3,19
STK-0005736,LG-001037,District Administration,Stakeholder Group 5 (Kannauj),High,Positive,35,29,6,25
STK-0005737,LG-001037,Village Administration,Stakeholder Group 6 (Kannauj),High,Positive,19,16,3,23
STK-0005738,LG-001038,Landowner,Stakeholder Group 1 (Chhatarpur),High,Positive,50,42,8,18
STK-0005739,LG-001038,Local Authority,Stakeholder Group 2 (Chhatarpur),High,Positive,11,9,2,8
STK-0005740,LG-001038,Contractor,Stakeholder Group 3 (Chhatarpur),High,Positive,14,11,3,19
STK-0005741,LG-001038,Village Administration,Stakeholder Group 4 (Chhatarpur),High,Positive,47,39,8,22
STK-0005742,LG-001038,Landowner,Stakeholder Group 5 (Chhatarpur),High,Positive,10,8,2,23
STK-0005743,LG-001038,Landowner,Stakeholder Group 6 (Chhatarpur),High,Positive,37,31,6,10
STK-0005744,LG-001039,Contractor,Stakeholder Group 1 (Rajnandgaon),High,Positive,47,39,8,13
STK-0005745,LG-001039,Contractor,Stakeholder Group 2 (Rajnandgaon),High,Positive,9,7,2,21
STK-0005746,LG-001039,District Administration,Stakeholder Group 3 (Rajnandgaon),High,Positive,37,31,6,7
STK-0005747,LG-001040,Village Administration,Stakeholder Group 1 (Dholpur),High,Positive,8,6,2,10
STK-0005748,LG-001040,District Administration,Stakeholder Group 2 (Dholpur),High,Positive,38,32,6,16
STK-0005749,LG-001040,Contractor,Stakeholder Group 3 (Dholpur),High,Positive,35,29,6,6
STK-0005750,LG-001040,Landowner,Stakeholder Group 4 (Dholpur),High,Positive,39,33,6,12
STK-0005751,LG-001041,Landowner,Stakeholder Group 1 (Shamli),Low,Negative,47,18,29,42
STK-0005752,LG-001041,Landowner,Stakeholder Group 2 (Shamli),Low,Negative,24,9,15,35
STK-0005753,LG-001041,Village Administration,Stakeholder Group 3 (Shamli),Low,Negative,17,6,11,48
STK-0005754,LG-001042,Local Authority,Stakeholder Group 1 (Khammam),High,Positive,44,37,7,12
STK-0005755,LG-001042,Local Authority,Stakeholder Group 2 (Khammam),High,Positive,48,40,8,25
STK-0005756,LG-001042,Local Authority,Stakeholder Group 3 (Khammam),High,Positive,6,5,1,6
STK-0005757,LG-001042,District Administration,Stakeholder Group 4 (Khammam),High,Positive,20,17,3,18
STK-0005758,LG-001042,Local Authority,Stakeholder Group 5 (Khammam),High,Positive,22,18,4,11
STK-0005759,LG-001043,Landowner,Stakeholder Group 1 (Jalore),High,Positive,17,14,3,6
STK-0005760,LG-001043,Local Authority,Stakeholder Group 2 (Jalore),High,Positive,40,34,6,11
STK-0005761,LG-001043,Local Authority,Stakeholder Group 3 (Jalore),High,Positive,26,22,4,22
STK-0005762,LG-001043,District Administration,Stakeholder Group 4 (Jalore),High,Positive,48,40,8,8
STK-0005763,LG-001043,District Administration,Stakeholder Group 5 (Jalore),High,Positive,5,4,1,6
STK-0005764,LG-001043,Contractor,Stakeholder Group 6 (Jalore),High,Positive,36,30,6,14
STK-0005765,LG-001044,Local Authority,Stakeholder Group 1 (Darbhanga),High,Positive,23,19,4,9
STK-0005766,LG-001044,District Administration,Stakeholder Group 2 (Darbhanga),High,Positive,35,29,6,22
STK-0005767,LG-001044,Local Authority,Stakeholder Group 3 (Darbhanga),High,Positive,7,5,2,14
STK-0005768,LG-001045,District Administration,Stakeholder Group 1 (Kekri),Low,Negative,27,10,17,87
STK-0005769,LG-001045,Village Administration,Stakeholder Group 2 (Kekri),Low,Negative,26,10,16,47
STK-0005770,LG-001045,District Administration,Stakeholder Group 3 (Kekri),Low,Negative,42,16,26,39
STK-0005771,LG-001046,District Administration,Stakeholder Group 1 (Ganderbal),High,Positive,20,17,3,19
STK-0005772,LG-001046,District Administration,Stakeholder Group 2 (Ganderbal),High,Positive,34,28,6,5
STK-0005773,LG-001046,Contractor,Stakeholder Group 3 (Ganderbal),High,Positive,41,34,7,5
STK-0005774,LG-001046,Landowner,Stakeholder Group 4 (Ganderbal),High,Positive,14,11,3,13
STK-0005775,LG-001046,Local Authority,Stakeholder Group 5 (Ganderbal),High,Positive,18,15,3,7
STK-0005776,LG-001046,Landowner,Stakeholder Group 6 (Ganderbal),High,Positive,30,25,5,25
STK-0005777,LG-001047,Local Authority,Stakeholder Group 1 (Baloda Bazar),Low,Negative,29,11,18,49
STK-0005778,LG-001047,Landowner,Stakeholder Group 2 (Baloda Bazar),Low,Negative,6,2,4,77
STK-0005779,LG-001047,Village Administration,Stakeholder Group 3 (Baloda Bazar),Low,Negative,16,6,10,39
STK-0005780,LG-001047,District Administration,Stakeholder Group 4 (Baloda Bazar),Low,Negative,17,6,11,41
STK-0005781,LG-001048,District Administration,Stakeholder Group 1 (Faridkot),High,Positive,47,39,8,13
STK-0005782,LG-001048,Landowner,Stakeholder Group 2 (Faridkot),High,Positive,38,32,6,24
STK-0005783,LG-001048,Contractor,Stakeholder Group 3 (Faridkot),High,Positive,28,23,5,22
STK-0005784,LG-001048,Village Administration,Stakeholder Group 4 (Faridkot),High,Positive,22,18,4,16
STK-0005785,LG-001048,Contractor,Stakeholder Group 5 (Faridkot),High,Positive,43,36,7,14
STK-0005786,LG-001048,Local Authority,Stakeholder Group 6 (Faridkot),High,Positive,29,24,5,19
STK-0005787,LG-001048,Contractor,Stakeholder Group 7 (Faridkot),High,Positive,17,14,3,17
STK-0005788,LG-001048,Local Authority,Stakeholder Group 8 (Faridkot),High,Positive,41,34,7,16
STK-0005789,LG-001049,Local Authority,Stakeholder Group 1 (Lucknow),High,Positive,19,16,3,9
STK-0005790,LG-001049,Local Authority,Stakeholder Group 2 (Lucknow),High,Positive,20,17,3,25
STK-0005791,LG-001049,Landowner,Stakeholder Group 3 (Lucknow),High,Positive,27,22,5,5
STK-0005792,LG-001050,District Administration,Stakeholder Group 1 (Auraiya),Low,Negative,16,6,10,66
STK-0005793,LG-001050,District Administration,Stakeholder Group 2 (Auraiya),Low,Negative,34,13,21,40
STK-0005794,LG-001050,Landowner,Stakeholder Group 3 (Auraiya),Low,Negative,42,16,26,69
STK-0005795,LG-001050,Contractor,Stakeholder Group 4 (Auraiya),Low,Negative,21,8,13,55
STK-0005796,LG-001051,Landowner,Stakeholder Group 1 (Kumuram Bheem),Low,Negative,6,2,4,34
STK-0005797,LG-001051,Local Authority,Stakeholder Group 2 (Kumuram Bheem),Low,Negative,9,3,6,82
STK-0005798,LG-001051,District Administration,Stakeholder Group 3 (Kumuram Bheem),Low,Negative,30,12,18,80
STK-0005799,LG-001051,Landowner,Stakeholder Group 4 (Kumuram Bheem),Low,Negative,24,9,15,34
STK-0005800,LG-001051,Local Authority,Stakeholder Group 5 (Kumuram Bheem),Low,Negative,27,10,17,89
STK-0005801,LG-001051,Local Authority,Stakeholder Group 6 (Kumuram Bheem),Low,Negative,42,16,26,67
STK-0005802,LG-001051,Contractor,Stakeholder Group 7 (Kumuram Bheem),Low,Negative,45,18,27,82
STK-0005803,LG-001052,Contractor,Stakeholder Group 1 (Medak),Low,Negative,16,6,10,51
STK-0005804,LG-001052,District Administration,Stakeholder Group 2 (Medak),Low,Negative,13,5,8,76
STK-0005805,LG-001052,Local Authority,Stakeholder Group 3 (Medak),Low,Negative,49,19,30,66
STK-0005806,LG-001053,Village Administration,Stakeholder Group 1 (Morena),High,Positive,28,23,5,25
STK-0005807,LG-001053,Village Administration,Stakeholder Group 2 (Morena),High,Positive,17,14,3,24
STK-0005808,LG-001053,District Administration,Stakeholder Group 3 (Morena),High,Positive,41,34,7,14
STK-0005809,LG-001053,Local Authority,Stakeholder Group 4 (Morena),High,Positive,45,38,7,9
STK-0005810,LG-001054,Village Administration,Stakeholder Group 1 (Thiruvananthapuram),High,Positive,31,26,5,5
STK-0005811,LG-001054,Local Authority,Stakeholder Group 2 (Thiruvananthapuram),High,Positive,42,35,7,9
STK-0005812,LG-001054,Local Authority,Stakeholder Group 3 (Thiruvananthapuram),High,Positive,18,15,3,21
STK-0005813,LG-001054,Landowner,Stakeholder Group 4 (Thiruvananthapuram),High,Positive,24,20,4,19
STK-0005814,LG-001055,Contractor,Stakeholder Group 1 (Firozabad),High,Positive,24,20,4,11
STK-0005815,LG-001055,Landowner,Stakeholder Group 2 (Firozabad),High,Positive,27,22,5,23
STK-0005816,LG-001055,Landowner,Stakeholder Group 3 (Firozabad),High,Positive,17,14,3,12
STK-0005817,LG-001056,District Administration,Stakeholder Group 1 (Firozabad),High,Positive,30,25,5,12
STK-0005818,LG-001056,District Administration,Stakeholder Group 2 (Firozabad),High,Positive,18,15,3,11
STK-0005819,LG-001056,Village Administration,Stakeholder Group 3 (Firozabad),High,Positive,25,21,4,24
STK-0005820,LG-001056,Contractor,Stakeholder Group 4 (Firozabad),High,Positive,20,17,3,11
STK-0005821,LG-001056,Local Authority,Stakeholder Group 5 (Firozabad),High,Positive,49,41,8,7
STK-0005822,LG-001056,Contractor,Stakeholder Group 6 (Firozabad),High,Positive,39,33,6,6
STK-0005823,LG-001056,Contractor,Stakeholder Group 7 (Firozabad),High,Positive,9,7,2,5
STK-0005824,LG-001056,Village Administration,Stakeholder Group 8 (Firozabad),High,Positive,36,30,6,5
STK-0005825,LG-001057,Village Administration,Stakeholder Group 1 (Kheri),High,Positive,27,22,5,15
STK-0005826,LG-001057,Landowner,Stakeholder Group 2 (Kheri),High,Positive,21,17,4,17
STK-0005827,LG-001057,Local Authority,Stakeholder Group 3 (Kheri),High,Positive,28,23,5,7
STK-0005828,LG-001058,Local Authority,Stakeholder Group 1 (Prayagraj),Low,Negative,37,14,23,66
STK-0005829,LG-001058,District Administration,Stakeholder Group 2 (Prayagraj),Low,Negative,45,18,27,62
STK-0005830,LG-001058,District Administration,Stakeholder Group 3 (Prayagraj),Low,Negative,38,15,23,40
STK-0005831,LG-001058,Village Administration,Stakeholder Group 4 (Prayagraj),Low,Negative,5,2,3,46
STK-0005832,LG-001059,District Administration,Stakeholder Group 1 (Puri),Low,Negative,8,3,5,50
STK-0005833,LG-001059,Contractor,Stakeholder Group 2 (Puri),Low,Negative,37,14,23,54
STK-0005834,LG-001059,Landowner,Stakeholder Group 3 (Puri),Low,Negative,35,14,21,70
STK-0005835,LG-001059,Landowner,Stakeholder Group 4 (Puri),Low,Negative,10,4,6,83
STK-0005836,LG-001060,District Administration,Stakeholder Group 1 (Kendrapara),High,Positive,26,22,4,21
STK-0005837,LG-001060,Landowner,Stakeholder Group 2 (Kendrapara),High,Positive,35,29,6,18
STK-0005838,LG-001060,Contractor,Stakeholder Group 3 (Kendrapara),High,Positive,27,22,5,10
STK-0005839,LG-001060,Landowner,Stakeholder Group 4 (Kendrapara),High,Positive,15,12,3,25
STK-0005840,LG-001061,Village Administration,Stakeholder Group 1 (Etah),High,Positive,26,22,4,14
STK-0005841,LG-001061,Contractor,Stakeholder Group 2 (Etah),High,Positive,30,25,5,21
STK-0005842,LG-001061,Contractor,Stakeholder Group 3 (Etah),High,Positive,30,25,5,18
STK-0005843,LG-001061,District Administration,Stakeholder Group 4 (Etah),High,Positive,30,25,5,19
STK-0005844,LG-001061,Local Authority,Stakeholder Group 5 (Etah),High,Positive,37,31,6,8
STK-0005845,LG-001061,Village Administration,Stakeholder Group 6 (Etah),High,Positive,17,14,3,18
STK-0005846,LG-001061,District Administration,Stakeholder Group 7 (Etah),High,Positive,31,26,5,25
STK-0005847,LG-001061,District Administration,Stakeholder Group 8 (Etah),High,Positive,15,12,3,19
STK-0005848,LG-001062,Landowner,Stakeholder Group 1 (Madurai),High,Positive,16,13,3,25
STK-0005849,LG-001062,Village Administration,Stakeholder Group 2 (Madurai),High,Positive,39,33,6,6
STK-0005850,LG-001062,Local Authority,Stakeholder Group 3 (Madurai),High,Positive,5,4,1,5
STK-0005851,LG-001062,Local Authority,Stakeholder Group 4 (Madurai),High,Positive,46,39,7,16
STK-0005852,LG-001062,Landowner,Stakeholder Group 5 (Madurai),High,Positive,47,39,8,12
STK-0005853,LG-001062,Village Administration,Stakeholder Group 6 (Madurai),High,Positive,38,32,6,7
STK-0005854,LG-001063,District Administration,Stakeholder Group 1 (Medak),High,Positive,9,7,2,13
STK-0005855,LG-001063,District Administration,Stakeholder Group 2 (Medak),High,Positive,40,34,6,6
STK-0005856,LG-001063,Local Authority,Stakeholder Group 3 (Medak),High,Positive,45,38,7,15
STK-0005857,LG-001063,Contractor,Stakeholder Group 4 (Medak),High,Positive,9,7,2,15
STK-0005858,LG-001063,Landowner,Stakeholder Group 5 (Medak),High,Positive,20,17,3,19
STK-0005859,LG-001063,Local Authority,Stakeholder Group 6 (Medak),High,Positive,7,5,2,18
STK-0005860,LG-001064,Local Authority,Stakeholder Group 1 (Deoria),Low,Negative,47,18,29,39
STK-0005861,LG-001064,District Administration,Stakeholder Group 2 (Deoria),Low,Negative,30,12,18,34
STK-0005862,LG-001064,Village Administration,Stakeholder Group 3 (Deoria),Low,Negative,16,6,10,54
STK-0005863,LG-001064,Local Authority,Stakeholder Group 4 (Deoria),Low,Negative,17,6,11,50
STK-0005864,LG-001064,District Administration,Stakeholder Group 5 (Deoria),Low,Negative,27,10,17,76
STK-0005865,LG-001064,Village Administration,Stakeholder Group 6 (Deoria),Low,Negative,17,6,11,36
STK-0005866,LG-001065,Landowner,Stakeholder Group 1 (Mathura),Low,Negative,43,17,26,61
STK-0005867,LG-001065,Landowner,Stakeholder Group 2 (Mathura),Low,Negative,46,18,28,55
STK-0005868,LG-001065,Local Authority,Stakeholder Group 3 (Mathura),Low,Negative,41,16,25,69
STK-0005869,LG-001065,District Administration,Stakeholder Group 4 (Mathura),Low,Negative,35,14,21,54
STK-0005870,LG-001065,District Administration,Stakeholder Group 5 (Mathura),Low,Negative,15,6,9,35
STK-0005871,LG-001066,Local Authority,Stakeholder Group 1 (Harda),High,Positive,45,38,7,8
STK-0005872,LG-001066,District Administration,Stakeholder Group 2 (Harda),High,Positive,33,28,5,14
STK-0005873,LG-001066,Local Authority,Stakeholder Group 3 (Harda),High,Positive,18,15,3,18
STK-0005874,LG-001067,Landowner,Stakeholder Group 1 (Rewa),High,Positive,29,24,5,5
STK-0005875,LG-001067,Landowner,Stakeholder Group 2 (Rewa),High,Positive,33,28,5,11
STK-0005876,LG-001067,Village Administration,Stakeholder Group 3 (Rewa),High,Positive,7,5,2,19
STK-0005877,LG-001067,Local Authority,Stakeholder Group 4 (Rewa),High,Positive,39,33,6,20
STK-0005878,LG-001067,Contractor,Stakeholder Group 5 (Rewa),High,Positive,11,9,2,8
STK-0005879,LG-001067,Village Administration,Stakeholder Group 6 (Rewa),High,Positive,25,21,4,12
STK-0005880,LG-001067,Local Authority,Stakeholder Group 7 (Rewa),High,Positive,27,22,5,18
STK-0005881,LG-001068,Local Authority,Stakeholder Group 1 (Bhojpur),High,Positive,29,24,5,13
STK-0005882,LG-001068,Village Administration,Stakeholder Group 2 (Bhojpur),High,Positive,37,31,6,25
STK-0005883,LG-001068,Village Administration,Stakeholder Group 3 (Bhojpur),High,Positive,28,23,5,23
STK-0005884,LG-001068,Contractor,Stakeholder Group 4 (Bhojpur),High,Positive,49,41,8,9
STK-0005885,LG-001068,Village Administration,Stakeholder Group 5 (Bhojpur),High,Positive,33,28,5,9
STK-0005886,LG-001068,Landowner,Stakeholder Group 6 (Bhojpur),High,Positive,15,12,3,17
STK-0005887,LG-001068,Contractor,Stakeholder Group 7 (Bhojpur),High,Positive,33,28,5,21
STK-0005888,LG-001069,Landowner,Stakeholder Group 1 (Karauli),Low,Negative,17,6,11,45
STK-0005889,LG-001069,Landowner,Stakeholder Group 2 (Karauli),Low,Negative,28,11,17,39
STK-0005890,LG-001069,Landowner,Stakeholder Group 3 (Karauli),Low,Negative,49,19,30,80
STK-0005891,LG-001069,District Administration,Stakeholder Group 4 (Karauli),Low,Negative,49,19,30,84
STK-0005892,LG-001069,Contractor,Stakeholder Group 5 (Karauli),Low,Negative,36,14,22,59
STK-0005893,LG-001070,Local Authority,Stakeholder Group 1 (Shi Yomi),Low,Negative,38,15,23,55
STK-0005894,LG-001070,Village Administration,Stakeholder Group 2 (Shi Yomi),Low,Negative,27,10,17,32
STK-0005895,LG-001070,Contractor,Stakeholder Group 3 (Shi Yomi),Low,Negative,5,2,3,40
STK-0005896,LG-001070,Contractor,Stakeholder Group 4 (Shi Yomi),Low,Negative,31,12,19,83
STK-0005897,LG-001070,Contractor,Stakeholder Group 5 (Shi Yomi),Low,Negative,7,2,5,36
STK-0005898,LG-001070,Village Administration,Stakeholder Group 6 (Shi Yomi),Low,Negative,43,17,26,51
STK-0005899,LG-001070,District Administration,Stakeholder Group 7 (Shi Yomi),Low,Negative,31,12,19,39
STK-0005900,LG-001071,Contractor,Stakeholder Group 1 (Noney),High,Positive,8,6,2,13
STK-0005901,LG-001071,Village Administration,Stakeholder Group 2 (Noney),High,Positive,24,20,4,13
STK-0005902,LG-001071,Village Administration,Stakeholder Group 3 (Noney),High,Positive,20,17,3,14
STK-0005903,LG-001072,District Administration,Stakeholder Group 1 (Barmer),Low,Negative,50,20,30,30
STK-0005904,LG-001072,Landowner,Stakeholder Group 2 (Barmer),Low,Negative,44,17,27,43
STK-0005905,LG-001072,Contractor,Stakeholder Group 3 (Barmer),Low,Negative,47,18,29,47
STK-0005906,LG-001072,Contractor,Stakeholder Group 4 (Barmer),Low,Negative,44,17,27,78
STK-0005907,LG-001072,Contractor,Stakeholder Group 5 (Barmer),Low,Negative,21,8,13,39
STK-0005908,LG-001072,District Administration,Stakeholder Group 6 (Barmer),Low,Negative,46,18,28,32
STK-0005909,LG-001072,Village Administration,Stakeholder Group 7 (Barmer),Low,Negative,43,17,26,57
STK-0005910,LG-001072,District Administration,Stakeholder Group 8 (Barmer),Low,Negative,26,10,16,88
STK-0005911,LG-001073,Contractor,Stakeholder Group 1 (Vijayanagara),High,Positive,49,41,8,11
STK-0005912,LG-001073,Landowner,Stakeholder Group 2 (Vijayanagara),High,Positive,49,41,8,20
STK-0005913,LG-001073,Contractor,Stakeholder Group 3 (Vijayanagara),High,Positive,14,11,3,18
STK-0005914,LG-001073,Local Authority,Stakeholder Group 4 (Vijayanagara),High,Positive,45,38,7,13
STK-0005915,LG-001074,Village Administration,Stakeholder Group 1 (Sawai Madhopur),Low,Negative,24,9,15,62
STK-0005916,LG-001074,District Administration,Stakeholder Group 2 (Sawai Madhopur),Low,Negative,9,3,6,62
STK-0005917,LG-001074,Contractor,Stakeholder Group 3 (Sawai Madhopur),Low,Negative,25,10,15,70
STK-0005918,LG-001074,District Administration,Stakeholder Group 4 (Sawai Madhopur),Low,Negative,12,4,8,36
STK-0005919,LG-001074,Village Administration,Stakeholder Group 5 (Sawai Madhopur),Low,Negative,17,6,11,45
STK-0005920,LG-001075,District Administration,Stakeholder Group 1 (Longding),High,Positive,45,38,7,24
STK-0005921,LG-001075,Local Authority,Stakeholder Group 2 (Longding),High,Positive,40,34,6,23
STK-0005922,LG-001075,Landowner,Stakeholder Group 3 (Longding),High,Positive,24,20,4,5
STK-0005923,LG-001075,Contractor,Stakeholder Group 4 (Longding),High,Positive,46,39,7,14
STK-0005924,LG-001076,Contractor,Stakeholder Group 1 (Tawang),High,Positive,23,19,4,16
STK-0005925,LG-001076,Local Authority,Stakeholder Group 2 (Tawang),High,Positive,10,8,2,5
STK-0005926,LG-001076,Local Authority,Stakeholder Group 3 (Tawang),High,Positive,32,27,5,22
STK-0005927,LG-001076,District Administration,Stakeholder Group 4 (Tawang),High,Positive,20,17,3,11
STK-0005928,LG-001077,Local Authority,Stakeholder Group 1 (Gonda),High,Positive,38,32,6,19
STK-0005929,LG-001077,Contractor,Stakeholder Group 2 (Gonda),High,Positive,11,9,2,22
STK-0005930,LG-001077,Local Authority,Stakeholder Group 3 (Gonda),High,Positive,48,40,8,22
STK-0005931,LG-001077,Local Authority,Stakeholder Group 4 (Gonda),High,Positive,40,34,6,13
STK-0005932,LG-001077,Local Authority,Stakeholder Group 5 (Gonda),High,Positive,11,9,2,8
STK-0005933,LG-001078,Landowner,Stakeholder Group 1 (Narsinghpur),High,Positive,43,36,7,20
STK-0005934,LG-001078,District Administration,Stakeholder Group 2 (Narsinghpur),High,Positive,26,22,4,9
STK-0005935,LG-001078,Local Authority,Stakeholder Group 3 (Narsinghpur),High,Positive,41,34,7,18
STK-0005936,LG-001078,Contractor,Stakeholder Group 4 (Narsinghpur),High,Positive,5,4,1,21
STK-0005937,LG-001079,Landowner,Stakeholder Group 1 (Samastipur),High,Positive,15,12,3,13
STK-0005938,LG-001079,Landowner,Stakeholder Group 2 (Samastipur),High,Positive,18,15,3,5
STK-0005939,LG-001079,District Administration,Stakeholder Group 3 (Samastipur),High,Positive,31,26,5,15
STK-0005940,LG-001079,Local Authority,Stakeholder Group 4 (Samastipur),High,Positive,31,26,5,5
STK-0005941,LG-001079,Local Authority,Stakeholder Group 5 (Samastipur),High,Positive,44,37,7,7
STK-0005942,LG-001079,District Administration,Stakeholder Group 6 (Samastipur),High,Positive,33,28,5,7
STK-0005943,LG-001080,District Administration,Stakeholder Group 1 (Hoshiarpur),Low,Negative,33,13,20,81
STK-0005944,LG-001080,Local Authority,Stakeholder Group 2 (Hoshiarpur),Low,Negative,44,17,27,69
STK-0005945,LG-001080,Landowner,Stakeholder Group 3 (Hoshiarpur),Low,Negative,11,4,7,75
STK-0005946,LG-001080,Village Administration,Stakeholder Group 4 (Hoshiarpur),Low,Negative,38,15,23,87
STK-0005947,LG-001080,Contractor,Stakeholder Group 5 (Hoshiarpur),Low,Negative,23,9,14,32
STK-0005948,LG-001080,District Administration,Stakeholder Group 6 (Hoshiarpur),Low,Negative,19,7,12,74
STK-0005949,LG-001080,District Administration,Stakeholder Group 7 (Hoshiarpur),Low,Negative,49,19,30,47
STK-0005950,LG-001081,Local Authority,Stakeholder Group 1 (Bareilly),Low,Negative,19,7,12,53
STK-0005951,LG-001081,Contractor,Stakeholder Group 2 (Bareilly),Low,Negative,38,15,23,37
STK-0005952,LG-001081,Contractor,Stakeholder Group 3 (Bareilly),Low,Negative,14,5,9,46
STK-0005953,LG-001081,Village Administration,Stakeholder Group 4 (Bareilly),Low,Negative,14,5,9,74
STK-0005954,LG-001081,Landowner,Stakeholder Group 5 (Bareilly),Low,Negative,45,18,27,59
STK-0005955,LG-001081,District Administration,Stakeholder Group 6 (Bareilly),Low,Negative,11,4,7,81
STK-0005956,LG-001081,District Administration,Stakeholder Group 7 (Bareilly),Low,Negative,14,5,9,75
STK-0005957,LG-001081,Contractor,Stakeholder Group 8 (Bareilly),Low,Negative,7,2,5,69
STK-0005958,LG-001082,Contractor,Stakeholder Group 1 (Valsad),Low,Negative,42,16,26,39
STK-0005959,LG-001082,Contractor,Stakeholder Group 2 (Valsad),Low,Negative,27,10,17,85
STK-0005960,LG-001082,District Administration,Stakeholder Group 3 (Valsad),Low,Negative,28,11,17,57
STK-0005961,LG-001082,District Administration,Stakeholder Group 4 (Valsad),Low,Negative,10,4,6,56
STK-0005962,LG-001082,Village Administration,Stakeholder Group 5 (Valsad),Low,Negative,15,6,9,78
STK-0005963,LG-001083,Village Administration,Stakeholder Group 1 (Phalodi),High,Positive,29,24,5,23
STK-0005964,LG-001083,Local Authority,Stakeholder Group 2 (Phalodi),High,Positive,46,39,7,21
STK-0005965,LG-001083,Village Administration,Stakeholder Group 3 (Phalodi),High,Positive,25,21,4,7
STK-0005966,LG-001084,Landowner,Stakeholder Group 1 (West Karbi Anglong),Low,Negative,23,9,14,43
STK-0005967,LG-001084,Landowner,Stakeholder Group 2 (West Karbi Anglong),Low,Negative,27,10,17,63
STK-0005968,LG-001084,Local Authority,Stakeholder Group 3 (West Karbi Anglong),Low,Negative,31,12,19,78
STK-0005969,LG-001084,Landowner,Stakeholder Group 4 (West Karbi Anglong),Low,Negative,26,10,16,82
STK-0005970,LG-001084,Local Authority,Stakeholder Group 5 (West Karbi Anglong),Low,Negative,16,6,10,53
STK-0005971,LG-001085,District Administration,Stakeholder Group 1 (Charaideo),High,Positive,20,17,3,15
STK-0005972,LG-001085,Landowner,Stakeholder Group 2 (Charaideo),High,Positive,11,9,2,8
STK-0005973,LG-001085,Local Authority,Stakeholder Group 3 (Charaideo),High,Positive,38,32,6,20
STK-0005974,LG-001085,Local Authority,Stakeholder Group 4 (Charaideo),High,Positive,47,39,8,16
STK-0005975,LG-001085,Village Administration,Stakeholder Group 5 (Charaideo),High,Positive,8,6,2,16
STK-0005976,LG-001085,District Administration,Stakeholder Group 6 (Charaideo),High,Positive,14,11,3,23
STK-0005977,LG-001085,District Administration,Stakeholder Group 7 (Charaideo),High,Positive,37,31,6,23
STK-0005978,LG-001085,District Administration,Stakeholder Group 8 (Charaideo),High,Positive,23,19,4,11
STK-0005979,LG-001086,Local Authority,Stakeholder Group 1 (Shahid Bhagat Singh Nagar),Low,Negative,49,19,30,53
STK-0005980,LG-001086,Contractor,Stakeholder Group 2 (Shahid Bhagat Singh Nagar),Low,Negative,29,11,18,46
STK-0005981,LG-001086,Landowner,Stakeholder Group 3 (Shahid Bhagat Singh Nagar),Low,Negative,40,16,24,65
STK-0005982,LG-001086,District Administration,Stakeholder Group 4 (Shahid Bhagat Singh Nagar),Low,Negative,11,4,7,83
STK-0005983,LG-001087,District Administration,Stakeholder Group 1 (Baran),Low,Negative,12,4,8,38
STK-0005984,LG-001087,Contractor,Stakeholder Group 2 (Baran),Low,Negative,27,10,17,81
STK-0005985,LG-001087,Village Administration,Stakeholder Group 3 (Baran),Low,Negative,31,12,19,30
STK-0005986,LG-001087,District Administration,Stakeholder Group 4 (Baran),Low,Negative,45,18,27,38
STK-0005987,LG-001087,Contractor,Stakeholder Group 5 (Baran),Low,Negative,31,12,19,31
STK-0005988,LG-001088,Landowner,Stakeholder Group 1 (Cuddalore),Low,Negative,23,9,14,61
STK-0005989,LG-001088,District Administration,Stakeholder Group 2 (Cuddalore),Low,Negative,50,20,30,37
STK-0005990,LG-001088,Contractor,Stakeholder Group 3 (Cuddalore),Low,Negative,45,18,27,63
STK-0005991,LG-001088,Local Authority,Stakeholder Group 4 (Cuddalore),Low,Negative,15,6,9,73
STK-0005992,LG-001089,Contractor,Stakeholder Group 1 (Agra),High,Positive,33,28,5,8
STK-0005993,LG-001089,District Administration,Stakeholder Group 2 (Agra),High,Positive,29,24,5,21
STK-0005994,LG-001089,Village Administration,Stakeholder Group 3 (Agra),High,Positive,28,23,5,16
STK-0005995,LG-001089,Village Administration,Stakeholder Group 4 (Agra),High,Positive,33,28,5,15
STK-0005996,LG-001089,Landowner,Stakeholder Group 5 (Agra),High,Positive,42,35,7,10
STK-0005997,LG-001089,District Administration,Stakeholder Group 6 (Agra),High,Positive,15,12,3,9
STK-0005998,LG-001089,Local Authority,Stakeholder Group 7 (Agra),High,Positive,37,31,6,24
STK-0005999,LG-001090,Local Authority,Stakeholder Group 1 (Murshidabad),Low,Negative,19,7,12,82
STK-0006000,LG-001090,Landowner,Stakeholder Group 2 (Murshidabad),Low,Negative,49,19,30,49
STK-0006001,LG-001090,Landowner,Stakeholder Group 3 (Murshidabad),Low,Negative,11,4,7,88
STK-0006002,LG-001091,Local Authority,Stakeholder Group 1 (Amritsar),High,Positive,26,22,4,24
STK-0006003,LG-001091,District Administration,Stakeholder Group 2 (Amritsar),High,Positive,27,22,5,22
STK-0006004,LG-001091,Contractor,Stakeholder Group 3 (Amritsar),High,Positive,21,17,4,6
STK-0006005,LG-001091,District Administration,Stakeholder Group 4 (Amritsar),High,Positive,8,6,2,17
STK-0006006,LG-001091,Local Authority,Stakeholder Group 5 (Amritsar),High,Positive,18,15,3,25
STK-0006007,LG-001091,District Administration,Stakeholder Group 6 (Amritsar),High,Positive,46,39,7,15
STK-0006008,LG-001091,Landowner,Stakeholder Group 7 (Amritsar),High,Positive,21,17,4,23
STK-0006009,LG-001092,Landowner,Stakeholder Group 1 (Damoh),High,Positive,49,41,8,10
STK-0006010,LG-001092,Contractor,Stakeholder Group 2 (Damoh),High,Positive,13,11,2,25
STK-0006011,LG-001092,Village Administration,Stakeholder Group 3 (Damoh),High,Positive,37,31,6,17
STK-0006012,LG-001092,District Administration,Stakeholder Group 4 (Damoh),High,Positive,13,11,2,21
STK-0006013,LG-001092,Village Administration,Stakeholder Group 5 (Damoh),High,Positive,36,30,6,19
STK-0006014,LG-001093,Contractor,Stakeholder Group 1 (Deoria),Low,Negative,5,2,3,70
STK-0006015,LG-001093,Contractor,Stakeholder Group 2 (Deoria),Low,Negative,41,16,25,52
STK-0006016,LG-001093,Local Authority,Stakeholder Group 3 (Deoria),Low,Negative,11,4,7,43
STK-0006017,LG-001094,District Administration,Stakeholder Group 1 (Hassan),High,Positive,11,9,2,6
STK-0006018,LG-001094,Local Authority,Stakeholder Group 2 (Hassan),High,Positive,26,22,4,15
STK-0006019,LG-001094,Local Authority,Stakeholder Group 3 (Hassan),High,Positive,38,32,6,15
STK-0006020,LG-001094,Village Administration,Stakeholder Group 4 (Hassan),High,Positive,49,41,8,11
STK-0006021,LG-001094,Village Administration,Stakeholder Group 5 (Hassan),High,Positive,8,6,2,21
STK-0006022,LG-001094,Contractor,Stakeholder Group 6 (Hassan),High,Positive,5,4,1,8
STK-0006023,LG-001094,Village Administration,Stakeholder Group 7 (Hassan),High,Positive,5,4,1,16
STK-0006024,LG-001094,Landowner,Stakeholder Group 8 (Hassan),High,Positive,15,12,3,5
STK-0006025,LG-001095,Contractor,Stakeholder Group 1 (Nagpur),Low,Negative,10,4,6,54
STK-0006026,LG-001095,District Administration,Stakeholder Group 2 (Nagpur),Low,Negative,26,10,16,31
STK-0006027,LG-001095,Village Administration,Stakeholder Group 3 (Nagpur),Low,Negative,42,16,26,70
STK-0006028,LG-001095,Local Authority,Stakeholder Group 4 (Nagpur),Low,Negative,19,7,12,37
STK-0006029,LG-001095,Village Administration,Stakeholder Group 5 (Nagpur),Low,Negative,34,13,21,89
STK-0006030,LG-001096,District Administration,Stakeholder Group 1 (Sivasagar),Low,Negative,22,8,14,45
STK-0006031,LG-001096,Local Authority,Stakeholder Group 2 (Sivasagar),Low,Negative,26,10,16,42
STK-0006032,LG-001096,Village Administration,Stakeholder Group 3 (Sivasagar),Low,Negative,23,9,14,32
STK-0006033,LG-001096,District Administration,Stakeholder Group 4 (Sivasagar),Low,Negative,17,6,11,30
STK-0006034,LG-001096,District Administration,Stakeholder Group 5 (Sivasagar),Low,Negative,25,10,15,63
STK-0006035,LG-001096,Local Authority,Stakeholder Group 6 (Sivasagar),Low,Negative,44,17,27,60
STK-0006036,LG-001097,Landowner,Stakeholder Group 1 (East Siang),Low,Negative,35,14,21,31
STK-0006037,LG-001097,Contractor,Stakeholder Group 2 (East Siang),Low,Negative,18,7,11,51
STK-0006038,LG-001097,Village Administration,Stakeholder Group 3 (East Siang),Low,Negative,30,12,18,74
STK-0006039,LG-001097,District Administration,Stakeholder Group 4 (East Siang),Low,Negative,40,16,24,44
STK-0006040,LG-001097,Local Authority,Stakeholder Group 5 (East Siang),Low,Negative,24,9,15,84
STK-0006041,LG-001097,Local Authority,Stakeholder Group 6 (East Siang),Low,Negative,31,12,19,73
STK-0006042,LG-001098,Village Administration,Stakeholder Group 1 (Nainital),High,Positive,34,28,6,15
STK-0006043,LG-001098,Village Administration,Stakeholder Group 2 (Nainital),High,Positive,31,26,5,25
STK-0006044,LG-001098,District Administration,Stakeholder Group 3 (Nainital),High,Positive,7,5,2,7
STK-0006045,LG-001098,District Administration,Stakeholder Group 4 (Nainital),High,Positive,10,8,2,22
STK-0006046,LG-001098,Local Authority,Stakeholder Group 5 (Nainital),High,Positive,17,14,3,20
STK-0006047,LG-001099,Landowner,Stakeholder Group 1 (Hardoi),Low,Negative,16,6,10,75
STK-0006048,LG-001099,Contractor,Stakeholder Group 2 (Hardoi),Low,Negative,9,3,6,69
STK-0006049,LG-001099,Local Authority,Stakeholder Group 3 (Hardoi),Low,Negative,37,14,23,30
STK-0006050,LG-001100,Local Authority,Stakeholder Group 1 (Khammam),High,Positive,17,14,3,12
STK-0006051,LG-001100,District Administration,Stakeholder Group 2 (Khammam),High,Positive,37,31,6,25
STK-0006052,LG-001100,District Administration,Stakeholder Group 3 (Khammam),High,Positive,20,17,3,6
STK-0006053,LG-001100,Local Authority,Stakeholder Group 4 (Khammam),High,Positive,40,34,6,15
STK-0006054,LG-001101,Local Authority,Stakeholder Group 1 (Mauganj),Low,Negative,25,10,15,86
STK-0006055,LG-001101,Contractor,Stakeholder Group 2 (Mauganj),Low,Negative,26,10,16,87
STK-0006056,LG-001101,Local Authority,Stakeholder Group 3 (Mauganj),Low,Negative,8,3,5,39
STK-0006057,LG-001101,District Administration,Stakeholder Group 4 (Mauganj),Low,Negative,9,3,6,60
STK-0006058,LG-001101,Contractor,Stakeholder Group 5 (Mauganj),Low,Negative,27,10,17,80
STK-0006059,LG-001101,Contractor,Stakeholder Group 6 (Mauganj),Low,Negative,33,13,20,87
STK-0006060,LG-001101,Local Authority,Stakeholder Group 7 (Mauganj),Low,Negative,44,17,27,82
STK-0006061,LG-001101,Contractor,Stakeholder Group 8 (Mauganj),Low,Negative,23,9,14,48
STK-0006062,LG-001102,Village Administration,Stakeholder Group 1 (Sukma),Low,Negative,8,3,5,39
STK-0006063,LG-001102,Contractor,Stakeholder Group 2 (Sukma),Low,Negative,15,6,9,86
STK-0006064,LG-001102,Landowner,Stakeholder Group 3 (Sukma),Low,Negative,28,11,17,82
STK-0006065,LG-001102,Landowner,Stakeholder Group 4 (Sukma),Low,Negative,18,7,11,48
STK-0006066,LG-001102,Local Authority,Stakeholder Group 5 (Sukma),Low,Negative,23,9,14,41
STK-0006067,LG-001102,Village Administration,Stakeholder Group 6 (Sukma),Low,Negative,44,17,27,61
STK-0006068,LG-001102,Landowner,Stakeholder Group 7 (Sukma),Low,Negative,26,10,16,90
STK-0006069,LG-001102,Village Administration,Stakeholder Group 8 (Sukma),Low,Negative,33,13,20,45
STK-0006070,LG-001103,Village Administration,Stakeholder Group 1 (Kanker),High,Positive,32,27,5,12
STK-0006071,LG-001103,Local Authority,Stakeholder Group 2 (Kanker),High,Positive,9,7,2,10
STK-0006072,LG-001103,District Administration,Stakeholder Group 3 (Kanker),High,Positive,42,35,7,24
STK-0006073,LG-001103,District Administration,Stakeholder Group 4 (Kanker),High,Positive,14,11,3,24
STK-0006074,LG-001104,Landowner,Stakeholder Group 1 (Palamu),Low,Negative,39,15,24,73
STK-0006075,LG-001104,Landowner,Stakeholder Group 2 (Palamu),Low,Negative,42,16,26,52
STK-0006076,LG-001104,District Administration,Stakeholder Group 3 (Palamu),Low,Negative,49,19,30,65
STK-0006077,LG-001104,District Administration,Stakeholder Group 4 (Palamu),Low,Negative,22,8,14,76
STK-0006078,LG-001104,District Administration,Stakeholder Group 5 (Palamu),Low,Negative,9,3,6,43
STK-0006079,LG-001104,Local Authority,Stakeholder Group 6 (Palamu),Low,Negative,42,16,26,71
STK-0006080,LG-001104,Contractor,Stakeholder Group 7 (Palamu),Low,Negative,42,16,26,30
STK-0006081,LG-001105,District Administration,Stakeholder Group 1 (Bundi),High,Positive,49,41,8,13
STK-0006082,LG-001105,Village Administration,Stakeholder Group 2 (Bundi),High,Positive,26,22,4,12
STK-0006083,LG-001105,Village Administration,Stakeholder Group 3 (Bundi),High,Positive,35,29,6,5
STK-0006084,LG-001105,Contractor,Stakeholder Group 4 (Bundi),High,Positive,6,5,1,17
STK-0006085,LG-001106,District Administration,Stakeholder Group 1 (Sangareddy),High,Positive,14,11,3,10
STK-0006086,LG-001106,Contractor,Stakeholder Group 2 (Sangareddy),High,Positive,32,27,5,10
STK-0006087,LG-001106,Landowner,Stakeholder Group 3 (Sangareddy),High,Positive,34,28,6,18
STK-0006088,LG-001106,Village Administration,Stakeholder Group 4 (Sangareddy),High,Positive,27,22,5,15
STK-0006089,LG-001106,Contractor,Stakeholder Group 5 (Sangareddy),High,Positive,35,29,6,21
STK-0006090,LG-001106,Contractor,Stakeholder Group 6 (Sangareddy),High,Positive,20,17,3,11
STK-0006091,LG-001106,Local Authority,Stakeholder Group 7 (Sangareddy),High,Positive,36,30,6,25
STK-0006092,LG-001107,Village Administration,Stakeholder Group 1 (Ranipet),Low,Negative,48,19,29,55
STK-0006093,LG-001107,District Administration,Stakeholder Group 2 (Ranipet),Low,Negative,48,19,29,48
STK-0006094,LG-001107,District Administration,Stakeholder Group 3 (Ranipet),Low,Negative,16,6,10,36
STK-0006095,LG-001107,Landowner,Stakeholder Group 4 (Ranipet),Low,Negative,48,19,29,39
STK-0006096,LG-001107,Local Authority,Stakeholder Group 5 (Ranipet),Low,Negative,21,8,13,31
STK-0006097,LG-001107,Contractor,Stakeholder Group 6 (Ranipet),Low,Negative,27,10,17,82
STK-0006098,LG-001108,District Administration,Stakeholder Group 1 (Raichur),Low,Negative,25,10,15,36
STK-0006099,LG-001108,Landowner,Stakeholder Group 2 (Raichur),Low,Negative,37,14,23,34
STK-0006100,LG-001108,Landowner,Stakeholder Group 3 (Raichur),Low,Negative,36,14,22,88
STK-0006101,LG-001108,Landowner,Stakeholder Group 4 (Raichur),Low,Negative,49,19,30,30
STK-0006102,LG-001108,Contractor,Stakeholder Group 5 (Raichur),Low,Negative,27,10,17,61
STK-0006103,LG-001108,Contractor,Stakeholder Group 6 (Raichur),Low,Negative,42,16,26,32
STK-0006104,LG-001108,District Administration,Stakeholder Group 7 (Raichur),Low,Negative,40,16,24,68
STK-0006105,LG-001109,Landowner,Stakeholder Group 1 (Unnao),High,Positive,36,30,6,9
STK-0006106,LG-001109,District Administration,Stakeholder Group 2 (Unnao),High,Positive,43,36,7,14
STK-0006107,LG-001109,Contractor,Stakeholder Group 3 (Unnao),High,Positive,40,34,6,6
STK-0006108,LG-001110,District Administration,Stakeholder Group 1 (Amroha),High,Positive,42,35,7,22
STK-0006109,LG-001110,District Administration,Stakeholder Group 2 (Amroha),High,Positive,7,5,2,8
STK-0006110,LG-001110,Village Administration,Stakeholder Group 3 (Amroha),High,Positive,26,22,4,7
STK-0006111,LG-001111,Contractor,Stakeholder Group 1 (Churu),Low,Negative,49,19,30,41
STK-0006112,LG-001111,District Administration,Stakeholder Group 2 (Churu),Low,Negative,42,16,26,78
STK-0006113,LG-001111,Village Administration,Stakeholder Group 3 (Churu),Low,Negative,38,15,23,84
STK-0006114,LG-001111,Local Authority,Stakeholder Group 4 (Churu),Low,Negative,21,8,13,63
STK-0006115,LG-001111,Village Administration,Stakeholder Group 5 (Churu),Low,Negative,46,18,28,51
STK-0006116,LG-001112,Village Administration,Stakeholder Group 1 (Dudu),Low,Negative,33,13,20,85
STK-0006117,LG-001112,Contractor,Stakeholder Group 2 (Dudu),Low,Negative,30,12,18,89
STK-0006118,LG-001112,Local Authority,Stakeholder Group 3 (Dudu),Low,Negative,20,8,12,66
STK-0006119,LG-001112,Contractor,Stakeholder Group 4 (Dudu),Low,Negative,25,10,15,70
STK-0006120,LG-001113,District Administration,Stakeholder Group 1 (Beed),Low,Negative,46,18,28,37
STK-0006121,LG-001113,Village Administration,Stakeholder Group 2 (Beed),Low,Negative,42,16,26,45
STK-0006122,LG-001113,Contractor,Stakeholder Group 3 (Beed),Low,Negative,35,14,21,78
STK-0006123,LG-001113,Landowner,Stakeholder Group 4 (Beed),Low,Negative,25,10,15,39
STK-0006124,LG-001113,District Administration,Stakeholder Group 5 (Beed),Low,Negative,49,19,30,54
STK-0006125,LG-001113,Village Administration,Stakeholder Group 6 (Beed),Low,Negative,9,3,6,66
STK-0006126,LG-001113,Village Administration,Stakeholder Group 7 (Beed),Low,Negative,48,19,29,35
STK-0006127,LG-001113,District Administration,Stakeholder Group 8 (Beed),Low,Negative,33,13,20,42
STK-0006128,LG-001114,Local Authority,Stakeholder Group 1 (Latehar),High,Positive,34,28,6,22
STK-0006129,LG-001114,District Administration,Stakeholder Group 2 (Latehar),High,Positive,50,42,8,16
STK-0006130,LG-001114,Contractor,Stakeholder Group 3 (Latehar),High,Positive,34,28,6,5
STK-0006131,LG-001114,Local Authority,Stakeholder Group 4 (Latehar),High,Positive,30,25,5,21
STK-0006132,LG-001114,District Administration,Stakeholder Group 5 (Latehar),High,Positive,19,16,3,22
STK-0006133,LG-001115,Contractor,Stakeholder Group 1 (Mandsaur),High,Positive,21,17,4,20
STK-0006134,LG-001115,Village Administration,Stakeholder Group 2 (Mandsaur),High,Positive,10,8,2,21
STK-0006135,LG-001115,Village Administration,Stakeholder Group 3 (Mandsaur),High,Positive,8,6,2,15
STK-0006136,LG-001115,Landowner,Stakeholder Group 4 (Mandsaur),High,Positive,26,22,4,11
STK-0006137,LG-001115,District Administration,Stakeholder Group 5 (Mandsaur),High,Positive,43,36,7,12
STK-0006138,LG-001115,Local Authority,Stakeholder Group 6 (Mandsaur),High,Positive,28,23,5,18
STK-0006139,LG-001115,Contractor,Stakeholder Group 7 (Mandsaur),High,Positive,39,33,6,15
STK-0006140,LG-001116,Local Authority,Stakeholder Group 1 (Ballia),High,Positive,36,30,6,22
STK-0006141,LG-001116,Landowner,Stakeholder Group 2 (Ballia),High,Positive,6,5,1,20
STK-0006142,LG-001116,Local Authority,Stakeholder Group 3 (Ballia),High,Positive,42,35,7,14
STK-0006143,LG-001116,Contractor,Stakeholder Group 4 (Ballia),High,Positive,25,21,4,20
STK-0006144,LG-001116,Landowner,Stakeholder Group 5 (Ballia),High,Positive,8,6,2,10
STK-0006145,LG-001116,Local Authority,Stakeholder Group 6 (Ballia),High,Positive,7,5,2,9
STK-0006146,LG-001117,Landowner,Stakeholder Group 1 (Srikakulam),High,Positive,47,39,8,22
STK-0006147,LG-001117,Village Administration,Stakeholder Group 2 (Srikakulam),High,Positive,36,30,6,24
STK-0006148,LG-001117,Local Authority,Stakeholder Group 3 (Srikakulam),High,Positive,13,11,2,8
STK-0006149,LG-001117,Local Authority,Stakeholder Group 4 (Srikakulam),High,Positive,5,4,1,9
STK-0006150,LG-001117,Local Authority,Stakeholder Group 5 (Srikakulam),High,Positive,34,28,6,16
STK-0006151,LG-001117,Contractor,Stakeholder Group 6 (Srikakulam),High,Positive,5,4,1,21
STK-0006152,LG-001117,District Administration,Stakeholder Group 7 (Srikakulam),High,Positive,5,4,1,15
STK-0006153,LG-001117,Contractor,Stakeholder Group 8 (Srikakulam),High,Positive,33,28,5,7
STK-0006154,LG-001118,Local Authority,Stakeholder Group 1 (Muzaffarpur),Low,Negative,31,12,19,51
STK-0006155,LG-001118,Village Administration,Stakeholder Group 2 (Muzaffarpur),Low,Negative,9,3,6,44
STK-0006156,LG-001118,Local Authority,Stakeholder Group 3 (Muzaffarpur),Low,Negative,23,9,14,84
STK-0006157,LG-001118,District Administration,Stakeholder Group 4 (Muzaffarpur),Low,Negative,20,8,12,30
STK-0006158,LG-001118,District Administration,Stakeholder Group 5 (Muzaffarpur),Low,Negative,44,17,27,89
STK-0006159,LG-001118,District Administration,Stakeholder Group 6 (Muzaffarpur),Low,Negative,25,10,15,63
STK-0006160,LG-001118,District Administration,Stakeholder Group 7 (Muzaffarpur),Low,Negative,48,19,29,62
STK-0006161,LG-001118,Local Authority,Stakeholder Group 8 (Muzaffarpur),Low,Negative,14,5,9,32
STK-0006162,LG-001119,Landowner,Stakeholder Group 1 (Baksa),High,Positive,30,25,5,12
STK-0006163,LG-001119,Landowner,Stakeholder Group 2 (Baksa),High,Positive,36,30,6,5
STK-0006164,LG-001119,Contractor,Stakeholder Group 3 (Baksa),High,Positive,9,7,2,22
STK-0006165,LG-001119,Village Administration,Stakeholder Group 4 (Baksa),High,Positive,19,16,3,15
STK-0006166,LG-001119,Contractor,Stakeholder Group 5 (Baksa),High,Positive,41,34,7,18
STK-0006167,LG-001119,Village Administration,Stakeholder Group 6 (Baksa),High,Positive,11,9,2,17
STK-0006168,LG-001119,Landowner,Stakeholder Group 7 (Baksa),High,Positive,22,18,4,8
STK-0006169,LG-001119,Local Authority,Stakeholder Group 8 (Baksa),High,Positive,6,5,1,11
STK-0006170,LG-001120,Contractor,Stakeholder Group 1 (West Kameng),High,Positive,35,29,6,24
STK-0006171,LG-001120,Landowner,Stakeholder Group 2 (West Kameng),High,Positive,40,34,6,17
STK-0006172,LG-001120,Contractor,Stakeholder Group 3 (West Kameng),High,Positive,46,39,7,12
STK-0006173,LG-001120,Contractor,Stakeholder Group 4 (West Kameng),High,Positive,43,36,7,9
STK-0006174,LG-001120,Local Authority,Stakeholder Group 5 (West Kameng),High,Positive,40,34,6,24
STK-0006175,LG-001120,District Administration,Stakeholder Group 6 (West Kameng),High,Positive,38,32,6,24
STK-0006176,LG-001120,Contractor,Stakeholder Group 7 (West Kameng),High,Positive,44,37,7,17
STK-0006177,LG-001121,Local Authority,Stakeholder Group 1 (Kanpur Dehat),High,Positive,46,39,7,13
STK-0006178,LG-001121,Village Administration,Stakeholder Group 2 (Kanpur Dehat),High,Positive,37,31,6,24
STK-0006179,LG-001121,Contractor,Stakeholder Group 3 (Kanpur Dehat),High,Positive,32,27,5,6
STK-0006180,LG-001121,Village Administration,Stakeholder Group 4 (Kanpur Dehat),High,Positive,16,13,3,20
STK-0006181,LG-001121,Village Administration,Stakeholder Group 5 (Kanpur Dehat),High,Positive,30,25,5,24
STK-0006182,LG-001122,Landowner,Stakeholder Group 1 (Medchal-Malkajgiri),High,Positive,7,5,2,24
STK-0006183,LG-001122,District Administration,Stakeholder Group 2 (Medchal-Malkajgiri),High,Positive,8,6,2,8
STK-0006184,LG-001122,District Administration,Stakeholder Group 3 (Medchal-Malkajgiri),High,Positive,27,22,5,13
STK-0006185,LG-001122,Village Administration,Stakeholder Group 4 (Medchal-Malkajgiri),High,Positive,22,18,4,12
STK-0006186,LG-001122,Village Administration,Stakeholder Group 5 (Medchal-Malkajgiri),High,Positive,37,31,6,9
STK-0006187,LG-001123,Landowner,Stakeholder Group 1 (Khawzawl),High,Positive,8,6,2,7
STK-0006188,LG-001123,Local Authority,Stakeholder Group 2 (Khawzawl),High,Positive,10,8,2,24
STK-0006189,LG-001123,Landowner,Stakeholder Group 3 (Khawzawl),High,Positive,36,30,6,19
STK-0006190,LG-001123,District Administration,Stakeholder Group 4 (Khawzawl),High,Positive,24,20,4,19
STK-0006191,LG-001123,Local Authority,Stakeholder Group 5 (Khawzawl),High,Positive,21,17,4,7
STK-0006192,LG-001123,Local Authority,Stakeholder Group 6 (Khawzawl),High,Positive,36,30,6,12
STK-0006193,LG-001124,District Administration,Stakeholder Group 1 (Darbhanga),Low,Negative,14,5,9,68
STK-0006194,LG-001124,Village Administration,Stakeholder Group 2 (Darbhanga),Low,Negative,20,8,12,65
STK-0006195,LG-001124,District Administration,Stakeholder Group 3 (Darbhanga),Low,Negative,13,5,8,78
STK-0006196,LG-001124,Landowner,Stakeholder Group 4 (Darbhanga),Low,Negative,41,16,25,71
STK-0006197,LG-001124,Contractor,Stakeholder Group 5 (Darbhanga),Low,Negative,48,19,29,83
STK-0006198,LG-001124,Village Administration,Stakeholder Group 6 (Darbhanga),Low,Negative,35,14,21,46
STK-0006199,LG-001124,Landowner,Stakeholder Group 7 (Darbhanga),Low,Negative,5,2,3,50
STK-0006200,LG-001125,Contractor,Stakeholder Group 1 (Cuttack),High,Positive,6,5,1,7
STK-0006201,LG-001125,District Administration,Stakeholder Group 2 (Cuttack),High,Positive,18,15,3,10
STK-0006202,LG-001125,Contractor,Stakeholder Group 3 (Cuttack),High,Positive,16,13,3,24
STK-0006203,LG-001125,Local Authority,Stakeholder Group 4 (Cuttack),High,Positive,19,16,3,7
STK-0006204,LG-001125,Contractor,Stakeholder Group 5 (Cuttack),High,Positive,12,10,2,19
STK-0006205,LG-001125,District Administration,Stakeholder Group 6 (Cuttack),High,Positive,15,12,3,24
STK-0006206,LG-001125,Local Authority,Stakeholder Group 7 (Cuttack),High,Positive,47,39,8,22
STK-0006207,LG-001126,Local Authority,Stakeholder Group 1 (Champhai),High,Positive,19,16,3,20
STK-0006208,LG-001126,Village Administration,Stakeholder Group 2 (Champhai),High,Positive,10,8,2,22
STK-0006209,LG-001126,Contractor,Stakeholder Group 3 (Champhai),High,Positive,12,10,2,14
STK-0006210,LG-001126,District Administration,Stakeholder Group 4 (Champhai),High,Positive,29,24,5,15
STK-0006211,LG-001126,Landowner,Stakeholder Group 5 (Champhai),High,Positive,8,6,2,22
STK-0006212,LG-001126,Landowner,Stakeholder Group 6 (Champhai),High,Positive,7,5,2,12
STK-0006213,LG-001126,Contractor,Stakeholder Group 7 (Champhai),High,Positive,42,35,7,18
STK-0006214,LG-001126,Village Administration,Stakeholder Group 8 (Champhai),High,Positive,38,32,6,7
STK-0006215,LG-001127,Contractor,Stakeholder Group 1 (Sukma),High,Positive,7,5,2,25
STK-0006216,LG-001127,Contractor,Stakeholder Group 2 (Sukma),High,Positive,50,42,8,20
STK-0006217,LG-001127,Contractor,Stakeholder Group 3 (Sukma),High,Positive,7,5,2,6
STK-0006218,LG-001127,District Administration,Stakeholder Group 4 (Sukma),High,Positive,29,24,5,14
STK-0006219,LG-001127,Local Authority,Stakeholder Group 5 (Sukma),High,Positive,29,24,5,17
STK-0006220,LG-001127,Local Authority,Stakeholder Group 6 (Sukma),High,Positive,47,39,8,12
STK-0006221,LG-001127,Village Administration,Stakeholder Group 7 (Sukma),High,Positive,6,5,1,20
STK-0006222,LG-001128,Contractor,Stakeholder Group 1 (Kolhapur),High,Positive,25,21,4,9
STK-0006223,LG-001128,Landowner,Stakeholder Group 2 (Kolhapur),High,Positive,41,34,7,9
STK-0006224,LG-001128,Contractor,Stakeholder Group 3 (Kolhapur),High,Positive,20,17,3,19
STK-0006225,LG-001129,Village Administration,Stakeholder Group 1 (Singrauli),High,Positive,28,23,5,18
STK-0006226,LG-001129,District Administration,Stakeholder Group 2 (Singrauli),High,Positive,26,22,4,18
STK-0006227,LG-001129,District Administration,Stakeholder Group 3 (Singrauli),High,Positive,35,29,6,10
STK-0006228,LG-001130,Landowner,Stakeholder Group 1 (Kekri),High,Positive,43,36,7,19
STK-0006229,LG-001130,Contractor,Stakeholder Group 2 (Kekri),High,Positive,35,29,6,8
STK-0006230,LG-001130,Contractor,Stakeholder Group 3 (Kekri),High,Positive,45,38,7,12
STK-0006231,LG-001130,Landowner,Stakeholder Group 4 (Kekri),High,Positive,11,9,2,15
STK-0006232,LG-001131,Village Administration,Stakeholder Group 1 (Chennai),High,Positive,20,17,3,17
STK-0006233,LG-001131,Village Administration,Stakeholder Group 2 (Chennai),High,Positive,12,10,2,10
STK-0006234,LG-001131,Landowner,Stakeholder Group 3 (Chennai),High,Positive,29,24,5,23
STK-0006235,LG-001131,Local Authority,Stakeholder Group 4 (Chennai),High,Positive,30,25,5,14
STK-0006236,LG-001131,District Administration,Stakeholder Group 5 (Chennai),High,Positive,46,39,7,12
STK-0006237,LG-001131,Village Administration,Stakeholder Group 6 (Chennai),High,Positive,5,4,1,14
STK-0006238,LG-001131,District Administration,Stakeholder Group 7 (Chennai),High,Positive,19,16,3,24
STK-0006239,LG-001131,Local Authority,Stakeholder Group 8 (Chennai),High,Positive,17,14,3,12
STK-0006240,LG-001132,Local Authority,Stakeholder Group 1 (Baksa),Low,Negative,16,6,10,43
STK-0006241,LG-001132,Contractor,Stakeholder Group 2 (Baksa),Low,Negative,37,14,23,84
STK-0006242,LG-001132,Landowner,Stakeholder Group 3 (Baksa),Low,Negative,41,16,25,42
STK-0006243,LG-001132,Local Authority,Stakeholder Group 4 (Baksa),Low,Negative,30,12,18,75
STK-0006244,LG-001133,Village Administration,Stakeholder Group 1 (Ratlam),High,Positive,13,11,2,9
STK-0006245,LG-001133,Contractor,Stakeholder Group 2 (Ratlam),High,Positive,36,30,6,7
STK-0006246,LG-001133,Landowner,Stakeholder Group 3 (Ratlam),High,Positive,40,34,6,15
STK-0006247,LG-001133,Contractor,Stakeholder Group 4 (Ratlam),High,Positive,47,39,8,15
STK-0006248,LG-001133,Landowner,Stakeholder Group 5 (Ratlam),High,Positive,20,17,3,22
STK-0006249,LG-001134,Village Administration,Stakeholder Group 1 (Salumbar),High,Positive,50,42,8,22
STK-0006250,LG-001134,Landowner,Stakeholder Group 2 (Salumbar),High,Positive,37,31,6,18
STK-0006251,LG-001134,Local Authority,Stakeholder Group 3 (Salumbar),High,Positive,6,5,1,17
STK-0006252,LG-001134,Local Authority,Stakeholder Group 4 (Salumbar),High,Positive,14,11,3,19
STK-0006253,LG-001135,District Administration,Stakeholder Group 1 (Kendujhar),High,Positive,18,15,3,24
STK-0006254,LG-001135,Landowner,Stakeholder Group 2 (Kendujhar),High,Positive,33,28,5,19
STK-0006255,LG-001135,District Administration,Stakeholder Group 3 (Kendujhar),High,Positive,37,31,6,18
STK-0006256,LG-001135,Village Administration,Stakeholder Group 4 (Kendujhar),High,Positive,33,28,5,12
STK-0006257,LG-001135,Landowner,Stakeholder Group 5 (Kendujhar),High,Positive,36,30,6,18
STK-0006258,LG-001135,Village Administration,Stakeholder Group 6 (Kendujhar),High,Positive,45,38,7,22
STK-0006259,LG-001135,Village Administration,Stakeholder Group 7 (Kendujhar),High,Positive,41,34,7,17
STK-0006260,LG-001135,Contractor,Stakeholder Group 8 (Kendujhar),High,Positive,40,34,6,11
STK-0006261,LG-001136,Contractor,Stakeholder Group 1 (Kanpur Nagar),High,Positive,9,7,2,7
STK-0006262,LG-001136,Local Authority,Stakeholder Group 2 (Kanpur Nagar),High,Positive,28,23,5,21
STK-0006263,LG-001136,Village Administration,Stakeholder Group 3 (Kanpur Nagar),High,Positive,20,17,3,9
STK-0006264,LG-001136,District Administration,Stakeholder Group 4 (Kanpur Nagar),High,Positive,28,23,5,17
STK-0006265,LG-001136,Village Administration,Stakeholder Group 5 (Kanpur Nagar),High,Positive,13,11,2,19
STK-0006266,LG-001136,District Administration,Stakeholder Group 6 (Kanpur Nagar),High,Positive,17,14,3,17
STK-0006267,LG-001137,Village Administration,Stakeholder Group 1 (Pudukkottai),Low,Negative,35,14,21,62
STK-0006268,LG-001137,Landowner,Stakeholder Group 2 (Pudukkottai),Low,Negative,23,9,14,46
STK-0006269,LG-001137,Contractor,Stakeholder Group 3 (Pudukkottai),Low,Negative,33,13,20,39
STK-0006270,LG-001137,District Administration,Stakeholder Group 4 (Pudukkottai),Low,Negative,28,11,17,88
STK-0006271,LG-001138,District Administration,Stakeholder Group 1 (Mohla-Manpur-Ambagarh Chowki),Low,Negative,23,9,14,83
STK-0006272,LG-001138,Village Administration,Stakeholder Group 2 (Mohla-Manpur-Ambagarh Chowki),Low,Negative,8,3,5,54
STK-0006273,LG-001138,District Administration,Stakeholder Group 3 (Mohla-Manpur-Ambagarh Chowki),Low,Negative,47,18,29,68
STK-0006274,LG-001138,District Administration,Stakeholder Group 4 (Mohla-Manpur-Ambagarh Chowki),Low,Negative,13,5,8,42
STK-0006275,LG-001138,Local Authority,Stakeholder Group 5 (Mohla-Manpur-Ambagarh Chowki),Low,Negative,38,15,23,86
STK-0006276,LG-001138,Village Administration,Stakeholder Group 6 (Mohla-Manpur-Ambagarh Chowki),Low,Negative,48,19,29,52
STK-0006277,LG-001138,District Administration,Stakeholder Group 7 (Mohla-Manpur-Ambagarh Chowki),Low,Negative,11,4,7,61
STK-0006278,LG-001138,Village Administration,Stakeholder Group 8 (Mohla-Manpur-Ambagarh Chowki),Low,Negative,19,7,12,40
STK-0006279,LG-001139,Village Administration,Stakeholder Group 1 (Karimganj),High,Positive,34,28,6,19
STK-0006280,LG-001139,Contractor,Stakeholder Group 2 (Karimganj),High,Positive,43,36,7,20
STK-0006281,LG-001139,Local Authority,Stakeholder Group 3 (Karimganj),High,Positive,48,40,8,8
STK-0006282,LG-001139,Landowner,Stakeholder Group 4 (Karimganj),High,Positive,14,11,3,22
STK-0006283,LG-001140,Local Authority,Stakeholder Group 1 (Kallakurichi),High,Positive,38,32,6,16
STK-0006284,LG-001140,District Administration,Stakeholder Group 2 (Kallakurichi),High,Positive,44,37,7,9
STK-0006285,LG-001140,Local Authority,Stakeholder Group 3 (Kallakurichi),High,Positive,50,42,8,16
STK-0006286,LG-001140,District Administration,Stakeholder Group 4 (Kallakurichi),High,Positive,43,36,7,17
STK-0006287,LG-001140,Contractor,Stakeholder Group 5 (Kallakurichi),High,Positive,11,9,2,17
STK-0006288,LG-001140,Contractor,Stakeholder Group 6 (Kallakurichi),High,Positive,9,7,2,23
STK-0006289,LG-001140,Village Administration,Stakeholder Group 7 (Kallakurichi),High,Positive,31,26,5,11
STK-0006290,LG-001141,District Administration,Stakeholder Group 1 (Kra Daadi),Low,Negative,33,13,20,57
STK-0006291,LG-001141,Contractor,Stakeholder Group 2 (Kra Daadi),Low,Negative,35,14,21,39
STK-0006292,LG-001141,Village Administration,Stakeholder Group 3 (Kra Daadi),Low,Negative,12,4,8,84
STK-0006293,LG-001141,Village Administration,Stakeholder Group 4 (Kra Daadi),Low,Negative,22,8,14,52
STK-0006294,LG-001141,Village Administration,Stakeholder Group 5 (Kra Daadi),Low,Negative,37,14,23,62
STK-0006295,LG-001141,Village Administration,Stakeholder Group 6 (Kra Daadi),Low,Negative,33,13,20,65
STK-0006296,LG-001141,Contractor,Stakeholder Group 7 (Kra Daadi),Low,Negative,5,2,3,90
STK-0006297,LG-001141,Contractor,Stakeholder Group 8 (Kra Daadi),Low,Negative,6,2,4,73
STK-0006298,LG-001142,Contractor,Stakeholder Group 1 (Pratapgarh),Low,Negative,38,15,23,67
STK-0006299,LG-001142,District Administration,Stakeholder Group 2 (Pratapgarh),Low,Negative,13,5,8,36
STK-0006300,LG-001142,Village Administration,Stakeholder Group 3 (Pratapgarh),Low,Negative,6,2,4,79
STK-0006301,LG-001142,Landowner,Stakeholder Group 4 (Pratapgarh),Low,Negative,9,3,6,53
STK-0006302,LG-001143,Landowner,Stakeholder Group 1 (Shravasti),High,Positive,16,13,3,19
STK-0006303,LG-001143,Local Authority,Stakeholder Group 2 (Shravasti),High,Positive,25,21,4,17
STK-0006304,LG-001143,District Administration,Stakeholder Group 3 (Shravasti),High,Positive,26,22,4,22
STK-0006305,LG-001143,Landowner,Stakeholder Group 4 (Shravasti),High,Positive,8,6,2,11
STK-0006306,LG-001143,District Administration,Stakeholder Group 5 (Shravasti),High,Positive,28,23,5,17
STK-0006307,LG-001143,Landowner,Stakeholder Group 6 (Shravasti),High,Positive,42,35,7,8
STK-0006308,LG-001144,Village Administration,Stakeholder Group 1 (Jodhpur),High,Positive,9,7,2,23
STK-0006309,LG-001144,Landowner,Stakeholder Group 2 (Jodhpur),High,Positive,11,9,2,14
STK-0006310,LG-001144,Local Authority,Stakeholder Group 3 (Jodhpur),High,Positive,35,29,6,7
STK-0006311,LG-001144,District Administration,Stakeholder Group 4 (Jodhpur),High,Positive,45,38,7,7
STK-0006312,LG-001144,Contractor,Stakeholder Group 5 (Jodhpur),High,Positive,42,35,7,12
STK-0006313,LG-001144,Local Authority,Stakeholder Group 6 (Jodhpur),High,Positive,20,17,3,11
STK-0006314,LG-001144,Village Administration,Stakeholder Group 7 (Jodhpur),High,Positive,42,35,7,6
STK-0006315,LG-001145,Village Administration,Stakeholder Group 1 (Shajapur),High,Positive,31,26,5,10
STK-0006316,LG-001145,Village Administration,Stakeholder Group 2 (Shajapur),High,Positive,48,40,8,18
STK-0006317,LG-001145,Landowner,Stakeholder Group 3 (Shajapur),High,Positive,9,7,2,14
STK-0006318,LG-001145,Local Authority,Stakeholder Group 4 (Shajapur),High,Positive,45,38,7,16
STK-0006319,LG-001145,Village Administration,Stakeholder Group 5 (Shajapur),High,Positive,40,34,6,6
STK-0006320,LG-001145,Landowner,Stakeholder Group 6 (Shajapur),High,Positive,5,4,1,11
STK-0006321,LG-001145,District Administration,Stakeholder Group 7 (Shajapur),High,Positive,47,39,8,22
STK-0006322,LG-001146,Contractor,Stakeholder Group 1 (Kallakurichi),Low,Negative,8,3,5,34
STK-0006323,LG-001146,Local Authority,Stakeholder Group 2 (Kallakurichi),Low,Negative,39,15,24,77
STK-0006324,LG-001146,District Administration,Stakeholder Group 3 (Kallakurichi),Low,Negative,18,7,11,53
STK-0006325,LG-001146,Contractor,Stakeholder Group 4 (Kallakurichi),Low,Negative,24,9,15,60
STK-0006326,LG-001147,Local Authority,Stakeholder Group 1 (Wardha),High,Positive,35,29,6,18
STK-0006327,LG-001147,Village Administration,Stakeholder Group 2 (Wardha),High,Positive,42,35,7,18
STK-0006328,LG-001147,Village Administration,Stakeholder Group 3 (Wardha),High,Positive,34,28,6,7
STK-0006329,LG-001147,Landowner,Stakeholder Group 4 (Wardha),High,Positive,6,5,1,13
STK-0006330,LG-001147,Contractor,Stakeholder Group 5 (Wardha),High,Positive,23,19,4,19
STK-0006331,LG-001147,Local Authority,Stakeholder Group 6 (Wardha),High,Positive,9,7,2,22
STK-0006332,LG-001147,Contractor,Stakeholder Group 7 (Wardha),High,Positive,38,32,6,19
STK-0006333,LG-001147,Local Authority,Stakeholder Group 8 (Wardha),High,Positive,26,22,4,19
STK-0006334,LG-001148,Village Administration,Stakeholder Group 1 (Bhilwara),Low,Negative,25,10,15,67
STK-0006335,LG-001148,Village Administration,Stakeholder Group 2 (Bhilwara),Low,Negative,46,18,28,78
STK-0006336,LG-001148,Contractor,Stakeholder Group 3 (Bhilwara),Low,Negative,15,6,9,78
STK-0006337,LG-001148,Landowner,Stakeholder Group 4 (Bhilwara),Low,Negative,10,4,6,32
STK-0006338,LG-001148,Contractor,Stakeholder Group 5 (Bhilwara),Low,Negative,50,20,30,81
STK-0006339,LG-001149,Landowner,Stakeholder Group 1 (Siddharthnagar),High,Positive,37,31,6,10
STK-0006340,LG-001149,District Administration,Stakeholder Group 2 (Siddharthnagar),High,Positive,19,16,3,24
STK-0006341,LG-001149,District Administration,Stakeholder Group 3 (Siddharthnagar),High,Positive,8,6,2,16
STK-0006342,LG-001149,Contractor,Stakeholder Group 4 (Siddharthnagar),High,Positive,43,36,7,20
STK-0006343,LG-001149,District Administration,Stakeholder Group 5 (Siddharthnagar),High,Positive,27,22,5,25
STK-0006344,LG-001150,Village Administration,Stakeholder Group 1 (Shahdol),High,Positive,36,30,6,8
STK-0006345,LG-001150,Local Authority,Stakeholder Group 2 (Shahdol),High,Positive,47,39,8,23
STK-0006346,LG-001150,Local Authority,Stakeholder Group 3 (Shahdol),High,Positive,5,4,1,19
STK-0006347,LG-001150,District Administration,Stakeholder Group 4 (Shahdol),High,Positive,14,11,3,18
STK-0006348,LG-001150,Landowner,Stakeholder Group 5 (Shahdol),High,Positive,8,6,2,10
STK-0006349,LG-001150,Village Administration,Stakeholder Group 6 (Shahdol),High,Positive,40,34,6,11
STK-0006350,LG-001150,Local Authority,Stakeholder Group 7 (Shahdol),High,Positive,27,22,5,8
STK-0006351,LG-001150,Village Administration,Stakeholder Group 8 (Shahdol),High,Positive,14,11,3,11
STK-0006352,LG-001151,Landowner,Stakeholder Group 1 (Chamoli),High,Positive,10,8,2,14
STK-0006353,LG-001151,Landowner,Stakeholder Group 2 (Chamoli),High,Positive,37,31,6,18
STK-0006354,LG-001151,Village Administration,Stakeholder Group 3 (Chamoli),High,Positive,31,26,5,24
STK-0006355,LG-001151,Landowner,Stakeholder Group 4 (Chamoli),High,Positive,10,8,2,23
STK-0006356,LG-001152,Contractor,Stakeholder Group 1 (Muzaffarnagar),Low,Negative,42,16,26,64
STK-0006357,LG-001152,Contractor,Stakeholder Group 2 (Muzaffarnagar),Low,Negative,43,17,26,83
STK-0006358,LG-001152,District Administration,Stakeholder Group 3 (Muzaffarnagar),Low,Negative,27,10,17,36
STK-0006359,LG-001152,Local Authority,Stakeholder Group 4 (Muzaffarnagar),Low,Negative,38,15,23,62
STK-0006360,LG-001152,Landowner,Stakeholder Group 5 (Muzaffarnagar),Low,Negative,40,16,24,88
STK-0006361,LG-001152,Village Administration,Stakeholder Group 6 (Muzaffarnagar),Low,Negative,22,8,14,59
STK-0006362,LG-001153,Local Authority,Stakeholder Group 1 (Junagadh),Low,Negative,50,20,30,45
STK-0006363,LG-001153,District Administration,Stakeholder Group 2 (Junagadh),Low,Negative,33,13,20,76
STK-0006364,LG-001153,Contractor,Stakeholder Group 3 (Junagadh),Low,Negative,14,5,9,37
STK-0006365,LG-001153,District Administration,Stakeholder Group 4 (Junagadh),Low,Negative,32,12,20,32
STK-0006366,LG-001153,Landowner,Stakeholder Group 5 (Junagadh),Low,Negative,43,17,26,33
STK-0006367,LG-001153,Village Administration,Stakeholder Group 6 (Junagadh),Low,Negative,29,11,18,90
STK-0006368,LG-001154,Contractor,Stakeholder Group 1 (Karbi Anglong),Low,Negative,8,3,5,87
STK-0006369,LG-001154,Contractor,Stakeholder Group 2 (Karbi Anglong),Low,Negative,26,10,16,73
STK-0006370,LG-001154,Local Authority,Stakeholder Group 3 (Karbi Anglong),Low,Negative,43,17,26,81
STK-0006371,LG-001154,Local Authority,Stakeholder Group 4 (Karbi Anglong),Low,Negative,10,4,6,81
STK-0006372,LG-001154,Local Authority,Stakeholder Group 5 (Karbi Anglong),Low,Negative,5,2,3,81
STK-0006373,LG-001155,District Administration,Stakeholder Group 1 (Gopalganj),High,Positive,9,7,2,7
STK-0006374,LG-001155,Local Authority,Stakeholder Group 2 (Gopalganj),High,Positive,22,18,4,8
STK-0006375,LG-001155,Local Authority,Stakeholder Group 3 (Gopalganj),High,Positive,46,39,7,16
STK-0006376,LG-001155,Local Authority,Stakeholder Group 4 (Gopalganj),High,Positive,49,41,8,14
STK-0006377,LG-001155,Contractor,Stakeholder Group 5 (Gopalganj),High,Positive,24,20,4,5
STK-0006378,LG-001155,Local Authority,Stakeholder Group 6 (Gopalganj),High,Positive,9,7,2,12
STK-0006379,LG-001155,Local Authority,Stakeholder Group 7 (Gopalganj),High,Positive,32,27,5,22
STK-0006380,LG-001155,Village Administration,Stakeholder Group 8 (Gopalganj),High,Positive,20,17,3,17
STK-0006381,LG-001156,District Administration,Stakeholder Group 1 (West Godavari),High,Positive,16,13,3,20
STK-0006382,LG-001156,Local Authority,Stakeholder Group 2 (West Godavari),High,Positive,27,22,5,12
STK-0006383,LG-001156,District Administration,Stakeholder Group 3 (West Godavari),High,Positive,37,31,6,23
STK-0006384,LG-001156,District Administration,Stakeholder Group 4 (West Godavari),High,Positive,5,4,1,14
STK-0006385,LG-001157,Village Administration,Stakeholder Group 1 (Bhojpur),High,Positive,25,21,4,22
STK-0006386,LG-001157,Contractor,Stakeholder Group 2 (Bhojpur),High,Positive,6,5,1,18
STK-0006387,LG-001157,Village Administration,Stakeholder Group 3 (Bhojpur),High,Positive,45,38,7,5
STK-0006388,LG-001158,Landowner,Stakeholder Group 1 (Virudhunagar),High,Positive,12,10,2,9
STK-0006389,LG-001158,Village Administration,Stakeholder Group 2 (Virudhunagar),High,Positive,12,10,2,15
STK-0006390,LG-001158,District Administration,Stakeholder Group 3 (Virudhunagar),High,Positive,26,22,4,18
STK-0006391,LG-001158,Village Administration,Stakeholder Group 4 (Virudhunagar),High,Positive,44,37,7,9
STK-0006392,LG-001158,Village Administration,Stakeholder Group 5 (Virudhunagar),High,Positive,29,24,5,11
STK-0006393,LG-001159,Landowner,Stakeholder Group 1 (Kokrajhar),Low,Negative,46,18,28,43
STK-0006394,LG-001159,Local Authority,Stakeholder Group 2 (Kokrajhar),Low,Negative,28,11,17,74
STK-0006395,LG-001159,Landowner,Stakeholder Group 3 (Kokrajhar),Low,Negative,45,18,27,51
STK-0006396,LG-001159,Village Administration,Stakeholder Group 4 (Kokrajhar),Low,Negative,47,18,29,63
STK-0006397,LG-001160,District Administration,Stakeholder Group 1 (Chhindwara),Low,Negative,31,12,19,54
STK-0006398,LG-001160,Landowner,Stakeholder Group 2 (Chhindwara),Low,Negative,29,11,18,60
STK-0006399,LG-001160,District Administration,Stakeholder Group 3 (Chhindwara),Low,Negative,39,15,24,52
STK-0006400,LG-001160,District Administration,Stakeholder Group 4 (Chhindwara),Low,Negative,24,9,15,36
STK-0006401,LG-001160,Village Administration,Stakeholder Group 5 (Chhindwara),Low,Negative,46,18,28,73
STK-0006402,LG-001160,Contractor,Stakeholder Group 6 (Chhindwara),Low,Negative,20,8,12,54
STK-0006403,LG-001161,Landowner,Stakeholder Group 1 (Jaunpur),Low,Negative,16,6,10,62
STK-0006404,LG-001161,Village Administration,Stakeholder Group 2 (Jaunpur),Low,Negative,27,10,17,52
STK-0006405,LG-001161,District Administration,Stakeholder Group 3 (Jaunpur),Low,Negative,42,16,26,37
STK-0006406,LG-001161,Landowner,Stakeholder Group 4 (Jaunpur),Low,Negative,46,18,28,56
STK-0006407,LG-001161,Local Authority,Stakeholder Group 5 (Jaunpur),Low,Negative,5,2,3,48
STK-0006408,LG-001161,Landowner,Stakeholder Group 6 (Jaunpur),Low,Negative,19,7,12,35
STK-0006409,LG-001162,Local Authority,Stakeholder Group 1 (Dibang Valley),High,Positive,45,38,7,14
STK-0006410,LG-001162,Contractor,Stakeholder Group 2 (Dibang Valley),High,Positive,46,39,7,23
STK-0006411,LG-001162,Landowner,Stakeholder Group 3 (Dibang Valley),High,Positive,49,41,8,10
STK-0006412,LG-001162,Village Administration,Stakeholder Group 4 (Dibang Valley),High,Positive,46,39,7,16
STK-0006413,LG-001162,Landowner,Stakeholder Group 5 (Dibang Valley),High,Positive,23,19,4,10
STK-0006414,LG-001162,Village Administration,Stakeholder Group 6 (Dibang Valley),High,Positive,26,22,4,10
STK-0006415,LG-001162,Local Authority,Stakeholder Group 7 (Dibang Valley),High,Positive,9,7,2,9
STK-0006416,LG-001163,District Administration,Stakeholder Group 1 (Gautam Buddha Nagar),Low,Negative,31,12,19,59
STK-0006417,LG-001163,Local Authority,Stakeholder Group 2 (Gautam Buddha Nagar),Low,Negative,12,4,8,70
STK-0006418,LG-001163,Local Authority,Stakeholder Group 3 (Gautam Buddha Nagar),Low,Negative,19,7,12,81
STK-0006419,LG-001163,Local Authority,Stakeholder Group 4 (Gautam Buddha Nagar),Low,Negative,35,14,21,64
STK-0006420,LG-001164,Village Administration,Stakeholder Group 1 (Shivamogga),High,Positive,10,8,2,23
STK-0006421,LG-001164,Landowner,Stakeholder Group 2 (Shivamogga),High,Positive,20,17,3,7
STK-0006422,LG-001164,Contractor,Stakeholder Group 3 (Shivamogga),High,Positive,6,5,1,23
STK-0006423,LG-001164,Local Authority,Stakeholder Group 4 (Shivamogga),High,Positive,16,13,3,24
STK-0006424,LG-001164,Village Administration,Stakeholder Group 5 (Shivamogga),High,Positive,41,34,7,6
STK-0006425,LG-001164,Contractor,Stakeholder Group 6 (Shivamogga),High,Positive,23,19,4,9
STK-0006426,LG-001164,Landowner,Stakeholder Group 7 (Shivamogga),High,Positive,32,27,5,23
STK-0006427,LG-001165,Landowner,Stakeholder Group 1 (Nalanda),High,Positive,25,21,4,12
STK-0006428,LG-001165,Local Authority,Stakeholder Group 2 (Nalanda),High,Positive,6,5,1,12
STK-0006429,LG-001165,Landowner,Stakeholder Group 3 (Nalanda),High,Positive,27,22,5,22
STK-0006430,LG-001165,Village Administration,Stakeholder Group 4 (Nalanda),High,Positive,37,31,6,23
STK-0006431,LG-001166,Contractor,Stakeholder Group 1 (Khammam),Low,Negative,40,16,24,48
STK-0006432,LG-001166,Local Authority,Stakeholder Group 2 (Khammam),Low,Negative,43,17,26,32
STK-0006433,LG-001166,Local Authority,Stakeholder Group 3 (Khammam),Low,Negative,41,16,25,88
STK-0006434,LG-001166,District Administration,Stakeholder Group 4 (Khammam),Low,Negative,18,7,11,69
STK-0006435,LG-001166,Contractor,Stakeholder Group 5 (Khammam),Low,Negative,11,4,7,32
STK-0006436,LG-001166,Contractor,Stakeholder Group 6 (Khammam),Low,Negative,48,19,29,69
STK-0006437,LG-001167,District Administration,Stakeholder Group 1 (Shahpura),Low,Negative,45,18,27,47
STK-0006438,LG-001167,Contractor,Stakeholder Group 2 (Shahpura),Low,Negative,32,12,20,40
STK-0006439,LG-001167,Village Administration,Stakeholder Group 3 (Shahpura),Low,Negative,31,12,19,57
STK-0006440,LG-001167,Landowner,Stakeholder Group 4 (Shahpura),Low,Negative,38,15,23,32
STK-0006441,LG-001167,Local Authority,Stakeholder Group 5 (Shahpura),Low,Negative,49,19,30,75
STK-0006442,LG-001168,Village Administration,Stakeholder Group 1 (Lucknow),High,Positive,26,22,4,14
STK-0006443,LG-001168,Village Administration,Stakeholder Group 2 (Lucknow),High,Positive,45,38,7,5
STK-0006444,LG-001168,Village Administration,Stakeholder Group 3 (Lucknow),High,Positive,48,40,8,18
STK-0006445,LG-001168,District Administration,Stakeholder Group 4 (Lucknow),High,Positive,24,20,4,25
STK-0006446,LG-001168,Contractor,Stakeholder Group 5 (Lucknow),High,Positive,41,34,7,11
STK-0006447,LG-001168,Village Administration,Stakeholder Group 6 (Lucknow),High,Positive,38,32,6,24
STK-0006448,LG-001168,Contractor,Stakeholder Group 7 (Lucknow),High,Positive,23,19,4,9
STK-0006449,LG-001168,District Administration,Stakeholder Group 8 (Lucknow),High,Positive,40,34,6,19
STK-0006450,LG-001169,Landowner,Stakeholder Group 1 (Amethi),Low,Negative,16,6,10,32
STK-0006451,LG-001169,Contractor,Stakeholder Group 2 (Amethi),Low,Negative,49,19,30,65
STK-0006452,LG-001169,Contractor,Stakeholder Group 3 (Amethi),Low,Negative,50,20,30,72
STK-0006453,LG-001169,Contractor,Stakeholder Group 4 (Amethi),Low,Negative,43,17,26,79
STK-0006454,LG-001169,Landowner,Stakeholder Group 5 (Amethi),Low,Negative,13,5,8,66
STK-0006455,LG-001169,District Administration,Stakeholder Group 6 (Amethi),Low,Negative,9,3,6,67
STK-0006456,LG-001170,Landowner,Stakeholder Group 1 (Farrukhabad),High,Positive,14,11,3,14
STK-0006457,LG-001170,Contractor,Stakeholder Group 2 (Farrukhabad),High,Positive,11,9,2,5
STK-0006458,LG-001170,Local Authority,Stakeholder Group 3 (Farrukhabad),High,Positive,46,39,7,13
STK-0006459,LG-001171,Contractor,Stakeholder Group 1 (Shivamogga),High,Positive,25,21,4,19
STK-0006460,LG-001171,Village Administration,Stakeholder Group 2 (Shivamogga),High,Positive,21,17,4,6
STK-0006461,LG-001171,Contractor,Stakeholder Group 3 (Shivamogga),High,Positive,13,11,2,21
STK-0006462,LG-001171,District Administration,Stakeholder Group 4 (Shivamogga),High,Positive,11,9,2,15
STK-0006463,LG-001171,Landowner,Stakeholder Group 5 (Shivamogga),High,Positive,42,35,7,15
STK-0006464,LG-001171,Contractor,Stakeholder Group 6 (Shivamogga),High,Positive,27,22,5,11
STK-0006465,LG-001172,Contractor,Stakeholder Group 1 (Ahmedabad),High,Positive,36,30,6,17
STK-0006466,LG-001172,Landowner,Stakeholder Group 2 (Ahmedabad),High,Positive,27,22,5,19
STK-0006467,LG-001172,Landowner,Stakeholder Group 3 (Ahmedabad),High,Positive,6,5,1,10
STK-0006468,LG-001173,Local Authority,Stakeholder Group 1 (Baghpat),High,Positive,38,32,6,15
STK-0006469,LG-001173,Village Administration,Stakeholder Group 2 (Baghpat),High,Positive,11,9,2,16
STK-0006470,LG-001173,Contractor,Stakeholder Group 3 (Baghpat),High,Positive,39,33,6,6
STK-0006471,LG-001173,Contractor,Stakeholder Group 4 (Baghpat),High,Positive,22,18,4,21
STK-0006472,LG-001174,District Administration,Stakeholder Group 1 (Fatehpur),High,Positive,23,19,4,8
STK-0006473,LG-001174,Landowner,Stakeholder Group 2 (Fatehpur),High,Positive,44,37,7,12
STK-0006474,LG-001174,Local Authority,Stakeholder Group 3 (Fatehpur),High,Positive,20,17,3,5
STK-0006475,LG-001174,Contractor,Stakeholder Group 4 (Fatehpur),High,Positive,32,27,5,8
STK-0006476,LG-001174,Landowner,Stakeholder Group 5 (Fatehpur),High,Positive,27,22,5,10
STK-0006477,LG-001174,Local Authority,Stakeholder Group 6 (Fatehpur),High,Positive,36,30,6,10
STK-0006478,LG-001174,Landowner,Stakeholder Group 7 (Fatehpur),High,Positive,40,34,6,11
STK-0006479,LG-001174,Village Administration,Stakeholder Group 8 (Fatehpur),High,Positive,31,26,5,5
STK-0006480,LG-001175,Landowner,Stakeholder Group 1 (Ganderbal),Low,Negative,10,4,6,44
STK-0006481,LG-001175,Contractor,Stakeholder Group 2 (Ganderbal),Low,Negative,23,9,14,73
STK-0006482,LG-001175,Contractor,Stakeholder Group 3 (Ganderbal),Low,Negative,49,19,30,61
STK-0006483,LG-001175,District Administration,Stakeholder Group 4 (Ganderbal),Low,Negative,27,10,17,63
STK-0006484,LG-001175,Contractor,Stakeholder Group 5 (Ganderbal),Low,Negative,15,6,9,76
STK-0006485,LG-001175,District Administration,Stakeholder Group 6 (Ganderbal),Low,Negative,45,18,27,35
STK-0006486,LG-001175,Landowner,Stakeholder Group 7 (Ganderbal),Low,Negative,37,14,23,56
STK-0006487,LG-001176,Landowner,Stakeholder Group 1 (Pandhurna),Low,Negative,39,15,24,53
STK-0006488,LG-001176,District Administration,Stakeholder Group 2 (Pandhurna),Low,Negative,17,6,11,83
STK-0006489,LG-001176,Landowner,Stakeholder Group 3 (Pandhurna),Low,Negative,45,18,27,51
STK-0006490,LG-001176,Landowner,Stakeholder Group 4 (Pandhurna),Low,Negative,5,2,3,63
STK-0006491,LG-001176,Local Authority,Stakeholder Group 5 (Pandhurna),Low,Negative,50,20,30,67
STK-0006492,LG-001177,Village Administration,Stakeholder Group 1 (Rajgarh),High,Positive,28,23,5,16
STK-0006493,LG-001177,Local Authority,Stakeholder Group 2 (Rajgarh),High,Positive,23,19,4,8
STK-0006494,LG-001177,Village Administration,Stakeholder Group 3 (Rajgarh),High,Positive,48,40,8,9
STK-0006495,LG-001177,District Administration,Stakeholder Group 4 (Rajgarh),High,Positive,24,20,4,16
STK-0006496,LG-001178,Landowner,Stakeholder Group 1 (Bhadohi),High,Positive,17,14,3,17
STK-0006497,LG-001178,District Administration,Stakeholder Group 2 (Bhadohi),High,Positive,11,9,2,22
STK-0006498,LG-001178,Village Administration,Stakeholder Group 3 (Bhadohi),High,Positive,46,39,7,22
STK-0006499,LG-001178,Village Administration,Stakeholder Group 4 (Bhadohi),High,Positive,23,19,4,9
STK-0006500,LG-001178,Contractor,Stakeholder Group 5 (Bhadohi),High,Positive,28,23,5,20
STK-0006501,LG-001178,Landowner,Stakeholder Group 6 (Bhadohi),High,Positive,15,12,3,24
STK-0006502,LG-001179,Contractor,Stakeholder Group 1 (Indore),High,Positive,12,10,2,17
STK-0006503,LG-001179,Village Administration,Stakeholder Group 2 (Indore),High,Positive,18,15,3,8
STK-0006504,LG-001179,Landowner,Stakeholder Group 3 (Indore),High,Positive,18,15,3,8
STK-0006505,LG-001180,Contractor,Stakeholder Group 1 (Sant Kabir Nagar),Low,Negative,25,10,15,34
STK-0006506,LG-001180,Local Authority,Stakeholder Group 2 (Sant Kabir Nagar),Low,Negative,8,3,5,51
STK-0006507,LG-001180,Local Authority,Stakeholder Group 3 (Sant Kabir Nagar),Low,Negative,47,18,29,87
STK-0006508,LG-001180,Landowner,Stakeholder Group 4 (Sant Kabir Nagar),Low,Negative,49,19,30,81
STK-0006509,LG-001180,Landowner,Stakeholder Group 5 (Sant Kabir Nagar),Low,Negative,13,5,8,45
STK-0006510,LG-001180,Landowner,Stakeholder Group 6 (Sant Kabir Nagar),Low,Negative,9,3,6,60
STK-0006511,LG-001181,Contractor,Stakeholder Group 1 (Kanpur Nagar),Low,Negative,13,5,8,54
STK-0006512,LG-001181,District Administration,Stakeholder Group 2 (Kanpur Nagar),Low,Negative,33,13,20,79
STK-0006513,LG-001181,Landowner,Stakeholder Group 3 (Kanpur Nagar),Low,Negative,16,6,10,89
STK-0006514,LG-001181,Village Administration,Stakeholder Group 4 (Kanpur Nagar),Low,Negative,7,2,5,61
STK-0006515,LG-001182,Landowner,Stakeholder Group 1 (Gondia),Low,Negative,19,7,12,32
STK-0006516,LG-001182,Local Authority,Stakeholder Group 2 (Gondia),Low,Negative,38,15,23,66
STK-0006517,LG-001182,Landowner,Stakeholder Group 3 (Gondia),Low,Negative,38,15,23,46
STK-0006518,LG-001182,Village Administration,Stakeholder Group 4 (Gondia),Low,Negative,40,16,24,46
STK-0006519,LG-001182,Landowner,Stakeholder Group 5 (Gondia),Low,Negative,20,8,12,71
STK-0006520,LG-001183,Local Authority,Stakeholder Group 1 (Baghpat),High,Positive,32,27,5,8
STK-0006521,LG-001183,Contractor,Stakeholder Group 2 (Baghpat),High,Positive,22,18,4,17
STK-0006522,LG-001183,Landowner,Stakeholder Group 3 (Baghpat),High,Positive,38,32,6,25
STK-0006523,LG-001184,Landowner,Stakeholder Group 1 (Bahraich),High,Positive,43,36,7,11
STK-0006524,LG-001184,Contractor,Stakeholder Group 2 (Bahraich),High,Positive,6,5,1,25
STK-0006525,LG-001184,Landowner,Stakeholder Group 3 (Bahraich),High,Positive,14,11,3,9
STK-0006526,LG-001184,Village Administration,Stakeholder Group 4 (Bahraich),High,Positive,23,19,4,18
STK-0006527,LG-001184,Landowner,Stakeholder Group 5 (Bahraich),High,Positive,41,34,7,13
STK-0006528,LG-001184,Local Authority,Stakeholder Group 6 (Bahraich),High,Positive,8,6,2,5
STK-0006529,LG-001184,Landowner,Stakeholder Group 7 (Bahraich),High,Positive,29,24,5,15
STK-0006530,LG-001185,Local Authority,Stakeholder Group 1 (Jamui),High,Positive,40,34,6,22
STK-0006531,LG-001185,District Administration,Stakeholder Group 2 (Jamui),High,Positive,30,25,5,9
STK-0006532,LG-001185,Landowner,Stakeholder Group 3 (Jamui),High,Positive,26,22,4,10
STK-0006533,LG-001186,Local Authority,Stakeholder Group 1 (Moradabad),Low,Negative,5,2,3,50
STK-0006534,LG-001186,District Administration,Stakeholder Group 2 (Moradabad),Low,Negative,20,8,12,43
STK-0006535,LG-001186,Village Administration,Stakeholder Group 3 (Moradabad),Low,Negative,39,15,24,72
STK-0006536,LG-001186,Local Authority,Stakeholder Group 4 (Moradabad),Low,Negative,30,12,18,61
STK-0006537,LG-001186,Contractor,Stakeholder Group 5 (Moradabad),Low,Negative,30,12,18,79
STK-0006538,LG-001186,Landowner,Stakeholder Group 6 (Moradabad),Low,Negative,22,8,14,66
STK-0006539,LG-001186,Contractor,Stakeholder Group 7 (Moradabad),Low,Negative,41,16,25,89
STK-0006540,LG-001186,Landowner,Stakeholder Group 8 (Moradabad),Low,Negative,46,18,28,39
STK-0006541,LG-001187,District Administration,Stakeholder Group 1 (Koraput),High,Positive,17,14,3,21
STK-0006542,LG-001187,Contractor,Stakeholder Group 2 (Koraput),High,Positive,26,22,4,15
STK-0006543,LG-001187,District Administration,Stakeholder Group 3 (Koraput),High,Positive,39,33,6,20
STK-0006544,LG-001187,Local Authority,Stakeholder Group 4 (Koraput),High,Positive,37,31,6,12
STK-0006545,LG-001187,Village Administration,Stakeholder Group 5 (Koraput),High,Positive,28,23,5,21
STK-0006546,LG-001187,District Administration,Stakeholder Group 6 (Koraput),High,Positive,49,41,8,13
STK-0006547,LG-001187,Village Administration,Stakeholder Group 7 (Koraput),High,Positive,38,32,6,11
STK-0006548,LG-001187,Landowner,Stakeholder Group 8 (Koraput),High,Positive,43,36,7,14
STK-0006549,LG-001188,Village Administration,Stakeholder Group 1 (Gorakhpur),High,Positive,17,14,3,20
STK-0006550,LG-001188,Contractor,Stakeholder Group 2 (Gorakhpur),High,Positive,13,11,2,19
STK-0006551,LG-001188,District Administration,Stakeholder Group 3 (Gorakhpur),High,Positive,16,13,3,7
STK-0006552,LG-001188,Village Administration,Stakeholder Group 4 (Gorakhpur),High,Positive,30,25,5,25
STK-0006553,LG-001188,Local Authority,Stakeholder Group 5 (Gorakhpur),High,Positive,21,17,4,5
STK-0006554,LG-001188,Contractor,Stakeholder Group 6 (Gorakhpur),High,Positive,9,7,2,14
STK-0006555,LG-001189,Local Authority,Stakeholder Group 1 (Chhindwara),High,Positive,32,27,5,9
STK-0006556,LG-001189,Landowner,Stakeholder Group 2 (Chhindwara),High,Positive,39,33,6,20
STK-0006557,LG-001189,Village Administration,Stakeholder Group 3 (Chhindwara),High,Positive,23,19,4,11
STK-0006558,LG-001189,Contractor,Stakeholder Group 4 (Chhindwara),High,Positive,43,36,7,5
STK-0006559,LG-001189,Village Administration,Stakeholder Group 5 (Chhindwara),High,Positive,20,17,3,15
STK-0006560,LG-001189,District Administration,Stakeholder Group 6 (Chhindwara),High,Positive,47,39,8,10
STK-0006561,LG-001190,Local Authority,Stakeholder Group 1 (Meerut),High,Positive,29,24,5,19
STK-0006562,LG-001190,Landowner,Stakeholder Group 2 (Meerut),High,Positive,43,36,7,24
STK-0006563,LG-001190,Local Authority,Stakeholder Group 3 (Meerut),High,Positive,49,41,8,20
STK-0006564,LG-001190,Contractor,Stakeholder Group 4 (Meerut),High,Positive,7,5,2,10
STK-0006565,LG-001190,Contractor,Stakeholder Group 5 (Meerut),High,Positive,13,11,2,6
STK-0006566,LG-001190,District Administration,Stakeholder Group 6 (Meerut),High,Positive,50,42,8,6
STK-0006567,LG-001191,Contractor,Stakeholder Group 1 (Shajapur),Low,Negative,31,12,19,30
STK-0006568,LG-001191,District Administration,Stakeholder Group 2 (Shajapur),Low,Negative,30,12,18,38
STK-0006569,LG-001191,Contractor,Stakeholder Group 3 (Shajapur),Low,Negative,48,19,29,48
STK-0006570,LG-001191,Local Authority,Stakeholder Group 4 (Shajapur),Low,Negative,17,6,11,34
STK-0006571,LG-001191,Village Administration,Stakeholder Group 5 (Shajapur),Low,Negative,23,9,14,32
STK-0006572,LG-001191,Village Administration,Stakeholder Group 6 (Shajapur),Low,Negative,7,2,5,45
STK-0006573,LG-001191,Landowner,Stakeholder Group 7 (Shajapur),Low,Negative,47,18,29,79
STK-0006574,LG-001191,Local Authority,Stakeholder Group 8 (Shajapur),Low,Negative,13,5,8,45
STK-0006575,LG-001192,Landowner,Stakeholder Group 1 (Palnadu),High,Positive,44,37,7,9
STK-0006576,LG-001192,Village Administration,Stakeholder Group 2 (Palnadu),High,Positive,8,6,2,12
STK-0006577,LG-001192,Village Administration,Stakeholder Group 3 (Palnadu),High,Positive,42,35,7,18
STK-0006578,LG-001193,Local Authority,Stakeholder Group 1 (Muzaffarnagar),High,Positive,15,12,3,15
STK-0006579,LG-001193,Contractor,Stakeholder Group 2 (Muzaffarnagar),High,Positive,42,35,7,20
STK-0006580,LG-001193,Village Administration,Stakeholder Group 3 (Muzaffarnagar),High,Positive,17,14,3,6
STK-0006581,LG-001193,Village Administration,Stakeholder Group 4 (Muzaffarnagar),High,Positive,38,32,6,17
STK-0006582,LG-001194,Landowner,Stakeholder Group 1 (Begusarai),High,Positive,35,29,6,17
STK-0006583,LG-001194,District Administration,Stakeholder Group 2 (Begusarai),High,Positive,28,23,5,21
STK-0006584,LG-001194,Landowner,Stakeholder Group 3 (Begusarai),High,Positive,44,37,7,20
STK-0006585,LG-001194,District Administration,Stakeholder Group 4 (Begusarai),High,Positive,26,22,4,22
STK-0006586,LG-001194,District Administration,Stakeholder Group 5 (Begusarai),High,Positive,10,8,2,9
STK-0006587,LG-001194,District Administration,Stakeholder Group 6 (Begusarai),High,Positive,45,38,7,7
STK-0006588,LG-001194,Contractor,Stakeholder Group 7 (Begusarai),High,Positive,19,16,3,10
STK-0006589,LG-001194,Contractor,Stakeholder Group 8 (Begusarai),High,Positive,23,19,4,23
STK-0006590,LG-001195,District Administration,Stakeholder Group 1 (Chhindwara),High,Positive,13,11,2,15
STK-0006591,LG-001195,Local Authority,Stakeholder Group 2 (Chhindwara),High,Positive,34,28,6,25
STK-0006592,LG-001195,Village Administration,Stakeholder Group 3 (Chhindwara),High,Positive,26,22,4,19
STK-0006593,LG-001195,District Administration,Stakeholder Group 4 (Chhindwara),High,Positive,18,15,3,21
STK-0006594,LG-001195,District Administration,Stakeholder Group 5 (Chhindwara),High,Positive,35,29,6,7
STK-0006595,LG-001196,Village Administration,Stakeholder Group 1 (Sonbhadra),High,Positive,27,22,5,16
STK-0006596,LG-001196,District Administration,Stakeholder Group 2 (Sonbhadra),High,Positive,42,35,7,14
STK-0006597,LG-001196,Contractor,Stakeholder Group 3 (Sonbhadra),High,Positive,25,21,4,23
STK-0006598,LG-001196,Village Administration,Stakeholder Group 4 (Sonbhadra),High,Positive,44,37,7,19
STK-0006599,LG-001196,Landowner,Stakeholder Group 5 (Sonbhadra),High,Positive,43,36,7,10
STK-0006600,LG-001196,Local Authority,Stakeholder Group 6 (Sonbhadra),High,Positive,28,23,5,8
STK-0006601,LG-001196,District Administration,Stakeholder Group 7 (Sonbhadra),High,Positive,42,35,7,22
STK-0006602,LG-001197,Local Authority,Stakeholder Group 1 (Sonbhadra),Low,Negative,25,10,15,35
STK-0006603,LG-001197,District Administration,Stakeholder Group 2 (Sonbhadra),Low,Negative,20,8,12,55
STK-0006604,LG-001197,Local Authority,Stakeholder Group 3 (Sonbhadra),Low,Negative,29,11,18,77
STK-0006605,LG-001197,District Administration,Stakeholder Group 4 (Sonbhadra),Low,Negative,33,13,20,85
STK-0006606,LG-001198,Contractor,Stakeholder Group 1 (Jhunjhunu),High,Positive,46,39,7,12
STK-0006607,LG-001198,Landowner,Stakeholder Group 2 (Jhunjhunu),High,Positive,17,14,3,24
STK-0006608,LG-001198,Village Administration,Stakeholder Group 3 (Jhunjhunu),High,Positive,16,13,3,10
STK-0006609,LG-001198,Landowner,Stakeholder Group 4 (Jhunjhunu),High,Positive,26,22,4,18
STK-0006610,LG-001198,Local Authority,Stakeholder Group 5 (Jhunjhunu),High,Positive,25,21,4,11
STK-0006611,LG-001198,Contractor,Stakeholder Group 6 (Jhunjhunu),High,Positive,31,26,5,21
STK-0006612,LG-001199,District Administration,Stakeholder Group 1 (Ariyalur),High,Positive,9,7,2,13
STK-0006613,LG-001199,Village Administration,Stakeholder Group 2 (Ariyalur),High,Positive,19,16,3,24
STK-0006614,LG-001199,Contractor,Stakeholder Group 3 (Ariyalur),High,Positive,33,28,5,23
STK-0006615,LG-001199,Contractor,Stakeholder Group 4 (Ariyalur),High,Positive,32,27,5,14
STK-0006616,LG-001199,Landowner,Stakeholder Group 5 (Ariyalur),High,Positive,28,23,5,6
STK-0006617,LG-001199,Landowner,Stakeholder Group 6 (Ariyalur),High,Positive,12,10,2,17
STK-0006618,LG-001199,Contractor,Stakeholder Group 7 (Ariyalur),High,Positive,27,22,5,22
STK-0006619,LG-001199,Village Administration,Stakeholder Group 8 (Ariyalur),High,Positive,12,10,2,14
STK-0006620,LG-001200,Village Administration,Stakeholder Group 1 (Raigad),High,Positive,11,9,2,20
STK-0006621,LG-001200,Contractor,Stakeholder Group 2 (Raigad),High,Positive,33,28,5,19
STK-0006622,LG-001200,Village Administration,Stakeholder Group 3 (Raigad),High,Positive,12,10,2,25
STK-0006623,LG-001200,Local Authority,Stakeholder Group 4 (Raigad),High,Positive,16,13,3,23
