user_id,username,password_hash,full_name,role,state,district,status,created_at
USR-00001,admin_1,$2b$12$TQaqjTTr.x6ryse5KevtxOa91V5Q9tRHzjv83ntUJFSYXUg7D5Q7S,Rajesh Sharma,ADMIN,ALL,ALL,Active,2024-01-01 10:00:00
USR-00002,admin_2,$2b$12$TQaqjTTr.x6ryse5KevtxOa91V5Q9tRHzjv83ntUJFSYXUg7D5Q7S,Ananya Verma,ADMIN,ALL,ALL,Active,2024-01-01 10:00:00
USR-00003,admin_3,$2b$12$TQaqjTTr.x6ryse5KevtxOa91V5Q9tRHzjv83ntUJFSYXUg7D5Q7S,Vikramaditya Singh,ADMIN,ALL,ALL,Active,2024-01-01 10:00:00
USR-00004,admin_4,$2b$12$TQaqjTTr.x6ryse5KevtxOa91V5Q9tRHzjv83ntUJFSYXUg7D5Q7S,Sunita Reddy,ADMIN,ALL,ALL,Active,2024-01-01 10:00:00
USR-00005,admin_5,$2b$12$TQaqjTTr.x6ryse5KevtxOa91V5Q9tRHzjv83ntUJFSYXUg7D5Q7S,Arjun Patel,ADMIN,ALL,ALL,Active,2024-01-01 10:00:00
USR-00006,admin_6,$2b$12$TQaqjTTr.x6ryse5KevtxOa91V5Q9tRHzjv83ntUJFSYXUg7D5Q7S,Priya Nair,ADMIN,ALL,ALL,Active,2024-01-01 10:00:00
USR-00007,admin_7,$2b$12$TQaqjTTr.x6ryse5KevtxOa91V5Q9tRHzjv83ntUJFSYXUg7D5Q7S,Sanjay Banerjee,ADMIN,ALL,ALL,Active,2024-01-01 10:00:00
USR-00008,admin_8,$2b$12$TQaqjTTr.x6ryse5KevtxOa91V5Q9tRHzjv83ntUJFSYXUg7D5Q7S,Deepak Joshi,ADMIN,ALL,ALL,Active,2024-01-01 10:00:00
USR-00009,admin_9,$2b$12$TQaqjTTr.x6ryse5KevtxOa91V5Q9tRHzjv83ntUJFSYXUg7D5Q7S,Meenakshi Sundaram,ADMIN,ALL,ALL,Active,2024-01-01 10:00:00
USR-00010,admin_10,$2b$12$TQaqjTTr.x6ryse5KevtxOa91V5Q9tRHzjv83ntUJFSYXUg7D5Q7S,Amitabh Choudhury,ADMIN,ALL,ALL,Active,2024-01-01 10:00:00
USR-00011,admin_11,$2b$12$TQaqjTTr.x6ryse5KevtxOa91V5Q9tRHzjv83ntUJFSYXUg7D5Q7S,Pooja Deshmukh,ADMIN,ALL,ALL,Active,2024-01-01 10:00:00
USR-00012,admin_12,$2b$12$TQaqjTTr.x6ryse5KevtxOa91V5Q9tRHzjv83ntUJFSYXUg7D5Q7S,Karan Malhotra,ADMIN,ALL,ALL,Active,2024-01-01 10:00:00
USR-00013,so_001_andhraprad,$2b$12$TQaqjTTr.x6ryse5KevtxOa91V5Q9tRHzjv83ntUJFSYXUg7D5Q7S,State Officer 1 (Andhra Pradesh),STATE_OFFICER,Andhra Pradesh,ALL,Active,2024-01-05 10:00:00
USR-00014,so_002_andhraprad,$2b$12$TQaqjTTr.x6ryse5KevtxOa91V5Q9tRHzjv83ntUJFSYXUg7D5Q7S,State Officer 2 (Andhra Pradesh),STATE_OFFICER,Andhra Pradesh,ALL,Active,2024-01-05 10:00:00
USR-00015,so_003_arunachalp,$2b$12$TQaqjTTr.x6ryse5KevtxOa91V5Q9tRHzjv83ntUJFSYXUg7D5Q7S,State Officer 1 (Arunachal Pradesh),STATE_OFFICER,Arunachal Pradesh,ALL,Active,2024-01-05 10:00:00
USR-00016,so_004_arunachalp,$2b$12$TQaqjTTr.x6ryse5KevtxOa91V5Q9tRHzjv83ntUJFSYXUg7D5Q7S,State Officer 2 (Arunachal Pradesh),STATE_OFFICER,Arunachal Pradesh,ALL,Active,2024-01-05 10:00:00
USR-00017,so_005_assam,$2b$12$TQaqjTTr.x6ryse5KevtxOa91V5Q9tRHzjv83ntUJFSYXUg7D5Q7S,State Officer 1 (Assam),STATE_OFFICER,Assam,ALL,Active,2024-01-05 10:00:00
USR-00018,so_006_assam,$2b$12$TQaqjTTr.x6ryse5KevtxOa91V5Q9tRHzjv83ntUJFSYXUg7D5Q7S,State Officer 2 (Assam),STATE_OFFICER,Assam,ALL,Active,2024-01-05 10:00:00
USR-00019,so_007_bihar,$2b$12$TQaqjTTr.x6ryse5KevtxOa91V5Q9tRHzjv83ntUJFSYXUg7D5Q7S,State Officer 1 (Bihar),STATE_OFFICER,Bihar,ALL,Active,2024-01-05 10:00:00
USR-00020,so_008_bihar,$2b$12$TQaqjTTr.x6ryse5KevtxOa91V5Q9tRHzjv83ntUJFSYXUg7D5Q7S,State Officer 2 (Bihar),STATE_OFFICER,Bihar,ALL,Active,2024-01-05 10:00:00
USR-00021,so_009_chhattisga,$2b$12$TQaqjTTr.x6ryse5KevtxOa91V5Q9tRHzjv83ntUJFSYXUg7D5Q7S,State Officer 1 (Chhattisgarh),STATE_OFFICER,Chhattisgarh,ALL,Active,2024-01-05 10:00:00
USR-00022,so_010_chhattisga,$2b$12$TQaqjTTr.x6ryse5KevtxOa91V5Q9tRHzjv83ntUJFSYXUg7D5Q7S,State Officer 2 (Chhattisgarh),STATE_OFFICER,Chhattisgarh,ALL,Active,2024-01-05 10:00:00
USR-00023,so_011_goa,$2b$12$TQaqjTTr.x6ryse5KevtxOa91V5Q9tRHzjv83ntUJFSYXUg7D5Q7S,State Officer 1 (Goa),STATE_OFFICER,Goa,ALL,Active,2024-01-05 10:00:00
USR-00024,so_012_goa,$2b$12$TQaqjTTr.x6ryse5KevtxOa91V5Q9tRHzjv83ntUJFSYXUg7D5Q7S,State Officer 2 (Goa),STATE_OFFICER,Goa,ALL,Active,2024-01-05 10:00:00
USR-00025,so_013_gujarat,$2b$12$TQaqjTTr.x6ryse5KevtxOa91V5Q9tRHzjv83ntUJFSYXUg7D5Q7S,State Officer 1 (Gujarat),STATE_OFFICER,Gujarat,ALL,Active,2024-01-05 10:00:00
USR-00026,so_014_gujarat,$2b$12$TQaqjTTr.x6ryse5KevtxOa91V5Q9tRHzjv83ntUJFSYXUg7D5Q7S,State Officer 2 (Gujarat),STATE_OFFICER,Gujarat,ALL,Active,2024-01-05 10:00:00
USR-00027,so_015_haryana,$2b$12$TQaqjTTr.x6ryse5KevtxOa91V5Q9tRHzjv83ntUJFSYXUg7D5Q7S,State Officer 1 (Haryana),STATE_OFFICER,Haryana,ALL,Active,2024-01-05 10:00:00
USR-00028,so_016_haryana,$2b$12$TQaqjTTr.x6ryse5KevtxOa91V5Q9tRHzjv83ntUJFSYXUg7D5Q7S,State Officer 2 (Haryana),STATE_OFFICER,Haryana,ALL,Active,2024-01-05 10:00:00
USR-00029,so_017_himachalpr,$2b$12$TQaqjTTr.x6ryse5KevtxOa91V5Q9tRHzjv83ntUJFSYXUg7D5Q7S,State Officer 1 (Himachal Pradesh),STATE_OFFICER,Himachal Pradesh,ALL,Active,2024-01-05 10:00:00
USR-00030,so_018_himachalpr,$2b$12$TQaqjTTr.x6ryse5KevtxOa91V5Q9tRHzjv83ntUJFSYXUg7D5Q7S,State Officer 2 (Himachal Pradesh),STATE_OFFICER,Himachal Pradesh,ALL,Active,2024-01-05 10:00:00
USR-00031,so_019_jharkhand,$2b$12$TQaqjTTr.x6ryse5KevtxOa91V5Q9tRHzjv83ntUJFSYXUg7D5Q7S,State Officer 1 (Jharkhand),STATE_OFFICER,Jharkhand,ALL,Active,2024-01-05 10:00:00
USR-00032,so_020_jharkhand,$2b$12$TQaqjTTr.x6ryse5KevtxOa91V5Q9tRHzjv83ntUJFSYXUg7D5Q7S,State Officer 2 (Jharkhand),STATE_OFFICER,Jharkhand,ALL,Active,2024-01-05 10:00:00
USR-00033,so_021_karnataka,$2b$12$TQaqjTTr.x6ryse5KevtxOa91V5Q9tRHzjv83ntUJFSYXUg7D5Q7S,State Officer 1 (Karnataka),STATE_OFFICER,Karnataka,ALL,Active,2024-01-05 10:00:00
USR-00034,so_022_karnataka,$2b$12$TQaqjTTr.x6ryse5KevtxOa91V5Q9tRHzjv83ntUJFSYXUg7D5Q7S,State Officer 2 (Karnataka),STATE_OFFICER,Karnataka,ALL,Active,2024-01-05 10:00:00
USR-00035,so_023_kerala,$2b$12$TQaqjTTr.x6ryse5KevtxOa91V5Q9tRHzjv83ntUJFSYXUg7D5Q7S,State Officer 1 (Kerala),STATE_OFFICER,Kerala,ALL,Active,2024-01-05 10:00:00
USR-00036,so_024_kerala,$2b$12$TQaqjTTr.x6ryse5KevtxOa91V5Q9tRHzjv83ntUJFSYXUg7D5Q7S,State Officer 2 (Kerala),STATE_OFFICER,Kerala,ALL,Active,2024-01-05 10:00:00
USR-00037,so_025_madhyaprad,$2b$12$TQaqjTTr.x6ryse5KevtxOa91V5Q9tRHzjv83ntUJFSYXUg7D5Q7S,State Officer 1 (Madhya Pradesh),STATE_OFFICER,Madhya Pradesh,ALL,Active,2024-01-05 10:00:00
USR-00038,so_026_madhyaprad,$2b$12$TQaqjTTr.x6ryse5KevtxOa91V5Q9tRHzjv83ntUJFSYXUg7D5Q7S,State Officer 2 (Madhya Pradesh),STATE_OFFICER,Madhya Pradesh,ALL,Active,2024-01-05 10:00:00
USR-00039,so_027_maharashtr,$2b$12$TQaqjTTr.x6ryse5KevtxOa91V5Q9tRHzjv83ntUJFSYXUg7D5Q7S,State Officer 1 (Maharashtra),STATE_OFFICER,Maharashtra,ALL,Active,2024-01-05 10:00:00
USR-00040,so_028_maharashtr,$2b$12$TQaqjTTr.x6ryse5KevtxOa91V5Q9tRHzjv83ntUJFSYXUg7D5Q7S,State Officer 2 (Maharashtra),STATE_OFFICER,Maharashtra,ALL,Active,2024-01-05 10:00:00
USR-00041,so_029_manipur,$2b$12$TQaqjTTr.x6ryse5KevtxOa91V5Q9tRHzjv83ntUJFSYXUg7D5Q7S,State Officer 1 (Manipur),STATE_OFFICER,Manipur,ALL,Active,2024-01-05 10:00:00
USR-00042,so_030_manipur,$2b$12$TQaqjTTr.x6ryse5KevtxOa91V5Q9tRHzjv83ntUJFSYXUg7D5Q7S,State Officer 2 (Manipur),STATE_OFFICER,Manipur,ALL,Active,2024-01-05 10:00:00
USR-00043,so_031_meghalaya,$2b$12$TQaqjTTr.x6ryse5KevtxOa91V5Q9tRHzjv83ntUJFSYXUg7D5Q7S,State Officer 1 (Meghalaya),STATE_OFFICER,Meghalaya,ALL,Active,2024-01-05 10:00:00
USR-00044,so_032_meghalaya,$2b$12$TQaqjTTr.x6ryse5KevtxOa91V5Q9tRHzjv83ntUJFSYXUg7D5Q7S,State Officer 2 (Meghalaya),STATE_OFFICER,Meghalaya,ALL,Active,2024-01-05 10:00:00
USR-00045,so_033_mizoram,$2b$12$TQaqjTTr.x6ryse5KevtxOa91V5Q9tRHzjv83ntUJFSYXUg7D5Q7S,State Officer 1 (Mizoram),STATE_OFFICER,Mizoram,ALL,Active,2024-01-05 10:00:00
USR-00046,so_034_mizoram,$2b$12$TQaqjTTr.x6ryse5KevtxOa91V5Q9tRHzjv83ntUJFSYXUg7D5Q7S,State Officer 2 (Mizoram),STATE_OFFICER,Mizoram,ALL,Active,2024-01-05 10:00:00
USR-00047,so_035_nagaland,$2b$12$TQaqjTTr.x6ryse5KevtxOa91V5Q9tRHzjv83ntUJFSYXUg7D5Q7S,State Officer 1 (Nagaland),STATE_OFFICER,Nagaland,ALL,Active,2024-01-05 10:00:00
USR-00048,so_036_nagaland,$2b$12$TQaqjTTr.x6ryse5KevtxOa91V5Q9tRHzjv83ntUJFSYXUg7D5Q7S,State Officer 2 (Nagaland),STATE_OFFICER,Nagaland,ALL,Active,2024-01-05 10:00:00
USR-00049,so_037_odisha,$2b$12$TQaqjTTr.x6ryse5KevtxOa91V5Q9tRHzjv83ntUJFSYXUg7D5Q7S,State Officer 1 (Odisha),STATE_OFFICER,Odisha,ALL,Active,2024-01-05 10:00:00
USR-00050,so_038_odisha,$2b$12$TQaqjTTr.x6ryse5KevtxOa91V5Q9tRHzjv83ntUJFSYXUg7D5Q7S,State Officer 2 (Odisha),STATE_OFFICER,Odisha,ALL,Active,2024-01-05 10:00:00
USR-00051,so_039_punjab,$2b$12$TQaqjTTr.x6ryse5KevtxOa91V5Q9tRHzjv83ntUJFSYXUg7D5Q7S,State Officer 1 (Punjab),STATE_OFFICER,Punjab,ALL,Active,2024-01-05 10:00:00
USR-00052,so_040_punjab,$2b$12$TQaqjTTr.x6ryse5KevtxOa91V5Q9tRHzjv83ntUJFSYXUg7D5Q7S,State Officer 2 (Punjab),STATE_OFFICER,Punjab,ALL,Active,2024-01-05 10:00:00
USR-00053,so_041_rajasthan,$2b$12$TQaqjTTr.x6ryse5KevtxOa91V5Q9tRHzjv83ntUJFSYXUg7D5Q7S,State Officer 1 (Rajasthan),STATE_OFFICER,Rajasthan,ALL,Active,2024-01-05 10:00:00
USR-00054,so_042_rajasthan,$2b$12$TQaqjTTr.x6ryse5KevtxOa91V5Q9tRHzjv83ntUJFSYXUg7D5Q7S,State Officer 2 (Rajasthan),STATE_OFFICER,Rajasthan,ALL,Active,2024-01-05 10:00:00
USR-00055,so_043_sikkim,$2b$12$TQaqjTTr.x6ryse5KevtxOa91V5Q9tRHzjv83ntUJFSYXUg7D5Q7S,State Officer 1 (Sikkim),STATE_OFFICER,Sikkim,ALL,Active,2024-01-05 10:00:00
USR-00056,so_044_sikkim,$2b$12$TQaqjTTr.x6ryse5KevtxOa91V5Q9tRHzjv83ntUJFSYXUg7D5Q7S,State Officer 2 (Sikkim),STATE_OFFICER,Sikkim,ALL,Active,2024-01-05 10:00:00
USR-00057,so_045_tamilnadu,$2b$12$TQaqjTTr.x6ryse5KevtxOa91V5Q9tRHzjv83ntUJFSYXUg7D5Q7S,State Officer 1 (Tamil Nadu),STATE_OFFICER,Tamil Nadu,ALL,Active,2024-01-05 10:00:00
USR-00058,so_046_tamilnadu,$2b$12$TQaqjTTr.x6ryse5KevtxOa91V5Q9tRHzjv83ntUJFSYXUg7D5Q7S,State Officer 2 (Tamil Nadu),STATE_OFFICER,Tamil Nadu,ALL,Active,2024-01-05 10:00:00
USR-00059,so_047_telangana,$2b$12$TQaqjTTr.x6ryse5KevtxOa91V5Q9tRHzjv83ntUJFSYXUg7D5Q7S,State Officer 1 (Telangana),STATE_OFFICER,Telangana,ALL,Active,2024-01-05 10:00:00
USR-00060,so_048_telangana,$2b$12$TQaqjTTr.x6ryse5KevtxOa91V5Q9tRHzjv83ntUJFSYXUg7D5Q7S,State Officer 2 (Telangana),STATE_OFFICER,Telangana,ALL,Active,2024-01-05 10:00:00
USR-00061,so_049_tripura,$2b$12$TQaqjTTr.x6ryse5KevtxOa91V5Q9tRHzjv83ntUJFSYXUg7D5Q7S,State Officer 1 (Tripura),STATE_OFFICER,Tripura,ALL,Active,2024-01-05 10:00:00
USR-00062,so_050_tripura,$2b$12$TQaqjTTr.x6ryse5KevtxOa91V5Q9tRHzjv83ntUJFSYXUg7D5Q7S,State Officer 2 (Tripura),STATE_OFFICER,Tripura,ALL,Active,2024-01-05 10:00:00
USR-00063,so_051_uttarprade,$2b$12$TQaqjTTr.x6ryse5KevtxOa91V5Q9tRHzjv83ntUJFSYXUg7D5Q7S,State Officer 1 (Uttar Pradesh),STATE_OFFICER,Uttar Pradesh,ALL,Active,2024-01-05 10:00:00
USR-00064,so_052_uttarprade,$2b$12$TQaqjTTr.x6ryse5KevtxOa91V5Q9tRHzjv83ntUJFSYXUg7D5Q7S,State Officer 2 (Uttar Pradesh),STATE_OFFICER,Uttar Pradesh,ALL,Active,2024-01-05 10:00:00
USR-00065,so_053_uttarakhan,$2b$12$TQaqjTTr.x6ryse5KevtxOa91V5Q9tRHzjv83ntUJFSYXUg7D5Q7S,State Officer 1 (Uttarakhand),STATE_OFFICER,Uttarakhand,ALL,Active,2024-01-05 10:00:00
USR-00066,so_054_uttarakhan,$2b$12$TQaqjTTr.x6ryse5KevtxOa91V5Q9tRHzjv83ntUJFSYXUg7D5Q7S,State Officer 2 (Uttarakhand),STATE_OFFICER,Uttarakhand,ALL,Active,2024-01-05 10:00:00
USR-00067,so_055_westbengal,$2b$12$TQaqjTTr.x6ryse5KevtxOa91V5Q9tRHzjv83ntUJFSYXUg7D5Q7S,State Officer 1 (West Bengal),STATE_OFFICER,West Bengal,ALL,Active,2024-01-05 10:00:00
USR-00068,so_056_westbengal,$2b$12$TQaqjTTr.x6ryse5KevtxOa91V5Q9tRHzjv83ntUJFSYXUg7D5Q7S,State Officer 2 (West Bengal),STATE_OFFICER,West Bengal,ALL,Active,2024-01-05 10:00:00
USR-00069,so_057_andamanand,$2b$12$TQaqjTTr.x6ryse5KevtxOa91V5Q9tRHzjv83ntUJFSYXUg7D5Q7S,State Officer 1 (Andaman and Nicobar Islands),STATE_OFFICER,Andaman and Nicobar Islands,ALL,Active,2024-01-05 10:00:00
USR-00070,so_058_andamanand,$2b$12$TQaqjTTr.x6ryse5KevtxOa91V5Q9tRHzjv83ntUJFSYXUg7D5Q7S,State Officer 2 (Andaman and Nicobar Islands),STATE_OFFICER,Andaman and Nicobar Islands,ALL,Active,2024-01-05 10:00:00
USR-00071,so_059_chandigarh,$2b$12$TQaqjTTr.x6ryse5KevtxOa91V5Q9tRHzjv83ntUJFSYXUg7D5Q7S,State Officer 1 (Chandigarh),STATE_OFFICER,Chandigarh,ALL,Active,2024-01-05 10:00:00
USR-00072,so_060_chandigarh,$2b$12$TQaqjTTr.x6ryse5KevtxOa91V5Q9tRHzjv83ntUJFSYXUg7D5Q7S,State Officer 2 (Chandigarh),STATE_OFFICER,Chandigarh,ALL,Active,2024-01-05 10:00:00
USR-00073,so_061_dadraandna,$2b$12$TQaqjTTr.x6ryse5KevtxOa91V5Q9tRHzjv83ntUJFSYXUg7D5Q7S,State Officer 1 (Dadra and Nagar Haveli and Daman and Diu),STATE_OFFICER,Dadra and Nagar Haveli and Daman and Diu,ALL,Active,2024-01-05 10:00:00
USR-00074,so_062_dadraandna,$2b$12$TQaqjTTr.x6ryse5KevtxOa91V5Q9tRHzjv83ntUJFSYXUg7D5Q7S,State Officer 2 (Dadra and Nagar Haveli and Daman and Diu),STATE_OFFICER,Dadra and Nagar Haveli and Daman and Diu,ALL,Active,2024-01-05 10:00:00
USR-00075,so_063_delhi,$2b$12$TQaqjTTr.x6ryse5KevtxOa91V5Q9tRHzjv83ntUJFSYXUg7D5Q7S,State Officer 1 (Delhi),STATE_OFFICER,Delhi,ALL,Active,2024-01-05 10:00:00
USR-00076,so_064_delhi,$2b$12$TQaqjTTr.x6ryse5KevtxOa91V5Q9tRHzjv83ntUJFSYXUg7D5Q7S,State Officer 2 (Delhi),STATE_OFFICER,Delhi,ALL,Active,2024-01-05 10:00:00
USR-00077,so_065_jammuandka,$2b$12$TQaqjTTr.x6ryse5KevtxOa91V5Q9tRHzjv83ntUJFSYXUg7D5Q7S,State Officer 1 (Jammu and Kashmir),STATE_OFFICER,Jammu and Kashmir,ALL,Active,2024-01-05 10:00:00
USR-00078,so_066_jammuandka,$2b$12$TQaqjTTr.x6ryse5KevtxOa91V5Q9tRHzjv83ntUJFSYXUg7D5Q7S,State Officer 2 (Jammu and Kashmir),STATE_OFFICER,Jammu and Kashmir,ALL,Active,2024-01-05 10:00:00
USR-00079,so_067_ladakh,$2b$12$TQaqjTTr.x6ryse5KevtxOa91V5Q9tRHzjv83ntUJFSYXUg7D5Q7S,State Officer 1 (Ladakh),STATE_OFFICER,Ladakh,ALL,Active,2024-01-05 10:00:00
USR-00080,so_068_ladakh,$2b$12$TQaqjTTr.x6ryse5KevtxOa91V5Q9tRHzjv83ntUJFSYXUg7D5Q7S,State Officer 2 (Ladakh),STATE_OFFICER,Ladakh,ALL,Active,2024-01-05 10:00:00
USR-00081,so_069_lakshadwee,$2b$12$TQaqjTTr.x6ryse5KevtxOa91V5Q9tRHzjv83ntUJFSYXUg7D5Q7S,State Officer 1 (Lakshadweep),STATE_OFFICER,Lakshadweep,ALL,Active,2024-01-05 10:00:00
USR-00082,so_070_lakshadwee,$2b$12$TQaqjTTr.x6ryse5KevtxOa91V5Q9tRHzjv83ntUJFSYXUg7D5Q7S,State Officer 2 (Lakshadweep),STATE_OFFICER,Lakshadweep,ALL,Active,2024-01-05 10:00:00
USR-00083,so_071_puducherry,$2b$12$TQaqjTTr.x6ryse5KevtxOa91V5Q9tRHzjv83ntUJFSYXUg7D5Q7S,State Officer 1 (Puducherry),STATE_OFFICER,Puducherry,ALL,Active,2024-01-05 10:00:00
USR-00084,so_072_puducherry,$2b$12$TQaqjTTr.x6ryse5KevtxOa91V5Q9tRHzjv83ntUJFSYXUg7D5Q7S,State Officer 2 (Puducherry),STATE_OFFICER,Puducherry,ALL,Active,2024-01-05 10:00:00
USR-00085,do_0001_ananthapuram,$2b$12$TQaqjTTr.x6ryse5KevtxOa91V5Q9tRHzjv83ntUJFSYXUg7D5Q7S,"District Collector (Ananthapuramu, Andhra Pradesh)",DISTRICT_OFFICER,Andhra Pradesh,Ananthapuramu,Active,2024-01-10 10:00:00
USR-00086,do_0002_annamayya,$2b$12$TQaqjTTr.x6ryse5KevtxOa91V5Q9tRHzjv83ntUJFSYXUg7D5Q7S,"District Collector (Annamayya, Andhra Pradesh)",DISTRICT_OFFICER,Andhra Pradesh,Annamayya,Active,2024-01-10 10:00:00
USR-00087,do_0003_allurisithar,$2b$12$TQaqjTTr.x6ryse5KevtxOa91V5Q9tRHzjv83ntUJFSYXUg7D5Q7S,"District Collector (Alluri Sitharama Raju, Andhra Pradesh)",DISTRICT_OFFICER,Andhra Pradesh,Alluri Sitharama Raju,Active,2024-01-10 10:00:00
USR-00088,do_0004_anakapalli,$2b$12$TQaqjTTr.x6ryse5KevtxOa91V5Q9tRHzjv83ntUJFSYXUg7D5Q7S,"District Collector (Anakapalli, Andhra Pradesh)",DISTRICT_OFFICER,Andhra Pradesh,Anakapalli,Active,2024-01-10 10:00:00
USR-00089,do_0005_bapatla,$2b$12$TQaqjTTr.x6ryse5KevtxOa91V5Q9tRHzjv83ntUJFSYXUg7D5Q7S,"District Collector (Bapatla, Andhra Pradesh)",DISTRICT_OFFICER,Andhra Pradesh,Bapatla,Active,2024-01-10 10:00:00
USR-00090,do_0006_chittoor,$2b$12$TQaqjTTr.x6ryse5KevtxOa91V5Q9tRHzjv83ntUJFSYXUg7D5Q7S,"District Collector (Chittoor, Andhra Pradesh)",DISTRICT_OFFICER,Andhra Pradesh,Chittoor,Active,2024-01-10 10:00:00
USR-00091,do_0007_eastgodavari,$2b$12$TQaqjTTr.x6ryse5KevtxOa91V5Q9tRHzjv83ntUJFSYXUg7D5Q7S,"District Collector (East Godavari, Andhra Pradesh)",DISTRICT_OFFICER,Andhra Pradesh,East Godavari,Active,2024-01-10 10:00:00
USR-00092,do_0008_eluru,$2b$12$TQaqjTTr.x6ryse5KevtxOa91V5Q9tRHzjv83ntUJFSYXUg7D5Q7S,"District Collector (Eluru, Andhra Pradesh)",DISTRICT_OFFICER,Andhra Pradesh,Eluru,Active,2024-01-10 10:00:00
USR-00093,do_0009_guntur,$2b$12$TQaqjTTr.x6ryse5KevtxOa91V5Q9tRHzjv83ntUJFSYXUg7D5Q7S,"District Collector (Guntur, Andhra Pradesh)",DISTRICT_OFFICER,Andhra Pradesh,Guntur,Active,2024-01-10 10:00:00
USR-00094,do_0010_kakinada,$2b$12$TQaqjTTr.x6ryse5KevtxOa91V5Q9tRHzjv83ntUJFSYXUg7D5Q7S,"District Collector (Kakinada, Andhra Pradesh)",DISTRICT_OFFICER,Andhra Pradesh,Kakinada,Active,2024-01-10 10:00:00
USR-00095,do_0011_ntr,$2b$12$TQaqjTTr.x6ryse5KevtxOa91V5Q9tRHzjv83ntUJFSYXUg7D5Q7S,"District Collector (NTR, Andhra Pradesh)",DISTRICT_OFFICER,Andhra Pradesh,NTR,Active,2024-01-10 10:00:00
USR-00096,do_0012_nandyal,$2b$12$TQaqjTTr.x6ryse5KevtxOa91V5Q9tRHzjv83ntUJFSYXUg7D5Q7S,"District Collector (Nandyal, Andhra Pradesh)",DISTRICT_OFFICER,Andhra Pradesh,Nandyal,Active,2024-01-10 10:00:00
USR-00097,do_0013_palnadu,$2b$12$TQaqjTTr.x6ryse5KevtxOa91V5Q9tRHzjv83ntUJFSYXUg7D5Q7S,"District Collector (Palnadu, Andhra Pradesh)",DISTRICT_OFFICER,Andhra Pradesh,Palnadu,Active,2024-01-10 10:00:00
USR-00098,do_0014_parvathipura,$2b$12$TQaqjTTr.x6ryse5KevtxOa91V5Q9tRHzjv83ntUJFSYXUg7D5Q7S,"District Collector (Parvathipuram Manyam, Andhra Pradesh)",DISTRICT_OFFICER,Andhra Pradesh,Parvathipuram Manyam,Active,2024-01-10 10:00:00
USR-00099,do_0015_prakasam,$2b$12$TQaqjTTr.x6ryse5KevtxOa91V5Q9tRHzjv83ntUJFSYXUg7D5Q7S,"District Collector (Prakasam, Andhra Pradesh)",DISTRICT_OFFICER,Andhra Pradesh,Prakasam,Active,2024-01-10 10:00:00
USR-00100,do_0016_sripottisrir,$2b$12$TQaqjTTr.x6ryse5KevtxOa91V5Q9tRHzjv83ntUJFSYXUg7D5Q7S,"District Collector (Sri Potti Sriramulu Nellore, Andhra Pradesh)",DISTRICT_OFFICER,Andhra Pradesh,Sri Potti Sriramulu Nellore,Active,2024-01-10 10:00:00
USR-00101,do_0017_srisathyasai,$2b$12$TQaqjTTr.x6ryse5KevtxOa91V5Q9tRHzjv83ntUJFSYXUg7D5Q7S,"District Collector (Sri Sathya Sai, Andhra Pradesh)",DISTRICT_OFFICER,Andhra Pradesh,Sri Sathya Sai,Active,2024-01-10 10:00:00
USR-00102,do_0018_srikakulam,$2b$12$TQaqjTTr.x6ryse5KevtxOa91V5Q9tRHzjv83ntUJFSYXUg7D5Q7S,"District Collector (Srikakulam, Andhra Pradesh)",DISTRICT_OFFICER,Andhra Pradesh,Srikakulam,Active,2024-01-10 10:00:00
USR-00103,do_0019_tirupati,$2b$12$TQaqjTTr.x6ryse5KevtxOa91V5Q9tRHzjv83ntUJFSYXUg7D5Q7S,"District Collector (Tirupati, Andhra Pradesh)",DISTRICT_OFFICER,Andhra Pradesh,Tirupati,Active,2024-01-10 10:00:00
USR-00104,do_0020_visakhapatna,$2b$12$TQaqjTTr.x6ryse5KevtxOa91V5Q9tRHzjv83ntUJFSYXUg7D5Q7S,"District Collector (Visakhapatnam, Andhra Pradesh)",DISTRICT_OFFICER,Andhra Pradesh,Visakhapatnam,Active,2024-01-10 10:00:00
USR-00105,do_0021_vizianagaram,$2b$12$TQaqjTTr.x6ryse5KevtxOa91V5Q9tRHzjv83ntUJFSYXUg7D5Q7S,"District Collector (Vizianagaram, Andhra Pradesh)",DISTRICT_OFFICER,Andhra Pradesh,Vizianagaram,Active,2024-01-10 10:00:00
USR-00106,do_0022_westgodavari,$2b$12$TQaqjTTr.x6ryse5KevtxOa91V5Q9tRHzjv83ntUJFSYXUg7D5Q7S,"District Collector (West Godavari, Andhra Pradesh)",DISTRICT_OFFICER,Andhra Pradesh,West Godavari,Active,2024-01-10 10:00:00
USR-00107,do_0023_ysrkadapa,$2b$12$TQaqjTTr.x6ryse5KevtxOa91V5Q9tRHzjv83ntUJFSYXUg7D5Q7S,"District Collector (YSR Kadapa, Andhra Pradesh)",DISTRICT_OFFICER,Andhra Pradesh,YSR Kadapa,Active,2024-01-10 10:00:00
USR-00108,do_0024_drbrambedkar,$2b$12$TQaqjTTr.x6ryse5KevtxOa91V5Q9tRHzjv83ntUJFSYXUg7D5Q7S,"District Collector (Dr. B.R. Ambedkar Konaseema, Andhra Pradesh)",DISTRICT_OFFICER,Andhra Pradesh,Dr. B.R. Ambedkar Konaseema,Active,2024-01-10 10:00:00
USR-00109,do_0025_kurnool,$2b$12$TQaqjTTr.x6ryse5KevtxOa91V5Q9tRHzjv83ntUJFSYXUg7D5Q7S,"District Collector (Kurnool, Andhra Pradesh)",DISTRICT_OFFICER,Andhra Pradesh,Kurnool,Active,2024-01-10 10:00:00
USR-00110,do_0026_anjaw,$2b$12$TQaqjTTr.x6ryse5KevtxOa91V5Q9tRHzjv83ntUJFSYXUg7D5Q7S,"District Collector (Anjaw, Arunachal Pradesh)",DISTRICT_OFFICER,Arunachal Pradesh,Anjaw,Active,2024-01-10 10:00:00
USR-00111,do_0027_changlang,$2b$12$TQaqjTTr.x6ryse5KevtxOa91V5Q9tRHzjv83ntUJFSYXUg7D5Q7S,"District Collector (Changlang, Arunachal Pradesh)",DISTRICT_OFFICER,Arunachal Pradesh,Changlang,Active,2024-01-10 10:00:00
USR-00112,do_0028_dibangvalley,$2b$12$TQaqjTTr.x6ryse5KevtxOa91V5Q9tRHzjv83ntUJFSYXUg7D5Q7S,"District Collector (Dibang Valley, Arunachal Pradesh)",DISTRICT_OFFICER,Arunachal Pradesh,Dibang Valley,Active,2024-01-10 10:00:00
USR-00113,do_0029_eastkameng,$2b$12$TQaqjTTr.x6ryse5KevtxOa91V5Q9tRHzjv83ntUJFSYXUg7D5Q7S,"District Collector (East Kameng, Arunachal Pradesh)",DISTRICT_OFFICER,Arunachal Pradesh,East Kameng,Active,2024-01-10 10:00:00
USR-00114,do_0030_eastsiang,$2b$12$TQaqjTTr.x6ryse5KevtxOa91V5Q9tRHzjv83ntUJFSYXUg7D5Q7S,"District Collector (East Siang, Arunachal Pradesh)",DISTRICT_OFFICER,Arunachal Pradesh,East Siang,Active,2024-01-10 10:00:00
USR-00115,do_0031_kamle,$2b$12$TQaqjTTr.x6ryse5KevtxOa91V5Q9tRHzjv83ntUJFSYXUg7D5Q7S,"District Collector (Kamle, Arunachal Pradesh)",DISTRICT_OFFICER,Arunachal Pradesh,Kamle,Active,2024-01-10 10:00:00
USR-00116,do_0032_kradaadi,$2b$12$TQaqjTTr.x6ryse5KevtxOa91V5Q9tRHzjv83ntUJFSYXUg7D5Q7S,"District Collector (Kra Daadi, Arunachal Pradesh)",DISTRICT_OFFICER,Arunachal Pradesh,Kra Daadi,Active,2024-01-10 10:00:00
USR-00117,do_0033_kurungkumey,$2b$12$TQaqjTTr.x6ryse5KevtxOa91V5Q9tRHzjv83ntUJFSYXUg7D5Q7S,"District Collector (Kurung Kumey, Arunachal Pradesh)",DISTRICT_OFFICER,Arunachal Pradesh,Kurung Kumey,Active,2024-01-10 10:00:00
USR-00118,do_0034_leparada,$2b$12$TQaqjTTr.x6ryse5KevtxOa91V5Q9tRHzjv83ntUJFSYXUg7D5Q7S,"District Collector (Lepa Rada, Arunachal Pradesh)",DISTRICT_OFFICER,Arunachal Pradesh,Lepa Rada,Active,2024-01-10 10:00:00
USR-00119,do_0035_lohit,$2b$12$TQaqjTTr.x6ryse5KevtxOa91V5Q9tRHzjv83ntUJFSYXUg7D5Q7S,"District Collector (Lohit, Arunachal Pradesh)",DISTRICT_OFFICER,Arunachal Pradesh,Lohit,Active,2024-01-10 10:00:00
USR-00120,do_0036_longding,$2b$12$TQaqjTTr.x6ryse5KevtxOa91V5Q9tRHzjv83ntUJFSYXUg7D5Q7S,"District Collector (Longding, Arunachal Pradesh)",DISTRICT_OFFICER,Arunachal Pradesh,Longding,Active,2024-01-10 10:00:00
USR-00121,do_0037_lowerdibangv,$2b$12$TQaqjTTr.x6ryse5KevtxOa91V5Q9tRHzjv83ntUJFSYXUg7D5Q7S,"District Collector (Lower Dibang Valley, Arunachal Pradesh)",DISTRICT_OFFICER,Arunachal Pradesh,Lower Dibang Valley,Active,2024-01-10 10:00:00
USR-00122,do_0038_lowersubansi,$2b$12$TQaqjTTr.x6ryse5KevtxOa91V5Q9tRHzjv83ntUJFSYXUg7D5Q7S,"District Collector (Lower Subansiri, Arunachal Pradesh)",DISTRICT_OFFICER,Arunachal Pradesh,Lower Subansiri,Active,2024-01-10 10:00:00
USR-00123,do_0039_namsai,$2b$12$TQaqjTTr.x6ryse5KevtxOa91V5Q9tRHzjv83ntUJFSYXUg7D5Q7S,"District Collector (Namsai, Arunachal Pradesh)",DISTRICT_OFFICER,Arunachal Pradesh,Namsai,Active,2024-01-10 10:00:00
USR-00124,do_0040_pakkekessang,$2b$12$TQaqjTTr.x6ryse5KevtxOa91V5Q9tRHzjv83ntUJFSYXUg7D5Q7S,"District Collector (Pakke Kessang, Arunachal Pradesh)",DISTRICT_OFFICER,Arunachal Pradesh,Pakke Kessang,Active,2024-01-10 10:00:00
USR-00125,do_0041_papumpare,$2b$12$TQaqjTTr.x6ryse5KevtxOa91V5Q9tRHzjv83ntUJFSYXUg7D5Q7S,"District Collector (Papum Pare, Arunachal Pradesh)",DISTRICT_OFFICER,Arunachal Pradesh,Papum Pare,Active,2024-01-10 10:00:00
USR-00126,do_0042_shiyomi,$2b$12$TQaqjTTr.x6ryse5KevtxOa91V5Q9tRHzjv83ntUJFSYXUg7D5Q7S,"District Collector (Shi Yomi, Arunachal Pradesh)",DISTRICT_OFFICER,Arunachal Pradesh,Shi Yomi,Active,2024-01-10 10:00:00
USR-00127,do_0043_siang,$2b$12$TQaqjTTr.x6ryse5KevtxOa91V5Q9tRHzjv83ntUJFSYXUg7D5Q7S,"District Collector (Siang, Arunachal Pradesh)",DISTRICT_OFFICER,Arunachal Pradesh,Siang,Active,2024-01-10 10:00:00
USR-00128,do_0044_tawang,$2b$12$TQaqjTTr.x6ryse5KevtxOa91V5Q9tRHzjv83ntUJFSYXUg7D5Q7S,"District Collector (Tawang, Arunachal Pradesh)",DISTRICT_OFFICER,Arunachal Pradesh,Tawang,Active,2024-01-10 10:00:00
USR-00129,do_0045_tirap,$2b$12$TQaqjTTr.x6ryse5KevtxOa91V5Q9tRHzjv83ntUJFSYXUg7D5Q7S,"District Collector (Tirap, Arunachal Pradesh)",DISTRICT_OFFICER,Arunachal Pradesh,Tirap,Active,2024-01-10 10:00:00
USR-00130,do_0046_uppersiang,$2b$12$TQaqjTTr.x6ryse5KevtxOa91V5Q9tRHzjv83ntUJFSYXUg7D5Q7S,"District Collector (Upper Siang, Arunachal Pradesh)",DISTRICT_OFFICER,Arunachal Pradesh,Upper Siang,Active,2024-01-10 10:00:00
USR-00131,do_0047_uppersubansi,$2b$12$TQaqjTTr.x6ryse5KevtxOa91V5Q9tRHzjv83ntUJFSYXUg7D5Q7S,"District Collector (Upper Subansiri, Arunachal Pradesh)",DISTRICT_OFFICER,Arunachal Pradesh,Upper Subansiri,Active,2024-01-10 10:00:00
USR-00132,do_0048_westkameng,$2b$12$TQaqjTTr.x6ryse5KevtxOa91V5Q9tRHzjv83ntUJFSYXUg7D5Q7S,"District Collector (West Kameng, Arunachal Pradesh)",DISTRICT_OFFICER,Arunachal Pradesh,West Kameng,Active,2024-01-10 10:00:00
USR-00133,do_0049_westsiang,$2b$12$TQaqjTTr.x6ryse5KevtxOa91V5Q9tRHzjv83ntUJFSYXUg7D5Q7S,"District Collector (West Siang, Arunachal Pradesh)",DISTRICT_OFFICER,Arunachal Pradesh,West Siang,Active,2024-01-10 10:00:00
USR-00134,do_0050_itanagar,$2b$12$TQaqjTTr.x6ryse5KevtxOa91V5Q9tRHzjv83ntUJFSYXUg7D5Q7S,"District Collector (Itanagar, Arunachal Pradesh)",DISTRICT_OFFICER,Arunachal Pradesh,Itanagar,Active,2024-01-10 10:00:00
USR-00135,do_0051_bichom,$2b$12$TQaqjTTr.x6ryse5KevtxOa91V5Q9tRHzjv83ntUJFSYXUg7D5Q7S,"District Collector (Bichom, Arunachal Pradesh)",DISTRICT_OFFICER,Arunachal Pradesh,Bichom,Active,2024-01-10 10:00:00
USR-00136,do_0052_bajali,$2b$12$TQaqjTTr.x6ryse5KevtxOa91V5Q9tRHzjv83ntUJFSYXUg7D5Q7S,"District Collector (Bajali, Assam)",DISTRICT_OFFICER,Assam,Bajali,Active,2024-01-10 10:00:00
USR-00137,do_0053_baksa,$2b$12$TQaqjTTr.x6ryse5KevtxOa91V5Q9tRHzjv83ntUJFSYXUg7D5Q7S,"District Collector (Baksa, Assam)",DISTRICT_OFFICER,Assam,Baksa,Active,2024-01-10 10:00:00
USR-00138,do_0054_barpeta,$2b$12$TQaqjTTr.x6ryse5KevtxOa91V5Q9tRHzjv83ntUJFSYXUg7D5Q7S,"District Collector (Barpeta, Assam)",DISTRICT_OFFICER,Assam,Barpeta,Active,2024-01-10 10:00:00
USR-00139,do_0055_biswanath,$2b$12$TQaqjTTr.x6ryse5KevtxOa91V5Q9tRHzjv83ntUJFSYXUg7D5Q7S,"District Collector (Biswanath, Assam)",DISTRICT_OFFICER,Assam,Biswanath,Active,2024-01-10 10:00:00
USR-00140,do_0056_bongaigaon,$2b$12$TQaqjTTr.x6ryse5KevtxOa91V5Q9tRHzjv83ntUJFSYXUg7D5Q7S,"District Collector (Bongaigaon, Assam)",DISTRICT_OFFICER,Assam,Bongaigaon,Active,2024-01-10 10:00:00
USR-00141,do_0057_cachar,$2b$12$TQaqjTTr.x6ryse5KevtxOa91V5Q9tRHzjv83ntUJFSYXUg7D5Q7S,"District Collector (Cachar, Assam)",DISTRICT_OFFICER,Assam,Cachar,Active,2024-01-10 10:00:00
USR-00142,do_0058_charaideo,$2b$12$TQaqjTTr.x6ryse5KevtxOa91V5Q9tRHzjv83ntUJFSYXUg7D5Q7S,"District Collector (Charaideo, Assam)",DISTRICT_OFFICER,Assam,Charaideo,Active,2024-01-10 10:00:00
USR-00143,do_0059_chirang,$2b$12$TQaqjTTr.x6ryse5KevtxOa91V5Q9tRHzjv83ntUJFSYXUg7D5Q7S,"District Collector (Chirang, Assam)",DISTRICT_OFFICER,Assam,Chirang,Active,2024-01-10 10:00:00
USR-00144,do_0060_darrang,$2b$12$TQaqjTTr.x6ryse5KevtxOa91V5Q9tRHzjv83ntUJFSYXUg7D5Q7S,"District Collector (Darrang, Assam)",DISTRICT_OFFICER,Assam,Darrang,Active,2024-01-10 10:00:00
USR-00145,do_0061_dhemaji,$2b$12$TQaqjTTr.x6ryse5KevtxOa91V5Q9tRHzjv83ntUJFSYXUg7D5Q7S,"District Collector (Dhemaji, Assam)",DISTRICT_OFFICER,Assam,Dhemaji,Active,2024-01-10 10:00:00
USR-00146,do_0062_dhubri,$2b$12$TQaqjTTr.x6ryse5KevtxOa91V5Q9tRHzjv83ntUJFSYXUg7D5Q7S,"District Collector (Dhubri, Assam)",DISTRICT_OFFICER,Assam,Dhubri,Active,2024-01-10 10:00:00
USR-00147,do_0063_dibrugarh,$2b$12$TQaqjTTr.x6ryse5KevtxOa91V5Q9tRHzjv83ntUJFSYXUg7D5Q7S,"District Collector (Dibrugarh, Assam)",DISTRICT_OFFICER,Assam,Dibrugarh,Active,2024-01-10 10:00:00
USR-00148,do_0064_dimahasao,$2b$12$TQaqjTTr.x6ryse5KevtxOa91V5Q9tRHzjv83ntUJFSYXUg7D5Q7S,"District Collector (Dima Hasao, Assam)",DISTRICT_OFFICER,Assam,Dima Hasao,Active,2024-01-10 10:00:00
USR-00149,do_0065_goalpara,$2b$12$TQaqjTTr.x6ryse5KevtxOa91V5Q9tRHzjv83ntUJFSYXUg7D5Q7S,"District Collector (Goalpara, Assam)",DISTRICT_OFFICER,Assam,Goalpara,Active,2024-01-10 10:00:00
USR-00150,do_0066_golaghat,$2b$12$TQaqjTTr.x6ryse5KevtxOa91V5Q9tRHzjv83ntUJFSYXUg7D5Q7S,"District Collector (Golaghat, Assam)",DISTRICT_OFFICER,Assam,Golaghat,Active,2024-01-10 10:00:00
USR-00151,do_0067_hailakandi,$2b$12$TQaqjTTr.x6ryse5KevtxOa91V5Q9tRHzjv83ntUJFSYXUg7D5Q7S,"District Collector (Hailakandi, Assam)",DISTRICT_OFFICER,Assam,Hailakandi,Active,2024-01-10 10:00:00
USR-00152,do_0068_hojai,$2b$12$TQaqjTTr.x6ryse5KevtxOa91V5Q9tRHzjv83ntUJFSYXUg7D5Q7S,"District Collector (Hojai, Assam)",DISTRICT_OFFICER,Assam,Hojai,Active,2024-01-10 10:00:00
USR-00153,do_0069_jorhat,$2b$12$TQaqjTTr.x6ryse5KevtxOa91V5Q9tRHzjv83ntUJFSYXUg7D5Q7S,"District Collector (Jorhat, Assam)",DISTRICT_OFFICER,Assam,Jorhat,Active,2024-01-10 10:00:00
USR-00154,do_0070_kamrup,$2b$12$TQaqjTTr.x6ryse5KevtxOa91V5Q9tRHzjv83ntUJFSYXUg7D5Q7S,"District Collector (Kamrup, Assam)",DISTRICT_OFFICER,Assam,Kamrup,Active,2024-01-10 10:00:00
USR-00155,do_0071_kamrupmetrop,$2b$12$TQaqjTTr.x6ryse5KevtxOa91V5Q9tRHzjv83ntUJFSYXUg7D5Q7S,"District Collector (Kamrup Metropolitan, Assam)",DISTRICT_OFFICER,Assam,Kamrup Metropolitan,Active,2024-01-10 10:00:00
USR-00156,do_0072_karbianglong,$2b$12$TQaqjTTr.x6ryse5KevtxOa91V5Q9tRHzjv83ntUJFSYXUg7D5Q7S,"District Collector (Karbi Anglong, Assam)",DISTRICT_OFFICER,Assam,Karbi Anglong,Active,2024-01-10 10:00:00
USR-00157,do_0073_karimganj,$2b$12$TQaqjTTr.x6ryse5KevtxOa91V5Q9tRHzjv83ntUJFSYXUg7D5Q7S,"District Collector (Karimganj, Assam)",DISTRICT_OFFICER,Assam,Karimganj,Active,2024-01-10 10:00:00
USR-00158,do_0074_kokrajhar,$2b$12$TQaqjTTr.x6ryse5KevtxOa91V5Q9tRHzjv83ntUJFSYXUg7D5Q7S,"District Collector (Kokrajhar, Assam)",DISTRICT_OFFICER,Assam,Kokrajhar,Active,2024-01-10 10:00:00
USR-00159,do_0075_lakhimpur,$2b$12$TQaqjTTr.x6ryse5KevtxOa91V5Q9tRHzjv83ntUJFSYXUg7D5Q7S,"District Collector (Lakhimpur, Assam)",DISTRICT_OFFICER,Assam,Lakhimpur,Active,2024-01-10 10:00:00
USR-00160,do_0076_majuli,$2b$12$TQaqjTTr.x6ryse5KevtxOa91V5Q9tRHzjv83ntUJFSYXUg7D5Q7S,"District Collector (Majuli, Assam)",DISTRICT_OFFICER,Assam,Majuli,Active,2024-01-10 10:00:00
USR-00161,do_0077_morigaon,$2b$12$TQaqjTTr.x6ryse5KevtxOa91V5Q9tRHzjv83ntUJFSYXUg7D5Q7S,"District Collector (Morigaon, Assam)",DISTRICT_OFFICER,Assam,Morigaon,Active,2024-01-10 10:00:00
USR-00162,do_0078_nagaon,$2b$12$TQaqjTTr.x6ryse5KevtxOa91V5Q9tRHzjv83ntUJFSYXUg7D5Q7S,"District Collector (Nagaon, Assam)",DISTRICT_OFFICER,Assam,Nagaon,Active,2024-01-10 10:00:00
USR-00163,do_0079_nalbari,$2b$12$TQaqjTTr.x6ryse5KevtxOa91V5Q9tRHzjv83ntUJFSYXUg7D5Q7S,"District Collector (Nalbari, Assam)",DISTRICT_OFFICER,Assam,Nalbari,Active,2024-01-10 10:00:00
USR-00164,do_0080_sivasagar,$2b$12$TQaqjTTr.x6ryse5KevtxOa91V5Q9tRHzjv83ntUJFSYXUg7D5Q7S,"District Collector (Sivasagar, Assam)",DISTRICT_OFFICER,Assam,Sivasagar,Active,2024-01-10 10:00:00
USR-00165,do_0081_sonitpur,$2b$12$TQaqjTTr.x6ryse5KevtxOa91V5Q9tRHzjv83ntUJFSYXUg7D5Q7S,"District Collector (Sonitpur, Assam)",DISTRICT_OFFICER,Assam,Sonitpur,Active,2024-01-10 10:00:00
USR-00166,do_0082_southsalmara,$2b$12$TQaqjTTr.x6ryse5KevtxOa91V5Q9tRHzjv83ntUJFSYXUg7D5Q7S,"District Collector (South Salmara-Mankachar, Assam)",DISTRICT_OFFICER,Assam,South Salmara-Mankachar,Active,2024-01-10 10:00:00
USR-00167,do_0083_tinsukia,$2b$12$TQaqjTTr.x6ryse5KevtxOa91V5Q9tRHzjv83ntUJFSYXUg7D5Q7S,"District Collector (Tinsukia, Assam)",DISTRICT_OFFICER,Assam,Tinsukia,Active,2024-01-10 10:00:00
USR-00168,do_0084_udalguri,$2b$12$TQaqjTTr.x6ryse5KevtxOa91V5Q9tRHzjv83ntUJFSYXUg7D5Q7S,"District Collector (Udalguri, Assam)",DISTRICT_OFFICER,Assam,Udalguri,Active,2024-01-10 10:00:00
USR-00169,do_0085_westkarbiang,$2b$12$TQaqjTTr.x6ryse5KevtxOa91V5Q9tRHzjv83ntUJFSYXUg7D5Q7S,"District Collector (West Karbi Anglong, Assam)",DISTRICT_OFFICER,Assam,West Karbi Anglong,Active,2024-01-10 10:00:00
USR-00170,do_0086_araria,$2b$12$TQaqjTTr.x6ryse5KevtxOa91V5Q9tRHzjv83ntUJFSYXUg7D5Q7S,"District Collector (Araria, Bihar)",DISTRICT_OFFICER,Bihar,Araria,Active,2024-01-10 10:00:00
USR-00171,do_0087_arwal,$2b$12$TQaqjTTr.x6ryse5KevtxOa91V5Q9tRHzjv83ntUJFSYXUg7D5Q7S,"District Collector (Arwal, Bihar)",DISTRICT_OFFICER,Bihar,Arwal,Active,2024-01-10 10:00:00
USR-00172,do_0088_aurangabad,$2b$12$TQaqjTTr.x6ryse5KevtxOa91V5Q9tRHzjv83ntUJFSYXUg7D5Q7S,"District Collector (Aurangabad, Bihar)",DISTRICT_OFFICER,Bihar,Aurangabad,Active,2024-01-10 10:00:00
USR-00173,do_0089_banka,$2b$12$TQaqjTTr.x6ryse5KevtxOa91V5Q9tRHzjv83ntUJFSYXUg7D5Q7S,"District Collector (Banka, Bihar)",DISTRICT_OFFICER,Bihar,Banka,Active,2024-01-10 10:00:00
USR-00174,do_0090_begusarai,$2b$12$TQaqjTTr.x6ryse5KevtxOa91V5Q9tRHzjv83ntUJFSYXUg7D5Q7S,"District Collector (Begusarai, Bihar)",DISTRICT_OFFICER,Bihar,Begusarai,Active,2024-01-10 10:00:00
USR-00175,do_0091_bhagalpur,$2b$12$TQaqjTTr.x6ryse5KevtxOa91V5Q9tRHzjv83ntUJFSYXUg7D5Q7S,"District Collector (Bhagalpur, Bihar)",DISTRICT_OFFICER,Bihar,Bhagalpur,Active,2024-01-10 10:00:00
USR-00176,do_0092_bhojpur,$2b$12$TQaqjTTr.x6ryse5KevtxOa91V5Q9tRHzjv83ntUJFSYXUg7D5Q7S,"District Collector (Bhojpur, Bihar)",DISTRICT_OFFICER,Bihar,Bhojpur,Active,2024-01-10 10:00:00
USR-00177,do_0093_buxar,$2b$12$TQaqjTTr.x6ryse5KevtxOa91V5Q9tRHzjv83ntUJFSYXUg7D5Q7S,"District Collector (Buxar, Bihar)",DISTRICT_OFFICER,Bihar,Buxar,Active,2024-01-10 10:00:00
USR-00178,do_0094_darbhanga,$2b$12$TQaqjTTr.x6ryse5KevtxOa91V5Q9tRHzjv83ntUJFSYXUg7D5Q7S,"District Collector (Darbhanga, Bihar)",DISTRICT_OFFICER,Bihar,Darbhanga,Active,2024-01-10 10:00:00
USR-00179,do_0095_eastchampara,$2b$12$TQaqjTTr.x6ryse5KevtxOa91V5Q9tRHzjv83ntUJFSYXUg7D5Q7S,"District Collector (East Champaran, Bihar)",DISTRICT_OFFICER,Bihar,East Champaran,Active,2024-01-10 10:00:00
USR-00180,do_0096_gaya,$2b$12$TQaqjTTr.x6ryse5KevtxOa91V5Q9tRHzjv83ntUJFSYXUg7D5Q7S,"District Collector (Gaya, Bihar)",DISTRICT_OFFICER,Bihar,Gaya,Active,2024-01-10 10:00:00
USR-00181,do_0097_gopalganj,$2b$12$TQaqjTTr.x6ryse5KevtxOa91V5Q9tRHzjv83ntUJFSYXUg7D5Q7S,"District Collector (Gopalganj, Bihar)",DISTRICT_OFFICER,Bihar,Gopalganj,Active,2024-01-10 10:00:00
USR-00182,do_0098_jamui,$2b$12$TQaqjTTr.x6ryse5KevtxOa91V5Q9tRHzjv83ntUJFSYXUg7D5Q7S,"District Collector (Jamui, Bihar)",DISTRICT_OFFICER,Bihar,Jamui,Active,2024-01-10 10:00:00
USR-00183,do_0099_jehanabad,$2b$12$TQaqjTTr.x6ryse5KevtxOa91V5Q9tRHzjv83ntUJFSYXUg7D5Q7S,"District Collector (Jehanabad, Bihar)",DISTRICT_OFFICER,Bihar,Jehanabad,Active,2024-01-10 10:00:00
USR-00184,do_0100_kaimur,$2b$12$TQaqjTTr.x6ryse5KevtxOa91V5Q9tRHzjv83ntUJFSYXUg7D5Q7S,"District Collector (Kaimur, Bihar)",DISTRICT_OFFICER,Bihar,Kaimur,Active,2024-01-10 10:00:00
USR-00185,do_0101_katihar,$2b$12$TQaqjTTr.x6ryse5KevtxOa91V5Q9tRHzjv83ntUJFSYXUg7D5Q7S,"District Collector (Katihar, Bihar)",DISTRICT_OFFICER,Bihar,Katihar,Active,2024-01-10 10:00:00
USR-00186,do_0102_khagaria,$2b$12$TQaqjTTr.x6ryse5KevtxOa91V5Q9tRHzjv83ntUJFSYXUg7D5Q7S,"District Collector (Khagaria, Bihar)",DISTRICT_OFFICER,Bihar,Khagaria,Active,2024-01-10 10:00:00
USR-00187,do_0103_kishanganj,$2b$12$TQaqjTTr.x6ryse5KevtxOa91V5Q9tRHzjv83ntUJFSYXUg7D5Q7S,"District Collector (Kishanganj, Bihar)",DISTRICT_OFFICER,Bihar,Kishanganj,Active,2024-01-10 10:00:00
USR-00188,do_0104_lakhisarai,$2b$12$TQaqjTTr.x6ryse5KevtxOa91V5Q9tRHzjv83ntUJFSYXUg7D5Q7S,"District Collector (Lakhisarai, Bihar)",DISTRICT_OFFICER,Bihar,Lakhisarai,Active,2024-01-10 10:00:00
USR-00189,do_0105_madhepura,$2b$12$TQaqjTTr.x6ryse5KevtxOa91V5Q9tRHzjv83ntUJFSYXUg7D5Q7S,"District Collector (Madhepura, Bihar)",DISTRICT_OFFICER,Bihar,Madhepura,Active,2024-01-10 10:00:00
USR-00190,do_0106_madhubani,$2b$12$TQaqjTTr.x6ryse5KevtxOa91V5Q9tRHzjv83ntUJFSYXUg7D5Q7S,"District Collector (Madhubani, Bihar)",DISTRICT_OFFICER,Bihar,Madhubani,Active,2024-01-10 10:00:00
USR-00191,do_0107_munger,$2b$12$TQaqjTTr.x6ryse5KevtxOa91V5Q9tRHzjv83ntUJFSYXUg7D5Q7S,"District Collector (Munger, Bihar)",DISTRICT_OFFICER,Bihar,Munger,Active,2024-01-10 10:00:00
USR-00192,do_0108_muzaffarpur,$2b$12$TQaqjTTr.x6ryse5KevtxOa91V5Q9tRHzjv83ntUJFSYXUg7D5Q7S,"District Collector (Muzaffarpur, Bihar)",DISTRICT_OFFICER,Bihar,Muzaffarpur,Active,2024-01-10 10:00:00
USR-00193,do_0109_nalanda,$2b$12$TQaqjTTr.x6ryse5KevtxOa91V5Q9tRHzjv83ntUJFSYXUg7D5Q7S,"District Collector (Nalanda, Bihar)",DISTRICT_OFFICER,Bihar,Nalanda,Active,2024-01-10 10:00:00
USR-00194,do_0110_nawada,$2b$12$TQaqjTTr.x6ryse5KevtxOa91V5Q9tRHzjv83ntUJFSYXUg7D5Q7S,"District Collector (Nawada, Bihar)",DISTRICT_OFFICER,Bihar,Nawada,Active,2024-01-10 10:00:00
USR-00195,do_0111_patna,$2b$12$TQaqjTTr.x6ryse5KevtxOa91V5Q9tRHzjv83ntUJFSYXUg7D5Q7S,"District Collector (Patna, Bihar)",DISTRICT_OFFICER,Bihar,Patna,Active,2024-01-10 10:00:00
USR-00196,do_0112_purnia,$2b$12$TQaqjTTr.x6ryse5KevtxOa91V5Q9tRHzjv83ntUJFSYXUg7D5Q7S,"District Collector (Purnia, Bihar)",DISTRICT_OFFICER,Bihar,Purnia,Active,2024-01-10 10:00:00
USR-00197,do_0113_rohtas,$2b$12$TQaqjTTr.x6ryse5KevtxOa91V5Q9tRHzjv83ntUJFSYXUg7D5Q7S,"District Collector (Rohtas, Bihar)",DISTRICT_OFFICER,Bihar,Rohtas,Active,2024-01-10 10:00:00
USR-00198,do_0114_saharsa,$2b$12$TQaqjTTr.x6ryse5KevtxOa91V5Q9tRHzjv83ntUJFSYXUg7D5Q7S,"District Collector (Saharsa, Bihar)",DISTRICT_OFFICER,Bihar,Saharsa,Active,2024-01-10 10:00:00
USR-00199,do_0115_samastipur,$2b$12$TQaqjTTr.x6ryse5KevtxOa91V5Q9tRHzjv83ntUJFSYXUg7D5Q7S,"District Collector (Samastipur, Bihar)",DISTRICT_OFFICER,Bihar,Samastipur,Active,2024-01-10 10:00:00
USR-00200,do_0116_saran,$2b$12$TQaqjTTr.x6ryse5KevtxOa91V5Q9tRHzjv83ntUJFSYXUg7D5Q7S,"District Collector (Saran, Bihar)",DISTRICT_OFFICER,Bihar,Saran,Active,2024-01-10 10:00:00
USR-00201,do_0117_sheikhpura,$2b$12$TQaqjTTr.x6ryse5KevtxOa91V5Q9tRHzjv83ntUJFSYXUg7D5Q7S,"District Collector (Sheikhpura, Bihar)",DISTRICT_OFFICER,Bihar,Sheikhpura,Active,2024-01-10 10:00:00
USR-00202,do_0118_sheohar,$2b$12$TQaqjTTr.x6ryse5KevtxOa91V5Q9tRHzjv83ntUJFSYXUg7D5Q7S,"District Collector (Sheohar, Bihar)",DISTRICT_OFFICER,Bihar,Sheohar,Active,2024-01-10 10:00:00
USR-00203,do_0119_sitamarhi,$2b$12$TQaqjTTr.x6ryse5KevtxOa91V5Q9tRHzjv83ntUJFSYXUg7D5Q7S,"District Collector (Sitamarhi, Bihar)",DISTRICT_OFFICER,Bihar,Sitamarhi,Active,2024-01-10 10:00:00
USR-00204,do_0120_siwan,$2b$12$TQaqjTTr.x6ryse5KevtxOa91V5Q9tRHzjv83ntUJFSYXUg7D5Q7S,"District Collector (Siwan, Bihar)",DISTRICT_OFFICER,Bihar,Siwan,Active,2024-01-10 10:00:00
USR-00205,do_0121_supaul,$2b$12$TQaqjTTr.x6ryse5KevtxOa91V5Q9tRHzjv83ntUJFSYXUg7D5Q7S,"District Collector (Supaul, Bihar)",DISTRICT_OFFICER,Bihar,Supaul,Active,2024-01-10 10:00:00
USR-00206,do_0122_vaishali,$2b$12$TQaqjTTr.x6ryse5KevtxOa91V5Q9tRHzjv83ntUJFSYXUg7D5Q7S,"District Collector (Vaishali, Bihar)",DISTRICT_OFFICER,Bihar,Vaishali,Active,2024-01-10 10:00:00
USR-00207,do_0123_westchampara,$2b$12$TQaqjTTr.x6ryse5KevtxOa91V5Q9tRHzjv83ntUJFSYXUg7D5Q7S,"District Collector (West Champaran, Bihar)",DISTRICT_OFFICER,Bihar,West Champaran,Active,2024-01-10 10:00:00
USR-00208,do_0124_balod,$2b$12$TQaqjTTr.x6ryse5KevtxOa91V5Q9tRHzjv83ntUJFSYXUg7D5Q7S,"District Collector (Balod, Chhattisgarh)",DISTRICT_OFFICER,Chhattisgarh,Balod,Active,2024-01-10 10:00:00
USR-00209,do_0125_balodabazar,$2b$12$TQaqjTTr.x6ryse5KevtxOa91V5Q9tRHzjv83ntUJFSYXUg7D5Q7S,"District Collector (Baloda Bazar, Chhattisgarh)",DISTRICT_OFFICER,Chhattisgarh,Baloda Bazar,Active,2024-01-10 10:00:00
USR-00210,do_0126_balrampur,$2b$12$TQaqjTTr.x6ryse5KevtxOa91V5Q9tRHzjv83ntUJFSYXUg7D5Q7S,"District Collector (Balrampur, Chhattisgarh)",DISTRICT_OFFICER,Chhattisgarh,Balrampur,Active,2024-01-10 10:00:00
USR-00211,do_0127_bastar,$2b$12$TQaqjTTr.x6ryse5KevtxOa91V5Q9tRHzjv83ntUJFSYXUg7D5Q7S,"District Collector (Bastar, Chhattisgarh)",DISTRICT_OFFICER,Chhattisgarh,Bastar,Active,2024-01-10 10:00:00
USR-00212,do_0128_bemetara,$2b$12$TQaqjTTr.x6ryse5KevtxOa91V5Q9tRHzjv83ntUJFSYXUg7D5Q7S,"District Collector (Bemetara, Chhattisgarh)",DISTRICT_OFFICER,Chhattisgarh,Bemetara,Active,2024-01-10 10:00:00
USR-00213,do_0129_bijapur,$2b$12$TQaqjTTr.x6ryse5KevtxOa91V5Q9tRHzjv83ntUJFSYXUg7D5Q7S,"District Collector (Bijapur, Chhattisgarh)",DISTRICT_OFFICER,Chhattisgarh,Bijapur,Active,2024-01-10 10:00:00
USR-00214,do_0130_bilaspur,$2b$12$TQaqjTTr.x6ryse5KevtxOa91V5Q9tRHzjv83ntUJFSYXUg7D5Q7S,"District Collector (Bilaspur, Chhattisgarh)",DISTRICT_OFFICER,Chhattisgarh,Bilaspur,Active,2024-01-10 10:00:00
USR-00215,do_0131_dantewada,$2b$12$TQaqjTTr.x6ryse5KevtxOa91V5Q9tRHzjv83ntUJFSYXUg7D5Q7S,"District Collector (Dantewada, Chhattisgarh)",DISTRICT_OFFICER,Chhattisgarh,Dantewada,Active,2024-01-10 10:00:00
USR-00216,do_0132_dhamtari,$2b$12$TQaqjTTr.x6ryse5KevtxOa91V5Q9tRHzjv83ntUJFSYXUg7D5Q7S,"District Collector (Dhamtari, Chhattisgarh)",DISTRICT_OFFICER,Chhattisgarh,Dhamtari,Active,2024-01-10 10:00:00
USR-00217,do_0133_durg,$2b$12$TQaqjTTr.x6ryse5KevtxOa91V5Q9tRHzjv83ntUJFSYXUg7D5Q7S,"District Collector (Durg, Chhattisgarh)",DISTRICT_OFFICER,Chhattisgarh,Durg,Active,2024-01-10 10:00:00
USR-00218,do_0134_gariaband,$2b$12$TQaqjTTr.x6ryse5KevtxOa91V5Q9tRHzjv83ntUJFSYXUg7D5Q7S,"District Collector (Gariaband, Chhattisgarh)",DISTRICT_OFFICER,Chhattisgarh,Gariaband,Active,2024-01-10 10:00:00
USR-00219,do_0135_gaurelapendr,$2b$12$TQaqjTTr.x6ryse5KevtxOa91V5Q9tRHzjv83ntUJFSYXUg7D5Q7S,"District Collector (Gaurela-Pendra-Marwahi, Chhattisgarh)",DISTRICT_OFFICER,Chhattisgarh,Gaurela-Pendra-Marwahi,Active,2024-01-10 10:00:00
USR-00220,do_0136_janjgirchamp,$2b$12$TQaqjTTr.x6ryse5KevtxOa91V5Q9tRHzjv83ntUJFSYXUg7D5Q7S,"District Collector (Janjgir-Champa, Chhattisgarh)",DISTRICT_OFFICER,Chhattisgarh,Janjgir-Champa,Active,2024-01-10 10:00:00
USR-00221,do_0137_jashpur,$2b$12$TQaqjTTr.x6ryse5KevtxOa91V5Q9tRHzjv83ntUJFSYXUg7D5Q7S,"District Collector (Jashpur, Chhattisgarh)",DISTRICT_OFFICER,Chhattisgarh,Jashpur,Active,2024-01-10 10:00:00
USR-00222,do_0138_kabirdham,$2b$12$TQaqjTTr.x6ryse5KevtxOa91V5Q9tRHzjv83ntUJFSYXUg7D5Q7S,"District Collector (Kabirdham, Chhattisgarh)",DISTRICT_OFFICER,Chhattisgarh,Kabirdham,Active,2024-01-10 10:00:00
USR-00223,do_0139_kanker,$2b$12$TQaqjTTr.x6ryse5KevtxOa91V5Q9tRHzjv83ntUJFSYXUg7D5Q7S,"District Collector (Kanker, Chhattisgarh)",DISTRICT_OFFICER,Chhattisgarh,Kanker,Active,2024-01-10 10:00:00
USR-00224,do_0140_kondagaon,$2b$12$TQaqjTTr.x6ryse5KevtxOa91V5Q9tRHzjv83ntUJFSYXUg7D5Q7S,"District Collector (Kondagaon, Chhattisgarh)",DISTRICT_OFFICER,Chhattisgarh,Kondagaon,Active,2024-01-10 10:00:00
USR-00225,do_0141_korba,$2b$12$TQaqjTTr.x6ryse5KevtxOa91V5Q9tRHzjv83ntUJFSYXUg7D5Q7S,"District Collector (Korba, Chhattisgarh)",DISTRICT_OFFICER,Chhattisgarh,Korba,Active,2024-01-10 10:00:00
USR-00226,do_0142_koriya,$2b$12$TQaqjTTr.x6ryse5KevtxOa91V5Q9tRHzjv83ntUJFSYXUg7D5Q7S,"District Collector (Koriya, Chhattisgarh)",DISTRICT_OFFICER,Chhattisgarh,Koriya,Active,2024-01-10 10:00:00
USR-00227,do_0143_mahasamund,$2b$12$TQaqjTTr.x6ryse5KevtxOa91V5Q9tRHzjv83ntUJFSYXUg7D5Q7S,"District Collector (Mahasamund, Chhattisgarh)",DISTRICT_OFFICER,Chhattisgarh,Mahasamund,Active,2024-01-10 10:00:00
USR-00228,do_0144_manendragarh,$2b$12$TQaqjTTr.x6ryse5KevtxOa91V5Q9tRHzjv83ntUJFSYXUg7D5Q7S,"District Collector (Manendragarh-Chirmiri-Bharatpur, Chhattisgarh)",DISTRICT_OFFICER,Chhattisgarh,Manendragarh-Chirmiri-Bharatpur,Active,2024-01-10 10:00:00
USR-00229,do_0145_mohlamanpura,$2b$12$TQaqjTTr.x6ryse5KevtxOa91V5Q9tRHzjv83ntUJFSYXUg7D5Q7S,"District Collector (Mohla-Manpur-Ambagarh Chowki, Chhattisgarh)",DISTRICT_OFFICER,Chhattisgarh,Mohla-Manpur-Ambagarh Chowki,Active,2024-01-10 10:00:00
USR-00230,do_0146_mungeli,$2b$12$TQaqjTTr.x6ryse5KevtxOa91V5Q9tRHzjv83ntUJFSYXUg7D5Q7S,"District Collector (Mungeli, Chhattisgarh)",DISTRICT_OFFICER,Chhattisgarh,Mungeli,Active,2024-01-10 10:00:00
USR-00231,do_0147_narayanpur,$2b$12$TQaqjTTr.x6ryse5KevtxOa91V5Q9tRHzjv83ntUJFSYXUg7D5Q7S,"District Collector (Narayanpur, Chhattisgarh)",DISTRICT_OFFICER,Chhattisgarh,Narayanpur,Active,2024-01-10 10:00:00
USR-00232,do_0148_raigarh,$2b$12$TQaqjTTr.x6ryse5KevtxOa91V5Q9tRHzjv83ntUJFSYXUg7D5Q7S,"District Collector (Raigarh, Chhattisgarh)",DISTRICT_OFFICER,Chhattisgarh,Raigarh,Active,2024-01-10 10:00:00
USR-00233,do_0149_raipur,$2b$12$TQaqjTTr.x6ryse5KevtxOa91V5Q9tRHzjv83ntUJFSYXUg7D5Q7S,"District Collector (Raipur, Chhattisgarh)",DISTRICT_OFFICER,Chhattisgarh,Raipur,Active,2024-01-10 10:00:00
USR-00234,do_0150_rajnandgaon,$2b$12$TQaqjTTr.x6ryse5KevtxOa91V5Q9tRHzjv83ntUJFSYXUg7D5Q7S,"District Collector (Rajnandgaon, Chhattisgarh)",DISTRICT_OFFICER,Chhattisgarh,Rajnandgaon,Active,2024-01-10 10:00:00
USR-00235,do_0151_sarangarhbil,$2b$12$TQaqjTTr.x6ryse5KevtxOa91V5Q9tRHzjv83ntUJFSYXUg7D5Q7S,"District Collector (Sarangarh-Bilaigarh, Chhattisgarh)",DISTRICT_OFFICER,Chhattisgarh,Sarangarh-Bilaigarh,Active,2024-01-10 10:00:00
USR-00236,do_0152_sakti,$2b$12$TQaqjTTr.x6ryse5KevtxOa91V5Q9tRHzjv83ntUJFSYXUg7D5Q7S,"District Collector (Sakti, Chhattisgarh)",DISTRICT_OFFICER,Chhattisgarh,Sakti,Active,2024-01-10 10:00:00
USR-00237,do_0153_sukma,$2b$12$TQaqjTTr.x6ryse5KevtxOa91V5Q9tRHzjv83ntUJFSYXUg7D5Q7S,"District Collector (Sukma, Chhattisgarh)",DISTRICT_OFFICER,Chhattisgarh,Sukma,Active,2024-01-10 10:00:00
USR-00238,do_0154_surajpur,$2b$12$TQaqjTTr.x6ryse5KevtxOa91V5Q9tRHzjv83ntUJFSYXUg7D5Q7S,"District Collector (Surajpur, Chhattisgarh)",DISTRICT_OFFICER,Chhattisgarh,Surajpur,Active,2024-01-10 10:00:00
USR-00239,do_0155_surguja,$2b$12$TQaqjTTr.x6ryse5KevtxOa91V5Q9tRHzjv83ntUJFSYXUg7D5Q7S,"District Collector (Surguja, Chhattisgarh)",DISTRICT_OFFICER,Chhattisgarh,Surguja,Active,2024-01-10 10:00:00
USR-00240,do_0156_khairagarhch,$2b$12$TQaqjTTr.x6ryse5KevtxOa91V5Q9tRHzjv83ntUJFSYXUg7D5Q7S,"District Collector (Khairagarh-Chhuikhadan-Gandai, Chhattisgarh)",DISTRICT_OFFICER,Chhattisgarh,Khairagarh-Chhuikhadan-Gandai,Active,2024-01-10 10:00:00
USR-00241,do_0157_northgoa,$2b$12$TQaqjTTr.x6ryse5KevtxOa91V5Q9tRHzjv83ntUJFSYXUg7D5Q7S,"District Collector (North Goa, Goa)",DISTRICT_OFFICER,Goa,North Goa,Active,2024-01-10 10:00:00
USR-00242,do_0158_southgoa,$2b$12$TQaqjTTr.x6ryse5KevtxOa91V5Q9tRHzjv83ntUJFSYXUg7D5Q7S,"District Collector (South Goa, Goa)",DISTRICT_OFFICER,Goa,South Goa,Active,2024-01-10 10:00:00
USR-00243,do_0159_ahmedabad,$2b$12$TQaqjTTr.x6ryse5KevtxOa91V5Q9tRHzjv83ntUJFSYXUg7D5Q7S,"District Collector (Ahmedabad, Gujarat)",DISTRICT_OFFICER,Gujarat,Ahmedabad,Active,2024-01-10 10:00:00
USR-00244,do_0160_amreli,$2b$12$TQaqjTTr.x6ryse5KevtxOa91V5Q9tRHzjv83ntUJFSYXUg7D5Q7S,"District Collector (Amreli, Gujarat)",DISTRICT_OFFICER,Gujarat,Amreli,Active,2024-01-10 10:00:00
USR-00245,do_0161_anand,$2b$12$TQaqjTTr.x6ryse5KevtxOa91V5Q9tRHzjv83ntUJFSYXUg7D5Q7S,"District Collector (Anand, Gujarat)",DISTRICT_OFFICER,Gujarat,Anand,Active,2024-01-10 10:00:00
USR-00246,do_0162_aravalli,$2b$12$TQaqjTTr.x6ryse5KevtxOa91V5Q9tRHzjv83ntUJFSYXUg7D5Q7S,"District Collector (Aravalli, Gujarat)",DISTRICT_OFFICER,Gujarat,Aravalli,Active,2024-01-10 10:00:00
USR-00247,do_0163_banaskantha,$2b$12$TQaqjTTr.x6ryse5KevtxOa91V5Q9tRHzjv83ntUJFSYXUg7D5Q7S,"District Collector (Banaskantha, Gujarat)",DISTRICT_OFFICER,Gujarat,Banaskantha,Active,2024-01-10 10:00:00
USR-00248,do_0164_bharuch,$2b$12$TQaqjTTr.x6ryse5KevtxOa91V5Q9tRHzjv83ntUJFSYXUg7D5Q7S,"District Collector (Bharuch, Gujarat)",DISTRICT_OFFICER,Gujarat,Bharuch,Active,2024-01-10 10:00:00
USR-00249,do_0165_bhavnagar,$2b$12$TQaqjTTr.x6ryse5KevtxOa91V5Q9tRHzjv83ntUJFSYXUg7D5Q7S,"District Collector (Bhavnagar, Gujarat)",DISTRICT_OFFICER,Gujarat,Bhavnagar,Active,2024-01-10 10:00:00
USR-00250,do_0166_botad,$2b$12$TQaqjTTr.x6ryse5KevtxOa91V5Q9tRHzjv83ntUJFSYXUg7D5Q7S,"District Collector (Botad, Gujarat)",DISTRICT_OFFICER,Gujarat,Botad,Active,2024-01-10 10:00:00
USR-00251,do_0167_chhotaudaipu,$2b$12$TQaqjTTr.x6ryse5KevtxOa91V5Q9tRHzjv83ntUJFSYXUg7D5Q7S,"District Collector (Chhota Udaipur, Gujarat)",DISTRICT_OFFICER,Gujarat,Chhota Udaipur,Active,2024-01-10 10:00:00
USR-00252,do_0168_dahod,$2b$12$TQaqjTTr.x6ryse5KevtxOa91V5Q9tRHzjv83ntUJFSYXUg7D5Q7S,"District Collector (Dahod, Gujarat)",DISTRICT_OFFICER,Gujarat,Dahod,Active,2024-01-10 10:00:00
USR-00253,do_0169_dang,$2b$12$TQaqjTTr.x6ryse5KevtxOa91V5Q9tRHzjv83ntUJFSYXUg7D5Q7S,"District Collector (Dang, Gujarat)",DISTRICT_OFFICER,Gujarat,Dang,Active,2024-01-10 10:00:00
USR-00254,do_0170_devbhumidwar,$2b$12$TQaqjTTr.x6ryse5KevtxOa91V5Q9tRHzjv83ntUJFSYXUg7D5Q7S,"District Collector (Devbhumi Dwarka, Gujarat)",DISTRICT_OFFICER,Gujarat,Devbhumi Dwarka,Active,2024-01-10 10:00:00
USR-00255,do_0171_gandhinagar,$2b$12$TQaqjTTr.x6ryse5KevtxOa91V5Q9tRHzjv83ntUJFSYXUg7D5Q7S,"District Collector (Gandhinagar, Gujarat)",DISTRICT_OFFICER,Gujarat,Gandhinagar,Active,2024-01-10 10:00:00
USR-00256,do_0172_girsomnath,$2b$12$TQaqjTTr.x6ryse5KevtxOa91V5Q9tRHzjv83ntUJFSYXUg7D5Q7S,"District Collector (Gir Somnath, Gujarat)",DISTRICT_OFFICER,Gujarat,Gir Somnath,Active,2024-01-10 10:00:00
USR-00257,do_0173_jamnagar,$2b$12$TQaqjTTr.x6ryse5KevtxOa91V5Q9tRHzjv83ntUJFSYXUg7D5Q7S,"District Collector (Jamnagar, Gujarat)",DISTRICT_OFFICER,Gujarat,Jamnagar,Active,2024-01-10 10:00:00
USR-00258,do_0174_junagadh,$2b$12$TQaqjTTr.x6ryse5KevtxOa91V5Q9tRHzjv83ntUJFSYXUg7D5Q7S,"District Collector (Junagadh, Gujarat)",DISTRICT_OFFICER,Gujarat,Junagadh,Active,2024-01-10 10:00:00
USR-00259,do_0175_kheda,$2b$12$TQaqjTTr.x6ryse5KevtxOa91V5Q9tRHzjv83ntUJFSYXUg7D5Q7S,"District Collector (Kheda, Gujarat)",DISTRICT_OFFICER,Gujarat,Kheda,Active,2024-01-10 10:00:00
USR-00260,do_0176_kutch,$2b$12$TQaqjTTr.x6ryse5KevtxOa91V5Q9tRHzjv83ntUJFSYXUg7D5Q7S,"District Collector (Kutch, Gujarat)",DISTRICT_OFFICER,Gujarat,Kutch,Active,2024-01-10 10:00:00
USR-00261,do_0177_mahisagar,$2b$12$TQaqjTTr.x6ryse5KevtxOa91V5Q9tRHzjv83ntUJFSYXUg7D5Q7S,"District Collector (Mahisagar, Gujarat)",DISTRICT_OFFICER,Gujarat,Mahisagar,Active,2024-01-10 10:00:00
USR-00262,do_0178_mehsana,$2b$12$TQaqjTTr.x6ryse5KevtxOa91V5Q9tRHzjv83ntUJFSYXUg7D5Q7S,"District Collector (Mehsana, Gujarat)",DISTRICT_OFFICER,Gujarat,Mehsana,Active,2024-01-10 10:00:00
USR-00263,do_0179_morbi,$2b$12$TQaqjTTr.x6ryse5KevtxOa91V5Q9tRHzjv83ntUJFSYXUg7D5Q7S,"District Collector (Morbi, Gujarat)",DISTRICT_OFFICER,Gujarat,Morbi,Active,2024-01-10 10:00:00
USR-00264,do_0180_narmada,$2b$12$TQaqjTTr.x6ryse5KevtxOa91V5Q9tRHzjv83ntUJFSYXUg7D5Q7S,"District Collector (Narmada, Gujarat)",DISTRICT_OFFICER,Gujarat,Narmada,Active,2024-01-10 10:00:00
USR-00265,do_0181_navsari,$2b$12$TQaqjTTr.x6ryse5KevtxOa91V5Q9tRHzjv83ntUJFSYXUg7D5Q7S,"District Collector (Navsari, Gujarat)",DISTRICT_OFFICER,Gujarat,Navsari,Active,2024-01-10 10:00:00
USR-00266,do_0182_panchmahal,$2b$12$TQaqjTTr.x6ryse5KevtxOa91V5Q9tRHzjv83ntUJFSYXUg7D5Q7S,"District Collector (Panchmahal, Gujarat)",DISTRICT_OFFICER,Gujarat,Panchmahal,Active,2024-01-10 10:00:00
USR-00267,do_0183_patan,$2b$12$TQaqjTTr.x6ryse5KevtxOa91V5Q9tRHzjv83ntUJFSYXUg7D5Q7S,"District Collector (Patan, Gujarat)",DISTRICT_OFFICER,Gujarat,Patan,Active,2024-01-10 10:00:00
USR-00268,do_0184_porbandar,$2b$12$TQaqjTTr.x6ryse5KevtxOa91V5Q9tRHzjv83ntUJFSYXUg7D5Q7S,"District Collector (Porbandar, Gujarat)",DISTRICT_OFFICER,Gujarat,Porbandar,Active,2024-01-10 10:00:00
USR-00269,do_0185_rajkot,$2b$12$TQaqjTTr.x6ryse5KevtxOa91V5Q9tRHzjv83ntUJFSYXUg7D5Q7S,"District Collector (Rajkot, Gujarat)",DISTRICT_OFFICER,Gujarat,Rajkot,Active,2024-01-10 10:00:00
USR-00270,do_0186_sabarkantha,$2b$12$TQaqjTTr.x6ryse5KevtxOa91V5Q9tRHzjv83ntUJFSYXUg7D5Q7S,"District Collector (Sabarkantha, Gujarat)",DISTRICT_OFFICER,Gujarat,Sabarkantha,Active,2024-01-10 10:00:00
USR-00271,do_0187_surat,$2b$12$TQaqjTTr.x6ryse5KevtxOa91V5Q9tRHzjv83ntUJFSYXUg7D5Q7S,"District Collector (Surat, Gujarat)",DISTRICT_OFFICER,Gujarat,Surat,Active,2024-01-10 10:00:00
USR-00272,do_0188_surendranaga,$2b$12$TQaqjTTr.x6ryse5KevtxOa91V5Q9tRHzjv83ntUJFSYXUg7D5Q7S,"District Collector (Surendranagar, Gujarat)",DISTRICT_OFFICER,Gujarat,Surendranagar,Active,2024-01-10 10:00:00
USR-00273,do_0189_tapi,$2b$12$TQaqjTTr.x6ryse5KevtxOa91V5Q9tRHzjv83ntUJFSYXUg7D5Q7S,"District Collector (Tapi, Gujarat)",DISTRICT_OFFICER,Gujarat,Tapi,Active,2024-01-10 10:00:00
USR-00274,do_0190_vadodara,$2b$12$TQaqjTTr.x6ryse5KevtxOa91V5Q9tRHzjv83ntUJFSYXUg7D5Q7S,"District Collector (Vadodara, Gujarat)",DISTRICT_OFFICER,Gujarat,Vadodara,Active,2024-01-10 10:00:00
USR-00275,do_0191_valsad,$2b$12$TQaqjTTr.x6ryse5KevtxOa91V5Q9tRHzjv83ntUJFSYXUg7D5Q7S,"District Collector (Valsad, Gujarat)",DISTRICT_OFFICER,Gujarat,Valsad,Active,2024-01-10 10:00:00
USR-00276,do_0192_ambala,$2b$12$TQaqjTTr.x6ryse5KevtxOa91V5Q9tRHzjv83ntUJFSYXUg7D5Q7S,"District Collector (Ambala, Haryana)",DISTRICT_OFFICER,Haryana,Ambala,Active,2024-01-10 10:00:00
USR-00277,do_0193_bhiwani,$2b$12$TQaqjTTr.x6ryse5KevtxOa91V5Q9tRHzjv83ntUJFSYXUg7D5Q7S,"District Collector (Bhiwani, Haryana)",DISTRICT_OFFICER,Haryana,Bhiwani,Active,2024-01-10 10:00:00
USR-00278,do_0194_charkhidadri,$2b$12$TQaqjTTr.x6ryse5KevtxOa91V5Q9tRHzjv83ntUJFSYXUg7D5Q7S,"District Collector (Charkhi Dadri, Haryana)",DISTRICT_OFFICER,Haryana,Charkhi Dadri,Active,2024-01-10 10:00:00
USR-00279,do_0195_faridabad,$2b$12$TQaqjTTr.x6ryse5KevtxOa91V5Q9tRHzjv83ntUJFSYXUg7D5Q7S,"District Collector (Faridabad, Haryana)",DISTRICT_OFFICER,Haryana,Faridabad,Active,2024-01-10 10:00:00
USR-00280,do_0196_fatehabad,$2b$12$TQaqjTTr.x6ryse5KevtxOa91V5Q9tRHzjv83ntUJFSYXUg7D5Q7S,"District Collector (Fatehabad, Haryana)",DISTRICT_OFFICER,Haryana,Fatehabad,Active,2024-01-10 10:00:00
USR-00281,do_0197_gurugram,$2b$12$TQaqjTTr.x6ryse5KevtxOa91V5Q9tRHzjv83ntUJFSYXUg7D5Q7S,"District Collector (Gurugram, Haryana)",DISTRICT_OFFICER,Haryana,Gurugram,Active,2024-01-10 10:00:00
USR-00282,do_0198_hisar,$2b$12$TQaqjTTr.x6ryse5KevtxOa91V5Q9tRHzjv83ntUJFSYXUg7D5Q7S,"District Collector (Hisar, Haryana)",DISTRICT_OFFICER,Haryana,Hisar,Active,2024-01-10 10:00:00
USR-00283,do_0199_jhajjar,$2b$12$TQaqjTTr.x6ryse5KevtxOa91V5Q9tRHzjv83ntUJFSYXUg7D5Q7S,"District Collector (Jhajjar, Haryana)",DISTRICT_OFFICER,Haryana,Jhajjar,Active,2024-01-10 10:00:00
USR-00284,do_0200_jind,$2b$12$TQaqjTTr.x6ryse5KevtxOa91V5Q9tRHzjv83ntUJFSYXUg7D5Q7S,"District Collector (Jind, Haryana)",DISTRICT_OFFICER,Haryana,Jind,Active,2024-01-10 10:00:00
USR-00285,do_0201_kaithal,$2b$12$TQaqjTTr.x6ryse5KevtxOa91V5Q9tRHzjv83ntUJFSYXUg7D5Q7S,"District Collector (Kaithal, Haryana)",DISTRICT_OFFICER,Haryana,Kaithal,Active,2024-01-10 10:00:00
USR-00286,do_0202_karnal,$2b$12$TQaqjTTr.x6ryse5KevtxOa91V5Q9tRHzjv83ntUJFSYXUg7D5Q7S,"District Collector (Karnal, Haryana)",DISTRICT_OFFICER,Haryana,Karnal,Active,2024-01-10 10:00:00
USR-00287,do_0203_kurukshetra,$2b$12$TQaqjTTr.x6ryse5KevtxOa91V5Q9tRHzjv83ntUJFSYXUg7D5Q7S,"District Collector (Kurukshetra, Haryana)",DISTRICT_OFFICER,Haryana,Kurukshetra,Active,2024-01-10 10:00:00
USR-00288,do_0204_mahendragarh,$2b$12$TQaqjTTr.x6ryse5KevtxOa91V5Q9tRHzjv83ntUJFSYXUg7D5Q7S,"District Collector (Mahendragarh, Haryana)",DISTRICT_OFFICER,Haryana,Mahendragarh,Active,2024-01-10 10:00:00
USR-00289,do_0205_nuh,$2b$12$TQaqjTTr.x6ryse5KevtxOa91V5Q9tRHzjv83ntUJFSYXUg7D5Q7S,"District Collector (Nuh, Haryana)",DISTRICT_OFFICER,Haryana,Nuh,Active,2024-01-10 10:00:00
USR-00290,do_0206_palwal,$2b$12$TQaqjTTr.x6ryse5KevtxOa91V5Q9tRHzjv83ntUJFSYXUg7D5Q7S,"District Collector (Palwal, Haryana)",DISTRICT_OFFICER,Haryana,Palwal,Active,2024-01-10 10:00:00
USR-00291,do_0207_panchkula,$2b$12$TQaqjTTr.x6ryse5KevtxOa91V5Q9tRHzjv83ntUJFSYXUg7D5Q7S,"District Collector (Panchkula, Haryana)",DISTRICT_OFFICER,Haryana,Panchkula,Active,2024-01-10 10:00:00
USR-00292,do_0208_panipat,$2b$12$TQaqjTTr.x6ryse5KevtxOa91V5Q9tRHzjv83ntUJFSYXUg7D5Q7S,"District Collector (Panipat, Haryana)",DISTRICT_OFFICER,Haryana,Panipat,Active,2024-01-10 10:00:00
USR-00293,do_0209_rewari,$2b$12$TQaqjTTr.x6ryse5KevtxOa91V5Q9tRHzjv83ntUJFSYXUg7D5Q7S,"District Collector (Rewari, Haryana)",DISTRICT_OFFICER,Haryana,Rewari,Active,2024-01-10 10:00:00
USR-00294,do_0210_rohtak,$2b$12$TQaqjTTr.x6ryse5KevtxOa91V5Q9tRHzjv83ntUJFSYXUg7D5Q7S,"District Collector (Rohtak, Haryana)",DISTRICT_OFFICER,Haryana,Rohtak,Active,2024-01-10 10:00:00
USR-00295,do_0211_sirsa,$2b$12$TQaqjTTr.x6ryse5KevtxOa91V5Q9tRHzjv83ntUJFSYXUg7D5Q7S,"District Collector (Sirsa, Haryana)",DISTRICT_OFFICER,Haryana,Sirsa,Active,2024-01-10 10:00:00
USR-00296,do_0212_sonipat,$2b$12$TQaqjTTr.x6ryse5KevtxOa91V5Q9tRHzjv83ntUJFSYXUg7D5Q7S,"District Collector (Sonipat, Haryana)",DISTRICT_OFFICER,Haryana,Sonipat,Active,2024-01-10 10:00:00
USR-00297,do_0213_yamunanagar,$2b$12$TQaqjTTr.x6ryse5KevtxOa91V5Q9tRHzjv83ntUJFSYXUg7D5Q7S,"District Collector (Yamunanagar, Haryana)",DISTRICT_OFFICER,Haryana,Yamunanagar,Active,2024-01-10 10:00:00
USR-00298,do_0214_bilaspur,$2b$12$TQaqjTTr.x6ryse5KevtxOa91V5Q9tRHzjv83ntUJFSYXUg7D5Q7S,"District Collector (Bilaspur, Himachal Pradesh)",DISTRICT_OFFICER,Himachal Pradesh,Bilaspur,Active,2024-01-10 10:00:00
USR-00299,do_0215_chamba,$2b$12$TQaqjTTr.x6ryse5KevtxOa91V5Q9tRHzjv83ntUJFSYXUg7D5Q7S,"District Collector (Chamba, Himachal Pradesh)",DISTRICT_OFFICER,Himachal Pradesh,Chamba,Active,2024-01-10 10:00:00
USR-00300,do_0216_hamirpur,$2b$12$TQaqjTTr.x6ryse5KevtxOa91V5Q9tRHzjv83ntUJFSYXUg7D5Q7S,"District Collector (Hamirpur, Himachal Pradesh)",DISTRICT_OFFICER,Himachal Pradesh,Hamirpur,Active,2024-01-10 10:00:00
USR-00301,do_0217_kangra,$2b$12$TQaqjTTr.x6ryse5KevtxOa91V5Q9tRHzjv83ntUJFSYXUg7D5Q7S,"District Collector (Kangra, Himachal Pradesh)",DISTRICT_OFFICER,Himachal Pradesh,Kangra,Active,2024-01-10 10:00:00
USR-00302,do_0218_kinnaur,$2b$12$TQaqjTTr.x6ryse5KevtxOa91V5Q9tRHzjv83ntUJFSYXUg7D5Q7S,"District Collector (Kinnaur, Himachal Pradesh)",DISTRICT_OFFICER,Himachal Pradesh,Kinnaur,Active,2024-01-10 10:00:00
USR-00303,do_0219_kullu,$2b$12$TQaqjTTr.x6ryse5KevtxOa91V5Q9tRHzjv83ntUJFSYXUg7D5Q7S,"District Collector (Kullu, Himachal Pradesh)",DISTRICT_OFFICER,Himachal Pradesh,Kullu,Active,2024-01-10 10:00:00
USR-00304,do_0220_lahaulandspi,$2b$12$TQaqjTTr.x6ryse5KevtxOa91V5Q9tRHzjv83ntUJFSYXUg7D5Q7S,"District Collector (Lahaul and Spiti, Himachal Pradesh)",DISTRICT_OFFICER,Himachal Pradesh,Lahaul and Spiti,Active,2024-01-10 10:00:00
USR-00305,do_0221_mandi,$2b$12$TQaqjTTr.x6ryse5KevtxOa91V5Q9tRHzjv83ntUJFSYXUg7D5Q7S,"District Collector (Mandi, Himachal Pradesh)",DISTRICT_OFFICER,Himachal Pradesh,Mandi,Active,2024-01-10 10:00:00
USR-00306,do_0222_shimla,$2b$12$TQaqjTTr.x6ryse5KevtxOa91V5Q9tRHzjv83ntUJFSYXUg7D5Q7S,"District Collector (Shimla, Himachal Pradesh)",DISTRICT_OFFICER,Himachal Pradesh,Shimla,Active,2024-01-10 10:00:00
USR-00307,do_0223_sirmaur,$2b$12$TQaqjTTr.x6ryse5KevtxOa91V5Q9tRHzjv83ntUJFSYXUg7D5Q7S,"District Collector (Sirmaur, Himachal Pradesh)",DISTRICT_OFFICER,Himachal Pradesh,Sirmaur,Active,2024-01-10 10:00:00
USR-00308,do_0224_solan,$2b$12$TQaqjTTr.x6ryse5KevtxOa91V5Q9tRHzjv83ntUJFSYXUg7D5Q7S,"District Collector (Solan, Himachal Pradesh)",DISTRICT_OFFICER,Himachal Pradesh,Solan,Active,2024-01-10 10:00:00
USR-00309,do_0225_una,$2b$12$TQaqjTTr.x6ryse5KevtxOa91V5Q9tRHzjv83ntUJFSYXUg7D5Q7S,"District Collector (Una, Himachal Pradesh)",DISTRICT_OFFICER,Himachal Pradesh,Una,Active,2024-01-10 10:00:00
USR-00310,do_0226_bokaro,$2b$12$TQaqjTTr.x6ryse5KevtxOa91V5Q9tRHzjv83ntUJFSYXUg7D5Q7S,"District Collector (Bokaro, Jharkhand)",DISTRICT_OFFICER,Jharkhand,Bokaro,Active,2024-01-10 10:00:00
USR-00311,do_0227_chatra,$2b$12$TQaqjTTr.x6ryse5KevtxOa91V5Q9tRHzjv83ntUJFSYXUg7D5Q7S,"District Collector (Chatra, Jharkhand)",DISTRICT_OFFICER,Jharkhand,Chatra,Active,2024-01-10 10:00:00
USR-00312,do_0228_deoghar,$2b$12$TQaqjTTr.x6ryse5KevtxOa91V5Q9tRHzjv83ntUJFSYXUg7D5Q7S,"District Collector (Deoghar, Jharkhand)",DISTRICT_OFFICER,Jharkhand,Deoghar,Active,2024-01-10 10:00:00
USR-00313,do_0229_dhanbad,$2b$12$TQaqjTTr.x6ryse5KevtxOa91V5Q9tRHzjv83ntUJFSYXUg7D5Q7S,"District Collector (Dhanbad, Jharkhand)",DISTRICT_OFFICER,Jharkhand,Dhanbad,Active,2024-01-10 10:00:00
USR-00314,do_0230_dumka,$2b$12$TQaqjTTr.x6ryse5KevtxOa91V5Q9tRHzjv83ntUJFSYXUg7D5Q7S,"District Collector (Dumka, Jharkhand)",DISTRICT_OFFICER,Jharkhand,Dumka,Active,2024-01-10 10:00:00
USR-00315,do_0231_eastsinghbhu,$2b$12$TQaqjTTr.x6ryse5KevtxOa91V5Q9tRHzjv83ntUJFSYXUg7D5Q7S,"District Collector (East Singhbhum, Jharkhand)",DISTRICT_OFFICER,Jharkhand,East Singhbhum,Active,2024-01-10 10:00:00
USR-00316,do_0232_garhwa,$2b$12$TQaqjTTr.x6ryse5KevtxOa91V5Q9tRHzjv83ntUJFSYXUg7D5Q7S,"District Collector (Garhwa, Jharkhand)",DISTRICT_OFFICER,Jharkhand,Garhwa,Active,2024-01-10 10:00:00
USR-00317,do_0233_giridih,$2b$12$TQaqjTTr.x6ryse5KevtxOa91V5Q9tRHzjv83ntUJFSYXUg7D5Q7S,"District Collector (Giridih, Jharkhand)",DISTRICT_OFFICER,Jharkhand,Giridih,Active,2024-01-10 10:00:00
USR-00318,do_0234_godda,$2b$12$TQaqjTTr.x6ryse5KevtxOa91V5Q9tRHzjv83ntUJFSYXUg7D5Q7S,"District Collector (Godda, Jharkhand)",DISTRICT_OFFICER,Jharkhand,Godda,Active,2024-01-10 10:00:00
USR-00319,do_0235_gumla,$2b$12$TQaqjTTr.x6ryse5KevtxOa91V5Q9tRHzjv83ntUJFSYXUg7D5Q7S,"District Collector (Gumla, Jharkhand)",DISTRICT_OFFICER,Jharkhand,Gumla,Active,2024-01-10 10:00:00
USR-00320,do_0236_hazaribagh,$2b$12$TQaqjTTr.x6ryse5KevtxOa91V5Q9tRHzjv83ntUJFSYXUg7D5Q7S,"District Collector (Hazaribagh, Jharkhand)",DISTRICT_OFFICER,Jharkhand,Hazaribagh,Active,2024-01-10 10:00:00
USR-00321,do_0237_jamtara,$2b$12$TQaqjTTr.x6ryse5KevtxOa91V5Q9tRHzjv83ntUJFSYXUg7D5Q7S,"District Collector (Jamtara, Jharkhand)",DISTRICT_OFFICER,Jharkhand,Jamtara,Active,2024-01-10 10:00:00
USR-00322,do_0238_khunti,$2b$12$TQaqjTTr.x6ryse5KevtxOa91V5Q9tRHzjv83ntUJFSYXUg7D5Q7S,"District Collector (Khunti, Jharkhand)",DISTRICT_OFFICER,Jharkhand,Khunti,Active,2024-01-10 10:00:00
USR-00323,do_0239_koderma,$2b$12$TQaqjTTr.x6ryse5KevtxOa91V5Q9tRHzjv83ntUJFSYXUg7D5Q7S,"District Collector (Koderma, Jharkhand)",DISTRICT_OFFICER,Jharkhand,Koderma,Active,2024-01-10 10:00:00
USR-00324,do_0240_latehar,$2b$12$TQaqjTTr.x6ryse5KevtxOa91V5Q9tRHzjv83ntUJFSYXUg7D5Q7S,"District Collector (Latehar, Jharkhand)",DISTRICT_OFFICER,Jharkhand,Latehar,Active,2024-01-10 10:00:00
USR-00325,do_0241_lohardaga,$2b$12$TQaqjTTr.x6ryse5KevtxOa91V5Q9tRHzjv83ntUJFSYXUg7D5Q7S,"District Collector (Lohardaga, Jharkhand)",DISTRICT_OFFICER,Jharkhand,Lohardaga,Active,2024-01-10 10:00:00
USR-00326,do_0242_pakur,$2b$12$TQaqjTTr.x6ryse5KevtxOa91V5Q9tRHzjv83ntUJFSYXUg7D5Q7S,"District Collector (Pakur, Jharkhand)",DISTRICT_OFFICER,Jharkhand,Pakur,Active,2024-01-10 10:00:00
USR-00327,do_0243_palamu,$2b$12$TQaqjTTr.x6ryse5KevtxOa91V5Q9tRHzjv83ntUJFSYXUg7D5Q7S,"District Collector (Palamu, Jharkhand)",DISTRICT_OFFICER,Jharkhand,Palamu,Active,2024-01-10 10:00:00
USR-00328,do_0244_ramgarh,$2b$12$TQaqjTTr.x6ryse5KevtxOa91V5Q9tRHzjv83ntUJFSYXUg7D5Q7S,"District Collector (Ramgarh, Jharkhand)",DISTRICT_OFFICER,Jharkhand,Ramgarh,Active,2024-01-10 10:00:00
USR-00329,do_0245_ranchi,$2b$12$TQaqjTTr.x6ryse5KevtxOa91V5Q9tRHzjv83ntUJFSYXUg7D5Q7S,"District Collector (Ranchi, Jharkhand)",DISTRICT_OFFICER,Jharkhand,Ranchi,Active,2024-01-10 10:00:00
USR-00330,do_0246_sahibganj,$2b$12$TQaqjTTr.x6ryse5KevtxOa91V5Q9tRHzjv83ntUJFSYXUg7D5Q7S,"District Collector (Sahibganj, Jharkhand)",DISTRICT_OFFICER,Jharkhand,Sahibganj,Active,2024-01-10 10:00:00
USR-00331,do_0247_seraikelakha,$2b$12$TQaqjTTr.x6ryse5KevtxOa91V5Q9tRHzjv83ntUJFSYXUg7D5Q7S,"District Collector (Seraikela Kharsawan, Jharkhand)",DISTRICT_OFFICER,Jharkhand,Seraikela Kharsawan,Active,2024-01-10 10:00:00
USR-00332,do_0248_simdega,$2b$12$TQaqjTTr.x6ryse5KevtxOa91V5Q9tRHzjv83ntUJFSYXUg7D5Q7S,"District Collector (Simdega, Jharkhand)",DISTRICT_OFFICER,Jharkhand,Simdega,Active,2024-01-10 10:00:00
USR-00333,do_0249_westsinghbhu,$2b$12$TQaqjTTr.x6ryse5KevtxOa91V5Q9tRHzjv83ntUJFSYXUg7D5Q7S,"District Collector (West Singhbhum, Jharkhand)",DISTRICT_OFFICER,Jharkhand,West Singhbhum,Active,2024-01-10 10:00:00
USR-00334,do_0250_bagalkot,$2b$12$TQaqjTTr.x6ryse5KevtxOa91V5Q9tRHzjv83ntUJFSYXUg7D5Q7S,"District Collector (Bagalkot, Karnataka)",DISTRICT_OFFICER,Karnataka,Bagalkot,Active,2024-01-10 10:00:00
USR-00335,do_0251_ballari,$2b$12$TQaqjTTr.x6ryse5KevtxOa91V5Q9tRHzjv83ntUJFSYXUg7D5Q7S,"District Collector (Ballari, Karnataka)",DISTRICT_OFFICER,Karnataka,Ballari,Active,2024-01-10 10:00:00
USR-00336,do_0252_belagavi,$2b$12$TQaqjTTr.x6ryse5KevtxOa91V5Q9tRHzjv83ntUJFSYXUg7D5Q7S,"District Collector (Belagavi, Karnataka)",DISTRICT_OFFICER,Karnataka,Belagavi,Active,2024-01-10 10:00:00
USR-00337,do_0253_bengalururur,$2b$12$TQaqjTTr.x6ryse5KevtxOa91V5Q9tRHzjv83ntUJFSYXUg7D5Q7S,"District Collector (Bengaluru Rural, Karnataka)",DISTRICT_OFFICER,Karnataka,Bengaluru Rural,Active,2024-01-10 10:00:00
USR-00338,do_0254_bengaluruurb,$2b$12$TQaqjTTr.x6ryse5KevtxOa91V5Q9tRHzjv83ntUJFSYXUg7D5Q7S,"District Collector (Bengaluru Urban, Karnataka)",DISTRICT_OFFICER,Karnataka,Bengaluru Urban,Active,2024-01-10 10:00:00
USR-00339,do_0255_bidar,$2b$12$TQaqjTTr.x6ryse5KevtxOa91V5Q9tRHzjv83ntUJFSYXUg7D5Q7S,"District Collector (Bidar, Karnataka)",DISTRICT_OFFICER,Karnataka,Bidar,Active,2024-01-10 10:00:00
USR-00340,do_0256_chamarajanag,$2b$12$TQaqjTTr.x6ryse5KevtxOa91V5Q9tRHzjv83ntUJFSYXUg7D5Q7S,"District Collector (Chamarajanagar, Karnataka)",DISTRICT_OFFICER,Karnataka,Chamarajanagar,Active,2024-01-10 10:00:00
USR-00341,do_0257_chikkaballap,$2b$12$TQaqjTTr.x6ryse5KevtxOa91V5Q9tRHzjv83ntUJFSYXUg7D5Q7S,"District Collector (Chikkaballapura, Karnataka)",DISTRICT_OFFICER,Karnataka,Chikkaballapura,Active,2024-01-10 10:00:00
USR-00342,do_0258_chikkamagalu,$2b$12$TQaqjTTr.x6ryse5KevtxOa91V5Q9tRHzjv83ntUJFSYXUg7D5Q7S,"District Collector (Chikkamagaluru, Karnataka)",DISTRICT_OFFICER,Karnataka,Chikkamagaluru,Active,2024-01-10 10:00:00
USR-00343,do_0259_chitradurga,$2b$12$TQaqjTTr.x6ryse5KevtxOa91V5Q9tRHzjv83ntUJFSYXUg7D5Q7S,"District Collector (Chitradurga, Karnataka)",DISTRICT_OFFICER,Karnataka,Chitradurga,Active,2024-01-10 10:00:00
USR-00344,do_0260_dakshinakann,$2b$12$TQaqjTTr.x6ryse5KevtxOa91V5Q9tRHzjv83ntUJFSYXUg7D5Q7S,"District Collector (Dakshina Kannada, Karnataka)",DISTRICT_OFFICER,Karnataka,Dakshina Kannada,Active,2024-01-10 10:00:00
USR-00345,do_0261_davanagere,$2b$12$TQaqjTTr.x6ryse5KevtxOa91V5Q9tRHzjv83ntUJFSYXUg7D5Q7S,"District Collector (Davanagere, Karnataka)",DISTRICT_OFFICER,Karnataka,Davanagere,Active,2024-01-10 10:00:00
USR-00346,do_0262_dharwad,$2b$12$TQaqjTTr.x6ryse5KevtxOa91V5Q9tRHzjv83ntUJFSYXUg7D5Q7S,"District Collector (Dharwad, Karnataka)",DISTRICT_OFFICER,Karnataka,Dharwad,Active,2024-01-10 10:00:00
USR-00347,do_0263_gadag,$2b$12$TQaqjTTr.x6ryse5KevtxOa91V5Q9tRHzjv83ntUJFSYXUg7D5Q7S,"District Collector (Gadag, Karnataka)",DISTRICT_OFFICER,Karnataka,Gadag,Active,2024-01-10 10:00:00
USR-00348,do_0264_hassan,$2b$12$TQaqjTTr.x6ryse5KevtxOa91V5Q9tRHzjv83ntUJFSYXUg7D5Q7S,"District Collector (Hassan, Karnataka)",DISTRICT_OFFICER,Karnataka,Hassan,Active,2024-01-10 10:00:00
USR-00349,do_0265_haveri,$2b$12$TQaqjTTr.x6ryse5KevtxOa91V5Q9tRHzjv83ntUJFSYXUg7D5Q7S,"District Collector (Haveri, Karnataka)",DISTRICT_OFFICER,Karnataka,Haveri,Active,2024-01-10 10:00:00
USR-00350,do_0266_kalaburagi,$2b$12$TQaqjTTr.x6ryse5KevtxOa91V5Q9tRHzjv83ntUJFSYXUg7D5Q7S,"District Collector (Kalaburagi, Karnataka)",DISTRICT_OFFICER,Karnataka,Kalaburagi,Active,2024-01-10 10:00:00
USR-00351,do_0267_kodagu,$2b$12$TQaqjTTr.x6ryse5KevtxOa91V5Q9tRHzjv83ntUJFSYXUg7D5Q7S,"District Collector (Kodagu, Karnataka)",DISTRICT_OFFICER,Karnataka,Kodagu,Active,2024-01-10 10:00:00
USR-00352,do_0268_kolar,$2b$12$TQaqjTTr.x6ryse5KevtxOa91V5Q9tRHzjv83ntUJFSYXUg7D5Q7S,"District Collector (Kolar, Karnataka)",DISTRICT_OFFICER,Karnataka,Kolar,Active,2024-01-10 10:00:00
USR-00353,do_0269_koppal,$2b$12$TQaqjTTr.x6ryse5KevtxOa91V5Q9tRHzjv83ntUJFSYXUg7D5Q7S,"District Collector (Koppal, Karnataka)",DISTRICT_OFFICER,Karnataka,Koppal,Active,2024-01-10 10:00:00
USR-00354,do_0270_mandya,$2b$12$TQaqjTTr.x6ryse5KevtxOa91V5Q9tRHzjv83ntUJFSYXUg7D5Q7S,"District Collector (Mandya, Karnataka)",DISTRICT_OFFICER,Karnataka,Mandya,Active,2024-01-10 10:00:00
USR-00355,do_0271_mysuru,$2b$12$TQaqjTTr.x6ryse5KevtxOa91V5Q9tRHzjv83ntUJFSYXUg7D5Q7S,"District Collector (Mysuru, Karnataka)",DISTRICT_OFFICER,Karnataka,Mysuru,Active,2024-01-10 10:00:00
USR-00356,do_0272_raichur,$2b$12$TQaqjTTr.x6ryse5KevtxOa91V5Q9tRHzjv83ntUJFSYXUg7D5Q7S,"District Collector (Raichur, Karnataka)",DISTRICT_OFFICER,Karnataka,Raichur,Active,2024-01-10 10:00:00
USR-00357,do_0273_ramanagara,$2b$12$TQaqjTTr.x6ryse5KevtxOa91V5Q9tRHzjv83ntUJFSYXUg7D5Q7S,"District Collector (Ramanagara, Karnataka)",DISTRICT_OFFICER,Karnataka,Ramanagara,Active,2024-01-10 10:00:00
USR-00358,do_0274_shivamogga,$2b$12$TQaqjTTr.x6ryse5KevtxOa91V5Q9tRHzjv83ntUJFSYXUg7D5Q7S,"District Collector (Shivamogga, Karnataka)",DISTRICT_OFFICER,Karnataka,Shivamogga,Active,2024-01-10 10:00:00
USR-00359,do_0275_tumakuru,$2b$12$TQaqjTTr.x6ryse5KevtxOa91V5Q9tRHzjv83ntUJFSYXUg7D5Q7S,"District Collector (Tumakuru, Karnataka)",DISTRICT_OFFICER,Karnataka,Tumakuru,Active,2024-01-10 10:00:00
USR-00360,do_0276_udupi,$2b$12$TQaqjTTr.x6ryse5KevtxOa91V5Q9tRHzjv83ntUJFSYXUg7D5Q7S,"District Collector (Udupi, Karnataka)",DISTRICT_OFFICER,Karnataka,Udupi,Active,2024-01-10 10:00:00
USR-00361,do_0277_uttarakannad,$2b$12$TQaqjTTr.x6ryse5KevtxOa91V5Q9tRHzjv83ntUJFSYXUg7D5Q7S,"District Collector (Uttara Kannada, Karnataka)",DISTRICT_OFFICER,Karnataka,Uttara Kannada,Active,2024-01-10 10:00:00
USR-00362,do_0278_vijayanagara,$2b$12$TQaqjTTr.x6ryse5KevtxOa91V5Q9tRHzjv83ntUJFSYXUg7D5Q7S,"District Collector (Vijayanagara, Karnataka)",DISTRICT_OFFICER,Karnataka,Vijayanagara,Active,2024-01-10 10:00:00
USR-00363,do_0279_vijayapura,$2b$12$TQaqjTTr.x6ryse5KevtxOa91V5Q9tRHzjv83ntUJFSYXUg7D5Q7S,"District Collector (Vijayapura, Karnataka)",DISTRICT_OFFICER,Karnataka,Vijayapura,Active,2024-01-10 10:00:00
USR-00364,do_0280_yadgir,$2b$12$TQaqjTTr.x6ryse5KevtxOa91V5Q9tRHzjv83ntUJFSYXUg7D5Q7S,"District Collector (Yadgir, Karnataka)",DISTRICT_OFFICER,Karnataka,Yadgir,Active,2024-01-10 10:00:00
USR-00365,do_0281_alappuzha,$2b$12$TQaqjTTr.x6ryse5KevtxOa91V5Q9tRHzjv83ntUJFSYXUg7D5Q7S,"District Collector (Alappuzha, Kerala)",DISTRICT_OFFICER,Kerala,Alappuzha,Active,2024-01-10 10:00:00
USR-00366,do_0282_ernakulam,$2b$12$TQaqjTTr.x6ryse5KevtxOa91V5Q9tRHzjv83ntUJFSYXUg7D5Q7S,"District Collector (Ernakulam, Kerala)",DISTRICT_OFFICER,Kerala,Ernakulam,Active,2024-01-10 10:00:00
USR-00367,do_0283_idukki,$2b$12$TQaqjTTr.x6ryse5KevtxOa91V5Q9tRHzjv83ntUJFSYXUg7D5Q7S,"District Collector (Idukki, Kerala)",DISTRICT_OFFICER,Kerala,Idukki,Active,2024-01-10 10:00:00
USR-00368,do_0284_kannur,$2b$12$TQaqjTTr.x6ryse5KevtxOa91V5Q9tRHzjv83ntUJFSYXUg7D5Q7S,"District Collector (Kannur, Kerala)",DISTRICT_OFFICER,Kerala,Kannur,Active,2024-01-10 10:00:00
USR-00369,do_0285_kasaragod,$2b$12$TQaqjTTr.x6ryse5KevtxOa91V5Q9tRHzjv83ntUJFSYXUg7D5Q7S,"District Collector (Kasaragod, Kerala)",DISTRICT_OFFICER,Kerala,Kasaragod,Active,2024-01-10 10:00:00
USR-00370,do_0286_kollam,$2b$12$TQaqjTTr.x6ryse5KevtxOa91V5Q9tRHzjv83ntUJFSYXUg7D5Q7S,"District Collector (Kollam, Kerala)",DISTRICT_OFFICER,Kerala,Kollam,Active,2024-01-10 10:00:00
USR-00371,do_0287_kottayam,$2b$12$TQaqjTTr.x6ryse5KevtxOa91V5Q9tRHzjv83ntUJFSYXUg7D5Q7S,"District Collector (Kottayam, Kerala)",DISTRICT_OFFICER,Kerala,Kottayam,Active,2024-01-10 10:00:00
USR-00372,do_0288_kozhikode,$2b$12$TQaqjTTr.x6ryse5KevtxOa91V5Q9tRHzjv83ntUJFSYXUg7D5Q7S,"District Collector (Kozhikode, Kerala)",DISTRICT_OFFICER,Kerala,Kozhikode,Active,2024-01-10 10:00:00
USR-00373,do_0289_malappuram,$2b$12$TQaqjTTr.x6ryse5KevtxOa91V5Q9tRHzjv83ntUJFSYXUg7D5Q7S,"District Collector (Malappuram, Kerala)",DISTRICT_OFFICER,Kerala,Malappuram,Active,2024-01-10 10:00:00
USR-00374,do_0290_palakkad,$2b$12$TQaqjTTr.x6ryse5KevtxOa91V5Q9tRHzjv83ntUJFSYXUg7D5Q7S,"District Collector (Palakkad, Kerala)",DISTRICT_OFFICER,Kerala,Palakkad,Active,2024-01-10 10:00:00
USR-00375,do_0291_pathanamthit,$2b$12$TQaqjTTr.x6ryse5KevtxOa91V5Q9tRHzjv83ntUJFSYXUg7D5Q7S,"District Collector (Pathanamthitta, Kerala)",DISTRICT_OFFICER,Kerala,Pathanamthitta,Active,2024-01-10 10:00:00
USR-00376,do_0292_thiruvananth,$2b$12$TQaqjTTr.x6ryse5KevtxOa91V5Q9tRHzjv83ntUJFSYXUg7D5Q7S,"District Collector (Thiruvananthapuram, Kerala)",DISTRICT_OFFICER,Kerala,Thiruvananthapuram,Active,2024-01-10 10:00:00
USR-00377,do_0293_thrissur,$2b$12$TQaqjTTr.x6ryse5KevtxOa91V5Q9tRHzjv83ntUJFSYXUg7D5Q7S,"District Collector (Thrissur, Kerala)",DISTRICT_OFFICER,Kerala,Thrissur,Active,2024-01-10 10:00:00
USR-00378,do_0294_wayanad,$2b$12$TQaqjTTr.x6ryse5KevtxOa91V5Q9tRHzjv83ntUJFSYXUg7D5Q7S,"District Collector (Wayanad, Kerala)",DISTRICT_OFFICER,Kerala,Wayanad,Active,2024-01-10 10:00:00
USR-00379,do_0295_agarmalwa,$2b$12$TQaqjTTr.x6ryse5KevtxOa91V5Q9tRHzjv83ntUJFSYXUg7D5Q7S,"District Collector (Agar Malwa, Madhya Pradesh)",DISTRICT_OFFICER,Madhya Pradesh,Agar Malwa,Active,2024-01-10 10:00:00
USR-00380,do_0296_alirajpur,$2b$12$TQaqjTTr.x6ryse5KevtxOa91V5Q9tRHzjv83ntUJFSYXUg7D5Q7S,"District Collector (Alirajpur, Madhya Pradesh)",DISTRICT_OFFICER,Madhya Pradesh,Alirajpur,Active,2024-01-10 10:00:00
USR-00381,do_0297_anuppur,$2b$12$TQaqjTTr.x6ryse5KevtxOa91V5Q9tRHzjv83ntUJFSYXUg7D5Q7S,"District Collector (Anuppur, Madhya Pradesh)",DISTRICT_OFFICER,Madhya Pradesh,Anuppur,Active,2024-01-10 10:00:00
USR-00382,do_0298_ashoknagar,$2b$12$TQaqjTTr.x6ryse5KevtxOa91V5Q9tRHzjv83ntUJFSYXUg7D5Q7S,"District Collector (Ashoknagar, Madhya Pradesh)",DISTRICT_OFFICER,Madhya Pradesh,Ashoknagar,Active,2024-01-10 10:00:00
USR-00383,do_0299_balaghat,$2b$12$TQaqjTTr.x6ryse5KevtxOa91V5Q9tRHzjv83ntUJFSYXUg7D5Q7S,"District Collector (Balaghat, Madhya Pradesh)",DISTRICT_OFFICER,Madhya Pradesh,Balaghat,Active,2024-01-10 10:00:00
USR-00384,do_0300_barwani,$2b$12$TQaqjTTr.x6ryse5KevtxOa91V5Q9tRHzjv83ntUJFSYXUg7D5Q7S,"District Collector (Barwani, Madhya Pradesh)",DISTRICT_OFFICER,Madhya Pradesh,Barwani,Active,2024-01-10 10:00:00
USR-00385,do_0301_betul,$2b$12$TQaqjTTr.x6ryse5KevtxOa91V5Q9tRHzjv83ntUJFSYXUg7D5Q7S,"District Collector (Betul, Madhya Pradesh)",DISTRICT_OFFICER,Madhya Pradesh,Betul,Active,2024-01-10 10:00:00
USR-00386,do_0302_bhind,$2b$12$TQaqjTTr.x6ryse5KevtxOa91V5Q9tRHzjv83ntUJFSYXUg7D5Q7S,"District Collector (Bhind, Madhya Pradesh)",DISTRICT_OFFICER,Madhya Pradesh,Bhind,Active,2024-01-10 10:00:00
USR-00387,do_0303_bhopal,$2b$12$TQaqjTTr.x6ryse5KevtxOa91V5Q9tRHzjv83ntUJFSYXUg7D5Q7S,"District Collector (Bhopal, Madhya Pradesh)",DISTRICT_OFFICER,Madhya Pradesh,Bhopal,Active,2024-01-10 10:00:00
USR-00388,do_0304_burhanpur,$2b$12$TQaqjTTr.x6ryse5KevtxOa91V5Q9tRHzjv83ntUJFSYXUg7D5Q7S,"District Collector (Burhanpur, Madhya Pradesh)",DISTRICT_OFFICER,Madhya Pradesh,Burhanpur,Active,2024-01-10 10:00:00
USR-00389,do_0305_chhatarpur,$2b$12$TQaqjTTr.x6ryse5KevtxOa91V5Q9tRHzjv83ntUJFSYXUg7D5Q7S,"District Collector (Chhatarpur, Madhya Pradesh)",DISTRICT_OFFICER,Madhya Pradesh,Chhatarpur,Active,2024-01-10 10:00:00
USR-00390,do_0306_chhindwara,$2b$12$TQaqjTTr.x6ryse5KevtxOa91V5Q9tRHzjv83ntUJFSYXUg7D5Q7S,"District Collector (Chhindwara, Madhya Pradesh)",DISTRICT_OFFICER,Madhya Pradesh,Chhindwara,Active,2024-01-10 10:00:00
USR-00391,do_0307_damoh,$2b$12$TQaqjTTr.x6ryse5KevtxOa91V5Q9tRHzjv83ntUJFSYXUg7D5Q7S,"District Collector (Damoh, Madhya Pradesh)",DISTRICT_OFFICER,Madhya Pradesh,Damoh,Active,2024-01-10 10:00:00
USR-00392,do_0308_datia,$2b$12$TQaqjTTr.x6ryse5KevtxOa91V5Q9tRHzjv83ntUJFSYXUg7D5Q7S,"District Collector (Datia, Madhya Pradesh)",DISTRICT_OFFICER,Madhya Pradesh,Datia,Active,2024-01-10 10:00:00
USR-00393,do_0309_dewas,$2b$12$TQaqjTTr.x6ryse5KevtxOa91V5Q9tRHzjv83ntUJFSYXUg7D5Q7S,"District Collector (Dewas, Madhya Pradesh)",DISTRICT_OFFICER,Madhya Pradesh,Dewas,Active,2024-01-10 10:00:00
USR-00394,do_0310_dhar,$2b$12$TQaqjTTr.x6ryse5KevtxOa91V5Q9tRHzjv83ntUJFSYXUg7D5Q7S,"District Collector (Dhar, Madhya Pradesh)",DISTRICT_OFFICER,Madhya Pradesh,Dhar,Active,2024-01-10 10:00:00
USR-00395,do_0311_dindori,$2b$12$TQaqjTTr.x6ryse5KevtxOa91V5Q9tRHzjv83ntUJFSYXUg7D5Q7S,"District Collector (Dindori, Madhya Pradesh)",DISTRICT_OFFICER,Madhya Pradesh,Dindori,Active,2024-01-10 10:00:00
USR-00396,do_0312_guna,$2b$12$TQaqjTTr.x6ryse5KevtxOa91V5Q9tRHzjv83ntUJFSYXUg7D5Q7S,"District Collector (Guna, Madhya Pradesh)",DISTRICT_OFFICER,Madhya Pradesh,Guna,Active,2024-01-10 10:00:00
USR-00397,do_0313_gwalior,$2b$12$TQaqjTTr.x6ryse5KevtxOa91V5Q9tRHzjv83ntUJFSYXUg7D5Q7S,"District Collector (Gwalior, Madhya Pradesh)",DISTRICT_OFFICER,Madhya Pradesh,Gwalior,Active,2024-01-10 10:00:00
USR-00398,do_0314_harda,$2b$12$TQaqjTTr.x6ryse5KevtxOa91V5Q9tRHzjv83ntUJFSYXUg7D5Q7S,"District Collector (Harda, Madhya Pradesh)",DISTRICT_OFFICER,Madhya Pradesh,Harda,Active,2024-01-10 10:00:00
USR-00399,do_0315_narmadapuram,$2b$12$TQaqjTTr.x6ryse5KevtxOa91V5Q9tRHzjv83ntUJFSYXUg7D5Q7S,"District Collector (Narmadapuram, Madhya Pradesh)",DISTRICT_OFFICER,Madhya Pradesh,Narmadapuram,Active,2024-01-10 10:00:00
USR-00400,do_0316_indore,$2b$12$TQaqjTTr.x6ryse5KevtxOa91V5Q9tRHzjv83ntUJFSYXUg7D5Q7S,"District Collector (Indore, Madhya Pradesh)",DISTRICT_OFFICER,Madhya Pradesh,Indore,Active,2024-01-10 10:00:00
USR-00401,do_0317_jabalpur,$2b$12$TQaqjTTr.x6ryse5KevtxOa91V5Q9tRHzjv83ntUJFSYXUg7D5Q7S,"District Collector (Jabalpur, Madhya Pradesh)",DISTRICT_OFFICER,Madhya Pradesh,Jabalpur,Active,2024-01-10 10:00:00
USR-00402,do_0318_jhabua,$2b$12$TQaqjTTr.x6ryse5KevtxOa91V5Q9tRHzjv83ntUJFSYXUg7D5Q7S,"District Collector (Jhabua, Madhya Pradesh)",DISTRICT_OFFICER,Madhya Pradesh,Jhabua,Active,2024-01-10 10:00:00
USR-00403,do_0319_katni,$2b$12$TQaqjTTr.x6ryse5KevtxOa91V5Q9tRHzjv83ntUJFSYXUg7D5Q7S,"District Collector (Katni, Madhya Pradesh)",DISTRICT_OFFICER,Madhya Pradesh,Katni,Active,2024-01-10 10:00:00
USR-00404,do_0320_khandwa,$2b$12$TQaqjTTr.x6ryse5KevtxOa91V5Q9tRHzjv83ntUJFSYXUg7D5Q7S,"District Collector (Khandwa, Madhya Pradesh)",DISTRICT_OFFICER,Madhya Pradesh,Khandwa,Active,2024-01-10 10:00:00
USR-00405,do_0321_khargone,$2b$12$TQaqjTTr.x6ryse5KevtxOa91V5Q9tRHzjv83ntUJFSYXUg7D5Q7S,"District Collector (Khargone, Madhya Pradesh)",DISTRICT_OFFICER,Madhya Pradesh,Khargone,Active,2024-01-10 10:00:00
USR-00406,do_0322_mandla,$2b$12$TQaqjTTr.x6ryse5KevtxOa91V5Q9tRHzjv83ntUJFSYXUg7D5Q7S,"District Collector (Mandla, Madhya Pradesh)",DISTRICT_OFFICER,Madhya Pradesh,Mandla,Active,2024-01-10 10:00:00
USR-00407,do_0323_mandsaur,$2b$12$TQaqjTTr.x6ryse5KevtxOa91V5Q9tRHzjv83ntUJFSYXUg7D5Q7S,"District Collector (Mandsaur, Madhya Pradesh)",DISTRICT_OFFICER,Madhya Pradesh,Mandsaur,Active,2024-01-10 10:00:00
USR-00408,do_0324_morena,$2b$12$TQaqjTTr.x6ryse5KevtxOa91V5Q9tRHzjv83ntUJFSYXUg7D5Q7S,"District Collector (Morena, Madhya Pradesh)",DISTRICT_OFFICER,Madhya Pradesh,Morena,Active,2024-01-10 10:00:00
USR-00409,do_0325_narsinghpur,$2b$12$TQaqjTTr.x6ryse5KevtxOa91V5Q9tRHzjv83ntUJFSYXUg7D5Q7S,"District Collector (Narsinghpur, Madhya Pradesh)",DISTRICT_OFFICER,Madhya Pradesh,Narsinghpur,Active,2024-01-10 10:00:00
USR-00410,do_0326_neemuch,$2b$12$TQaqjTTr.x6ryse5KevtxOa91V5Q9tRHzjv83ntUJFSYXUg7D5Q7S,"District Collector (Neemuch, Madhya Pradesh)",DISTRICT_OFFICER,Madhya Pradesh,Neemuch,Active,2024-01-10 10:00:00
USR-00411,do_0327_niwari,$2b$12$TQaqjTTr.x6ryse5KevtxOa91V5Q9tRHzjv83ntUJFSYXUg7D5Q7S,"District Collector (Niwari, Madhya Pradesh)",DISTRICT_OFFICER,Madhya Pradesh,Niwari,Active,2024-01-10 10:00:00
USR-00412,do_0328_panna,$2b$12$TQaqjTTr.x6ryse5KevtxOa91V5Q9tRHzjv83ntUJFSYXUg7D5Q7S,"District Collector (Panna, Madhya Pradesh)",DISTRICT_OFFICER,Madhya Pradesh,Panna,Active,2024-01-10 10:00:00
USR-00413,do_0329_raisen,$2b$12$TQaqjTTr.x6ryse5KevtxOa91V5Q9tRHzjv83ntUJFSYXUg7D5Q7S,"District Collector (Raisen, Madhya Pradesh)",DISTRICT_OFFICER,Madhya Pradesh,Raisen,Active,2024-01-10 10:00:00
USR-00414,do_0330_rajgarh,$2b$12$TQaqjTTr.x6ryse5KevtxOa91V5Q9tRHzjv83ntUJFSYXUg7D5Q7S,"District Collector (Rajgarh, Madhya Pradesh)",DISTRICT_OFFICER,Madhya Pradesh,Rajgarh,Active,2024-01-10 10:00:00
USR-00415,do_0331_ratlam,$2b$12$TQaqjTTr.x6ryse5KevtxOa91V5Q9tRHzjv83ntUJFSYXUg7D5Q7S,"District Collector (Ratlam, Madhya Pradesh)",DISTRICT_OFFICER,Madhya Pradesh,Ratlam,Active,2024-01-10 10:00:00
USR-00416,do_0332_rewa,$2b$12$TQaqjTTr.x6ryse5KevtxOa91V5Q9tRHzjv83ntUJFSYXUg7D5Q7S,"District Collector (Rewa, Madhya Pradesh)",DISTRICT_OFFICER,Madhya Pradesh,Rewa,Active,2024-01-10 10:00:00
USR-00417,do_0333_sagar,$2b$12$TQaqjTTr.x6ryse5KevtxOa91V5Q9tRHzjv83ntUJFSYXUg7D5Q7S,"District Collector (Sagar, Madhya Pradesh)",DISTRICT_OFFICER,Madhya Pradesh,Sagar,Active,2024-01-10 10:00:00
USR-00418,do_0334_satna,$2b$12$TQaqjTTr.x6ryse5KevtxOa91V5Q9tRHzjv83ntUJFSYXUg7D5Q7S,"District Collector (Satna, Madhya Pradesh)",DISTRICT_OFFICER,Madhya Pradesh,Satna,Active,2024-01-10 10:00:00
USR-00419,do_0335_sehore,$2b$12$TQaqjTTr.x6ryse5KevtxOa91V5Q9tRHzjv83ntUJFSYXUg7D5Q7S,"District Collector (Sehore, Madhya Pradesh)",DISTRICT_OFFICER,Madhya Pradesh,Sehore,Active,2024-01-10 10:00:00
USR-00420,do_0336_seoni,$2b$12$TQaqjTTr.x6ryse5KevtxOa91V5Q9tRHzjv83ntUJFSYXUg7D5Q7S,"District Collector (Seoni, Madhya Pradesh)",DISTRICT_OFFICER,Madhya Pradesh,Seoni,Active,2024-01-10 10:00:00
USR-00421,do_0337_shahdol,$2b$12$TQaqjTTr.x6ryse5KevtxOa91V5Q9tRHzjv83ntUJFSYXUg7D5Q7S,"District Collector (Shahdol, Madhya Pradesh)",DISTRICT_OFFICER,Madhya Pradesh,Shahdol,Active,2024-01-10 10:00:00
USR-00422,do_0338_shajapur,$2b$12$TQaqjTTr.x6ryse5KevtxOa91V5Q9tRHzjv83ntUJFSYXUg7D5Q7S,"District Collector (Shajapur, Madhya Pradesh)",DISTRICT_OFFICER,Madhya Pradesh,Shajapur,Active,2024-01-10 10:00:00
USR-00423,do_0339_sheopur,$2b$12$TQaqjTTr.x6ryse5KevtxOa91V5Q9tRHzjv83ntUJFSYXUg7D5Q7S,"District Collector (Sheopur, Madhya Pradesh)",DISTRICT_OFFICER,Madhya Pradesh,Sheopur,Active,2024-01-10 10:00:00
USR-00424,do_0340_shivpuri,$2b$12$TQaqjTTr.x6ryse5KevtxOa91V5Q9tRHzjv83ntUJFSYXUg7D5Q7S,"District Collector (Shivpuri, Madhya Pradesh)",DISTRICT_OFFICER,Madhya Pradesh,Shivpuri,Active,2024-01-10 10:00:00
USR-00425,do_0341_sidhi,$2b$12$TQaqjTTr.x6ryse5KevtxOa91V5Q9tRHzjv83ntUJFSYXUg7D5Q7S,"District Collector (Sidhi, Madhya Pradesh)",DISTRICT_OFFICER,Madhya Pradesh,Sidhi,Active,2024-01-10 10:00:00
USR-00426,do_0342_singrauli,$2b$12$TQaqjTTr.x6ryse5KevtxOa91V5Q9tRHzjv83ntUJFSYXUg7D5Q7S,"District Collector (Singrauli, Madhya Pradesh)",DISTRICT_OFFICER,Madhya Pradesh,Singrauli,Active,2024-01-10 10:00:00
USR-00427,do_0343_tikamgarh,$2b$12$TQaqjTTr.x6ryse5KevtxOa91V5Q9tRHzjv83ntUJFSYXUg7D5Q7S,"District Collector (Tikamgarh, Madhya Pradesh)",DISTRICT_OFFICER,Madhya Pradesh,Tikamgarh,Active,2024-01-10 10:00:00
USR-00428,do_0344_ujjain,$2b$12$TQaqjTTr.x6ryse5KevtxOa91V5Q9tRHzjv83ntUJFSYXUg7D5Q7S,"District Collector (Ujjain, Madhya Pradesh)",DISTRICT_OFFICER,Madhya Pradesh,Ujjain,Active,2024-01-10 10:00:00
USR-00429,do_0345_umaria,$2b$12$TQaqjTTr.x6ryse5KevtxOa91V5Q9tRHzjv83ntUJFSYXUg7D5Q7S,"District Collector (Umaria, Madhya Pradesh)",DISTRICT_OFFICER,Madhya Pradesh,Umaria,Active,2024-01-10 10:00:00
USR-00430,do_0346_vidisha,$2b$12$TQaqjTTr.x6ryse5KevtxOa91V5Q9tRHzjv83ntUJFSYXUg7D5Q7S,"District Collector (Vidisha, Madhya Pradesh)",DISTRICT_OFFICER,Madhya Pradesh,Vidisha,Active,2024-01-10 10:00:00
USR-00431,do_0347_mauganj,$2b$12$TQaqjTTr.x6ryse5KevtxOa91V5Q9tRHzjv83ntUJFSYXUg7D5Q7S,"District Collector (Mauganj, Madhya Pradesh)",DISTRICT_OFFICER,Madhya Pradesh,Mauganj,Active,2024-01-10 10:00:00
USR-00432,do_0348_maihar,$2b$12$TQaqjTTr.x6ryse5KevtxOa91V5Q9tRHzjv83ntUJFSYXUg7D5Q7S,"District Collector (Maihar, Madhya Pradesh)",DISTRICT_OFFICER,Madhya Pradesh,Maihar,Active,2024-01-10 10:00:00
USR-00433,do_0349_pandhurna,$2b$12$TQaqjTTr.x6ryse5KevtxOa91V5Q9tRHzjv83ntUJFSYXUg7D5Q7S,"District Collector (Pandhurna, Madhya Pradesh)",DISTRICT_OFFICER,Madhya Pradesh,Pandhurna,Active,2024-01-10 10:00:00
USR-00434,do_0350_ahilyanagar,$2b$12$TQaqjTTr.x6ryse5KevtxOa91V5Q9tRHzjv83ntUJFSYXUg7D5Q7S,"District Collector (Ahilyanagar, Maharashtra)",DISTRICT_OFFICER,Maharashtra,Ahilyanagar,Active,2024-01-10 10:00:00
USR-00435,do_0351_akola,$2b$12$TQaqjTTr.x6ryse5KevtxOa91V5Q9tRHzjv83ntUJFSYXUg7D5Q7S,"District Collector (Akola, Maharashtra)",DISTRICT_OFFICER,Maharashtra,Akola,Active,2024-01-10 10:00:00
USR-00436,do_0352_amravati,$2b$12$TQaqjTTr.x6ryse5KevtxOa91V5Q9tRHzjv83ntUJFSYXUg7D5Q7S,"District Collector (Amravati, Maharashtra)",DISTRICT_OFFICER,Maharashtra,Amravati,Active,2024-01-10 10:00:00
USR-00437,do_0353_chhatrapatis,$2b$12$TQaqjTTr.x6ryse5KevtxOa91V5Q9tRHzjv83ntUJFSYXUg7D5Q7S,"District Collector (Chhatrapati Sambhajinagar, Maharashtra)",DISTRICT_OFFICER,Maharashtra,Chhatrapati Sambhajinagar,Active,2024-01-10 10:00:00
USR-00438,do_0354_beed,$2b$12$TQaqjTTr.x6ryse5KevtxOa91V5Q9tRHzjv83ntUJFSYXUg7D5Q7S,"District Collector (Beed, Maharashtra)",DISTRICT_OFFICER,Maharashtra,Beed,Active,2024-01-10 10:00:00
USR-00439,do_0355_bhandara,$2b$12$TQaqjTTr.x6ryse5KevtxOa91V5Q9tRHzjv83ntUJFSYXUg7D5Q7S,"District Collector (Bhandara, Maharashtra)",DISTRICT_OFFICER,Maharashtra,Bhandara,Active,2024-01-10 10:00:00
USR-00440,do_0356_buldhana,$2b$12$TQaqjTTr.x6ryse5KevtxOa91V5Q9tRHzjv83ntUJFSYXUg7D5Q7S,"District Collector (Buldhana, Maharashtra)",DISTRICT_OFFICER,Maharashtra,Buldhana,Active,2024-01-10 10:00:00
USR-00441,do_0357_chandrapur,$2b$12$TQaqjTTr.x6ryse5KevtxOa91V5Q9tRHzjv83ntUJFSYXUg7D5Q7S,"District Collector (Chandrapur, Maharashtra)",DISTRICT_OFFICER,Maharashtra,Chandrapur,Active,2024-01-10 10:00:00
USR-00442,do_0358_dharashiv,$2b$12$TQaqjTTr.x6ryse5KevtxOa91V5Q9tRHzjv83ntUJFSYXUg7D5Q7S,"District Collector (Dharashiv, Maharashtra)",DISTRICT_OFFICER,Maharashtra,Dharashiv,Active,2024-01-10 10:00:00
USR-00443,do_0359_dhule,$2b$12$TQaqjTTr.x6ryse5KevtxOa91V5Q9tRHzjv83ntUJFSYXUg7D5Q7S,"District Collector (Dhule, Maharashtra)",DISTRICT_OFFICER,Maharashtra,Dhule,Active,2024-01-10 10:00:00
USR-00444,do_0360_gadchiroli,$2b$12$TQaqjTTr.x6ryse5KevtxOa91V5Q9tRHzjv83ntUJFSYXUg7D5Q7S,"District Collector (Gadchiroli, Maharashtra)",DISTRICT_OFFICER,Maharashtra,Gadchiroli,Active,2024-01-10 10:00:00
USR-00445,do_0361_gondia,$2b$12$TQaqjTTr.x6ryse5KevtxOa91V5Q9tRHzjv83ntUJFSYXUg7D5Q7S,"District Collector (Gondia, Maharashtra)",DISTRICT_OFFICER,Maharashtra,Gondia,Active,2024-01-10 10:00:00
USR-00446,do_0362_hingoli,$2b$12$TQaqjTTr.x6ryse5KevtxOa91V5Q9tRHzjv83ntUJFSYXUg7D5Q7S,"District Collector (Hingoli, Maharashtra)",DISTRICT_OFFICER,Maharashtra,Hingoli,Active,2024-01-10 10:00:00
USR-00447,do_0363_jalgaon,$2b$12$TQaqjTTr.x6ryse5KevtxOa91V5Q9tRHzjv83ntUJFSYXUg7D5Q7S,"District Collector (Jalgaon, Maharashtra)",DISTRICT_OFFICER,Maharashtra,Jalgaon,Active,2024-01-10 10:00:00
USR-00448,do_0364_jalna,$2b$12$TQaqjTTr.x6ryse5KevtxOa91V5Q9tRHzjv83ntUJFSYXUg7D5Q7S,"District Collector (Jalna, Maharashtra)",DISTRICT_OFFICER,Maharashtra,Jalna,Active,2024-01-10 10:00:00
USR-00449,do_0365_kolhapur,$2b$12$TQaqjTTr.x6ryse5KevtxOa91V5Q9tRHzjv83ntUJFSYXUg7D5Q7S,"District Collector (Kolhapur, Maharashtra)",DISTRICT_OFFICER,Maharashtra,Kolhapur,Active,2024-01-10 10:00:00
USR-00450,do_0366_latur,$2b$12$TQaqjTTr.x6ryse5KevtxOa91V5Q9tRHzjv83ntUJFSYXUg7D5Q7S,"District Collector (Latur, Maharashtra)",DISTRICT_OFFICER,Maharashtra,Latur,Active,2024-01-10 10:00:00
USR-00451,do_0367_mumbaicity,$2b$12$TQaqjTTr.x6ryse5KevtxOa91V5Q9tRHzjv83ntUJFSYXUg7D5Q7S,"District Collector (Mumbai City, Maharashtra)",DISTRICT_OFFICER,Maharashtra,Mumbai City,Active,2024-01-10 10:00:00
USR-00452,do_0368_mumbaisuburb,$2b$12$TQaqjTTr.x6ryse5KevtxOa91V5Q9tRHzjv83ntUJFSYXUg7D5Q7S,"District Collector (Mumbai Suburban, Maharashtra)",DISTRICT_OFFICER,Maharashtra,Mumbai Suburban,Active,2024-01-10 10:00:00
USR-00453,do_0369_nagpur,$2b$12$TQaqjTTr.x6ryse5KevtxOa91V5Q9tRHzjv83ntUJFSYXUg7D5Q7S,"District Collector (Nagpur, Maharashtra)",DISTRICT_OFFICER,Maharashtra,Nagpur,Active,2024-01-10 10:00:00
USR-00454,do_0370_nanded,$2b$12$TQaqjTTr.x6ryse5KevtxOa91V5Q9tRHzjv83ntUJFSYXUg7D5Q7S,"District Collector (Nanded, Maharashtra)",DISTRICT_OFFICER,Maharashtra,Nanded,Active,2024-01-10 10:00:00
USR-00455,do_0371_nandurbar,$2b$12$TQaqjTTr.x6ryse5KevtxOa91V5Q9tRHzjv83ntUJFSYXUg7D5Q7S,"District Collector (Nandurbar, Maharashtra)",DISTRICT_OFFICER,Maharashtra,Nandurbar,Active,2024-01-10 10:00:00
USR-00456,do_0372_nashik,$2b$12$TQaqjTTr.x6ryse5KevtxOa91V5Q9tRHzjv83ntUJFSYXUg7D5Q7S,"District Collector (Nashik, Maharashtra)",DISTRICT_OFFICER,Maharashtra,Nashik,Active,2024-01-10 10:00:00
USR-00457,do_0373_palghar,$2b$12$TQaqjTTr.x6ryse5KevtxOa91V5Q9tRHzjv83ntUJFSYXUg7D5Q7S,"District Collector (Palghar, Maharashtra)",DISTRICT_OFFICER,Maharashtra,Palghar,Active,2024-01-10 10:00:00
USR-00458,do_0374_parbhani,$2b$12$TQaqjTTr.x6ryse5KevtxOa91V5Q9tRHzjv83ntUJFSYXUg7D5Q7S,"District Collector (Parbhani, Maharashtra)",DISTRICT_OFFICER,Maharashtra,Parbhani,Active,2024-01-10 10:00:00
USR-00459,do_0375_pune,$2b$12$TQaqjTTr.x6ryse5KevtxOa91V5Q9tRHzjv83ntUJFSYXUg7D5Q7S,"District Collector (Pune, Maharashtra)",DISTRICT_OFFICER,Maharashtra,Pune,Active,2024-01-10 10:00:00
USR-00460,do_0376_raigad,$2b$12$TQaqjTTr.x6ryse5KevtxOa91V5Q9tRHzjv83ntUJFSYXUg7D5Q7S,"District Collector (Raigad, Maharashtra)",DISTRICT_OFFICER,Maharashtra,Raigad,Active,2024-01-10 10:00:00
USR-00461,do_0377_ratnagiri,$2b$12$TQaqjTTr.x6ryse5KevtxOa91V5Q9tRHzjv83ntUJFSYXUg7D5Q7S,"District Collector (Ratnagiri, Maharashtra)",DISTRICT_OFFICER,Maharashtra,Ratnagiri,Active,2024-01-10 10:00:00
USR-00462,do_0378_sangli,$2b$12$TQaqjTTr.x6ryse5KevtxOa91V5Q9tRHzjv83ntUJFSYXUg7D5Q7S,"District Collector (Sangli, Maharashtra)",DISTRICT_OFFICER,Maharashtra,Sangli,Active,2024-01-10 10:00:00
USR-00463,do_0379_satara,$2b$12$TQaqjTTr.x6ryse5KevtxOa91V5Q9tRHzjv83ntUJFSYXUg7D5Q7S,"District Collector (Satara, Maharashtra)",DISTRICT_OFFICER,Maharashtra,Satara,Active,2024-01-10 10:00:00
USR-00464,do_0380_sindhudurg,$2b$12$TQaqjTTr.x6ryse5KevtxOa91V5Q9tRHzjv83ntUJFSYXUg7D5Q7S,"District Collector (Sindhudurg, Maharashtra)",DISTRICT_OFFICER,Maharashtra,Sindhudurg,Active,2024-01-10 10:00:00
USR-00465,do_0381_solapur,$2b$12$TQaqjTTr.x6ryse5KevtxOa91V5Q9tRHzjv83ntUJFSYXUg7D5Q7S,"District Collector (Solapur, Maharashtra)",DISTRICT_OFFICER,Maharashtra,Solapur,Active,2024-01-10 10:00:00
USR-00466,do_0382_thane,$2b$12$TQaqjTTr.x6ryse5KevtxOa91V5Q9tRHzjv83ntUJFSYXUg7D5Q7S,"District Collector (Thane, Maharashtra)",DISTRICT_OFFICER,Maharashtra,Thane,Active,2024-01-10 10:00:00
USR-00467,do_0383_wardha,$2b$12$TQaqjTTr.x6ryse5KevtxOa91V5Q9tRHzjv83ntUJFSYXUg7D5Q7S,"District Collector (Wardha, Maharashtra)",DISTRICT_OFFICER,Maharashtra,Wardha,Active,2024-01-10 10:00:00
USR-00468,do_0384_washim,$2b$12$TQaqjTTr.x6ryse5KevtxOa91V5Q9tRHzjv83ntUJFSYXUg7D5Q7S,"District Collector (Washim, Maharashtra)",DISTRICT_OFFICER,Maharashtra,Washim,Active,2024-01-10 10:00:00
USR-00469,do_0385_yavatmal,$2b$12$TQaqjTTr.x6ryse5KevtxOa91V5Q9tRHzjv83ntUJFSYXUg7D5Q7S,"District Collector (Yavatmal, Maharashtra)",DISTRICT_OFFICER,Maharashtra,Yavatmal,Active,2024-01-10 10:00:00
USR-00470,do_0386_bishnupur,$2b$12$TQaqjTTr.x6ryse5KevtxOa91V5Q9tRHzjv83ntUJFSYXUg7D5Q7S,"District Collector (Bishnupur, Manipur)",DISTRICT_OFFICER,Manipur,Bishnupur,Active,2024-01-10 10:00:00
USR-00471,do_0387_chandel,$2b$12$TQaqjTTr.x6ryse5KevtxOa91V5Q9tRHzjv83ntUJFSYXUg7D5Q7S,"District Collector (Chandel, Manipur)",DISTRICT_OFFICER,Manipur,Chandel,Active,2024-01-10 10:00:00
USR-00472,do_0388_churachandpu,$2b$12$TQaqjTTr.x6ryse5KevtxOa91V5Q9tRHzjv83ntUJFSYXUg7D5Q7S,"District Collector (Churachandpur, Manipur)",DISTRICT_OFFICER,Manipur,Churachandpur,Active,2024-01-10 10:00:00
USR-00473,do_0389_imphaleast,$2b$12$TQaqjTTr.x6ryse5KevtxOa91V5Q9tRHzjv83ntUJFSYXUg7D5Q7S,"District Collector (Imphal East, Manipur)",DISTRICT_OFFICER,Manipur,Imphal East,Active,2024-01-10 10:00:00
USR-00474,do_0390_imphalwest,$2b$12$TQaqjTTr.x6ryse5KevtxOa91V5Q9tRHzjv83ntUJFSYXUg7D5Q7S,"District Collector (Imphal West, Manipur)",DISTRICT_OFFICER,Manipur,Imphal West,Active,2024-01-10 10:00:00
USR-00475,do_0391_jiribam,$2b$12$TQaqjTTr.x6ryse5KevtxOa91V5Q9tRHzjv83ntUJFSYXUg7D5Q7S,"District Collector (Jiribam, Manipur)",DISTRICT_OFFICER,Manipur,Jiribam,Active,2024-01-10 10:00:00
USR-00476,do_0392_kakching,$2b$12$TQaqjTTr.x6ryse5KevtxOa91V5Q9tRHzjv83ntUJFSYXUg7D5Q7S,"District Collector (Kakching, Manipur)",DISTRICT_OFFICER,Manipur,Kakching,Active,2024-01-10 10:00:00
USR-00477,do_0393_kamjong,$2b$12$TQaqjTTr.x6ryse5KevtxOa91V5Q9tRHzjv83ntUJFSYXUg7D5Q7S,"District Collector (Kamjong, Manipur)",DISTRICT_OFFICER,Manipur,Kamjong,Active,2024-01-10 10:00:00
USR-00478,do_0394_kangpokpi,$2b$12$TQaqjTTr.x6ryse5KevtxOa91V5Q9tRHzjv83ntUJFSYXUg7D5Q7S,"District Collector (Kangpokpi, Manipur)",DISTRICT_OFFICER,Manipur,Kangpokpi,Active,2024-01-10 10:00:00
USR-00479,do_0395_noney,$2b$12$TQaqjTTr.x6ryse5KevtxOa91V5Q9tRHzjv83ntUJFSYXUg7D5Q7S,"District Collector (Noney, Manipur)",DISTRICT_OFFICER,Manipur,Noney,Active,2024-01-10 10:00:00
USR-00480,do_0396_pherzawl,$2b$12$TQaqjTTr.x6ryse5KevtxOa91V5Q9tRHzjv83ntUJFSYXUg7D5Q7S,"District Collector (Pherzawl, Manipur)",DISTRICT_OFFICER,Manipur,Pherzawl,Active,2024-01-10 10:00:00
USR-00481,do_0397_senapati,$2b$12$TQaqjTTr.x6ryse5KevtxOa91V5Q9tRHzjv83ntUJFSYXUg7D5Q7S,"District Collector (Senapati, Manipur)",DISTRICT_OFFICER,Manipur,Senapati,Active,2024-01-10 10:00:00
USR-00482,do_0398_tamenglong,$2b$12$TQaqjTTr.x6ryse5KevtxOa91V5Q9tRHzjv83ntUJFSYXUg7D5Q7S,"District Collector (Tamenglong, Manipur)",DISTRICT_OFFICER,Manipur,Tamenglong,Active,2024-01-10 10:00:00
USR-00483,do_0399_tengnoupal,$2b$12$TQaqjTTr.x6ryse5KevtxOa91V5Q9tRHzjv83ntUJFSYXUg7D5Q7S,"District Collector (Tengnoupal, Manipur)",DISTRICT_OFFICER,Manipur,Tengnoupal,Active,2024-01-10 10:00:00
USR-00484,do_0400_thoubal,$2b$12$TQaqjTTr.x6ryse5KevtxOa91V5Q9tRHzjv83ntUJFSYXUg7D5Q7S,"District Collector (Thoubal, Manipur)",DISTRICT_OFFICER,Manipur,Thoubal,Active,2024-01-10 10:00:00
USR-00485,do_0401_ukhrul,$2b$12$TQaqjTTr.x6ryse5KevtxOa91V5Q9tRHzjv83ntUJFSYXUg7D5Q7S,"District Collector (Ukhrul, Manipur)",DISTRICT_OFFICER,Manipur,Ukhrul,Active,2024-01-10 10:00:00
USR-00486,do_0402_eastgarohill,$2b$12$TQaqjTTr.x6ryse5KevtxOa91V5Q9tRHzjv83ntUJFSYXUg7D5Q7S,"District Collector (East Garo Hills, Meghalaya)",DISTRICT_OFFICER,Meghalaya,East Garo Hills,Active,2024-01-10 10:00:00
USR-00487,do_0403_eastjaintiah,$2b$12$TQaqjTTr.x6ryse5KevtxOa91V5Q9tRHzjv83ntUJFSYXUg7D5Q7S,"District Collector (East Jaintia Hills, Meghalaya)",DISTRICT_OFFICER,Meghalaya,East Jaintia Hills,Active,2024-01-10 10:00:00
USR-00488,do_0404_eastkhasihil,$2b$12$TQaqjTTr.x6ryse5KevtxOa91V5Q9tRHzjv83ntUJFSYXUg7D5Q7S,"District Collector (East Khasi Hills, Meghalaya)",DISTRICT_OFFICER,Meghalaya,East Khasi Hills,Active,2024-01-10 10:00:00
USR-00489,do_0405_easternwestk,$2b$12$TQaqjTTr.x6ryse5KevtxOa91V5Q9tRHzjv83ntUJFSYXUg7D5Q7S,"District Collector (Eastern West Khasi Hills, Meghalaya)",DISTRICT_OFFICER,Meghalaya,Eastern West Khasi Hills,Active,2024-01-10 10:00:00
USR-00490,do_0406_northgarohil,$2b$12$TQaqjTTr.x6ryse5KevtxOa91V5Q9tRHzjv83ntUJFSYXUg7D5Q7S,"District Collector (North Garo Hills, Meghalaya)",DISTRICT_OFFICER,Meghalaya,North Garo Hills,Active,2024-01-10 10:00:00
USR-00491,do_0407_ribhoi,$2b$12$TQaqjTTr.x6ryse5KevtxOa91V5Q9tRHzjv83ntUJFSYXUg7D5Q7S,"District Collector (Ri Bhoi, Meghalaya)",DISTRICT_OFFICER,Meghalaya,Ri Bhoi,Active,2024-01-10 10:00:00
USR-00492,do_0408_southgarohil,$2b$12$TQaqjTTr.x6ryse5KevtxOa91V5Q9tRHzjv83ntUJFSYXUg7D5Q7S,"District Collector (South Garo Hills, Meghalaya)",DISTRICT_OFFICER,Meghalaya,South Garo Hills,Active,2024-01-10 10:00:00
USR-00493,do_0409_southwestgar,$2b$12$TQaqjTTr.x6ryse5KevtxOa91V5Q9tRHzjv83ntUJFSYXUg7D5Q7S,"District Collector (South West Garo Hills, Meghalaya)",DISTRICT_OFFICER,Meghalaya,South West Garo Hills,Active,2024-01-10 10:00:00
USR-00494,do_0410_southwestkha,$2b$12$TQaqjTTr.x6ryse5KevtxOa91V5Q9tRHzjv83ntUJFSYXUg7D5Q7S,"District Collector (South West Khasi Hills, Meghalaya)",DISTRICT_OFFICER,Meghalaya,South West Khasi Hills,Active,2024-01-10 10:00:00
USR-00495,do_0411_westgarohill,$2b$12$TQaqjTTr.x6ryse5KevtxOa91V5Q9tRHzjv83ntUJFSYXUg7D5Q7S,"District Collector (West Garo Hills, Meghalaya)",DISTRICT_OFFICER,Meghalaya,West Garo Hills,Active,2024-01-10 10:00:00
USR-00496,do_0412_westjaintiah,$2b$12$TQaqjTTr.x6ryse5KevtxOa91V5Q9tRHzjv83ntUJFSYXUg7D5Q7S,"District Collector (West Jaintia Hills, Meghalaya)",DISTRICT_OFFICER,Meghalaya,West Jaintia Hills,Active,2024-01-10 10:00:00
USR-00497,do_0413_westkhasihil,$2b$12$TQaqjTTr.x6ryse5KevtxOa91V5Q9tRHzjv83ntUJFSYXUg7D5Q7S,"District Collector (West Khasi Hills, Meghalaya)",DISTRICT_OFFICER,Meghalaya,West Khasi Hills,Active,2024-01-10 10:00:00
USR-00498,do_0414_aizawl,$2b$12$TQaqjTTr.x6ryse5KevtxOa91V5Q9tRHzjv83ntUJFSYXUg7D5Q7S,"District Collector (Aizawl, Mizoram)",DISTRICT_OFFICER,Mizoram,Aizawl,Active,2024-01-10 10:00:00
USR-00499,do_0415_champhai,$2b$12$TQaqjTTr.x6ryse5KevtxOa91V5Q9tRHzjv83ntUJFSYXUg7D5Q7S,"District Collector (Champhai, Mizoram)",DISTRICT_OFFICER,Mizoram,Champhai,Active,2024-01-10 10:00:00
USR-00500,do_0416_hnahthial,$2b$12$TQaqjTTr.x6ryse5KevtxOa91V5Q9tRHzjv83ntUJFSYXUg7D5Q7S,"District Collector (Hnahthial, Mizoram)",DISTRICT_OFFICER,Mizoram,Hnahthial,Active,2024-01-10 10:00:00
USR-00501,do_0417_khawzawl,$2b$12$TQaqjTTr.x6ryse5KevtxOa91V5Q9tRHzjv83ntUJFSYXUg7D5Q7S,"District Collector (Khawzawl, Mizoram)",DISTRICT_OFFICER,Mizoram,Khawzawl,Active,2024-01-10 10:00:00
USR-00502,do_0418_kolasib,$2b$12$TQaqjTTr.x6ryse5KevtxOa91V5Q9tRHzjv83ntUJFSYXUg7D5Q7S,"District Collector (Kolasib, Mizoram)",DISTRICT_OFFICER,Mizoram,Kolasib,Active,2024-01-10 10:00:00
USR-00503,do_0419_lawngtlai,$2b$12$TQaqjTTr.x6ryse5KevtxOa91V5Q9tRHzjv83ntUJFSYXUg7D5Q7S,"District Collector (Lawngtlai, Mizoram)",DISTRICT_OFFICER,Mizoram,Lawngtlai,Active,2024-01-10 10:00:00
USR-00504,do_0420_lunglei,$2b$12$TQaqjTTr.x6ryse5KevtxOa91V5Q9tRHzjv83ntUJFSYXUg7D5Q7S,"District Collector (Lunglei, Mizoram)",DISTRICT_OFFICER,Mizoram,Lunglei,Active,2024-01-10 10:00:00
USR-00505,do_0421_mamit,$2b$12$TQaqjTTr.x6ryse5KevtxOa91V5Q9tRHzjv83ntUJFSYXUg7D5Q7S,"District Collector (Mamit, Mizoram)",DISTRICT_OFFICER,Mizoram,Mamit,Active,2024-01-10 10:00:00
USR-00506,do_0422_saiha,$2b$12$TQaqjTTr.x6ryse5KevtxOa91V5Q9tRHzjv83ntUJFSYXUg7D5Q7S,"District Collector (Saiha, Mizoram)",DISTRICT_OFFICER,Mizoram,Saiha,Active,2024-01-10 10:00:00
USR-00507,do_0423_saitual,$2b$12$TQaqjTTr.x6ryse5KevtxOa91V5Q9tRHzjv83ntUJFSYXUg7D5Q7S,"District Collector (Saitual, Mizoram)",DISTRICT_OFFICER,Mizoram,Saitual,Active,2024-01-10 10:00:00
USR-00508,do_0424_serchhip,$2b$12$TQaqjTTr.x6ryse5KevtxOa91V5Q9tRHzjv83ntUJFSYXUg7D5Q7S,"District Collector (Serchhip, Mizoram)",DISTRICT_OFFICER,Mizoram,Serchhip,Active,2024-01-10 10:00:00
USR-00509,do_0425_chumoukedima,$2b$12$TQaqjTTr.x6ryse5KevtxOa91V5Q9tRHzjv83ntUJFSYXUg7D5Q7S,"District Collector (Chumoukedima, Nagaland)",DISTRICT_OFFICER,Nagaland,Chumoukedima,Active,2024-01-10 10:00:00
USR-00510,do_0426_dimapur,$2b$12$TQaqjTTr.x6ryse5KevtxOa91V5Q9tRHzjv83ntUJFSYXUg7D5Q7S,"District Collector (Dimapur, Nagaland)",DISTRICT_OFFICER,Nagaland,Dimapur,Active,2024-01-10 10:00:00
USR-00511,do_0427_kiphire,$2b$12$TQaqjTTr.x6ryse5KevtxOa91V5Q9tRHzjv83ntUJFSYXUg7D5Q7S,"District Collector (Kiphire, Nagaland)",DISTRICT_OFFICER,Nagaland,Kiphire,Active,2024-01-10 10:00:00
USR-00512,do_0428_kohima,$2b$12$TQaqjTTr.x6ryse5KevtxOa91V5Q9tRHzjv83ntUJFSYXUg7D5Q7S,"District Collector (Kohima, Nagaland)",DISTRICT_OFFICER,Nagaland,Kohima,Active,2024-01-10 10:00:00
USR-00513,do_0429_longleng,$2b$12$TQaqjTTr.x6ryse5KevtxOa91V5Q9tRHzjv83ntUJFSYXUg7D5Q7S,"District Collector (Longleng, Nagaland)",DISTRICT_OFFICER,Nagaland,Longleng,Active,2024-01-10 10:00:00
USR-00514,do_0430_mokokchung,$2b$12$TQaqjTTr.x6ryse5KevtxOa91V5Q9tRHzjv83ntUJFSYXUg7D5Q7S,"District Collector (Mokokchung, Nagaland)",DISTRICT_OFFICER,Nagaland,Mokokchung,Active,2024-01-10 10:00:00
USR-00515,do_0431_mon,$2b$12$TQaqjTTr.x6ryse5KevtxOa91V5Q9tRHzjv83ntUJFSYXUg7D5Q7S,"District Collector (Mon, Nagaland)",DISTRICT_OFFICER,Nagaland,Mon,Active,2024-01-10 10:00:00
USR-00516,do_0432_niuland,$2b$12$TQaqjTTr.x6ryse5KevtxOa91V5Q9tRHzjv83ntUJFSYXUg7D5Q7S,"District Collector (Niuland, Nagaland)",DISTRICT_OFFICER,Nagaland,Niuland,Active,2024-01-10 10:00:00
USR-00517,do_0433_noklak,$2b$12$TQaqjTTr.x6ryse5KevtxOa91V5Q9tRHzjv83ntUJFSYXUg7D5Q7S,"District Collector (Noklak, Nagaland)",DISTRICT_OFFICER,Nagaland,Noklak,Active,2024-01-10 10:00:00
USR-00518,do_0434_peren,$2b$12$TQaqjTTr.x6ryse5KevtxOa91V5Q9tRHzjv83ntUJFSYXUg7D5Q7S,"District Collector (Peren, Nagaland)",DISTRICT_OFFICER,Nagaland,Peren,Active,2024-01-10 10:00:00
USR-00519,do_0435_phek,$2b$12$TQaqjTTr.x6ryse5KevtxOa91V5Q9tRHzjv83ntUJFSYXUg7D5Q7S,"District Collector (Phek, Nagaland)",DISTRICT_OFFICER,Nagaland,Phek,Active,2024-01-10 10:00:00
USR-00520,do_0436_shamator,$2b$12$TQaqjTTr.x6ryse5KevtxOa91V5Q9tRHzjv83ntUJFSYXUg7D5Q7S,"District Collector (Shamator, Nagaland)",DISTRICT_OFFICER,Nagaland,Shamator,Active,2024-01-10 10:00:00
USR-00521,do_0437_tseminyu,$2b$12$TQaqjTTr.x6ryse5KevtxOa91V5Q9tRHzjv83ntUJFSYXUg7D5Q7S,"District Collector (Tseminyu, Nagaland)",DISTRICT_OFFICER,Nagaland,Tseminyu,Active,2024-01-10 10:00:00
USR-00522,do_0438_tuensang,$2b$12$TQaqjTTr.x6ryse5KevtxOa91V5Q9tRHzjv83ntUJFSYXUg7D5Q7S,"District Collector (Tuensang, Nagaland)",DISTRICT_OFFICER,Nagaland,Tuensang,Active,2024-01-10 10:00:00
USR-00523,do_0439_wokha,$2b$12$TQaqjTTr.x6ryse5KevtxOa91V5Q9tRHzjv83ntUJFSYXUg7D5Q7S,"District Collector (Wokha, Nagaland)",DISTRICT_OFFICER,Nagaland,Wokha,Active,2024-01-10 10:00:00
USR-00524,do_0440_zunheboto,$2b$12$TQaqjTTr.x6ryse5KevtxOa91V5Q9tRHzjv83ntUJFSYXUg7D5Q7S,"District Collector (Zunheboto, Nagaland)",DISTRICT_OFFICER,Nagaland,Zunheboto,Active,2024-01-10 10:00:00
USR-00525,do_0441_angul,$2b$12$TQaqjTTr.x6ryse5KevtxOa91V5Q9tRHzjv83ntUJFSYXUg7D5Q7S,"District Collector (Angul, Odisha)",DISTRICT_OFFICER,Odisha,Angul,Active,2024-01-10 10:00:00
USR-00526,do_0442_balangir,$2b$12$TQaqjTTr.x6ryse5KevtxOa91V5Q9tRHzjv83ntUJFSYXUg7D5Q7S,"District Collector (Balangir, Odisha)",DISTRICT_OFFICER,Odisha,Balangir,Active,2024-01-10 10:00:00
USR-00527,do_0443_balasore,$2b$12$TQaqjTTr.x6ryse5KevtxOa91V5Q9tRHzjv83ntUJFSYXUg7D5Q7S,"District Collector (Balasore, Odisha)",DISTRICT_OFFICER,Odisha,Balasore,Active,2024-01-10 10:00:00
USR-00528,do_0444_bargarh,$2b$12$TQaqjTTr.x6ryse5KevtxOa91V5Q9tRHzjv83ntUJFSYXUg7D5Q7S,"District Collector (Bargarh, Odisha)",DISTRICT_OFFICER,Odisha,Bargarh,Active,2024-01-10 10:00:00
USR-00529,do_0445_bhadrak,$2b$12$TQaqjTTr.x6ryse5KevtxOa91V5Q9tRHzjv83ntUJFSYXUg7D5Q7S,"District Collector (Bhadrak, Odisha)",DISTRICT_OFFICER,Odisha,Bhadrak,Active,2024-01-10 10:00:00
USR-00530,do_0446_boudh,$2b$12$TQaqjTTr.x6ryse5KevtxOa91V5Q9tRHzjv83ntUJFSYXUg7D5Q7S,"District Collector (Boudh, Odisha)",DISTRICT_OFFICER,Odisha,Boudh,Active,2024-01-10 10:00:00
USR-00531,do_0447_cuttack,$2b$12$TQaqjTTr.x6ryse5KevtxOa91V5Q9tRHzjv83ntUJFSYXUg7D5Q7S,"District Collector (Cuttack, Odisha)",DISTRICT_OFFICER,Odisha,Cuttack,Active,2024-01-10 10:00:00
USR-00532,do_0448_deogarh,$2b$12$TQaqjTTr.x6ryse5KevtxOa91V5Q9tRHzjv83ntUJFSYXUg7D5Q7S,"District Collector (Deogarh, Odisha)",DISTRICT_OFFICER,Odisha,Deogarh,Active,2024-01-10 10:00:00
USR-00533,do_0449_dhenkanal,$2b$12$TQaqjTTr.x6ryse5KevtxOa91V5Q9tRHzjv83ntUJFSYXUg7D5Q7S,"District Collector (Dhenkanal, Odisha)",DISTRICT_OFFICER,Odisha,Dhenkanal,Active,2024-01-10 10:00:00
USR-00534,do_0450_gajapati,$2b$12$TQaqjTTr.x6ryse5KevtxOa91V5Q9tRHzjv83ntUJFSYXUg7D5Q7S,"District Collector (Gajapati, Odisha)",DISTRICT_OFFICER,Odisha,Gajapati,Active,2024-01-10 10:00:00
USR-00535,do_0451_ganjam,$2b$12$TQaqjTTr.x6ryse5KevtxOa91V5Q9tRHzjv83ntUJFSYXUg7D5Q7S,"District Collector (Ganjam, Odisha)",DISTRICT_OFFICER,Odisha,Ganjam,Active,2024-01-10 10:00:00
USR-00536,do_0452_jagatsinghpu,$2b$12$TQaqjTTr.x6ryse5KevtxOa91V5Q9tRHzjv83ntUJFSYXUg7D5Q7S,"District Collector (Jagatsinghpur, Odisha)",DISTRICT_OFFICER,Odisha,Jagatsinghpur,Active,2024-01-10 10:00:00
USR-00537,do_0453_jajpur,$2b$12$TQaqjTTr.x6ryse5KevtxOa91V5Q9tRHzjv83ntUJFSYXUg7D5Q7S,"District Collector (Jajpur, Odisha)",DISTRICT_OFFICER,Odisha,Jajpur,Active,2024-01-10 10:00:00
USR-00538,do_0454_jharsuguda,$2b$12$TQaqjTTr.x6ryse5KevtxOa91V5Q9tRHzjv83ntUJFSYXUg7D5Q7S,"District Collector (Jharsuguda, Odisha)",DISTRICT_OFFICER,Odisha,Jharsuguda,Active,2024-01-10 10:00:00
USR-00539,do_0455_kalahandi,$2b$12$TQaqjTTr.x6ryse5KevtxOa91V5Q9tRHzjv83ntUJFSYXUg7D5Q7S,"District Collector (Kalahandi, Odisha)",DISTRICT_OFFICER,Odisha,Kalahandi,Active,2024-01-10 10:00:00
USR-00540,do_0456_kandhamal,$2b$12$TQaqjTTr.x6ryse5KevtxOa91V5Q9tRHzjv83ntUJFSYXUg7D5Q7S,"District Collector (Kandhamal, Odisha)",DISTRICT_OFFICER,Odisha,Kandhamal,Active,2024-01-10 10:00:00
USR-00541,do_0457_kendrapara,$2b$12$TQaqjTTr.x6ryse5KevtxOa91V5Q9tRHzjv83ntUJFSYXUg7D5Q7S,"District Collector (Kendrapara, Odisha)",DISTRICT_OFFICER,Odisha,Kendrapara,Active,2024-01-10 10:00:00
USR-00542,do_0458_kendujhar,$2b$12$TQaqjTTr.x6ryse5KevtxOa91V5Q9tRHzjv83ntUJFSYXUg7D5Q7S,"District Collector (Kendujhar, Odisha)",DISTRICT_OFFICER,Odisha,Kendujhar,Active,2024-01-10 10:00:00
USR-00543,do_0459_khordha,$2b$12$TQaqjTTr.x6ryse5KevtxOa91V5Q9tRHzjv83ntUJFSYXUg7D5Q7S,"District Collector (Khordha, Odisha)",DISTRICT_OFFICER,Odisha,Khordha,Active,2024-01-10 10:00:00
USR-00544,do_0460_koraput,$2b$12$TQaqjTTr.x6ryse5KevtxOa91V5Q9tRHzjv83ntUJFSYXUg7D5Q7S,"District Collector (Koraput, Odisha)",DISTRICT_OFFICER,Odisha,Koraput,Active,2024-01-10 10:00:00
USR-00545,do_0461_malkangiri,$2b$12$TQaqjTTr.x6ryse5KevtxOa91V5Q9tRHzjv83ntUJFSYXUg7D5Q7S,"District Collector (Malkangiri, Odisha)",DISTRICT_OFFICER,Odisha,Malkangiri,Active,2024-01-10 10:00:00
USR-00546,do_0462_mayurbhanj,$2b$12$TQaqjTTr.x6ryse5KevtxOa91V5Q9tRHzjv83ntUJFSYXUg7D5Q7S,"District Collector (Mayurbhanj, Odisha)",DISTRICT_OFFICER,Odisha,Mayurbhanj,Active,2024-01-10 10:00:00
USR-00547,do_0463_nabarangpur,$2b$12$TQaqjTTr.x6ryse5KevtxOa91V5Q9tRHzjv83ntUJFSYXUg7D5Q7S,"District Collector (Nabarangpur, Odisha)",DISTRICT_OFFICER,Odisha,Nabarangpur,Active,2024-01-10 10:00:00
USR-00548,do_0464_nayagarh,$2b$12$TQaqjTTr.x6ryse5KevtxOa91V5Q9tRHzjv83ntUJFSYXUg7D5Q7S,"District Collector (Nayagarh, Odisha)",DISTRICT_OFFICER,Odisha,Nayagarh,Active,2024-01-10 10:00:00
USR-00549,do_0465_nuapada,$2b$12$TQaqjTTr.x6ryse5KevtxOa91V5Q9tRHzjv83ntUJFSYXUg7D5Q7S,"District Collector (Nuapada, Odisha)",DISTRICT_OFFICER,Odisha,Nuapada,Active,2024-01-10 10:00:00
USR-00550,do_0466_puri,$2b$12$TQaqjTTr.x6ryse5KevtxOa91V5Q9tRHzjv83ntUJFSYXUg7D5Q7S,"District Collector (Puri, Odisha)",DISTRICT_OFFICER,Odisha,Puri,Active,2024-01-10 10:00:00
USR-00551,do_0467_rayagada,$2b$12$TQaqjTTr.x6ryse5KevtxOa91V5Q9tRHzjv83ntUJFSYXUg7D5Q7S,"District Collector (Rayagada, Odisha)",DISTRICT_OFFICER,Odisha,Rayagada,Active,2024-01-10 10:00:00
USR-00552,do_0468_sambalpur,$2b$12$TQaqjTTr.x6ryse5KevtxOa91V5Q9tRHzjv83ntUJFSYXUg7D5Q7S,"District Collector (Sambalpur, Odisha)",DISTRICT_OFFICER,Odisha,Sambalpur,Active,2024-01-10 10:00:00
USR-00553,do_0469_subarnapur,$2b$12$TQaqjTTr.x6ryse5KevtxOa91V5Q9tRHzjv83ntUJFSYXUg7D5Q7S,"District Collector (Subarnapur, Odisha)",DISTRICT_OFFICER,Odisha,Subarnapur,Active,2024-01-10 10:00:00
USR-00554,do_0470_sundargarh,$2b$12$TQaqjTTr.x6ryse5KevtxOa91V5Q9tRHzjv83ntUJFSYXUg7D5Q7S,"District Collector (Sundargarh, Odisha)",DISTRICT_OFFICER,Odisha,Sundargarh,Active,2024-01-10 10:00:00
USR-00555,do_0471_amritsar,$2b$12$TQaqjTTr.x6ryse5KevtxOa91V5Q9tRHzjv83ntUJFSYXUg7D5Q7S,"District Collector (Amritsar, Punjab)",DISTRICT_OFFICER,Punjab,Amritsar,Active,2024-01-10 10:00:00
USR-00556,do_0472_barnala,$2b$12$TQaqjTTr.x6ryse5KevtxOa91V5Q9tRHzjv83ntUJFSYXUg7D5Q7S,"District Collector (Barnala, Punjab)",DISTRICT_OFFICER,Punjab,Barnala,Active,2024-01-10 10:00:00
USR-00557,do_0473_bathinda,$2b$12$TQaqjTTr.x6ryse5KevtxOa91V5Q9tRHzjv83ntUJFSYXUg7D5Q7S,"District Collector (Bathinda, Punjab)",DISTRICT_OFFICER,Punjab,Bathinda,Active,2024-01-10 10:00:00
USR-00558,do_0474_faridkot,$2b$12$TQaqjTTr.x6ryse5KevtxOa91V5Q9tRHzjv83ntUJFSYXUg7D5Q7S,"District Collector (Faridkot, Punjab)",DISTRICT_OFFICER,Punjab,Faridkot,Active,2024-01-10 10:00:00
USR-00559,do_0475_fatehgarhsah,$2b$12$TQaqjTTr.x6ryse5KevtxOa91V5Q9tRHzjv83ntUJFSYXUg7D5Q7S,"District Collector (Fatehgarh Sahib, Punjab)",DISTRICT_OFFICER,Punjab,Fatehgarh Sahib,Active,2024-01-10 10:00:00
USR-00560,do_0476_fazilka,$2b$12$TQaqjTTr.x6ryse5KevtxOa91V5Q9tRHzjv83ntUJFSYXUg7D5Q7S,"District Collector (Fazilka, Punjab)",DISTRICT_OFFICER,Punjab,Fazilka,Active,2024-01-10 10:00:00
USR-00561,do_0477_firozpur,$2b$12$TQaqjTTr.x6ryse5KevtxOa91V5Q9tRHzjv83ntUJFSYXUg7D5Q7S,"District Collector (Firozpur, Punjab)",DISTRICT_OFFICER,Punjab,Firozpur,Active,2024-01-10 10:00:00
USR-00562,do_0478_gurdaspur,$2b$12$TQaqjTTr.x6ryse5KevtxOa91V5Q9tRHzjv83ntUJFSYXUg7D5Q7S,"District Collector (Gurdaspur, Punjab)",DISTRICT_OFFICER,Punjab,Gurdaspur,Active,2024-01-10 10:00:00
USR-00563,do_0479_hoshiarpur,$2b$12$TQaqjTTr.x6ryse5KevtxOa91V5Q9tRHzjv83ntUJFSYXUg7D5Q7S,"District Collector (Hoshiarpur, Punjab)",DISTRICT_OFFICER,Punjab,Hoshiarpur,Active,2024-01-10 10:00:00
USR-00564,do_0480_jalandhar,$2b$12$TQaqjTTr.x6ryse5KevtxOa91V5Q9tRHzjv83ntUJFSYXUg7D5Q7S,"District Collector (Jalandhar, Punjab)",DISTRICT_OFFICER,Punjab,Jalandhar,Active,2024-01-10 10:00:00
USR-00565,do_0481_kapurthala,$2b$12$TQaqjTTr.x6ryse5KevtxOa91V5Q9tRHzjv83ntUJFSYXUg7D5Q7S,"District Collector (Kapurthala, Punjab)",DISTRICT_OFFICER,Punjab,Kapurthala,Active,2024-01-10 10:00:00
USR-00566,do_0482_ludhiana,$2b$12$TQaqjTTr.x6ryse5KevtxOa91V5Q9tRHzjv83ntUJFSYXUg7D5Q7S,"District Collector (Ludhiana, Punjab)",DISTRICT_OFFICER,Punjab,Ludhiana,Active,2024-01-10 10:00:00
USR-00567,do_0483_malerkotla,$2b$12$TQaqjTTr.x6ryse5KevtxOa91V5Q9tRHzjv83ntUJFSYXUg7D5Q7S,"District Collector (Malerkotla, Punjab)",DISTRICT_OFFICER,Punjab,Malerkotla,Active,2024-01-10 10:00:00
USR-00568,do_0484_mansa,$2b$12$TQaqjTTr.x6ryse5KevtxOa91V5Q9tRHzjv83ntUJFSYXUg7D5Q7S,"District Collector (Mansa, Punjab)",DISTRICT_OFFICER,Punjab,Mansa,Active,2024-01-10 10:00:00
USR-00569,do_0485_moga,$2b$12$TQaqjTTr.x6ryse5KevtxOa91V5Q9tRHzjv83ntUJFSYXUg7D5Q7S,"District Collector (Moga, Punjab)",DISTRICT_OFFICER,Punjab,Moga,Active,2024-01-10 10:00:00
USR-00570,do_0486_pathankot,$2b$12$TQaqjTTr.x6ryse5KevtxOa91V5Q9tRHzjv83ntUJFSYXUg7D5Q7S,"District Collector (Pathankot, Punjab)",DISTRICT_OFFICER,Punjab,Pathankot,Active,2024-01-10 10:00:00
USR-00571,do_0487_patiala,$2b$12$TQaqjTTr.x6ryse5KevtxOa91V5Q9tRHzjv83ntUJFSYXUg7D5Q7S,"District Collector (Patiala, Punjab)",DISTRICT_OFFICER,Punjab,Patiala,Active,2024-01-10 10:00:00
USR-00572,do_0488_rupnagar,$2b$12$TQaqjTTr.x6ryse5KevtxOa91V5Q9tRHzjv83ntUJFSYXUg7D5Q7S,"District Collector (Rupnagar, Punjab)",DISTRICT_OFFICER,Punjab,Rupnagar,Active,2024-01-10 10:00:00
USR-00573,do_0489_sahibzadaaji,$2b$12$TQaqjTTr.x6ryse5KevtxOa91V5Q9tRHzjv83ntUJFSYXUg7D5Q7S,"District Collector (Sahibzada Ajit Singh Nagar, Punjab)",DISTRICT_OFFICER,Punjab,Sahibzada Ajit Singh Nagar,Active,2024-01-10 10:00:00
USR-00574,do_0490_sangrur,$2b$12$TQaqjTTr.x6ryse5KevtxOa91V5Q9tRHzjv83ntUJFSYXUg7D5Q7S,"District Collector (Sangrur, Punjab)",DISTRICT_OFFICER,Punjab,Sangrur,Active,2024-01-10 10:00:00
USR-00575,do_0491_shahidbhagat,$2b$12$TQaqjTTr.x6ryse5KevtxOa91V5Q9tRHzjv83ntUJFSYXUg7D5Q7S,"District Collector (Shahid Bhagat Singh Nagar, Punjab)",DISTRICT_OFFICER,Punjab,Shahid Bhagat Singh Nagar,Active,2024-01-10 10:00:00
USR-00576,do_0492_srimuktsarsa,$2b$12$TQaqjTTr.x6ryse5KevtxOa91V5Q9tRHzjv83ntUJFSYXUg7D5Q7S,"District Collector (Sri Muktsar Sahib, Punjab)",DISTRICT_OFFICER,Punjab,Sri Muktsar Sahib,Active,2024-01-10 10:00:00
USR-00577,do_0493_tarntaran,$2b$12$TQaqjTTr.x6ryse5KevtxOa91V5Q9tRHzjv83ntUJFSYXUg7D5Q7S,"District Collector (Tarn Taran, Punjab)",DISTRICT_OFFICER,Punjab,Tarn Taran,Active,2024-01-10 10:00:00
USR-00578,do_0494_ajmer,$2b$12$TQaqjTTr.x6ryse5KevtxOa91V5Q9tRHzjv83ntUJFSYXUg7D5Q7S,"District Collector (Ajmer, Rajasthan)",DISTRICT_OFFICER,Rajasthan,Ajmer,Active,2024-01-10 10:00:00
USR-00579,do_0495_alwar,$2b$12$TQaqjTTr.x6ryse5KevtxOa91V5Q9tRHzjv83ntUJFSYXUg7D5Q7S,"District Collector (Alwar, Rajasthan)",DISTRICT_OFFICER,Rajasthan,Alwar,Active,2024-01-10 10:00:00
USR-00580,do_0496_banswara,$2b$12$TQaqjTTr.x6ryse5KevtxOa91V5Q9tRHzjv83ntUJFSYXUg7D5Q7S,"District Collector (Banswara, Rajasthan)",DISTRICT_OFFICER,Rajasthan,Banswara,Active,2024-01-10 10:00:00
USR-00581,do_0497_baran,$2b$12$TQaqjTTr.x6ryse5KevtxOa91V5Q9tRHzjv83ntUJFSYXUg7D5Q7S,"District Collector (Baran, Rajasthan)",DISTRICT_OFFICER,Rajasthan,Baran,Active,2024-01-10 10:00:00
USR-00582,do_0498_barmer,$2b$12$TQaqjTTr.x6ryse5KevtxOa91V5Q9tRHzjv83ntUJFSYXUg7D5Q7S,"District Collector (Barmer, Rajasthan)",DISTRICT_OFFICER,Rajasthan,Barmer,Active,2024-01-10 10:00:00
USR-00583,do_0499_bharatpur,$2b$12$TQaqjTTr.x6ryse5KevtxOa91V5Q9tRHzjv83ntUJFSYXUg7D5Q7S,"District Collector (Bharatpur, Rajasthan)",DISTRICT_OFFICER,Rajasthan,Bharatpur,Active,2024-01-10 10:00:00
USR-00584,do_0500_bhilwara,$2b$12$TQaqjTTr.x6ryse5KevtxOa91V5Q9tRHzjv83ntUJFSYXUg7D5Q7S,"District Collector (Bhilwara, Rajasthan)",DISTRICT_OFFICER,Rajasthan,Bhilwara,Active,2024-01-10 10:00:00
USR-00585,do_0501_bikaner,$2b$12$TQaqjTTr.x6ryse5KevtxOa91V5Q9tRHzjv83ntUJFSYXUg7D5Q7S,"District Collector (Bikaner, Rajasthan)",DISTRICT_OFFICER,Rajasthan,Bikaner,Active,2024-01-10 10:00:00
USR-00586,do_0502_bundi,$2b$12$TQaqjTTr.x6ryse5KevtxOa91V5Q9tRHzjv83ntUJFSYXUg7D5Q7S,"District Collector (Bundi, Rajasthan)",DISTRICT_OFFICER,Rajasthan,Bundi,Active,2024-01-10 10:00:00
USR-00587,do_0503_chittorgarh,$2b$12$TQaqjTTr.x6ryse5KevtxOa91V5Q9tRHzjv83ntUJFSYXUg7D5Q7S,"District Collector (Chittorgarh, Rajasthan)",DISTRICT_OFFICER,Rajasthan,Chittorgarh,Active,2024-01-10 10:00:00
USR-00588,do_0504_churu,$2b$12$TQaqjTTr.x6ryse5KevtxOa91V5Q9tRHzjv83ntUJFSYXUg7D5Q7S,"District Collector (Churu, Rajasthan)",DISTRICT_OFFICER,Rajasthan,Churu,Active,2024-01-10 10:00:00
USR-00589,do_0505_dausa,$2b$12$TQaqjTTr.x6ryse5KevtxOa91V5Q9tRHzjv83ntUJFSYXUg7D5Q7S,"District Collector (Dausa, Rajasthan)",DISTRICT_OFFICER,Rajasthan,Dausa,Active,2024-01-10 10:00:00
USR-00590,do_0506_dholpur,$2b$12$TQaqjTTr.x6ryse5KevtxOa91V5Q9tRHzjv83ntUJFSYXUg7D5Q7S,"District Collector (Dholpur, Rajasthan)",DISTRICT_OFFICER,Rajasthan,Dholpur,Active,2024-01-10 10:00:00
USR-00591,do_0507_dungarpur,$2b$12$TQaqjTTr.x6ryse5KevtxOa91V5Q9tRHzjv83ntUJFSYXUg7D5Q7S,"District Collector (Dungarpur, Rajasthan)",DISTRICT_OFFICER,Rajasthan,Dungarpur,Active,2024-01-10 10:00:00
USR-00592,do_0508_hanumangarh,$2b$12$TQaqjTTr.x6ryse5KevtxOa91V5Q9tRHzjv83ntUJFSYXUg7D5Q7S,"District Collector (Hanumangarh, Rajasthan)",DISTRICT_OFFICER,Rajasthan,Hanumangarh,Active,2024-01-10 10:00:00
USR-00593,do_0509_jaipur,$2b$12$TQaqjTTr.x6ryse5KevtxOa91V5Q9tRHzjv83ntUJFSYXUg7D5Q7S,"District Collector (Jaipur, Rajasthan)",DISTRICT_OFFICER,Rajasthan,Jaipur,Active,2024-01-10 10:00:00
USR-00594,do_0510_jaipurrural,$2b$12$TQaqjTTr.x6ryse5KevtxOa91V5Q9tRHzjv83ntUJFSYXUg7D5Q7S,"District Collector (Jaipur Rural, Rajasthan)",DISTRICT_OFFICER,Rajasthan,Jaipur Rural,Active,2024-01-10 10:00:00
USR-00595,do_0511_jaisalmer,$2b$12$TQaqjTTr.x6ryse5KevtxOa91V5Q9tRHzjv83ntUJFSYXUg7D5Q7S,"District Collector (Jaisalmer, Rajasthan)",DISTRICT_OFFICER,Rajasthan,Jaisalmer,Active,2024-01-10 10:00:00
USR-00596,do_0512_jalore,$2b$12$TQaqjTTr.x6ryse5KevtxOa91V5Q9tRHzjv83ntUJFSYXUg7D5Q7S,"District Collector (Jalore, Rajasthan)",DISTRICT_OFFICER,Rajasthan,Jalore,Active,2024-01-10 10:00:00
USR-00597,do_0513_jhalawar,$2b$12$TQaqjTTr.x6ryse5KevtxOa91V5Q9tRHzjv83ntUJFSYXUg7D5Q7S,"District Collector (Jhalawar, Rajasthan)",DISTRICT_OFFICER,Rajasthan,Jhalawar,Active,2024-01-10 10:00:00
USR-00598,do_0514_jhunjhunu,$2b$12$TQaqjTTr.x6ryse5KevtxOa91V5Q9tRHzjv83ntUJFSYXUg7D5Q7S,"District Collector (Jhunjhunu, Rajasthan)",DISTRICT_OFFICER,Rajasthan,Jhunjhunu,Active,2024-01-10 10:00:00
USR-00599,do_0515_jodhpur,$2b$12$TQaqjTTr.x6ryse5KevtxOa91V5Q9tRHzjv83ntUJFSYXUg7D5Q7S,"District Collector (Jodhpur, Rajasthan)",DISTRICT_OFFICER,Rajasthan,Jodhpur,Active,2024-01-10 10:00:00
USR-00600,do_0516_jodhpurrural,$2b$12$TQaqjTTr.x6ryse5KevtxOa91V5Q9tRHzjv83ntUJFSYXUg7D5Q7S,"District Collector (Jodhpur Rural, Rajasthan)",DISTRICT_OFFICER,Rajasthan,Jodhpur Rural,Active,2024-01-10 10:00:00
USR-00601,do_0517_karauli,$2b$12$TQaqjTTr.x6ryse5KevtxOa91V5Q9tRHzjv83ntUJFSYXUg7D5Q7S,"District Collector (Karauli, Rajasthan)",DISTRICT_OFFICER,Rajasthan,Karauli,Active,2024-01-10 10:00:00
USR-00602,do_0518_kota,$2b$12$TQaqjTTr.x6ryse5KevtxOa91V5Q9tRHzjv83ntUJFSYXUg7D5Q7S,"District Collector (Kota, Rajasthan)",DISTRICT_OFFICER,Rajasthan,Kota,Active,2024-01-10 10:00:00
USR-00603,do_0519_nagaur,$2b$12$TQaqjTTr.x6ryse5KevtxOa91V5Q9tRHzjv83ntUJFSYXUg7D5Q7S,"District Collector (Nagaur, Rajasthan)",DISTRICT_OFFICER,Rajasthan,Nagaur,Active,2024-01-10 10:00:00
USR-00604,do_0520_pali,$2b$12$TQaqjTTr.x6ryse5KevtxOa91V5Q9tRHzjv83ntUJFSYXUg7D5Q7S,"District Collector (Pali, Rajasthan)",DISTRICT_OFFICER,Rajasthan,Pali,Active,2024-01-10 10:00:00
USR-00605,do_0521_pratapgarh,$2b$12$TQaqjTTr.x6ryse5KevtxOa91V5Q9tRHzjv83ntUJFSYXUg7D5Q7S,"District Collector (Pratapgarh, Rajasthan)",DISTRICT_OFFICER,Rajasthan,Pratapgarh,Active,2024-01-10 10:00:00
USR-00606,do_0522_rajsamand,$2b$12$TQaqjTTr.x6ryse5KevtxOa91V5Q9tRHzjv83ntUJFSYXUg7D5Q7S,"District Collector (Rajsamand, Rajasthan)",DISTRICT_OFFICER,Rajasthan,Rajsamand,Active,2024-01-10 10:00:00
USR-00607,do_0523_sawaimadhopu,$2b$12$TQaqjTTr.x6ryse5KevtxOa91V5Q9tRHzjv83ntUJFSYXUg7D5Q7S,"District Collector (Sawai Madhopur, Rajasthan)",DISTRICT_OFFICER,Rajasthan,Sawai Madhopur,Active,2024-01-10 10:00:00
USR-00608,do_0524_sikar,$2b$12$TQaqjTTr.x6ryse5KevtxOa91V5Q9tRHzjv83ntUJFSYXUg7D5Q7S,"District Collector (Sikar, Rajasthan)",DISTRICT_OFFICER,Rajasthan,Sikar,Active,2024-01-10 10:00:00
USR-00609,do_0525_sirohi,$2b$12$TQaqjTTr.x6ryse5KevtxOa91V5Q9tRHzjv83ntUJFSYXUg7D5Q7S,"District Collector (Sirohi, Rajasthan)",DISTRICT_OFFICER,Rajasthan,Sirohi,Active,2024-01-10 10:00:00
USR-00610,do_0526_sriganganaga,$2b$12$TQaqjTTr.x6ryse5KevtxOa91V5Q9tRHzjv83ntUJFSYXUg7D5Q7S,"District Collector (Sri Ganganagar, Rajasthan)",DISTRICT_OFFICER,Rajasthan,Sri Ganganagar,Active,2024-01-10 10:00:00
USR-00611,do_0527_tonk,$2b$12$TQaqjTTr.x6ryse5KevtxOa91V5Q9tRHzjv83ntUJFSYXUg7D5Q7S,"District Collector (Tonk, Rajasthan)",DISTRICT_OFFICER,Rajasthan,Tonk,Active,2024-01-10 10:00:00
USR-00612,do_0528_udaipur,$2b$12$TQaqjTTr.x6ryse5KevtxOa91V5Q9tRHzjv83ntUJFSYXUg7D5Q7S,"District Collector (Udaipur, Rajasthan)",DISTRICT_OFFICER,Rajasthan,Udaipur,Active,2024-01-10 10:00:00
USR-00613,do_0529_anupgarh,$2b$12$TQaqjTTr.x6ryse5KevtxOa91V5Q9tRHzjv83ntUJFSYXUg7D5Q7S,"District Collector (Anupgarh, Rajasthan)",DISTRICT_OFFICER,Rajasthan,Anupgarh,Active,2024-01-10 10:00:00
USR-00614,do_0530_balotra,$2b$12$TQaqjTTr.x6ryse5KevtxOa91V5Q9tRHzjv83ntUJFSYXUg7D5Q7S,"District Collector (Balotra, Rajasthan)",DISTRICT_OFFICER,Rajasthan,Balotra,Active,2024-01-10 10:00:00
USR-00615,do_0531_beawar,$2b$12$TQaqjTTr.x6ryse5KevtxOa91V5Q9tRHzjv83ntUJFSYXUg7D5Q7S,"District Collector (Beawar, Rajasthan)",DISTRICT_OFFICER,Rajasthan,Beawar,Active,2024-01-10 10:00:00
USR-00616,do_0532_deeg,$2b$12$TQaqjTTr.x6ryse5KevtxOa91V5Q9tRHzjv83ntUJFSYXUg7D5Q7S,"District Collector (Deeg, Rajasthan)",DISTRICT_OFFICER,Rajasthan,Deeg,Active,2024-01-10 10:00:00
USR-00617,do_0533_didwanakucha,$2b$12$TQaqjTTr.x6ryse5KevtxOa91V5Q9tRHzjv83ntUJFSYXUg7D5Q7S,"District Collector (Didwana-Kuchaman, Rajasthan)",DISTRICT_OFFICER,Rajasthan,Didwana-Kuchaman,Active,2024-01-10 10:00:00
USR-00618,do_0534_dudu,$2b$12$TQaqjTTr.x6ryse5KevtxOa91V5Q9tRHzjv83ntUJFSYXUg7D5Q7S,"District Collector (Dudu, Rajasthan)",DISTRICT_OFFICER,Rajasthan,Dudu,Active,2024-01-10 10:00:00
USR-00619,do_0535_gangapurcity,$2b$12$TQaqjTTr.x6ryse5KevtxOa91V5Q9tRHzjv83ntUJFSYXUg7D5Q7S,"District Collector (Gangapur City, Rajasthan)",DISTRICT_OFFICER,Rajasthan,Gangapur City,Active,2024-01-10 10:00:00
USR-00620,do_0536_kekri,$2b$12$TQaqjTTr.x6ryse5KevtxOa91V5Q9tRHzjv83ntUJFSYXUg7D5Q7S,"District Collector (Kekri, Rajasthan)",DISTRICT_OFFICER,Rajasthan,Kekri,Active,2024-01-10 10:00:00
USR-00621,do_0537_kotputlibehr,$2b$12$TQaqjTTr.x6ryse5KevtxOa91V5Q9tRHzjv83ntUJFSYXUg7D5Q7S,"District Collector (Kotputli-Behror, Rajasthan)",DISTRICT_OFFICER,Rajasthan,Kotputli-Behror,Active,2024-01-10 10:00:00
USR-00622,do_0538_khairthaltij,$2b$12$TQaqjTTr.x6ryse5KevtxOa91V5Q9tRHzjv83ntUJFSYXUg7D5Q7S,"District Collector (Khairthal-Tijara, Rajasthan)",DISTRICT_OFFICER,Rajasthan,Khairthal-Tijara,Active,2024-01-10 10:00:00
USR-00623,do_0539_neemkathana,$2b$12$TQaqjTTr.x6ryse5KevtxOa91V5Q9tRHzjv83ntUJFSYXUg7D5Q7S,"District Collector (Neem Ka Thana, Rajasthan)",DISTRICT_OFFICER,Rajasthan,Neem Ka Thana,Active,2024-01-10 10:00:00
USR-00624,do_0540_phalodi,$2b$12$TQaqjTTr.x6ryse5KevtxOa91V5Q9tRHzjv83ntUJFSYXUg7D5Q7S,"District Collector (Phalodi, Rajasthan)",DISTRICT_OFFICER,Rajasthan,Phalodi,Active,2024-01-10 10:00:00
USR-00625,do_0541_salumbar,$2b$12$TQaqjTTr.x6ryse5KevtxOa91V5Q9tRHzjv83ntUJFSYXUg7D5Q7S,"District Collector (Salumbar, Rajasthan)",DISTRICT_OFFICER,Rajasthan,Salumbar,Active,2024-01-10 10:00:00
USR-00626,do_0542_sanchore,$2b$12$TQaqjTTr.x6ryse5KevtxOa91V5Q9tRHzjv83ntUJFSYXUg7D5Q7S,"District Collector (Sanchore, Rajasthan)",DISTRICT_OFFICER,Rajasthan,Sanchore,Active,2024-01-10 10:00:00
USR-00627,do_0543_shahpura,$2b$12$TQaqjTTr.x6ryse5KevtxOa91V5Q9tRHzjv83ntUJFSYXUg7D5Q7S,"District Collector (Shahpura, Rajasthan)",DISTRICT_OFFICER,Rajasthan,Shahpura,Active,2024-01-10 10:00:00
USR-00628,do_0544_gangtok,$2b$12$TQaqjTTr.x6ryse5KevtxOa91V5Q9tRHzjv83ntUJFSYXUg7D5Q7S,"District Collector (Gangtok, Sikkim)",DISTRICT_OFFICER,Sikkim,Gangtok,Active,2024-01-10 10:00:00
USR-00629,do_0545_mangan,$2b$12$TQaqjTTr.x6ryse5KevtxOa91V5Q9tRHzjv83ntUJFSYXUg7D5Q7S,"District Collector (Mangan, Sikkim)",DISTRICT_OFFICER,Sikkim,Mangan,Active,2024-01-10 10:00:00
USR-00630,do_0546_namchi,$2b$12$TQaqjTTr.x6ryse5KevtxOa91V5Q9tRHzjv83ntUJFSYXUg7D5Q7S,"District Collector (Namchi, Sikkim)",DISTRICT_OFFICER,Sikkim,Namchi,Active,2024-01-10 10:00:00
USR-00631,do_0547_pakyong,$2b$12$TQaqjTTr.x6ryse5KevtxOa91V5Q9tRHzjv83ntUJFSYXUg7D5Q7S,"District Collector (Pakyong, Sikkim)",DISTRICT_OFFICER,Sikkim,Pakyong,Active,2024-01-10 10:00:00
USR-00632,do_0548_soreng,$2b$12$TQaqjTTr.x6ryse5KevtxOa91V5Q9tRHzjv83ntUJFSYXUg7D5Q7S,"District Collector (Soreng, Sikkim)",DISTRICT_OFFICER,Sikkim,Soreng,Active,2024-01-10 10:00:00
USR-00633,do_0549_gyalshing,$2b$12$TQaqjTTr.x6ryse5KevtxOa91V5Q9tRHzjv83ntUJFSYXUg7D5Q7S,"District Collector (Gyalshing, Sikkim)",DISTRICT_OFFICER,Sikkim,Gyalshing,Active,2024-01-10 10:00:00
USR-00634,do_0550_ariyalur,$2b$12$TQaqjTTr.x6ryse5KevtxOa91V5Q9tRHzjv83ntUJFSYXUg7D5Q7S,"District Collector (Ariyalur, Tamil Nadu)",DISTRICT_OFFICER,Tamil Nadu,Ariyalur,Active,2024-01-10 10:00:00
USR-00635,do_0551_chengalpattu,$2b$12$TQaqjTTr.x6ryse5KevtxOa91V5Q9tRHzjv83ntUJFSYXUg7D5Q7S,"District Collector (Chengalpattu, Tamil Nadu)",DISTRICT_OFFICER,Tamil Nadu,Chengalpattu,Active,2024-01-10 10:00:00
USR-00636,do_0552_chennai,$2b$12$TQaqjTTr.x6ryse5KevtxOa91V5Q9tRHzjv83ntUJFSYXUg7D5Q7S,"District Collector (Chennai, Tamil Nadu)",DISTRICT_OFFICER,Tamil Nadu,Chennai,Active,2024-01-10 10:00:00
USR-00637,do_0553_coimbatore,$2b$12$TQaqjTTr.x6ryse5KevtxOa91V5Q9tRHzjv83ntUJFSYXUg7D5Q7S,"District Collector (Coimbatore, Tamil Nadu)",DISTRICT_OFFICER,Tamil Nadu,Coimbatore,Active,2024-01-10 10:00:00
USR-00638,do_0554_cuddalore,$2b$12$TQaqjTTr.x6ryse5KevtxOa91V5Q9tRHzjv83ntUJFSYXUg7D5Q7S,"District Collector (Cuddalore, Tamil Nadu)",DISTRICT_OFFICER,Tamil Nadu,Cuddalore,Active,2024-01-10 10:00:00
USR-00639,do_0555_dharmapuri,$2b$12$TQaqjTTr.x6ryse5KevtxOa91V5Q9tRHzjv83ntUJFSYXUg7D5Q7S,"District Collector (Dharmapuri, Tamil Nadu)",DISTRICT_OFFICER,Tamil Nadu,Dharmapuri,Active,2024-01-10 10:00:00
USR-00640,do_0556_dindigul,$2b$12$TQaqjTTr.x6ryse5KevtxOa91V5Q9tRHzjv83ntUJFSYXUg7D5Q7S,"District Collector (Dindigul, Tamil Nadu)",DISTRICT_OFFICER,Tamil Nadu,Dindigul,Active,2024-01-10 10:00:00
USR-00641,do_0557_erode,$2b$12$TQaqjTTr.x6ryse5KevtxOa91V5Q9tRHzjv83ntUJFSYXUg7D5Q7S,"District Collector (Erode, Tamil Nadu)",DISTRICT_OFFICER,Tamil Nadu,Erode,Active,2024-01-10 10:00:00
USR-00642,do_0558_kallakurichi,$2b$12$TQaqjTTr.x6ryse5KevtxOa91V5Q9tRHzjv83ntUJFSYXUg7D5Q7S,"District Collector (Kallakurichi, Tamil Nadu)",DISTRICT_OFFICER,Tamil Nadu,Kallakurichi,Active,2024-01-10 10:00:00
USR-00643,do_0559_kanchipuram,$2b$12$TQaqjTTr.x6ryse5KevtxOa91V5Q9tRHzjv83ntUJFSYXUg7D5Q7S,"District Collector (Kanchipuram, Tamil Nadu)",DISTRICT_OFFICER,Tamil Nadu,Kanchipuram,Active,2024-01-10 10:00:00
USR-00644,do_0560_kanyakumari,$2b$12$TQaqjTTr.x6ryse5KevtxOa91V5Q9tRHzjv83ntUJFSYXUg7D5Q7S,"District Collector (Kanyakumari, Tamil Nadu)",DISTRICT_OFFICER,Tamil Nadu,Kanyakumari,Active,2024-01-10 10:00:00
USR-00645,do_0561_karur,$2b$12$TQaqjTTr.x6ryse5KevtxOa91V5Q9tRHzjv83ntUJFSYXUg7D5Q7S,"District Collector (Karur, Tamil Nadu)",DISTRICT_OFFICER,Tamil Nadu,Karur,Active,2024-01-10 10:00:00
USR-00646,do_0562_krishnagiri,$2b$12$TQaqjTTr.x6ryse5KevtxOa91V5Q9tRHzjv83ntUJFSYXUg7D5Q7S,"District Collector (Krishnagiri, Tamil Nadu)",DISTRICT_OFFICER,Tamil Nadu,Krishnagiri,Active,2024-01-10 10:00:00
USR-00647,do_0563_madurai,$2b$12$TQaqjTTr.x6ryse5KevtxOa91V5Q9tRHzjv83ntUJFSYXUg7D5Q7S,"District Collector (Madurai, Tamil Nadu)",DISTRICT_OFFICER,Tamil Nadu,Madurai,Active,2024-01-10 10:00:00
USR-00648,do_0564_mayiladuthur,$2b$12$TQaqjTTr.x6ryse5KevtxOa91V5Q9tRHzjv83ntUJFSYXUg7D5Q7S,"District Collector (Mayiladuthurai, Tamil Nadu)",DISTRICT_OFFICER,Tamil Nadu,Mayiladuthurai,Active,2024-01-10 10:00:00
USR-00649,do_0565_nagapattinam,$2b$12$TQaqjTTr.x6ryse5KevtxOa91V5Q9tRHzjv83ntUJFSYXUg7D5Q7S,"District Collector (Nagapattinam, Tamil Nadu)",DISTRICT_OFFICER,Tamil Nadu,Nagapattinam,Active,2024-01-10 10:00:00
USR-00650,do_0566_namakkal,$2b$12$TQaqjTTr.x6ryse5KevtxOa91V5Q9tRHzjv83ntUJFSYXUg7D5Q7S,"District Collector (Namakkal, Tamil Nadu)",DISTRICT_OFFICER,Tamil Nadu,Namakkal,Active,2024-01-10 10:00:00
USR-00651,do_0567_nilgiris,$2b$12$TQaqjTTr.x6ryse5KevtxOa91V5Q9tRHzjv83ntUJFSYXUg7D5Q7S,"District Collector (Nilgiris, Tamil Nadu)",DISTRICT_OFFICER,Tamil Nadu,Nilgiris,Active,2024-01-10 10:00:00
USR-00652,do_0568_perambalur,$2b$12$TQaqjTTr.x6ryse5KevtxOa91V5Q9tRHzjv83ntUJFSYXUg7D5Q7S,"District Collector (Perambalur, Tamil Nadu)",DISTRICT_OFFICER,Tamil Nadu,Perambalur,Active,2024-01-10 10:00:00
USR-00653,do_0569_pudukkottai,$2b$12$TQaqjTTr.x6ryse5KevtxOa91V5Q9tRHzjv83ntUJFSYXUg7D5Q7S,"District Collector (Pudukkottai, Tamil Nadu)",DISTRICT_OFFICER,Tamil Nadu,Pudukkottai,Active,2024-01-10 10:00:00
USR-00654,do_0570_ramanathapur,$2b$12$TQaqjTTr.x6ryse5KevtxOa91V5Q9tRHzjv83ntUJFSYXUg7D5Q7S,"District Collector (Ramanathapuram, Tamil Nadu)",DISTRICT_OFFICER,Tamil Nadu,Ramanathapuram,Active,2024-01-10 10:00:00
USR-00655,do_0571_ranipet,$2b$12$TQaqjTTr.x6ryse5KevtxOa91V5Q9tRHzjv83ntUJFSYXUg7D5Q7S,"District Collector (Ranipet, Tamil Nadu)",DISTRICT_OFFICER,Tamil Nadu,Ranipet,Active,2024-01-10 10:00:00
USR-00656,do_0572_salem,$2b$12$TQaqjTTr.x6ryse5KevtxOa91V5Q9tRHzjv83ntUJFSYXUg7D5Q7S,"District Collector (Salem, Tamil Nadu)",DISTRICT_OFFICER,Tamil Nadu,Salem,Active,2024-01-10 10:00:00
USR-00657,do_0573_sivaganga,$2b$12$TQaqjTTr.x6ryse5KevtxOa91V5Q9tRHzjv83ntUJFSYXUg7D5Q7S,"District Collector (Sivaganga, Tamil Nadu)",DISTRICT_OFFICER,Tamil Nadu,Sivaganga,Active,2024-01-10 10:00:00
USR-00658,do_0574_tenkasi,$2b$12$TQaqjTTr.x6ryse5KevtxOa91V5Q9tRHzjv83ntUJFSYXUg7D5Q7S,"District Collector (Tenkasi, Tamil Nadu)",DISTRICT_OFFICER,Tamil Nadu,Tenkasi,Active,2024-01-10 10:00:00
USR-00659,do_0575_thanjavur,$2b$12$TQaqjTTr.x6ryse5KevtxOa91V5Q9tRHzjv83ntUJFSYXUg7D5Q7S,"District Collector (Thanjavur, Tamil Nadu)",DISTRICT_OFFICER,Tamil Nadu,Thanjavur,Active,2024-01-10 10:00:00
USR-00660,do_0576_theni,$2b$12$TQaqjTTr.x6ryse5KevtxOa91V5Q9tRHzjv83ntUJFSYXUg7D5Q7S,"District Collector (Theni, Tamil Nadu)",DISTRICT_OFFICER,Tamil Nadu,Theni,Active,2024-01-10 10:00:00
USR-00661,do_0577_thoothukudi,$2b$12$TQaqjTTr.x6ryse5KevtxOa91V5Q9tRHzjv83ntUJFSYXUg7D5Q7S,"District Collector (Thoothukudi, Tamil Nadu)",DISTRICT_OFFICER,Tamil Nadu,Thoothukudi,Active,2024-01-10 10:00:00
USR-00662,do_0578_tiruchirappa,$2b$12$TQaqjTTr.x6ryse5KevtxOa91V5Q9tRHzjv83ntUJFSYXUg7D5Q7S,"District Collector (Tiruchirappalli, Tamil Nadu)",DISTRICT_OFFICER,Tamil Nadu,Tiruchirappalli,Active,2024-01-10 10:00:00
USR-00663,do_0579_tirunelveli,$2b$12$TQaqjTTr.x6ryse5KevtxOa91V5Q9tRHzjv83ntUJFSYXUg7D5Q7S,"District Collector (Tirunelveli, Tamil Nadu)",DISTRICT_OFFICER,Tamil Nadu,Tirunelveli,Active,2024-01-10 10:00:00
USR-00664,do_0580_tirupathur,$2b$12$TQaqjTTr.x6ryse5KevtxOa91V5Q9tRHzjv83ntUJFSYXUg7D5Q7S,"District Collector (Tirupathur, Tamil Nadu)",DISTRICT_OFFICER,Tamil Nadu,Tirupathur,Active,2024-01-10 10:00:00
USR-00665,do_0581_tiruppur,$2b$12$TQaqjTTr.x6ryse5KevtxOa91V5Q9tRHzjv83ntUJFSYXUg7D5Q7S,"District Collector (Tiruppur, Tamil Nadu)",DISTRICT_OFFICER,Tamil Nadu,Tiruppur,Active,2024-01-10 10:00:00
USR-00666,do_0582_tiruvallur,$2b$12$TQaqjTTr.x6ryse5KevtxOa91V5Q9tRHzjv83ntUJFSYXUg7D5Q7S,"District Collector (Tiruvallur, Tamil Nadu)",DISTRICT_OFFICER,Tamil Nadu,Tiruvallur,Active,2024-01-10 10:00:00
USR-00667,do_0583_tiruvannamal,$2b$12$TQaqjTTr.x6ryse5KevtxOa91V5Q9tRHzjv83ntUJFSYXUg7D5Q7S,"District Collector (Tiruvannamalai, Tamil Nadu)",DISTRICT_OFFICER,Tamil Nadu,Tiruvannamalai,Active,2024-01-10 10:00:00
USR-00668,do_0584_tiruvarur,$2b$12$TQaqjTTr.x6ryse5KevtxOa91V5Q9tRHzjv83ntUJFSYXUg7D5Q7S,"District Collector (Tiruvarur, Tamil Nadu)",DISTRICT_OFFICER,Tamil Nadu,Tiruvarur,Active,2024-01-10 10:00:00
USR-00669,do_0585_vellore,$2b$12$TQaqjTTr.x6ryse5KevtxOa91V5Q9tRHzjv83ntUJFSYXUg7D5Q7S,"District Collector (Vellore, Tamil Nadu)",DISTRICT_OFFICER,Tamil Nadu,Vellore,Active,2024-01-10 10:00:00
USR-00670,do_0586_viluppuram,$2b$12$TQaqjTTr.x6ryse5KevtxOa91V5Q9tRHzjv83ntUJFSYXUg7D5Q7S,"District Collector (Viluppuram, Tamil Nadu)",DISTRICT_OFFICER,Tamil Nadu,Viluppuram,Active,2024-01-10 10:00:00
USR-00671,do_0587_virudhunagar,$2b$12$TQaqjTTr.x6ryse5KevtxOa91V5Q9tRHzjv83ntUJFSYXUg7D5Q7S,"District Collector (Virudhunagar, Tamil Nadu)",DISTRICT_OFFICER,Tamil Nadu,Virudhunagar,Active,2024-01-10 10:00:00
USR-00672,do_0588_adilabad,$2b$12$TQaqjTTr.x6ryse5KevtxOa91V5Q9tRHzjv83ntUJFSYXUg7D5Q7S,"District Collector (Adilabad, Telangana)",DISTRICT_OFFICER,Telangana,Adilabad,Active,2024-01-10 10:00:00
USR-00673,do_0589_bhadradrikot,$2b$12$TQaqjTTr.x6ryse5KevtxOa91V5Q9tRHzjv83ntUJFSYXUg7D5Q7S,"District Collector (Bhadradri Kothagudem, Telangana)",DISTRICT_OFFICER,Telangana,Bhadradri Kothagudem,Active,2024-01-10 10:00:00
USR-00674,do_0590_hanamkonda,$2b$12$TQaqjTTr.x6ryse5KevtxOa91V5Q9tRHzjv83ntUJFSYXUg7D5Q7S,"District Collector (Hanamkonda, Telangana)",DISTRICT_OFFICER,Telangana,Hanamkonda,Active,2024-01-10 10:00:00
USR-00675,do_0591_hyderabad,$2b$12$TQaqjTTr.x6ryse5KevtxOa91V5Q9tRHzjv83ntUJFSYXUg7D5Q7S,"District Collector (Hyderabad, Telangana)",DISTRICT_OFFICER,Telangana,Hyderabad,Active,2024-01-10 10:00:00
USR-00676,do_0592_jagtial,$2b$12$TQaqjTTr.x6ryse5KevtxOa91V5Q9tRHzjv83ntUJFSYXUg7D5Q7S,"District Collector (Jagtial, Telangana)",DISTRICT_OFFICER,Telangana,Jagtial,Active,2024-01-10 10:00:00
USR-00677,do_0593_jangaon,$2b$12$TQaqjTTr.x6ryse5KevtxOa91V5Q9tRHzjv83ntUJFSYXUg7D5Q7S,"District Collector (Jangaon, Telangana)",DISTRICT_OFFICER,Telangana,Jangaon,Active,2024-01-10 10:00:00
USR-00678,do_0594_jayashankarb,$2b$12$TQaqjTTr.x6ryse5KevtxOa91V5Q9tRHzjv83ntUJFSYXUg7D5Q7S,"District Collector (Jayashankar Bhupalpally, Telangana)",DISTRICT_OFFICER,Telangana,Jayashankar Bhupalpally,Active,2024-01-10 10:00:00
USR-00679,do_0595_jogulambagad,$2b$12$TQaqjTTr.x6ryse5KevtxOa91V5Q9tRHzjv83ntUJFSYXUg7D5Q7S,"District Collector (Jogulamba Gadwal, Telangana)",DISTRICT_OFFICER,Telangana,Jogulamba Gadwal,Active,2024-01-10 10:00:00
USR-00680,do_0596_kamareddy,$2b$12$TQaqjTTr.x6ryse5KevtxOa91V5Q9tRHzjv83ntUJFSYXUg7D5Q7S,"District Collector (Kamareddy, Telangana)",DISTRICT_OFFICER,Telangana,Kamareddy,Active,2024-01-10 10:00:00
USR-00681,do_0597_karimnagar,$2b$12$TQaqjTTr.x6ryse5KevtxOa91V5Q9tRHzjv83ntUJFSYXUg7D5Q7S,"District Collector (Karimnagar, Telangana)",DISTRICT_OFFICER,Telangana,Karimnagar,Active,2024-01-10 10:00:00
USR-00682,do_0598_khammam,$2b$12$TQaqjTTr.x6ryse5KevtxOa91V5Q9tRHzjv83ntUJFSYXUg7D5Q7S,"District Collector (Khammam, Telangana)",DISTRICT_OFFICER,Telangana,Khammam,Active,2024-01-10 10:00:00
USR-00683,do_0599_kumurambheem,$2b$12$TQaqjTTr.x6ryse5KevtxOa91V5Q9tRHzjv83ntUJFSYXUg7D5Q7S,"District Collector (Kumuram Bheem, Telangana)",DISTRICT_OFFICER,Telangana,Kumuram Bheem,Active,2024-01-10 10:00:00
USR-00684,do_0600_mahabubabad,$2b$12$TQaqjTTr.x6ryse5KevtxOa91V5Q9tRHzjv83ntUJFSYXUg7D5Q7S,"District Collector (Mahabubabad, Telangana)",DISTRICT_OFFICER,Telangana,Mahabubabad,Active,2024-01-10 10:00:00
USR-00685,do_0601_mahabubnagar,$2b$12$TQaqjTTr.x6ryse5KevtxOa91V5Q9tRHzjv83ntUJFSYXUg7D5Q7S,"District Collector (Mahabubnagar, Telangana)",DISTRICT_OFFICER,Telangana,Mahabubnagar,Active,2024-01-10 10:00:00
USR-00686,do_0602_mancherial,$2b$12$TQaqjTTr.x6ryse5KevtxOa91V5Q9tRHzjv83ntUJFSYXUg7D5Q7S,"District Collector (Mancherial, Telangana)",DISTRICT_OFFICER,Telangana,Mancherial,Active,2024-01-10 10:00:00
USR-00687,do_0603_medak,$2b$12$TQaqjTTr.x6ryse5KevtxOa91V5Q9tRHzjv83ntUJFSYXUg7D5Q7S,"District Collector (Medak, Telangana)",DISTRICT_OFFICER,Telangana,Medak,Active,2024-01-10 10:00:00
USR-00688,do_0604_medchalmalka,$2b$12$TQaqjTTr.x6ryse5KevtxOa91V5Q9tRHzjv83ntUJFSYXUg7D5Q7S,"District Collector (Medchal-Malkajgiri, Telangana)",DISTRICT_OFFICER,Telangana,Medchal-Malkajgiri,Active,2024-01-10 10:00:00
USR-00689,do_0605_mulugu,$2b$12$TQaqjTTr.x6ryse5KevtxOa91V5Q9tRHzjv83ntUJFSYXUg7D5Q7S,"District Collector (Mulugu, Telangana)",DISTRICT_OFFICER,Telangana,Mulugu,Active,2024-01-10 10:00:00
USR-00690,do_0606_nagarkurnool,$2b$12$TQaqjTTr.x6ryse5KevtxOa91V5Q9tRHzjv83ntUJFSYXUg7D5Q7S,"District Collector (Nagarkurnool, Telangana)",DISTRICT_OFFICER,Telangana,Nagarkurnool,Active,2024-01-10 10:00:00
USR-00691,do_0607_nalgonda,$2b$12$TQaqjTTr.x6ryse5KevtxOa91V5Q9tRHzjv83ntUJFSYXUg7D5Q7S,"District Collector (Nalgonda, Telangana)",DISTRICT_OFFICER,Telangana,Nalgonda,Active,2024-01-10 10:00:00
USR-00692,do_0608_narayanpet,$2b$12$TQaqjTTr.x6ryse5KevtxOa91V5Q9tRHzjv83ntUJFSYXUg7D5Q7S,"District Collector (Narayanpet, Telangana)",DISTRICT_OFFICER,Telangana,Narayanpet,Active,2024-01-10 10:00:00
USR-00693,do_0609_nirmal,$2b$12$TQaqjTTr.x6ryse5KevtxOa91V5Q9tRHzjv83ntUJFSYXUg7D5Q7S,"District Collector (Nirmal, Telangana)",DISTRICT_OFFICER,Telangana,Nirmal,Active,2024-01-10 10:00:00
USR-00694,do_0610_nizamabad,$2b$12$TQaqjTTr.x6ryse5KevtxOa91V5Q9tRHzjv83ntUJFSYXUg7D5Q7S,"District Collector (Nizamabad, Telangana)",DISTRICT_OFFICER,Telangana,Nizamabad,Active,2024-01-10 10:00:00
USR-00695,do_0611_peddapalli,$2b$12$TQaqjTTr.x6ryse5KevtxOa91V5Q9tRHzjv83ntUJFSYXUg7D5Q7S,"District Collector (Peddapalli, Telangana)",DISTRICT_OFFICER,Telangana,Peddapalli,Active,2024-01-10 10:00:00
USR-00696,do_0612_rajannasirci,$2b$12$TQaqjTTr.x6ryse5KevtxOa91V5Q9tRHzjv83ntUJFSYXUg7D5Q7S,"District Collector (Rajanna Sircilla, Telangana)",DISTRICT_OFFICER,Telangana,Rajanna Sircilla,Active,2024-01-10 10:00:00
USR-00697,do_0613_rangareddy,$2b$12$TQaqjTTr.x6ryse5KevtxOa91V5Q9tRHzjv83ntUJFSYXUg7D5Q7S,"District Collector (Rangareddy, Telangana)",DISTRICT_OFFICER,Telangana,Rangareddy,Active,2024-01-10 10:00:00
USR-00698,do_0614_sangareddy,$2b$12$TQaqjTTr.x6ryse5KevtxOa91V5Q9tRHzjv83ntUJFSYXUg7D5Q7S,"District Collector (Sangareddy, Telangana)",DISTRICT_OFFICER,Telangana,Sangareddy,Active,2024-01-10 10:00:00
USR-00699,do_0615_siddipet,$2b$12$TQaqjTTr.x6ryse5KevtxOa91V5Q9tRHzjv83ntUJFSYXUg7D5Q7S,"District Collector (Siddipet, Telangana)",DISTRICT_OFFICER,Telangana,Siddipet,Active,2024-01-10 10:00:00
USR-00700,do_0616_suryapet,$2b$12$TQaqjTTr.x6ryse5KevtxOa91V5Q9tRHzjv83ntUJFSYXUg7D5Q7S,"District Collector (Suryapet, Telangana)",DISTRICT_OFFICER,Telangana,Suryapet,Active,2024-01-10 10:00:00
USR-00701,do_0617_vikarabad,$2b$12$TQaqjTTr.x6ryse5KevtxOa91V5Q9tRHzjv83ntUJFSYXUg7D5Q7S,"District Collector (Vikarabad, Telangana)",DISTRICT_OFFICER,Telangana,Vikarabad,Active,2024-01-10 10:00:00
USR-00702,do_0618_wanaparthy,$2b$12$TQaqjTTr.x6ryse5KevtxOa91V5Q9tRHzjv83ntUJFSYXUg7D5Q7S,"District Collector (Wanaparthy, Telangana)",DISTRICT_OFFICER,Telangana,Wanaparthy,Active,2024-01-10 10:00:00
USR-00703,do_0619_warangal,$2b$12$TQaqjTTr.x6ryse5KevtxOa91V5Q9tRHzjv83ntUJFSYXUg7D5Q7S,"District Collector (Warangal, Telangana)",DISTRICT_OFFICER,Telangana,Warangal,Active,2024-01-10 10:00:00
USR-00704,do_0620_yadadribhuva,$2b$12$TQaqjTTr.x6ryse5KevtxOa91V5Q9tRHzjv83ntUJFSYXUg7D5Q7S,"District Collector (Yadadri Bhuvanagiri, Telangana)",DISTRICT_OFFICER,Telangana,Yadadri Bhuvanagiri,Active,2024-01-10 10:00:00
USR-00705,do_0621_dhalai,$2b$12$TQaqjTTr.x6ryse5KevtxOa91V5Q9tRHzjv83ntUJFSYXUg7D5Q7S,"District Collector (Dhalai, Tripura)",DISTRICT_OFFICER,Tripura,Dhalai,Active,2024-01-10 10:00:00
USR-00706,do_0622_gomati,$2b$12$TQaqjTTr.x6ryse5KevtxOa91V5Q9tRHzjv83ntUJFSYXUg7D5Q7S,"District Collector (Gomati, Tripura)",DISTRICT_OFFICER,Tripura,Gomati,Active,2024-01-10 10:00:00
USR-00707,do_0623_khowai,$2b$12$TQaqjTTr.x6ryse5KevtxOa91V5Q9tRHzjv83ntUJFSYXUg7D5Q7S,"District Collector (Khowai, Tripura)",DISTRICT_OFFICER,Tripura,Khowai,Active,2024-01-10 10:00:00
USR-00708,do_0624_northtripura,$2b$12$TQaqjTTr.x6ryse5KevtxOa91V5Q9tRHzjv83ntUJFSYXUg7D5Q7S,"District Collector (North Tripura, Tripura)",DISTRICT_OFFICER,Tripura,North Tripura,Active,2024-01-10 10:00:00
USR-00709,do_0625_sepahijala,$2b$12$TQaqjTTr.x6ryse5KevtxOa91V5Q9tRHzjv83ntUJFSYXUg7D5Q7S,"District Collector (Sepahijala, Tripura)",DISTRICT_OFFICER,Tripura,Sepahijala,Active,2024-01-10 10:00:00
USR-00710,do_0626_southtripura,$2b$12$TQaqjTTr.x6ryse5KevtxOa91V5Q9tRHzjv83ntUJFSYXUg7D5Q7S,"District Collector (South Tripura, Tripura)",DISTRICT_OFFICER,Tripura,South Tripura,Active,2024-01-10 10:00:00
USR-00711,do_0627_unakoti,$2b$12$TQaqjTTr.x6ryse5KevtxOa91V5Q9tRHzjv83ntUJFSYXUg7D5Q7S,"District Collector (Unakoti, Tripura)",DISTRICT_OFFICER,Tripura,Unakoti,Active,2024-01-10 10:00:00
USR-00712,do_0628_westtripura,$2b$12$TQaqjTTr.x6ryse5KevtxOa91V5Q9tRHzjv83ntUJFSYXUg7D5Q7S,"District Collector (West Tripura, Tripura)",DISTRICT_OFFICER,Tripura,West Tripura,Active,2024-01-10 10:00:00
USR-00713,do_0629_agra,$2b$12$TQaqjTTr.x6ryse5KevtxOa91V5Q9tRHzjv83ntUJFSYXUg7D5Q7S,"District Collector (Agra, Uttar Pradesh)",DISTRICT_OFFICER,Uttar Pradesh,Agra,Active,2024-01-10 10:00:00
USR-00714,do_0630_aligarh,$2b$12$TQaqjTTr.x6ryse5KevtxOa91V5Q9tRHzjv83ntUJFSYXUg7D5Q7S,"District Collector (Aligarh, Uttar Pradesh)",DISTRICT_OFFICER,Uttar Pradesh,Aligarh,Active,2024-01-10 10:00:00
USR-00715,do_0631_ambedkarnaga,$2b$12$TQaqjTTr.x6ryse5KevtxOa91V5Q9tRHzjv83ntUJFSYXUg7D5Q7S,"District Collector (Ambedkar Nagar, Uttar Pradesh)",DISTRICT_OFFICER,Uttar Pradesh,Ambedkar Nagar,Active,2024-01-10 10:00:00
USR-00716,do_0632_amethi,$2b$12$TQaqjTTr.x6ryse5KevtxOa91V5Q9tRHzjv83ntUJFSYXUg7D5Q7S,"District Collector (Amethi, Uttar Pradesh)",DISTRICT_OFFICER,Uttar Pradesh,Amethi,Active,2024-01-10 10:00:00
USR-00717,do_0633_amroha,$2b$12$TQaqjTTr.x6ryse5KevtxOa91V5Q9tRHzjv83ntUJFSYXUg7D5Q7S,"District Collector (Amroha, Uttar Pradesh)",DISTRICT_OFFICER,Uttar Pradesh,Amroha,Active,2024-01-10 10:00:00
USR-00718,do_0634_auraiya,$2b$12$TQaqjTTr.x6ryse5KevtxOa91V5Q9tRHzjv83ntUJFSYXUg7D5Q7S,"District Collector (Auraiya, Uttar Pradesh)",DISTRICT_OFFICER,Uttar Pradesh,Auraiya,Active,2024-01-10 10:00:00
USR-00719,do_0635_ayodhya,$2b$12$TQaqjTTr.x6ryse5KevtxOa91V5Q9tRHzjv83ntUJFSYXUg7D5Q7S,"District Collector (Ayodhya, Uttar Pradesh)",DISTRICT_OFFICER,Uttar Pradesh,Ayodhya,Active,2024-01-10 10:00:00
USR-00720,do_0636_azamgarh,$2b$12$TQaqjTTr.x6ryse5KevtxOa91V5Q9tRHzjv83ntUJFSYXUg7D5Q7S,"District Collector (Azamgarh, Uttar Pradesh)",DISTRICT_OFFICER,Uttar Pradesh,Azamgarh,Active,2024-01-10 10:00:00
USR-00721,do_0637_baghpat,$2b$12$TQaqjTTr.x6ryse5KevtxOa91V5Q9tRHzjv83ntUJFSYXUg7D5Q7S,"District Collector (Baghpat, Uttar Pradesh)",DISTRICT_OFFICER,Uttar Pradesh,Baghpat,Active,2024-01-10 10:00:00
USR-00722,do_0638_bahraich,$2b$12$TQaqjTTr.x6ryse5KevtxOa91V5Q9tRHzjv83ntUJFSYXUg7D5Q7S,"District Collector (Bahraich, Uttar Pradesh)",DISTRICT_OFFICER,Uttar Pradesh,Bahraich,Active,2024-01-10 10:00:00
USR-00723,do_0639_ballia,$2b$12$TQaqjTTr.x6ryse5KevtxOa91V5Q9tRHzjv83ntUJFSYXUg7D5Q7S,"District Collector (Ballia, Uttar Pradesh)",DISTRICT_OFFICER,Uttar Pradesh,Ballia,Active,2024-01-10 10:00:00
USR-00724,do_0640_balrampur,$2b$12$TQaqjTTr.x6ryse5KevtxOa91V5Q9tRHzjv83ntUJFSYXUg7D5Q7S,"District Collector (Balrampur, Uttar Pradesh)",DISTRICT_OFFICER,Uttar Pradesh,Balrampur,Active,2024-01-10 10:00:00
USR-00725,do_0641_banda,$2b$12$TQaqjTTr.x6ryse5KevtxOa91V5Q9tRHzjv83ntUJFSYXUg7D5Q7S,"District Collector (Banda, Uttar Pradesh)",DISTRICT_OFFICER,Uttar Pradesh,Banda,Active,2024-01-10 10:00:00
USR-00726,do_0642_barabanki,$2b$12$TQaqjTTr.x6ryse5KevtxOa91V5Q9tRHzjv83ntUJFSYXUg7D5Q7S,"District Collector (Barabanki, Uttar Pradesh)",DISTRICT_OFFICER,Uttar Pradesh,Barabanki,Active,2024-01-10 10:00:00
USR-00727,do_0643_bareilly,$2b$12$TQaqjTTr.x6ryse5KevtxOa91V5Q9tRHzjv83ntUJFSYXUg7D5Q7S,"District Collector (Bareilly, Uttar Pradesh)",DISTRICT_OFFICER,Uttar Pradesh,Bareilly,Active,2024-01-10 10:00:00
USR-00728,do_0644_basti,$2b$12$TQaqjTTr.x6ryse5KevtxOa91V5Q9tRHzjv83ntUJFSYXUg7D5Q7S,"District Collector (Basti, Uttar Pradesh)",DISTRICT_OFFICER,Uttar Pradesh,Basti,Active,2024-01-10 10:00:00
USR-00729,do_0645_bhadohi,$2b$12$TQaqjTTr.x6ryse5KevtxOa91V5Q9tRHzjv83ntUJFSYXUg7D5Q7S,"District Collector (Bhadohi, Uttar Pradesh)",DISTRICT_OFFICER,Uttar Pradesh,Bhadohi,Active,2024-01-10 10:00:00
USR-00730,do_0646_bijnor,$2b$12$TQaqjTTr.x6ryse5KevtxOa91V5Q9tRHzjv83ntUJFSYXUg7D5Q7S,"District Collector (Bijnor, Uttar Pradesh)",DISTRICT_OFFICER,Uttar Pradesh,Bijnor,Active,2024-01-10 10:00:00
USR-00731,do_0647_budaun,$2b$12$TQaqjTTr.x6ryse5KevtxOa91V5Q9tRHzjv83ntUJFSYXUg7D5Q7S,"District Collector (Budaun, Uttar Pradesh)",DISTRICT_OFFICER,Uttar Pradesh,Budaun,Active,2024-01-10 10:00:00
USR-00732,do_0648_bulandshahr,$2b$12$TQaqjTTr.x6ryse5KevtxOa91V5Q9tRHzjv83ntUJFSYXUg7D5Q7S,"District Collector (Bulandshahr, Uttar Pradesh)",DISTRICT_OFFICER,Uttar Pradesh,Bulandshahr,Active,2024-01-10 10:00:00
USR-00733,do_0649_chandauli,$2b$12$TQaqjTTr.x6ryse5KevtxOa91V5Q9tRHzjv83ntUJFSYXUg7D5Q7S,"District Collector (Chandauli, Uttar Pradesh)",DISTRICT_OFFICER,Uttar Pradesh,Chandauli,Active,2024-01-10 10:00:00
USR-00734,do_0650_chitrakoot,$2b$12$TQaqjTTr.x6ryse5KevtxOa91V5Q9tRHzjv83ntUJFSYXUg7D5Q7S,"District Collector (Chitrakoot, Uttar Pradesh)",DISTRICT_OFFICER,Uttar Pradesh,Chitrakoot,Active,2024-01-10 10:00:00
USR-00735,do_0651_deoria,$2b$12$TQaqjTTr.x6ryse5KevtxOa91V5Q9tRHzjv83ntUJFSYXUg7D5Q7S,"District Collector (Deoria, Uttar Pradesh)",DISTRICT_OFFICER,Uttar Pradesh,Deoria,Active,2024-01-10 10:00:00
USR-00736,do_0652_etah,$2b$12$TQaqjTTr.x6ryse5KevtxOa91V5Q9tRHzjv83ntUJFSYXUg7D5Q7S,"District Collector (Etah, Uttar Pradesh)",DISTRICT_OFFICER,Uttar Pradesh,Etah,Active,2024-01-10 10:00:00
USR-00737,do_0653_etawah,$2b$12$TQaqjTTr.x6ryse5KevtxOa91V5Q9tRHzjv83ntUJFSYXUg7D5Q7S,"District Collector (Etawah, Uttar Pradesh)",DISTRICT_OFFICER,Uttar Pradesh,Etawah,Active,2024-01-10 10:00:00
USR-00738,do_0654_farrukhabad,$2b$12$TQaqjTTr.x6ryse5KevtxOa91V5Q9tRHzjv83ntUJFSYXUg7D5Q7S,"District Collector (Farrukhabad, Uttar Pradesh)",DISTRICT_OFFICER,Uttar Pradesh,Farrukhabad,Active,2024-01-10 10:00:00
USR-00739,do_0655_fatehpur,$2b$12$TQaqjTTr.x6ryse5KevtxOa91V5Q9tRHzjv83ntUJFSYXUg7D5Q7S,"District Collector (Fatehpur, Uttar Pradesh)",DISTRICT_OFFICER,Uttar Pradesh,Fatehpur,Active,2024-01-10 10:00:00
USR-00740,do_0656_firozabad,$2b$12$TQaqjTTr.x6ryse5KevtxOa91V5Q9tRHzjv83ntUJFSYXUg7D5Q7S,"District Collector (Firozabad, Uttar Pradesh)",DISTRICT_OFFICER,Uttar Pradesh,Firozabad,Active,2024-01-10 10:00:00
USR-00741,do_0657_gautambuddha,$2b$12$TQaqjTTr.x6ryse5KevtxOa91V5Q9tRHzjv83ntUJFSYXUg7D5Q7S,"District Collector (Gautam Buddha Nagar, Uttar Pradesh)",DISTRICT_OFFICER,Uttar Pradesh,Gautam Buddha Nagar,Active,2024-01-10 10:00:00
USR-00742,do_0658_ghaziabad,$2b$12$TQaqjTTr.x6ryse5KevtxOa91V5Q9tRHzjv83ntUJFSYXUg7D5Q7S,"District Collector (Ghaziabad, Uttar Pradesh)",DISTRICT_OFFICER,Uttar Pradesh,Ghaziabad,Active,2024-01-10 10:00:00
USR-00743,do_0659_ghazipur,$2b$12$TQaqjTTr.x6ryse5KevtxOa91V5Q9tRHzjv83ntUJFSYXUg7D5Q7S,"District Collector (Ghazipur, Uttar Pradesh)",DISTRICT_OFFICER,Uttar Pradesh,Ghazipur,Active,2024-01-10 10:00:00
USR-00744,do_0660_gonda,$2b$12$TQaqjTTr.x6ryse5KevtxOa91V5Q9tRHzjv83ntUJFSYXUg7D5Q7S,"District Collector (Gonda, Uttar Pradesh)",DISTRICT_OFFICER,Uttar Pradesh,Gonda,Active,2024-01-10 10:00:00
USR-00745,do_0661_gorakhpur,$2b$12$TQaqjTTr.x6ryse5KevtxOa91V5Q9tRHzjv83ntUJFSYXUg7D5Q7S,"District Collector (Gorakhpur, Uttar Pradesh)",DISTRICT_OFFICER,Uttar Pradesh,Gorakhpur,Active,2024-01-10 10:00:00
USR-00746,do_0662_hamirpur,$2b$12$TQaqjTTr.x6ryse5KevtxOa91V5Q9tRHzjv83ntUJFSYXUg7D5Q7S,"District Collector (Hamirpur, Uttar Pradesh)",DISTRICT_OFFICER,Uttar Pradesh,Hamirpur,Active,2024-01-10 10:00:00
USR-00747,do_0663_hapur,$2b$12$TQaqjTTr.x6ryse5KevtxOa91V5Q9tRHzjv83ntUJFSYXUg7D5Q7S,"District Collector (Hapur, Uttar Pradesh)",DISTRICT_OFFICER,Uttar Pradesh,Hapur,Active,2024-01-10 10:00:00
USR-00748,do_0664_hardoi,$2b$12$TQaqjTTr.x6ryse5KevtxOa91V5Q9tRHzjv83ntUJFSYXUg7D5Q7S,"District Collector (Hardoi, Uttar Pradesh)",DISTRICT_OFFICER,Uttar Pradesh,Hardoi,Active,2024-01-10 10:00:00
USR-00749,do_0665_hathras,$2b$12$TQaqjTTr.x6ryse5KevtxOa91V5Q9tRHzjv83ntUJFSYXUg7D5Q7S,"District Collector (Hathras, Uttar Pradesh)",DISTRICT_OFFICER,Uttar Pradesh,Hathras,Active,2024-01-10 10:00:00
USR-00750,do_0666_jalaun,$2b$12$TQaqjTTr.x6ryse5KevtxOa91V5Q9tRHzjv83ntUJFSYXUg7D5Q7S,"District Collector (Jalaun, Uttar Pradesh)",DISTRICT_OFFICER,Uttar Pradesh,Jalaun,Active,2024-01-10 10:00:00
USR-00751,do_0667_jaunpur,$2b$12$TQaqjTTr.x6ryse5KevtxOa91V5Q9tRHzjv83ntUJFSYXUg7D5Q7S,"District Collector (Jaunpur, Uttar Pradesh)",DISTRICT_OFFICER,Uttar Pradesh,Jaunpur,Active,2024-01-10 10:00:00
USR-00752,do_0668_jhansi,$2b$12$TQaqjTTr.x6ryse5KevtxOa91V5Q9tRHzjv83ntUJFSYXUg7D5Q7S,"District Collector (Jhansi, Uttar Pradesh)",DISTRICT_OFFICER,Uttar Pradesh,Jhansi,Active,2024-01-10 10:00:00
USR-00753,do_0669_kannauj,$2b$12$TQaqjTTr.x6ryse5KevtxOa91V5Q9tRHzjv83ntUJFSYXUg7D5Q7S,"District Collector (Kannauj, Uttar Pradesh)",DISTRICT_OFFICER,Uttar Pradesh,Kannauj,Active,2024-01-10 10:00:00
USR-00754,do_0670_kanpurdehat,$2b$12$TQaqjTTr.x6ryse5KevtxOa91V5Q9tRHzjv83ntUJFSYXUg7D5Q7S,"District Collector (Kanpur Dehat, Uttar Pradesh)",DISTRICT_OFFICER,Uttar Pradesh,Kanpur Dehat,Active,2024-01-10 10:00:00
USR-00755,do_0671_kanpurnagar,$2b$12$TQaqjTTr.x6ryse5KevtxOa91V5Q9tRHzjv83ntUJFSYXUg7D5Q7S,"District Collector (Kanpur Nagar, Uttar Pradesh)",DISTRICT_OFFICER,Uttar Pradesh,Kanpur Nagar,Active,2024-01-10 10:00:00
USR-00756,do_0672_kasganj,$2b$12$TQaqjTTr.x6ryse5KevtxOa91V5Q9tRHzjv83ntUJFSYXUg7D5Q7S,"District Collector (Kasganj, Uttar Pradesh)",DISTRICT_OFFICER,Uttar Pradesh,Kasganj,Active,2024-01-10 10:00:00
USR-00757,do_0673_kaushambi,$2b$12$TQaqjTTr.x6ryse5KevtxOa91V5Q9tRHzjv83ntUJFSYXUg7D5Q7S,"District Collector (Kaushambi, Uttar Pradesh)",DISTRICT_OFFICER,Uttar Pradesh,Kaushambi,Active,2024-01-10 10:00:00
USR-00758,do_0674_kheri,$2b$12$TQaqjTTr.x6ryse5KevtxOa91V5Q9tRHzjv83ntUJFSYXUg7D5Q7S,"District Collector (Kheri, Uttar Pradesh)",DISTRICT_OFFICER,Uttar Pradesh,Kheri,Active,2024-01-10 10:00:00
USR-00759,do_0675_kushinagar,$2b$12$TQaqjTTr.x6ryse5KevtxOa91V5Q9tRHzjv83ntUJFSYXUg7D5Q7S,"District Collector (Kushinagar, Uttar Pradesh)",DISTRICT_OFFICER,Uttar Pradesh,Kushinagar,Active,2024-01-10 10:00:00
USR-00760,do_0676_lalitpur,$2b$12$TQaqjTTr.x6ryse5KevtxOa91V5Q9tRHzjv83ntUJFSYXUg7D5Q7S,"District Collector (Lalitpur, Uttar Pradesh)",DISTRICT_OFFICER,Uttar Pradesh,Lalitpur,Active,2024-01-10 10:00:00
USR-00761,do_0677_lucknow,$2b$12$TQaqjTTr.x6ryse5KevtxOa91V5Q9tRHzjv83ntUJFSYXUg7D5Q7S,"District Collector (Lucknow, Uttar Pradesh)",DISTRICT_OFFICER,Uttar Pradesh,Lucknow,Active,2024-01-10 10:00:00
USR-00762,do_0678_maharajganj,$2b$12$TQaqjTTr.x6ryse5KevtxOa91V5Q9tRHzjv83ntUJFSYXUg7D5Q7S,"District Collector (Maharajganj, Uttar Pradesh)",DISTRICT_OFFICER,Uttar Pradesh,Maharajganj,Active,2024-01-10 10:00:00
USR-00763,do_0679_mahoba,$2b$12$TQaqjTTr.x6ryse5KevtxOa91V5Q9tRHzjv83ntUJFSYXUg7D5Q7S,"District Collector (Mahoba, Uttar Pradesh)",DISTRICT_OFFICER,Uttar Pradesh,Mahoba,Active,2024-01-10 10:00:00
USR-00764,do_0680_mainpuri,$2b$12$TQaqjTTr.x6ryse5KevtxOa91V5Q9tRHzjv83ntUJFSYXUg7D5Q7S,"District Collector (Mainpuri, Uttar Pradesh)",DISTRICT_OFFICER,Uttar Pradesh,Mainpuri,Active,2024-01-10 10:00:00
USR-00765,do_0681_mathura,$2b$12$TQaqjTTr.x6ryse5KevtxOa91V5Q9tRHzjv83ntUJFSYXUg7D5Q7S,"District Collector (Mathura, Uttar Pradesh)",DISTRICT_OFFICER,Uttar Pradesh,Mathura,Active,2024-01-10 10:00:00
USR-00766,do_0682_mau,$2b$12$TQaqjTTr.x6ryse5KevtxOa91V5Q9tRHzjv83ntUJFSYXUg7D5Q7S,"District Collector (Mau, Uttar Pradesh)",DISTRICT_OFFICER,Uttar Pradesh,Mau,Active,2024-01-10 10:00:00
USR-00767,do_0683_meerut,$2b$12$TQaqjTTr.x6ryse5KevtxOa91V5Q9tRHzjv83ntUJFSYXUg7D5Q7S,"District Collector (Meerut, Uttar Pradesh)",DISTRICT_OFFICER,Uttar Pradesh,Meerut,Active,2024-01-10 10:00:00
USR-00768,do_0684_mirzapur,$2b$12$TQaqjTTr.x6ryse5KevtxOa91V5Q9tRHzjv83ntUJFSYXUg7D5Q7S,"District Collector (Mirzapur, Uttar Pradesh)",DISTRICT_OFFICER,Uttar Pradesh,Mirzapur,Active,2024-01-10 10:00:00
USR-00769,do_0685_moradabad,$2b$12$TQaqjTTr.x6ryse5KevtxOa91V5Q9tRHzjv83ntUJFSYXUg7D5Q7S,"District Collector (Moradabad, Uttar Pradesh)",DISTRICT_OFFICER,Uttar Pradesh,Moradabad,Active,2024-01-10 10:00:00
USR-00770,do_0686_muzaffarnaga,$2b$12$TQaqjTTr.x6ryse5KevtxOa91V5Q9tRHzjv83ntUJFSYXUg7D5Q7S,"District Collector (Muzaffarnagar, Uttar Pradesh)",DISTRICT_OFFICER,Uttar Pradesh,Muzaffarnagar,Active,2024-01-10 10:00:00
USR-00771,do_0687_pilibhit,$2b$12$TQaqjTTr.x6ryse5KevtxOa91V5Q9tRHzjv83ntUJFSYXUg7D5Q7S,"District Collector (Pilibhit, Uttar Pradesh)",DISTRICT_OFFICER,Uttar Pradesh,Pilibhit,Active,2024-01-10 10:00:00
USR-00772,do_0688_pratapgarh,$2b$12$TQaqjTTr.x6ryse5KevtxOa91V5Q9tRHzjv83ntUJFSYXUg7D5Q7S,"District Collector (Pratapgarh, Uttar Pradesh)",DISTRICT_OFFICER,Uttar Pradesh,Pratapgarh,Active,2024-01-10 10:00:00
USR-00773,do_0689_prayagraj,$2b$12$TQaqjTTr.x6ryse5KevtxOa91V5Q9tRHzjv83ntUJFSYXUg7D5Q7S,"District Collector (Prayagraj, Uttar Pradesh)",DISTRICT_OFFICER,Uttar Pradesh,Prayagraj,Active,2024-01-10 10:00:00
USR-00774,do_0690_raebareli,$2b$12$TQaqjTTr.x6ryse5KevtxOa91V5Q9tRHzjv83ntUJFSYXUg7D5Q7S,"District Collector (Raebareli, Uttar Pradesh)",DISTRICT_OFFICER,Uttar Pradesh,Raebareli,Active,2024-01-10 10:00:00
USR-00775,do_0691_rampur,$2b$12$TQaqjTTr.x6ryse5KevtxOa91V5Q9tRHzjv83ntUJFSYXUg7D5Q7S,"District Collector (Rampur, Uttar Pradesh)",DISTRICT_OFFICER,Uttar Pradesh,Rampur,Active,2024-01-10 10:00:00
USR-00776,do_0692_saharanpur,$2b$12$TQaqjTTr.x6ryse5KevtxOa91V5Q9tRHzjv83ntUJFSYXUg7D5Q7S,"District Collector (Saharanpur, Uttar Pradesh)",DISTRICT_OFFICER,Uttar Pradesh,Saharanpur,Active,2024-01-10 10:00:00
USR-00777,do_0693_sambhal,$2b$12$TQaqjTTr.x6ryse5KevtxOa91V5Q9tRHzjv83ntUJFSYXUg7D5Q7S,"District Collector (Sambhal, Uttar Pradesh)",DISTRICT_OFFICER,Uttar Pradesh,Sambhal,Active,2024-01-10 10:00:00
USR-00778,do_0694_santkabirnag,$2b$12$TQaqjTTr.x6ryse5KevtxOa91V5Q9tRHzjv83ntUJFSYXUg7D5Q7S,"District Collector (Sant Kabir Nagar, Uttar Pradesh)",DISTRICT_OFFICER,Uttar Pradesh,Sant Kabir Nagar,Active,2024-01-10 10:00:00
USR-00779,do_0695_shahjahanpur,$2b$12$TQaqjTTr.x6ryse5KevtxOa91V5Q9tRHzjv83ntUJFSYXUg7D5Q7S,"District Collector (Shahjahanpur, Uttar Pradesh)",DISTRICT_OFFICER,Uttar Pradesh,Shahjahanpur,Active,2024-01-10 10:00:00
USR-00780,do_0696_shamli,$2b$12$TQaqjTTr.x6ryse5KevtxOa91V5Q9tRHzjv83ntUJFSYXUg7D5Q7S,"District Collector (Shamli, Uttar Pradesh)",DISTRICT_OFFICER,Uttar Pradesh,Shamli,Active,2024-01-10 10:00:00
USR-00781,do_0697_shravasti,$2b$12$TQaqjTTr.x6ryse5KevtxOa91V5Q9tRHzjv83ntUJFSYXUg7D5Q7S,"District Collector (Shravasti, Uttar Pradesh)",DISTRICT_OFFICER,Uttar Pradesh,Shravasti,Active,2024-01-10 10:00:00
USR-00782,do_0698_siddharthnag,$2b$12$TQaqjTTr.x6ryse5KevtxOa91V5Q9tRHzjv83ntUJFSYXUg7D5Q7S,"District Collector (Siddharthnagar, Uttar Pradesh)",DISTRICT_OFFICER,Uttar Pradesh,Siddharthnagar,Active,2024-01-10 10:00:00
USR-00783,do_0699_sitapur,$2b$12$TQaqjTTr.x6ryse5KevtxOa91V5Q9tRHzjv83ntUJFSYXUg7D5Q7S,"District Collector (Sitapur, Uttar Pradesh)",DISTRICT_OFFICER,Uttar Pradesh,Sitapur,Active,2024-01-10 10:00:00
USR-00784,do_0700_sonbhadra,$2b$12$TQaqjTTr.x6ryse5KevtxOa91V5Q9tRHzjv83ntUJFSYXUg7D5Q7S,"District Collector (Sonbhadra, Uttar Pradesh)",DISTRICT_OFFICER,Uttar Pradesh,Sonbhadra,Active,2024-01-10 10:00:00
USR-00785,do_0701_sultanpur,$2b$12$TQaqjTTr.x6ryse5KevtxOa91V5Q9tRHzjv83ntUJFSYXUg7D5Q7S,"District Collector (Sultanpur, Uttar Pradesh)",DISTRICT_OFFICER,Uttar Pradesh,Sultanpur,Active,2024-01-10 10:00:00
USR-00786,do_0702_unnao,$2b$12$TQaqjTTr.x6ryse5KevtxOa91V5Q9tRHzjv83ntUJFSYXUg7D5Q7S,"District Collector (Unnao, Uttar Pradesh)",DISTRICT_OFFICER,Uttar Pradesh,Unnao,Active,2024-01-10 10:00:00
USR-00787,do_0703_varanasi,$2b$12$TQaqjTTr.x6ryse5KevtxOa91V5Q9tRHzjv83ntUJFSYXUg7D5Q7S,"District Collector (Varanasi, Uttar Pradesh)",DISTRICT_OFFICER,Uttar Pradesh,Varanasi,Active,2024-01-10 10:00:00
USR-00788,do_0704_almora,$2b$12$TQaqjTTr.x6ryse5KevtxOa91V5Q9tRHzjv83ntUJFSYXUg7D5Q7S,"District Collector (Almora, Uttarakhand)",DISTRICT_OFFICER,Uttarakhand,Almora,Active,2024-01-10 10:00:00
USR-00789,do_0705_bageshwar,$2b$12$TQaqjTTr.x6ryse5KevtxOa91V5Q9tRHzjv83ntUJFSYXUg7D5Q7S,"District Collector (Bageshwar, Uttarakhand)",DISTRICT_OFFICER,Uttarakhand,Bageshwar,Active,2024-01-10 10:00:00
USR-00790,do_0706_chamoli,$2b$12$TQaqjTTr.x6ryse5KevtxOa91V5Q9tRHzjv83ntUJFSYXUg7D5Q7S,"District Collector (Chamoli, Uttarakhand)",DISTRICT_OFFICER,Uttarakhand,Chamoli,Active,2024-01-10 10:00:00
USR-00791,do_0707_champawat,$2b$12$TQaqjTTr.x6ryse5KevtxOa91V5Q9tRHzjv83ntUJFSYXUg7D5Q7S,"District Collector (Champawat, Uttarakhand)",DISTRICT_OFFICER,Uttarakhand,Champawat,Active,2024-01-10 10:00:00
USR-00792,do_0708_dehradun,$2b$12$TQaqjTTr.x6ryse5KevtxOa91V5Q9tRHzjv83ntUJFSYXUg7D5Q7S,"District Collector (Dehradun, Uttarakhand)",DISTRICT_OFFICER,Uttarakhand,Dehradun,Active,2024-01-10 10:00:00
USR-00793,do_0709_haridwar,$2b$12$TQaqjTTr.x6ryse5KevtxOa91V5Q9tRHzjv83ntUJFSYXUg7D5Q7S,"District Collector (Haridwar, Uttarakhand)",DISTRICT_OFFICER,Uttarakhand,Haridwar,Active,2024-01-10 10:00:00
USR-00794,do_0710_nainital,$2b$12$TQaqjTTr.x6ryse5KevtxOa91V5Q9tRHzjv83ntUJFSYXUg7D5Q7S,"District Collector (Nainital, Uttarakhand)",DISTRICT_OFFICER,Uttarakhand,Nainital,Active,2024-01-10 10:00:00
USR-00795,do_0711_paurigarhwal,$2b$12$TQaqjTTr.x6ryse5KevtxOa91V5Q9tRHzjv83ntUJFSYXUg7D5Q7S,"District Collector (Pauri Garhwal, Uttarakhand)",DISTRICT_OFFICER,Uttarakhand,Pauri Garhwal,Active,2024-01-10 10:00:00
USR-00796,do_0712_pithoragarh,$2b$12$TQaqjTTr.x6ryse5KevtxOa91V5Q9tRHzjv83ntUJFSYXUg7D5Q7S,"District Collector (Pithoragarh, Uttarakhand)",DISTRICT_OFFICER,Uttarakhand,Pithoragarh,Active,2024-01-10 10:00:00
USR-00797,do_0713_rudraprayag,$2b$12$TQaqjTTr.x6ryse5KevtxOa91V5Q9tRHzjv83ntUJFSYXUg7D5Q7S,"District Collector (Rudraprayag, Uttarakhand)",DISTRICT_OFFICER,Uttarakhand,Rudraprayag,Active,2024-01-10 10:00:00
USR-00798,do_0714_tehrigarhwal,$2b$12$TQaqjTTr.x6ryse5KevtxOa91V5Q9tRHzjv83ntUJFSYXUg7D5Q7S,"District Collector (Tehri Garhwal, Uttarakhand)",DISTRICT_OFFICER,Uttarakhand,Tehri Garhwal,Active,2024-01-10 10:00:00
USR-00799,do_0715_udhamsinghna,$2b$12$TQaqjTTr.x6ryse5KevtxOa91V5Q9tRHzjv83ntUJFSYXUg7D5Q7S,"District Collector (Udham Singh Nagar, Uttarakhand)",DISTRICT_OFFICER,Uttarakhand,Udham Singh Nagar,Active,2024-01-10 10:00:00
USR-00800,do_0716_uttarkashi,$2b$12$TQaqjTTr.x6ryse5KevtxOa91V5Q9tRHzjv83ntUJFSYXUg7D5Q7S,"District Collector (Uttarkashi, Uttarakhand)",DISTRICT_OFFICER,Uttarakhand,Uttarkashi,Active,2024-01-10 10:00:00
USR-00801,do_0717_alipurduar,$2b$12$TQaqjTTr.x6ryse5KevtxOa91V5Q9tRHzjv83ntUJFSYXUg7D5Q7S,"District Collector (Alipurduar, West Bengal)",DISTRICT_OFFICER,West Bengal,Alipurduar,Active,2024-01-10 10:00:00
USR-00802,do_0718_bankura,$2b$12$TQaqjTTr.x6ryse5KevtxOa91V5Q9tRHzjv83ntUJFSYXUg7D5Q7S,"District Collector (Bankura, West Bengal)",DISTRICT_OFFICER,West Bengal,Bankura,Active,2024-01-10 10:00:00
USR-00803,do_0719_birbhum,$2b$12$TQaqjTTr.x6ryse5KevtxOa91V5Q9tRHzjv83ntUJFSYXUg7D5Q7S,"District Collector (Birbhum, West Bengal)",DISTRICT_OFFICER,West Bengal,Birbhum,Active,2024-01-10 10:00:00
USR-00804,do_0720_coochbehar,$2b$12$TQaqjTTr.x6ryse5KevtxOa91V5Q9tRHzjv83ntUJFSYXUg7D5Q7S,"District Collector (Cooch Behar, West Bengal)",DISTRICT_OFFICER,West Bengal,Cooch Behar,Active,2024-01-10 10:00:00
USR-00805,do_0721_dakshindinaj,$2b$12$TQaqjTTr.x6ryse5KevtxOa91V5Q9tRHzjv83ntUJFSYXUg7D5Q7S,"District Collector (Dakshin Dinajpur, West Bengal)",DISTRICT_OFFICER,West Bengal,Dakshin Dinajpur,Active,2024-01-10 10:00:00
USR-00806,do_0722_darjeeling,$2b$12$TQaqjTTr.x6ryse5KevtxOa91V5Q9tRHzjv83ntUJFSYXUg7D5Q7S,"District Collector (Darjeeling, West Bengal)",DISTRICT_OFFICER,West Bengal,Darjeeling,Active,2024-01-10 10:00:00
USR-00807,do_0723_hooghly,$2b$12$TQaqjTTr.x6ryse5KevtxOa91V5Q9tRHzjv83ntUJFSYXUg7D5Q7S,"District Collector (Hooghly, West Bengal)",DISTRICT_OFFICER,West Bengal,Hooghly,Active,2024-01-10 10:00:00
USR-00808,do_0724_howrah,$2b$12$TQaqjTTr.x6ryse5KevtxOa91V5Q9tRHzjv83ntUJFSYXUg7D5Q7S,"District Collector (Howrah, West Bengal)",DISTRICT_OFFICER,West Bengal,Howrah,Active,2024-01-10 10:00:00
USR-00809,do_0725_jalpaiguri,$2b$12$TQaqjTTr.x6ryse5KevtxOa91V5Q9tRHzjv83ntUJFSYXUg7D5Q7S,"District Collector (Jalpaiguri, West Bengal)",DISTRICT_OFFICER,West Bengal,Jalpaiguri,Active,2024-01-10 10:00:00
USR-00810,do_0726_jhargram,$2b$12$TQaqjTTr.x6ryse5KevtxOa91V5Q9tRHzjv83ntUJFSYXUg7D5Q7S,"District Collector (Jhargram, West Bengal)",DISTRICT_OFFICER,West Bengal,Jhargram,Active,2024-01-10 10:00:00
USR-00811,do_0727_kalimpong,$2b$12$TQaqjTTr.x6ryse5KevtxOa91V5Q9tRHzjv83ntUJFSYXUg7D5Q7S,"District Collector (Kalimpong, West Bengal)",DISTRICT_OFFICER,West Bengal,Kalimpong,Active,2024-01-10 10:00:00
USR-00812,do_0728_kolkata,$2b$12$TQaqjTTr.x6ryse5KevtxOa91V5Q9tRHzjv83ntUJFSYXUg7D5Q7S,"District Collector (Kolkata, West Bengal)",DISTRICT_OFFICER,West Bengal,Kolkata,Active,2024-01-10 10:00:00
USR-00813,do_0729_malda,$2b$12$TQaqjTTr.x6ryse5KevtxOa91V5Q9tRHzjv83ntUJFSYXUg7D5Q7S,"District Collector (Malda, West Bengal)",DISTRICT_OFFICER,West Bengal,Malda,Active,2024-01-10 10:00:00
USR-00814,do_0730_murshidabad,$2b$12$TQaqjTTr.x6ryse5KevtxOa91V5Q9tRHzjv83ntUJFSYXUg7D5Q7S,"District Collector (Murshidabad, West Bengal)",DISTRICT_OFFICER,West Bengal,Murshidabad,Active,2024-01-10 10:00:00
USR-00815,do_0731_nadia,$2b$12$TQaqjTTr.x6ryse5KevtxOa91V5Q9tRHzjv83ntUJFSYXUg7D5Q7S,"District Collector (Nadia, West Bengal)",DISTRICT_OFFICER,West Bengal,Nadia,Active,2024-01-10 10:00:00
USR-00816,do_0732_north24parga,$2b$12$TQaqjTTr.x6ryse5KevtxOa91V5Q9tRHzjv83ntUJFSYXUg7D5Q7S,"District Collector (North 24 Parganas, West Bengal)",DISTRICT_OFFICER,West Bengal,North 24 Parganas,Active,2024-01-10 10:00:00
USR-00817,do_0733_paschimbardh,$2b$12$TQaqjTTr.x6ryse5KevtxOa91V5Q9tRHzjv83ntUJFSYXUg7D5Q7S,"District Collector (Paschim Bardhaman, West Bengal)",DISTRICT_OFFICER,West Bengal,Paschim Bardhaman,Active,2024-01-10 10:00:00
USR-00818,do_0734_paschimmedin,$2b$12$TQaqjTTr.x6ryse5KevtxOa91V5Q9tRHzjv83ntUJFSYXUg7D5Q7S,"District Collector (Paschim Medinipur, West Bengal)",DISTRICT_OFFICER,West Bengal,Paschim Medinipur,Active,2024-01-10 10:00:00
USR-00819,do_0735_purbabardham,$2b$12$TQaqjTTr.x6ryse5KevtxOa91V5Q9tRHzjv83ntUJFSYXUg7D5Q7S,"District Collector (Purba Bardhaman, West Bengal)",DISTRICT_OFFICER,West Bengal,Purba Bardhaman,Active,2024-01-10 10:00:00
USR-00820,do_0736_purbamedinip,$2b$12$TQaqjTTr.x6ryse5KevtxOa91V5Q9tRHzjv83ntUJFSYXUg7D5Q7S,"District Collector (Purba Medinipur, West Bengal)",DISTRICT_OFFICER,West Bengal,Purba Medinipur,Active,2024-01-10 10:00:00
USR-00821,do_0737_purulia,$2b$12$TQaqjTTr.x6ryse5KevtxOa91V5Q9tRHzjv83ntUJFSYXUg7D5Q7S,"District Collector (Purulia, West Bengal)",DISTRICT_OFFICER,West Bengal,Purulia,Active,2024-01-10 10:00:00
USR-00822,do_0738_south24parga,$2b$12$TQaqjTTr.x6ryse5KevtxOa91V5Q9tRHzjv83ntUJFSYXUg7D5Q7S,"District Collector (South 24 Parganas, West Bengal)",DISTRICT_OFFICER,West Bengal,South 24 Parganas,Active,2024-01-10 10:00:00
USR-00823,do_0739_uttardinajpu,$2b$12$TQaqjTTr.x6ryse5KevtxOa91V5Q9tRHzjv83ntUJFSYXUg7D5Q7S,"District Collector (Uttar Dinajpur, West Bengal)",DISTRICT_OFFICER,West Bengal,Uttar Dinajpur,Active,2024-01-10 10:00:00
USR-00824,do_0740_nicobar,$2b$12$TQaqjTTr.x6ryse5KevtxOa91V5Q9tRHzjv83ntUJFSYXUg7D5Q7S,"District Collector (Nicobar, Andaman and Nicobar Islands)",DISTRICT_OFFICER,Andaman and Nicobar Islands,Nicobar,Active,2024-01-10 10:00:00
USR-00825,do_0741_northandmidd,$2b$12$TQaqjTTr.x6ryse5KevtxOa91V5Q9tRHzjv83ntUJFSYXUg7D5Q7S,"District Collector (North and Middle Andaman, Andaman and Nicobar Islands)",DISTRICT_OFFICER,Andaman and Nicobar Islands,North and Middle Andaman,Active,2024-01-10 10:00:00
USR-00826,do_0742_southandaman,$2b$12$TQaqjTTr.x6ryse5KevtxOa91V5Q9tRHzjv83ntUJFSYXUg7D5Q7S,"District Collector (South Andaman, Andaman and Nicobar Islands)",DISTRICT_OFFICER,Andaman and Nicobar Islands,South Andaman,Active,2024-01-10 10:00:00
USR-00827,do_0743_chandigarh,$2b$12$TQaqjTTr.x6ryse5KevtxOa91V5Q9tRHzjv83ntUJFSYXUg7D5Q7S,"District Collector (Chandigarh, Chandigarh)",DISTRICT_OFFICER,Chandigarh,Chandigarh,Active,2024-01-10 10:00:00
USR-00828,do_0744_dadraandnaga,$2b$12$TQaqjTTr.x6ryse5KevtxOa91V5Q9tRHzjv83ntUJFSYXUg7D5Q7S,"District Collector (Dadra and Nagar Haveli, Dadra and Nagar Haveli and Daman and Diu)",DISTRICT_OFFICER,Dadra and Nagar Haveli and Daman and Diu,Dadra and Nagar Haveli,Active,2024-01-10 10:00:00
USR-00829,do_0745_daman,$2b$12$TQaqjTTr.x6ryse5KevtxOa91V5Q9tRHzjv83ntUJFSYXUg7D5Q7S,"District Collector (Daman, Dadra and Nagar Haveli and Daman and Diu)",DISTRICT_OFFICER,Dadra and Nagar Haveli and Daman and Diu,Daman,Active,2024-01-10 10:00:00
USR-00830,do_0746_diu,$2b$12$TQaqjTTr.x6ryse5KevtxOa91V5Q9tRHzjv83ntUJFSYXUg7D5Q7S,"District Collector (Diu, Dadra and Nagar Haveli and Daman and Diu)",DISTRICT_OFFICER,Dadra and Nagar Haveli and Daman and Diu,Diu,Active,2024-01-10 10:00:00
USR-00831,do_0747_centraldelhi,$2b$12$TQaqjTTr.x6ryse5KevtxOa91V5Q9tRHzjv83ntUJFSYXUg7D5Q7S,"District Collector (Central Delhi, Delhi)",DISTRICT_OFFICER,Delhi,Central Delhi,Active,2024-01-10 10:00:00
USR-00832,do_0748_eastdelhi,$2b$12$TQaqjTTr.x6ryse5KevtxOa91V5Q9tRHzjv83ntUJFSYXUg7D5Q7S,"District Collector (East Delhi, Delhi)",DISTRICT_OFFICER,Delhi,East Delhi,Active,2024-01-10 10:00:00
USR-00833,do_0749_newdelhi,$2b$12$TQaqjTTr.x6ryse5KevtxOa91V5Q9tRHzjv83ntUJFSYXUg7D5Q7S,"District Collector (New Delhi, Delhi)",DISTRICT_OFFICER,Delhi,New Delhi,Active,2024-01-10 10:00:00
USR-00834,do_0750_northdelhi,$2b$12$TQaqjTTr.x6ryse5KevtxOa91V5Q9tRHzjv83ntUJFSYXUg7D5Q7S,"District Collector (North Delhi, Delhi)",DISTRICT_OFFICER,Delhi,North Delhi,Active,2024-01-10 10:00:00
USR-00835,do_0751_northeastdel,$2b$12$TQaqjTTr.x6ryse5KevtxOa91V5Q9tRHzjv83ntUJFSYXUg7D5Q7S,"District Collector (North East Delhi, Delhi)",DISTRICT_OFFICER,Delhi,North East Delhi,Active,2024-01-10 10:00:00
USR-00836,do_0752_northwestdel,$2b$12$TQaqjTTr.x6ryse5KevtxOa91V5Q9tRHzjv83ntUJFSYXUg7D5Q7S,"District Collector (North West Delhi, Delhi)",DISTRICT_OFFICER,Delhi,North West Delhi,Active,2024-01-10 10:00:00
USR-00837,do_0753_shahdara,$2b$12$TQaqjTTr.x6ryse5KevtxOa91V5Q9tRHzjv83ntUJFSYXUg7D5Q7S,"District Collector (Shahdara, Delhi)",DISTRICT_OFFICER,Delhi,Shahdara,Active,2024-01-10 10:00:00
USR-00838,do_0754_southdelhi,$2b$12$TQaqjTTr.x6ryse5KevtxOa91V5Q9tRHzjv83ntUJFSYXUg7D5Q7S,"District Collector (South Delhi, Delhi)",DISTRICT_OFFICER,Delhi,South Delhi,Active,2024-01-10 10:00:00
USR-00839,do_0755_southeastdel,$2b$12$TQaqjTTr.x6ryse5KevtxOa91V5Q9tRHzjv83ntUJFSYXUg7D5Q7S,"District Collector (South East Delhi, Delhi)",DISTRICT_OFFICER,Delhi,South East Delhi,Active,2024-01-10 10:00:00
USR-00840,do_0756_southwestdel,$2b$12$TQaqjTTr.x6ryse5KevtxOa91V5Q9tRHzjv83ntUJFSYXUg7D5Q7S,"District Collector (South West Delhi, Delhi)",DISTRICT_OFFICER,Delhi,South West Delhi,Active,2024-01-10 10:00:00
USR-00841,do_0757_westdelhi,$2b$12$TQaqjTTr.x6ryse5KevtxOa91V5Q9tRHzjv83ntUJFSYXUg7D5Q7S,"District Collector (West Delhi, Delhi)",DISTRICT_OFFICER,Delhi,West Delhi,Active,2024-01-10 10:00:00
USR-00842,do_0758_anantnag,$2b$12$TQaqjTTr.x6ryse5KevtxOa91V5Q9tRHzjv83ntUJFSYXUg7D5Q7S,"District Collector (Anantnag, Jammu and Kashmir)",DISTRICT_OFFICER,Jammu and Kashmir,Anantnag,Active,2024-01-10 10:00:00
USR-00843,do_0759_bandipora,$2b$12$TQaqjTTr.x6ryse5KevtxOa91V5Q9tRHzjv83ntUJFSYXUg7D5Q7S,"District Collector (Bandipora, Jammu and Kashmir)",DISTRICT_OFFICER,Jammu and Kashmir,Bandipora,Active,2024-01-10 10:00:00
USR-00844,do_0760_baramulla,$2b$12$TQaqjTTr.x6ryse5KevtxOa91V5Q9tRHzjv83ntUJFSYXUg7D5Q7S,"District Collector (Baramulla, Jammu and Kashmir)",DISTRICT_OFFICER,Jammu and Kashmir,Baramulla,Active,2024-01-10 10:00:00
USR-00845,do_0761_budgam,$2b$12$TQaqjTTr.x6ryse5KevtxOa91V5Q9tRHzjv83ntUJFSYXUg7D5Q7S,"District Collector (Budgam, Jammu and Kashmir)",DISTRICT_OFFICER,Jammu and Kashmir,Budgam,Active,2024-01-10 10:00:00
USR-00846,do_0762_doda,$2b$12$TQaqjTTr.x6ryse5KevtxOa91V5Q9tRHzjv83ntUJFSYXUg7D5Q7S,"District Collector (Doda, Jammu and Kashmir)",DISTRICT_OFFICER,Jammu and Kashmir,Doda,Active,2024-01-10 10:00:00
USR-00847,do_0763_ganderbal,$2b$12$TQaqjTTr.x6ryse5KevtxOa91V5Q9tRHzjv83ntUJFSYXUg7D5Q7S,"District Collector (Ganderbal, Jammu and Kashmir)",DISTRICT_OFFICER,Jammu and Kashmir,Ganderbal,Active,2024-01-10 10:00:00
USR-00848,do_0764_jammu,$2b$12$TQaqjTTr.x6ryse5KevtxOa91V5Q9tRHzjv83ntUJFSYXUg7D5Q7S,"District Collector (Jammu, Jammu and Kashmir)",DISTRICT_OFFICER,Jammu and Kashmir,Jammu,Active,2024-01-10 10:00:00
USR-00849,do_0765_kathua,$2b$12$TQaqjTTr.x6ryse5KevtxOa91V5Q9tRHzjv83ntUJFSYXUg7D5Q7S,"District Collector (Kathua, Jammu and Kashmir)",DISTRICT_OFFICER,Jammu and Kashmir,Kathua,Active,2024-01-10 10:00:00
USR-00850,do_0766_kishtwar,$2b$12$TQaqjTTr.x6ryse5KevtxOa91V5Q9tRHzjv83ntUJFSYXUg7D5Q7S,"District Collector (Kishtwar, Jammu and Kashmir)",DISTRICT_OFFICER,Jammu and Kashmir,Kishtwar,Active,2024-01-10 10:00:00
USR-00851,do_0767_kulgam,$2b$12$TQaqjTTr.x6ryse5KevtxOa91V5Q9tRHzjv83ntUJFSYXUg7D5Q7S,"District Collector (Kulgam, Jammu and Kashmir)",DISTRICT_OFFICER,Jammu and Kashmir,Kulgam,Active,2024-01-10 10:00:00
USR-00852,do_0768_kupwara,$2b$12$TQaqjTTr.x6ryse5KevtxOa91V5Q9tRHzjv83ntUJFSYXUg7D5Q7S,"District Collector (Kupwara, Jammu and Kashmir)",DISTRICT_OFFICER,Jammu and Kashmir,Kupwara,Active,2024-01-10 10:00:00
USR-00853,do_0769_poonch,$2b$12$TQaqjTTr.x6ryse5KevtxOa91V5Q9tRHzjv83ntUJFSYXUg7D5Q7S,"District Collector (Poonch, Jammu and Kashmir)",DISTRICT_OFFICER,Jammu and Kashmir,Poonch,Active,2024-01-10 10:00:00
USR-00854,do_0770_pulwama,$2b$12$TQaqjTTr.x6ryse5KevtxOa91V5Q9tRHzjv83ntUJFSYXUg7D5Q7S,"District Collector (Pulwama, Jammu and Kashmir)",DISTRICT_OFFICER,Jammu and Kashmir,Pulwama,Active,2024-01-10 10:00:00
USR-00855,do_0771_rajouri,$2b$12$TQaqjTTr.x6ryse5KevtxOa91V5Q9tRHzjv83ntUJFSYXUg7D5Q7S,"District Collector (Rajouri, Jammu and Kashmir)",DISTRICT_OFFICER,Jammu and Kashmir,Rajouri,Active,2024-01-10 10:00:00
USR-00856,do_0772_ramban,$2b$12$TQaqjTTr.x6ryse5KevtxOa91V5Q9tRHzjv83ntUJFSYXUg7D5Q7S,"District Collector (Ramban, Jammu and Kashmir)",DISTRICT_OFFICER,Jammu and Kashmir,Ramban,Active,2024-01-10 10:00:00
USR-00857,do_0773_reasi,$2b$12$TQaqjTTr.x6ryse5KevtxOa91V5Q9tRHzjv83ntUJFSYXUg7D5Q7S,"District Collector (Reasi, Jammu and Kashmir)",DISTRICT_OFFICER,Jammu and Kashmir,Reasi,Active,2024-01-10 10:00:00
USR-00858,do_0774_samba,$2b$12$TQaqjTTr.x6ryse5KevtxOa91V5Q9tRHzjv83ntUJFSYXUg7D5Q7S,"District Collector (Samba, Jammu and Kashmir)",DISTRICT_OFFICER,Jammu and Kashmir,Samba,Active,2024-01-10 10:00:00
USR-00859,do_0775_shopian,$2b$12$TQaqjTTr.x6ryse5KevtxOa91V5Q9tRHzjv83ntUJFSYXUg7D5Q7S,"District Collector (Shopian, Jammu and Kashmir)",DISTRICT_OFFICER,Jammu and Kashmir,Shopian,Active,2024-01-10 10:00:00
USR-00860,do_0776_srinagar,$2b$12$TQaqjTTr.x6ryse5KevtxOa91V5Q9tRHzjv83ntUJFSYXUg7D5Q7S,"District Collector (Srinagar, Jammu and Kashmir)",DISTRICT_OFFICER,Jammu and Kashmir,Srinagar,Active,2024-01-10 10:00:00
USR-00861,do_0777_udhampur,$2b$12$TQaqjTTr.x6ryse5KevtxOa91V5Q9tRHzjv83ntUJFSYXUg7D5Q7S,"District Collector (Udhampur, Jammu and Kashmir)",DISTRICT_OFFICER,Jammu and Kashmir,Udhampur,Active,2024-01-10 10:00:00
USR-00862,do_0778_kargil,$2b$12$TQaqjTTr.x6ryse5KevtxOa91V5Q9tRHzjv83ntUJFSYXUg7D5Q7S,"District Collector (Kargil, Ladakh)",DISTRICT_OFFICER,Ladakh,Kargil,Active,2024-01-10 10:00:00
USR-00863,do_0779_leh,$2b$12$TQaqjTTr.x6ryse5KevtxOa91V5Q9tRHzjv83ntUJFSYXUg7D5Q7S,"District Collector (Leh, Ladakh)",DISTRICT_OFFICER,Ladakh,Leh,Active,2024-01-10 10:00:00
USR-00864,do_0780_lakshadweep,$2b$12$TQaqjTTr.x6ryse5KevtxOa91V5Q9tRHzjv83ntUJFSYXUg7D5Q7S,"District Collector (Lakshadweep, Lakshadweep)",DISTRICT_OFFICER,Lakshadweep,Lakshadweep,Active,2024-01-10 10:00:00
USR-00865,do_0781_karaikal,$2b$12$TQaqjTTr.x6ryse5KevtxOa91V5Q9tRHzjv83ntUJFSYXUg7D5Q7S,"District Collector (Karaikal, Puducherry)",DISTRICT_OFFICER,Puducherry,Karaikal,Active,2024-01-10 10:00:00
USR-00866,do_0782_mahe,$2b$12$TQaqjTTr.x6ryse5KevtxOa91V5Q9tRHzjv83ntUJFSYXUg7D5Q7S,"District Collector (Mahe, Puducherry)",DISTRICT_OFFICER,Puducherry,Mahe,Active,2024-01-10 10:00:00
USR-00867,do_0783_puducherry,$2b$12$TQaqjTTr.x6ryse5KevtxOa91V5Q9tRHzjv83ntUJFSYXUg7D5Q7S,"District Collector (Puducherry, Puducherry)",DISTRICT_OFFICER,Puducherry,Puducherry,Active,2024-01-10 10:00:00
USR-00868,do_0784_yanam,$2b$12$TQaqjTTr.x6ryse5KevtxOa91V5Q9tRHzjv83ntUJFSYXUg7D5Q7S,"District Collector (Yanam, Puducherry)",DISTRICT_OFFICER,Puducherry,Yanam,Active,2024-01-10 10:00:00
USR-00869,pm_001,$2b$12$TQaqjTTr.x6ryse5KevtxOa91V5Q9tRHzjv83ntUJFSYXUg7D5Q7S,Project Manager 1,PROJECT_MANAGER,Haryana,Ambala,Active,2024-01-15 10:00:00
USR-00870,pm_002,$2b$12$TQaqjTTr.x6ryse5KevtxOa91V5Q9tRHzjv83ntUJFSYXUg7D5Q7S,Project Manager 2,PROJECT_MANAGER,Nagaland,Niuland,Active,2024-01-15 10:00:00
USR-00871,pm_003,$2b$12$TQaqjTTr.x6ryse5KevtxOa91V5Q9tRHzjv83ntUJFSYXUg7D5Q7S,Project Manager 3,PROJECT_MANAGER,Manipur,Imphal West,Active,2024-01-15 10:00:00
USR-00872,pm_004,$2b$12$TQaqjTTr.x6ryse5KevtxOa91V5Q9tRHzjv83ntUJFSYXUg7D5Q7S,Project Manager 4,PROJECT_MANAGER,Gujarat,Bharuch,Active,2024-01-15 10:00:00
USR-00873,pm_005,$2b$12$TQaqjTTr.x6ryse5KevtxOa91V5Q9tRHzjv83ntUJFSYXUg7D5Q7S,Project Manager 5,PROJECT_MANAGER,West Bengal,Bankura,Active,2024-01-15 10:00:00
USR-00874,pm_006,$2b$12$TQaqjTTr.x6ryse5KevtxOa91V5Q9tRHzjv83ntUJFSYXUg7D5Q7S,Project Manager 6,PROJECT_MANAGER,Arunachal Pradesh,Dibang Valley,Active,2024-01-15 10:00:00
USR-00875,pm_007,$2b$12$TQaqjTTr.x6ryse5KevtxOa91V5Q9tRHzjv83ntUJFSYXUg7D5Q7S,Project Manager 7,PROJECT_MANAGER,Maharashtra,Jalna,Active,2024-01-15 10:00:00
USR-00876,pm_008,$2b$12$TQaqjTTr.x6ryse5KevtxOa91V5Q9tRHzjv83ntUJFSYXUg7D5Q7S,Project Manager 8,PROJECT_MANAGER,Jammu and Kashmir,Udhampur,Active,2024-01-15 10:00:00
USR-00877,pm_009,$2b$12$TQaqjTTr.x6ryse5KevtxOa91V5Q9tRHzjv83ntUJFSYXUg7D5Q7S,Project Manager 9,PROJECT_MANAGER,Arunachal Pradesh,Siang,Active,2024-01-15 10:00:00
USR-00878,pm_010,$2b$12$TQaqjTTr.x6ryse5KevtxOa91V5Q9tRHzjv83ntUJFSYXUg7D5Q7S,Project Manager 10,PROJECT_MANAGER,Madhya Pradesh,Shivpuri,Active,2024-01-15 10:00:00
USR-00879,pm_011,$2b$12$TQaqjTTr.x6ryse5KevtxOa91V5Q9tRHzjv83ntUJFSYXUg7D5Q7S,Project Manager 11,PROJECT_MANAGER,Lakshadweep,Lakshadweep,Active,2024-01-15 10:00:00
USR-00880,pm_012,$2b$12$TQaqjTTr.x6ryse5KevtxOa91V5Q9tRHzjv83ntUJFSYXUg7D5Q7S,Project Manager 12,PROJECT_MANAGER,Manipur,Thoubal,Active,2024-01-15 10:00:00
USR-00881,pm_013,$2b$12$TQaqjTTr.x6ryse5KevtxOa91V5Q9tRHzjv83ntUJFSYXUg7D5Q7S,Project Manager 13,PROJECT_MANAGER,Nagaland,Chumoukedima,Active,2024-01-15 10:00:00
USR-00882,pm_014,$2b$12$TQaqjTTr.x6ryse5KevtxOa91V5Q9tRHzjv83ntUJFSYXUg7D5Q7S,Project Manager 14,PROJECT_MANAGER,Karnataka,Raichur,Active,2024-01-15 10:00:00
USR-00883,pm_015,$2b$12$TQaqjTTr.x6ryse5KevtxOa91V5Q9tRHzjv83ntUJFSYXUg7D5Q7S,Project Manager 15,PROJECT_MANAGER,West Bengal,Kalimpong,Active,2024-01-15 10:00:00
USR-00884,pm_016,$2b$12$TQaqjTTr.x6ryse5KevtxOa91V5Q9tRHzjv83ntUJFSYXUg7D5Q7S,Project Manager 16,PROJECT_MANAGER,Nagaland,Longleng,Active,2024-01-15 10:00:00
USR-00885,pm_017,$2b$12$TQaqjTTr.x6ryse5KevtxOa91V5Q9tRHzjv83ntUJFSYXUg7D5Q7S,Project Manager 17,PROJECT_MANAGER,Maharashtra,Nandurbar,Active,2024-01-15 10:00:00
USR-00886,pm_018,$2b$12$TQaqjTTr.x6ryse5KevtxOa91V5Q9tRHzjv83ntUJFSYXUg7D5Q7S,Project Manager 18,PROJECT_MANAGER,Gujarat,Bharuch,Active,2024-01-15 10:00:00
USR-00887,pm_019,$2b$12$TQaqjTTr.x6ryse5KevtxOa91V5Q9tRHzjv83ntUJFSYXUg7D5Q7S,Project Manager 19,PROJECT_MANAGER,Tripura,Gomati,Active,2024-01-15 10:00:00
USR-00888,pm_020,$2b$12$TQaqjTTr.x6ryse5KevtxOa91V5Q9tRHzjv83ntUJFSYXUg7D5Q7S,Project Manager 20,PROJECT_MANAGER,Tamil Nadu,Salem,Active,2024-01-15 10:00:00
USR-00889,pm_021,$2b$12$TQaqjTTr.x6ryse5KevtxOa91V5Q9tRHzjv83ntUJFSYXUg7D5Q7S,Project Manager 21,PROJECT_MANAGER,Mizoram,Aizawl,Active,2024-01-15 10:00:00
USR-00890,pm_022,$2b$12$TQaqjTTr.x6ryse5KevtxOa91V5Q9tRHzjv83ntUJFSYXUg7D5Q7S,Project Manager 22,PROJECT_MANAGER,Chandigarh,Chandigarh,Active,2024-01-15 10:00:00
USR-00891,pm_023,$2b$12$TQaqjTTr.x6ryse5KevtxOa91V5Q9tRHzjv83ntUJFSYXUg7D5Q7S,Project Manager 23,PROJECT_MANAGER,Tripura,Gomati,Active,2024-01-15 10:00:00
USR-00892,pm_024,$2b$12$TQaqjTTr.x6ryse5KevtxOa91V5Q9tRHzjv83ntUJFSYXUg7D5Q7S,Project Manager 24,PROJECT_MANAGER,Puducherry,Puducherry,Active,2024-01-15 10:00:00
USR-00893,pm_025,$2b$12$TQaqjTTr.x6ryse5KevtxOa91V5Q9tRHzjv83ntUJFSYXUg7D5Q7S,Project Manager 25,PROJECT_MANAGER,Telangana,Mahabubabad,Active,2024-01-15 10:00:00
USR-00894,pm_026,$2b$12$TQaqjTTr.x6ryse5KevtxOa91V5Q9tRHzjv83ntUJFSYXUg7D5Q7S,Project Manager 26,PROJECT_MANAGER,Chhattisgarh,Balrampur,Active,2024-01-15 10:00:00
USR-00895,pm_027,$2b$12$TQaqjTTr.x6ryse5KevtxOa91V5Q9tRHzjv83ntUJFSYXUg7D5Q7S,Project Manager 27,PROJECT_MANAGER,Manipur,Noney,Active,2024-01-15 10:00:00
USR-00896,pm_028,$2b$12$TQaqjTTr.x6ryse5KevtxOa91V5Q9tRHzjv83ntUJFSYXUg7D5Q7S,Project Manager 28,PROJECT_MANAGER,Goa,North Goa,Active,2024-01-15 10:00:00
USR-00897,pm_029,$2b$12$TQaqjTTr.x6ryse5KevtxOa91V5Q9tRHzjv83ntUJFSYXUg7D5Q7S,Project Manager 29,PROJECT_MANAGER,Gujarat,Patan,Active,2024-01-15 10:00:00
USR-00898,pm_030,$2b$12$TQaqjTTr.x6ryse5KevtxOa91V5Q9tRHzjv83ntUJFSYXUg7D5Q7S,Project Manager 30,PROJECT_MANAGER,Nagaland,Wokha,Active,2024-01-15 10:00:00
USR-00899,pm_031,$2b$12$TQaqjTTr.x6ryse5KevtxOa91V5Q9tRHzjv83ntUJFSYXUg7D5Q7S,Project Manager 31,PROJECT_MANAGER,Telangana,Khammam,Active,2024-01-15 10:00:00
USR-00900,pm_032,$2b$12$TQaqjTTr.x6ryse5KevtxOa91V5Q9tRHzjv83ntUJFSYXUg7D5Q7S,Project Manager 32,PROJECT_MANAGER,Telangana,Nizamabad,Active,2024-01-15 10:00:00
USR-00901,pm_033,$2b$12$TQaqjTTr.x6ryse5KevtxOa91V5Q9tRHzjv83ntUJFSYXUg7D5Q7S,Project Manager 33,PROJECT_MANAGER,Maharashtra,Mumbai City,Active,2024-01-15 10:00:00
USR-00902,pm_034,$2b$12$TQaqjTTr.x6ryse5KevtxOa91V5Q9tRHzjv83ntUJFSYXUg7D5Q7S,Project Manager 34,PROJECT_MANAGER,Chhattisgarh,Gariaband,Active,2024-01-15 10:00:00
USR-00903,pm_035,$2b$12$TQaqjTTr.x6ryse5KevtxOa91V5Q9tRHzjv83ntUJFSYXUg7D5Q7S,Project Manager 35,PROJECT_MANAGER,Lakshadweep,Lakshadweep,Active,2024-01-15 10:00:00
USR-00904,pm_036,$2b$12$TQaqjTTr.x6ryse5KevtxOa91V5Q9tRHzjv83ntUJFSYXUg7D5Q7S,Project Manager 36,PROJECT_MANAGER,Karnataka,Hassan,Active,2024-01-15 10:00:00
USR-00905,pm_037,$2b$12$TQaqjTTr.x6ryse5KevtxOa91V5Q9tRHzjv83ntUJFSYXUg7D5Q7S,Project Manager 37,PROJECT_MANAGER,Tripura,Sepahijala,Active,2024-01-15 10:00:00
USR-00906,pm_038,$2b$12$TQaqjTTr.x6ryse5KevtxOa91V5Q9tRHzjv83ntUJFSYXUg7D5Q7S,Project Manager 38,PROJECT_MANAGER,Puducherry,Mahe,Active,2024-01-15 10:00:00
USR-00907,pm_039,$2b$12$TQaqjTTr.x6ryse5KevtxOa91V5Q9tRHzjv83ntUJFSYXUg7D5Q7S,Project Manager 39,PROJECT_MANAGER,Rajasthan,Shahpura,Active,2024-01-15 10:00:00
USR-00908,pm_040,$2b$12$TQaqjTTr.x6ryse5KevtxOa91V5Q9tRHzjv83ntUJFSYXUg7D5Q7S,Project Manager 40,PROJECT_MANAGER,Bihar,Kaimur,Active,2024-01-15 10:00:00
USR-00909,pm_041,$2b$12$TQaqjTTr.x6ryse5KevtxOa91V5Q9tRHzjv83ntUJFSYXUg7D5Q7S,Project Manager 41,PROJECT_MANAGER,Assam,Karbi Anglong,Active,2024-01-15 10:00:00
USR-00910,pm_042,$2b$12$TQaqjTTr.x6ryse5KevtxOa91V5Q9tRHzjv83ntUJFSYXUg7D5Q7S,Project Manager 42,PROJECT_MANAGER,Uttar Pradesh,Hapur,Active,2024-01-15 10:00:00
USR-00911,pm_043,$2b$12$TQaqjTTr.x6ryse5KevtxOa91V5Q9tRHzjv83ntUJFSYXUg7D5Q7S,Project Manager 43,PROJECT_MANAGER,Chhattisgarh,Jashpur,Active,2024-01-15 10:00:00
USR-00912,pm_044,$2b$12$TQaqjTTr.x6ryse5KevtxOa91V5Q9tRHzjv83ntUJFSYXUg7D5Q7S,Project Manager 44,PROJECT_MANAGER,Rajasthan,Dungarpur,Active,2024-01-15 10:00:00
USR-00913,pm_045,$2b$12$TQaqjTTr.x6ryse5KevtxOa91V5Q9tRHzjv83ntUJFSYXUg7D5Q7S,Project Manager 45,PROJECT_MANAGER,Delhi,Shahdara,Active,2024-01-15 10:00:00
USR-00914,pm_046,$2b$12$TQaqjTTr.x6ryse5KevtxOa91V5Q9tRHzjv83ntUJFSYXUg7D5Q7S,Project Manager 46,PROJECT_MANAGER,Chandigarh,Chandigarh,Active,2024-01-15 10:00:00
USR-00915,pm_047,$2b$12$TQaqjTTr.x6ryse5KevtxOa91V5Q9tRHzjv83ntUJFSYXUg7D5Q7S,Project Manager 47,PROJECT_MANAGER,Mizoram,Hnahthial,Active,2024-01-15 10:00:00
USR-00916,pm_048,$2b$12$TQaqjTTr.x6ryse5KevtxOa91V5Q9tRHzjv83ntUJFSYXUg7D5Q7S,Project Manager 48,PROJECT_MANAGER,Meghalaya,West Khasi Hills,Active,2024-01-15 10:00:00
USR-00917,pm_049,$2b$12$TQaqjTTr.x6ryse5KevtxOa91V5Q9tRHzjv83ntUJFSYXUg7D5Q7S,Project Manager 49,PROJECT_MANAGER,Puducherry,Puducherry,Active,2024-01-15 10:00:00
USR-00918,pm_050,$2b$12$TQaqjTTr.x6ryse5KevtxOa91V5Q9tRHzjv83ntUJFSYXUg7D5Q7S,Project Manager 50,PROJECT_MANAGER,West Bengal,Purba Bardhaman,Active,2024-01-15 10:00:00
USR-00919,pm_051,$2b$12$TQaqjTTr.x6ryse5KevtxOa91V5Q9tRHzjv83ntUJFSYXUg7D5Q7S,Project Manager 51,PROJECT_MANAGER,Uttar Pradesh,Kushinagar,Active,2024-01-15 10:00:00
USR-00920,pm_052,$2b$12$TQaqjTTr.x6ryse5KevtxOa91V5Q9tRHzjv83ntUJFSYXUg7D5Q7S,Project Manager 52,PROJECT_MANAGER,Manipur,Imphal West,Active,2024-01-15 10:00:00
USR-00921,pm_053,$2b$12$TQaqjTTr.x6ryse5KevtxOa91V5Q9tRHzjv83ntUJFSYXUg7D5Q7S,Project Manager 53,PROJECT_MANAGER,Jammu and Kashmir,Reasi,Active,2024-01-15 10:00:00
USR-00922,pm_054,$2b$12$TQaqjTTr.x6ryse5KevtxOa91V5Q9tRHzjv83ntUJFSYXUg7D5Q7S,Project Manager 54,PROJECT_MANAGER,Goa,North Goa,Active,2024-01-15 10:00:00
USR-00923,pm_055,$2b$12$TQaqjTTr.x6ryse5KevtxOa91V5Q9tRHzjv83ntUJFSYXUg7D5Q7S,Project Manager 55,PROJECT_MANAGER,Haryana,Fatehabad,Active,2024-01-15 10:00:00
USR-00924,pm_056,$2b$12$TQaqjTTr.x6ryse5KevtxOa91V5Q9tRHzjv83ntUJFSYXUg7D5Q7S,Project Manager 56,PROJECT_MANAGER,Karnataka,Tumakuru,Active,2024-01-15 10:00:00
USR-00925,pm_057,$2b$12$TQaqjTTr.x6ryse5KevtxOa91V5Q9tRHzjv83ntUJFSYXUg7D5Q7S,Project Manager 57,PROJECT_MANAGER,West Bengal,Purba Medinipur,Active,2024-01-15 10:00:00
USR-00926,pm_058,$2b$12$TQaqjTTr.x6ryse5KevtxOa91V5Q9tRHzjv83ntUJFSYXUg7D5Q7S,Project Manager 58,PROJECT_MANAGER,Chhattisgarh,Raigarh,Active,2024-01-15 10:00:00
USR-00927,pm_059,$2b$12$TQaqjTTr.x6ryse5KevtxOa91V5Q9tRHzjv83ntUJFSYXUg7D5Q7S,Project Manager 59,PROJECT_MANAGER,Tripura,West Tripura,Active,2024-01-15 10:00:00
USR-00928,pm_060,$2b$12$TQaqjTTr.x6ryse5KevtxOa91V5Q9tRHzjv83ntUJFSYXUg7D5Q7S,Project Manager 60,PROJECT_MANAGER,Ladakh,Leh,Active,2024-01-15 10:00:00
USR-00929,pm_061,$2b$12$TQaqjTTr.x6ryse5KevtxOa91V5Q9tRHzjv83ntUJFSYXUg7D5Q7S,Project Manager 61,PROJECT_MANAGER,Puducherry,Karaikal,Active,2024-01-15 10:00:00
USR-00930,pm_062,$2b$12$TQaqjTTr.x6ryse5KevtxOa91V5Q9tRHzjv83ntUJFSYXUg7D5Q7S,Project Manager 62,PROJECT_MANAGER,Haryana,Yamunanagar,Active,2024-01-15 10:00:00
USR-00931,pm_063,$2b$12$TQaqjTTr.x6ryse5KevtxOa91V5Q9tRHzjv83ntUJFSYXUg7D5Q7S,Project Manager 63,PROJECT_MANAGER,Lakshadweep,Lakshadweep,Active,2024-01-15 10:00:00
USR-00932,pm_064,$2b$12$TQaqjTTr.x6ryse5KevtxOa91V5Q9tRHzjv83ntUJFSYXUg7D5Q7S,Project Manager 64,PROJECT_MANAGER,Sikkim,Gangtok,Active,2024-01-15 10:00:00
USR-00933,pm_065,$2b$12$TQaqjTTr.x6ryse5KevtxOa91V5Q9tRHzjv83ntUJFSYXUg7D5Q7S,Project Manager 65,PROJECT_MANAGER,Odisha,Jharsuguda,Active,2024-01-15 10:00:00
USR-00934,pm_066,$2b$12$TQaqjTTr.x6ryse5KevtxOa91V5Q9tRHzjv83ntUJFSYXUg7D5Q7S,Project Manager 66,PROJECT_MANAGER,Karnataka,Hassan,Active,2024-01-15 10:00:00
USR-00935,pm_067,$2b$12$TQaqjTTr.x6ryse5KevtxOa91V5Q9tRHzjv83ntUJFSYXUg7D5Q7S,Project Manager 67,PROJECT_MANAGER,Andhra Pradesh,Dr. B.R. Ambedkar Konaseema,Active,2024-01-15 10:00:00
USR-00936,pm_068,$2b$12$TQaqjTTr.x6ryse5KevtxOa91V5Q9tRHzjv83ntUJFSYXUg7D5Q7S,Project Manager 68,PROJECT_MANAGER,Mizoram,Saiha,Active,2024-01-15 10:00:00
USR-00937,pm_069,$2b$12$TQaqjTTr.x6ryse5KevtxOa91V5Q9tRHzjv83ntUJFSYXUg7D5Q7S,Project Manager 69,PROJECT_MANAGER,Kerala,Malappuram,Active,2024-01-15 10:00:00
USR-00938,pm_070,$2b$12$TQaqjTTr.x6ryse5KevtxOa91V5Q9tRHzjv83ntUJFSYXUg7D5Q7S,Project Manager 70,PROJECT_MANAGER,Gujarat,Mehsana,Active,2024-01-15 10:00:00
USR-00939,pm_071,$2b$12$TQaqjTTr.x6ryse5KevtxOa91V5Q9tRHzjv83ntUJFSYXUg7D5Q7S,Project Manager 71,PROJECT_MANAGER,Jammu and Kashmir,Udhampur,Active,2024-01-15 10:00:00
USR-00940,pm_072,$2b$12$TQaqjTTr.x6ryse5KevtxOa91V5Q9tRHzjv83ntUJFSYXUg7D5Q7S,Project Manager 72,PROJECT_MANAGER,Madhya Pradesh,Burhanpur,Active,2024-01-15 10:00:00
USR-00941,pm_073,$2b$12$TQaqjTTr.x6ryse5KevtxOa91V5Q9tRHzjv83ntUJFSYXUg7D5Q7S,Project Manager 73,PROJECT_MANAGER,Telangana,Khammam,Active,2024-01-15 10:00:00
USR-00942,pm_074,$2b$12$TQaqjTTr.x6ryse5KevtxOa91V5Q9tRHzjv83ntUJFSYXUg7D5Q7S,Project Manager 74,PROJECT_MANAGER,Lakshadweep,Lakshadweep,Active,2024-01-15 10:00:00
USR-00943,pm_075,$2b$12$TQaqjTTr.x6ryse5KevtxOa91V5Q9tRHzjv83ntUJFSYXUg7D5Q7S,Project Manager 75,PROJECT_MANAGER,Rajasthan,Sirohi,Active,2024-01-15 10:00:00
USR-00944,pm_076,$2b$12$TQaqjTTr.x6ryse5KevtxOa91V5Q9tRHzjv83ntUJFSYXUg7D5Q7S,Project Manager 76,PROJECT_MANAGER,Arunachal Pradesh,East Kameng,Active,2024-01-15 10:00:00
USR-00945,pm_077,$2b$12$TQaqjTTr.x6ryse5KevtxOa91V5Q9tRHzjv83ntUJFSYXUg7D5Q7S,Project Manager 77,PROJECT_MANAGER,Telangana,Nalgonda,Active,2024-01-15 10:00:00
USR-00946,pm_078,$2b$12$TQaqjTTr.x6ryse5KevtxOa91V5Q9tRHzjv83ntUJFSYXUg7D5Q7S,Project Manager 78,PROJECT_MANAGER,Meghalaya,East Garo Hills,Active,2024-01-15 10:00:00
USR-00947,pm_079,$2b$12$TQaqjTTr.x6ryse5KevtxOa91V5Q9tRHzjv83ntUJFSYXUg7D5Q7S,Project Manager 79,PROJECT_MANAGER,Meghalaya,West Garo Hills,Active,2024-01-15 10:00:00
USR-00948,pm_080,$2b$12$TQaqjTTr.x6ryse5KevtxOa91V5Q9tRHzjv83ntUJFSYXUg7D5Q7S,Project Manager 80,PROJECT_MANAGER,Goa,North Goa,Active,2024-01-15 10:00:00
USR-00949,pm_081,$2b$12$TQaqjTTr.x6ryse5KevtxOa91V5Q9tRHzjv83ntUJFSYXUg7D5Q7S,Project Manager 81,PROJECT_MANAGER,Delhi,East Delhi,Active,2024-01-15 10:00:00
USR-00950,pm_082,$2b$12$TQaqjTTr.x6ryse5KevtxOa91V5Q9tRHzjv83ntUJFSYXUg7D5Q7S,Project Manager 82,PROJECT_MANAGER,Lakshadweep,Lakshadweep,Active,2024-01-15 10:00:00
USR-00951,pm_083,$2b$12$TQaqjTTr.x6ryse5KevtxOa91V5Q9tRHzjv83ntUJFSYXUg7D5Q7S,Project Manager 83,PROJECT_MANAGER,Himachal Pradesh,Solan,Active,2024-01-15 10:00:00
USR-00952,pm_084,$2b$12$TQaqjTTr.x6ryse5KevtxOa91V5Q9tRHzjv83ntUJFSYXUg7D5Q7S,Project Manager 84,PROJECT_MANAGER,Dadra and Nagar Haveli and Daman and Diu,Diu,Active,2024-01-15 10:00:00
USR-00953,pm_085,$2b$12$TQaqjTTr.x6ryse5KevtxOa91V5Q9tRHzjv83ntUJFSYXUg7D5Q7S,Project Manager 85,PROJECT_MANAGER,Karnataka,Chikkamagaluru,Active,2024-01-15 10:00:00
USR-00954,pm_086,$2b$12$TQaqjTTr.x6ryse5KevtxOa91V5Q9tRHzjv83ntUJFSYXUg7D5Q7S,Project Manager 86,PROJECT_MANAGER,Ladakh,Leh,Active,2024-01-15 10:00:00
USR-00955,pm_087,$2b$12$TQaqjTTr.x6ryse5KevtxOa91V5Q9tRHzjv83ntUJFSYXUg7D5Q7S,Project Manager 87,PROJECT_MANAGER,Maharashtra,Washim,Active,2024-01-15 10:00:00
USR-00956,pm_088,$2b$12$TQaqjTTr.x6ryse5KevtxOa91V5Q9tRHzjv83ntUJFSYXUg7D5Q7S,Project Manager 88,PROJECT_MANAGER,Madhya Pradesh,Shivpuri,Active,2024-01-15 10:00:00
USR-00957,pm_089,$2b$12$TQaqjTTr.x6ryse5KevtxOa91V5Q9tRHzjv83ntUJFSYXUg7D5Q7S,Project Manager 89,PROJECT_MANAGER,Punjab,Malerkotla,Active,2024-01-15 10:00:00
USR-00958,pm_090,$2b$12$TQaqjTTr.x6ryse5KevtxOa91V5Q9tRHzjv83ntUJFSYXUg7D5Q7S,Project Manager 90,PROJECT_MANAGER,Telangana,Suryapet,Active,2024-01-15 10:00:00
USR-00959,pm_091,$2b$12$TQaqjTTr.x6ryse5KevtxOa91V5Q9tRHzjv83ntUJFSYXUg7D5Q7S,Project Manager 91,PROJECT_MANAGER,Ladakh,Leh,Active,2024-01-15 10:00:00
USR-00960,pm_092,$2b$12$TQaqjTTr.x6ryse5KevtxOa91V5Q9tRHzjv83ntUJFSYXUg7D5Q7S,Project Manager 92,PROJECT_MANAGER,Haryana,Jhajjar,Active,2024-01-15 10:00:00
USR-00961,pm_093,$2b$12$TQaqjTTr.x6ryse5KevtxOa91V5Q9tRHzjv83ntUJFSYXUg7D5Q7S,Project Manager 93,PROJECT_MANAGER,Manipur,Churachandpur,Active,2024-01-15 10:00:00
USR-00962,pm_094,$2b$12$TQaqjTTr.x6ryse5KevtxOa91V5Q9tRHzjv83ntUJFSYXUg7D5Q7S,Project Manager 94,PROJECT_MANAGER,Sikkim,Gangtok,Active,2024-01-15 10:00:00
USR-00963,pm_095,$2b$12$TQaqjTTr.x6ryse5KevtxOa91V5Q9tRHzjv83ntUJFSYXUg7D5Q7S,Project Manager 95,PROJECT_MANAGER,Puducherry,Mahe,Active,2024-01-15 10:00:00
USR-00964,pm_096,$2b$12$TQaqjTTr.x6ryse5KevtxOa91V5Q9tRHzjv83ntUJFSYXUg7D5Q7S,Project Manager 96,PROJECT_MANAGER,Manipur,Bishnupur,Active,2024-01-15 10:00:00
USR-00965,pm_097,$2b$12$TQaqjTTr.x6ryse5KevtxOa91V5Q9tRHzjv83ntUJFSYXUg7D5Q7S,Project Manager 97,PROJECT_MANAGER,Chhattisgarh,Bastar,Active,2024-01-15 10:00:00
USR-00966,pm_098,$2b$12$TQaqjTTr.x6ryse5KevtxOa91V5Q9tRHzjv83ntUJFSYXUg7D5Q7S,Project Manager 98,PROJECT_MANAGER,Manipur,Churachandpur,Active,2024-01-15 10:00:00
USR-00967,pm_099,$2b$12$TQaqjTTr.x6ryse5KevtxOa91V5Q9tRHzjv83ntUJFSYXUg7D5Q7S,Project Manager 99,PROJECT_MANAGER,Assam,Karimganj,Active,2024-01-15 10:00:00
USR-00968,pm_100,$2b$12$TQaqjTTr.x6ryse5KevtxOa91V5Q9tRHzjv83ntUJFSYXUg7D5Q7S,Project Manager 100,PROJECT_MANAGER,Chhattisgarh,Khairagarh-Chhuikhadan-Gandai,Active,2024-01-15 10:00:00
USR-00969,pm_101,$2b$12$TQaqjTTr.x6ryse5KevtxOa91V5Q9tRHzjv83ntUJFSYXUg7D5Q7S,Project Manager 101,PROJECT_MANAGER,Meghalaya,North Garo Hills,Active,2024-01-15 10:00:00
USR-00970,pm_102,$2b$12$TQaqjTTr.x6ryse5KevtxOa91V5Q9tRHzjv83ntUJFSYXUg7D5Q7S,Project Manager 102,PROJECT_MANAGER,Delhi,North Delhi,Active,2024-01-15 10:00:00
USR-00971,pm_103,$2b$12$TQaqjTTr.x6ryse5KevtxOa91V5Q9tRHzjv83ntUJFSYXUg7D5Q7S,Project Manager 103,PROJECT_MANAGER,Lakshadweep,Lakshadweep,Active,2024-01-15 10:00:00
USR-00972,pm_104,$2b$12$TQaqjTTr.x6ryse5KevtxOa91V5Q9tRHzjv83ntUJFSYXUg7D5Q7S,Project Manager 104,PROJECT_MANAGER,Dadra and Nagar Haveli and Daman and Diu,Dadra and Nagar Haveli,Active,2024-01-15 10:00:00
USR-00973,pm_105,$2b$12$TQaqjTTr.x6ryse5KevtxOa91V5Q9tRHzjv83ntUJFSYXUg7D5Q7S,Project Manager 105,PROJECT_MANAGER,Dadra and Nagar Haveli and Daman and Diu,Daman,Active,2024-01-15 10:00:00
USR-00974,pm_106,$2b$12$TQaqjTTr.x6ryse5KevtxOa91V5Q9tRHzjv83ntUJFSYXUg7D5Q7S,Project Manager 106,PROJECT_MANAGER,Madhya Pradesh,Betul,Active,2024-01-15 10:00:00
USR-00975,pm_107,$2b$12$TQaqjTTr.x6ryse5KevtxOa91V5Q9tRHzjv83ntUJFSYXUg7D5Q7S,Project Manager 107,PROJECT_MANAGER,Gujarat,Sabarkantha,Active,2024-01-15 10:00:00
USR-00976,pm_108,$2b$12$TQaqjTTr.x6ryse5KevtxOa91V5Q9tRHzjv83ntUJFSYXUg7D5Q7S,Project Manager 108,PROJECT_MANAGER,Tamil Nadu,Thoothukudi,Active,2024-01-15 10:00:00
USR-00977,pm_109,$2b$12$TQaqjTTr.x6ryse5KevtxOa91V5Q9tRHzjv83ntUJFSYXUg7D5Q7S,Project Manager 109,PROJECT_MANAGER,Uttarakhand,Pauri Garhwal,Active,2024-01-15 10:00:00
USR-00978,pm_110,$2b$12$TQaqjTTr.x6ryse5KevtxOa91V5Q9tRHzjv83ntUJFSYXUg7D5Q7S,Project Manager 110,PROJECT_MANAGER,Bihar,Bhojpur,Active,2024-01-15 10:00:00
USR-00979,pm_111,$2b$12$TQaqjTTr.x6ryse5KevtxOa91V5Q9tRHzjv83ntUJFSYXUg7D5Q7S,Project Manager 111,PROJECT_MANAGER,Bihar,Patna,Active,2024-01-15 10:00:00
USR-00980,pm_112,$2b$12$TQaqjTTr.x6ryse5KevtxOa91V5Q9tRHzjv83ntUJFSYXUg7D5Q7S,Project Manager 112,PROJECT_MANAGER,Sikkim,Gangtok,Active,2024-01-15 10:00:00
USR-00981,pm_113,$2b$12$TQaqjTTr.x6ryse5KevtxOa91V5Q9tRHzjv83ntUJFSYXUg7D5Q7S,Project Manager 113,PROJECT_MANAGER,Meghalaya,Eastern West Khasi Hills,Active,2024-01-15 10:00:00
USR-00982,pm_114,$2b$12$TQaqjTTr.x6ryse5KevtxOa91V5Q9tRHzjv83ntUJFSYXUg7D5Q7S,Project Manager 114,PROJECT_MANAGER,Madhya Pradesh,Raisen,Active,2024-01-15 10:00:00
USR-00983,pm_115,$2b$12$TQaqjTTr.x6ryse5KevtxOa91V5Q9tRHzjv83ntUJFSYXUg7D5Q7S,Project Manager 115,PROJECT_MANAGER,Andaman and Nicobar Islands,Nicobar,Active,2024-01-15 10:00:00
USR-00984,pm_116,$2b$12$TQaqjTTr.x6ryse5KevtxOa91V5Q9tRHzjv83ntUJFSYXUg7D5Q7S,Project Manager 116,PROJECT_MANAGER,West Bengal,Darjeeling,Active,2024-01-15 10:00:00
USR-00985,pm_117,$2b$12$TQaqjTTr.x6ryse5KevtxOa91V5Q9tRHzjv83ntUJFSYXUg7D5Q7S,Project Manager 117,PROJECT_MANAGER,Nagaland,Wokha,Active,2024-01-15 10:00:00
USR-00986,pm_118,$2b$12$TQaqjTTr.x6ryse5KevtxOa91V5Q9tRHzjv83ntUJFSYXUg7D5Q7S,Project Manager 118,PROJECT_MANAGER,Meghalaya,East Jaintia Hills,Active,2024-01-15 10:00:00
USR-00987,pm_119,$2b$12$TQaqjTTr.x6ryse5KevtxOa91V5Q9tRHzjv83ntUJFSYXUg7D5Q7S,Project Manager 119,PROJECT_MANAGER,Andaman and Nicobar Islands,South Andaman,Active,2024-01-15 10:00:00
USR-00988,pm_120,$2b$12$TQaqjTTr.x6ryse5KevtxOa91V5Q9tRHzjv83ntUJFSYXUg7D5Q7S,Project Manager 120,PROJECT_MANAGER,Gujarat,Aravalli,Active,2024-01-15 10:00:00
USR-00989,pm_121,$2b$12$TQaqjTTr.x6ryse5KevtxOa91V5Q9tRHzjv83ntUJFSYXUg7D5Q7S,Project Manager 121,PROJECT_MANAGER,Lakshadweep,Lakshadweep,Active,2024-01-15 10:00:00
USR-00990,pm_122,$2b$12$TQaqjTTr.x6ryse5KevtxOa91V5Q9tRHzjv83ntUJFSYXUg7D5Q7S,Project Manager 122,PROJECT_MANAGER,Goa,North Goa,Active,2024-01-15 10:00:00
USR-00991,pm_123,$2b$12$TQaqjTTr.x6ryse5KevtxOa91V5Q9tRHzjv83ntUJFSYXUg7D5Q7S,Project Manager 123,PROJECT_MANAGER,Karnataka,Gadag,Active,2024-01-15 10:00:00
USR-00992,pm_124,$2b$12$TQaqjTTr.x6ryse5KevtxOa91V5Q9tRHzjv83ntUJFSYXUg7D5Q7S,Project Manager 124,PROJECT_MANAGER,Delhi,South Delhi,Active,2024-01-15 10:00:00
USR-00993,pm_125,$2b$12$TQaqjTTr.x6ryse5KevtxOa91V5Q9tRHzjv83ntUJFSYXUg7D5Q7S,Project Manager 125,PROJECT_MANAGER,Maharashtra,Pune,Active,2024-01-15 10:00:00
USR-00994,pm_126,$2b$12$TQaqjTTr.x6ryse5KevtxOa91V5Q9tRHzjv83ntUJFSYXUg7D5Q7S,Project Manager 126,PROJECT_MANAGER,Bihar,Gaya,Active,2024-01-15 10:00:00
USR-00995,pm_127,$2b$12$TQaqjTTr.x6ryse5KevtxOa91V5Q9tRHzjv83ntUJFSYXUg7D5Q7S,Project Manager 127,PROJECT_MANAGER,Tripura,Dhalai,Active,2024-01-15 10:00:00
USR-00996,pm_128,$2b$12$TQaqjTTr.x6ryse5KevtxOa91V5Q9tRHzjv83ntUJFSYXUg7D5Q7S,Project Manager 128,PROJECT_MANAGER,Tripura,Sepahijala,Active,2024-01-15 10:00:00
USR-00997,pm_129,$2b$12$TQaqjTTr.x6ryse5KevtxOa91V5Q9tRHzjv83ntUJFSYXUg7D5Q7S,Project Manager 129,PROJECT_MANAGER,Chandigarh,Chandigarh,Active,2024-01-15 10:00:00
USR-00998,pm_130,$2b$12$TQaqjTTr.x6ryse5KevtxOa91V5Q9tRHzjv83ntUJFSYXUg7D5Q7S,Project Manager 130,PROJECT_MANAGER,West Bengal,Uttar Dinajpur,Active,2024-01-15 10:00:00
USR-00999,pm_131,$2b$12$TQaqjTTr.x6ryse5KevtxOa91V5Q9tRHzjv83ntUJFSYXUg7D5Q7S,Project Manager 131,PROJECT_MANAGER,Puducherry,Yanam,Active,2024-01-15 10:00:00
USR-01000,pm_132,$2b$12$TQaqjTTr.x6ryse5KevtxOa91V5Q9tRHzjv83ntUJFSYXUg7D5Q7S,Project Manager 132,PROJECT_MANAGER,Jharkhand,Garhwa,Active,2024-01-15 10:00:00
USR-01001,pm_133,$2b$12$TQaqjTTr.x6ryse5KevtxOa91V5Q9tRHzjv83ntUJFSYXUg7D5Q7S,Project Manager 133,PROJECT_MANAGER,Odisha,Cuttack,Active,2024-01-15 10:00:00
USR-01002,pm_134,$2b$12$TQaqjTTr.x6ryse5KevtxOa91V5Q9tRHzjv83ntUJFSYXUg7D5Q7S,Project Manager 134,PROJECT_MANAGER,Bihar,West Champaran,Active,2024-01-15 10:00:00
USR-01003,pm_135,$2b$12$TQaqjTTr.x6ryse5KevtxOa91V5Q9tRHzjv83ntUJFSYXUg7D5Q7S,Project Manager 135,PROJECT_MANAGER,Lakshadweep,Lakshadweep,Active,2024-01-15 10:00:00
USR-01004,pm_136,$2b$12$TQaqjTTr.x6ryse5KevtxOa91V5Q9tRHzjv83ntUJFSYXUg7D5Q7S,Project Manager 136,PROJECT_MANAGER,Rajasthan,Baran,Active,2024-01-15 10:00:00
USR-01005,pm_137,$2b$12$TQaqjTTr.x6ryse5KevtxOa91V5Q9tRHzjv83ntUJFSYXUg7D5Q7S,Project Manager 137,PROJECT_MANAGER,Bihar,West Champaran,Active,2024-01-15 10:00:00
USR-01006,pm_138,$2b$12$TQaqjTTr.x6ryse5KevtxOa91V5Q9tRHzjv83ntUJFSYXUg7D5Q7S,Project Manager 138,PROJECT_MANAGER,Dadra and Nagar Haveli and Daman and Diu,Diu,Active,2024-01-15 10:00:00
USR-01007,pm_139,$2b$12$TQaqjTTr.x6ryse5KevtxOa91V5Q9tRHzjv83ntUJFSYXUg7D5Q7S,Project Manager 139,PROJECT_MANAGER,Ladakh,Kargil,Active,2024-01-15 10:00:00
USR-01008,pm_140,$2b$12$TQaqjTTr.x6ryse5KevtxOa91V5Q9tRHzjv83ntUJFSYXUg7D5Q7S,Project Manager 140,PROJECT_MANAGER,Bihar,Sheohar,Active,2024-01-15 10:00:00
USR-01009,pm_141,$2b$12$TQaqjTTr.x6ryse5KevtxOa91V5Q9tRHzjv83ntUJFSYXUg7D5Q7S,Project Manager 141,PROJECT_MANAGER,Goa,North Goa,Active,2024-01-15 10:00:00
USR-01010,pm_142,$2b$12$TQaqjTTr.x6ryse5KevtxOa91V5Q9tRHzjv83ntUJFSYXUg7D5Q7S,Project Manager 142,PROJECT_MANAGER,Chhattisgarh,Bemetara,Active,2024-01-15 10:00:00
USR-01011,pm_143,$2b$12$TQaqjTTr.x6ryse5KevtxOa91V5Q9tRHzjv83ntUJFSYXUg7D5Q7S,Project Manager 143,PROJECT_MANAGER,Meghalaya,South Garo Hills,Active,2024-01-15 10:00:00
USR-01012,pm_144,$2b$12$TQaqjTTr.x6ryse5KevtxOa91V5Q9tRHzjv83ntUJFSYXUg7D5Q7S,Project Manager 144,PROJECT_MANAGER,Haryana,Rohtak,Active,2024-01-15 10:00:00
USR-01013,pm_145,$2b$12$TQaqjTTr.x6ryse5KevtxOa91V5Q9tRHzjv83ntUJFSYXUg7D5Q7S,Project Manager 145,PROJECT_MANAGER,Meghalaya,West Garo Hills,Active,2024-01-15 10:00:00
USR-01014,pm_146,$2b$12$TQaqjTTr.x6ryse5KevtxOa91V5Q9tRHzjv83ntUJFSYXUg7D5Q7S,Project Manager 146,PROJECT_MANAGER,Assam,Cachar,Active,2024-01-15 10:00:00
USR-01015,pm_147,$2b$12$TQaqjTTr.x6ryse5KevtxOa91V5Q9tRHzjv83ntUJFSYXUg7D5Q7S,Project Manager 147,PROJECT_MANAGER,Uttarakhand,Tehri Garhwal,Active,2024-01-15 10:00:00
USR-01016,pm_148,$2b$12$TQaqjTTr.x6ryse5KevtxOa91V5Q9tRHzjv83ntUJFSYXUg7D5Q7S,Project Manager 148,PROJECT_MANAGER,Ladakh,Leh,Active,2024-01-15 10:00:00
USR-01017,pm_149,$2b$12$TQaqjTTr.x6ryse5KevtxOa91V5Q9tRHzjv83ntUJFSYXUg7D5Q7S,Project Manager 149,PROJECT_MANAGER,Mizoram,Khawzawl,Active,2024-01-15 10:00:00
USR-01018,pm_150,$2b$12$TQaqjTTr.x6ryse5KevtxOa91V5Q9tRHzjv83ntUJFSYXUg7D5Q7S,Project Manager 150,PROJECT_MANAGER,Rajasthan,Jaipur,Active,2024-01-15 10:00:00
USR-01019,analyst_01,$2b$12$TQaqjTTr.x6ryse5KevtxOa91V5Q9tRHzjv83ntUJFSYXUg7D5Q7S,Senior Analyst 1,ANALYST,Meghalaya,ALL,Active,2024-01-20 10:00:00
USR-01020,analyst_02,$2b$12$TQaqjTTr.x6ryse5KevtxOa91V5Q9tRHzjv83ntUJFSYXUg7D5Q7S,Senior Analyst 2,ANALYST,Tripura,ALL,Active,2024-01-20 10:00:00
USR-01021,analyst_03,$2b$12$TQaqjTTr.x6ryse5KevtxOa91V5Q9tRHzjv83ntUJFSYXUg7D5Q7S,Senior Analyst 3,ANALYST,Haryana,ALL,Active,2024-01-20 10:00:00
USR-01022,analyst_04,$2b$12$TQaqjTTr.x6ryse5KevtxOa91V5Q9tRHzjv83ntUJFSYXUg7D5Q7S,Senior Analyst 4,ANALYST,Odisha,ALL,Active,2024-01-20 10:00:00
USR-01023,analyst_05,$2b$12$TQaqjTTr.x6ryse5KevtxOa91V5Q9tRHzjv83ntUJFSYXUg7D5Q7S,Senior Analyst 5,ANALYST,Andaman and Nicobar Islands,ALL,Active,2024-01-20 10:00:00
USR-01024,analyst_06,$2b$12$TQaqjTTr.x6ryse5KevtxOa91V5Q9tRHzjv83ntUJFSYXUg7D5Q7S,Senior Analyst 6,ANALYST,Punjab,ALL,Active,2024-01-20 10:00:00
USR-01025,analyst_07,$2b$12$TQaqjTTr.x6ryse5KevtxOa91V5Q9tRHzjv83ntUJFSYXUg7D5Q7S,Senior Analyst 7,ANALYST,Bihar,ALL,Active,2024-01-20 10:00:00
USR-01026,analyst_08,$2b$12$TQaqjTTr.x6ryse5KevtxOa91V5Q9tRHzjv83ntUJFSYXUg7D5Q7S,Senior Analyst 8,ANALYST,ALL,ALL,Active,2024-01-20 10:00:00
USR-01027,analyst_09,$2b$12$TQaqjTTr.x6ryse5KevtxOa91V5Q9tRHzjv83ntUJFSYXUg7D5Q7S,Senior Analyst 9,ANALYST,Andaman and Nicobar Islands,ALL,Active,2024-01-20 10:00:00
USR-01028,analyst_10,$2b$12$TQaqjTTr.x6ryse5KevtxOa91V5Q9tRHzjv83ntUJFSYXUg7D5Q7S,Senior Analyst 10,ANALYST,Puducherry,ALL,Active,2024-01-20 10:00:00
USR-01029,analyst_11,$2b$12$TQaqjTTr.x6ryse5KevtxOa91V5Q9tRHzjv83ntUJFSYXUg7D5Q7S,Senior Analyst 11,ANALYST,Goa,ALL,Active,2024-01-20 10:00:00
USR-01030,analyst_12,$2b$12$TQaqjTTr.x6ryse5KevtxOa91V5Q9tRHzjv83ntUJFSYXUg7D5Q7S,Senior Analyst 12,ANALYST,Bihar,ALL,Active,2024-01-20 10:00:00
USR-01031,analyst_13,$2b$12$TQaqjTTr.x6ryse5KevtxOa91V5Q9tRHzjv83ntUJFSYXUg7D5Q7S,Senior Analyst 13,ANALYST,Ladakh,ALL,Active,2024-01-20 10:00:00
USR-01032,analyst_14,$2b$12$TQaqjTTr.x6ryse5KevtxOa91V5Q9tRHzjv83ntUJFSYXUg7D5Q7S,Senior Analyst 14,ANALYST,Madhya Pradesh,ALL,Active,2024-01-20 10:00:00
USR-01033,analyst_15,$2b$12$TQaqjTTr.x6ryse5KevtxOa91V5Q9tRHzjv83ntUJFSYXUg7D5Q7S,Senior Analyst 15,ANALYST,Delhi,ALL,Active,2024-01-20 10:00:00
USR-01034,analyst_16,$2b$12$TQaqjTTr.x6ryse5KevtxOa91V5Q9tRHzjv83ntUJFSYXUg7D5Q7S,Senior Analyst 16,ANALYST,Meghalaya,ALL,Active,2024-01-20 10:00:00
USR-01035,analyst_17,$2b$12$TQaqjTTr.x6ryse5KevtxOa91V5Q9tRHzjv83ntUJFSYXUg7D5Q7S,Senior Analyst 17,ANALYST,Haryana,ALL,Active,2024-01-20 10:00:00
USR-01036,analyst_18,$2b$12$TQaqjTTr.x6ryse5KevtxOa91V5Q9tRHzjv83ntUJFSYXUg7D5Q7S,Senior Analyst 18,ANALYST,Sikkim,ALL,Active,2024-01-20 10:00:00
USR-01037,analyst_19,$2b$12$TQaqjTTr.x6ryse5KevtxOa91V5Q9tRHzjv83ntUJFSYXUg7D5Q7S,Senior Analyst 19,ANALYST,Bihar,ALL,Active,2024-01-20 10:00:00
USR-01038,analyst_20,$2b$12$TQaqjTTr.x6ryse5KevtxOa91V5Q9tRHzjv83ntUJFSYXUg7D5Q7S,Senior Analyst 20,ANALYST,Manipur,ALL,Active,2024-01-20 10:00:00
USR-01039,analyst_21,$2b$12$TQaqjTTr.x6ryse5KevtxOa91V5Q9tRHzjv83ntUJFSYXUg7D5Q7S,Senior Analyst 21,ANALYST,Tamil Nadu,ALL,Active,2024-01-20 10:00:00
USR-01040,analyst_22,$2b$12$TQaqjTTr.x6ryse5KevtxOa91V5Q9tRHzjv83ntUJFSYXUg7D5Q7S,Senior Analyst 22,ANALYST,Nagaland,ALL,Active,2024-01-20 10:00:00
USR-01041,analyst_23,$2b$12$TQaqjTTr.x6ryse5KevtxOa91V5Q9tRHzjv83ntUJFSYXUg7D5Q7S,Senior Analyst 23,ANALYST,Jharkhand,ALL,Active,2024-01-20 10:00:00
USR-01042,analyst_24,$2b$12$TQaqjTTr.x6ryse5KevtxOa91V5Q9tRHzjv83ntUJFSYXUg7D5Q7S,Senior Analyst 24,ANALYST,West Bengal,ALL,Active,2024-01-20 10:00:00
USR-01043,analyst_25,$2b$12$TQaqjTTr.x6ryse5KevtxOa91V5Q9tRHzjv83ntUJFSYXUg7D5Q7S,Senior Analyst 25,ANALYST,Ladakh,ALL,Active,2024-01-20 10:00:00
USR-01044,analyst_26,$2b$12$TQaqjTTr.x6ryse5KevtxOa91V5Q9tRHzjv83ntUJFSYXUg7D5Q7S,Senior Analyst 26,ANALYST,Odisha,ALL,Active,2024-01-20 10:00:00
USR-01045,analyst_27,$2b$12$TQaqjTTr.x6ryse5KevtxOa91V5Q9tRHzjv83ntUJFSYXUg7D5Q7S,Senior Analyst 27,ANALYST,Jammu and Kashmir,ALL,Active,2024-01-20 10:00:00
USR-01046,analyst_28,$2b$12$TQaqjTTr.x6ryse5KevtxOa91V5Q9tRHzjv83ntUJFSYXUg7D5Q7S,Senior Analyst 28,ANALYST,ALL,ALL,Active,2024-01-20 10:00:00
USR-01047,analyst_29,$2b$12$TQaqjTTr.x6ryse5KevtxOa91V5Q9tRHzjv83ntUJFSYXUg7D5Q7S,Senior Analyst 29,ANALYST,Lakshadweep,ALL,Active,2024-01-20 10:00:00
USR-01048,analyst_30,$2b$12$TQaqjTTr.x6ryse5KevtxOa91V5Q9tRHzjv83ntUJFSYXUg7D5Q7S,Senior Analyst 30,ANALYST,Odisha,ALL,Active,2024-01-20 10:00:00
USR-01049,analyst_31,$2b$12$TQaqjTTr.x6ryse5KevtxOa91V5Q9tRHzjv83ntUJFSYXUg7D5Q7S,Senior Analyst 31,ANALYST,Goa,ALL,Active,2024-01-20 10:00:00
USR-01050,analyst_32,$2b$12$TQaqjTTr.x6ryse5KevtxOa91V5Q9tRHzjv83ntUJFSYXUg7D5Q7S,Senior Analyst 32,ANALYST,Haryana,ALL,Active,2024-01-20 10:00:00
USR-01051,analyst_33,$2b$12$TQaqjTTr.x6ryse5KevtxOa91V5Q9tRHzjv83ntUJFSYXUg7D5Q7S,Senior Analyst 33,ANALYST,Meghalaya,ALL,Active,2024-01-20 10:00:00
USR-01052,analyst_34,$2b$12$TQaqjTTr.x6ryse5KevtxOa91V5Q9tRHzjv83ntUJFSYXUg7D5Q7S,Senior Analyst 34,ANALYST,Gujarat,ALL,Active,2024-01-20 10:00:00
USR-01053,analyst_35,$2b$12$TQaqjTTr.x6ryse5KevtxOa91V5Q9tRHzjv83ntUJFSYXUg7D5Q7S,Senior Analyst 35,ANALYST,Goa,ALL,Active,2024-01-20 10:00:00
USR-01054,analyst_36,$2b$12$TQaqjTTr.x6ryse5KevtxOa91V5Q9tRHzjv83ntUJFSYXUg7D5Q7S,Senior Analyst 36,ANALYST,Lakshadweep,ALL,Active,2024-01-20 10:00:00
USR-01055,analyst_37,$2b$12$TQaqjTTr.x6ryse5KevtxOa91V5Q9tRHzjv83ntUJFSYXUg7D5Q7S,Senior Analyst 37,ANALYST,Himachal Pradesh,ALL,Active,2024-01-20 10:00:00
USR-01056,analyst_38,$2b$12$TQaqjTTr.x6ryse5KevtxOa91V5Q9tRHzjv83ntUJFSYXUg7D5Q7S,Senior Analyst 38,ANALYST,Mizoram,ALL,Active,2024-01-20 10:00:00
USR-01057,analyst_39,$2b$12$TQaqjTTr.x6ryse5KevtxOa91V5Q9tRHzjv83ntUJFSYXUg7D5Q7S,Senior Analyst 39,ANALYST,Nagaland,ALL,Active,2024-01-20 10:00:00
USR-01058,analyst_40,$2b$12$TQaqjTTr.x6ryse5KevtxOa91V5Q9tRHzjv83ntUJFSYXUg7D5Q7S,Senior Analyst 40,ANALYST,Madhya Pradesh,ALL,Active,2024-01-20 10:00:00
